origen,id_externo,ts,municipio,divipola,categoria_edan,lat,lon,lat_pub,lon_pub,media_url,media_local,media_sha256,exif_ts,score,checks,validation_status,estado,mensaje,snapshot_date
chatmap,0063fc17-6714-44e8-ad19-c14de5ba8f3d,2026-08-13T14:18:00,\N,\N,\N,3.407633492061677,-76.55279292639023,3.408,-76.553,https://chatmap.hotosm.org/api/v1/media/d4a73178-523c-4011-bf46-625f9b7199b9.jpg,data/media/d4a73178-523c-4011-bf46-625f9b7199b9.jpg,b0e951541ce67e9d0bfbce41d792fdd0715d064fc1b1f735dd79d73f9f4a7e63,\N,5,"{""mmi"": 6.3, ""aoi"": ""Western Colombia"", ""posterior_al_sismo"": true}",\N,coherente,,2026-08-23
chatmap,009eeb1c-6bed-4735-8665-62045067cec4,2026-08-13T14:14:00,\N,\N,\N,3.930535,-76.480637,3.931,-76.481,https://chatmap.hotosm.org/api/v1/media/7ed8bf44-5c18-4779-ad79-440af9ed2979.jpg,data/media/7ed8bf44-5c18-4779-ad79-440af9ed2979.jpg,0450dae5ff14cd9e93091fa0811ac12be47308fb37267d14f37554397ca5ff50,\N,5,"{""mmi"": 5.7, ""aoi"": ""Western Colombia"", ""posterior_al_sismo"": true}",\N,coherente,,2026-08-23
chatmap,00a83cc0-9ad1-4030-b22a-18cea7f9070b,2026-08-22T18:13:00,\N,\N,\N,4.8129307,-75.7100071,4.813,-75.71,https://chatmap.hotosm.org/api/v1/media/b8a1be50-6b85-4c66-95b0-c163f4d36fda.jpg,data/media/b8a1be50-6b85-4c66-95b0-c163f4d36fda.jpg,a8b038ef90d822023e0542f8b2a654d21572abbd1aa4799d5e6159556bf26f92,\N,5,"{""mmi"": 7.4, ""aoi"": ""Pereira"", ""posterior_al_sismo"": true}",\N,coherente,IMG-20260822-WA0273.jpg (file attached),2026-08-23
chatmap,01d7e14a-5818-4f84-9fe0-53dd255d58d4,2026-08-17T19:51:00,\N,\N,\N,3.421357,-76.546852,3.421,-76.547,https://chatmap.hotosm.org/api/v1/media/577915ed-3c98-45a0-b70d-f62ef7fd5b2c.jpg,data/media/577915ed-3c98-45a0-b70d-f62ef7fd5b2c.jpg,994f55a3b99cc235f2ff828ef9fb7ef3bf541123ba93d2eb68a8aa7c567281c1,\N,5,"{""mmi"": 6.3, ""aoi"": ""Western Colombia"", ""posterior_al_sismo"": true}",\N,coherente,<attached: 00000003-PHOTO-2026-08-17-19-51-12.jpg>,2026-08-23
chatmap,01fb3dd7-37b9-44c4-a391-165ab4d9f9aa,2026-08-12T21:13:00,\N,\N,\N,3.933107597118015,-76.48571912187295,3.933,-76.486,https://chatmap.hotosm.org/api/v1/media/4e6eb3c0-332b-4a91-81fe-f435c8e5c3de.mp4,data/media/4e6eb3c0-332b-4a91-81fe-f435c8e5c3de.mp4,639f18198379e5c9880459c78459b774cfa336ed0743b0ac580f97b7bed1a99e,\N,5,"{""mmi"": 5.7, ""aoi"": ""Western Colombia"", ""posterior_al_sismo"": true}",\N,coherente,,2026-08-23
chatmap,023c8ae7-0075-4895-85a1-d045c3702fa3,2026-08-14T19:47:00,\N,\N,\N,5.684842763815106,-76.65651415894757,5.685,-76.657,https://chatmap.hotosm.org/api/v1/media/d3186512-3281-4424-a8eb-bc71e6fd3b95.jpg,data/media/d3186512-3281-4424-a8eb-bc71e6fd3b95.jpg,ad6ddc11cf0bd1ad8f0b2761d2cc20815dcd516093cbe45a17eac217ca4ac2ab,\N,5,"{""mmi"": 7.5, ""aoi"": ""Quibdo Centre"", ""posterior_al_sismo"": true}",\N,coherente,,2026-08-23
chatmap,02680068-1045-4dd1-bc80-1dc59df9f640,2026-08-14T19:47:00,\N,\N,\N,5.681469964707256,-76.6459424603174,5.681,-76.646,https://chatmap.hotosm.org/api/v1/media/110f7fbe-1986-4578-875f-7b847dd09894.jpg,data/media/110f7fbe-1986-4578-875f-7b847dd09894.jpg,a58b686e18d61e551d089491eb6f52b977be5cae74f1f21fb277e4387bd83381,\N,5,"{""mmi"": 7.4, ""aoi"": ""Quibdo Centre"", ""posterior_al_sismo"": true}",\N,coherente,,2026-08-23
chatmap,036a5333-39d2-4430-9b2e-8c51984c8f1d,2026-08-13T13:15:00,\N,\N,\N,5.412730033530489,-76.4139127891549,5.413,-76.414,https://chatmap.hotosm.org/api/v1/media/550fc9dd-dcf3-44d4-aa1e-0fb9dbba5c32.jpg,data/media/550fc9dd-dcf3-44d4-aa1e-0fb9dbba5c32.jpg,b1fa1866e5bc29c2a51047070e50bbfe0ab6923cc6f378715019f6bbd60aa24e,\N,4,"{""mmi"": 6.8, ""aoi"": null, ""posterior_al_sismo"": true}",\N,coherente,,2026-08-23
chatmap,0387c37b-23a0-4fa0-a2de-65b1864e6924,2026-08-13T13:00:00,\N,\N,\N,4.452780717515023,-75.8069529065006,4.453,-75.807,https://chatmap.hotosm.org/api/v1/media/cf942fb6-4883-431e-8479-93c05b6d959f.jpg,data/media/cf942fb6-4883-431e-8479-93c05b6d959f.jpg,e10be3a5d06c37bb0c490d4cdb61991a16dfbc584632c1c1d9f6caef917a6239,\N,5,"{""mmi"": 7.3, ""aoi"": ""Western Colombia"", ""posterior_al_sismo"": true}",\N,coherente,,2026-08-23
chatmap,03ca446a-a13d-48fc-bb82-81bf0c3777fb,2026-08-12T23:02:00,\N,\N,\N,3.404275,-76.550034,3.404,-76.55,https://chatmap.hotosm.org/api/v1/media/7b9ee6fa-5a95-4a5f-bb9f-94435f0408f8.jpg,data/media/7b9ee6fa-5a95-4a5f-bb9f-94435f0408f8.jpg,0df180b709ccb6a1ce8c3a7afd3e9e42865664b9f27bc6f1bcb422e2b7364a18,\N,5,"{""mmi"": 6.3, ""aoi"": ""Western Colombia"", ""posterior_al_sismo"": true}",\N,coherente,,2026-08-23
chatmap,03ed0f98-6769-4628-ab3a-fa249326c58c,2026-08-20T08:09:00,\N,\N,\N,2.996495,-76.653045,2.996,-76.653,https://chatmap.hotosm.org/api/v1/media/7bc584a6-1b7f-43ad-9877-454f7df2322e.jpg,data/media/7bc584a6-1b7f-43ad-9877-454f7df2322e.jpg,f93cc1281619f06b09900609b580a82b2251bed5a789c08c128ea121ab60a438,\N,5,"{""mmi"": 5.2, ""aoi"": ""Western Colombia"", ""posterior_al_sismo"": true}",\N,coherente,IMG-20260819-WA0117.jpg (file attached),2026-08-23
chatmap,04016398-85c6-488a-9180-bdd28764cb0f,2026-08-12T21:30:00,\N,\N,\N,3.9321254339349734,-76.48651504361588,3.932,-76.487,https://chatmap.hotosm.org/api/v1/media/f7bbfbb9-965f-46fe-9576-d3c16310b969.jpg,data/media/f7bbfbb9-965f-46fe-9576-d3c16310b969.jpg,3f047e4199f39ac5ef26f0b7a029a5d03c3aa2606f43006c4def83b4b5458936,\N,5,"{""mmi"": 5.7, ""aoi"": ""Western Colombia"", ""posterior_al_sismo"": true}",\N,coherente,,2026-08-23
chatmap,0437ce33-293d-49e2-a696-33111d10ae62,2026-08-11T16:45:00,\N,\N,\N,3.8208981342379875,-76.99322863706736,3.821,-76.993,,\N,\N,\N,3,"{""mmi"": 7.1, ""aoi"": ""Western Colombia"", ""posterior_al_sismo"": true}",\N,coherente,,2026-08-23
chatmap,043ef5b9-93ad-433d-8f93-844d0b8a0556,2026-08-10T16:23:00,\N,\N,\N,3.009827735591556,-76.49427553334587,3.01,-76.494,https://chatmap.hotosm.org/api/v1/media/3e9f2563-de80-4cb4-b8ee-6b120c042997.mp4,data/media/3e9f2563-de80-4cb4-b8ee-6b120c042997.mp4,ace2f834f03734dbf3d314b54f41f979a6c3025fa6ffb15f22128ca6f0c181b9,\N,5,"{""mmi"": 5.8, ""aoi"": ""Western Colombia"", ""posterior_al_sismo"": true}",\N,coherente,,2026-08-23
chatmap,044a683e-8252-4175-897e-5ed443328f34,2026-08-22T18:13:00,\N,\N,\N,4.8164607,-75.7167656,4.816,-75.717,https://chatmap.hotosm.org/api/v1/media/d3f1660b-12c0-4b42-a42c-42d429f8c0f6.jpg,data/media/d3f1660b-12c0-4b42-a42c-42d429f8c0f6.jpg,c85f9158e43937ff5ddd5b43b34b98d4da5d2bfd27b0b8a08dc46340a0bcb5ae,\N,5,"{""mmi"": 7.4, ""aoi"": ""Pereira"", ""posterior_al_sismo"": true}",\N,coherente,IMG-20260822-WA0528.jpg (file attached),2026-08-23
chatmap,0535aeee-2996-49b4-a950-fa504f60fb12,2026-08-20T17:47:00,\N,\N,\N,4.8035219,-75.6861502,4.804,-75.686,https://chatmap.hotosm.org/api/v1/media/977b6a57-1edb-42d9-924f-fa0be017645c.jpg,data/media/977b6a57-1edb-42d9-924f-fa0be017645c.jpg,29cfb62cf588c7be435f19064e5c6d300b936bd82920fff26a4e9c69467aa4a5,\N,5,"{""mmi"": 7.6, ""aoi"": ""Pereira"", ""posterior_al_sismo"": true}",\N,coherente,IMG-20260820-WA0109.jpg (file attached),2026-08-23
chatmap,055f9f80-9bfc-48c4-833b-984fa64e15b7,2026-08-11T19:33:00,\N,\N,\N,5.684812,-76.635765,5.685,-76.636,https://chatmap.hotosm.org/api/v1/media/ee4d04d2-a31a-49e8-8cf0-608a3a90c460.jpg,data/media/ee4d04d2-a31a-49e8-8cf0-608a3a90c460.jpg,1d927624175b01635edda7d275afd929c18834e00c01439a21f3ebaac5ae9f8c,\N,4,"{""mmi"": 7.4, ""aoi"": null, ""posterior_al_sismo"": true}",\N,coherente,,2026-08-23
chatmap,056af33c-7927-4c72-aeac-9fa7b828c1fe,2026-08-18T18:50:00,\N,\N,\N,3.934223,-76.427278,3.934,-76.427,https://chatmap.hotosm.org/api/v1/media/a6096e0c-288c-46d6-ae59-129084511bab.jpg,data/media/a6096e0c-288c-46d6-ae59-129084511bab.jpg,bb766682a34e95768012ff44b9ed13a4a3edafeec634712c1d322b3bc94d1108,\N,5,"{""mmi"": 5.6, ""aoi"": ""Western Colombia"", ""posterior_al_sismo"": true}",\N,coherente,IMG-20260818-WA0181.jpg (file attached),2026-08-23
chatmap,06383a6f-c2cd-4efd-a306-17f67b8e9114,2026-08-14T19:47:00,\N,\N,\N,5.68126853447797,-76.65337181285234,5.681,-76.653,https://chatmap.hotosm.org/api/v1/media/ff577c93-e37b-44ee-abd9-5849860f10bf.jpg,data/media/ff577c93-e37b-44ee-abd9-5849860f10bf.jpg,bcde46a94dd4e27b481d7fc4535fbaaf8ce5584f20855ac4474decea6273caaf,\N,5,"{""mmi"": 7.5, ""aoi"": ""Quibdo Centre"", ""posterior_al_sismo"": true}",\N,coherente,,2026-08-23
chatmap,066bec68-169f-49bf-8984-75c12bdc890f,2026-08-10T20:28:00,\N,\N,\N,3.40925,-76.549678,3.409,-76.55,https://chatmap.hotosm.org/api/v1/media/b5d2283d-94b8-49b0-8a5e-f72a0b827b68.jpg,data/media/b5d2283d-94b8-49b0-8a5e-f72a0b827b68.jpg,e44af64b90f55c2963aff48bcfac6c85bac441588f358cc49a3c97d0b8c07803,\N,5,"{""mmi"": 6.3, ""aoi"": ""Western Colombia"", ""posterior_al_sismo"": true}",\N,coherente,,2026-08-23
chatmap,06add93f-d05e-4771-8d74-a856de78a966,2026-08-11T13:59:00,\N,\N,\N,4.333025642356006,-75.82964897501327,4.333,-75.83,https://chatmap.hotosm.org/api/v1/media/99d75923-2026-4c1b-b364-5a1da1f5e21b.jpg,data/media/99d75923-2026-4c1b-b364-5a1da1f5e21b.jpg,e310e89c80b9fd0944d7ac0851e62a1333f4a9680c299633c9a6cbc0dd19acc6,\N,5,"{""mmi"": 6.8, ""aoi"": ""Western Colombia"", ""posterior_al_sismo"": true}",\N,coherente,,2026-08-23
chatmap,073da6fb-eafa-4598-86be-ece6cd8da45e,2026-08-10T15:56:00,\N,\N,\N,3.392734,-76.543505,3.393,-76.544,https://chatmap.hotosm.org/api/v1/media/9e64a715-df08-4ab5-8c62-5f94f720a9d4.jpg,data/media/9e64a715-df08-4ab5-8c62-5f94f720a9d4.jpg,92ae7a103189558d58d34d5726643ec4923cb38a95a8665c62e00e34b2879868,\N,5,"{""mmi"": 6.4, ""aoi"": ""Western Colombia"", ""posterior_al_sismo"": true}",\N,coherente,,2026-08-23
chatmap,0750450a-8ee3-4ac6-9414-576b0fb44447,2026-08-22T18:13:00,\N,\N,\N,4.8145166,-75.6998741,4.815,-75.7,https://chatmap.hotosm.org/api/v1/media/27c853a4-6187-4bc7-8b9b-53aee21a3c72.jpg,data/media/27c853a4-6187-4bc7-8b9b-53aee21a3c72.jpg,78581a61a6b2bfa53cfca48c26a16bdd77e4988058d3af5ff206eba463d51b14,\N,5,"{""mmi"": 7.5, ""aoi"": ""Pereira"", ""posterior_al_sismo"": true}",\N,coherente,IMG-20260822-WA0294.jpg (file attached),2026-08-23
chatmap,08126a3d-b671-4dca-94c1-1b2fcb1d25b7,2026-08-13T13:52:00,\N,\N,\N,5.411977950380412,-76.4160174530742,5.412,-76.416,https://chatmap.hotosm.org/api/v1/media/766b8f4b-438e-41c9-8807-c7f0f297e864.jpg,data/media/766b8f4b-438e-41c9-8807-c7f0f297e864.jpg,b2c226b9d57aab9d40bb6b5513f2bf39a721303c7c302b967edc556c6fef29b0,\N,4,"{""mmi"": 6.8, ""aoi"": null, ""posterior_al_sismo"": true}",\N,coherente,,2026-08-23
chatmap,0819261c-f703-4432-96b9-a1f9966d49d5,2026-08-22T18:13:00,\N,\N,\N,4.8157842,-75.7032664,4.816,-75.703,https://chatmap.hotosm.org/api/v1/media/a624b85b-1adc-46e3-84e1-4e4579db6ea3.jpg,data/media/a624b85b-1adc-46e3-84e1-4e4579db6ea3.jpg,1e566c421825d81eed923c1ca28bd6d3b787916e1376bc870f20f0fd9cf41f6d,\N,5,"{""mmi"": 7.5, ""aoi"": ""Pereira"", ""posterior_al_sismo"": true}",\N,coherente,IMG-20260822-WA0522.jpg (file attached),2026-08-23
chatmap,08ce020d-6a83-4c81-922f-aee9f7842c31,2026-08-13T17:32:00,\N,\N,\N,4.266282,-75.932861,4.266,-75.933,https://chatmap.hotosm.org/api/v1/media/34923ec0-3af5-4057-ab7e-2cd366b7f578.jpg,data/media/34923ec0-3af5-4057-ab7e-2cd366b7f578.jpg,f8bded7a1afafa888ceaeb20a7e1505993cb9390d088291437ebda7010cc3809,\N,5,"{""mmi"": 6.6, ""aoi"": ""Western Colombia"", ""posterior_al_sismo"": true}",\N,coherente,,2026-08-23
chatmap,09643c5f-4162-479e-9073-c8d697be96bd,2026-08-18T18:50:00,\N,\N,\N,5.218114,-76.018837,5.218,-76.019,https://chatmap.hotosm.org/api/v1/media/a4bb069d-a803-4923-ab17-8dfecb8dcdd2.jpg,data/media/a4bb069d-a803-4923-ab17-8dfecb8dcdd2.jpg,f377449a2da2daf7ca57c451878f264ce918827a0113f29f39179541d0b123c3,\N,5,"{""mmi"": 6.2, ""aoi"": ""Western Colombia"", ""posterior_al_sismo"": true}",\N,coherente,IMG-20260818-WA0142.jpg (file attached),2026-08-23
chatmap,09b1e77b-3219-47a1-ba66-34fa659e0f04,2026-08-18T18:50:00,\N,\N,\N,4.811609858302852,-75.69372642600639,4.812,-75.694,https://chatmap.hotosm.org/api/v1/media/0e1af91f-cd19-4680-8553-b93d0f70235e.jpg,data/media/0e1af91f-cd19-4680-8553-b93d0f70235e.jpg,7580fe2ba861745a72184344e54a0d054446508a9ec1e02ff8bc54136fbea270,\N,5,"{""mmi"": 7.5, ""aoi"": ""Pereira"", ""posterior_al_sismo"": true}",\N,coherente,IMG-20260818-WA0178.jpg (file attached),2026-08-23
chatmap,0a2f2b82-21bd-4c43-b900-209532d6e2f7,2026-08-12T21:25:00,\N,\N,\N,7.157786280310871,-76.97179292318503,7.158,-76.972,https://chatmap.hotosm.org/api/v1/media/c6620ae2-2b1b-4778-b703-dba460a6eac5.jpg,data/media/c6620ae2-2b1b-4778-b703-dba460a6eac5.jpg,47b69c15b82c2e3106a7b39872d588aa6983eb35b805df9ec0786e80d422b2e5,\N,4,"{""mmi"": 5.2, ""aoi"": null, ""posterior_al_sismo"": true}",\N,coherente,,2026-08-23
chatmap,0ad161d0-fc78-4714-81ad-cb60d5a1f45f,2026-08-12T19:07:00,\N,\N,\N,3.406484,-76.546814,3.406,-76.547,https://chatmap.hotosm.org/api/v1/media/3764fa51-a9b4-4beb-8e63-f63be0efb45a.jpg,data/media/3764fa51-a9b4-4beb-8e63-f63be0efb45a.jpg,108733f7eea9cc39ff15adfd2129465f4004927f2eb26a85668a1c42fe691e2a,\N,5,"{""mmi"": 6.3, ""aoi"": ""Western Colombia"", ""posterior_al_sismo"": true}",\N,coherente,,2026-08-23
chatmap,0b09c6e7-0aa6-45c6-8c5b-7dd03a35ba3c,2026-08-13T13:44:00,\N,\N,\N,4.691234863747301,-75.64948882732578,4.691,-75.649,https://chatmap.hotosm.org/api/v1/media/1056eef5-f789-449f-9643-c0cbbc281999.jpg,data/media/1056eef5-f789-449f-9643-c0cbbc281999.jpg,ca37a78528a8bbabb07ea77b7c4c94877774e932656d6f97b68a9d7f2cd0502b,\N,5,"{""mmi"": 6.9, ""aoi"": ""Western Colombia"", ""posterior_al_sismo"": true}",\N,coherente,,2026-08-23
chatmap,0b93b879-10f2-4a6a-875f-41c5704971aa,2026-08-12T17:52:00,\N,\N,\N,3.9727754291427404,-76.43931266159122,3.973,-76.439,https://chatmap.hotosm.org/api/v1/media/25012ac9-41c9-43aa-8bfc-6cf44b758e5f.jpg,data/media/25012ac9-41c9-43aa-8bfc-6cf44b758e5f.jpg,f0e051ea7040aaf81de48be8f102c5e415a3b5881c615590164fa5b1c447f9ef,\N,5,"{""mmi"": 5.9, ""aoi"": ""Western Colombia"", ""posterior_al_sismo"": true}",\N,coherente,,2026-08-23
chatmap,0b9e7545-ea67-4fb9-9f11-9e7a1c96ff53,2026-08-12T21:00:00,\N,\N,\N,3.4246559870956674,-76.54920068468013,3.425,-76.549,https://chatmap.hotosm.org/api/v1/media/b7a329de-f66d-485e-8b10-ea867ab82aad.jpg,data/media/b7a329de-f66d-485e-8b10-ea867ab82aad.jpg,dfee56912a4ecae8c82d36f763efe44c1b0465927efbb59ac2618a5539f96842,\N,5,"{""mmi"": 6.3, ""aoi"": ""Western Colombia"", ""posterior_al_sismo"": true}",\N,coherente,,2026-08-23
chatmap,0c86ad89-0224-4478-bf14-e5c5c579669d,2026-08-20T08:09:00,\N,\N,\N,4.8066774,-75.6928048,4.807,-75.693,https://chatmap.hotosm.org/api/v1/media/3d8d4d70-9d61-4728-ad0a-21d677565efa.jpg,data/media/3d8d4d70-9d61-4728-ad0a-21d677565efa.jpg,a8acc17eaaf47d59088e016a0ba219517a98d2130d500951c353e86bdfdab171,\N,5,"{""mmi"": 7.5, ""aoi"": ""Pereira"", ""posterior_al_sismo"": true}",\N,coherente,IMG-20260819-WA0131.jpg (file attached),2026-08-23
chatmap,0d4008dc-59ea-4dd4-9286-102acf1b7660,2026-08-20T17:47:00,\N,\N,\N,4.808335,-75.694163,4.808,-75.694,https://chatmap.hotosm.org/api/v1/media/2a79301e-d964-4922-a363-b46a1020d669.jpg,data/media/2a79301e-d964-4922-a363-b46a1020d669.jpg,52ea883d7e8f30d7a14bd95eb640958c2ab0b8f486a7ce2ec9d96d3f2b5c9618,\N,5,"{""mmi"": 7.5, ""aoi"": ""Pereira"", ""posterior_al_sismo"": true}",\N,coherente,IMG-20260820-WA0031.jpg (file attached),2026-08-23
chatmap,0da58088-1849-44a5-ac30-ecfecc8cee94,2026-08-13T13:56:00,\N,\N,\N,5.411977950380412,-76.4160174530742,5.412,-76.416,https://chatmap.hotosm.org/api/v1/media/b2234525-696f-49bb-a8b3-dd332f1ad776.jpg,data/media/b2234525-696f-49bb-a8b3-dd332f1ad776.jpg,886226f4284d525646776b1067f1e93233e5194783b90ffa536a939f5df0d0bc,\N,4,"{""mmi"": 6.8, ""aoi"": null, ""posterior_al_sismo"": true}",\N,coherente,,2026-08-23
chatmap,0eabb423-657d-480e-9028-438ec3033cd1,2026-08-12T17:49:00,\N,\N,\N,4.851032044774412,-75.48339217105463,4.851,-75.483,https://chatmap.hotosm.org/api/v1/media/8c373ac4-7099-4743-9f36-ea0509e5bfd2.jpg,data/media/8c373ac4-7099-4743-9f36-ea0509e5bfd2.jpg,6ce0cec2dc404301e97d7968422c61d88db92ed219ce5501bf3c0ed32fdb3225,\N,5,"{""mmi"": 6.2, ""aoi"": ""Western Colombia"", ""posterior_al_sismo"": true}",\N,coherente,,2026-08-23
chatmap,0f263bdd-4a66-4bb2-ad45-4d77e1b49f8e,2026-08-13T17:32:00,\N,\N,\N,4.266282,-75.932861,4.266,-75.933,https://chatmap.hotosm.org/api/v1/media/ded36aa2-0f12-4e36-a763-2ce70ce934e2.jpg,data/media/ded36aa2-0f12-4e36-a763-2ce70ce934e2.jpg,9013fdd405b5af209bf7d786abd9a0c64c3fd287d0af863a7801a1289c956dc3,\N,5,"{""mmi"": 6.6, ""aoi"": ""Western Colombia"", ""posterior_al_sismo"": true}",\N,coherente,,2026-08-23
chatmap,0f37fe8c-ffd2-4e60-bf6d-ef3934c28644,2026-08-15T21:15:00,\N,\N,\N,4.408575,-76.153648,4.409,-76.154,https://chatmap.hotosm.org/api/v1/media/176caca1-7226-467b-82aa-d61fb69e0b03.mp4,data/media/176caca1-7226-467b-82aa-d61fb69e0b03.mp4,2151552721e9c8f9f0d0b6998e82a776e5b97ab80dbbb59e976f176049506483,\N,5,"{""mmi"": 7.4, ""aoi"": ""Western Colombia"", ""posterior_al_sismo"": true}",\N,coherente,<attached: 00000011-VIDEO-2026-08-15-21-15-56.mp4>,2026-08-23
chatmap,10bcf1d3-7360-42b8-bab3-c8dbdbda6a4e,2026-08-21T18:02:00,\N,\N,\N,3.8856825,-77.0411174,3.886,-77.041,https://chatmap.hotosm.org/api/v1/media/c0cff1de-019c-44b6-878c-2bb72c3806a8.jpg,data/media/c0cff1de-019c-44b6-878c-2bb72c3806a8.jpg,09eb036aa2b3dd3005abde444d4a2aceb9c2984161a6101ed3aa3aab883ec8e0,\N,5,"{""mmi"": 7.2, ""aoi"": ""Buenaventura"", ""posterior_al_sismo"": true}",\N,coherente,IMG-20260821-WA0084.jpg (file attached),2026-08-23
chatmap,10ff57c5-a9ee-47ab-aab8-c6db32427952,2026-08-11T13:47:00,\N,\N,\N,4.902204,-76.845396,4.902,-76.845,https://chatmap.hotosm.org/api/v1/media/3fc32116-04c9-4e8d-986f-ca3a884d13f7.mp4,data/media/3fc32116-04c9-4e8d-986f-ca3a884d13f7.mp4,5341b7b67bc8eb022693976df52ab648840f20987280a5966a8ee7bbb0a4c14c,\N,5,"{""mmi"": 6.7, ""aoi"": ""Western Colombia"", ""posterior_al_sismo"": true}",\N,coherente,,2026-08-23
chatmap,1114f333-e324-49b2-9b4e-fa4fcbcfc5e3,2026-08-14T19:47:00,\N,\N,\N,5.677799470750899,-76.64138766031746,5.678,-76.641,https://chatmap.hotosm.org/api/v1/media/b604f8d8-bc3c-4236-80fd-36703a00a0ed.jpg,data/media/b604f8d8-bc3c-4236-80fd-36703a00a0ed.jpg,f7720d089d4659e8614559e09d9dc1fcfa8551c127fcbf3b0d13e4842da6b54d,\N,5,"{""mmi"": 7.4, ""aoi"": ""Quibdo Centre"", ""posterior_al_sismo"": true}",\N,coherente,,2026-08-23
chatmap,11785a71-bb92-4216-b00b-1aeb7763dc29,2026-08-13T13:51:00,\N,\N,\N,3.38980115584608,-76.55123679933828,3.39,-76.551,https://chatmap.hotosm.org/api/v1/media/c97c6eee-f071-4ba7-807c-2bd662c39a41.jpg,data/media/c97c6eee-f071-4ba7-807c-2bd662c39a41.jpg,e43baf412d2fc00405ebd86ddda6e0d980aa845b19eec7fcf29e19789290048a,\N,5,"{""mmi"": 6.4, ""aoi"": ""Western Colombia"", ""posterior_al_sismo"": true}",\N,coherente,,2026-08-23
chatmap,11ae0884-da1d-45ef-a453-0767a9c70675,2026-08-10T19:33:00,\N,\N,\N,4.115026718407228,-76.1950615139138,4.115,-76.195,https://chatmap.hotosm.org/api/v1/media/40ba9ee3-23cc-45e8-9cca-50f8af14edbe.jpg,data/media/40ba9ee3-23cc-45e8-9cca-50f8af14edbe.jpg,daf28010ca5b980994b6456a47d91fb7d06c10794a6d3475f0a48c0d2c39467b,\N,5,"{""mmi"": 7.2, ""aoi"": ""Western Colombia"", ""posterior_al_sismo"": true}",\N,coherente,,2026-08-23
chatmap,11ce9903-2c89-45c2-ae31-41ea610204cf,2026-08-13T14:05:00,\N,\N,\N,5.698841357558364,-76.66084990343407,5.699,-76.661,https://chatmap.hotosm.org/api/v1/media/1f169d8c-45e1-42fe-ab06-fd91f48c826d.jpg,data/media/1f169d8c-45e1-42fe-ab06-fd91f48c826d.jpg,555813ce73412f28b613d243a3bd214db6cdf2470d394b90024e8e27778c0d45,\N,5,"{""mmi"": 7.5, ""aoi"": ""Quibdo Centre"", ""posterior_al_sismo"": true}",\N,coherente,,2026-08-23
chatmap,1209c388-7be1-4a68-938a-a867efa94532,2026-08-12T17:46:00,\N,\N,\N,2.42489,-76.59048,2.425,-76.59,https://chatmap.hotosm.org/api/v1/media/c0253b7a-ec95-43fb-9e07-2d0739892cc6.jpg,data/media/c0253b7a-ec95-43fb-9e07-2d0739892cc6.jpg,b39978049cd6ab15d62a4b80d7aa3285be04fcd35dd15229d2c5061b666b0306,\N,4,"{""mmi"": 4.6, ""aoi"": ""Western Colombia"", ""posterior_al_sismo"": true}",\N,coherente,,2026-08-23
chatmap,12111baa-2f88-416b-aad5-fffce7a93b75,2026-08-14T14:38:00,\N,\N,\N,5.69970602972606,-76.64890217798717,5.7,-76.649,https://chatmap.hotosm.org/api/v1/media/c9b35d1c-c2e4-4378-a564-30af4c788835.jpg,data/media/c9b35d1c-c2e4-4378-a564-30af4c788835.jpg,7dfa8e6e03a5cdf0503c006576de362e1e91516bf8a207c9925934829f0628a5,\N,4,"{""mmi"": 7.5, ""aoi"": null, ""posterior_al_sismo"": true}",\N,coherente,,2026-08-23
chatmap,1242503b-0e01-4539-9a63-5071cd133d21,2026-08-13T17:54:00,\N,\N,\N,4.80663,-75.696892,4.807,-75.697,https://chatmap.hotosm.org/api/v1/media/0bcbd098-1a61-4af0-8644-286007f0a479.jpg,data/media/0bcbd098-1a61-4af0-8644-286007f0a479.jpg,a49a9d0d7ce86979c7448cee02154795433c8169e1139f2b13781a8d5e67d60d,\N,5,"{""mmi"": 7.5, ""aoi"": ""Pereira"", ""posterior_al_sismo"": true}",\N,coherente,,2026-08-23
chatmap,134f60a0-7be6-4ca6-b599-d5e282643f4d,2026-08-13T16:10:00,\N,\N,\N,4.814108,-75.689926,4.814,-75.69,https://chatmap.hotosm.org/api/v1/media/58759a2f-bd2b-4a15-a06c-61ec8b05b347.jpg,data/media/58759a2f-bd2b-4a15-a06c-61ec8b05b347.jpg,1c95f09236a7dae18db90f41c0841d6535888cf300b24c97ab7f72482d48e77c,\N,5,"{""mmi"": 7.5, ""aoi"": ""Pereira"", ""posterior_al_sismo"": true}",\N,coherente,,2026-08-23
chatmap,1382482c-15e9-4636-aa18-85218beea098,2026-08-11T19:28:00,\N,\N,\N,4.976004763424377,-76.63776993551143,4.976,-76.638,https://chatmap.hotosm.org/api/v1/media/919a0172-e42d-492d-8927-1ee87899e5cd.mp4,data/media/919a0172-e42d-492d-8927-1ee87899e5cd.mp4,437037d24d8624e4cfa21fbfe4276c72fcb37b5397c8c668855cebd6afe12f14,\N,5,"{""mmi"": 6.9, ""aoi"": ""Western Colombia"", ""posterior_al_sismo"": true}",\N,coherente,,2026-08-23
chatmap,1398c83b-42ce-49f9-8de4-6d8f6a0fca90,2026-08-21T18:02:00,\N,\N,\N,4.791828,-75.6897346,4.792,-75.69,https://chatmap.hotosm.org/api/v1/media/5f5a1d79-4bdc-408e-9d70-ab9c2090e1b2.jpg,data/media/5f5a1d79-4bdc-408e-9d70-ab9c2090e1b2.jpg,ed9d3931ceca5e0d594f14a2a398adc41fcde50b31ceec92df4aaab64149eed0,\N,5,"{""mmi"": 7.6, ""aoi"": ""Pereira"", ""posterior_al_sismo"": true}",\N,coherente,IMG-20260821-WA0035.jpg (file attached),2026-08-23
chatmap,1443fc17-dcae-4f63-bf4e-e5a62aad5efc,2026-08-14T14:38:00,\N,\N,\N,4.816266,-75.70623,4.816,-75.706,https://chatmap.hotosm.org/api/v1/media/a4bd3b35-44c6-4527-850f-122d95e3d5e8.jpg,data/media/a4bd3b35-44c6-4527-850f-122d95e3d5e8.jpg,b2548f01591e4a719f567d84ddb2c0884fc460c49a3fbfc4d1c3def90e7de4f3,\N,5,"{""mmi"": 7.5, ""aoi"": ""Pereira"", ""posterior_al_sismo"": true}",\N,coherente,,2026-08-23
chatmap,14b3cbf4-d829-45c1-909b-2e8519657e19,2026-08-22T18:13:00,\N,\N,\N,3.4084578,-76.5498668,3.408,-76.55,https://chatmap.hotosm.org/api/v1/media/66631d48-1c4b-4d9e-87ec-e2e075b3281c.jpg,data/media/66631d48-1c4b-4d9e-87ec-e2e075b3281c.jpg,0a9b054fc41d799a5f5e0c3f3c46380d69050303a1f92559e76f35fdfeae955e,\N,5,"{""mmi"": 6.3, ""aoi"": ""Western Colombia"", ""posterior_al_sismo"": true}",\N,coherente,IMG-20260822-WA0274.jpg (file attached),2026-08-23
chatmap,150cbf38-3d76-4de2-8a69-de48f7e84fbb,2026-08-11T22:15:00,\N,\N,\N,5.687695792957419,-76.646384884201,5.688,-76.646,https://chatmap.hotosm.org/api/v1/media/95aa1dc5-ad0d-4579-9490-a16fcb9bea07.jpg,data/media/95aa1dc5-ad0d-4579-9490-a16fcb9bea07.jpg,c57cf62ad65c3f9436020a3880a5822856812551619d4fd9a0340835d8764a97,\N,5,"{""mmi"": 7.4, ""aoi"": ""Quibdo Centre"", ""posterior_al_sismo"": true}",\N,coherente,,2026-08-23
chatmap,1539ec12-abf5-4939-a206-c9de88aa5759,2026-08-10T17:25:00,\N,\N,\N,5.045584663584846,-75.51307084313132,5.046,-75.513,https://chatmap.hotosm.org/api/v1/media/b50705df-ade5-4e58-a156-af35b5a9c992.mp4,data/media/b50705df-ade5-4e58-a156-af35b5a9c992.mp4,7e4e1b82c36e8b00de5249d9fb23a1e81a4f9946aa9a68fd8538c68bcfe8c142,\N,5,"{""mmi"": 7.1, ""aoi"": ""Western Colombia"", ""posterior_al_sismo"": true}",\N,coherente,,2026-08-23
chatmap,159d8bff-3291-4f3d-a40b-f203a36a9765,2026-08-11T08:26:32,\N,\N,\N,3.3698266796375833,-76.51703047752211,3.37,-76.517,https://chatmap.hotosm.org/api/v1/media/de1129ca-8e7f-4407-8a24-36f79a5de895.jpg,data/media/de1129ca-8e7f-4407-8a24-36f79a5de895.jpg,67419ea48ad302b21ab245f952788f6da8dcb141b70f3255db7bd42bbf18a21b,\N,5,"{""mmi"": 6.8, ""aoi"": ""Western Colombia"", ""posterior_al_sismo"": true}",\N,coherente,,2026-08-23
chatmap,16977152-0a2d-4f31-a60d-0c89f8206eae,2026-08-20T08:09:00,\N,\N,\N,4.8116742,-75.706713,4.812,-75.707,https://chatmap.hotosm.org/api/v1/media/59ff1dd5-c804-4348-a955-6913a3bbd2f8.jpg,data/media/59ff1dd5-c804-4348-a955-6913a3bbd2f8.jpg,a59b6b51c0c60a1914318f617a0173fb8bdc9ef20b44c7aed92e4d1105d3e3e8,\N,5,"{""mmi"": 7.5, ""aoi"": ""Pereira"", ""posterior_al_sismo"": true}",\N,coherente,IMG-20260819-WA0134.jpg (file attached),2026-08-23
chatmap,16d2fe84-f2da-4767-99bd-ee98aff10644,2026-08-13T14:15:00,\N,\N,\N,5.690950286393714,-76.65373829356878,5.691,-76.654,https://chatmap.hotosm.org/api/v1/media/183a387f-c521-4012-82ed-05ee697ef885.jpg,data/media/183a387f-c521-4012-82ed-05ee697ef885.jpg,18146fe41b540d6764753dfba93706ff962c682afb11a5a07d36de68787b41b3,\N,5,"{""mmi"": 7.5, ""aoi"": ""Quibdo Centre"", ""posterior_al_sismo"": true}",\N,coherente,,2026-08-23
chatmap,171c24db-2ac6-442f-bb7b-3f89e7024437,2026-08-22T18:13:00,\N,\N,\N,4.8163592,-75.7092618,4.816,-75.709,https://chatmap.hotosm.org/api/v1/media/1105217b-3218-43fb-bc8b-b6a1e1c8a001.jpg,data/media/1105217b-3218-43fb-bc8b-b6a1e1c8a001.jpg,e06ee5ac2d239d083529b3e32a221e204f1b8c14cf0ed5c802ae6acc40cac4c9,\N,5,"{""mmi"": 7.4, ""aoi"": ""Pereira"", ""posterior_al_sismo"": true}",\N,coherente,IMG-20260822-WA0525.jpg (file attached),2026-08-23
chatmap,18ab7b4e-67ea-4cda-a71f-3c300f54dcb6,2026-08-12T17:43:00,\N,\N,\N,3.504316084845676,-76.30341681708765,3.504,-76.303,https://chatmap.hotosm.org/api/v1/media/74e01695-13ae-401c-a8b3-9e52f19c2964.mp4,data/media/74e01695-13ae-401c-a8b3-9e52f19c2964.mp4,c46c2bc2b904a0d9b95afcc473ad88d61883e2f4178490e3db93d48d77bcdcb9,\N,5,"{""mmi"": 6.3, ""aoi"": ""Western Colombia"", ""posterior_al_sismo"": true}",\N,coherente,,2026-08-23
chatmap,1924e7ae-6cc6-4e4f-82d8-8db188a2d02a,2026-08-10T19:27:00,\N,\N,\N,5.059681994412229,-75.48779326220104,5.06,-75.488,https://chatmap.hotosm.org/api/v1/media/3d75895d-479c-4ff7-9212-dc53ff221396.jpg,data/media/3d75895d-479c-4ff7-9212-dc53ff221396.jpg,690e89d80f3ed4f6d094b3b77e285789942138f3ae5cf041090d0be43c61c4df,\N,5,"{""mmi"": 6.4, ""aoi"": ""Western Colombia"", ""posterior_al_sismo"": true}",\N,coherente,,2026-08-23
chatmap,19646b9c-1dd8-4f3c-869d-33115359396d,2026-08-14T14:38:00,\N,\N,\N,5.677936654543647,-76.63977173526443,5.678,-76.64,https://chatmap.hotosm.org/api/v1/media/23a19b43-fa0b-423b-8609-8b03a8498f35.mp4,data/media/23a19b43-fa0b-423b-8609-8b03a8498f35.mp4,ef3461d25fe5b22e301a5101c75722c629b47738e89c7f4aaacd787f58e56a7f,\N,4,"{""mmi"": 7.4, ""aoi"": null, ""posterior_al_sismo"": true}",\N,coherente,,2026-08-23
chatmap,19dc5cfd-970b-44d7-ab80-b5a8adc50fe8,2026-08-12T20:59:00,\N,\N,\N,3.422183688661533,-76.54905951900635,3.422,-76.549,https://chatmap.hotosm.org/api/v1/media/c1ad86cf-da4b-4581-9481-95e37680bc5e.jpg,data/media/c1ad86cf-da4b-4581-9481-95e37680bc5e.jpg,06d411b5282ed6f037163cd7689638c0f58380a1c5095084f29aea4975e6976d,\N,5,"{""mmi"": 6.3, ""aoi"": ""Western Colombia"", ""posterior_al_sismo"": true}",\N,coherente,,2026-08-23
chatmap,1a116d2a-8cf6-42b1-af7d-0c7d517473f1,2026-08-12T21:22:00,\N,\N,\N,5.6960502697570465,-76.64978076917572,5.696,-76.65,https://chatmap.hotosm.org/api/v1/media/22773b75-9d51-41f1-b5a0-f70cd543954e.mp4,data/media/22773b75-9d51-41f1-b5a0-f70cd543954e.mp4,7e5ee4326d6cce66b25de7267de5af95ac6fb9a09ad4e881ce8a2f1e3a239f2a,\N,4,"{""mmi"": 7.5, ""aoi"": null, ""posterior_al_sismo"": true}",\N,coherente,,2026-08-23
chatmap,1a46f55a-8d61-4f08-92d9-d6a552339cfb,2026-08-14T14:38:00,\N,\N,\N,4.816321,-75.703331,4.816,-75.703,https://chatmap.hotosm.org/api/v1/media/d478fba1-036e-4cfe-a48e-2a6ffff0a2f2.jpg,data/media/d478fba1-036e-4cfe-a48e-2a6ffff0a2f2.jpg,13956021cd4b7d3379e6566fbcaeab24d9d1ab38be6af85aafb96391240f694a,\N,5,"{""mmi"": 7.5, ""aoi"": ""Pereira"", ""posterior_al_sismo"": true}",\N,coherente,,2026-08-23
chatmap,1a96acb2-8651-4e43-81b7-ea7e0845b96d,2026-08-14T19:47:00,\N,\N,\N,4.81594,-75.722481,4.816,-75.722,https://chatmap.hotosm.org/api/v1/media/7ceac309-496c-4540-a666-2c2f2dbd0417.jpg,data/media/7ceac309-496c-4540-a666-2c2f2dbd0417.jpg,89c4f1aab9d8390a1d13c27a8153aa1e3e8927ae7d21c3c0cb58eadf9f09fc4a,\N,5,"{""mmi"": 7.4, ""aoi"": ""Pereira"", ""posterior_al_sismo"": true}",\N,coherente,,2026-08-23
chatmap,1aa2c641-0a5d-4692-a346-8e1d0311b1c9,2026-08-12T20:53:00,\N,\N,\N,3.418645806949548,-76.5486135228212,3.419,-76.549,https://chatmap.hotosm.org/api/v1/media/7bc80036-03c5-4130-aa8b-cfaba46d67cf.jpg,data/media/7bc80036-03c5-4130-aa8b-cfaba46d67cf.jpg,8044354d38153972184ed6b7b2654fbfa00815a3c6203eaa602f74750a35e64d,\N,5,"{""mmi"": 6.3, ""aoi"": ""Western Colombia"", ""posterior_al_sismo"": true}",\N,coherente,,2026-08-23
chatmap,1b232b3b-e56a-4048-933c-46afa4909e1a,2026-08-12T21:27:00,\N,\N,\N,7.157786280310871,-76.97179292318503,7.158,-76.972,https://chatmap.hotosm.org/api/v1/media/faa44185-0094-4a4b-afe5-d2f0382b327c.jpg,data/media/faa44185-0094-4a4b-afe5-d2f0382b327c.jpg,c537eead49b9475c4ee5fa19848bc1985bdc7cea21bec4f694a723377d53b0d8,\N,4,"{""mmi"": 5.2, ""aoi"": null, ""posterior_al_sismo"": true}",\N,coherente,,2026-08-23
chatmap,1c02fcb1-f02f-48df-8e9e-194ce47554a0,2026-08-11T08:25:37,\N,\N,\N,3.3698266796375833,-76.51703047752211,3.37,-76.517,https://chatmap.hotosm.org/api/v1/media/8daa5608-d9b7-4242-bd74-b6cf65149253.jpg,data/media/8daa5608-d9b7-4242-bd74-b6cf65149253.jpg,8f8946d0adebf3aff6b67f4eae7ed80c8557f5e4f2019cd7b1f8a2561654c5f6,\N,5,"{""mmi"": 6.8, ""aoi"": ""Western Colombia"", ""posterior_al_sismo"": true}",\N,coherente,,2026-08-23
chatmap,1c35c743-8df3-4ee1-8af7-6b475c40ab1c,2026-08-17T19:51:00,\N,\N,\N,3.422869,-76.546265,3.423,-76.546,https://chatmap.hotosm.org/api/v1/media/844b6126-4723-4b42-afa0-df8e5b4c3ed8.jpg,data/media/844b6126-4723-4b42-afa0-df8e5b4c3ed8.jpg,8f84e3cea4d3c24d3aeffbbe3a1d67054dc798515bda481d6a306ff50ebe77f3,\N,5,"{""mmi"": 6.3, ""aoi"": ""Western Colombia"", ""posterior_al_sismo"": true}",\N,coherente,<attached: 00000005-PHOTO-2026-08-17-19-51-12.jpg>,2026-08-23
chatmap,1c5a56f7-1a7f-479a-a2c4-3ea1528ab50c,2026-08-20T17:47:00,\N,\N,\N,4.8429738,-75.6628042,4.843,-75.663,https://chatmap.hotosm.org/api/v1/media/3a82ced2-b700-486b-a167-dc7af9ae37e9.jpg,data/media/3a82ced2-b700-486b-a167-dc7af9ae37e9.jpg,2154c813189c3f0208a80b037cc51b6eef42c2473e679f507dec5dbc61947c7b,\N,5,"{""mmi"": 7.3, ""aoi"": ""Western Colombia"", ""posterior_al_sismo"": true}",\N,coherente,IMG-20260820-WA0111.jpg (file attached),2026-08-23
chatmap,1c966b9e-2df2-43e7-a883-642270a2cc02,2026-08-13T13:41:00,\N,\N,\N,4.691234863747301,-75.64948882732578,4.691,-75.649,https://chatmap.hotosm.org/api/v1/media/adf5b98a-7611-405b-a422-6e152e7bf49e.jpg,data/media/adf5b98a-7611-405b-a422-6e152e7bf49e.jpg,47bbcfb23ee3c0b0db4b616064d127a58bf816d2697bf1f69e07b787cfe4a2fb,\N,5,"{""mmi"": 6.9, ""aoi"": ""Western Colombia"", ""posterior_al_sismo"": true}",\N,coherente,,2026-08-23
chatmap,1cbfa28d-6074-4ef3-a1a1-1d3643a0e47b,2026-08-20T17:47:00,\N,\N,\N,4.674722745870807,-75.7813216355824,4.675,-75.781,https://chatmap.hotosm.org/api/v1/media/e7d01dc7-2690-4ef0-a119-2d76635202ea.jpg,data/media/e7d01dc7-2690-4ef0-a119-2d76635202ea.jpg,ea59415c55309d953ab9fbd1fcb87d9a8b195e4178fab4c2a1d66cedeafc4ce5,\N,5,"{""mmi"": 7.5, ""aoi"": ""Western Colombia"", ""posterior_al_sismo"": true}",\N,coherente,IMG-20260820-WA0090.jpg (file attached),2026-08-23
chatmap,1d892b51-57ee-45c3-b61f-0fc2e74bde84,2026-08-10T17:28:00,\N,\N,\N,4.6527684454123275,-76.64247351130594,4.653,-76.642,https://chatmap.hotosm.org/api/v1/media/a07df1e5-c72d-4c1b-93ef-275f363c6321.jpg,data/media/a07df1e5-c72d-4c1b-93ef-275f363c6321.jpg,ed1caffc21839ef915c928913b1bb722e86cdf9a2c8b9779bcd86ba15ae930d4,\N,5,"{""mmi"": 6.8, ""aoi"": ""Western Colombia"", ""posterior_al_sismo"": true}",\N,coherente,,2026-08-23
chatmap,1dd315bd-8c19-4728-918e-d1b4bdc1f0ea,2026-08-14T14:38:00,\N,\N,\N,3.8760975809085547,-77.02551552095441,3.876,-77.026,https://chatmap.hotosm.org/api/v1/media/8d898454-c07a-4b09-92d9-0a1600b2b083.jpg,data/media/8d898454-c07a-4b09-92d9-0a1600b2b083.jpg,1c04a0aecf5c2eea3c67d2e5c5819f13b3ace8a11e454a26ccdf4094aac9737e,\N,5,"{""mmi"": 7.2, ""aoi"": ""Buenaventura"", ""posterior_al_sismo"": true}",\N,coherente,,2026-08-23
chatmap,1e64697b-75d7-498c-9398-eb977d6982db,2026-08-11T14:27:00,\N,\N,\N,4.335365606496337,-75.83020321185703,4.335,-75.83,https://chatmap.hotosm.org/api/v1/media/435de6ca-f66d-497b-8bcd-976c602f94a1.jpg,data/media/435de6ca-f66d-497b-8bcd-976c602f94a1.jpg,a094d047b7a74793aeabd3abf0f2ee3b7bb782f256ee12be31ba60dcf05c3b14,\N,5,"{""mmi"": 6.8, ""aoi"": ""Western Colombia"", ""posterior_al_sismo"": true}",\N,coherente,,2026-08-23
chatmap,1e774576-b881-4600-8ced-f4379fdc8ae7,2026-08-20T17:47:00,\N,\N,\N,5.192574,-76.946624,5.193,-76.947,https://chatmap.hotosm.org/api/v1/media/65205e68-bb76-43b8-a95d-7821ebac9db5.jpg,data/media/65205e68-bb76-43b8-a95d-7821ebac9db5.jpg,6037302cc926f1aa058bae6305f8113321cd530e1818cfa1313ee7d2a388ce47,\N,4,"{""mmi"": 6.7, ""aoi"": null, ""posterior_al_sismo"": true}",\N,coherente,IMG-20260820-WA0103.jpg (file attached),2026-08-23
chatmap,1e919957-c508-4b88-9eee-91ec750334d9,2026-08-11T10:45:22,\N,\N,\N,3.441778,-76.5335,3.442,-76.534,https://chatmap.hotosm.org/api/v1/media/e69900f1-41f2-4707-b43d-89102d8bc329.jpg,data/media/e69900f1-41f2-4707-b43d-89102d8bc329.jpg,90b35988ae05038e4d437fbb24c0154cc2aa77fb9d796bf961cff5d2dc59f7d7,\N,5,"{""mmi"": 6.3, ""aoi"": ""Cali Center"", ""posterior_al_sismo"": true}",\N,coherente,,2026-08-23
chatmap,1ed0fd85-7731-4a4c-930d-5f7151a0b4d8,2026-08-14T14:38:00,\N,\N,\N,4.236051,-76.289322,4.236,-76.289,https://chatmap.hotosm.org/api/v1/media/234720ea-721e-4a64-b16c-d9dbe72cf2c3.jpg,data/media/234720ea-721e-4a64-b16c-d9dbe72cf2c3.jpg,52c395294eb9dc57d9deeab049e6dd5f1f31084469db41da7530219fee62ff71,\N,5,"{""mmi"": 6.6, ""aoi"": ""Western Colombia"", ""posterior_al_sismo"": true}",\N,coherente,,2026-08-23
chatmap,1fdb4005-1ba4-425e-881e-950e9f415878,2026-08-14T19:47:00,\N,\N,\N,4.793425,-75.701118,4.793,-75.701,https://chatmap.hotosm.org/api/v1/media/4dc3c2f3-ae17-4074-804e-a2c2f0cbfb42.jpg,data/media/4dc3c2f3-ae17-4074-804e-a2c2f0cbfb42.jpg,4dc16efd8f0463443ef311439da43ffb371d0894b0fc398c9eabbc1f5ba7ca0c,\N,5,"{""mmi"": 7.6, ""aoi"": ""Western Colombia"", ""posterior_al_sismo"": true}",\N,coherente,,2026-08-23
chatmap,206ee9aa-fede-4564-9907-98eb9b824e27,2026-08-13T13:50:00,\N,\N,\N,4.691234863747301,-75.64948882732578,4.691,-75.649,https://chatmap.hotosm.org/api/v1/media/e088c2a1-8037-4074-ac8f-06500cd6fcf6.jpg,data/media/e088c2a1-8037-4074-ac8f-06500cd6fcf6.jpg,b7c8e323f12a21abba47cbff7705ab2301b3400dcdb02e9c7018b8bb1efbfea1,\N,5,"{""mmi"": 6.9, ""aoi"": ""Western Colombia"", ""posterior_al_sismo"": true}",\N,coherente,,2026-08-23
chatmap,20a15719-0b91-4c1f-a749-d7daa3000a5b,2026-08-22T18:13:00,\N,\N,\N,4.8053116,-75.6888502,4.805,-75.689,https://chatmap.hotosm.org/api/v1/media/c8228229-0fdf-49b0-8a57-b9c1c12e589f.jpg,data/media/c8228229-0fdf-49b0-8a57-b9c1c12e589f.jpg,8d27d6ac8f298a3939c9bd082cbaaf9b83b6425285592a858009e0f4d8c6eb16,\N,5,"{""mmi"": 7.6, ""aoi"": ""Pereira"", ""posterior_al_sismo"": true}",\N,coherente,IMG-20260822-WA0155.jpg (file attached),2026-08-23
chatmap,20bdba7e-9b61-4142-8b51-d802e7f8b269,2026-08-11T11:46:56,\N,\N,\N,3.4422775435640958,-76.53360063086828,3.442,-76.534,https://chatmap.hotosm.org/api/v1/media/9b24b7b0-90ef-4062-8994-52ac33f5d577.jpg,data/media/9b24b7b0-90ef-4062-8994-52ac33f5d577.jpg,90b35988ae05038e4d437fbb24c0154cc2aa77fb9d796bf961cff5d2dc59f7d7,\N,3,"{""mmi"": 6.3, ""aoi"": ""Cali Center"", ""posterior_al_sismo"": true, ""duplicado_de"": ""1e919957-c508-4b88-9eee-91ec750334d9""}",\N,coherente,,2026-08-23
chatmap,21044815-79e5-4967-8b43-b86b8a5908f3,2026-08-18T18:50:00,\N,\N,\N,4.803061,-75.737213,4.803,-75.737,https://chatmap.hotosm.org/api/v1/media/524b3a80-891d-4ea9-a6f9-c0ec145a63e2.jpg,data/media/524b3a80-891d-4ea9-a6f9-c0ec145a63e2.jpg,65348e34d13c7e2d60ca225a036e3f3048a87faa030422dffbdacbc1f6207d5e,\N,5,"{""mmi"": 7.7, ""aoi"": ""Western Colombia"", ""posterior_al_sismo"": true}",\N,coherente,IMG-20260818-WA0147.jpg (file attached),2026-08-23
chatmap,213f1d31-250c-4efd-8d42-6f7712005767,2026-08-21T18:02:00,\N,\N,\N,7.756793,-76.728638,7.757,-76.729,https://chatmap.hotosm.org/api/v1/media/d8942044-3fb9-4d6e-b85e-b74eb475ffb8.mp4,data/media/d8942044-3fb9-4d6e-b85e-b74eb475ffb8.mp4,68d32e7773d4dbeef6cc72fad69e40032dcc5520786972ed5b31534580d89316,\N,3,"{""mmi"": 4.7, ""aoi"": null, ""posterior_al_sismo"": true}",\N,coherente,VID-20260820-WA0174.mp4 (file attached) Vereda el silencio al lado de la finca Villa María en carepa,2026-08-23
chatmap,22d97877-2096-4924-8237-981c2d416792,2026-08-13T17:07:00,\N,\N,\N,4.410462,-76.155342,4.41,-76.155,https://chatmap.hotosm.org/api/v1/media/f281ddef-6961-4042-85d0-0473018484c3.mp4,data/media/f281ddef-6961-4042-85d0-0473018484c3.mp4,f6b1443dbdba9362604fc60b3aecae4b57abf1545950e28a5ea60bf6a65bd09f,\N,5,"{""mmi"": 7.4, ""aoi"": ""Western Colombia"", ""posterior_al_sismo"": true}",\N,coherente,,2026-08-23
chatmap,23153bca-b246-405c-9520-36886d0545d0,2026-08-11T16:11:00,\N,\N,\N,4.339952227622437,-75.83177546116451,4.34,-75.832,https://chatmap.hotosm.org/api/v1/media/a02daa60-263f-4309-a13c-8ba7fe8dbac1.jpg,data/media/a02daa60-263f-4309-a13c-8ba7fe8dbac1.jpg,06dbc6ce068861473008c85c7b09cdf3e79d29a684abe8f1754c34a96fea9318,\N,5,"{""mmi"": 7.1, ""aoi"": ""Western Colombia"", ""posterior_al_sismo"": true}",\N,coherente,,2026-08-23
chatmap,23952562-14e0-4af9-b20b-9e50d9991c38,2026-08-18T18:50:00,\N,\N,\N,5.218114,-76.018837,5.218,-76.019,https://chatmap.hotosm.org/api/v1/media/751df302-db3c-4d44-84ab-e90e0c942bf4.jpg,data/media/751df302-db3c-4d44-84ab-e90e0c942bf4.jpg,ff8108fb1d0022c08733254e8312a4cfa973279606335742456475071ae244a0,\N,5,"{""mmi"": 6.2, ""aoi"": ""Western Colombia"", ""posterior_al_sismo"": true}",\N,coherente,IMG-20260818-WA0141.jpg (file attached),2026-08-23
chatmap,24442663-ed26-4809-9cfe-b001fd83b94f,2026-08-21T18:02:00,\N,\N,\N,4.816134752733084,-75.70601652088264,4.816,-75.706,https://chatmap.hotosm.org/api/v1/media/42fd0c64-35c2-4616-a9ba-8b45133f772b.jpg,data/media/42fd0c64-35c2-4616-a9ba-8b45133f772b.jpg,9653c684ab5fb524c14c087e4da930d4fe6f4e38ebc542cde98fd455d0f8c0f9,\N,5,"{""mmi"": 7.5, ""aoi"": ""Pereira"", ""posterior_al_sismo"": true}",\N,coherente,IMG-20260821-WA0091.jpg (file attached),2026-08-23
chatmap,24bd3223-4d4d-46ad-bfc8-5024f2a755d6,2026-08-22T18:13:00,\N,\N,\N,4.7953488,-75.9943719,4.795,-75.994,https://chatmap.hotosm.org/api/v1/media/8b461166-72c5-4eb0-a2d4-7d517c71bf7f.jpg,data/media/8b461166-72c5-4eb0-a2d4-7d517c71bf7f.jpg,a8a4cc890fac28b63acfe5676d1d4e95874a7fa2ac61acb35de62eea9965385c,\N,5,"{""mmi"": 7.3, ""aoi"": ""Western Colombia"", ""posterior_al_sismo"": true}",\N,coherente,IMG-20260822-WA0176.jpg (file attached),2026-08-23
chatmap,24df8dd2-54e3-4a1f-b726-b908476c1310,2026-08-10T16:22:00,\N,\N,\N,3.009827735591556,-76.49427553334587,3.01,-76.494,https://chatmap.hotosm.org/api/v1/media/bb696d98-22ab-4826-878c-92878a4a2aab.jpg,data/media/bb696d98-22ab-4826-878c-92878a4a2aab.jpg,0a8dd2e99e9ab6abf51c3f4494b46b884caa90979a90dd1e22d5269752b4aabc,\N,5,"{""mmi"": 5.8, ""aoi"": ""Western Colombia"", ""posterior_al_sismo"": true}",\N,coherente,,2026-08-23
chatmap,24efe9d7-a7e8-4ead-adb3-2b2017aa3ab1,2026-08-20T08:13:00,\N,\N,\N,2.76231,-76.62017,2.762,-76.62,https://chatmap.hotosm.org/api/v1/media/c1cf4ff5-92c5-4470-a85d-defc7b939480.jpg,data/media/c1cf4ff5-92c5-4470-a85d-defc7b939480.jpg,ea44ab21862642755eb7606f3f2ddc32960e60f3bb9a1c588ebeaaf0363368f6,\N,5,"{""mmi"": 5.3, ""aoi"": ""Western Colombia"", ""posterior_al_sismo"": true}",\N,coherente,IMG-20260818-WA0164.jpg (file attached),2026-08-23
chatmap,2575c57c-32d9-47be-b46c-a8c1ada0d345,2026-08-14T14:38:00,\N,\N,\N,4.236051,-76.289322,4.236,-76.289,https://chatmap.hotosm.org/api/v1/media/a4145f7b-fb1a-411c-9f95-7963d746fc0b.jpg,data/media/a4145f7b-fb1a-411c-9f95-7963d746fc0b.jpg,cf47b532cbfaf365244df1a3708eda890c14c75685fe260d74d38100aeee6d8a,\N,5,"{""mmi"": 6.6, ""aoi"": ""Western Colombia"", ""posterior_al_sismo"": true}",\N,coherente,,2026-08-23
chatmap,25f5fef5-34c9-464d-88b9-7be2a27500fa,2026-08-21T18:02:00,\N,\N,\N,4.637618,-75.569535,4.638,-75.57,https://chatmap.hotosm.org/api/v1/media/ab54c80a-06de-4a54-877e-c017648449c1.jpg,data/media/ab54c80a-06de-4a54-877e-c017648449c1.jpg,9eb8293c428efb864fe12f208a99afaeab4d70d76817fea8199a2ac55f2ac512,\N,5,"{""mmi"": 6.7, ""aoi"": ""Western Colombia"", ""posterior_al_sismo"": true}",\N,coherente,IMG-20260820-WA0173.jpg (file attached),2026-08-23
chatmap,26242a67-7f97-40bb-8049-9ea2474a1473,2026-08-12T21:18:00,\N,\N,\N,3.933107597118015,-76.48571912187295,3.933,-76.486,https://chatmap.hotosm.org/api/v1/media/8afbb51d-2305-447d-ae5f-7fcd3de43327.mp4,data/media/8afbb51d-2305-447d-ae5f-7fcd3de43327.mp4,353570ed866178f58264553da96c820ba4691904a0dee80718313e977c648084,\N,5,"{""mmi"": 5.7, ""aoi"": ""Western Colombia"", ""posterior_al_sismo"": true}",\N,coherente,,2026-08-23
chatmap,2678c28e-3fd8-483c-a89f-1e8b1ecd5d01,2026-08-14T14:38:00,\N,\N,\N,3.4889367805610587,-76.52046708650745,3.489,-76.52,https://chatmap.hotosm.org/api/v1/media/b9d51555-3304-4ffb-95a9-984dd3e1508a.jpg,data/media/b9d51555-3304-4ffb-95a9-984dd3e1508a.jpg,341ada188f5e1e9f129eb143daec4dfe08f8674b1cbd38f7f534314613c9954e,\N,5,"{""mmi"": 6.1, ""aoi"": ""Western Colombia"", ""posterior_al_sismo"": true}",\N,coherente,,2026-08-23
chatmap,270518e3-9590-4d80-a5b4-ec8d8b4a90ad,2026-08-21T18:02:00,\N,\N,\N,4.6372988,-75.5702623,4.637,-75.57,https://chatmap.hotosm.org/api/v1/media/341e3c0d-9e01-406c-bc12-14df481c9909.jpg,data/media/341e3c0d-9e01-406c-bc12-14df481c9909.jpg,76f29c465b004ea5e81a954a3f55794f3a3eb993258140bc08145cc53a2bf824,\N,5,"{""mmi"": 6.7, ""aoi"": ""Western Colombia"", ""posterior_al_sismo"": true}",\N,coherente,IMG-20260820-WA0166.jpg (file attached),2026-08-23
chatmap,274e4fe9-0715-4dd2-8b89-b69cfd5310dc,2026-08-12T21:23:00,\N,\N,\N,3.411053593057709,-76.54802236267007,3.411,-76.548,https://chatmap.hotosm.org/api/v1/media/6ca4ca98-6444-4045-a7b5-86ec20663275.mp4,data/media/6ca4ca98-6444-4045-a7b5-86ec20663275.mp4,5924de4f5be82d26a0a51fa8f3dabfa41e0a5105227ab9ddd16e9fdcecb5a34d,\N,5,"{""mmi"": 6.3, ""aoi"": ""Western Colombia"", ""posterior_al_sismo"": true}",\N,coherente,,2026-08-23
chatmap,276a6fca-1e09-4d73-874a-5281b8fe3cb4,2026-08-12T17:57:00,\N,\N,\N,3.9727754291427404,-76.43931266159122,3.973,-76.439,https://chatmap.hotosm.org/api/v1/media/496a8008-6216-4669-ad36-bc12d947c0e2.jpg,data/media/496a8008-6216-4669-ad36-bc12d947c0e2.jpg,e10e2e4153c68b856a40b606bb690384a6313ceee7332d8270550375be90f4f5,\N,5,"{""mmi"": 5.9, ""aoi"": ""Western Colombia"", ""posterior_al_sismo"": true}",\N,coherente,,2026-08-23
chatmap,2786b9a7-d450-49e7-9f99-de4b4ae0aab7,2026-08-13T13:55:00,\N,\N,\N,5.411977950380412,-76.4160174530742,5.412,-76.416,https://chatmap.hotosm.org/api/v1/media/3ed8ec56-9fff-48fe-a8e8-70f1e705728c.jpg,data/media/3ed8ec56-9fff-48fe-a8e8-70f1e705728c.jpg,1e63dcbb3304ec935bb97c74f9dee8c20d5d38beb5afbcfd8944366be24d572f,\N,4,"{""mmi"": 6.8, ""aoi"": null, ""posterior_al_sismo"": true}",\N,coherente,,2026-08-23
chatmap,27a0f2c7-3eb9-4375-bc21-77bfb2f39370,2026-08-22T18:13:00,\N,\N,\N,4.810604,-75.696712,4.811,-75.697,https://chatmap.hotosm.org/api/v1/media/225090a6-af2c-447f-a750-8e2b19b3d8db.jpg,data/media/225090a6-af2c-447f-a750-8e2b19b3d8db.jpg,7f6e3eb3d9135bfcae193363a867472ff6f1adda390efc39ff5b4864e3a0f3c5,\N,5,"{""mmi"": 7.5, ""aoi"": ""Pereira"", ""posterior_al_sismo"": true}",\N,coherente,IMG-20260822-WA0511.jpg (file attached),2026-08-23
chatmap,27ead496-0ea9-4287-a3af-3b5496cc8fd1,2026-08-20T08:09:00,\N,\N,\N,4.7953992,-75.6914348,4.795,-75.691,https://chatmap.hotosm.org/api/v1/media/13e0072e-24e5-4f6f-8713-58743e227a6c.jpg,data/media/13e0072e-24e5-4f6f-8713-58743e227a6c.jpg,62cbd920722659df63b0f9af48ecfbf7ef167d40a8e8084b805a9cace5f3b786,\N,5,"{""mmi"": 7.6, ""aoi"": ""Pereira"", ""posterior_al_sismo"": true}",\N,coherente,IMG-20260819-WA0123.jpg (file attached),2026-08-23
chatmap,27efca1d-4fd1-4394-95f0-fcb4edbc3a74,2026-08-13T10:16:32,\N,\N,\N,5.4126095042195095,-76.41593116213653,5.413,-76.416,https://chatmap.hotosm.org/api/v1/media/c0a230a2-7e61-4c4e-ad09-84571139e4d3.jpg,data/media/c0a230a2-7e61-4c4e-ad09-84571139e4d3.jpg,45614d3f4be6fc4a9bbcc574cda984f83aaacf72619cbab2af5568fba4d508b0,\N,4,"{""mmi"": 6.8, ""aoi"": null, ""posterior_al_sismo"": true}",\N,coherente,,2026-08-23
chatmap,281d1185-7286-463f-ade9-5273243d744d,2026-08-13T13:55:00,\N,\N,\N,5.411977950380412,-76.4160174530742,5.412,-76.416,https://chatmap.hotosm.org/api/v1/media/8b5c22a9-be42-4b3e-9f00-3a02404df0ab.jpg,data/media/8b5c22a9-be42-4b3e-9f00-3a02404df0ab.jpg,4b7cf51560762deb73f4228e3df187c93f1d608309fdea838df944886d80b8b1,\N,4,"{""mmi"": 6.8, ""aoi"": null, ""posterior_al_sismo"": true}",\N,coherente,,2026-08-23
chatmap,284e1ac0-7f9b-492e-b76e-e1868d91d7c7,2026-08-13T10:12:17,\N,\N,\N,5.662019732816946,-76.63701128459931,5.662,-76.637,https://chatmap.hotosm.org/api/v1/media/3bf8426a-e380-408a-ac3e-52606f2b766f.mp4,data/media/3bf8426a-e380-408a-ac3e-52606f2b766f.mp4,92987f2ce0486a4b2b07624eacae5e8bb02c520e050467cf9d30714473cdaf80,\N,4,"{""mmi"": 7.4, ""aoi"": null, ""posterior_al_sismo"": true}",\N,coherente,,2026-08-23
chatmap,28d1b3ab-04c0-4aa0-95b9-2e560c65b728,2026-08-14T19:47:00,\N,\N,\N,4.798471083212386,-75.7044218451885,4.798,-75.704,https://chatmap.hotosm.org/api/v1/media/dddaf7fd-9576-426b-8438-8908f4a41bef.jpg,data/media/dddaf7fd-9576-426b-8438-8908f4a41bef.jpg,259c1dd5d6b2e21d1b67732ce6081eb1bdaeab333c7289f2ce8824605afdaee6,\N,5,"{""mmi"": 7.6, ""aoi"": ""Western Colombia"", ""posterior_al_sismo"": true}",\N,coherente,,2026-08-23
chatmap,29b6c3c6-e6f2-4ca9-885b-c2ed9f94cbbd,2026-08-22T10:12:00,\N,\N,\N,5.193166009988373,-76.94779434010377,5.193,-76.948,https://chatmap.hotosm.org/api/v1/media/2316e277-85a4-40ce-b3be-4a300626e349.jpg,data/media/2316e277-85a4-40ce-b3be-4a300626e349.jpg,0daea495feadac71657f3823962de7ee257cc7ce05339f040dbd42e8770330ce,\N,4,"{""mmi"": 6.7, ""aoi"": null, ""posterior_al_sismo"": true}",\N,coherente,IMG-20260821-WA0115.jpg (file attached),2026-08-23
chatmap,29f6fe6e-ad1b-41ad-b83e-24288ea2b548,2026-08-14T19:47:00,\N,\N,\N,3.935764,-76.429848,3.936,-76.43,https://chatmap.hotosm.org/api/v1/media/afd0bfca-77b3-4f66-9783-954f26fcdee8.mp4,data/media/afd0bfca-77b3-4f66-9783-954f26fcdee8.mp4,0638a819c002ced456f952e9280449e627f7052b74dce53c733586fc8e5755b9,\N,5,"{""mmi"": 5.6, ""aoi"": ""Western Colombia"", ""posterior_al_sismo"": true}",\N,coherente,,2026-08-23
chatmap,2a71eb51-0f80-4004-bf9d-f966574707bd,2026-08-22T10:12:00,\N,\N,\N,5.30547579771143,-76.62594565789412,5.305,-76.626,https://chatmap.hotosm.org/api/v1/media/d0493a2b-85d6-4095-88c2-6e516ad682a4.jpg,data/media/d0493a2b-85d6-4095-88c2-6e516ad682a4.jpg,8234fc767209f6726c4fdeacaf99cf1c2bd1bddb15c276518fdb666b562e86e8,\N,5,"{""mmi"": 6.9, ""aoi"": ""Western Colombia"", ""posterior_al_sismo"": true}",\N,coherente,IMG-20260821-WA0114.jpg (file attached),2026-08-23
chatmap,2a877381-47fc-41ea-b82d-aee11abb6114,2026-08-12T21:48:00,\N,\N,\N,3.9321254339349734,-76.48651504361588,3.932,-76.487,https://chatmap.hotosm.org/api/v1/media/4dd2677b-d7d2-488e-b345-bad1888b54d5.jpg,data/media/4dd2677b-d7d2-488e-b345-bad1888b54d5.jpg,f80969cd2a9d00677e78444b94ff8f446960f65f2b46c01bd00187a48651c72b,\N,5,"{""mmi"": 5.7, ""aoi"": ""Western Colombia"", ""posterior_al_sismo"": true}",\N,coherente,,2026-08-23
chatmap,2a9fbc8f-f11f-4f95-8a22-fdc85a761e04,2026-08-21T18:02:00,\N,\N,\N,2.450845,-76.807466,2.451,-76.807,https://chatmap.hotosm.org/api/v1/media/b5713774-f3bb-4701-975b-723371ed4720.jpg,data/media/b5713774-f3bb-4701-975b-723371ed4720.jpg,ea4016c3d4b17f26fec643af99bdd090b222f6f25efe092cf7c4cb756eaf40ce,\N,4,"{""mmi"": 4.9, ""aoi"": ""Western Colombia"", ""posterior_al_sismo"": true}",\N,coherente,IMG-20260821-WA0043.jpg (file attached),2026-08-23
chatmap,2acee687-3cf1-4663-89d6-4230648ea4e2,2026-08-22T18:13:00,\N,\N,\N,4.8146833,-75.7019316,4.815,-75.702,https://chatmap.hotosm.org/api/v1/media/c48dfaee-0039-48a0-81c5-229955457a84.jpg,data/media/c48dfaee-0039-48a0-81c5-229955457a84.jpg,b91e2a81abd1ae215a50a569b740823b655176d922d60925fd5bcf905be6026a,\N,5,"{""mmi"": 7.5, ""aoi"": ""Pereira"", ""posterior_al_sismo"": true}",\N,coherente,IMG-20260822-WA0293.jpg (file attached),2026-08-23
chatmap,2b49b79a-0ef4-462d-8156-2d8d74ad1d56,2026-08-14T14:38:00,\N,\N,\N,5.677936654543647,-76.63977173526443,5.678,-76.64,https://chatmap.hotosm.org/api/v1/media/d788d8bc-566d-4a15-8290-6266e6989812.mp4,data/media/d788d8bc-566d-4a15-8290-6266e6989812.mp4,953902214eec08be50d0d060b1b6e2af90e6dc3d5636f436430be2c19957d558,\N,4,"{""mmi"": 7.4, ""aoi"": null, ""posterior_al_sismo"": true}",\N,coherente,,2026-08-23
chatmap,2b79af35-e9e6-401b-9efc-ada4038a244a,2026-08-13T10:17:37,\N,\N,\N,5.4126095042195095,-76.41593116213653,5.413,-76.416,https://chatmap.hotosm.org/api/v1/media/fc96cbf3-c872-423a-af17-eae1cabd599f.jpg,data/media/fc96cbf3-c872-423a-af17-eae1cabd599f.jpg,9d76ad60934a230f6c3b94ebe0a9858234e43c79768098cfa9b6f5a5f5efa968,\N,4,"{""mmi"": 6.8, ""aoi"": null, ""posterior_al_sismo"": true}",\N,coherente,,2026-08-23
chatmap,2bfd9809-d27b-48e9-9983-1cb93e391cc8,2026-08-11T16:30:00,\N,\N,\N,3.4312473694105847,-76.538952191015,3.431,-76.539,https://chatmap.hotosm.org/api/v1/media/062d19a2-d463-44f6-ba39-093c83d74eea.jpg,data/media/062d19a2-d463-44f6-ba39-093c83d74eea.jpg,7da9dd6c57a4c2963fece5a36b399a8edbcde5e4e72fc5487219f131f71beaf7,\N,5,"{""mmi"": 6.3, ""aoi"": ""Western Colombia"", ""posterior_al_sismo"": true}",\N,coherente,,2026-08-23
chatmap,2c5d4116-877b-400e-86f2-5b52cb1f1e4c,2026-08-11T20:37:00,\N,\N,\N,4.8124343519533355,-75.70631565682386,4.812,-75.706,https://chatmap.hotosm.org/api/v1/media/7fc9c9c3-21f9-47ff-ad89-69bdf84d232c.jpg,data/media/7fc9c9c3-21f9-47ff-ad89-69bdf84d232c.jpg,3ee152a0e99da1bf3d7dab3bf436b7214209e7683ea8925423807d76fbedcb46,\N,5,"{""mmi"": 7.5, ""aoi"": ""Pereira"", ""posterior_al_sismo"": true}",\N,coherente,,2026-08-23
chatmap,2c6612cf-9925-477e-86eb-807d8732f0cb,2026-08-22T18:13:00,\N,\N,\N,4.805766623089155,-75.69388090309124,4.806,-75.694,https://chatmap.hotosm.org/api/v1/media/225090a6-af2c-447f-a750-8e2b19b3d8db.jpg,data/media/225090a6-af2c-447f-a750-8e2b19b3d8db.jpg,7f6e3eb3d9135bfcae193363a867472ff6f1adda390efc39ff5b4864e3a0f3c5,\N,3,"{""mmi"": 7.6, ""aoi"": ""Pereira"", ""posterior_al_sismo"": true, ""duplicado_de"": ""27a0f2c7-3eb9-4375-bc21-77bfb2f39370""}",\N,coherente,IMG-20260822-WA0511.jpg (file attached),2026-08-23
chatmap,2c716c8b-6eb9-4ca7-aa15-d0f615b5c482,2026-08-11T21:24:00,\N,\N,\N,4.857853243332102,-75.6289761093503,4.858,-75.629,https://chatmap.hotosm.org/api/v1/media/38c6f516-9645-48ef-a709-10024577d724.jpg,data/media/38c6f516-9645-48ef-a709-10024577d724.jpg,48155d48aedf23de66b737c1e3f737b89697869a2c6b2529cc0aa525c8d84291,\N,5,"{""mmi"": 7.4, ""aoi"": ""Western Colombia"", ""posterior_al_sismo"": true}",\N,coherente,,2026-08-23
chatmap,2c8d859d-10f8-4245-9c52-2fbdf5592f10,2026-08-20T08:09:00,\N,\N,\N,4.7845729,-75.6993185,4.785,-75.699,https://chatmap.hotosm.org/api/v1/media/607d8485-3f63-478c-8f81-c7f41ca24ddf.jpg,data/media/607d8485-3f63-478c-8f81-c7f41ca24ddf.jpg,3b6df714bb59e39e7a8dd301558ee33d96c2ddad27e02cdc6b55732a64f2efcd,\N,5,"{""mmi"": 7.6, ""aoi"": ""Western Colombia"", ""posterior_al_sismo"": true}",\N,coherente,IMG-20260819-WA0118.jpg (file attached),2026-08-23
chatmap,2cde7b5a-58e5-484d-9b03-b9e4fcc7e734,2026-08-20T17:47:00,\N,\N,\N,5.2212328,-76.0303966,5.221,-76.03,https://chatmap.hotosm.org/api/v1/media/2df2c3f3-6266-475e-984e-cab8787c9186.jpg,data/media/2df2c3f3-6266-475e-984e-cab8787c9186.jpg,cf987d6ecfa598ab394cca5239a3d77e8977f12dc0ccb7ba4264048db5a19210,\N,5,"{""mmi"": 6.2, ""aoi"": ""Western Colombia"", ""posterior_al_sismo"": true}",\N,coherente,IMG-20260820-WA0110.jpg (file attached),2026-08-23
chatmap,2d06a53b-c85a-424d-96ce-74fc273b21db,2026-08-18T18:50:00,\N,\N,\N,4.810917,-75.698669,4.811,-75.699,https://chatmap.hotosm.org/api/v1/media/54e4ed93-a3b4-461c-b04c-51022a3c31b7.jpg,data/media/54e4ed93-a3b4-461c-b04c-51022a3c31b7.jpg,381d7995202ed2e2fb477fec6c4099d06ab3f4abcb1490fe13ac23412a3d9085,\N,5,"{""mmi"": 7.5, ""aoi"": ""Pereira"", ""posterior_al_sismo"": true}",\N,coherente,IMG-20260818-WA0190.jpg (file attached),2026-08-23
chatmap,2d107f9b-5f5d-4ba9-b32b-79f624a359e7,2026-08-13T13:58:00,\N,\N,\N,6.26060442805863,-75.57016164492143,6.261,-75.57,https://chatmap.hotosm.org/api/v1/media/a70d4c6c-d497-47c8-ad34-ae7e07935333.jpg,data/media/a70d4c6c-d497-47c8-ad34-ae7e07935333.jpg,c021b470ee1d3254ce0acf967b8e734720a036338ec9870a67b91c1f45569b58,\N,3,"{""mmi"": 4.8, ""aoi"": null, ""posterior_al_sismo"": true}",\N,coherente,,2026-08-23
chatmap,2d6996f5-5d5d-419c-8380-d11694f3bf9d,2026-08-11T16:22:00,\N,\N,\N,4.330516569043753,-75.8291831167524,4.331,-75.829,https://chatmap.hotosm.org/api/v1/media/49e9f016-52a3-4e5b-8543-1423344d9454.jpg,data/media/49e9f016-52a3-4e5b-8543-1423344d9454.jpg,a8585c64ec30ec387530e3b27d431ba70676ea25970d2fe8c5cf0a5716a66891,\N,5,"{""mmi"": 6.8, ""aoi"": ""Western Colombia"", ""posterior_al_sismo"": true}",\N,coherente,,2026-08-23
chatmap,2d795c23-c27c-46f1-9bbf-a8f31cd8a9f0,2026-08-11T19:32:00,\N,\N,\N,3.415902824839016,-76.5456512865065,3.416,-76.546,https://chatmap.hotosm.org/api/v1/media/75cf0728-ce69-4b00-b4d7-002d22b87ec0.jpg,data/media/75cf0728-ce69-4b00-b4d7-002d22b87ec0.jpg,55b9565917954e78d4bb6099a2b357f15d4e56659f0106c66c12695b00d3438a,\N,5,"{""mmi"": 6.3, ""aoi"": ""Western Colombia"", ""posterior_al_sismo"": true}",\N,coherente,,2026-08-23
chatmap,2e0334a3-5a3e-4d61-b662-857f5a0a9488,2026-08-15T08:39:40,\N,\N,\N,4.812404,-75.706329,4.812,-75.706,https://chatmap.hotosm.org/api/v1/media/7a404588-94ab-45f0-8a8e-885ac70d1615.jpg,data/media/7a404588-94ab-45f0-8a8e-885ac70d1615.jpg,a3ec4d476208a85ad51722eed753a528f67feb3feef12f7902e952b6b7db5305,\N,5,"{""mmi"": 7.5, ""aoi"": ""Pereira"", ""posterior_al_sismo"": true}",\N,coherente,,2026-08-23
chatmap,2e2add31-524f-4d52-a6b4-2faf63a6bccd,2026-08-20T08:11:00,\N,\N,\N,2.7616,-76.61965,2.762,-76.62,https://chatmap.hotosm.org/api/v1/media/4aca001a-db6d-4d0f-ad77-cfe3afa453fa.jpg,data/media/4aca001a-db6d-4d0f-ad77-cfe3afa453fa.jpg,b96ef91fe326222cf912d278c51159d35b08a1f26e0284a1f09c08125ad1d363,\N,5,"{""mmi"": 5.3, ""aoi"": ""Western Colombia"", ""posterior_al_sismo"": true}",\N,coherente,IMG-20260818-WA0162.jpg (file attached),2026-08-23
chatmap,2e34e320-d0d8-43aa-9413-43c333f2b380,2026-08-11T19:24:00,\N,\N,\N,4.975764033403052,-76.63746788465369,4.976,-76.637,https://chatmap.hotosm.org/api/v1/media/cb004578-9acc-4cce-891f-e82ebe90c8f1.mp4,data/media/cb004578-9acc-4cce-891f-e82ebe90c8f1.mp4,51a0e66d23e5894b9f657e3345788c8c41fbcae27c4eedace9648a06aab9e6d8,\N,5,"{""mmi"": 6.9, ""aoi"": ""Western Colombia"", ""posterior_al_sismo"": true}",\N,coherente,,2026-08-23
chatmap,2ec0c7eb-fbb0-449a-85cf-ee5872141ef8,2026-08-11T19:31:00,\N,\N,\N,3.415902824839016,-76.5456512865065,3.416,-76.546,https://chatmap.hotosm.org/api/v1/media/9cd4026d-6a8d-4cb2-84ff-9550ebf42cec.jpg,data/media/9cd4026d-6a8d-4cb2-84ff-9550ebf42cec.jpg,97e2752b986e05076193da27f0644bea2bf2e3f962e8789873e8420421e767d1,\N,5,"{""mmi"": 6.3, ""aoi"": ""Western Colombia"", ""posterior_al_sismo"": true}",\N,coherente,,2026-08-23
chatmap,2f976cb8-b51e-472e-80e3-9a50c9c9dc4d,2026-08-12T19:00:00,\N,\N,\N,3.422277033353484,-76.54510456134166,3.422,-76.545,https://chatmap.hotosm.org/api/v1/media/48d6699f-3eda-4a78-be5a-81421c4364f9.jpg,data/media/48d6699f-3eda-4a78-be5a-81421c4364f9.jpg,848c320a880097f37e5769a98efb88cdff69379c5f0605b463aeb91a7209bc2d,\N,5,"{""mmi"": 6.3, ""aoi"": ""Western Colombia"", ""posterior_al_sismo"": true}",\N,coherente,,2026-08-23
chatmap,30ea88fd-54df-4a53-afe6-6d1e31784b14,2026-08-13T13:03:00,\N,\N,\N,5.412730033530489,-76.4139127891549,5.413,-76.414,https://chatmap.hotosm.org/api/v1/media/f9dd5918-f03c-4baf-9856-f541a5f46da2.jpg,data/media/f9dd5918-f03c-4baf-9856-f541a5f46da2.jpg,7851ff6d4dc9d7981f15b6fd62f5f61cd6ca96dacc5a4f506f504fa59f8afbbd,\N,4,"{""mmi"": 6.8, ""aoi"": null, ""posterior_al_sismo"": true}",\N,coherente,,2026-08-23
chatmap,3108ecfd-8289-4158-953c-236e17cd325b,2026-08-22T18:13:00,\N,\N,\N,4.812617,-75.709988,4.813,-75.71,https://chatmap.hotosm.org/api/v1/media/ee5cfaf3-317f-4f19-96b9-aabc1d55319e.jpg,data/media/ee5cfaf3-317f-4f19-96b9-aabc1d55319e.jpg,bae5466be02daaba3ba07ad396c9bd9a455094639f9274bd48f24555f3afabe8,\N,5,"{""mmi"": 7.4, ""aoi"": ""Pereira"", ""posterior_al_sismo"": true}",\N,coherente,IMG-20260822-WA0277.jpg (file attached),2026-08-23
chatmap,318aa305-fb0c-4c19-a5e8-5f1993242f96,2026-08-20T08:09:00,\N,\N,\N,4.8123327,-75.7074764,4.812,-75.707,https://chatmap.hotosm.org/api/v1/media/d6b9de0d-755b-4d04-985c-907a711259c5.jpg,data/media/d6b9de0d-755b-4d04-985c-907a711259c5.jpg,aba7c4fbf26f981427750a9dd7df2cda086853a64901dc28b086960aeee9dc18,\N,5,"{""mmi"": 7.5, ""aoi"": ""Pereira"", ""posterior_al_sismo"": true}",\N,coherente,IMG-20260819-WA0132.jpg (file attached),2026-08-23
chatmap,31e0f0ef-3198-4be9-9757-1a6a3ba0c3a4,2026-08-13T13:26:00,\N,\N,\N,4.691234863747301,-75.64948882732578,4.691,-75.649,https://chatmap.hotosm.org/api/v1/media/c6c3dac7-fb93-4760-9ee8-01cf7d43fc0f.jpg,data/media/c6c3dac7-fb93-4760-9ee8-01cf7d43fc0f.jpg,5b05c7cb11dc337bc56da0aabf01407e758a129b5ef1f0ced1426b13ae8af2a3,\N,5,"{""mmi"": 6.9, ""aoi"": ""Western Colombia"", ""posterior_al_sismo"": true}",\N,coherente,,2026-08-23
chatmap,32628837-74ac-4c70-9737-7dbd43efb67f,2026-08-11T16:13:00,\N,\N,\N,4.328487165840757,-75.82641717433962,4.328,-75.826,https://chatmap.hotosm.org/api/v1/media/4439b929-a2bb-4260-99dd-4614e2ed35e6.jpg,data/media/4439b929-a2bb-4260-99dd-4614e2ed35e6.jpg,4461c9659c5ffbaf63b7ae79684e7e43551ebf81ba545fbb1b2b31c387770742,\N,5,"{""mmi"": 6.8, ""aoi"": ""Western Colombia"", ""posterior_al_sismo"": true}",\N,coherente,,2026-08-23
chatmap,32d83c09-fa63-48d5-b50e-2c65d3567581,2026-08-13T17:45:00,\N,\N,\N,5.407478086537559,-76.41636127116418,5.407,-76.416,https://chatmap.hotosm.org/api/v1/media/6482a4ee-d49f-4ba2-9ab1-a2b082610d73.jpg,data/media/6482a4ee-d49f-4ba2-9ab1-a2b082610d73.jpg,d94566ef9c93f2b21dc08181c98505427b100acc0e8da8caaa8c6f87be474d32,\N,4,"{""mmi"": 6.8, ""aoi"": null, ""posterior_al_sismo"": true}",\N,coherente,,2026-08-23
chatmap,336d274f-ff94-4538-8a24-e12a2e2c6d8e,2026-08-14T14:38:00,\N,\N,\N,4.816453,-75.71685,4.816,-75.717,https://chatmap.hotosm.org/api/v1/media/a3bcbde2-b206-4d75-a543-1c375566f223.mp4,data/media/a3bcbde2-b206-4d75-a543-1c375566f223.mp4,b5e07345a67e549ae6755602c5e52b0789723378bdc06341f1914e75f8a68e0a,\N,5,"{""mmi"": 7.4, ""aoi"": ""Pereira"", ""posterior_al_sismo"": true}",\N,coherente,,2026-08-23
chatmap,338931b7-0893-4619-85c7-acee5052e27a,2026-08-10T19:32:00,\N,\N,\N,3.3927713727900364,-76.5435096246673,3.393,-76.544,https://chatmap.hotosm.org/api/v1/media/ca77b9ec-aca7-4ba6-80d7-d5243ec43161.jpg,data/media/ca77b9ec-aca7-4ba6-80d7-d5243ec43161.jpg,d6d9a73c840ad9dd6d932e0eaf028cdf48e5ca465848cad3f4e579aea1a62d26,\N,5,"{""mmi"": 6.4, ""aoi"": ""Western Colombia"", ""posterior_al_sismo"": true}",\N,coherente,,2026-08-23
chatmap,33be0b75-30b2-40e0-a934-ef0d7381bc0a,2026-08-21T18:02:00,\N,\N,\N,4.813281911417259,-75.70422210921957,4.813,-75.704,https://chatmap.hotosm.org/api/v1/media/f47646ed-fd4c-4c1b-bd19-4f895bba7151.jpg,data/media/f47646ed-fd4c-4c1b-bd19-4f895bba7151.jpg,6af372168a72cb8292cf49e0884a3a0241ecf6df4c09ab11c192b6d7699e7f41,\N,5,"{""mmi"": 7.5, ""aoi"": ""Pereira"", ""posterior_al_sismo"": true}",\N,coherente,IMG-20260821-WA0099.jpg (file attached),2026-08-23
chatmap,33cb9997-8f02-4539-aaa7-754899102ba5,2026-08-22T18:13:00,\N,\N,\N,4.7962816,-75.9932303,4.796,-75.993,https://chatmap.hotosm.org/api/v1/media/8379801e-8a5f-43ca-b29c-2d85e0957bcc.jpg,data/media/8379801e-8a5f-43ca-b29c-2d85e0957bcc.jpg,3683c292ca13bad06fb93ee4ef5547851b7cfd9ada6b5bbefda314febe56f642,\N,5,"{""mmi"": 7.3, ""aoi"": ""Western Colombia"", ""posterior_al_sismo"": true}",\N,coherente,IMG-20260822-WA0313.jpg (file attached),2026-08-23
chatmap,34d428e4-f29e-436f-ba8f-bdd84e35cc81,2026-08-11T13:48:00,\N,\N,\N,4.902204,-76.845396,4.902,-76.845,https://chatmap.hotosm.org/api/v1/media/5f568d18-7a3e-4168-9e4d-dde5bc849010.mp4,data/media/5f568d18-7a3e-4168-9e4d-dde5bc849010.mp4,a711f102aff25c562746e144c36c13e24608137cefccb9ed6951990047e5c4bd,\N,5,"{""mmi"": 6.7, ""aoi"": ""Western Colombia"", ""posterior_al_sismo"": true}",\N,coherente,,2026-08-23
chatmap,35247131-48e5-435b-9d08-69900560af45,2026-08-13T14:23:00,\N,\N,\N,4.813785,-75.693436,4.814,-75.693,https://chatmap.hotosm.org/api/v1/media/af2d8019-0a93-4beb-ab73-c820464202b9.jpg,data/media/af2d8019-0a93-4beb-ab73-c820464202b9.jpg,1a74305bee346cb73e94206be05b1bc669438513afe0eae90cf7a8ffa3786ed1,\N,5,"{""mmi"": 7.5, ""aoi"": ""Pereira"", ""posterior_al_sismo"": true}",\N,coherente,,2026-08-23
chatmap,354eae06-d096-4d13-a7a1-153995276957,2026-08-20T08:09:00,\N,\N,\N,3.434362,-76.534808,3.434,-76.535,https://chatmap.hotosm.org/api/v1/media/437e6874-f5b4-4860-9338-a4e4301cfbbe.jpg,data/media/437e6874-f5b4-4860-9338-a4e4301cfbbe.jpg,25e717b6fbda9693a9a363f649bd58adddc158d1b235e8ffdda835a98690be40,\N,5,"{""mmi"": 6.6, ""aoi"": ""Western Colombia"", ""posterior_al_sismo"": true}",\N,coherente,IMG-20260819-WA0119.jpg (file attached),2026-08-23
chatmap,35de8b7e-209b-4308-a7b5-db0ac753c447,2026-08-12T21:19:00,\N,\N,\N,3.933107597118015,-76.48571912187295,3.933,-76.486,https://chatmap.hotosm.org/api/v1/media/2bcd4119-21d3-4392-9663-fa666a69a4f3.jpg,data/media/2bcd4119-21d3-4392-9663-fa666a69a4f3.jpg,eaec484c62c8414549e53a7c4049d6d675861b287a51a5abf113ed7cda2f4c94,\N,5,"{""mmi"": 5.7, ""aoi"": ""Western Colombia"", ""posterior_al_sismo"": true}",\N,coherente,,2026-08-23
chatmap,3631763d-1300-4ce0-8ded-31471a3b0855,2026-08-11T15:09:00,\N,\N,\N,3.420397045996541,-76.54797343869066,3.42,-76.548,https://chatmap.hotosm.org/api/v1/media/a0b61507-87ad-45a5-8313-806ebf4a3877.jpg,data/media/a0b61507-87ad-45a5-8313-806ebf4a3877.jpg,f11147c63539512aada1019f2084245ff70a6cef367e946fe31b57984710362f,\N,5,"{""mmi"": 6.3, ""aoi"": ""Western Colombia"", ""posterior_al_sismo"": true}",\N,coherente,,2026-08-23
chatmap,363f7ab1-e3cf-4a05-b845-19448b002a8e,2026-08-21T18:02:00,\N,\N,\N,3.45083,-76.533479,3.451,-76.533,https://chatmap.hotosm.org/api/v1/media/4ebe533d-a851-4e73-ae7c-75dd233223cc.jpg,data/media/4ebe533d-a851-4e73-ae7c-75dd233223cc.jpg,8ea46a4ec581dff9295e82bade3f64087cc6b79ac185695f8426a25e09ad643c,\N,5,"{""mmi"": 6.3, ""aoi"": ""Cali Center"", ""posterior_al_sismo"": true}",\N,coherente,IMG-20260820-WA0171.jpg (file attached) Edificio de 32 pisos en Cali,2026-08-23
chatmap,365b1ea8-ab8e-4004-8ead-d43afed39deb,2026-08-10T17:08:00,\N,\N,\N,4.654244338432306,-76.6427813730223,4.654,-76.643,https://chatmap.hotosm.org/api/v1/media/0ff1ff38-5b35-4a31-b3dd-5a041bc392c6.mp4,data/media/0ff1ff38-5b35-4a31-b3dd-5a041bc392c6.mp4,6e08d86fe9a1407cc968efe201cedf7f9e15a5ba602577bd5d625659a385e9ac,\N,5,"{""mmi"": 6.8, ""aoi"": ""Western Colombia"", ""posterior_al_sismo"": true}",\N,coherente,,2026-08-23
chatmap,367dc6d2-6da4-4b1c-ac4b-f2e06081c8a1,2026-08-13T09:46:28,\N,\N,\N,5.350944805255522,-76.12202021022331,5.351,-76.122,https://chatmap.hotosm.org/api/v1/media/40cae3fe-fcc9-4302-839c-3dc7cea73315.mp4,data/media/40cae3fe-fcc9-4302-839c-3dc7cea73315.mp4,3c0f22dca0693db57bd166bf4e70d8f711418a1c341dcc2708516daf1d62b846,\N,4,"{""mmi"": 6.1, ""aoi"": null, ""posterior_al_sismo"": true}",\N,coherente,,2026-08-23
chatmap,37175068-b7b3-48b6-aa90-e711e1c31070,2026-08-13T08:54:56,\N,\N,\N,4.800086415072287,-75.68976862417706,4.8,-75.69,https://chatmap.hotosm.org/api/v1/media/70fb43a0-b5ba-4272-9475-85bab9693d9b.jpg,data/media/70fb43a0-b5ba-4272-9475-85bab9693d9b.jpg,97596348c7b6737bda428d050e59b756dd4d9aa4f427ed5e759b112002231b6b,\N,5,"{""mmi"": 7.6, ""aoi"": ""Pereira"", ""posterior_al_sismo"": true}",\N,coherente,,2026-08-23
chatmap,37e08624-46c1-4f0b-806f-46434018d2fb,2026-08-22T18:13:00,\N,\N,\N,3.4288308,-76.5367159,3.429,-76.537,https://chatmap.hotosm.org/api/v1/media/cd9a1125-07fe-4360-a41c-599135822396.jpg,data/media/cd9a1125-07fe-4360-a41c-599135822396.jpg,c0b067b3f61a293ccf9b438de96c94e9b60ced18b62d7d9a857d343264ab265d,\N,5,"{""mmi"": 6.6, ""aoi"": ""Western Colombia"", ""posterior_al_sismo"": true}",\N,coherente,IMG-20260822-WA0227.jpg (file attached),2026-08-23
chatmap,38abf3fd-c9f1-4d8a-a15c-e5988cf18ffa,2026-08-14T14:38:00,\N,\N,\N,4.816037,-75.705521,4.816,-75.706,https://chatmap.hotosm.org/api/v1/media/ef40ea93-e269-4943-9eef-8506a3a430be.jpg,data/media/ef40ea93-e269-4943-9eef-8506a3a430be.jpg,f561f385bcfce4c4b9f416f975b7b12b6b817fb959b522ee5f0acb2862316020,\N,5,"{""mmi"": 7.5, ""aoi"": ""Pereira"", ""posterior_al_sismo"": true}",\N,coherente,,2026-08-23
chatmap,38b7bf3a-a084-4def-b3a7-ac70eb919f70,2026-08-14T19:47:00,\N,\N,\N,5.681286188629918,-76.65061806216595,5.681,-76.651,https://chatmap.hotosm.org/api/v1/media/1615dd56-ecf3-4a7c-974b-b934abe8182e.jpg,data/media/1615dd56-ecf3-4a7c-974b-b934abe8182e.jpg,794cde67d162ab6bff97d0f999506d7843fd02404261b05638ebe4d09e82d935,\N,5,"{""mmi"": 7.5, ""aoi"": ""Quibdo Centre"", ""posterior_al_sismo"": true}",\N,coherente,,2026-08-23
chatmap,38bf54fa-cf7a-4cbf-826a-8c5ec059038b,2026-08-13T14:17:00,\N,\N,\N,3.4099366140109595,-76.56333363425117,3.41,-76.563,https://chatmap.hotosm.org/api/v1/media/8c2490ff-5aae-4e64-8490-d17d6d2e8c75.jpg,data/media/8c2490ff-5aae-4e64-8490-d17d6d2e8c75.jpg,cca5215bdbe055da8ea42e37c943b6add0feba069760b51c6d045d33693106ec,\N,5,"{""mmi"": 6.3, ""aoi"": ""Western Colombia"", ""posterior_al_sismo"": true}",\N,coherente,,2026-08-23
chatmap,38e342b0-e3e4-4677-86f9-4881c928a589,2026-08-13T10:15:09,\N,\N,\N,5.351690870693524,-76.12479325484095,5.352,-76.125,https://chatmap.hotosm.org/api/v1/media/f0a85e14-b734-413a-a2b5-8dd58c6ac5c8.jpg,data/media/f0a85e14-b734-413a-a2b5-8dd58c6ac5c8.jpg,9b2a546c1cc89be5f8833416430978180b16ce0e590b8989b926028d03d2ad42,\N,4,"{""mmi"": 6.1, ""aoi"": null, ""posterior_al_sismo"": true}",\N,coherente,,2026-08-23
chatmap,3a35a1c2-0e36-4380-bc79-5fcc44018f1f,2026-08-22T18:13:00,\N,\N,\N,4.811772,-75.7062946,4.812,-75.706,https://chatmap.hotosm.org/api/v1/media/9d340044-dfc3-4080-9f59-7c09742fb05b.jpg,data/media/9d340044-dfc3-4080-9f59-7c09742fb05b.jpg,f46a6187019a811f56a55c1a1db3068aa0c0f02f74c3564900e4fe85d3233005,\N,5,"{""mmi"": 7.5, ""aoi"": ""Pereira"", ""posterior_al_sismo"": true}",\N,coherente,IMG-20260822-WA0285.jpg (file attached),2026-08-23
chatmap,3a598c6c-a21a-4dee-9dae-b670e91275d2,2026-08-12T17:55:00,\N,\N,\N,3.9727754291427404,-76.43931266159122,3.973,-76.439,https://chatmap.hotosm.org/api/v1/media/d977a61f-ca82-4d42-9b90-aa1ef90172ae.jpg,data/media/d977a61f-ca82-4d42-9b90-aa1ef90172ae.jpg,f59034ec48d8c13954da37e03b4bb4d4f424b9666d1e28a8c45517d59233a498,\N,5,"{""mmi"": 5.9, ""aoi"": ""Western Colombia"", ""posterior_al_sismo"": true}",\N,coherente,,2026-08-23
chatmap,3ad683c0-d0dd-4fa4-aa1d-32d8aa4e21e3,2026-08-12T17:56:00,\N,\N,\N,3.9727754291427404,-76.43931266159122,3.973,-76.439,https://chatmap.hotosm.org/api/v1/media/802f3b37-51c2-409b-9046-3bd1d594c91d.jpg,data/media/802f3b37-51c2-409b-9046-3bd1d594c91d.jpg,3f047e4199f39ac5ef26f0b7a029a5d03c3aa2606f43006c4def83b4b5458936,\N,3,"{""mmi"": 5.9, ""aoi"": ""Western Colombia"", ""posterior_al_sismo"": true, ""duplicado_de"": ""04016398-85c6-488a-9180-bdd28764cb0f""}",\N,coherente,,2026-08-23
chatmap,3ae607db-8831-496b-9cda-ba5bd7925211,2026-08-20T17:47:00,\N,\N,\N,4.8141922,-75.6875117,4.814,-75.688,https://chatmap.hotosm.org/api/v1/media/5f15f538-96bb-4e13-82d3-68e982bcf5a2.jpg,data/media/5f15f538-96bb-4e13-82d3-68e982bcf5a2.jpg,ea7bc37f18a3ad4a44941215446ebe1c30341d96fa6a8d0c6d67e4634efe1752,\N,5,"{""mmi"": 7.5, ""aoi"": ""Pereira"", ""posterior_al_sismo"": true}",\N,coherente,IMG-20260820-WA0116.jpg (file attached),2026-08-23
chatmap,3b89cf28-5ddc-4d97-a360-38c6a27cca3e,2026-08-13T09:44:50,\N,\N,\N,5.411726037807953,-76.41469656422512,5.412,-76.415,https://chatmap.hotosm.org/api/v1/media/27a01a57-cbaa-468b-9b4f-a38c9ad28524.jpg,data/media/27a01a57-cbaa-468b-9b4f-a38c9ad28524.jpg,748bfb4bb071e5bd3dbc3e5baeb40ba906fbb748e7dbe8848ab867c83677f45f,\N,4,"{""mmi"": 6.8, ""aoi"": null, ""posterior_al_sismo"": true}",\N,coherente,,2026-08-23
chatmap,3bc77a73-0df2-4ccf-8041-325261496769,2026-08-10T18:10:00,\N,\N,\N,3.40925,-76.549678,3.409,-76.55,https://chatmap.hotosm.org/api/v1/media/abfbd17a-6eba-4547-a3d1-692e920397c8.jpg,data/media/abfbd17a-6eba-4547-a3d1-692e920397c8.jpg,e44af64b90f55c2963aff48bcfac6c85bac441588f358cc49a3c97d0b8c07803,\N,3,"{""mmi"": 6.3, ""aoi"": ""Western Colombia"", ""posterior_al_sismo"": true, ""duplicado_de"": ""066bec68-169f-49bf-8984-75c12bdc890f""}",\N,coherente,,2026-08-23
chatmap,3cbbb24e-ab66-4939-bd05-12558ef61b60,2026-08-13T14:22:00,\N,\N,\N,4.812712,-75.693405,4.813,-75.693,https://chatmap.hotosm.org/api/v1/media/c52e04a3-b446-48fd-9a2e-3a8b8f5a10c6.jpg,data/media/c52e04a3-b446-48fd-9a2e-3a8b8f5a10c6.jpg,85983435a13194a02afde61fd35cb929373d4bd1eef2e1ab2abe34676a28e316,\N,5,"{""mmi"": 7.5, ""aoi"": ""Pereira"", ""posterior_al_sismo"": true}",\N,coherente,,2026-08-23
chatmap,3cc1a7ce-c5aa-407f-b5eb-606b416e4e99,2026-08-13T13:16:00,\N,\N,\N,5.686955543041874,-76.64376437765637,5.687,-76.644,https://chatmap.hotosm.org/api/v1/media/627cb272-5b43-471a-bb93-53d283fc2f1a.mp4,data/media/627cb272-5b43-471a-bb93-53d283fc2f1a.mp4,b660e24def888cb4b89294188dd258ff4003a3db471f42ff628e27e7820b62fc,\N,5,"{""mmi"": 7.4, ""aoi"": ""Quibdo Centre"", ""posterior_al_sismo"": true}",\N,coherente,,2026-08-23
chatmap,3f61dc61-412a-433b-a816-0a7bb323a86e,2026-08-13T08:56:47,\N,\N,\N,4.800086415072287,-75.68976862417706,4.8,-75.69,https://chatmap.hotosm.org/api/v1/media/4ca4e3bd-e186-492b-ad5f-7e1ce3f9e302.jpg,data/media/4ca4e3bd-e186-492b-ad5f-7e1ce3f9e302.jpg,ae5a457791c031b1a840d0083d81b4a3166350a255c5588015bb5705bb9278d1,\N,5,"{""mmi"": 7.6, ""aoi"": ""Pereira"", ""posterior_al_sismo"": true}",\N,coherente,,2026-08-23
chatmap,3f874663-0901-4be4-a221-6e81d6c1946b,2026-08-22T18:13:00,\N,\N,\N,4.8047029,-75.6842448,4.805,-75.684,https://chatmap.hotosm.org/api/v1/media/a5cba043-ca37-4cfa-b9a9-a66959acdd56.jpg,data/media/a5cba043-ca37-4cfa-b9a9-a66959acdd56.jpg,64f97587670b1913ecbe964ed4218c5e15e3f840b88e1074e2f640d0252c06b2,\N,5,"{""mmi"": 7.6, ""aoi"": ""Pereira"", ""posterior_al_sismo"": true}",\N,coherente,IMG-20260822-WA0128.jpg (file attached),2026-08-23
chatmap,40af8db0-545c-4ba8-bc68-c058fc5363a2,2026-08-11T18:06:00,\N,\N,\N,3.428376341081978,-76.54536296217957,3.428,-76.545,https://chatmap.hotosm.org/api/v1/media/e5471d1b-f4ee-4359-bf08-32129337f597.jpg,data/media/e5471d1b-f4ee-4359-bf08-32129337f597.jpg,a3c345d9e31efdd9980d94b1cfa9a1ab5b40683b6ca76ad5fcf5d04e6369903b,\N,5,"{""mmi"": 6.3, ""aoi"": ""Western Colombia"", ""posterior_al_sismo"": true}",\N,coherente,,2026-08-23
chatmap,415d0b1c-9d1a-455e-ad85-cd74bec90150,2026-08-20T08:09:00,\N,\N,\N,4.8126945,-75.7063804,4.813,-75.706,https://chatmap.hotosm.org/api/v1/media/71fe4391-7aa5-465c-8861-4cf858aab9f4.jpg,data/media/71fe4391-7aa5-465c-8861-4cf858aab9f4.jpg,24e7ad8bff0bf8be5aeb7d2e8dbc3548890c52479ce016e5b313497260f19d77,\N,5,"{""mmi"": 7.5, ""aoi"": ""Pereira"", ""posterior_al_sismo"": true}",\N,coherente,IMG-20260819-WA0133.jpg (file attached),2026-08-23
chatmap,41bc4ff9-dd7f-4fbb-ba9c-f7891a744920,2026-08-14T19:47:00,\N,\N,\N,4.814547,-75.699318,4.815,-75.699,https://chatmap.hotosm.org/api/v1/media/68827d5c-4f23-4062-b35b-17f3b6a07920.jpg,data/media/68827d5c-4f23-4062-b35b-17f3b6a07920.jpg,31b6ed457acaa282b59fe8354e38cbf5630ccdf6fa7b52063915a98311ee590c,\N,5,"{""mmi"": 7.5, ""aoi"": ""Pereira"", ""posterior_al_sismo"": true}",\N,coherente,,2026-08-23
chatmap,41c899da-f53f-46c5-a152-232adfbdcbd1,2026-08-12T17:47:00,\N,\N,\N,4.844148917452708,-75.66209522668386,4.844,-75.662,https://chatmap.hotosm.org/api/v1/media/0a15e349-bda9-4dcf-ae95-80b507687c16.jpg,data/media/0a15e349-bda9-4dcf-ae95-80b507687c16.jpg,92ff2364272c0294df6d0a1cbf9fda89253e320e10aa7ca3aaa7590d01df05ed,\N,5,"{""mmi"": 7.3, ""aoi"": ""Western Colombia"", ""posterior_al_sismo"": true}",\N,coherente,,2026-08-23
chatmap,42370942-bd16-4cb2-ac99-78c50efee4f6,2026-08-14T19:47:00,\N,\N,\N,4.795004,-75.701996,4.795,-75.702,https://chatmap.hotosm.org/api/v1/media/1bdf27c7-128e-44b6-a0c0-7795f2445b46.jpg,data/media/1bdf27c7-128e-44b6-a0c0-7795f2445b46.jpg,2c2caaaf9d3a5841ffc9aea21a51cca95606f79433c51c976c4ce51384cae0bd,\N,5,"{""mmi"": 7.6, ""aoi"": ""Western Colombia"", ""posterior_al_sismo"": true}",\N,coherente,,2026-08-23
chatmap,4250d780-db24-4cd0-baf5-a6925112c79c,2026-08-11T13:02:00,\N,\N,\N,3.4066556010950744,-76.53343013703112,3.407,-76.533,https://chatmap.hotosm.org/api/v1/media/2e03c63c-e4f8-412d-8cfe-0ead11ae46a3.jpg,data/media/2e03c63c-e4f8-412d-8cfe-0ead11ae46a3.jpg,999509fbaa0b97b0a90319ea3d514d251b964e154f47fec1fda4cd0d3c7d5f5e,\N,5,"{""mmi"": 6.6, ""aoi"": ""Western Colombia"", ""posterior_al_sismo"": true}",\N,coherente,,2026-08-23
chatmap,426578db-74d1-4abf-993e-b6694c4b0d6c,2026-08-12T21:20:00,\N,\N,\N,3.933107597118015,-76.48571912187295,3.933,-76.486,https://chatmap.hotosm.org/api/v1/media/170c8d27-d09f-45d8-9856-eb7879c4c87a.mp4,data/media/170c8d27-d09f-45d8-9856-eb7879c4c87a.mp4,601c25992c26c16b3234b931f7f232ab4c3230723e40197ab549f4e04ce7950d,\N,5,"{""mmi"": 5.7, ""aoi"": ""Western Colombia"", ""posterior_al_sismo"": true}",\N,coherente,,2026-08-23
chatmap,42ede1a2-06f2-42cc-9fbf-4599225f1184,2026-08-22T18:13:00,\N,\N,\N,4.814581,-75.701057,4.815,-75.701,https://chatmap.hotosm.org/api/v1/media/48fbec3b-23fb-451d-a0b3-d346406e0495.jpg,data/media/48fbec3b-23fb-451d-a0b3-d346406e0495.jpg,79694f5ef76eb08e57e04b4fe7b634f6662089ed9d70f9b246cb8b15c4523221,\N,5,"{""mmi"": 7.5, ""aoi"": ""Pereira"", ""posterior_al_sismo"": true}",\N,coherente,IMG-20260822-WA0530.jpg (file attached),2026-08-23
chatmap,4329d5d7-e18f-4077-a52e-9d5dfeaf9cb0,2026-08-10T20:04:00,\N,\N,\N,5.058614,-75.487617,5.059,-75.488,https://chatmap.hotosm.org/api/v1/media/0220bd9f-9404-41c6-87b4-abb7256eb66e.jpg,data/media/0220bd9f-9404-41c6-87b4-abb7256eb66e.jpg,296dc8540bc4cfacd0c3c9d8d98675c9a0e7ab751a45b9ef1a151d6c17978843,\N,5,"{""mmi"": 6.4, ""aoi"": ""Western Colombia"", ""posterior_al_sismo"": true}",\N,coherente,,2026-08-23
chatmap,433e6628-d699-418a-8eea-445cd5eaf608,2026-08-14T14:38:00,\N,\N,\N,5.677936654543647,-76.63977173526443,5.678,-76.64,https://chatmap.hotosm.org/api/v1/media/9e6730d8-32fb-4ad0-87aa-4ef6ebe055f5.mp4,data/media/9e6730d8-32fb-4ad0-87aa-4ef6ebe055f5.mp4,1f203c385d9f78fcf41c09907e59eb801a5701121a83bed3a552f7ec79ed4837,\N,4,"{""mmi"": 7.4, ""aoi"": null, ""posterior_al_sismo"": true}",\N,coherente,,2026-08-23
chatmap,435db3e5-cecb-48a7-b80c-452d7fee5170,2026-08-10T16:23:00,\N,\N,\N,3.009827735591556,-76.49427553334587,3.01,-76.494,https://chatmap.hotosm.org/api/v1/media/b79bba16-051f-432c-a4fb-9aa5bb7c6286.jpg,data/media/b79bba16-051f-432c-a4fb-9aa5bb7c6286.jpg,06cd621164b075ef29e9a258b53ca13fc1d4048bfc02380d33814db3a56a77d4,\N,5,"{""mmi"": 5.8, ""aoi"": ""Western Colombia"", ""posterior_al_sismo"": true}",\N,coherente,,2026-08-23
chatmap,43a54f5a-037e-4289-af9e-2a1d52f207c7,2026-08-13T09:47:43,\N,\N,\N,5.688139454603713,-76.66148611910855,5.688,-76.661,https://chatmap.hotosm.org/api/v1/media/2341cd39-f96b-4f71-8856-c69e9ef9467c.jpg,data/media/2341cd39-f96b-4f71-8856-c69e9ef9467c.jpg,858bc23fc56c1b468340033ceff92c36e2a25ea3967725d9c299d4bbbbd48209,\N,5,"{""mmi"": 7.5, ""aoi"": ""Quibdo Centre"", ""posterior_al_sismo"": true}",\N,coherente,,2026-08-23
chatmap,443ebf1f-5203-48be-860a-60d299cad3c1,2026-08-21T18:02:00,\N,\N,\N,4.653916,-76.642929,4.654,-76.643,https://chatmap.hotosm.org/api/v1/media/589cbb42-a33e-4c03-9b71-6b1ef1862b9d.jpg,data/media/589cbb42-a33e-4c03-9b71-6b1ef1862b9d.jpg,28b3cff801d98e1a631c02fabc4d4642bc56b0bcbec10d1ad7738837a8f6e308,\N,5,"{""mmi"": 6.8, ""aoi"": ""Western Colombia"", ""posterior_al_sismo"": true}",\N,coherente,IMG-20260821-WA0042.jpg (file attached),2026-08-23
chatmap,44a8397f-f2e6-454d-8c97-0aa06fc3a8cd,2026-08-11T11:44:38,\N,\N,\N,3.4280904378053694,-76.54540752951246,3.428,-76.545,https://chatmap.hotosm.org/api/v1/media/68e301be-9314-414c-b8d5-d30aac276970.jpg,data/media/68e301be-9314-414c-b8d5-d30aac276970.jpg,449b53d33239a7e6241c61cc2905d9450ff7f560455f88e55dc81e8bd0f86456,\N,5,"{""mmi"": 6.3, ""aoi"": ""Western Colombia"", ""posterior_al_sismo"": true}",\N,coherente,,2026-08-23
chatmap,458f3ad9-abd4-42ea-8135-4cd483eaac72,2026-08-20T08:09:00,\N,\N,\N,4.7966638,-75.6913483,4.797,-75.691,https://chatmap.hotosm.org/api/v1/media/5dd77933-bd4d-4dd3-a133-2e28771d7395.jpg,data/media/5dd77933-bd4d-4dd3-a133-2e28771d7395.jpg,32083ddefbe40bbc4cbaec8210ba3a86a6057efd73fadbcb1b16fa6a2b9de6ef,\N,5,"{""mmi"": 7.6, ""aoi"": ""Pereira"", ""posterior_al_sismo"": true}",\N,coherente,IMG-20260819-WA0126.jpg (file attached),2026-08-23
chatmap,46461c28-1461-48fe-8202-7ee5107ccfed,2026-08-13T16:45:00,\N,\N,\N,4.813436,-75.689354,4.813,-75.689,https://chatmap.hotosm.org/api/v1/media/04979669-ca20-46f7-8175-0bad1f44bfdd.jpg,data/media/04979669-ca20-46f7-8175-0bad1f44bfdd.jpg,c9035af488c0c71b9b43a547248a0945698363772a5a62a2c217cddef6014da3,\N,5,"{""mmi"": 7.5, ""aoi"": ""Pereira"", ""posterior_al_sismo"": true}",\N,coherente,,2026-08-23
chatmap,464eff17-bd4d-4613-a620-b95f857b4a02,2026-08-22T10:12:00,\N,\N,\N,4.8129651,-75.7046719,4.813,-75.705,https://chatmap.hotosm.org/api/v1/media/17b43510-abd2-43a5-b58d-1a5336e600c5.jpg,data/media/17b43510-abd2-43a5-b58d-1a5336e600c5.jpg,193f4069ef06acdbb52774fad4fa2cdadecd3587047e2d4ca3fc1d973388a214,\N,5,"{""mmi"": 7.5, ""aoi"": ""Pereira"", ""posterior_al_sismo"": true}",\N,coherente,IMG-20260821-WA0125.jpg (file attached),2026-08-23
chatmap,473e67d4-bbb7-4fe6-a9af-faeab2b82671,2026-08-22T10:12:00,\N,\N,\N,4.653944234551049,-76.6424225364117,4.654,-76.642,https://chatmap.hotosm.org/api/v1/media/89197d94-d303-4f97-a1ee-19c0de421bf6.jpg,data/media/89197d94-d303-4f97-a1ee-19c0de421bf6.jpg,452352e13ad5223a33337982a0db0f1cc8885baf16f5d30a0d97cf9bf9976f1a,\N,5,"{""mmi"": 6.8, ""aoi"": ""Western Colombia"", ""posterior_al_sismo"": true}",\N,coherente,IMG-20260821-WA0119.jpg (file attached),2026-08-23
chatmap,47dab542-eb35-4caa-9a68-27e5e8b19f2c,2026-08-22T18:13:00,\N,\N,\N,4.795303,-75.9954555,4.795,-75.995,https://chatmap.hotosm.org/api/v1/media/2fd07398-7cd8-4d0e-83e5-6ea2ab09738a.jpg,data/media/2fd07398-7cd8-4d0e-83e5-6ea2ab09738a.jpg,c705119f27de6c2d7c5eb933b8fdb542e477dc93f71636775b8ebba13275ecef,\N,5,"{""mmi"": 7.3, ""aoi"": ""Western Colombia"", ""posterior_al_sismo"": true}",\N,coherente,IMG-20260822-WA0249.jpg (file attached),2026-08-23
chatmap,48007f47-bfa7-42c8-b1ef-37682653063b,2026-08-11T22:17:00,\N,\N,\N,5.687695792957419,-76.646384884201,5.688,-76.646,https://chatmap.hotosm.org/api/v1/media/894421ee-78ac-421e-8c6c-91b61b2929cf.jpg,data/media/894421ee-78ac-421e-8c6c-91b61b2929cf.jpg,5b47ba18568d42bfc87989d6517e3f48c0ede6bfd20b9531938975e1104427b0,\N,5,"{""mmi"": 7.4, ""aoi"": ""Quibdo Centre"", ""posterior_al_sismo"": true}",\N,coherente,,2026-08-23
chatmap,48848062-7f44-4300-87b8-cdb9ae6b5f65,2026-08-12T21:24:00,\N,\N,\N,3.9322943719377763,-76.48598363038673,3.932,-76.486,https://chatmap.hotosm.org/api/v1/media/f1ff227f-cdd1-47ba-89a5-7f5b61e3303d.jpg,data/media/f1ff227f-cdd1-47ba-89a5-7f5b61e3303d.jpg,902a3cd4a2f0e14ee49c75d6786519a33ab854cec70d7d4420baf165cae5da08,\N,5,"{""mmi"": 5.7, ""aoi"": ""Western Colombia"", ""posterior_al_sismo"": true}",\N,coherente,,2026-08-23
chatmap,48dac89e-4ccf-4abe-92c1-dab95cc8e585,2026-08-13T13:46:00,\N,\N,\N,4.810375465625216,-75.69473864549153,4.81,-75.695,https://chatmap.hotosm.org/api/v1/media/00dff027-d6bc-4ba5-9f75-3f8b7e76266d.jpg,data/media/00dff027-d6bc-4ba5-9f75-3f8b7e76266d.jpg,0b4e2a8dfd5c1dee66a378a2f470934ed2b95e45c40482aae09193d91ad2ccce,\N,5,"{""mmi"": 7.5, ""aoi"": ""Pereira"", ""posterior_al_sismo"": true}",\N,coherente,,2026-08-23
chatmap,49748a1c-afd8-47ba-b8e4-2f3e32a0608a,2026-08-15T12:11:27,\N,\N,\N,5.684677,-76.646782,5.685,-76.647,https://chatmap.hotosm.org/api/v1/media/51dcc496-00cb-43e1-833f-c9970a9957dd.mp4,data/media/51dcc496-00cb-43e1-833f-c9970a9957dd.mp4,d0c8fc3033c262b18586365ecde0a2bbdf8afb37c749d80e1be91cea21d4655c,\N,5,"{""mmi"": 7.5, ""aoi"": ""Quibdo Centre"", ""posterior_al_sismo"": true}",\N,coherente,,2026-08-23
chatmap,4b2047ad-f11a-4b26-b83e-ce1b41ee89fd,2026-08-10T17:31:00,\N,\N,\N,4.729993,-76.794235,4.73,-76.794,https://chatmap.hotosm.org/api/v1/media/52a2db00-cd29-4040-81cc-36ee38042eaa.jpg,data/media/52a2db00-cd29-4040-81cc-36ee38042eaa.jpg,dc07916bf97483afaea419c63903206622eeb69a4374f7312f763155ac1ee055,\N,5,"{""mmi"": 6.8, ""aoi"": ""Western Colombia"", ""posterior_al_sismo"": true}",\N,coherente,,2026-08-23
chatmap,4b51944c-5088-4050-bac7-2db9c3d5e909,2026-08-22T18:13:00,\N,\N,\N,4.811921018804705,-75.70335725496739,4.812,-75.703,https://chatmap.hotosm.org/api/v1/media/d97eb9ce-e389-4146-9e83-ef6e6b314d3a.jpg,data/media/d97eb9ce-e389-4146-9e83-ef6e6b314d3a.jpg,44e693527c8816c7ca3b6667d5c6e353f506a3bfa4c9ea48d0063528c69851b5,\N,5,"{""mmi"": 7.5, ""aoi"": ""Pereira"", ""posterior_al_sismo"": true}",\N,coherente,IMG-20260822-WA0509.jpg (file attached),2026-08-23
chatmap,4ceb0bfa-f020-4b63-aa00-bb2f825cdaee,2026-08-10T15:23:00,\N,\N,\N,3.392734,-76.543505,3.393,-76.544,https://chatmap.hotosm.org/api/v1/media/4993dfe7-1090-4979-ae93-79248bca667f.jpg,data/media/4993dfe7-1090-4979-ae93-79248bca667f.jpg,8921992f20ee14480ee121b046a90234221e54dca93e91e975d1bdd16c0926c0,\N,5,"{""mmi"": 6.4, ""aoi"": ""Western Colombia"", ""posterior_al_sismo"": true}",\N,coherente,,2026-08-23
chatmap,4d32bac1-fd43-4778-ae98-92312e305b63,2026-08-14T19:47:00,\N,\N,\N,4.805776,-75.696869,4.806,-75.697,https://chatmap.hotosm.org/api/v1/media/08049f44-5fcc-4a19-b4f6-06fb805c8ddb.jpg,data/media/08049f44-5fcc-4a19-b4f6-06fb805c8ddb.jpg,e95e65d5507f9ec58360aa48defde4689d81c6bf004011f83e6654c8de94b4d1,\N,5,"{""mmi"": 7.6, ""aoi"": ""Pereira"", ""posterior_al_sismo"": true}",\N,coherente,,2026-08-23
chatmap,4d59063d-d9ba-4b49-a082-9316f980c296,2026-08-12T21:27:00,\N,\N,\N,7.157786280310871,-76.97179292318503,7.158,-76.972,https://chatmap.hotosm.org/api/v1/media/cb2cd0bd-0402-473e-9d34-6be0d6cbfead.jpg,data/media/cb2cd0bd-0402-473e-9d34-6be0d6cbfead.jpg,d91e96261b90c6c1decdac56b7ac9210a0565c101e9756d8bcb2fd6401ac4bc4,\N,4,"{""mmi"": 5.2, ""aoi"": null, ""posterior_al_sismo"": true}",\N,coherente,,2026-08-23
chatmap,4e544bf9-9ef3-43e6-8a76-89ad2d85434e,2026-08-21T18:02:00,\N,\N,\N,4.693912,-76.740372,4.694,-76.74,https://chatmap.hotosm.org/api/v1/media/cb63b903-b9bf-4e01-98b2-6c3a19b61d5b.jpg,data/media/cb63b903-b9bf-4e01-98b2-6c3a19b61d5b.jpg,b9717c2035ebdbdf67eb482973ac6d692d4d57b1361316c9b3b2e8a15d4378f7,\N,5,"{""mmi"": 6.9, ""aoi"": ""Western Colombia"", ""posterior_al_sismo"": true}",\N,coherente,IMG-20260821-WA0040.jpg (file attached),2026-08-23
chatmap,4ea8989b-709c-44fa-96cd-a689541a55a8,2026-08-18T18:50:00,\N,\N,\N,4.810908,-75.699191,4.811,-75.699,https://chatmap.hotosm.org/api/v1/media/1862adc6-91ac-495d-a361-784fafeee5af.jpg,data/media/1862adc6-91ac-495d-a361-784fafeee5af.jpg,914bb5935c94d5a7d607d54666bfb4e1f8bb2b1fa8592e71a3a148e75feef62f,\N,5,"{""mmi"": 7.5, ""aoi"": ""Pereira"", ""posterior_al_sismo"": true}",\N,coherente,IMG-20260818-WA0214.jpg (file attached),2026-08-23
chatmap,4f00e3f3-2523-44a5-8895-947d28b2ebe5,2026-08-10T15:12:00,\N,\N,\N,4.549661,-75.657873,4.55,-75.658,https://chatmap.hotosm.org/api/v1/media/c3e9e922-18b6-407b-99d6-439e9f7776a1.jpg,data/media/c3e9e922-18b6-407b-99d6-439e9f7776a1.jpg,a791615fabe6cb42b36be56982e82fa7940fed3dc39402840e5f54744d7dfbd1,\N,5,"{""mmi"": 7.1, ""aoi"": ""Western Colombia"", ""posterior_al_sismo"": true}",\N,coherente,,2026-08-23
chatmap,50662bf9-5860-4d83-b246-fe1eb59b0b8e,2026-08-22T18:13:00,\N,\N,\N,4.8066059,-75.7578802,4.807,-75.758,https://chatmap.hotosm.org/api/v1/media/95be33ff-9996-4175-a8ef-bb07b59cdee2.jpg,data/media/95be33ff-9996-4175-a8ef-bb07b59cdee2.jpg,283ff10c8e7c8742fc1eb958dd26666dceb6d2c08a99ad158920a3bd80016602,\N,5,"{""mmi"": 7.5, ""aoi"": ""Western Colombia"", ""posterior_al_sismo"": true}",\N,coherente,IMG-20260822-WA0536.jpg (file attached),2026-08-23
chatmap,5069a650-8570-41c0-aa62-f24afadca9f2,2026-08-20T08:09:00,\N,\N,\N,4.8007752,-75.7497722,4.801,-75.75,https://chatmap.hotosm.org/api/v1/media/3b44eff7-54e7-4b15-8b2d-3b83d4972ced.jpg,data/media/3b44eff7-54e7-4b15-8b2d-3b83d4972ced.jpg,3541c05c24d83a09c95f8064def2af6546fd859b5ff74415a89e291d0e5b9c17,\N,5,"{""mmi"": 7.7, ""aoi"": ""Western Colombia"", ""posterior_al_sismo"": true}",\N,coherente,IMG-20260819-WA0136.jpg (file attached),2026-08-23
chatmap,516955a4-b491-4c62-be01-3354c595ac1f,2026-08-22T18:13:00,\N,\N,\N,4.8124386,-75.696127,4.812,-75.696,https://chatmap.hotosm.org/api/v1/media/19b13f68-42be-4626-9b55-f4996a083808.jpg,data/media/19b13f68-42be-4626-9b55-f4996a083808.jpg,1c0d81372f0c484100448366fd59f5c10b6dc44cf82e371557c43c0f1d593e5a,\N,5,"{""mmi"": 7.5, ""aoi"": ""Pereira"", ""posterior_al_sismo"": true}",\N,coherente,IMG-20260822-WA0311.jpg (file attached),2026-08-23
chatmap,5171a403-d746-4873-aec1-0956c49b7810,2026-08-22T10:12:00,\N,\N,\N,4.693876575207064,-76.74040590268761,4.694,-76.74,https://chatmap.hotosm.org/api/v1/media/8912359b-a7ed-4008-a2a4-a423734e489b.jpg,data/media/8912359b-a7ed-4008-a2a4-a423734e489b.jpg,f269c0b399870aec431d205ce06f785c07fed8da84bd97644125b37dc570dae1,\N,5,"{""mmi"": 6.9, ""aoi"": ""Western Colombia"", ""posterior_al_sismo"": true}",\N,coherente,IMG-20260821-WA0117.jpg (file attached),2026-08-23
chatmap,51a01b7e-fc19-45b4-98d3-bc9fb9bbdf0b,2026-08-15T08:39:40,\N,\N,\N,4.804796,-75.739311,4.805,-75.739,https://chatmap.hotosm.org/api/v1/media/cf8cb596-e3f8-4075-b154-0489c1741b31.jpg,data/media/cf8cb596-e3f8-4075-b154-0489c1741b31.jpg,cbc390a2ee46b49274de633f44e37ff1dd39c6c833547fc6559a3cec5d73a1d9,\N,5,"{""mmi"": 7.7, ""aoi"": ""Western Colombia"", ""posterior_al_sismo"": true}",\N,coherente,,2026-08-23
chatmap,51c62d29-b746-4bd7-a905-a4cc986dbd50,2026-08-12T21:48:00,\N,\N,\N,3.9321254339349734,-76.48651504361588,3.932,-76.487,,\N,\N,\N,3,"{""mmi"": 5.7, ""aoi"": ""Western Colombia"", ""posterior_al_sismo"": true}",\N,coherente,,2026-08-23
chatmap,51d954fa-1d30-42d2-8f33-a08f9854a128,2026-08-11T16:42:00,\N,\N,\N,4.957193140936832,-76.6089861805774,4.957,-76.609,https://chatmap.hotosm.org/api/v1/media/133bc22b-d67a-44a6-b732-40b63aa3a226.jpg,data/media/133bc22b-d67a-44a6-b732-40b63aa3a226.jpg,2da6c0140f956e32fc683de5334d8d5f8736b3207d6002872bd07a9126f251b1,\N,5,"{""mmi"": 6.8, ""aoi"": ""Western Colombia"", ""posterior_al_sismo"": true}",\N,coherente,,2026-08-23
chatmap,521766dc-0258-4d98-9f47-38e28a900291,2026-08-12T21:29:00,\N,\N,\N,3.9321254339349734,-76.48651504361588,3.932,-76.487,https://chatmap.hotosm.org/api/v1/media/d1eefdea-a405-471c-b227-852e3f473070.jpg,data/media/d1eefdea-a405-471c-b227-852e3f473070.jpg,3220127319c57d98c6e58905fee25e92cda62a2978040f9a94431afd31f445e2,\N,5,"{""mmi"": 5.7, ""aoi"": ""Western Colombia"", ""posterior_al_sismo"": true}",\N,coherente,,2026-08-23
chatmap,523d059c-74c8-4d8e-aaed-ce9d1dd4953b,2026-08-10T15:53:00,\N,\N,\N,5.059245796810161,-75.48766474882564,5.059,-75.488,https://chatmap.hotosm.org/api/v1/media/5e9a413c-8f19-4460-a15b-6398e3184869.jpg,data/media/5e9a413c-8f19-4460-a15b-6398e3184869.jpg,d10bd73d8e5a915e3c89b5cf798e22b9b733a2db29cad17124acd2784f024c3d,\N,5,"{""mmi"": 6.4, ""aoi"": ""Western Colombia"", ""posterior_al_sismo"": true}",\N,coherente,,2026-08-23
chatmap,525a3e6e-c8b6-4a76-b010-06ea5af83672,2026-08-13T18:24:00,\N,\N,\N,4.803854,-75.698128,4.804,-75.698,https://chatmap.hotosm.org/api/v1/media/f5fa514c-8702-4b1b-9bab-f569a3bdfa1f.jpg,data/media/f5fa514c-8702-4b1b-9bab-f569a3bdfa1f.jpg,477aa1d78ad87ce1fb5ba1089b5f380b4f8585593488bbe942b120565f08679f,\N,5,"{""mmi"": 7.6, ""aoi"": ""Pereira"", ""posterior_al_sismo"": true}",\N,coherente,,2026-08-23
chatmap,52903542-8c56-403c-a947-ce7916b34b45,2026-08-20T17:47:00,\N,\N,\N,4.814366,-75.696006,4.814,-75.696,https://chatmap.hotosm.org/api/v1/media/983ff419-610b-449f-8afd-8dc7099ae3f3.jpg,data/media/983ff419-610b-449f-8afd-8dc7099ae3f3.jpg,cf677acad9f78d7d6442d270ac201d3f174bc9d56a9c18d33b72593730bd9903,\N,5,"{""mmi"": 7.5, ""aoi"": ""Pereira"", ""posterior_al_sismo"": true}",\N,coherente,IMG-20260820-WA0029.jpg (file attached),2026-08-23
chatmap,52fdf9c2-4670-4519-82f1-5e791dca49d1,2026-08-11T11:50:50,\N,\N,\N,3.407452346642445,-76.52833543318049,3.407,-76.528,https://chatmap.hotosm.org/api/v1/media/efe921cc-33a1-4bad-b692-2b3ae18b5204.jpg,data/media/efe921cc-33a1-4bad-b692-2b3ae18b5204.jpg,272f5a591824bfed40ac263bc4599bb6c08d1f2e28999b1c0e3f54d20ee43d22,\N,5,"{""mmi"": 6.6, ""aoi"": ""Western Colombia"", ""posterior_al_sismo"": true}",\N,coherente,,2026-08-23
chatmap,53718512-546b-4be3-b65f-aad3b65eade9,2026-08-11T13:56:00,\N,\N,\N,4.331621236881258,-75.82883783240719,4.332,-75.829,https://chatmap.hotosm.org/api/v1/media/979aebf5-f132-4ddb-8829-382cf29bc962.jpg,data/media/979aebf5-f132-4ddb-8829-382cf29bc962.jpg,24d31309c254752126ceb5b16e801f143a9d179fb92ff2d05a03c7312a429215,\N,5,"{""mmi"": 6.8, ""aoi"": ""Western Colombia"", ""posterior_al_sismo"": true}",\N,coherente,,2026-08-23
chatmap,5378da08-2b8c-4e76-b7e6-03bdb066fc97,2026-08-11T16:23:00,\N,\N,\N,4.335176979470853,-75.82936381126456,4.335,-75.829,https://chatmap.hotosm.org/api/v1/media/b1eae47b-922d-4754-9e30-be91615946b6.jpg,data/media/b1eae47b-922d-4754-9e30-be91615946b6.jpg,499e2c1e21dcfe32127c0251e0d6d9fbf085a41e05766f0037150549cb5b2327,\N,5,"{""mmi"": 6.8, ""aoi"": ""Western Colombia"", ""posterior_al_sismo"": true}",\N,coherente,,2026-08-23
chatmap,538c935a-5c65-4697-82e9-dcccef2d389a,2026-08-11T21:33:00,\N,\N,\N,4.410494,-76.155236,4.41,-76.155,https://chatmap.hotosm.org/api/v1/media/37944517-fd41-4fa5-9747-c79449d12488.jpg,data/media/37944517-fd41-4fa5-9747-c79449d12488.jpg,e843794335ac88057e2f2670944af46b9414dacb3651df34661fa3cee3ed7c23,\N,5,"{""mmi"": 7.4, ""aoi"": ""Western Colombia"", ""posterior_al_sismo"": true}",\N,coherente,,2026-08-23
chatmap,53c3418b-6956-49cc-a544-bc42fa83a0f7,2026-08-12T17:42:00,\N,\N,\N,3.504316084845676,-76.30341681708765,3.504,-76.303,https://chatmap.hotosm.org/api/v1/media/a831fdb1-14c6-4f10-9233-c734b301d7e6.mp4,data/media/a831fdb1-14c6-4f10-9233-c734b301d7e6.mp4,0bae2d9ba1f91e87246a1303768533a194ed2f3344552983072bc2d92df97773,\N,5,"{""mmi"": 6.3, ""aoi"": ""Western Colombia"", ""posterior_al_sismo"": true}",\N,coherente,,2026-08-23
chatmap,53c35172-c472-4578-b0d0-952357472a4b,2026-08-12T21:17:00,\N,\N,\N,3.933107597118015,-76.48571912187295,3.933,-76.486,https://chatmap.hotosm.org/api/v1/media/971a9efb-6e8e-40f4-bd5c-6f9624720927.mp4,data/media/971a9efb-6e8e-40f4-bd5c-6f9624720927.mp4,7b6a502bec3c290d15b32188e63aafa8ca64d773f9e46c291c6fb3a04717ee64,\N,5,"{""mmi"": 5.7, ""aoi"": ""Western Colombia"", ""posterior_al_sismo"": true}",\N,coherente,,2026-08-23
chatmap,53d8ded6-9514-47ce-abc5-8f6272ee34fe,2026-08-15T08:39:40,\N,\N,\N,4.805004,-75.739548,4.805,-75.74,https://chatmap.hotosm.org/api/v1/media/a3075577-0196-469b-be03-f7dcda285886.jpg,data/media/a3075577-0196-469b-be03-f7dcda285886.jpg,d52b06020498734f3bb99ec5283e8f2b4049e04b33f5eec7e4bea357648c5faf,\N,5,"{""mmi"": 7.7, ""aoi"": ""Western Colombia"", ""posterior_al_sismo"": true}",\N,coherente,,2026-08-23
chatmap,54571372-3428-432b-baaa-ec5fdaab8318,2026-08-14T14:38:00,\N,\N,\N,5.697537516712896,-76.6431831865065,5.698,-76.643,https://chatmap.hotosm.org/api/v1/media/4b3195fe-1198-4822-8d79-03800cc13477.jpg,data/media/4b3195fe-1198-4822-8d79-03800cc13477.jpg,71d453332b2f16b94d4f3e9cd5c931404bdec84cf3be5aaa26f7caafe56f06b3,\N,4,"{""mmi"": 7.4, ""aoi"": null, ""posterior_al_sismo"": true}",\N,coherente,,2026-08-23
chatmap,5476a829-fb1e-489d-89c6-84b2af186d7a,2026-08-14T19:47:00,\N,\N,\N,5.68045614582048,-76.64769149100138,5.68,-76.648,https://chatmap.hotosm.org/api/v1/media/5fc77141-b6ef-427a-bf03-c9e7dd9c85cd.jpg,data/media/5fc77141-b6ef-427a-bf03-c9e7dd9c85cd.jpg,4115fa1e8d17043f31b353adcdfdaf41ac39b16078a8c23cbb3a22a0d34cfe81,\N,5,"{""mmi"": 7.5, ""aoi"": ""Quibdo Centre"", ""posterior_al_sismo"": true}",\N,coherente,,2026-08-23
chatmap,560e1295-82c0-4c83-8afc-901415673c58,2026-08-22T18:13:00,\N,\N,\N,4.805025,-75.7563272,4.805,-75.756,https://chatmap.hotosm.org/api/v1/media/a4a3e5de-6e2c-455e-b0c9-093515605a3b.jpg,data/media/a4a3e5de-6e2c-455e-b0c9-093515605a3b.jpg,575257ba7ab30903a3349af7849fee84baf6843bfd7cf07f729cf668f0c21141,\N,5,"{""mmi"": 7.7, ""aoi"": ""Western Colombia"", ""posterior_al_sismo"": true}",\N,coherente,IMG-20260822-WA0535.jpg (file attached),2026-08-23
chatmap,56fd02e5-e3a7-496f-bcd8-3706246a2a54,2026-08-11T19:43:00,\N,\N,\N,3.4294208686810834,-76.52101222100949,3.429,-76.521,https://chatmap.hotosm.org/api/v1/media/54856bd5-287d-47e7-a263-8bce58db4067.jpg,data/media/54856bd5-287d-47e7-a263-8bce58db4067.jpg,f25ccfa771bc00a303a4213437b1823668ce1624084d82f694efad0849c91585,\N,5,"{""mmi"": 6.6, ""aoi"": ""Western Colombia"", ""posterior_al_sismo"": true}",\N,coherente,,2026-08-23
chatmap,576bd998-fad3-49c0-9aba-69ccad124349,2026-08-11T14:56:00,\N,\N,\N,4.332405814258909,-75.82870711810723,4.332,-75.829,https://chatmap.hotosm.org/api/v1/media/f4615c24-abab-4a18-89ef-e03c5c8eb53a.jpg,data/media/f4615c24-abab-4a18-89ef-e03c5c8eb53a.jpg,3290b24ce7b28d2e5d645de0f985f1d024eb617d936509a3549f5f35a60eee41,\N,5,"{""mmi"": 6.8, ""aoi"": ""Western Colombia"", ""posterior_al_sismo"": true}",\N,coherente,,2026-08-23
chatmap,58219ac2-a3ee-465d-b942-5fecab047ac7,2026-08-12T21:21:00,\N,\N,\N,3.933107597118015,-76.48571912187295,3.933,-76.486,https://chatmap.hotosm.org/api/v1/media/c9863db3-ffb7-4c42-886c-c911a59f11bb.mp4,data/media/c9863db3-ffb7-4c42-886c-c911a59f11bb.mp4,5475a953ffadb2e30d76fe0cf56b11bd7810434bfd5ac703e094e138521f1ff4,\N,5,"{""mmi"": 5.7, ""aoi"": ""Western Colombia"", ""posterior_al_sismo"": true}",\N,coherente,,2026-08-23
chatmap,584c0f7c-6bb4-4673-a60c-5313aa518f1f,2026-08-15T21:15:00,\N,\N,\N,4.816797,-75.690643,4.817,-75.691,https://chatmap.hotosm.org/api/v1/media/a99c4362-af94-461f-8a7d-866dc01bb24c.jpg,data/media/a99c4362-af94-461f-8a7d-866dc01bb24c.jpg,32dcc2b59acc900b443514f5054b74cb2a67f0f47271dd971affbfa1749da0de,\N,5,"{""mmi"": 7.5, ""aoi"": ""Pereira"", ""posterior_al_sismo"": true}",\N,coherente,<attached: 00000005-PHOTO-2026-08-15-21-15-56.jpg>,2026-08-23
chatmap,589a4f17-a58a-4096-ab8f-5d47950f7db3,2026-08-20T08:09:00,\N,\N,\N,4.8030191,-75.6914405,4.803,-75.691,https://chatmap.hotosm.org/api/v1/media/4132de1f-65d3-4726-a018-087a75833044.jpg,data/media/4132de1f-65d3-4726-a018-087a75833044.jpg,6142de13703d3e39391d4e513b9b9d8dbd71c2568da40b70020695fc7f15fc17,\N,5,"{""mmi"": 7.6, ""aoi"": ""Pereira"", ""posterior_al_sismo"": true}",\N,coherente,IMG-20260819-WA0127.jpg (file attached),2026-08-23
chatmap,58aea796-2e25-4a62-b0d2-a4de2c0907a3,2026-08-22T18:13:00,\N,\N,\N,4.8140833,-75.7144995,4.814,-75.714,https://chatmap.hotosm.org/api/v1/media/f049411e-0121-4af0-a57b-422c408944ed.jpg,data/media/f049411e-0121-4af0-a57b-422c408944ed.jpg,dacacf0b9666830931a613abc56b7db039bb77953be957c5902d7537af0fd697,\N,5,"{""mmi"": 7.4, ""aoi"": ""Pereira"", ""posterior_al_sismo"": true}",\N,coherente,IMG-20260822-WA0266.jpg (file attached),2026-08-23
chatmap,58fa4102-d3e8-43f7-99d8-43a2b69905ac,2026-08-14T14:38:00,\N,\N,\N,2.437433,-76.609208,2.437,-76.609,https://chatmap.hotosm.org/api/v1/media/b4fb3dda-da20-44ee-bf93-9b3ce07e6893.jpg,data/media/b4fb3dda-da20-44ee-bf93-9b3ce07e6893.jpg,3964bf6e3af57592149c235f7d47c9251a1c4e979b5cf13ce36775cbbd13ac34,\N,4,"{""mmi"": 4.9, ""aoi"": ""Western Colombia"", ""posterior_al_sismo"": true}",\N,coherente,,2026-08-23
chatmap,599e1b74-eb8f-469a-96ea-c72af2d829fb,2026-08-11T20:36:00,\N,\N,\N,5.685823583522882,-76.64688020009241,5.686,-76.647,https://chatmap.hotosm.org/api/v1/media/ca71ba0f-9e1c-47ee-9472-538173c48587.jpg,data/media/ca71ba0f-9e1c-47ee-9472-538173c48587.jpg,078b7ff28c07be082995eda6dbe558fefe4def8abd81f6d7b3cddfd27ca905d8,\N,5,"{""mmi"": 7.5, ""aoi"": ""Quibdo Centre"", ""posterior_al_sismo"": true}",\N,coherente,,2026-08-23
chatmap,5a465f9e-f7b1-478e-a23d-a9515ecda8c2,2026-08-22T10:12:00,\N,\N,\N,4.695487639054952,-76.74144338121154,4.695,-76.741,https://chatmap.hotosm.org/api/v1/media/29535875-15be-4a6f-b3b7-45a4f3931950.jpg,data/media/29535875-15be-4a6f-b3b7-45a4f3931950.jpg,c4542db66fb2d64dfc4bbd86ed0a267cbd52f701e9be2978688760c308d65533,\N,5,"{""mmi"": 6.9, ""aoi"": ""Western Colombia"", ""posterior_al_sismo"": true}",\N,coherente,IMG-20260821-WA0123.jpg (file attached),2026-08-23
chatmap,5aaad15e-cd61-4325-890e-390fe6e161df,2026-08-20T17:47:00,\N,\N,\N,3.407569,-76.536905,3.408,-76.537,https://chatmap.hotosm.org/api/v1/media/3a9d4dbb-3f43-40bf-9ee0-40b0b0249676.jpg,data/media/3a9d4dbb-3f43-40bf-9ee0-40b0b0249676.jpg,4b8540c091481a774cd732a97495dca3300c7a9e2d852ab810108aa829124b97,\N,5,"{""mmi"": 6.6, ""aoi"": ""Western Colombia"", ""posterior_al_sismo"": true}",\N,coherente,IMG-20260820-WA0101.jpg (file attached),2026-08-23
chatmap,5aeffa45-461a-4ea6-bb24-b7025d1cb42f,2026-08-11T15:54:00,\N,\N,\N,4.340134455021557,-75.82964744714687,4.34,-75.83,https://chatmap.hotosm.org/api/v1/media/c660985d-cfb0-4339-a65c-fe5df07fbb19.jpg,data/media/c660985d-cfb0-4339-a65c-fe5df07fbb19.jpg,2ac9a7f0745d49ae53af02056e54bd959da170a2d7601bac1ab0a6f745f1e34d,\N,5,"{""mmi"": 7.1, ""aoi"": ""Western Colombia"", ""posterior_al_sismo"": true}",\N,coherente,,2026-08-23
chatmap,5b095c4c-9f0a-4ce9-bee4-41162f9ea5e7,2026-08-13T13:01:00,\N,\N,\N,4.836139,-75.66992,4.836,-75.67,https://chatmap.hotosm.org/api/v1/media/093409f4-dfa8-432c-a8e3-5a293403500d.jpg,data/media/093409f4-dfa8-432c-a8e3-5a293403500d.jpg,ec41052f7853eaa76634ae891502f701ad0cd7b18531e8df63e183ea35a986e1,\N,5,"{""mmi"": 7.3, ""aoi"": ""Western Colombia"", ""posterior_al_sismo"": true}",\N,coherente,,2026-08-23
chatmap,5b27da5d-c68d-43b7-a970-fc224412594c,2026-08-13T13:16:00,\N,\N,\N,5.686955543041874,-76.64376437765637,5.687,-76.644,https://chatmap.hotosm.org/api/v1/media/d7f519b1-1a1f-4fc1-b2b3-5125ac97492c.jpg,data/media/d7f519b1-1a1f-4fc1-b2b3-5125ac97492c.jpg,62fdd8514d31b3c950e582c961507b264860a0f58d3c10897001cccbebe8adc6,\N,5,"{""mmi"": 7.4, ""aoi"": ""Quibdo Centre"", ""posterior_al_sismo"": true}",\N,coherente,,2026-08-23
chatmap,5bb7d44d-b47e-405b-9eea-462c0a2974b7,2026-08-22T18:13:00,\N,\N,\N,4.8136867,-75.7137498,4.814,-75.714,https://chatmap.hotosm.org/api/v1/media/2da0307b-3d81-4a4f-97bf-ee512f7fd6ac.jpg,data/media/2da0307b-3d81-4a4f-97bf-ee512f7fd6ac.jpg,20b049cd6f483eb98ceb2d590c3f735d7e47125e311c8a0ba3c1e81fe8527e60,\N,5,"{""mmi"": 7.4, ""aoi"": ""Pereira"", ""posterior_al_sismo"": true}",\N,coherente,IMG-20260822-WA0270.jpg (file attached),2026-08-23
chatmap,5bde31b7-50ea-4637-b9b9-ebac2c7292f7,2026-08-18T18:50:00,\N,\N,\N,4.811738902378814,-75.70303451549613,4.812,-75.703,https://chatmap.hotosm.org/api/v1/media/9b20e497-7561-48f1-ac90-4b42ef946fb9.jpg,data/media/9b20e497-7561-48f1-ac90-4b42ef946fb9.jpg,ab320413e304f9b213898ba13bfe3e918ecf3ef9b84895575695bffca9b30750,\N,5,"{""mmi"": 7.5, ""aoi"": ""Pereira"", ""posterior_al_sismo"": true}",\N,coherente,IMG-20260818-WA0201.jpg (file attached),2026-08-23
chatmap,5cadc367-d804-445a-a410-2f241521a31f,2026-08-18T18:50:00,\N,\N,\N,4.810788,-75.698953,4.811,-75.699,https://chatmap.hotosm.org/api/v1/media/e33a49b5-75da-4472-895e-2ff6e64121c7.jpg,data/media/e33a49b5-75da-4472-895e-2ff6e64121c7.jpg,4d015a4d75ca9f03bf697698f35ccaec5a0c69be6ae1e90aab8c59513d2a6c35,\N,5,"{""mmi"": 7.5, ""aoi"": ""Pereira"", ""posterior_al_sismo"": true}",\N,coherente,IMG-20260818-WA0210.jpg (file attached),2026-08-23
chatmap,5cd57d9e-695b-45a8-b396-938a26cc31ac,2026-08-11T13:53:00,\N,\N,\N,4.810010188741412,-75.69112495366947,4.81,-75.691,https://chatmap.hotosm.org/api/v1/media/9f7c499c-2c87-4e88-bc57-3c226c2ebc61.jpg,data/media/9f7c499c-2c87-4e88-bc57-3c226c2ebc61.jpg,91604e05812f4bf6eeee7d75defac968fa10596fa7a2588ba0216b32ec214e74,\N,5,"{""mmi"": 7.5, ""aoi"": ""Pereira"", ""posterior_al_sismo"": true}",\N,coherente,,2026-08-23
chatmap,5d086eaa-dac3-48b0-8aa7-ec8953996972,2026-08-12T20:52:00,\N,\N,\N,3.4125599474918533,-76.54759226958537,3.413,-76.548,https://chatmap.hotosm.org/api/v1/media/56c44233-c19f-49e5-948e-a2207584148d.jpg,data/media/56c44233-c19f-49e5-948e-a2207584148d.jpg,3c295299bca93b5734f7d85e7edd33340fe0268fd844b5829e2c4bcf8414f480,\N,5,"{""mmi"": 6.3, ""aoi"": ""Western Colombia"", ""posterior_al_sismo"": true}",\N,coherente,,2026-08-23
chatmap,5d3f0344-3878-439f-816f-dadd3b6ded46,2026-08-13T13:22:00,\N,\N,\N,4.8121981098645215,-75.68827476754005,4.812,-75.688,https://chatmap.hotosm.org/api/v1/media/5cd74698-917e-400e-9578-09fd231c4166.jpg,data/media/5cd74698-917e-400e-9578-09fd231c4166.jpg,72d2158a4dbd208083259b538724cc2db51aaa0b4788f70099aaa373a9c28f6d,\N,5,"{""mmi"": 7.5, ""aoi"": ""Pereira"", ""posterior_al_sismo"": true}",\N,coherente,,2026-08-23
chatmap,5d8bbfda-693b-40f1-a8ea-9329b648922f,2026-08-14T10:52:34,\N,\N,\N,4.834148,-75.667486,4.834,-75.667,https://chatmap.hotosm.org/api/v1/media/fec1b85b-8288-4851-9c08-09267d153fcd.jpg,data/media/fec1b85b-8288-4851-9c08-09267d153fcd.jpg,8ad3ec23bb1f9eb5e7e7a3010d8359c1d2c5e1cc89336e2b47643300264043d2,\N,5,"{""mmi"": 7.3, ""aoi"": ""Western Colombia"", ""posterior_al_sismo"": true}",\N,coherente,,2026-08-23
chatmap,5e8e5766-f141-4ca9-9254-b9a97cb7eee6,2026-08-20T17:47:00,\N,\N,\N,4.8291731,-75.678752,4.829,-75.679,https://chatmap.hotosm.org/api/v1/media/446f2592-122b-4d20-9446-c6ea6f55c005.jpg,data/media/446f2592-122b-4d20-9446-c6ea6f55c005.jpg,d37e7a864458f8f2bd8855d058a2fafa88416e02c86227438287555905af176f,\N,5,"{""mmi"": 7.5, ""aoi"": ""Western Colombia"", ""posterior_al_sismo"": true}",\N,coherente,IMG-20260820-WA0114.jpg (file attached),2026-08-23
chatmap,5f62b21c-d7ea-4810-b033-0e6b3e00bb4e,2026-08-13T14:19:00,\N,\N,\N,3.4076485342994007,-76.55257597735768,3.408,-76.553,https://chatmap.hotosm.org/api/v1/media/c16ea50f-30af-456c-8002-64dba22492bd.jpg,data/media/c16ea50f-30af-456c-8002-64dba22492bd.jpg,97596348c7b6737bda428d050e59b756dd4d9aa4f427ed5e759b112002231b6b,\N,3,"{""mmi"": 6.3, ""aoi"": ""Western Colombia"", ""posterior_al_sismo"": true, ""duplicado_de"": ""37175068-b7b3-48b6-aa90-e711e1c31070""}",\N,coherente,,2026-08-23
chatmap,6014448e-2625-4e81-b334-a1e1ac8b4e8d,2026-08-11T14:11:00,\N,\N,\N,4.333796382349448,-75.82972644356374,4.334,-75.83,https://chatmap.hotosm.org/api/v1/media/41537b70-be1a-4472-87d8-666e14ddaf7a.jpg,data/media/41537b70-be1a-4472-87d8-666e14ddaf7a.jpg,e57fbb6d2e237a7bd438214d6c8109335c22ccb10e6d89a6b79a9963017485c5,\N,5,"{""mmi"": 6.8, ""aoi"": ""Western Colombia"", ""posterior_al_sismo"": true}",\N,coherente,,2026-08-23
chatmap,6086fca1-0be5-4b91-a9c1-54da8aeeb9ce,2026-08-13T14:00:00,\N,\N,\N,6.26060442805863,-75.57016164492143,6.261,-75.57,https://chatmap.hotosm.org/api/v1/media/4773223d-df00-4e92-99f1-1bcde9e90b50.mp4,data/media/4773223d-df00-4e92-99f1-1bcde9e90b50.mp4,e16d534574c977e6940f95ab52d1078c09af7aa74ce3e03fd3a45c38e08829c8,\N,3,"{""mmi"": 4.8, ""aoi"": null, ""posterior_al_sismo"": true}",\N,coherente,,2026-08-23
chatmap,60e38387-02fb-4f21-a514-9c4c8f2635aa,2026-08-13T14:06:00,\N,\N,\N,3.3906399111823657,-76.54456465582251,3.391,-76.545,https://chatmap.hotosm.org/api/v1/media/77f64744-093b-4616-a396-7616c84fda0a.jpg,data/media/77f64744-093b-4616-a396-7616c84fda0a.jpg,20e0315ef7f05277b499119a622acbe91a6df2e5a4b23fc195d452a15ddf6315,\N,5,"{""mmi"": 6.4, ""aoi"": ""Western Colombia"", ""posterior_al_sismo"": true}",\N,coherente,,2026-08-23
chatmap,61175444-e384-4cd5-bfc9-dfae1ce613ba,2026-08-10T19:34:00,\N,\N,\N,4.115026718407228,-76.1950615139138,4.115,-76.195,https://chatmap.hotosm.org/api/v1/media/c69bfc0b-222f-488e-b18e-70698faa6682.jpg,data/media/c69bfc0b-222f-488e-b18e-70698faa6682.jpg,db5540b49260a9e90ed7eae01e388b2432fd4c2125070ff8d9bef29104b67979,\N,5,"{""mmi"": 7.2, ""aoi"": ""Western Colombia"", ""posterior_al_sismo"": true}",\N,coherente,,2026-08-23
chatmap,613fd71d-ddc7-4c78-a1d8-6a41f4ff0663,2026-08-11T22:32:00,\N,\N,\N,3.882421150888103,-77.02364881999735,3.882,-77.024,https://chatmap.hotosm.org/api/v1/media/18928f89-c2d8-413c-9052-1830ddca01db.mp4,data/media/18928f89-c2d8-413c-9052-1830ddca01db.mp4,5e6a8beda8ba82a8ce8ce7c2403f3cbef075ce58b605506986d279412f78c26c,\N,5,"{""mmi"": 7.2, ""aoi"": ""Buenaventura"", ""posterior_al_sismo"": true}",\N,coherente,,2026-08-23
chatmap,61d42718-ceaf-4c1a-b8cd-d9d7c828906c,2026-08-13T19:52:00,\N,\N,\N,3.4057313,-76.5485917,3.406,-76.549,https://chatmap.hotosm.org/api/v1/media/8d7be662-280c-4947-b024-57c6f85ad45b.jpg,data/media/8d7be662-280c-4947-b024-57c6f85ad45b.jpg,935f9ed29263563f06b8d04b1c57e6a54af6c945df585084a66ba02ddaec4016,\N,5,"{""mmi"": 6.3, ""aoi"": ""Western Colombia"", ""posterior_al_sismo"": true}",\N,coherente,,2026-08-23
chatmap,61fb99f4-55d2-4eff-aba1-325213c1f61e,2026-08-12T21:16:00,\N,\N,\N,3.933107597118015,-76.48571912187295,3.933,-76.486,https://chatmap.hotosm.org/api/v1/media/cc92e869-00e5-440a-978b-29997331ac9b.mp4,data/media/cc92e869-00e5-440a-978b-29997331ac9b.mp4,7b6a502bec3c290d15b32188e63aafa8ca64d773f9e46c291c6fb3a04717ee64,\N,3,"{""mmi"": 5.7, ""aoi"": ""Western Colombia"", ""posterior_al_sismo"": true, ""duplicado_de"": ""53c35172-c472-4578-b0d0-952357472a4b""}",\N,coherente,,2026-08-23
chatmap,63620801-0be2-4647-aae8-91c1ec59e337,2026-08-11T14:14:00,\N,\N,\N,4.335169725669228,-75.83036479448796,4.335,-75.83,https://chatmap.hotosm.org/api/v1/media/ea452383-eabe-45d9-bd50-4e787b6b9abe.jpg,data/media/ea452383-eabe-45d9-bd50-4e787b6b9abe.jpg,e39e167bb4b6df44de68362b0e284a0bf8db0c56878fdf67d8bef1eab68e8650,\N,5,"{""mmi"": 6.8, ""aoi"": ""Western Colombia"", ""posterior_al_sismo"": true}",\N,coherente,,2026-08-23
chatmap,6412bbfb-d4d5-4e6e-912d-4c9af5d3dbe2,2026-08-13T17:10:00,\N,\N,\N,4.410462,-76.155342,4.41,-76.155,https://chatmap.hotosm.org/api/v1/media/0add867d-d89c-4f8c-b9c3-79e53eb8bc30.mp4,data/media/0add867d-d89c-4f8c-b9c3-79e53eb8bc30.mp4,3de91e9f1651145d3068b7075de4f3d9355139d52f177cdbbbf2b710f0341d37,\N,5,"{""mmi"": 7.4, ""aoi"": ""Western Colombia"", ""posterior_al_sismo"": true}",\N,coherente,,2026-08-23
chatmap,6442bc92-e378-475b-8b8a-b5d77b06fe73,2026-08-10T23:14:00,\N,\N,\N,6.24213,-75.574067,6.242,-75.574,https://chatmap.hotosm.org/api/v1/media/10b729c2-fc8f-4888-ba60-3b810da581f6.jpg,data/media/10b729c2-fc8f-4888-ba60-3b810da581f6.jpg,2a8bfee61e99b68711ad93b597f0fe7bf630d92c324cec080d515bb47ce6068d,\N,4,"{""mmi"": 5.1, ""aoi"": null, ""posterior_al_sismo"": true}",\N,coherente,,2026-08-23
chatmap,644a40f0-7a1e-40c7-bc26-45b22c009dd9,2026-08-15T21:15:00,\N,\N,\N,4.8084134,-75.7098395,4.808,-75.71,https://chatmap.hotosm.org/api/v1/media/e978a7a4-397c-4b43-a922-8c28bd668e60.jpg,data/media/e978a7a4-397c-4b43-a922-8c28bd668e60.jpg,669a99ff4eb2bae852fbf56b1765e68d342fe3b0cbe68aa1bba8eafaa132ad91,\N,5,"{""mmi"": 7.4, ""aoi"": ""Western Colombia"", ""posterior_al_sismo"": true}",\N,coherente,<attached: 00000006-PHOTO-2026-08-15-21-15-56.jpg>,2026-08-23
chatmap,64662336-c89d-45c9-bfbe-35286170aa69,2026-08-14T14:38:00,\N,\N,\N,4.911116588976819,-76.04099575595778,4.911,-76.041,https://chatmap.hotosm.org/api/v1/media/e28cdc97-caf6-49ae-ac45-a04bb32fd287.jpg,data/media/e28cdc97-caf6-49ae-ac45-a04bb32fd287.jpg,555813ce73412f28b613d243a3bd214db6cdf2470d394b90024e8e27778c0d45,\N,3,"{""mmi"": 6.5, ""aoi"": ""Western Colombia"", ""posterior_al_sismo"": true, ""duplicado_de"": ""11ce9903-2c89-45c2-ae31-41ea610204cf""}",\N,coherente,,2026-08-23
chatmap,64671d7f-f43e-4d5a-88bf-02e17a07e240,2026-08-11T22:30:00,\N,\N,\N,3.885546815140399,-77.05183072943733,3.886,-77.052,https://chatmap.hotosm.org/api/v1/media/90a2e539-deb5-4379-944c-a9cdfb085a30.mp4,data/media/90a2e539-deb5-4379-944c-a9cdfb085a30.mp4,5ba31a84d101ee83667fd6e9468225553c1474d0990e03d156d1dfb77f44a7d3,\N,5,"{""mmi"": 6.9, ""aoi"": ""Buenaventura"", ""posterior_al_sismo"": true}",\N,coherente,,2026-08-23
chatmap,64e69174-4bb3-48bb-af5a-95652d0b351e,2026-08-14T19:47:00,\N,\N,\N,5.681528,-76.656349,5.682,-76.656,https://chatmap.hotosm.org/api/v1/media/62cb1344-c643-4943-a454-614b2a9f4160.jpg,data/media/62cb1344-c643-4943-a454-614b2a9f4160.jpg,52c16f3df20436212eb30da0f9353796bbf8724295571bd849386a9e741fe155,\N,5,"{""mmi"": 7.5, ""aoi"": ""Quibdo Centre"", ""posterior_al_sismo"": true}",\N,coherente,,2026-08-23
chatmap,64e993dd-c15c-432d-8854-c2b602746573,2026-08-11T11:42:15,\N,\N,\N,3.392714534634384,-76.54349738398389,3.393,-76.543,https://chatmap.hotosm.org/api/v1/media/e5a3abdb-cb6d-4652-8f35-05d00c428d77.jpg,data/media/e5a3abdb-cb6d-4652-8f35-05d00c428d77.jpg,7cc9053e95623190da5a43edaf4cd40b69450d5b744939c16273c80de44a6e0f,\N,5,"{""mmi"": 6.4, ""aoi"": ""Western Colombia"", ""posterior_al_sismo"": true}",\N,coherente,,2026-08-23
chatmap,659dcec3-e9a7-4646-a362-75b2648e09ab,2026-08-13T13:21:00,\N,\N,\N,4.809327576027641,-75.6943833744039,4.809,-75.694,https://chatmap.hotosm.org/api/v1/media/8e63a27d-57fa-47ce-908a-e3b2e5ead5c7.jpg,data/media/8e63a27d-57fa-47ce-908a-e3b2e5ead5c7.jpg,120d44988bb9a343de491e012fc5a5a0671bcb47501e04cee37b2d33e5d87982,\N,5,"{""mmi"": 7.5, ""aoi"": ""Pereira"", ""posterior_al_sismo"": true}",\N,coherente,,2026-08-23
chatmap,65a29328-bb2b-418d-831e-5685662608f0,2026-08-13T14:24:00,\N,\N,\N,4.814146,-75.694359,4.814,-75.694,https://chatmap.hotosm.org/api/v1/media/74b63c4c-65b8-4cf9-8892-8ba4304cc14b.jpg,data/media/74b63c4c-65b8-4cf9-8892-8ba4304cc14b.jpg,79f82b44d85be9af820fe2c75b64a1abfa5fc752abeabd2e39f3b90b29f4a878,\N,5,"{""mmi"": 7.5, ""aoi"": ""Pereira"", ""posterior_al_sismo"": true}",\N,coherente,,2026-08-23
chatmap,65f22512-bf87-4651-ac7e-a92203a1f4e2,2026-08-21T18:02:00,\N,\N,\N,4.810781512210459,-75.69205471267937,4.811,-75.692,https://chatmap.hotosm.org/api/v1/media/3034be2e-c44f-474b-8475-b01c4dd6788c.jpg,data/media/3034be2e-c44f-474b-8475-b01c4dd6788c.jpg,1cedb76779729d86f938b7ad140d0bd0cf2fedd8b0eb04ad4f1cc9c671fc19ea,\N,5,"{""mmi"": 7.5, ""aoi"": ""Pereira"", ""posterior_al_sismo"": true}",\N,coherente,IMG-20260821-WA0096.jpg (file attached),2026-08-23
chatmap,669b5ff2-2242-4cb9-965e-983f078b4b31,2026-08-11T18:05:00,\N,\N,\N,5.683422211855562,-76.63059543333033,5.683,-76.631,https://chatmap.hotosm.org/api/v1/media/a2129dd2-fa48-447c-a9b6-f05c5a6565a5.jpg,data/media/a2129dd2-fa48-447c-a9b6-f05c5a6565a5.jpg,b151a6c318d751c0b635671262f0064ad5c38fbcd5ac49cdafa0e63fa383a617,\N,4,"{""mmi"": 7.4, ""aoi"": null, ""posterior_al_sismo"": true}",\N,coherente,,2026-08-23
chatmap,66db5c4c-ede1-417e-b108-e77452114d73,2026-08-11T16:12:00,\N,\N,\N,4.8065310893082245,-75.69729718100866,4.807,-75.697,https://chatmap.hotosm.org/api/v1/media/54175072-5234-4042-a867-7d4c418d81b2.jpg,data/media/54175072-5234-4042-a867-7d4c418d81b2.jpg,0b5b41b4a92a3a7a5d7b7cb3459c7754bfef081b6c9bb51272431a9204c1d1c9,\N,5,"{""mmi"": 7.5, ""aoi"": ""Pereira"", ""posterior_al_sismo"": true}",\N,coherente,,2026-08-23
chatmap,66e90857-b660-4e74-b002-1150895cf74c,2026-08-22T18:13:00,\N,\N,\N,3.4050046,-76.5497762,3.405,-76.55,https://chatmap.hotosm.org/api/v1/media/943b275f-6ded-4466-841b-db87244def2f.jpg,data/media/943b275f-6ded-4466-841b-db87244def2f.jpg,aa4be4119303438460dee4b52739b2fc01aad9fdeb0515d0906d009402ec48b8,\N,5,"{""mmi"": 6.3, ""aoi"": ""Western Colombia"", ""posterior_al_sismo"": true}",\N,coherente,IMG-20260822-WA0310.jpg (file attached),2026-08-23
chatmap,67630334-fba6-4372-a634-fdb55aba30b3,2026-08-20T17:47:00,\N,\N,\N,4.81681933152673,-75.69393766347481,4.817,-75.694,https://chatmap.hotosm.org/api/v1/media/f3529f1b-2110-4169-a56b-194bc8bd7f9b.jpg,data/media/f3529f1b-2110-4169-a56b-194bc8bd7f9b.jpg,51d25905fa85533061c7f254d01f5e767d1afd0613c8d2bc0e997ac634763428,\N,5,"{""mmi"": 7.5, ""aoi"": ""Pereira"", ""posterior_al_sismo"": true}",\N,coherente,IMG-20260820-WA0091.jpg (file attached),2026-08-23
chatmap,694f939a-18a3-4c8c-8bd0-7d76d6aa3c20,2026-08-10T20:36:00,\N,\N,\N,5.0548304,-75.484888,5.055,-75.485,https://chatmap.hotosm.org/api/v1/media/693ede64-2ab7-47c0-aeeb-6133df53036a.jpg,data/media/693ede64-2ab7-47c0-aeeb-6133df53036a.jpg,deeec21f727ac768068845fe0bc11db7a17328bc2ac47435e61dc689f3daea9b,\N,5,"{""mmi"": 6.5, ""aoi"": ""Western Colombia"", ""posterior_al_sismo"": true}",\N,coherente,,2026-08-23
chatmap,6959095e-df6c-43a4-bdfa-f54f5740a808,2026-08-13T13:48:00,\N,\N,\N,4.810385565637098,-75.6947307651068,4.81,-75.695,https://chatmap.hotosm.org/api/v1/media/dbbad1cb-51e5-4544-8be7-2ec7ff5ef2e7.jpg,data/media/dbbad1cb-51e5-4544-8be7-2ec7ff5ef2e7.jpg,8859ffd86a92979805d1d65eaf18a0b047dfbea4c342845d7f3070c9f6ed2f12,\N,5,"{""mmi"": 7.5, ""aoi"": ""Pereira"", ""posterior_al_sismo"": true}",\N,coherente,,2026-08-23
chatmap,6a5d318e-5c84-49a9-896d-9234a5d3789e,2026-08-12T23:08:00,\N,\N,\N,5.689831,-76.661774,5.69,-76.662,https://chatmap.hotosm.org/api/v1/media/32708149-ab78-4e20-b167-e167831d6e27.jpg,data/media/32708149-ab78-4e20-b167-e167831d6e27.jpg,81ce36df215dd91dbda7af90f22e3acf1546bf91c04c2f33e11889f90b9b7524,\N,5,"{""mmi"": 7.5, ""aoi"": ""Quibdo Centre"", ""posterior_al_sismo"": true}",\N,coherente,,2026-08-23
chatmap,6bc556a9-2550-4d06-ae3d-cf5f4a616e00,2026-08-13T09:45:39,\N,\N,\N,5.350944805255522,-76.12202021022331,5.351,-76.122,https://chatmap.hotosm.org/api/v1/media/bb3dcc17-56ec-4265-8f0e-45ef12762302.jpg,data/media/bb3dcc17-56ec-4265-8f0e-45ef12762302.jpg,9b2a546c1cc89be5f8833416430978180b16ce0e590b8989b926028d03d2ad42,\N,2,"{""mmi"": 6.1, ""aoi"": null, ""posterior_al_sismo"": true, ""duplicado_de"": ""38e342b0-e3e4-4677-86f9-4881c928a589""}",\N,recibido,,2026-08-23
chatmap,6bed0151-d38e-408b-95c1-d3daff3f36e7,2026-08-12T21:45:00,\N,\N,\N,3.9321254339349734,-76.48651504361588,3.932,-76.487,https://chatmap.hotosm.org/api/v1/media/b7997d7c-9d67-45d3-9c32-456f4865556f.jpg,data/media/b7997d7c-9d67-45d3-9c32-456f4865556f.jpg,474cf435c95fc1731a598a57f84cc7557e70c95416f1d90b791d18172c1d2dcb,\N,5,"{""mmi"": 5.7, ""aoi"": ""Western Colombia"", ""posterior_al_sismo"": true}",\N,coherente,,2026-08-23
chatmap,6bf29d63-8063-4b1b-8656-5d0b1566ce34,2026-08-12T17:40:00,\N,\N,\N,10.468667702499108,-73.25879578419595,10.469,-73.259,https://chatmap.hotosm.org/api/v1/media/21c80697-de79-4117-b484-3f8d852fc7cd.mp4,data/media/21c80697-de79-4117-b484-3f8d852fc7cd.mp4,8e492e4407ba7aba23b6fc76bf9af03085f97856e8300b0298c42b5b2f5a1883,\N,3,"{""mmi"": null, ""aoi"": null, ""posterior_al_sismo"": true}",\N,coherente,,2026-08-23
chatmap,6c0fd695-536e-4330-930b-9726ae03b149,2026-08-14T14:38:00,\N,\N,\N,5.697537516712896,-76.6431831865065,5.698,-76.643,https://chatmap.hotosm.org/api/v1/media/8e5637af-e170-451d-b39e-5230f179962c.jpg,data/media/8e5637af-e170-451d-b39e-5230f179962c.jpg,c40f3c89c9c1e7f95d15de4fdeda25da6886b26815e679fc5529b2034499f94a,\N,4,"{""mmi"": 7.4, ""aoi"": null, ""posterior_al_sismo"": true}",\N,coherente,,2026-08-23
chatmap,6c9943f5-2d5a-46ee-a331-6c33e07da405,2026-08-12T21:26:00,\N,\N,\N,7.157786280310871,-76.97179292318503,7.158,-76.972,https://chatmap.hotosm.org/api/v1/media/84d0689a-af5a-4b6e-8446-002ed2a8b400.jpg,data/media/84d0689a-af5a-4b6e-8446-002ed2a8b400.jpg,9488f4a3d8b23d105229606b6e2f367d3c921a2e0281e929365ed900f6a79eca,\N,4,"{""mmi"": 5.2, ""aoi"": null, ""posterior_al_sismo"": true}",\N,coherente,,2026-08-23
chatmap,6d8ce242-c51c-4036-ae82-cb921dedc3ac,2026-08-14T19:47:00,\N,\N,\N,5.6915892918316295,-76.65818508540507,5.692,-76.658,https://chatmap.hotosm.org/api/v1/media/aa37a2e1-1507-48b8-a8cf-2798572adde6.jpg,data/media/aa37a2e1-1507-48b8-a8cf-2798572adde6.jpg,0fe50db3444438aca8ee15126b3af823dbd6422cbfe3980c4b96999507a72554,\N,5,"{""mmi"": 7.5, ""aoi"": ""Quibdo Centre"", ""posterior_al_sismo"": true}",\N,coherente,,2026-08-23
chatmap,6d98517b-1a2b-4b92-86ee-fe51875d1024,2026-08-18T18:50:00,\N,\N,\N,4.811487,-75.702141,4.811,-75.702,https://chatmap.hotosm.org/api/v1/media/a92de357-8b73-4e7f-8164-120ce062a86c.jpg,data/media/a92de357-8b73-4e7f-8164-120ce062a86c.jpg,1f4feb9295e134b1a5d207e4b37c993e2670c1b834a320e0fabb64656739e1c8,\N,5,"{""mmi"": 7.5, ""aoi"": ""Pereira"", ""posterior_al_sismo"": true}",\N,coherente,IMG-20260818-WA0204.jpg (file attached),2026-08-23
chatmap,6d9f40d4-dd55-4f59-83a1-e414324035e8,2026-08-13T14:38:00,\N,\N,\N,4.815418,-75.695,4.815,-75.695,https://chatmap.hotosm.org/api/v1/media/3ecc11d8-6e18-447d-9e5e-eb53589d9187.jpg,data/media/3ecc11d8-6e18-447d-9e5e-eb53589d9187.jpg,c4b2e60368a4c8b1cc5994931f708a2abcf6493843806ad45b23085361315fcc,\N,5,"{""mmi"": 7.5, ""aoi"": ""Pereira"", ""posterior_al_sismo"": true}",\N,coherente,,2026-08-23
chatmap,6e034f51-42aa-4c7e-bb69-5bfb3f23269c,2026-08-12T17:53:00,\N,\N,\N,3.9727754291427404,-76.43931266159122,3.973,-76.439,https://chatmap.hotosm.org/api/v1/media/deb8a53f-c9ab-46b5-a37b-918db21630e1.jpg,data/media/deb8a53f-c9ab-46b5-a37b-918db21630e1.jpg,474cf435c95fc1731a598a57f84cc7557e70c95416f1d90b791d18172c1d2dcb,\N,3,"{""mmi"": 5.9, ""aoi"": ""Western Colombia"", ""posterior_al_sismo"": true, ""duplicado_de"": ""6bed0151-d38e-408b-95c1-d3daff3f36e7""}",\N,coherente,,2026-08-23
chatmap,6e7832bd-315e-40f0-943a-441ae99ef0b6,2026-08-22T18:13:00,\N,\N,\N,4.8152142,-75.7277405,4.815,-75.728,https://chatmap.hotosm.org/api/v1/media/e044f00c-61c0-454d-884b-47248364b214.jpg,data/media/e044f00c-61c0-454d-884b-47248364b214.jpg,beb7805a08b6739d971da62d940e0aafb156ee5f8247f3e6aeed80253a9afb8d,\N,5,"{""mmi"": 7.4, ""aoi"": ""Western Colombia"", ""posterior_al_sismo"": true}",\N,coherente,IMG-20260822-WA0257.jpg (file attached),2026-08-23
chatmap,6f2e0137-f612-4ee1-8fc8-205fdde5a5c7,2026-08-11T20:54:00,\N,\N,\N,5.6809584949738605,-76.64969247616817,5.681,-76.65,https://chatmap.hotosm.org/api/v1/media/13553c51-bffd-4a21-8b31-ea4d3043330b.jpg,data/media/13553c51-bffd-4a21-8b31-ea4d3043330b.jpg,fa82312d46bc14f49f3121a1aaf080748b5826f7739ff54aa876f2348c5004d7,\N,5,"{""mmi"": 7.5, ""aoi"": ""Quibdo Centre"", ""posterior_al_sismo"": true}",\N,coherente,,2026-08-23
chatmap,6f6ff515-3855-4629-a732-ab81ffa2b931,2026-08-12T21:47:00,\N,\N,\N,3.9321254339349734,-76.48651504361588,3.932,-76.487,https://chatmap.hotosm.org/api/v1/media/0fc1d033-9265-4388-a683-bb7871a222f5.jpg,data/media/0fc1d033-9265-4388-a683-bb7871a222f5.jpg,0942453abcdb3ba7b2069be98affc13f2dd4808bb74dff996d5969846bbe1d12,\N,5,"{""mmi"": 5.7, ""aoi"": ""Western Colombia"", ""posterior_al_sismo"": true}",\N,coherente,,2026-08-23
chatmap,6fa57444-21fb-4ed1-a464-171bf96018a0,2026-08-12T17:44:00,\N,\N,\N,3.504316084845676,-76.30341681708765,3.504,-76.303,https://chatmap.hotosm.org/api/v1/media/643fc510-2401-4b87-9d77-64ed88bcbb7d.mp4,data/media/643fc510-2401-4b87-9d77-64ed88bcbb7d.mp4,77758bd0a62e9386715428df8b63b0ce1191561a3c02b7cda152fedff0b83280,\N,5,"{""mmi"": 6.3, ""aoi"": ""Western Colombia"", ""posterior_al_sismo"": true}",\N,coherente,,2026-08-23
chatmap,6fd478ad-6ac9-4d60-8915-b1566b515883,2026-08-14T19:47:00,\N,\N,\N,4.264711,-75.933319,4.265,-75.933,https://chatmap.hotosm.org/api/v1/media/96805721-6b4b-44a0-af56-edd5cd85b6f2.jpg,data/media/96805721-6b4b-44a0-af56-edd5cd85b6f2.jpg,542d0da9013b8720f68cd04aca4fafc173a4e71c70f1ba1d412e8adcae3d14d9,\N,5,"{""mmi"": 6.6, ""aoi"": ""Western Colombia"", ""posterior_al_sismo"": true}",\N,coherente,,2026-08-23
chatmap,700e298e-238c-4a75-965d-5b8f15509184,2026-08-22T18:13:00,\N,\N,\N,4.795573,-75.9947896,4.796,-75.995,https://chatmap.hotosm.org/api/v1/media/11c09cd5-bd52-4f97-b397-85caac8c39b5.jpg,data/media/11c09cd5-bd52-4f97-b397-85caac8c39b5.jpg,a5847d4cf7862f7ba8f6e417106f36caefcadc86491213084e2aca8d31d64246,\N,5,"{""mmi"": 7.3, ""aoi"": ""Western Colombia"", ""posterior_al_sismo"": true}",\N,coherente,IMG-20260822-WA0251.jpg (file attached),2026-08-23
chatmap,7106eb91-7853-4721-a29e-a78818c3cf2d,2026-08-20T17:47:00,\N,\N,\N,3.40742,-76.536439,3.407,-76.536,https://chatmap.hotosm.org/api/v1/media/bfc46958-8d9a-4dc4-9c5d-79a80d3f7b54.jpg,data/media/bfc46958-8d9a-4dc4-9c5d-79a80d3f7b54.jpg,3b915789971af1c58bb6c1324183ad9c12f67009ca405b327403e50973b53f3a,\N,5,"{""mmi"": 6.6, ""aoi"": ""Western Colombia"", ""posterior_al_sismo"": true}",\N,coherente,IMG-20260820-WA0100.jpg (file attached),2026-08-23
chatmap,71503465-df24-48c6-b6f0-8159b5027ba4,2026-08-14T14:38:00,\N,\N,\N,3.4889260716103303,-76.52041344232838,3.489,-76.52,https://chatmap.hotosm.org/api/v1/media/c773fc21-433f-4c41-9813-db0400cb355d.mp4,data/media/c773fc21-433f-4c41-9813-db0400cb355d.mp4,fa10a43992cf0c99adbaecbde8d0652048205c1c9d958e45bbbe4576c7fed9a8,\N,5,"{""mmi"": 6.1, ""aoi"": ""Western Colombia"", ""posterior_al_sismo"": true}",\N,coherente,,2026-08-23
chatmap,7239afe1-e46d-4219-8885-589cc59bf909,2026-08-13T15:55:00,\N,\N,\N,5.677982,-76.639702,5.678,-76.64,https://chatmap.hotosm.org/api/v1/media/7ba1ac30-7912-4992-a5c7-13948c33a7bb.jpg,data/media/7ba1ac30-7912-4992-a5c7-13948c33a7bb.jpg,00a87d377cf41f2154c694593e595925b08071e0da1fffd96e5a5130693e8912,\N,4,"{""mmi"": 7.4, ""aoi"": null, ""posterior_al_sismo"": true}",\N,coherente,,2026-08-23
chatmap,723fb1d8-2aa2-4b80-9241-772de9fe7a00,2026-08-13T14:13:00,\N,\N,\N,3.930535,-76.480637,3.931,-76.481,https://chatmap.hotosm.org/api/v1/media/c808e284-50ab-45a6-b8b0-2a1f1d7b3c89.jpg,data/media/c808e284-50ab-45a6-b8b0-2a1f1d7b3c89.jpg,9a4b511225f5a95ceeacd0edef38fbc585b5fb35f074552314a9856157e2e3a9,\N,5,"{""mmi"": 5.7, ""aoi"": ""Western Colombia"", ""posterior_al_sismo"": true}",\N,coherente,,2026-08-23
chatmap,72ebc987-9476-488d-9dab-325d95bd07d1,2026-08-11T19:30:00,\N,\N,\N,3.415902824839016,-76.5456512865065,3.416,-76.546,https://chatmap.hotosm.org/api/v1/media/4f448bb7-0ed0-4098-ac42-e142eece3bae.jpg,data/media/4f448bb7-0ed0-4098-ac42-e142eece3bae.jpg,4101c2ae75bced195f5ebd4335720c1e47d886f8d95aa717388304331d12b6ed,\N,5,"{""mmi"": 6.3, ""aoi"": ""Western Colombia"", ""posterior_al_sismo"": true}",\N,coherente,,2026-08-23
chatmap,73be37f8-4753-46b3-89ce-d4ec57c922a4,2026-08-21T18:02:00,\N,\N,\N,3.4341883708703573,-76.53863265337826,3.434,-76.539,https://chatmap.hotosm.org/api/v1/media/5cca860d-2990-478b-a8fa-93fb155881ec.jpg,data/media/5cca860d-2990-478b-a8fa-93fb155881ec.jpg,10d33818f436252443faa211cd82e07d15056c9dba4bb0f017433f0e047f20a9,\N,5,"{""mmi"": 6.3, ""aoi"": ""Western Colombia"", ""posterior_al_sismo"": true}",\N,coherente,IMG-20260821-WA0097.jpg (file attached),2026-08-23
chatmap,74bf66d7-4702-4ee7-8767-430a6d192192,2026-08-13T13:24:00,\N,\N,\N,4.691234863747301,-75.64948882732578,4.691,-75.649,https://chatmap.hotosm.org/api/v1/media/da3e5b36-3a90-445c-987c-f2ebb2f5fe18.jpg,data/media/da3e5b36-3a90-445c-987c-f2ebb2f5fe18.jpg,11d9e985071185bcdff3a2ac3cb9da2606feb59230ac65cd4834c3023a44e718,\N,5,"{""mmi"": 6.9, ""aoi"": ""Western Colombia"", ""posterior_al_sismo"": true}",\N,coherente,,2026-08-23
chatmap,74e32a68-4b1c-4cf8-b795-2e709c13bbae,2026-08-13T16:46:00,\N,\N,\N,4.812621,-75.690125,4.813,-75.69,https://chatmap.hotosm.org/api/v1/media/8c21c762-de50-40f2-8795-ca6e47635388.jpg,data/media/8c21c762-de50-40f2-8795-ca6e47635388.jpg,91a4c882de25cd8ae3cecfcbbde83708f2b76f64d7cc563580a186ceb012e124,\N,5,"{""mmi"": 7.5, ""aoi"": ""Pereira"", ""posterior_al_sismo"": true}",\N,coherente,,2026-08-23
chatmap,74e3c216-0c8a-423f-997b-9265a30efb42,2026-08-20T08:09:00,\N,\N,\N,4.7955178,-75.6918428,4.796,-75.692,https://chatmap.hotosm.org/api/v1/media/80fafa40-b7ef-40be-970d-69573ea77c44.jpg,data/media/80fafa40-b7ef-40be-970d-69573ea77c44.jpg,7bf87f0502996fcfea8ba454235f6ffd4b50b867b2fb1bb37bfa94dc8ad92fc9,\N,5,"{""mmi"": 7.6, ""aoi"": ""Pereira"", ""posterior_al_sismo"": true}",\N,coherente,IMG-20260819-WA0125.jpg (file attached),2026-08-23
chatmap,754b57f2-9a7f-4d77-90e4-5920605d85a3,2026-08-14T19:47:00,\N,\N,\N,3.940178,-76.435211,3.94,-76.435,https://chatmap.hotosm.org/api/v1/media/70a24b7f-fbd6-4ea3-bee7-bceec8c0ab6b.jpg,data/media/70a24b7f-fbd6-4ea3-bee7-bceec8c0ab6b.jpg,1326e7418d65ac64a838497b4b88f5b52098a443400f912e9a43cb3d0df4ed7e,\N,5,"{""mmi"": 5.8, ""aoi"": ""Western Colombia"", ""posterior_al_sismo"": true}",\N,coherente,,2026-08-23
chatmap,763294c2-c38a-46f4-a7ec-261e717cafbe,2026-08-14T14:38:00,\N,\N,\N,5.692784235294133,-76.6580658016716,5.693,-76.658,,\N,\N,\N,3,"{""mmi"": 7.5, ""aoi"": ""Quibdo Centre"", ""posterior_al_sismo"": true}",\N,coherente,,2026-08-23
chatmap,766704b9-5b57-47b9-ac84-c6d7c8aa491e,2026-08-14T19:47:00,\N,\N,\N,3.940178,-76.435211,3.94,-76.435,https://chatmap.hotosm.org/api/v1/media/2c7ca58c-1bc8-4d95-9b7f-fad87ec1280a.mp4,data/media/2c7ca58c-1bc8-4d95-9b7f-fad87ec1280a.mp4,d1d3008a73757718b1ec463f6550b9593f6a5aefb08e66670363cef9fcafbe5d,\N,5,"{""mmi"": 5.8, ""aoi"": ""Western Colombia"", ""posterior_al_sismo"": true}",\N,coherente,,2026-08-23
chatmap,76a4929c-f49d-4494-88e6-c445c63f1122,2026-08-22T18:13:00,\N,\N,\N,4.815158,-75.705988,4.815,-75.706,https://chatmap.hotosm.org/api/v1/media/7a2b4499-6fd2-4f74-86af-08a4fc1492a4.jpg,data/media/7a2b4499-6fd2-4f74-86af-08a4fc1492a4.jpg,2d92e120938772bb68880a20a373c6de7b1b46de05a66daba4cd7bc265b1e72a,\N,5,"{""mmi"": 7.5, ""aoi"": ""Pereira"", ""posterior_al_sismo"": true}",\N,coherente,IMG-20260822-WA0517.jpg (file attached),2026-08-23
chatmap,76f2d2b6-6fec-4626-82cf-41b1542ddb0d,2026-08-10T17:33:00,\N,\N,\N,4.6527684454123275,-76.64247351130594,4.653,-76.642,https://chatmap.hotosm.org/api/v1/media/5013058e-e9e5-4384-ae99-2416f20af6c9.jpg,data/media/5013058e-e9e5-4384-ae99-2416f20af6c9.jpg,32f02594b606a9483907a656ddaa6e346e7c1e254f7a389553c3e43d2af64b5f,\N,5,"{""mmi"": 6.8, ""aoi"": ""Western Colombia"", ""posterior_al_sismo"": true}",\N,coherente,,2026-08-23
chatmap,772a52ca-5f19-4fa6-9095-787abc95e33d,2026-08-13T14:20:00,\N,\N,\N,4.812118,-75.693291,4.812,-75.693,https://chatmap.hotosm.org/api/v1/media/1d3dc0dc-db36-4355-93a8-287903320141.jpg,data/media/1d3dc0dc-db36-4355-93a8-287903320141.jpg,a1f9b80bbcfc74e9ba273f612937466b2cc0ed77ffc90ff94ffb2ba813cdd61d,\N,5,"{""mmi"": 7.5, ""aoi"": ""Pereira"", ""posterior_al_sismo"": true}",\N,coherente,,2026-08-23
chatmap,778fc8bb-e6b2-45f5-b301-a1f7a1381cfe,2026-08-12T17:44:00,\N,\N,\N,3.504316084845676,-76.30341681708765,3.504,-76.303,https://chatmap.hotosm.org/api/v1/media/c207867b-1f41-4c14-980c-7187b6f1c63a.mp4,data/media/c207867b-1f41-4c14-980c-7187b6f1c63a.mp4,0b9be4185e606e049d8d6d1bece879b4a4ce663934ac516b20bafe394058142f,\N,5,"{""mmi"": 6.3, ""aoi"": ""Western Colombia"", ""posterior_al_sismo"": true}",\N,coherente,,2026-08-23
chatmap,77a1d3f1-8f34-4529-8306-8b270c2a23d5,2026-08-13T08:55:19,\N,\N,\N,4.800086415072287,-75.68976862417706,4.8,-75.69,https://chatmap.hotosm.org/api/v1/media/89d0e856-cd19-4a76-b176-ca7a3afe500a.jpg,data/media/89d0e856-cd19-4a76-b176-ca7a3afe500a.jpg,025cbe4a7833295f12195119a49244746c40064866189667cbec56b8c0c73471,\N,5,"{""mmi"": 7.6, ""aoi"": ""Pereira"", ""posterior_al_sismo"": true}",\N,coherente,,2026-08-23
chatmap,7834f63c-3c85-4d05-a19c-9b6719921568,2026-08-11T16:51:00,\N,\N,\N,3.883180981682761,-77.0556959567379,3.883,-77.056,https://chatmap.hotosm.org/api/v1/media/e9dfe7a8-73fd-41ad-bcd7-94ebb28084b0.mp4,data/media/e9dfe7a8-73fd-41ad-bcd7-94ebb28084b0.mp4,b80aeeeef66b729a46043466da25b01953a256167bc6853381bb673c8f53192c,\N,5,"{""mmi"": 6.9, ""aoi"": ""Buenaventura"", ""posterior_al_sismo"": true}",\N,coherente,,2026-08-23
chatmap,78572086-7a4e-4dfb-8350-56beee5efbe7,2026-08-11T20:43:00,\N,\N,\N,4.811114286907211,-75.70238315116424,4.811,-75.702,https://chatmap.hotosm.org/api/v1/media/1b6905b5-9dc7-46c0-b0b1-48e0f5a1e27a.jpg,data/media/1b6905b5-9dc7-46c0-b0b1-48e0f5a1e27a.jpg,1ee9eaf12a836a81e94e9db300cf8c871e01f8da7a27108e7c49200f332aa069,\N,5,"{""mmi"": 7.5, ""aoi"": ""Pereira"", ""posterior_al_sismo"": true}",\N,coherente,,2026-08-23
chatmap,7908831d-4028-40cd-94ea-9ecac6d9c891,2026-08-13T17:09:00,\N,\N,\N,4.410462,-76.155342,4.41,-76.155,https://chatmap.hotosm.org/api/v1/media/c7835641-0b00-4679-871a-45f88238696f.mp4,data/media/c7835641-0b00-4679-871a-45f88238696f.mp4,555bc58618709e731e3a43377c4b660e30103b303703df033d69ae98b1d11fdf,\N,5,"{""mmi"": 7.4, ""aoi"": ""Western Colombia"", ""posterior_al_sismo"": true}",\N,coherente,,2026-08-23
chatmap,7ae82683-815e-4f93-9906-8832c4678dac,2026-08-13T13:21:00,\N,\N,\N,4.452780717515023,-75.8069529065006,4.453,-75.807,https://chatmap.hotosm.org/api/v1/media/5f794f78-4e5c-4004-87eb-eaf3f5ae4ff5.jpg,data/media/5f794f78-4e5c-4004-87eb-eaf3f5ae4ff5.jpg,c1d3185d2d3109aeae41a545c74619885b0af519fd8442a7b2ef37234f01aae2,\N,5,"{""mmi"": 7.3, ""aoi"": ""Western Colombia"", ""posterior_al_sismo"": true}",\N,coherente,,2026-08-23
chatmap,7b70f6fb-7eec-44c9-b61f-6cf7d7e9dfa4,2026-08-12T21:02:00,\N,\N,\N,5.688310670491878,-76.65273424676953,5.688,-76.653,https://chatmap.hotosm.org/api/v1/media/53b723ec-358e-4779-8fd9-6a44bd28f12b.jpg,data/media/53b723ec-358e-4779-8fd9-6a44bd28f12b.jpg,67bbfc5bac18f510b2b23b18d8885da30096ac17b198478d0e206aacc3409752,\N,5,"{""mmi"": 7.5, ""aoi"": ""Quibdo Centre"", ""posterior_al_sismo"": true}",\N,coherente,,2026-08-23
chatmap,7b9cf7a8-db3b-4bd0-ba17-c79be4fd9963,2026-08-13T13:51:00,\N,\N,\N,4.810535,-75.694511,4.811,-75.695,https://chatmap.hotosm.org/api/v1/media/4a3c97c2-3007-447c-bcfc-866f153e4398.jpg,data/media/4a3c97c2-3007-447c-bcfc-866f153e4398.jpg,5ca8441cfbdf1b3d9b09a0c5f46401fc0d75e94a5e92d36b18af8c94defe3882,\N,5,"{""mmi"": 7.5, ""aoi"": ""Pereira"", ""posterior_al_sismo"": true}",\N,coherente,,2026-08-23
chatmap,7c51c627-ace7-4b7e-81cd-4f4b0c775771,2026-08-22T18:13:00,\N,\N,\N,4.815114,-75.700928,4.815,-75.701,https://chatmap.hotosm.org/api/v1/media/92d6b582-28b1-4049-97d7-6ad2b6e9e43a.jpg,data/media/92d6b582-28b1-4049-97d7-6ad2b6e9e43a.jpg,de6f1800533f226a1b33dfd4e3e6b96c53296d921165b535c8da5e7b9cdb4dc6,\N,5,"{""mmi"": 7.5, ""aoi"": ""Pereira"", ""posterior_al_sismo"": true}",\N,coherente,IMG-20260822-WA0518.jpg (file attached),2026-08-23
chatmap,7cc8ee87-4f00-4aa8-beb5-178eb5fe51b3,2026-08-18T18:50:00,\N,\N,\N,4.81127,-75.702979,4.811,-75.703,https://chatmap.hotosm.org/api/v1/media/8636b8c6-7cf5-402e-abae-b3acdde60b34.jpg,data/media/8636b8c6-7cf5-402e-abae-b3acdde60b34.jpg,fe8818b7ea5506bdf0e07884af7d0287f616256a3e35a7799572d761c817af8d,\N,5,"{""mmi"": 7.5, ""aoi"": ""Pereira"", ""posterior_al_sismo"": true}",\N,coherente,IMG-20260818-WA0196.jpg (file attached),2026-08-23
chatmap,7cdbd906-5903-4a52-9ed2-66dabbdba41b,2026-08-11T14:20:00,\N,\N,\N,4.3343866778216205,-75.8298846559578,4.334,-75.83,https://chatmap.hotosm.org/api/v1/media/5192b1e3-fa51-4d73-a23f-9419ba8fea9e.jpg,data/media/5192b1e3-fa51-4d73-a23f-9419ba8fea9e.jpg,a31d96e19cd09d40cf1ee8e87679041c1a29d60b6f9aa12473d368c67e95bf77,\N,5,"{""mmi"": 6.8, ""aoi"": ""Western Colombia"", ""posterior_al_sismo"": true}",\N,coherente,,2026-08-23
chatmap,7d9b2dd6-8bd4-4ee2-a864-6390473ec4ad,2026-08-10T18:35:00,\N,\N,\N,4.811759165376416,-75.69372981547727,4.812,-75.694,https://chatmap.hotosm.org/api/v1/media/e32dfd17-3457-4f2b-9de9-cd91113a16e4.jpg,data/media/e32dfd17-3457-4f2b-9de9-cd91113a16e4.jpg,1e7ce86311a67ca4ea5d4a7928db730a5c410313325e70e1e82b45183d57bc81,\N,5,"{""mmi"": 7.5, ""aoi"": ""Pereira"", ""posterior_al_sismo"": true}",\N,coherente,,2026-08-23
chatmap,7d9b5166-93a3-442c-9b17-68e846e254d3,2026-08-13T13:18:00,\N,\N,\N,5.686955543041874,-76.64376437765637,5.687,-76.644,https://chatmap.hotosm.org/api/v1/media/4290cbae-4de7-4143-93c2-9b162de0d88a.mp4,data/media/4290cbae-4de7-4143-93c2-9b162de0d88a.mp4,a7c7ba02ee89e317a951bc30c70180d627034aa526e3d8fa9b2290772d554d87,\N,5,"{""mmi"": 7.4, ""aoi"": ""Quibdo Centre"", ""posterior_al_sismo"": true}",\N,coherente,,2026-08-23
chatmap,7dabb306-7862-4cd9-9279-51045d627e52,2026-08-13T14:27:00,\N,\N,\N,3.4146764776940293,-76.54176347597225,3.415,-76.542,https://chatmap.hotosm.org/api/v1/media/21678065-8b08-4552-a87f-4a60743aa1fd.jpg,data/media/21678065-8b08-4552-a87f-4a60743aa1fd.jpg,6736867c72115c3967444bff0028505d85545bf91e838eb2528d502eb9404505,\N,5,"{""mmi"": 6.3, ""aoi"": ""Western Colombia"", ""posterior_al_sismo"": true}",\N,coherente,,2026-08-23
chatmap,80087b2f-416f-4e37-9509-a5178f7aca56,2026-08-13T10:11:15,\N,\N,\N,3.4047730927098714,-76.55088634407737,3.405,-76.551,https://chatmap.hotosm.org/api/v1/media/6a07ff12-dea0-4b5c-addd-3d40ee3f4f79.jpg,data/media/6a07ff12-dea0-4b5c-addd-3d40ee3f4f79.jpg,6be8030a0b945d17ed7167794c07be546af189a211e9544d0dce649b81c040fd,\N,5,"{""mmi"": 6.3, ""aoi"": ""Western Colombia"", ""posterior_al_sismo"": true}",\N,coherente,,2026-08-23
chatmap,807613f1-4cb9-44ef-b4e7-82b4a78734c4,2026-08-14T14:38:00,\N,\N,\N,5.692151403111563,-76.65823379467597,5.692,-76.658,,\N,\N,\N,3,"{""mmi"": 7.5, ""aoi"": ""Quibdo Centre"", ""posterior_al_sismo"": true}",\N,coherente,,2026-08-23
chatmap,80dc181f-8941-41fe-aa61-b782829fbf3a,2026-08-12T21:07:00,\N,\N,\N,4.265490776532495,-75.90247202662341,4.265,-75.902,https://chatmap.hotosm.org/api/v1/media/467ca3aa-e059-4a04-8fdd-40b3c45c6c31.jpg,data/media/467ca3aa-e059-4a04-8fdd-40b3c45c6c31.jpg,269bcdac400fef65d12a138e3afdbfd39e64d7f355fa0b2c5557af305690783e,\N,5,"{""mmi"": 6.6, ""aoi"": ""Western Colombia"", ""posterior_al_sismo"": true}",\N,coherente,,2026-08-23
chatmap,8176650a-cb73-4c41-a17e-d708596586e1,2026-08-22T10:12:00,\N,\N,\N,4.653537882873273,-76.6422079597037,4.654,-76.642,https://chatmap.hotosm.org/api/v1/media/2e6e4295-fa48-4b16-8fc2-ca9ba320fb11.jpg,data/media/2e6e4295-fa48-4b16-8fc2-ca9ba320fb11.jpg,1736e35669d56a8a5fe87cb3d914ca9d05eefff15137c749c1de23daa29db484,\N,5,"{""mmi"": 6.8, ""aoi"": ""Western Colombia"", ""posterior_al_sismo"": true}",\N,coherente,IMG-20260821-WA0120.jpg (file attached),2026-08-23
chatmap,8283afd5-9038-4af1-995f-8de718057221,2026-08-10T19:00:00,\N,\N,\N,3.4083151062553556,-76.54978057128656,3.408,-76.55,https://chatmap.hotosm.org/api/v1/media/4a8f1818-6636-484e-a667-8e40c2cdf56e.jpg,data/media/4a8f1818-6636-484e-a667-8e40c2cdf56e.jpg,fea8c81f4a9e534e6476065e6e70e4d461e4aad99dd24408cf4f3dc97ba838d0,\N,5,"{""mmi"": 6.3, ""aoi"": ""Western Colombia"", ""posterior_al_sismo"": true}",\N,coherente,,2026-08-23
chatmap,8417029b-29b6-457d-9951-0ca483b6aafc,2026-08-11T20:49:00,\N,\N,\N,4.808447484000029,-75.69632688664174,4.808,-75.696,https://chatmap.hotosm.org/api/v1/media/e3cd3f44-0a32-4532-abe1-ef2e206bb685.jpg,data/media/e3cd3f44-0a32-4532-abe1-ef2e206bb685.jpg,31cb0ab9105e09464c83d296e5fe3208718664a75ec0f1735b3a1aaef39d8268,\N,5,"{""mmi"": 7.5, ""aoi"": ""Pereira"", ""posterior_al_sismo"": true}",\N,coherente,,2026-08-23
chatmap,8420e23e-c9fc-4f15-8ec2-601c6083df84,2026-08-14T19:47:00,\N,\N,\N,5.675857595303983,-76.64088777750784,5.676,-76.641,https://chatmap.hotosm.org/api/v1/media/5e91e24f-0ea0-4f76-9459-f50bd1c65241.mp4,data/media/5e91e24f-0ea0-4f76-9459-f50bd1c65241.mp4,07bd8f702e97ca1f1c0a6ded1a7fdcf63a9ef2e7a51460d8d9188be83c20c33f,\N,5,"{""mmi"": 7.4, ""aoi"": ""Quibdo Centre"", ""posterior_al_sismo"": true}",\N,coherente,,2026-08-23
chatmap,84690d9a-90af-49ea-aabf-4bc1cb7dc7b9,2026-08-15T12:11:27,\N,\N,\N,4.815327,-75.707047,4.815,-75.707,https://chatmap.hotosm.org/api/v1/media/729be575-b526-48a9-9a2a-721db4c5eca3.jpg,data/media/729be575-b526-48a9-9a2a-721db4c5eca3.jpg,aaf911b1594f40049246cc5000930f3077a91ece92213679dfd2a8b55a4c4d65,\N,5,"{""mmi"": 7.5, ""aoi"": ""Pereira"", ""posterior_al_sismo"": true}",\N,coherente,,2026-08-23
chatmap,848fc697-a58c-40cc-9473-bc89045cdda4,2026-08-20T17:47:00,\N,\N,\N,4.814688609281208,-75.70526268243798,4.815,-75.705,https://chatmap.hotosm.org/api/v1/media/0c3486c2-fa42-4307-8c4f-4c5d98414208.jpg,data/media/0c3486c2-fa42-4307-8c4f-4c5d98414208.jpg,6bf89dd8ad5a40c4d6b764c16824c300afd3952278e73dbeb193eb50d60e22c7,\N,5,"{""mmi"": 7.5, ""aoi"": ""Pereira"", ""posterior_al_sismo"": true}",\N,coherente,IMG-20260820-WA0088.jpg (file attached),2026-08-23
chatmap,8516bf5b-e433-4e7f-a0ed-f0550f78c66a,2026-08-22T18:13:00,\N,\N,\N,4.8049294,-75.6870135,4.805,-75.687,https://chatmap.hotosm.org/api/v1/media/394a0e59-2859-4d56-ad66-62ca015b327e.jpg,data/media/394a0e59-2859-4d56-ad66-62ca015b327e.jpg,f5685214095400f5a8fb7494d7b6b6df2bbe45c43ffaa67722ead7d6d648caa9,\N,5,"{""mmi"": 7.6, ""aoi"": ""Pereira"", ""posterior_al_sismo"": true}",\N,coherente,IMG-20260822-WA0136.jpg (file attached),2026-08-23
chatmap,851f56f1-6345-4633-be36-0b1c0ff64a3b,2026-08-18T18:50:00,\N,\N,\N,4.811487,-75.702141,4.811,-75.702,https://chatmap.hotosm.org/api/v1/media/146bbe40-e6e9-41e4-92f0-a10d3084bc39.jpg,data/media/146bbe40-e6e9-41e4-92f0-a10d3084bc39.jpg,b6039c2ae29c698afea8b2fa58361de860dc8f4e93e2844297fec74caabf804c,\N,5,"{""mmi"": 7.5, ""aoi"": ""Pereira"", ""posterior_al_sismo"": true}",\N,coherente,IMG-20260818-WA0203.jpg (file attached),2026-08-23
chatmap,85b53bca-95bb-46c3-93df-120ff45939f3,2026-08-22T18:13:00,\N,\N,\N,4.812344,-75.7089574,4.812,-75.709,https://chatmap.hotosm.org/api/v1/media/d02d9781-9f2b-45b3-a9f9-c749a0cf42a8.jpg,data/media/d02d9781-9f2b-45b3-a9f9-c749a0cf42a8.jpg,a0ccadbc298f03322478671df13b8345dbf9511c3ec85837ab749d30d0e74379,\N,5,"{""mmi"": 7.4, ""aoi"": ""Pereira"", ""posterior_al_sismo"": true}",\N,coherente,IMG-20260822-WA0278.jpg (file attached),2026-08-23
chatmap,85dbbd6b-c9da-468c-85a5-82ed4c132dd6,2026-08-22T18:13:00,\N,\N,\N,4.814581,-75.7010574,4.815,-75.701,https://chatmap.hotosm.org/api/v1/media/90b630dc-f55b-4857-9d8f-6570697c5089.jpg,data/media/90b630dc-f55b-4857-9d8f-6570697c5089.jpg,540384425b6ec31db630032620ce201769743f48fb3c389440e1b33876ff50e2,\N,5,"{""mmi"": 7.5, ""aoi"": ""Pereira"", ""posterior_al_sismo"": true}",\N,coherente,IMG-20260822-WA0519.jpg (file attached),2026-08-23
chatmap,85f2a03b-e1c7-455d-b7f8-be3b388da46b,2026-08-10T18:06:00,\N,\N,\N,3.409080995422275,-76.54884573053721,3.409,-76.549,https://chatmap.hotosm.org/api/v1/media/1b30bcf3-42c9-440d-92f9-6d2e6aee52ca.jpg,data/media/1b30bcf3-42c9-440d-92f9-6d2e6aee52ca.jpg,864149995bf206473d11a63c12a2a9522c4c2f18dbd24452cc056761a7b27033,\N,5,"{""mmi"": 6.3, ""aoi"": ""Western Colombia"", ""posterior_al_sismo"": true}",\N,coherente,,2026-08-23
chatmap,8620e9f2-fe7f-4c71-b4bf-f0f87b40a58c,2026-08-14T14:38:00,\N,\N,\N,4.8059430680035105,-75.73935858257413,4.806,-75.739,https://chatmap.hotosm.org/api/v1/media/2106bbbb-9fb0-44e0-9fd9-3861c939760a.jpg,data/media/2106bbbb-9fb0-44e0-9fd9-3861c939760a.jpg,4e72d2675cc2e452646e9da49bb078425afec34d1088de5c4d10d07a330e352b,\N,5,"{""mmi"": 7.7, ""aoi"": ""Western Colombia"", ""posterior_al_sismo"": true}",\N,coherente,,2026-08-23
chatmap,862554b6-153f-4c42-bbf9-5a5ad2460529,2026-08-13T10:14:21,\N,\N,\N,5.351690870693524,-76.12479325484095,5.352,-76.125,https://chatmap.hotosm.org/api/v1/media/3e04b806-1f12-40f6-baf2-1850c3d0b7ae.jpg,data/media/3e04b806-1f12-40f6-baf2-1850c3d0b7ae.jpg,3051620e10bdea265c9355ed72d38f0d79f41e72fde034a296d632163934780b,\N,4,"{""mmi"": 6.1, ""aoi"": null, ""posterior_al_sismo"": true}",\N,coherente,,2026-08-23
chatmap,87a010e1-a774-40d7-8ead-04bb40f14eab,2026-08-14T19:47:00,\N,\N,\N,4.805268,-75.698288,4.805,-75.698,https://chatmap.hotosm.org/api/v1/media/8cd47dfd-4f50-4cba-b998-66150c6873dc.jpg,data/media/8cd47dfd-4f50-4cba-b998-66150c6873dc.jpg,49cf336b04d8404683fb85d35c737db76830934572d1f85f66c3e4ef431e6acd,\N,5,"{""mmi"": 7.6, ""aoi"": ""Pereira"", ""posterior_al_sismo"": true}",\N,coherente,,2026-08-23
chatmap,87d38522-981d-4f74-82b4-9d3f6c18bac3,2026-08-20T17:47:00,\N,\N,\N,4.804232,-75.687427,4.804,-75.687,https://chatmap.hotosm.org/api/v1/media/dcbebf16-ea01-46ab-9b83-94c3daaf788d.jpg,data/media/dcbebf16-ea01-46ab-9b83-94c3daaf788d.jpg,dd5ed98b99a2d52e12249a6a156d8435c3dcfa85690f465aa86d97ecefe4ca19,\N,5,"{""mmi"": 7.6, ""aoi"": ""Pereira"", ""posterior_al_sismo"": true}",\N,coherente,IMG-20260820-WA0108.jpg (file attached),2026-08-23
chatmap,87e65848-0105-4213-b472-8207351fafee,2026-08-22T10:12:00,\N,\N,\N,4.69499969528,-76.74101339777782,4.695,-76.741,https://chatmap.hotosm.org/api/v1/media/f34607e1-9691-400b-bfa2-dd91e84677d4.jpg,data/media/f34607e1-9691-400b-bfa2-dd91e84677d4.jpg,f53bc04a4838f2246cb15c45444fb7deb955cb901a77ad84b13d579cc04b658b,\N,5,"{""mmi"": 6.9, ""aoi"": ""Western Colombia"", ""posterior_al_sismo"": true}",\N,coherente,IMG-20260821-WA0122.jpg (file attached),2026-08-23
chatmap,87e7f496-fffc-46f8-8bba-9ca0c3647baf,2026-08-18T18:50:00,\N,\N,\N,4.810912,-75.701256,4.811,-75.701,https://chatmap.hotosm.org/api/v1/media/1a1b6baf-597d-4fdf-9b62-1dababd373cd.jpg,data/media/1a1b6baf-597d-4fdf-9b62-1dababd373cd.jpg,f1ba5156df535817b542ee58b8ca37af972d083fd84c85ed01b312b2aa066c3a,\N,5,"{""mmi"": 7.5, ""aoi"": ""Pereira"", ""posterior_al_sismo"": true}",\N,coherente,IMG-20260818-WA0205.jpg (file attached),2026-08-23
chatmap,8810b3d4-6b3e-494a-aa65-ee2a8a8cfdee,2026-08-13T13:38:00,\N,\N,\N,4.691234863747301,-75.64948882732578,4.691,-75.649,https://chatmap.hotosm.org/api/v1/media/535fd75d-58e2-4b66-8b30-3ccc3eb6392b.jpg,data/media/535fd75d-58e2-4b66-8b30-3ccc3eb6392b.jpg,24030c71faccc9752c67570e7acbad961ea75e57f8a2738be33e2429a7a0a478,\N,5,"{""mmi"": 6.9, ""aoi"": ""Western Colombia"", ""posterior_al_sismo"": true}",\N,coherente,,2026-08-23
chatmap,8931c5a5-7590-4da4-a0cc-6632c4a17a32,2026-08-12T21:48:00,\N,\N,\N,3.9321254339349734,-76.48651504361588,3.932,-76.487,https://chatmap.hotosm.org/api/v1/media/16bc5a26-b405-4f3e-b37c-f4c9d79026cd.jpg,data/media/16bc5a26-b405-4f3e-b37c-f4c9d79026cd.jpg,916e4f51f694b7a538c34e8028f8256162b81a99019cb17bfc3244a47eefd27c,\N,5,"{""mmi"": 5.7, ""aoi"": ""Western Colombia"", ""posterior_al_sismo"": true}",\N,coherente,,2026-08-23
chatmap,894c6f24-c5f4-4984-b5aa-517d78108514,2026-08-10T18:37:00,\N,\N,\N,4.812169000621654,-75.69365572378294,4.812,-75.694,https://chatmap.hotosm.org/api/v1/media/d3698e11-f86a-4ad4-8168-ab02a0dafd33.jpg,data/media/d3698e11-f86a-4ad4-8168-ab02a0dafd33.jpg,1f590eb45d157671ab902e75cd013b78702569eaf8980afbff22302d83faeab5,\N,5,"{""mmi"": 7.5, ""aoi"": ""Pereira"", ""posterior_al_sismo"": true}",\N,coherente,,2026-08-23
chatmap,89503819-49dc-44ab-812c-f4a007c60661,2026-08-10T16:00:00,\N,\N,\N,4.5387845,-75.6972626,4.539,-75.697,https://chatmap.hotosm.org/api/v1/media/eff62955-5d85-4c8d-9f26-3158cd2424d0.jpg,data/media/eff62955-5d85-4c8d-9f26-3158cd2424d0.jpg,fa1ebeebb67712f2c9fc5d4f61854109055aad59f7c25c7ea49f2fbe33caa7f6,\N,5,"{""mmi"": 7.4, ""aoi"": ""Western Colombia"", ""posterior_al_sismo"": true}",\N,coherente,,2026-08-23
chatmap,8a3dda13-1b05-4308-bfe0-01c156f7653b,2026-08-13T09:44:21,\N,\N,\N,5.411726037807953,-76.41469656422512,5.412,-76.415,https://chatmap.hotosm.org/api/v1/media/ab194b68-e7ae-4672-9d0e-05d276bd111c.jpg,data/media/ab194b68-e7ae-4672-9d0e-05d276bd111c.jpg,b1fa1866e5bc29c2a51047070e50bbfe0ab6923cc6f378715019f6bbd60aa24e,\N,2,"{""mmi"": 6.8, ""aoi"": null, ""posterior_al_sismo"": true, ""duplicado_de"": ""036a5333-39d2-4430-9b2e-8c51984c8f1d""}",\N,recibido,,2026-08-23
chatmap,8af6313c-cdcd-489e-8ef4-18505e026362,2026-08-21T18:02:00,\N,\N,\N,4.814878,-75.699242,4.815,-75.699,https://chatmap.hotosm.org/api/v1/media/2333363e-5e63-4291-9dd5-4dea18f0d2df.jpg,data/media/2333363e-5e63-4291-9dd5-4dea18f0d2df.jpg,77fe6450e7746b3fa5b365134a88054438d1cfc89873cde33f997cfb003329cf,\N,5,"{""mmi"": 7.5, ""aoi"": ""Pereira"", ""posterior_al_sismo"": true}",\N,coherente,IMG-20260821-WA0045.jpg (file attached),2026-08-23
chatmap,8bc0adc2-8788-4047-843f-4f1e2148da5f,2026-08-22T18:13:00,\N,\N,\N,4.808579,-75.689672,4.809,-75.69,https://chatmap.hotosm.org/api/v1/media/d66cc074-492c-4cac-a847-35b18b06f397.jpg,data/media/d66cc074-492c-4cac-a847-35b18b06f397.jpg,dd3164ec8b4e6540c10a827f32ca7959f4563dce42a0fde7411ab2cfbaef4630,\N,5,"{""mmi"": 7.5, ""aoi"": ""Pereira"", ""posterior_al_sismo"": true}",\N,coherente,IMG-20260822-WA0508.jpg (file attached),2026-08-23
chatmap,8d6ad67f-b2bc-4d0d-8d7c-a15a1fe69a2c,2026-08-11T14:21:00,\N,\N,\N,4.333330066313761,-75.82984779115928,4.333,-75.83,https://chatmap.hotosm.org/api/v1/media/c2f29ae0-73b3-4bed-82f1-c6e86f92cb50.jpg,data/media/c2f29ae0-73b3-4bed-82f1-c6e86f92cb50.jpg,39db4c1cbf77896b37e9df48e37d579e685c76a3e21bedaacffcbf3149683627,\N,5,"{""mmi"": 6.8, ""aoi"": ""Western Colombia"", ""posterior_al_sismo"": true}",\N,coherente,,2026-08-23
chatmap,8dc92c4c-da2a-474b-9ecc-dcececc14229,2026-08-13T14:01:00,\N,\N,\N,5.695803793432808,-76.64985494611408,5.696,-76.65,https://chatmap.hotosm.org/api/v1/media/e620c051-ead3-40ae-ab11-95a78339d1fd.mp4,data/media/e620c051-ead3-40ae-ab11-95a78339d1fd.mp4,a66a20e150206230b9d7749ece53223f12ace38f360fb892fc074540f294a00e,\N,4,"{""mmi"": 7.5, ""aoi"": null, ""posterior_al_sismo"": true}",\N,coherente,,2026-08-23
chatmap,8de78a2c-43e5-4928-a31d-e705c183d76d,2026-08-22T18:13:00,\N,\N,\N,4.8145951,-75.7003381,4.815,-75.7,https://chatmap.hotosm.org/api/v1/media/4c3986a3-5e01-4212-b3cd-c113f1bf83d3.jpg,data/media/4c3986a3-5e01-4212-b3cd-c113f1bf83d3.jpg,2157ac34aeb769ff75ae5ecfa461e1f55e00a0cc7d1e8eb5abadd239295d9ac7,\N,5,"{""mmi"": 7.5, ""aoi"": ""Pereira"", ""posterior_al_sismo"": true}",\N,coherente,IMG-20260822-WA0288.jpg (file attached),2026-08-23
chatmap,8e220949-6237-403d-83f6-16027993c480,2026-08-12T17:40:00,\N,\N,\N,3.4212386083298094,-76.5425832277433,3.421,-76.543,https://chatmap.hotosm.org/api/v1/media/80eaa1c8-27af-4ff7-810b-5c6d133e382c.jpg,data/media/80eaa1c8-27af-4ff7-810b-5c6d133e382c.jpg,4c3ea0872f2e91bb7c564157690e923b6347ed4b1bd47497ea2329d37a431737,\N,5,"{""mmi"": 6.3, ""aoi"": ""Western Colombia"", ""posterior_al_sismo"": true}",\N,coherente,,2026-08-23
chatmap,8e690202-a8a1-4b1f-9f02-c9c1960b910d,2026-08-21T18:02:00,\N,\N,\N,4.772210270081795,-75.7584298340971,4.772,-75.758,https://chatmap.hotosm.org/api/v1/media/c77de893-a219-4629-8931-6721c796e5d4.jpg,data/media/c77de893-a219-4629-8931-6721c796e5d4.jpg,d9481567cbaa8c0b4a50d33a5f8afdc1fb1bd057f71888c1b7e25d766efc2cc9,\N,5,"{""mmi"": 7.7, ""aoi"": ""Western Colombia"", ""posterior_al_sismo"": true}",\N,coherente,IMG-20260821-WA0101.jpg (file attached),2026-08-23
chatmap,8f6a128a-0239-4db4-8026-e8fac072b0bf,2026-08-12T21:11:00,\N,\N,\N,3.3913986770033775,-76.54435996500747,3.391,-76.544,https://chatmap.hotosm.org/api/v1/media/8537dd41-6a37-4cf2-bba5-cae0e980d9a7.mp4,data/media/8537dd41-6a37-4cf2-bba5-cae0e980d9a7.mp4,2c44116726545e38fe8b87de987014ef897bef0e9a02fa2517c88de725995592,\N,5,"{""mmi"": 6.4, ""aoi"": ""Western Colombia"", ""posterior_al_sismo"": true}",\N,coherente,,2026-08-23
chatmap,90430543-5b65-41b2-9e16-aad5a7b107bf,2026-08-14T19:47:00,\N,\N,\N,4.791567,-75.700516,4.792,-75.701,https://chatmap.hotosm.org/api/v1/media/212660ab-f6ed-4a76-b3ae-fb9f0bb28cd9.jpg,data/media/212660ab-f6ed-4a76-b3ae-fb9f0bb28cd9.jpg,e49dfc62aa993f076b54ae362c9b2398c6e6f8298330ef164d7f1a4f2baffcc5,\N,5,"{""mmi"": 7.6, ""aoi"": ""Western Colombia"", ""posterior_al_sismo"": true}",\N,coherente,,2026-08-23
chatmap,90644e77-7f20-4a4a-8d66-9a9e3eeb434e,2026-08-22T18:13:00,\N,\N,\N,4.810529784836661,-75.69604857442779,4.811,-75.696,https://chatmap.hotosm.org/api/v1/media/e509ec3e-737e-4d0e-a8e3-7f63d66d3550.jpg,data/media/e509ec3e-737e-4d0e-a8e3-7f63d66d3550.jpg,991e24c47ac12259cd5cfffe32c71404c32278c6eb325bad0ad6415864e9777a,\N,5,"{""mmi"": 7.5, ""aoi"": ""Pereira"", ""posterior_al_sismo"": true}",\N,coherente,IMG-20260822-WA0512.jpg (file attached),2026-08-23
chatmap,90cfbcc0-2a0e-4c50-bac5-db3f78856fdc,2026-08-10T15:31:00,\N,\N,\N,4.5404523,-75.6905423,4.54,-75.691,https://chatmap.hotosm.org/api/v1/media/ada3247e-6828-494d-a307-5a829a14dfdc.jpg,data/media/ada3247e-6828-494d-a307-5a829a14dfdc.jpg,e348015469760d2fb92a841b254137cb590c09ea3aedf07911a2ae5415a9e8ec,\N,5,"{""mmi"": 7.4, ""aoi"": ""Western Colombia"", ""posterior_al_sismo"": true}",\N,coherente,,2026-08-23
chatmap,91ee5942-e35a-4462-b4e1-8fda03d94f7f,2026-08-20T17:47:00,\N,\N,\N,4.8106034,-75.688641,4.811,-75.689,https://chatmap.hotosm.org/api/v1/media/6f6efd87-89f5-497d-87ab-f998f1f0c058.jpg,data/media/6f6efd87-89f5-497d-87ab-f998f1f0c058.jpg,06fe2604b3c13ca9b4cfd9244bb779a03676bfe6a69e24a345f33c37f3e2fa62,\N,5,"{""mmi"": 7.5, ""aoi"": ""Pereira"", ""posterior_al_sismo"": true}",\N,coherente,IMG-20260820-WA0120.jpg (file attached),2026-08-23
chatmap,91f58935-220d-437d-8f43-f057bf877d18,2026-08-20T08:09:00,\N,\N,\N,4.8114099,-75.7067794,4.811,-75.707,https://chatmap.hotosm.org/api/v1/media/015aac64-80e4-464a-aac7-a10244d5ef17.jpg,data/media/015aac64-80e4-464a-aac7-a10244d5ef17.jpg,fd03c16b9775656113c2923b1844d9328032a43e1c26e87820fa6560ec56dfbd,\N,5,"{""mmi"": 7.5, ""aoi"": ""Pereira"", ""posterior_al_sismo"": true}",\N,coherente,IMG-20260819-WA0135.jpg (file attached),2026-08-23
chatmap,9246fd9b-eb07-4951-a014-f1df3a3190e9,2026-08-14T14:38:00,\N,\N,\N,4.865228873740826,-76.06030851694342,4.865,-76.06,https://chatmap.hotosm.org/api/v1/media/c406e0c2-b30f-4eb0-9978-1c3739ca4a37.jpg,data/media/c406e0c2-b30f-4eb0-9978-1c3739ca4a37.jpg,4943a0b0f30c0baae91834d8d26a61055ae255ae3510abccfbe9e0d7c7ddbb14,\N,5,"{""mmi"": 6.6, ""aoi"": ""Western Colombia"", ""posterior_al_sismo"": true}",\N,coherente,,2026-08-23
chatmap,9266479b-39a5-4b02-8f6b-8732836398f0,2026-08-22T18:13:00,\N,\N,\N,4.8136009,-75.731906,4.814,-75.732,https://chatmap.hotosm.org/api/v1/media/bb8058f4-351f-478b-81b7-dacbe6d8b6f8.jpg,data/media/bb8058f4-351f-478b-81b7-dacbe6d8b6f8.jpg,f1f3233e99ad648865653c108fb82d49ce0021a91ccd2c7b1cd100fa4b66f6a2,\N,5,"{""mmi"": 7.4, ""aoi"": ""Western Colombia"", ""posterior_al_sismo"": true}",\N,coherente,IMG-20260822-WA0254.jpg (file attached),2026-08-23
chatmap,926d6b0e-a21d-4db8-b3c0-546a5406240c,2026-08-13T14:09:00,\N,\N,\N,3.391400032238465,-76.544346708646,3.391,-76.544,https://chatmap.hotosm.org/api/v1/media/52cc1143-ff9a-479d-a92d-42d4f65017e9.jpg,data/media/52cc1143-ff9a-479d-a92d-42d4f65017e9.jpg,84113c8b57fb6c5865b71fea519e12d7b2ff15f8d4de07a2692db478f391780b,\N,5,"{""mmi"": 6.4, ""aoi"": ""Western Colombia"", ""posterior_al_sismo"": true}",\N,coherente,,2026-08-23
chatmap,92ee2179-928d-4a5e-8cef-b687b1ff7fce,2026-08-20T08:09:00,\N,\N,\N,3.427937,-76.540638,3.428,-76.541,https://chatmap.hotosm.org/api/v1/media/8e589dad-8a7b-49ac-87cd-27b257283486.jpg,data/media/8e589dad-8a7b-49ac-87cd-27b257283486.jpg,cc53e9d73245bbaa85ac5f4732913b6b319d6fdc0fa9b7d57b9486923f0d70b3,\N,5,"{""mmi"": 6.3, ""aoi"": ""Western Colombia"", ""posterior_al_sismo"": true}",\N,coherente,IMG-20260819-WA0116.jpg (file attached),2026-08-23
chatmap,937e0a24-2c4b-4415-89f2-9d5dd349bed0,2026-08-14T19:47:00,\N,\N,\N,3.935764,-76.429848,3.936,-76.43,https://chatmap.hotosm.org/api/v1/media/7d746dc4-f648-480b-b0c8-de720b3b1db1.jpg,data/media/7d746dc4-f648-480b-b0c8-de720b3b1db1.jpg,536026c5c4ece2d09a6aa05dc6e849452fb632d3a3d364cd6ddf84f655befd20,\N,5,"{""mmi"": 5.6, ""aoi"": ""Western Colombia"", ""posterior_al_sismo"": true}",\N,coherente,,2026-08-23
chatmap,93b36c6a-b1d4-4e92-9731-80bcb9e30477,2026-08-11T19:44:00,\N,\N,\N,3.4323137073629066,-76.51996858242046,3.432,-76.52,https://chatmap.hotosm.org/api/v1/media/0e07232c-0e4c-4e41-9915-44bb50f75b8c.jpg,data/media/0e07232c-0e4c-4e41-9915-44bb50f75b8c.jpg,46dfab0c5ff8ab3cf3d6a8d17882e174ad136c2a7f7903cd72fd2d80ddd906c4,\N,5,"{""mmi"": 6.6, ""aoi"": ""Western Colombia"", ""posterior_al_sismo"": true}",\N,coherente,,2026-08-23
chatmap,941b2714-2b48-46f8-9cf3-a2f47db6313e,2026-08-12T21:46:00,\N,\N,\N,3.9321254339349734,-76.48651504361588,3.932,-76.487,https://chatmap.hotosm.org/api/v1/media/a688eea4-6ba6-4890-bb80-ff189b21da35.jpg,data/media/a688eea4-6ba6-4890-bb80-ff189b21da35.jpg,f59034ec48d8c13954da37e03b4bb4d4f424b9666d1e28a8c45517d59233a498,\N,3,"{""mmi"": 5.7, ""aoi"": ""Western Colombia"", ""posterior_al_sismo"": true, ""duplicado_de"": ""3a598c6c-a21a-4dee-9dae-b670e91275d2""}",\N,coherente,,2026-08-23
chatmap,94a6bfa5-4b20-4dab-8934-d0636999772a,2026-08-12T18:58:00,\N,\N,\N,4.807975734693134,-75.75794434688633,4.808,-75.758,https://chatmap.hotosm.org/api/v1/media/afeb1f5d-76c5-4b8a-b7e3-c43b3e408762.jpg,data/media/afeb1f5d-76c5-4b8a-b7e3-c43b3e408762.jpg,7da8f47419042252b77c3ce0bd617c4afee04bac8c129f469ac2bf915695b3ff,\N,5,"{""mmi"": 7.5, ""aoi"": ""Western Colombia"", ""posterior_al_sismo"": true}",\N,coherente,,2026-08-23
chatmap,94a9203d-ef8d-4d45-8364-2659d32114d1,2026-08-14T14:38:00,\N,\N,\N,5.69970602972606,-76.64890217798717,5.7,-76.649,https://chatmap.hotosm.org/api/v1/media/f81f63c5-69b3-4863-934a-953699c8ff68.jpg,data/media/f81f63c5-69b3-4863-934a-953699c8ff68.jpg,fb03dc0ff5caabdfcba347987a6297b995d458c135061bd120506fbf31f1d624,\N,4,"{""mmi"": 7.5, ""aoi"": null, ""posterior_al_sismo"": true}",\N,coherente,,2026-08-23
chatmap,94b0cdf5-65ee-44fc-a4c8-99c5f18df59d,2026-08-13T14:23:00,\N,\N,\N,4.813046,-75.693481,4.813,-75.693,https://chatmap.hotosm.org/api/v1/media/56baab2f-9f49-4812-ab8d-e0e035194de5.jpg,data/media/56baab2f-9f49-4812-ab8d-e0e035194de5.jpg,ce50ca38218fa2846c7b50d9025a416fb378127004682083303927cd1bf1068d,\N,5,"{""mmi"": 7.5, ""aoi"": ""Pereira"", ""posterior_al_sismo"": true}",\N,coherente,,2026-08-23
chatmap,94e80868-5cf1-4112-9840-02489f183f60,2026-08-12T21:28:00,\N,\N,\N,7.157786280310871,-76.97179292318503,7.158,-76.972,https://chatmap.hotosm.org/api/v1/media/36581226-0377-4f54-96bc-f8df2da46d2f.jpg,data/media/36581226-0377-4f54-96bc-f8df2da46d2f.jpg,e10e2e4153c68b856a40b606bb690384a6313ceee7332d8270550375be90f4f5,\N,2,"{""mmi"": 5.2, ""aoi"": null, ""posterior_al_sismo"": true, ""duplicado_de"": ""276a6fca-1e09-4d73-874a-5281b8fe3cb4""}",\N,recibido,,2026-08-23
chatmap,954906b3-86d3-4723-b945-b823348e6d46,2026-08-12T21:05:00,\N,\N,\N,5.41211983118484,-76.41715141691337,5.412,-76.417,https://chatmap.hotosm.org/api/v1/media/05c3311f-a9a2-43b1-9aa0-415babc308d0.mp4,data/media/05c3311f-a9a2-43b1-9aa0-415babc308d0.mp4,6c8e7ef157c594d07a3b01fc36b7ace8f3ae964e5b8af514127d74110475c7e8,\N,4,"{""mmi"": 6.8, ""aoi"": null, ""posterior_al_sismo"": true}",\N,coherente,,2026-08-23
chatmap,95b960a3-0b37-4fda-9e62-c1f9c8d7f674,2026-08-11T16:51:00,\N,\N,\N,3.488454893551437,-76.5235626333438,3.488,-76.524,,\N,\N,\N,3,"{""mmi"": 6.1, ""aoi"": ""Western Colombia"", ""posterior_al_sismo"": true}",\N,coherente,,2026-08-23
chatmap,95c0d1fc-aaef-4f7b-8feb-082663877382,2026-08-12T23:01:00,\N,\N,\N,3.404275,-76.550034,3.404,-76.55,https://chatmap.hotosm.org/api/v1/media/f9b3614c-fcda-4277-93a1-259310ddbf95.jpg,data/media/f9b3614c-fcda-4277-93a1-259310ddbf95.jpg,f9bf03a6ce8e5ee114770066be4cd50a28c04781dc18306cf2b267a7b63a03f6,\N,5,"{""mmi"": 6.3, ""aoi"": ""Western Colombia"", ""posterior_al_sismo"": true}",\N,coherente,,2026-08-23
chatmap,95cfc61e-cbc6-47f0-a651-875a91ada0c7,2026-08-13T14:14:00,\N,\N,\N,3.930535,-76.480637,3.931,-76.481,https://chatmap.hotosm.org/api/v1/media/c883343b-e4e7-4d36-acf7-3983305c760a.jpg,data/media/c883343b-e4e7-4d36-acf7-3983305c760a.jpg,cbfba8f245abbb0f82f7e4b3cfad5d3703edb99e72f9f096de57a5622b3bddb3,\N,5,"{""mmi"": 5.7, ""aoi"": ""Western Colombia"", ""posterior_al_sismo"": true}",\N,coherente,,2026-08-23
chatmap,969909a3-f5ba-48ea-ac5b-3c53f07a9711,2026-08-13T13:40:00,\N,\N,\N,4.691234863747301,-75.64948882732578,4.691,-75.649,https://chatmap.hotosm.org/api/v1/media/5e6ae5a4-8573-45c5-8409-878f5db58d7f.jpg,data/media/5e6ae5a4-8573-45c5-8409-878f5db58d7f.jpg,9bd7f4643196ce70f5da771d5603aef2b96542c3ba2385f425ef56860f5cafa2,\N,5,"{""mmi"": 6.9, ""aoi"": ""Western Colombia"", ""posterior_al_sismo"": true}",\N,coherente,,2026-08-23
chatmap,96c99a7d-1a55-4178-9b09-9e1cbba2137c,2026-08-17T19:51:00,\N,\N,\N,4.811702219229368,-75.69373487116418,4.812,-75.694,https://chatmap.hotosm.org/api/v1/media/afd92679-26e6-47a8-951d-887a2d1013a5.jpg,data/media/afd92679-26e6-47a8-951d-887a2d1013a5.jpg,8c59ee5901174b2bad87dbfa5e6978135412da75a3f3d4970e89ff77ed7be6f0,\N,5,"{""mmi"": 7.5, ""aoi"": ""Pereira"", ""posterior_al_sismo"": true}",\N,coherente,<attached: 00000007-PHOTO-2026-08-17-19-51-12.jpg>,2026-08-23
chatmap,972fb57b-8870-4729-bdf9-5cc01efb8c8a,2026-08-11T21:00:00,\N,\N,\N,3.40416347441687,-76.54851420148904,3.404,-76.549,https://chatmap.hotosm.org/api/v1/media/965e5614-ded6-4bf4-8784-55e901549aec.jpg,data/media/965e5614-ded6-4bf4-8784-55e901549aec.jpg,1ce1f2469e229d41ae61f3190e06f6353a2179f39e2a27449a138fed0f6fdc32,\N,5,"{""mmi"": 6.3, ""aoi"": ""Western Colombia"", ""posterior_al_sismo"": true}",\N,coherente,,2026-08-23
chatmap,97619313-65a8-4f5a-b897-7584e0f3c104,2026-08-12T17:48:00,\N,\N,\N,4.845072027240416,-75.66171986906687,4.845,-75.662,https://chatmap.hotosm.org/api/v1/media/81c00e7d-87be-4489-b589-1941fa442f7a.jpg,data/media/81c00e7d-87be-4489-b589-1941fa442f7a.jpg,80f73eb96f8ff02d30a6cb3da5be8655daf6d3265212c8b86c8376f624928d28,\N,5,"{""mmi"": 7.3, ""aoi"": ""Western Colombia"", ""posterior_al_sismo"": true}",\N,coherente,,2026-08-23
chatmap,97740200-3dbf-4605-b811-d6d3acc9e854,2026-08-12T17:59:00,\N,\N,\N,5.71508488773607,-76.65141808465711,5.715,-76.651,https://chatmap.hotosm.org/api/v1/media/2d4cdc33-2d97-4764-b471-74f8955d09e9.jpg,data/media/2d4cdc33-2d97-4764-b471-74f8955d09e9.jpg,57ed2d81fc9a4d0f9abc5c84fa95f2df47f981f7b6ee8e5b7fd50cd8736e1603,\N,4,"{""mmi"": 7.3, ""aoi"": null, ""posterior_al_sismo"": true}",\N,coherente,,2026-08-23
chatmap,97c3aefc-6a51-4e2d-8fba-e17c42b4dbeb,2026-08-12T21:03:00,\N,\N,\N,3.4237016321824494,-76.54790864863331,3.424,-76.548,https://chatmap.hotosm.org/api/v1/media/f5d47570-f82d-4e70-bffd-c11f4cff550d.jpg,data/media/f5d47570-f82d-4e70-bffd-c11f4cff550d.jpg,90b742699ad6186ea81a6b0fbdd194629f8eb0f431f2abc86f0e1253453a92d4,\N,5,"{""mmi"": 6.3, ""aoi"": ""Western Colombia"", ""posterior_al_sismo"": true}",\N,coherente,,2026-08-23
chatmap,97f0c244-06f2-48a5-9aa7-f2f31d9bdd65,2026-08-11T11:39:05,\N,\N,\N,3.4325112058232303,-76.52745677429634,3.433,-76.527,https://chatmap.hotosm.org/api/v1/media/69be587c-fb9b-4b3c-980a-723068f92349.jpg,data/media/69be587c-fb9b-4b3c-980a-723068f92349.jpg,f1bca2e707f5afea1eec3b48933725facde78c599784765d6e8b59fd4b86c626,\N,5,"{""mmi"": 6.6, ""aoi"": ""Western Colombia"", ""posterior_al_sismo"": true}",\N,coherente,,2026-08-23
chatmap,98b2de10-56dc-4d9d-9352-5a5b68ef8c78,2026-08-13T14:27:00,\N,\N,\N,3.4146764776940293,-76.54176347597225,3.415,-76.542,https://chatmap.hotosm.org/api/v1/media/ca0c3c05-dc46-4806-9110-cc9195a8012d.jpg,data/media/ca0c3c05-dc46-4806-9110-cc9195a8012d.jpg,e1076a38ddff3d86cc08e8fcc0d6572359f7d5e062b6a777e6945f06123d3adb,\N,5,"{""mmi"": 6.3, ""aoi"": ""Western Colombia"", ""posterior_al_sismo"": true}",\N,coherente,,2026-08-23
chatmap,992ee047-e2ee-475d-bbe1-06b289d5c8de,2026-08-20T08:09:00,\N,\N,\N,5.21622,-76.034599,5.216,-76.035,https://chatmap.hotosm.org/api/v1/media/9655dc09-e6da-4aa9-a5d2-61b8d8b48a9b.jpg,data/media/9655dc09-e6da-4aa9-a5d2-61b8d8b48a9b.jpg,c0e4f1d49669ab3ddef87e2616dbff2cd84946781ac1cfbf0d76302053a40957,\N,5,"{""mmi"": 6.1, ""aoi"": ""Western Colombia"", ""posterior_al_sismo"": true}",\N,coherente,IMG-20260819-WA0120.jpg (file attached),2026-08-23
chatmap,998ede72-37a3-4ed1-9f23-48a6bc680fc3,2026-08-12T19:06:00,\N,\N,\N,3.409002,-76.547401,3.409,-76.547,https://chatmap.hotosm.org/api/v1/media/b9ad4272-4f23-4f60-9e4d-cf2581d3dc5c.jpg,data/media/b9ad4272-4f23-4f60-9e4d-cf2581d3dc5c.jpg,e2808779240cc3e7ab9b18e263c82d017c607f6c23eaa10213419eff1200ad7e,\N,5,"{""mmi"": 6.3, ""aoi"": ""Western Colombia"", ""posterior_al_sismo"": true}",\N,coherente,,2026-08-23
chatmap,99f07e71-6c65-4d7e-afa5-373d963d272d,2026-08-12T18:25:00,\N,\N,\N,4.807975734693134,-75.75794434688633,4.808,-75.758,https://chatmap.hotosm.org/api/v1/media/fe8d622a-8ca3-4e7b-bee6-45e87d5c0cdb.jpg,data/media/fe8d622a-8ca3-4e7b-bee6-45e87d5c0cdb.jpg,fe9cbfeb961f34d8bbb56720d237f6b0f6eafa849c21d0d26486f6c726d42972,\N,5,"{""mmi"": 7.5, ""aoi"": ""Western Colombia"", ""posterior_al_sismo"": true}",\N,coherente,,2026-08-23
chatmap,99fa3701-b868-4f14-82b3-80333406bd27,2026-08-11T16:09:00,\N,\N,\N,4.329113646311282,-75.82928341068397,4.329,-75.829,https://chatmap.hotosm.org/api/v1/media/a311c0de-bed1-4568-a4c7-e598b695d839.jpg,data/media/a311c0de-bed1-4568-a4c7-e598b695d839.jpg,faca317ad64d784a68681f240a140dbf56d0c0e7c8e44c37108111a76603b4b4,\N,5,"{""mmi"": 6.8, ""aoi"": ""Western Colombia"", ""posterior_al_sismo"": true}",\N,coherente,,2026-08-23
chatmap,9a0b4b45-1d95-4d55-a600-9c7f7cd5ed07,2026-08-11T20:30:00,\N,\N,\N,4.813723825026694,-75.70796681984292,4.814,-75.708,https://chatmap.hotosm.org/api/v1/media/654e689f-f32f-4ea5-b314-271a62e59c44.jpg,data/media/654e689f-f32f-4ea5-b314-271a62e59c44.jpg,d656f197732fb98e9a18477065f95c707375c9e6289649e7067bc43edd7fb07a,\N,5,"{""mmi"": 7.4, ""aoi"": ""Pereira"", ""posterior_al_sismo"": true}",\N,coherente,,2026-08-23
chatmap,9a1620ac-e242-4671-a90f-cc8d5c543eb4,2026-08-11T20:31:00,\N,\N,\N,4.813723825026694,-75.70796681984292,4.814,-75.708,https://chatmap.hotosm.org/api/v1/media/88b79473-61bd-47f0-8e77-f33ee9107475.jpg,data/media/88b79473-61bd-47f0-8e77-f33ee9107475.jpg,e6ec5ff6095e66abc41bec4fbd914ff25cef5da56d28e234a954d61868e82384,\N,5,"{""mmi"": 7.4, ""aoi"": ""Pereira"", ""posterior_al_sismo"": true}",\N,coherente,,2026-08-23
chatmap,9b765705-8e10-45d0-850d-e397115ae935,2026-08-10T19:03:00,\N,\N,\N,3.396023,-76.553182,3.396,-76.553,https://chatmap.hotosm.org/api/v1/media/69b0f438-7172-46a9-aeef-5fec04eeae03.jpg,data/media/69b0f438-7172-46a9-aeef-5fec04eeae03.jpg,af40fb5c947c933e5f934efddf43fd81e5f4120aeecf24113cd988955ec72751,\N,5,"{""mmi"": 6.4, ""aoi"": ""Western Colombia"", ""posterior_al_sismo"": true}",\N,coherente,,2026-08-23
chatmap,9c77efba-f8a9-4bdf-8751-513c284201a1,2026-08-12T21:12:00,\N,\N,\N,5.074767989415637,-75.52444223674397,5.075,-75.524,https://chatmap.hotosm.org/api/v1/media/901027d8-6156-48f9-8c94-5fa2ea9f8009.mp4,data/media/901027d8-6156-48f9-8c94-5fa2ea9f8009.mp4,344b656593268a3130b2ed0db3dbb7e4512a81b27ac03d0796f651c376b35b43,\N,5,"{""mmi"": 6.8, ""aoi"": ""Western Colombia"", ""posterior_al_sismo"": true}",\N,coherente,,2026-08-23
chatmap,9d0b2608-6f83-4360-ae77-2a1668bf9f33,2026-08-20T17:47:00,\N,\N,\N,4.814252,-75.697585,4.814,-75.698,https://chatmap.hotosm.org/api/v1/media/48dfa9ae-561d-417e-b8a7-5ec32bc4c0fc.jpg,data/media/48dfa9ae-561d-417e-b8a7-5ec32bc4c0fc.jpg,5941209d3c9f9556f1d627fa3b4b0086a5182d824eb2ddd134bcdb7f981ece77,\N,5,"{""mmi"": 7.5, ""aoi"": ""Pereira"", ""posterior_al_sismo"": true}",\N,coherente,IMG-20260820-WA0030.jpg (file attached),2026-08-23
chatmap,9d8d93bd-6ca9-41fb-8827-3eb03b1ae838,2026-08-13T10:10:58,\N,\N,\N,5.68881796324136,-76.66214716954559,5.689,-76.662,https://chatmap.hotosm.org/api/v1/media/63f572a9-4b94-4310-90b2-2711018c01a3.jpg,data/media/63f572a9-4b94-4310-90b2-2711018c01a3.jpg,26ec4c08a30cbedcdb230b294972b1cd3e10eed51efe882bd464bd7c64d46eba,\N,5,"{""mmi"": 7.5, ""aoi"": ""Quibdo Centre"", ""posterior_al_sismo"": true}",\N,coherente,,2026-08-23
chatmap,9e204bee-f282-4f47-ac60-fd7aadec8cbe,2026-08-18T18:50:00,\N,\N,\N,4.81219,-75.703053,4.812,-75.703,https://chatmap.hotosm.org/api/v1/media/7975093c-e10b-4b92-8f77-f753d3b6b4d5.jpg,data/media/7975093c-e10b-4b92-8f77-f753d3b6b4d5.jpg,9a1d8aeb38a22b2cf633c137f2b4405ec1649e4426fe80a99fbcbdbafd726068,\N,5,"{""mmi"": 7.5, ""aoi"": ""Pereira"", ""posterior_al_sismo"": true}",\N,coherente,IMG-20260818-WA0193.jpg (file attached),2026-08-23
chatmap,9e4f540d-a646-4430-bdca-9cea6ba6d575,2026-08-22T18:13:00,\N,\N,\N,4.8102088,-75.701298,4.81,-75.701,https://chatmap.hotosm.org/api/v1/media/590a5b1f-9e0b-4bc1-b7b3-8b2c6b963cd2.jpg,data/media/590a5b1f-9e0b-4bc1-b7b3-8b2c6b963cd2.jpg,f5f5bb104eae2a239a30db8f229666df652404197cbc6c4bca1b96d19c3c5636,\N,5,"{""mmi"": 7.5, ""aoi"": ""Pereira"", ""posterior_al_sismo"": true}",\N,coherente,IMG-20260822-WA0526.jpg (file attached),2026-08-23
chatmap,9e6c6e8d-361d-4330-9905-5fb73e88a8e7,2026-08-12T17:50:00,\N,\N,\N,3.9727754291427404,-76.43931266159122,3.973,-76.439,https://chatmap.hotosm.org/api/v1/media/a91195ad-54cb-4aec-b5ba-2b26cca01c42.jpg,data/media/a91195ad-54cb-4aec-b5ba-2b26cca01c42.jpg,6ce0cec2dc404301e97d7968422c61d88db92ed219ce5501bf3c0ed32fdb3225,\N,3,"{""mmi"": 5.9, ""aoi"": ""Western Colombia"", ""posterior_al_sismo"": true, ""duplicado_de"": ""0eabb423-657d-480e-9028-438ec3033cd1""}",\N,coherente,,2026-08-23
chatmap,9e7975f8-2a16-4fbf-a598-10c303f4f12a,2026-08-13T13:34:00,\N,\N,\N,4.691234863747301,-75.64948882732578,4.691,-75.649,https://chatmap.hotosm.org/api/v1/media/4c70f52f-a5e2-4dbb-b037-a4b44afeb26d.jpg,data/media/4c70f52f-a5e2-4dbb-b037-a4b44afeb26d.jpg,28a0765b3d3ec3eaead746607958242c5e54475ab2a43d0040bbbcf0ce77a291,\N,5,"{""mmi"": 6.9, ""aoi"": ""Western Colombia"", ""posterior_al_sismo"": true}",\N,coherente,,2026-08-23
chatmap,9f3ce2fd-f3c3-4a93-8a8f-e37cf20daf93,2026-08-22T10:12:00,\N,\N,\N,4.654032455606385,-76.64259889165307,4.654,-76.643,https://chatmap.hotosm.org/api/v1/media/2a553adc-880f-4e70-be10-764f912b8e81.jpg,data/media/2a553adc-880f-4e70-be10-764f912b8e81.jpg,580125e617639e4879db98773fdab3c988c50110f10e59523d2f661da826084f,\N,5,"{""mmi"": 6.8, ""aoi"": ""Western Colombia"", ""posterior_al_sismo"": true}",\N,coherente,IMG-20260821-WA0118.jpg (file attached),2026-08-23
chatmap,9ffd9f43-7401-4fe8-b8fb-a86a2dc60815,2026-08-11T08:27:16,\N,\N,\N,3.3698266796375833,-76.51703047752211,3.37,-76.517,https://chatmap.hotosm.org/api/v1/media/f12fb6c5-ae39-4626-baae-bd8aeb61ca40.jpg,data/media/f12fb6c5-ae39-4626-baae-bd8aeb61ca40.jpg,174a8ceee30fc1632270a27d6eea942a064a5ac29084d9c83d75f9a44e3ef74e,\N,5,"{""mmi"": 6.8, ""aoi"": ""Western Colombia"", ""posterior_al_sismo"": true}",\N,coherente,,2026-08-23
chatmap,a02f90f7-b55c-4a6a-9202-85435ba7f350,2026-08-22T18:13:00,\N,\N,\N,4.8044005,-75.6869455,4.804,-75.687,https://chatmap.hotosm.org/api/v1/media/2e0bf5d6-e073-411e-986b-d637f5ab1bb4.jpg,data/media/2e0bf5d6-e073-411e-986b-d637f5ab1bb4.jpg,eb573b6da280f555bac41df7d0547794f8e160295f59065dec82c5d022ebeb24,\N,5,"{""mmi"": 7.6, ""aoi"": ""Pereira"", ""posterior_al_sismo"": true}",\N,coherente,IMG-20260822-WA0175.jpg (file attached),2026-08-23
chatmap,a0549443-9738-471b-b52b-792486678f5c,2026-08-12T19:00:00,\N,\N,\N,3.421893967133865,-76.54559959232515,3.422,-76.546,https://chatmap.hotosm.org/api/v1/media/27add6eb-7885-42c0-8c48-82fa8c1253e5.jpg,data/media/27add6eb-7885-42c0-8c48-82fa8c1253e5.jpg,731f8206cb79235474b4997fd1bd899dac9fe0b8087d68ea7bc8665e2003c0f6,\N,5,"{""mmi"": 6.3, ""aoi"": ""Western Colombia"", ""posterior_al_sismo"": true}",\N,coherente,,2026-08-23
chatmap,a13e99f2-9c29-4f7c-ad52-b45cadeaf88e,2026-08-12T18:57:00,\N,\N,\N,4.807975734693134,-75.75794434688633,4.808,-75.758,https://chatmap.hotosm.org/api/v1/media/f7d65c3c-b0a9-4d4a-953e-af3f290fe33e.jpg,data/media/f7d65c3c-b0a9-4d4a-953e-af3f290fe33e.jpg,52c552344681b1f9752881cec4372a7a8a8dd6d0ee5b4f76abae65865d86acd3,\N,5,"{""mmi"": 7.5, ""aoi"": ""Western Colombia"", ""posterior_al_sismo"": true}",\N,coherente,,2026-08-23
chatmap,a268af75-8593-432f-b0cf-0fabc7092329,2026-08-15T21:15:00,\N,\N,\N,4.808947,-75.71106,4.809,-75.711,https://chatmap.hotosm.org/api/v1/media/30e2eea0-6d46-435d-986f-12d1fb6a6e10.jpg,data/media/30e2eea0-6d46-435d-986f-12d1fb6a6e10.jpg,aab70af4ece8d9e1d1d2201e0287fee270bcfe34ca9b646bf9ba362c751b9b09,\N,5,"{""mmi"": 7.4, ""aoi"": ""Western Colombia"", ""posterior_al_sismo"": true}",\N,coherente,<attached: 00000002-PHOTO-2026-08-15-21-15-56.jpg>,2026-08-23
chatmap,a285d510-d741-44b6-9ff3-07cdc5632b6e,2026-08-13T14:17:00,\N,\N,\N,3.409938622401805,-76.56329808974999,3.41,-76.563,https://chatmap.hotosm.org/api/v1/media/856f70d8-a733-4d33-a750-fc5f68c674dc.jpg,data/media/856f70d8-a733-4d33-a750-fc5f68c674dc.jpg,44375f7e6e491f9aa6de75215bdaeee205d02945f32481522476d405bf63e345,\N,5,"{""mmi"": 6.3, ""aoi"": ""Western Colombia"", ""posterior_al_sismo"": true}",\N,coherente,,2026-08-23
chatmap,a291dd1b-ec4f-4166-8cb3-a3ec846f0212,2026-08-13T18:22:00,\N,\N,\N,5.677895,-76.63974,5.678,-76.64,https://chatmap.hotosm.org/api/v1/media/15f6a2fb-5b20-45a3-aac8-461348df3a33.jpg,data/media/15f6a2fb-5b20-45a3-aac8-461348df3a33.jpg,a0b97565e895d13a490e5eb759e1acc2e5607647ef2b4cacf197dfffe4146d30,\N,4,"{""mmi"": 7.4, ""aoi"": null, ""posterior_al_sismo"": true}",\N,coherente,,2026-08-23
chatmap,a2e5758d-cf63-4de6-bcdd-6012be05be81,2026-08-11T11:43:07,\N,\N,\N,3.425306,-76.546194,3.425,-76.546,https://chatmap.hotosm.org/api/v1/media/2cc06562-3d5e-4065-80e5-f47ee93e7b9c.jpg,data/media/2cc06562-3d5e-4065-80e5-f47ee93e7b9c.jpg,915c11efedb3c46458cb119634d0632e758503859314fb0ef955ec033e196cf6,\N,5,"{""mmi"": 6.3, ""aoi"": ""Western Colombia"", ""posterior_al_sismo"": true}",\N,coherente,,2026-08-23
chatmap,a35cc83f-2699-479a-87d0-92ff13bea32e,2026-08-11T20:35:00,\N,\N,\N,5.686248980186243,-76.64473474783797,5.686,-76.645,https://chatmap.hotosm.org/api/v1/media/d9ef868c-ea69-40db-968b-5fadb228652a.jpg,data/media/d9ef868c-ea69-40db-968b-5fadb228652a.jpg,61df3d970290458ffc310f9c29e6e4fc6880788a287f4b8411729516357f62cf,\N,5,"{""mmi"": 7.4, ""aoi"": ""Quibdo Centre"", ""posterior_al_sismo"": true}",\N,coherente,,2026-08-23
chatmap,a39d1bb4-8167-4243-9479-8958396cba6f,2026-08-13T13:25:00,\N,\N,\N,4.691234863747301,-75.64948882732578,4.691,-75.649,https://chatmap.hotosm.org/api/v1/media/48879b00-89e8-4bc6-b841-b323289920fb.jpg,data/media/48879b00-89e8-4bc6-b841-b323289920fb.jpg,980dce46136c74cf65c5e50e4a4d16a14ef9af128ffbd22d045156db835044a6,\N,5,"{""mmi"": 6.9, ""aoi"": ""Western Colombia"", ""posterior_al_sismo"": true}",\N,coherente,,2026-08-23
chatmap,a3d38cfb-a33a-4a29-ba13-c896de92fb39,2026-08-22T18:13:00,\N,\N,\N,4.8057567,-75.7500568,4.806,-75.75,https://chatmap.hotosm.org/api/v1/media/e41c410c-10ea-4d2f-9df8-46a3d2a0d1bc.jpg,data/media/e41c410c-10ea-4d2f-9df8-46a3d2a0d1bc.jpg,9c464108b37f4833f869dba7b6c55530fcce788a6a9ef0b2c583bd28806c1f74,\N,5,"{""mmi"": 7.7, ""aoi"": ""Western Colombia"", ""posterior_al_sismo"": true}",\N,coherente,IMG-20260822-WA0533.jpg (file attached),2026-08-23
chatmap,a4251852-e6c7-4599-9e64-e70aac822d41,2026-08-21T18:02:00,\N,\N,\N,3.434094662128797,-76.53867758037084,3.434,-76.539,https://chatmap.hotosm.org/api/v1/media/c6f0271d-c3fd-4f1e-80e7-87cd2fa373e3.jpg,data/media/c6f0271d-c3fd-4f1e-80e7-87cd2fa373e3.jpg,43a822d000a32ec27feb0da5beacedb61621e1589b9622fe9e6d4cbf39dd7bd8,\N,5,"{""mmi"": 6.3, ""aoi"": ""Western Colombia"", ""posterior_al_sismo"": true}",\N,coherente,IMG-20260821-WA0098.jpg (file attached),2026-08-23
chatmap,a4bcd8e3-747b-4a23-a28b-968629be4fa8,2026-08-12T20:58:00,\N,\N,\N,5.694814695145598,-76.65841197875959,5.695,-76.658,https://chatmap.hotosm.org/api/v1/media/51d9b448-aa9f-4ff1-bd5f-3787eba84d3f.jpg,data/media/51d9b448-aa9f-4ff1-bd5f-3787eba84d3f.jpg,d9f65551cf4a575c83b52fc97ac9c7531977bc6d4228fbfadb8a0ffc0df7289e,\N,5,"{""mmi"": 7.5, ""aoi"": ""Quibdo Centre"", ""posterior_al_sismo"": true}",\N,coherente,,2026-08-23
chatmap,a531a1ea-8189-42eb-a824-7bd7ed225e8d,2026-08-10T23:15:00,\N,\N,\N,4.709757,-74.06105,4.71,-74.061,https://chatmap.hotosm.org/api/v1/media/7dee48d2-bc3b-42c9-9052-c18bac56eee3.jpg,data/media/7dee48d2-bc3b-42c9-9052-c18bac56eee3.jpg,d8b657c2fa16e1eefc59190e77b4dc2cb5d4eab1664d2ab3c3d377958d920bc8,\N,4,"{""mmi"": 5.1, ""aoi"": null, ""posterior_al_sismo"": true}",\N,coherente,,2026-08-23
chatmap,a56a0ff0-a20d-4a50-a4fe-b7a92ad20b31,2026-08-21T18:02:00,\N,\N,\N,4.815224136505032,-75.70531937632644,4.815,-75.705,https://chatmap.hotosm.org/api/v1/media/1100b14c-61b6-4022-aa40-480efd1968d3.jpg,data/media/1100b14c-61b6-4022-aa40-480efd1968d3.jpg,e37e8801e41cf39f6a345ab619c42a12e0be0293f7b84c89067bde0ff5f4d829,\N,5,"{""mmi"": 7.5, ""aoi"": ""Pereira"", ""posterior_al_sismo"": true}",\N,coherente,IMG-20260821-WA0085.jpg (file attached),2026-08-23
chatmap,a5a07e98-64fe-4e50-a7dc-b6dd6c2b630a,2026-08-14T19:47:00,\N,\N,\N,5.681709088496216,-76.65641357750783,5.682,-76.656,https://chatmap.hotosm.org/api/v1/media/82faed87-e899-4cde-8698-36329ab3743a.jpg,data/media/82faed87-e899-4cde-8698-36329ab3743a.jpg,5cdfa048037fa227f88ab90a9961878718b989529e4646c19972a70e5bd7067b,\N,5,"{""mmi"": 7.5, ""aoi"": ""Quibdo Centre"", ""posterior_al_sismo"": true}",\N,coherente,,2026-08-23
chatmap,a614f1e0-8d7d-4469-8bc4-cee0d75ea5d0,2026-08-12T18:54:00,\N,\N,\N,4.807975734693134,-75.75794434688633,4.808,-75.758,https://chatmap.hotosm.org/api/v1/media/d5727a29-c6f8-4dca-8d45-2682568d59c3.jpg,data/media/d5727a29-c6f8-4dca-8d45-2682568d59c3.jpg,d42a305508d7ac524c03c6eff3fd8eb29d27d2bfa766183d8b8a575ae945238a,\N,5,"{""mmi"": 7.5, ""aoi"": ""Western Colombia"", ""posterior_al_sismo"": true}",\N,coherente,,2026-08-23
chatmap,a6ca8dfe-8fe2-4b39-8161-accd512aab29,2026-08-21T18:02:00,\N,\N,\N,4.8143479,-75.6940456,4.814,-75.694,https://chatmap.hotosm.org/api/v1/media/a069209f-bf5b-4338-8b28-a1891eee8a2b.jpg,data/media/a069209f-bf5b-4338-8b28-a1891eee8a2b.jpg,34b11d96258f98a08bb071eef9ff324e745e1a7d9b83a142058bcc15dc5ab5ad,\N,5,"{""mmi"": 7.5, ""aoi"": ""Pereira"", ""posterior_al_sismo"": true}",\N,coherente,IMG-20260821-WA0039.jpg (file attached),2026-08-23
chatmap,a7486ccd-7312-41e6-9f96-91be88a333db,2026-08-12T21:08:00,\N,\N,\N,4.265490776532495,-75.90247202662341,4.265,-75.902,https://chatmap.hotosm.org/api/v1/media/ba8f86c7-c3ad-456c-8d11-0c7c2b2bbc9d.jpg,data/media/ba8f86c7-c3ad-456c-8d11-0c7c2b2bbc9d.jpg,25740e7a26725a470621764bc8cc34193df9da96c466b972d417f18a6dc1875e,\N,5,"{""mmi"": 6.6, ""aoi"": ""Western Colombia"", ""posterior_al_sismo"": true}",\N,coherente,,2026-08-23
chatmap,a7b96527-c73c-48cc-a829-d67ff9d14ed2,2026-08-12T18:56:00,\N,\N,\N,4.807975734693134,-75.75794434688633,4.808,-75.758,https://chatmap.hotosm.org/api/v1/media/3d873be1-7f61-4bb9-b6ee-5cd2cfb67210.jpg,data/media/3d873be1-7f61-4bb9-b6ee-5cd2cfb67210.jpg,8d6f7834e71bb6c5163d376099c0cd363cd7e5c13f7ab8a91bb83b10e828b892,\N,5,"{""mmi"": 7.5, ""aoi"": ""Western Colombia"", ""posterior_al_sismo"": true}",\N,coherente,,2026-08-23
chatmap,a827155c-10f3-462b-af09-7fb23212b354,2026-08-18T18:50:00,\N,\N,\N,4.164455,-76.168322,4.164,-76.168,https://chatmap.hotosm.org/api/v1/media/255fadc3-1b40-400f-a28c-97eaab9507fb.jpg,data/media/255fadc3-1b40-400f-a28c-97eaab9507fb.jpg,4ede9145fc2bd0364c1613616ff70be9cf7dcc9064df4e637d2c2529ca7ee0dd,\N,5,"{""mmi"": 7.2, ""aoi"": ""Western Colombia"", ""posterior_al_sismo"": true}",\N,coherente,IMG-20260818-WA0186.jpg (file attached),2026-08-23
chatmap,a9073612-5ccc-42cc-9b3f-e8851c15db40,2026-08-20T17:47:00,\N,\N,\N,5.193176,-76.947799,5.193,-76.948,https://chatmap.hotosm.org/api/v1/media/b00b3c7b-c257-46c0-adb5-a3e320e1150a.jpg,data/media/b00b3c7b-c257-46c0-adb5-a3e320e1150a.jpg,2f74aadd7aa22a81b2334952c5f32c44b9435f8903c2282e28cc78b2fdf3dfab,\N,4,"{""mmi"": 6.7, ""aoi"": null, ""posterior_al_sismo"": true}",\N,coherente,IMG-20260820-WA0117.jpg (file attached),2026-08-23
chatmap,a9188763-42e5-42cb-980f-4e63fb5d0279,2026-08-13T13:42:00,\N,\N,\N,4.691234863747301,-75.64948882732578,4.691,-75.649,https://chatmap.hotosm.org/api/v1/media/8e2cb487-c672-45a1-83fa-ed1a36439aef.jpg,data/media/8e2cb487-c672-45a1-83fa-ed1a36439aef.jpg,7f87c91f3727c72251179ce6210bf7e47e6fd98347949d79fbe84e48cf1f8d02,\N,5,"{""mmi"": 6.9, ""aoi"": ""Western Colombia"", ""posterior_al_sismo"": true}",\N,coherente,,2026-08-23
chatmap,a9594303-6258-4e06-ae6d-8d329996cfe6,2026-08-12T17:48:00,\N,\N,\N,4.410584844263354,-76.15164401848568,4.411,-76.152,https://chatmap.hotosm.org/api/v1/media/34f903cc-d5c0-4e29-a71c-b2a8a7981437.jpg,data/media/34f903cc-d5c0-4e29-a71c-b2a8a7981437.jpg,e9ce0a223163f5854d68dabd40376363a9e50ba8188e42773effdfb94e4bde6b,\N,5,"{""mmi"": 7.4, ""aoi"": ""Western Colombia"", ""posterior_al_sismo"": true}",\N,coherente,,2026-08-23
chatmap,a974d276-11e7-418b-98db-1221ac93b5f1,2026-08-21T18:02:00,\N,\N,\N,4.8092653,-75.6853734,4.809,-75.685,https://chatmap.hotosm.org/api/v1/media/590c918a-153a-4a02-b47e-ffc4a8e864fd.jpg,data/media/590c918a-153a-4a02-b47e-ffc4a8e864fd.jpg,0209a18f59b7bdf18f914b0a9de003617c626a945a82133139e9e71268b75a32,\N,5,"{""mmi"": 7.5, ""aoi"": ""Pereira"", ""posterior_al_sismo"": true}",\N,coherente,IMG-20260821-WA0041.jpg (file attached),2026-08-23
chatmap,aa1f2053-02db-4844-a853-194bd3807f2d,2026-08-11T14:15:00,\N,\N,\N,4.334783187020704,-75.8301617393468,4.335,-75.83,https://chatmap.hotosm.org/api/v1/media/bfd1dc7a-7936-4257-8b20-3a42c4b4951a.jpg,data/media/bfd1dc7a-7936-4257-8b20-3a42c4b4951a.jpg,bfe089457c07f2bda092323c0bbe0d8a5a9edd26afc7df5111169b3f06a6d56c,\N,5,"{""mmi"": 6.8, ""aoi"": ""Western Colombia"", ""posterior_al_sismo"": true}",\N,coherente,,2026-08-23
chatmap,aa6d9a77-64db-4074-98b4-ba1668f345ec,2026-08-22T18:13:00,\N,\N,\N,4.8157548,-75.7214575,4.816,-75.721,https://chatmap.hotosm.org/api/v1/media/a16e5e4f-2c78-40b2-88fd-ca2f12b5fbbd.jpg,data/media/a16e5e4f-2c78-40b2-88fd-ca2f12b5fbbd.jpg,abb42c19452e14ad2238cdb766c462ba8c99d1e98d1a232e1cbb5ab3e3525ac5,\N,5,"{""mmi"": 7.4, ""aoi"": ""Pereira"", ""posterior_al_sismo"": true}",\N,coherente,IMG-20260822-WA0529.jpg (file attached),2026-08-23
chatmap,aa715a53-d5f9-4897-bdaf-09071cebbda7,2026-08-14T19:47:00,\N,\N,\N,4.264914,-75.933128,4.265,-75.933,https://chatmap.hotosm.org/api/v1/media/4d0e2689-8e60-4880-abd1-ef2b73402f0d.jpg,data/media/4d0e2689-8e60-4880-abd1-ef2b73402f0d.jpg,c2884caf94d829cac721a5f42775817f11f349864bd4fbeed574b4304da5603c,\N,5,"{""mmi"": 6.6, ""aoi"": ""Western Colombia"", ""posterior_al_sismo"": true}",\N,coherente,,2026-08-23
chatmap,aab0419e-798c-4904-b04e-a1574a0d822c,2026-08-14T19:47:00,\N,\N,\N,4.79507,-75.70208,4.795,-75.702,https://chatmap.hotosm.org/api/v1/media/2617853a-9142-410a-96a7-8a5c86018263.jpg,data/media/2617853a-9142-410a-96a7-8a5c86018263.jpg,6df8a90366aee0f2484b9c306a097d9f45e3cc1a581fa647e8de36f89454b1a9,\N,5,"{""mmi"": 7.6, ""aoi"": ""Western Colombia"", ""posterior_al_sismo"": true}",\N,coherente,,2026-08-23
chatmap,aae25609-b9c8-4050-ac00-aa95b08460ba,2026-08-11T21:23:00,\N,\N,\N,4.857853243332102,-75.6289761093503,4.858,-75.629,https://chatmap.hotosm.org/api/v1/media/b702ec7b-6b3e-4014-98cc-fbc9d6e775d3.jpg,data/media/b702ec7b-6b3e-4014-98cc-fbc9d6e775d3.jpg,40ef538ef6bf02a2e60d6ef37aaa938433e202e66045c7aa14dfffd39171ba3d,\N,5,"{""mmi"": 7.4, ""aoi"": ""Western Colombia"", ""posterior_al_sismo"": true}",\N,coherente,,2026-08-23
chatmap,abc1749d-ad9c-4eb5-841e-1bd78b1296b7,2026-08-13T13:51:00,\N,\N,\N,4.81046,-75.693802,4.81,-75.694,https://chatmap.hotosm.org/api/v1/media/e5fb9003-1dd6-4fa9-9d93-0792f7810cdf.jpg,data/media/e5fb9003-1dd6-4fa9-9d93-0792f7810cdf.jpg,a7dbe561baf0a0160c2507f230c03f0c4d5453350cb4639a1f691089e8d5b535,\N,5,"{""mmi"": 7.5, ""aoi"": ""Pereira"", ""posterior_al_sismo"": true}",\N,coherente,,2026-08-23
chatmap,ac33fe39-fe16-4f9a-b63d-c1a92d1ea323,2026-08-13T09:45:20,\N,\N,\N,5.350944805255522,-76.12202021022331,5.351,-76.122,https://chatmap.hotosm.org/api/v1/media/5eb4e1f3-76a4-45bb-b719-84b7cd6b816c.jpg,data/media/5eb4e1f3-76a4-45bb-b719-84b7cd6b816c.jpg,3051620e10bdea265c9355ed72d38f0d79f41e72fde034a296d632163934780b,\N,2,"{""mmi"": 6.1, ""aoi"": null, ""posterior_al_sismo"": true, ""duplicado_de"": ""862554b6-153f-4c42-bbf9-5a5ad2460529""}",\N,recibido,,2026-08-23
chatmap,ac463c70-460d-45f0-98e6-e2922d66c449,2026-08-20T08:09:00,\N,\N,\N,4.7958823,-75.6920095,4.796,-75.692,https://chatmap.hotosm.org/api/v1/media/d1a301a0-2bff-4837-9fef-7cd542304a45.jpg,data/media/d1a301a0-2bff-4837-9fef-7cd542304a45.jpg,ae06c655712c48e0ab16bd3e9716760c853738dbabe6fc6f35df4651c4553a6e,\N,5,"{""mmi"": 7.6, ""aoi"": ""Pereira"", ""posterior_al_sismo"": true}",\N,coherente,IMG-20260819-WA0124.jpg (file attached),2026-08-23
chatmap,ac78fd70-42f6-4713-ad52-317c04ea84ec,2026-08-14T19:47:00,\N,\N,\N,4.795004,-75.701996,4.795,-75.702,https://chatmap.hotosm.org/api/v1/media/3433dc2e-ff52-4860-bf00-4b93ec5deb56.jpg,data/media/3433dc2e-ff52-4860-bf00-4b93ec5deb56.jpg,5b189455238da06cb146d8f8380a59f39d2f00968929e47bde3e85378a7b3975,\N,5,"{""mmi"": 7.6, ""aoi"": ""Western Colombia"", ""posterior_al_sismo"": true}",\N,coherente,,2026-08-23
chatmap,acb0b9a1-c7b8-45b8-a7b5-082322ebe6da,2026-08-22T18:13:00,\N,\N,\N,5.316487,-75.9965173,5.316,-75.997,https://chatmap.hotosm.org/api/v1/media/ab4ff2c7-1352-48e8-aa01-6bfa9ffa208d.jpg,data/media/ab4ff2c7-1352-48e8-aa01-6bfa9ffa208d.jpg,715edd4867d42813e43eda2e7e568be4e0cd25c90fea4b2a7b7c480d7eb8f717,\N,4,"{""mmi"": 6.0, ""aoi"": null, ""posterior_al_sismo"": true}",\N,coherente,IMG-20260822-WA0534.jpg (file attached),2026-08-23
chatmap,ad5f4cc0-d62a-4f3d-a309-fbab92b640f1,2026-08-20T08:09:00,\N,\N,\N,2.7628445,-76.6531928,2.763,-76.653,https://chatmap.hotosm.org/api/v1/media/79631fcd-ccb0-4c73-b672-273fa2bc9ac5.jpg,data/media/79631fcd-ccb0-4c73-b672-273fa2bc9ac5.jpg,5d4e3b98090bbe3964ad24d9e75072fb84777271ee4892c2f449a26acf5f20c5,\N,5,"{""mmi"": 5.0, ""aoi"": ""Western Colombia"", ""posterior_al_sismo"": true}",\N,coherente,IMG-20260819-WA0128.jpg (file attached),2026-08-23
chatmap,ad9009c4-6136-4bc2-9265-b98603a44e25,2026-08-20T17:47:00,\N,\N,\N,4.816842049783007,-75.6940100831122,4.817,-75.694,https://chatmap.hotosm.org/api/v1/media/daaf3420-d376-4565-8f29-a12c840bc3ef.jpg,data/media/daaf3420-d376-4565-8f29-a12c840bc3ef.jpg,e94604457ee2e7e6fd037a0c51d6e336dafdf6e4e6974effe425639cb64c3b5f,\N,5,"{""mmi"": 7.5, ""aoi"": ""Pereira"", ""posterior_al_sismo"": true}",\N,coherente,IMG-20260820-WA0092.jpg (file attached),2026-08-23
chatmap,ade117b9-e58e-4dc5-bf9a-f93f2e10ff92,2026-08-13T14:12:00,\N,\N,\N,5.686242805512459,-76.64800153260124,5.686,-76.648,https://chatmap.hotosm.org/api/v1/media/5fe40d47-8934-4e50-80c9-8690795e3d21.jpg,data/media/5fe40d47-8934-4e50-80c9-8690795e3d21.jpg,b8f52c7654785350ea18fbfff9c89ed4eac3264cd2ad3166cd7c2f500be08325,\N,5,"{""mmi"": 7.5, ""aoi"": ""Quibdo Centre"", ""posterior_al_sismo"": true}",\N,coherente,,2026-08-23
chatmap,adf226a3-ab16-4fbb-aa5d-7cc0f4f70bc5,2026-08-14T19:47:00,\N,\N,\N,5.681892716821497,-76.64574792168538,5.682,-76.646,https://chatmap.hotosm.org/api/v1/media/86c7419f-1106-4b61-94fb-d4245fffef9c.jpg,data/media/86c7419f-1106-4b61-94fb-d4245fffef9c.jpg,3588980b303a06c137b58f174099f5f29da283afdf6bf4ac3d014af94a87280e,\N,5,"{""mmi"": 7.4, ""aoi"": ""Quibdo Centre"", ""posterior_al_sismo"": true}",\N,coherente,,2026-08-23
chatmap,aed1f268-8447-4bf8-98c4-494b480b3905,2026-08-14T14:38:00,\N,\N,\N,4.236051,-76.289322,4.236,-76.289,https://chatmap.hotosm.org/api/v1/media/f9cabe92-58b2-4c2e-af3c-6fd3776ca60c.jpg,data/media/f9cabe92-58b2-4c2e-af3c-6fd3776ca60c.jpg,5c7f48006d0a11bf32db077c4e663f0eb4e618487d8753a5613ea3ac8783b46f,\N,5,"{""mmi"": 6.6, ""aoi"": ""Western Colombia"", ""posterior_al_sismo"": true}",\N,coherente,,2026-08-23
chatmap,af39bca0-727e-4a71-98e2-37d409b4fad8,2026-08-12T18:53:00,\N,\N,\N,4.807975734693134,-75.75794434688633,4.808,-75.758,https://chatmap.hotosm.org/api/v1/media/5f9494c0-3811-40d6-97de-8d6af96a3a98.jpg,data/media/5f9494c0-3811-40d6-97de-8d6af96a3a98.jpg,ec328f2b7215661c2469bb95437716843c61e5a5690de0dfc59e5dec6f3d2ff2,\N,5,"{""mmi"": 7.5, ""aoi"": ""Western Colombia"", ""posterior_al_sismo"": true}",\N,coherente,,2026-08-23
chatmap,b0eccd49-c3ae-4e79-9b6e-dff43a435413,2026-08-22T18:13:00,\N,\N,\N,4.8050728,-75.6878306,4.805,-75.688,https://chatmap.hotosm.org/api/v1/media/be88bee0-1292-433a-bfc2-776d81699ee7.jpg,data/media/be88bee0-1292-433a-bfc2-776d81699ee7.jpg,e934bb2a787a336f3310dc4a53c6e02b26b674b36617dc8f9736afdf44542ad2,\N,5,"{""mmi"": 7.6, ""aoi"": ""Pereira"", ""posterior_al_sismo"": true}",\N,coherente,IMG-20260822-WA0148.jpg (file attached),2026-08-23
chatmap,b1313495-ad95-48f7-85c2-d725192c4e8f,2026-08-11T15:52:00,\N,\N,\N,4.334617521523194,-75.82954398368709,4.335,-75.83,https://chatmap.hotosm.org/api/v1/media/c26205b6-6d93-4aa8-a75e-a1fbd31bbb8f.jpg,data/media/c26205b6-6d93-4aa8-a75e-a1fbd31bbb8f.jpg,6394d8927dee84b579ae9dc32745c394ba58575a0d4b79dc9779d2b3fee84529,\N,5,"{""mmi"": 6.8, ""aoi"": ""Western Colombia"", ""posterior_al_sismo"": true}",\N,coherente,,2026-08-23
chatmap,b18b0434-028e-4471-8611-c9b08e56ed9a,2026-08-11T22:16:00,\N,\N,\N,5.687695792957419,-76.646384884201,5.688,-76.646,https://chatmap.hotosm.org/api/v1/media/88a83c84-509b-43bc-b573-e852bdac49c5.jpg,data/media/88a83c84-509b-43bc-b573-e852bdac49c5.jpg,cd96d4047fd8c59f7993a51e22df07b73534e78ca406a04ce1f8ccad80b2ad55,\N,5,"{""mmi"": 7.4, ""aoi"": ""Quibdo Centre"", ""posterior_al_sismo"": true}",\N,coherente,,2026-08-23
chatmap,b20b2532-3de3-4a15-8849-83daaa063f4c,2026-08-13T14:05:00,\N,\N,\N,5.698841357558364,-76.66084990343407,5.699,-76.661,https://chatmap.hotosm.org/api/v1/media/dd6a52c4-4cbb-4829-9387-c7c13895cace.mp4,data/media/dd6a52c4-4cbb-4829-9387-c7c13895cace.mp4,a7027eaff02c25e99087873e9fb1cf17f7ba14edd5565501b9df3dacc5a82c77,\N,5,"{""mmi"": 7.5, ""aoi"": ""Quibdo Centre"", ""posterior_al_sismo"": true}",\N,coherente,,2026-08-23
chatmap,b22ba276-254d-487d-a09e-52421c1e61a8,2026-08-22T18:13:00,\N,\N,\N,3.4095272,-76.5506131,3.41,-76.551,https://chatmap.hotosm.org/api/v1/media/82b8c72c-66ed-4516-9a06-2ac045ef3f07.jpg,data/media/82b8c72c-66ed-4516-9a06-2ac045ef3f07.jpg,c4a371b9e68ac5052133f83a45845e846e38a2197d5d6b3cf9e5fee1204490a7,\N,5,"{""mmi"": 6.3, ""aoi"": ""Western Colombia"", ""posterior_al_sismo"": true}",\N,coherente,IMG-20260822-WA0260.jpg (file attached),2026-08-23
chatmap,b2a98184-2715-4073-9d33-c4fc9ef84a28,2026-08-10T20:35:00,\N,\N,\N,5.055035495425616,-75.48487801689454,5.055,-75.485,https://chatmap.hotosm.org/api/v1/media/7830a640-eb6f-44e0-ae86-c5294a0a8429.jpg,data/media/7830a640-eb6f-44e0-ae86-c5294a0a8429.jpg,6a54fb4df83953b403b45517990eb009f3adabf756ee341e5c614464d54f4ff6,\N,5,"{""mmi"": 6.5, ""aoi"": ""Western Colombia"", ""posterior_al_sismo"": true}",\N,coherente,,2026-08-23
chatmap,b378718f-74f1-4597-a331-421bccb00786,2026-08-11T21:07:00,\N,\N,\N,5.673016,-76.640366,5.673,-76.64,https://chatmap.hotosm.org/api/v1/media/694262dc-4041-455c-a40f-842dfeb1c48c.jpg,data/media/694262dc-4041-455c-a40f-842dfeb1c48c.jpg,2e7195c2207addd34e3ba24effc157d98b8e955e525d2e32d78564fd3b41834a,\N,4,"{""mmi"": 7.4, ""aoi"": null, ""posterior_al_sismo"": true}",\N,coherente,,2026-08-23
chatmap,b3df06af-39dc-4f42-b543-563837712bae,2026-08-11T17:56:00,\N,\N,\N,3.4308054377642745,-76.54355497160557,3.431,-76.544,https://chatmap.hotosm.org/api/v1/media/cab16999-8204-4dee-8cbb-bdb1a04e7fa4.jpg,data/media/cab16999-8204-4dee-8cbb-bdb1a04e7fa4.jpg,ffbfe3c25abae8bee260d7344b2647202432b7698500d447ee4ca450ccc47eb9,\N,5,"{""mmi"": 6.3, ""aoi"": ""Western Colombia"", ""posterior_al_sismo"": true}",\N,coherente,,2026-08-23
chatmap,b4171f3d-4229-4129-a430-56f04bdf7654,2026-08-11T10:38:54,\N,\N,\N,3.392929,-76.543224,3.393,-76.543,https://chatmap.hotosm.org/api/v1/media/1ae11f09-b7b0-4387-b88d-1a3f90ac1112.mp4,data/media/1ae11f09-b7b0-4387-b88d-1a3f90ac1112.mp4,757223064af73eb51766fd4bb9305c6736bf5226146185c46236db1a29c38cde,\N,5,"{""mmi"": 6.4, ""aoi"": ""Western Colombia"", ""posterior_al_sismo"": true}",\N,coherente,,2026-08-23
chatmap,b44d0d13-63e0-4baa-b2d4-9c5379f593aa,2026-08-12T21:17:00,\N,\N,\N,3.933107597118015,-76.48571912187295,3.933,-76.486,https://chatmap.hotosm.org/api/v1/media/0532639e-7a4d-4ea1-8766-134be786469c.jpg,data/media/0532639e-7a4d-4ea1-8766-134be786469c.jpg,f292cb7845f28d0b34d8e887b9df466c538f280e932f397b2ffe77f9283cdd41,\N,5,"{""mmi"": 5.7, ""aoi"": ""Western Colombia"", ""posterior_al_sismo"": true}",\N,coherente,,2026-08-23
chatmap,b466eb5c-cda1-4435-bf1f-84945e6263cc,2026-08-18T18:50:00,\N,\N,\N,4.810451,-75.700859,4.81,-75.701,https://chatmap.hotosm.org/api/v1/media/39c5d523-5f71-4f58-8139-fd42e18e2522.jpg,data/media/39c5d523-5f71-4f58-8139-fd42e18e2522.jpg,8e39805796f324db995bedc4c3397871203b40239414be74862cd79632e5d146,\N,5,"{""mmi"": 7.5, ""aoi"": ""Pereira"", ""posterior_al_sismo"": true}",\N,coherente,IMG-20260818-WA0207.jpg (file attached),2026-08-23
chatmap,b47d8402-d4d5-4fbe-9ab1-24246aa4c7fc,2026-08-11T20:55:00,\N,\N,\N,5.6809584949738605,-76.64969247616817,5.681,-76.65,https://chatmap.hotosm.org/api/v1/media/a6bc468f-3e6b-4d17-932b-2c20ee6084d0.jpg,data/media/a6bc468f-3e6b-4d17-932b-2c20ee6084d0.jpg,6c77b11bcaa5b0c857681d1bfca7c0995502660e38272f9d9f6ac0a338c4ebba,\N,5,"{""mmi"": 7.5, ""aoi"": ""Quibdo Centre"", ""posterior_al_sismo"": true}",\N,coherente,,2026-08-23
chatmap,b4861af2-2920-4b13-aee9-1069c794144a,2026-08-18T18:50:00,\N,\N,\N,4.8106917330392465,-75.6995151279123,4.811,-75.7,https://chatmap.hotosm.org/api/v1/media/5ada5c16-bf2e-4eb4-b8a0-62114287e17b.jpg,data/media/5ada5c16-bf2e-4eb4-b8a0-62114287e17b.jpg,5282f68035647eb22b33ef391b40d30c66b41f18dc83f94bcbe0e87408bef88f,\N,5,"{""mmi"": 7.5, ""aoi"": ""Pereira"", ""posterior_al_sismo"": true}",\N,coherente,IMG-20260818-WA0215.jpg (file attached),2026-08-23
chatmap,b54dc97f-ae1f-4f7f-91d2-90d8499c4a81,2026-08-11T15:55:00,\N,\N,\N,4.334539331529488,-75.83005292130854,4.335,-75.83,https://chatmap.hotosm.org/api/v1/media/123e6dc7-36f4-488f-a161-8c7f009bc2fe.jpg,data/media/123e6dc7-36f4-488f-a161-8c7f009bc2fe.jpg,114486fcce22ca5196075466fc01f662d1b2ae4bb6393c8c5fe4fdc68a003a68,\N,5,"{""mmi"": 6.8, ""aoi"": ""Western Colombia"", ""posterior_al_sismo"": true}",\N,coherente,,2026-08-23
chatmap,b5557da6-df1d-4274-bbd7-d158ee22d170,2026-08-18T18:50:00,\N,\N,\N,4.810814,-75.698219,4.811,-75.698,https://chatmap.hotosm.org/api/v1/media/c1b1f1f2-5f92-43bc-b3b5-944c761c5308.jpg,data/media/c1b1f1f2-5f92-43bc-b3b5-944c761c5308.jpg,edec1afff831b1cb768682a7b796dceac549a20a512b41ea98b44f1866c31b84,\N,5,"{""mmi"": 7.5, ""aoi"": ""Pereira"", ""posterior_al_sismo"": true}",\N,coherente,IMG-20260818-WA0187.jpg (file attached),2026-08-23
chatmap,b59beb4d-fef1-4c8a-bc1c-fe994c157cbb,2026-08-11T14:18:00,\N,\N,\N,4.3327416733525945,-75.82887649179341,4.333,-75.829,https://chatmap.hotosm.org/api/v1/media/2c789036-5979-4624-94c5-3d8c22f21130.jpg,data/media/2c789036-5979-4624-94c5-3d8c22f21130.jpg,690218ea68cae515beeb67c1176443d75234e04d795341739c115879953c972b,\N,5,"{""mmi"": 6.8, ""aoi"": ""Western Colombia"", ""posterior_al_sismo"": true}",\N,coherente,,2026-08-23
chatmap,b59d4451-6146-43b3-a856-9c9f93cedcdd,2026-08-11T11:49:32,\N,\N,\N,3.407551134721111,-76.52845287767066,3.408,-76.528,https://chatmap.hotosm.org/api/v1/media/2036f302-ddd5-4c56-84b9-795522f8e8c7.jpg,data/media/2036f302-ddd5-4c56-84b9-795522f8e8c7.jpg,3d79a3b5e67b06308d14a438552735b56872f9b2d4b2b50c8a5aa3763ac21776,\N,5,"{""mmi"": 6.6, ""aoi"": ""Western Colombia"", ""posterior_al_sismo"": true}",\N,coherente,,2026-08-23
chatmap,b5b4a9ad-8df5-4798-9592-ddba1345bd71,2026-08-22T18:13:00,\N,\N,\N,4.8045399,-75.6878004,4.805,-75.688,https://chatmap.hotosm.org/api/v1/media/11b0b2a8-66d7-498b-af13-180bf8b36ad4.jpg,data/media/11b0b2a8-66d7-498b-af13-180bf8b36ad4.jpg,4f939debe6fef3032d294fd57c205d6c9b9f06fa5c73a8c483acfb8b4a43f910,\N,5,"{""mmi"": 7.6, ""aoi"": ""Pereira"", ""posterior_al_sismo"": true}",\N,coherente,IMG-20260822-WA0163.jpg (file attached),2026-08-23
chatmap,b60a9fb7-f62d-4706-9a87-5e49f73590ca,2026-08-11T10:43:30,\N,\N,\N,3.4388059202779733,-76.53766036232862,3.439,-76.538,https://chatmap.hotosm.org/api/v1/media/b54575c4-a397-4751-9b68-92ceeaf58749.jpg,data/media/b54575c4-a397-4751-9b68-92ceeaf58749.jpg,3162e088b211e3dab27bc59f41d7b61f5ec3d59d75f9dd5b449a0a334aa526a7,\N,5,"{""mmi"": 6.6, ""aoi"": ""Western Colombia"", ""posterior_al_sismo"": true}",\N,coherente,,2026-08-23
chatmap,b754f855-4e89-4358-8e54-1e65544ca684,2026-08-22T18:13:00,\N,\N,\N,4.8163271,-75.7081517,4.816,-75.708,https://chatmap.hotosm.org/api/v1/media/5044436b-a454-463b-a5db-a158c3354fdd.jpg,data/media/5044436b-a454-463b-a5db-a158c3354fdd.jpg,fe7696f54050749d4f4a06ba51ffedebfc5fcd75b2fd27b2597c992026fa9a35,\N,5,"{""mmi"": 7.4, ""aoi"": ""Pereira"", ""posterior_al_sismo"": true}",\N,coherente,IMG-20260822-WA0284.jpg (file attached),2026-08-23
chatmap,b7800f1e-678f-4b4f-8e98-7552c03d0b8a,2026-08-10T19:59:00,\N,\N,\N,5.056135,-75.492265,5.056,-75.492,https://chatmap.hotosm.org/api/v1/media/246faa10-622e-4063-9125-7ce2d72304c7.jpg,data/media/246faa10-622e-4063-9125-7ce2d72304c7.jpg,7aae143ca031a2d14e0d66f765d5a3696568d191cfca928ad361b4a2a7650939,\N,5,"{""mmi"": 7.1, ""aoi"": ""Western Colombia"", ""posterior_al_sismo"": true}",\N,coherente,,2026-08-23
chatmap,b7ce91c9-3296-4fed-b4f2-7cd1364d3ff0,2026-08-13T13:01:00,\N,\N,\N,4.452780717515023,-75.8069529065006,4.453,-75.807,https://chatmap.hotosm.org/api/v1/media/e33d2530-b4ef-4150-94b4-d21bb516946a.jpg,data/media/e33d2530-b4ef-4150-94b4-d21bb516946a.jpg,e10be3a5d06c37bb0c490d4cdb61991a16dfbc584632c1c1d9f6caef917a6239,\N,3,"{""mmi"": 7.3, ""aoi"": ""Western Colombia"", ""posterior_al_sismo"": true, ""duplicado_de"": ""0387c37b-23a0-4fa0-a2de-65b1864e6924""}",\N,coherente,,2026-08-23
chatmap,b7f72a5b-bdcf-47f1-a623-2e089bba29dc,2026-08-14T19:47:00,\N,\N,\N,4.795116,-75.702095,4.795,-75.702,https://chatmap.hotosm.org/api/v1/media/2c7932be-aa0b-46ee-9fc6-dafdea74d2ab.jpg,data/media/2c7932be-aa0b-46ee-9fc6-dafdea74d2ab.jpg,ee42c9992a6ed19232e914a4759013c73e95e3f682d5fc253552197a411dff6a,\N,5,"{""mmi"": 7.6, ""aoi"": ""Western Colombia"", ""posterior_al_sismo"": true}",\N,coherente,,2026-08-23
chatmap,b8066ee9-0662-4246-afb5-f62c34088722,2026-08-10T19:29:00,\N,\N,\N,5.059681994412229,-75.48779326220104,5.06,-75.488,https://chatmap.hotosm.org/api/v1/media/b98ebffe-4aba-4eb1-bd34-0f137e9c5694.jpg,data/media/b98ebffe-4aba-4eb1-bd34-0f137e9c5694.jpg,54f3b14de5b98566a9231de67b4abbc7b7d7fbaeac64b96c3e33686c14ab45a4,\N,5,"{""mmi"": 6.4, ""aoi"": ""Western Colombia"", ""posterior_al_sismo"": true}",\N,coherente,,2026-08-23
chatmap,b819387c-af0e-4fa7-9b0c-2aba7a7ce0af,2026-08-22T18:13:00,\N,\N,\N,4.8167414,-75.7127902,4.817,-75.713,https://chatmap.hotosm.org/api/v1/media/4b4bf03b-3f55-4d2c-acdd-5bc432d9e9bf.jpg,data/media/4b4bf03b-3f55-4d2c-acdd-5bc432d9e9bf.jpg,5121a489986572e4c164f452618647b7695856ec1c96f083fa87bc0a2f95d794,\N,5,"{""mmi"": 7.4, ""aoi"": ""Pereira"", ""posterior_al_sismo"": true}",\N,coherente,IMG-20260822-WA0527.jpg (file attached),2026-08-23
chatmap,b8837729-b9ff-4946-96da-8ebbe5f7ae55,2026-08-13T13:54:00,\N,\N,\N,5.411977950380412,-76.4160174530742,5.412,-76.416,https://chatmap.hotosm.org/api/v1/media/a6aebaf0-3473-4b5b-ab29-cd15445364f7.jpg,data/media/a6aebaf0-3473-4b5b-ab29-cd15445364f7.jpg,60bfa1158bcbcf72a476615f824adae893024af0c822d60f66277dbdc32637dc,\N,4,"{""mmi"": 6.8, ""aoi"": null, ""posterior_al_sismo"": true}",\N,coherente,,2026-08-23
chatmap,b9e33c49-8a97-491a-8f64-9654945c66ed,2026-08-22T18:13:00,\N,\N,\N,4.816004,-75.722595,4.816,-75.723,https://chatmap.hotosm.org/api/v1/media/91c83bac-7887-45b9-9bf3-bb2acee889cc.jpg,data/media/91c83bac-7887-45b9-9bf3-bb2acee889cc.jpg,82cbc9a8bd45af6d80e75c50fe28d7ecf53fadc90166a493374f19acd0858bc4,\N,5,"{""mmi"": 7.4, ""aoi"": ""Pereira"", ""posterior_al_sismo"": true}",\N,coherente,IMG-20260822-WA0532.jpg (file attached),2026-08-23
chatmap,b9f6b502-bcb2-4863-9c48-4c41ac6f2444,2026-08-22T18:13:00,\N,\N,\N,4.8153555,-75.7267481,4.815,-75.727,https://chatmap.hotosm.org/api/v1/media/94ffc275-aec8-4122-9379-72d32e2b923b.jpg,data/media/94ffc275-aec8-4122-9379-72d32e2b923b.jpg,43c3a42a3901e5871dd2bee245683c94b3484725c7d350dc92d0e913548283b8,\N,5,"{""mmi"": 7.4, ""aoi"": ""Western Colombia"", ""posterior_al_sismo"": true}",\N,coherente,IMG-20260822-WA0259.jpg (file attached),2026-08-23
chatmap,ba032541-c18a-4184-8d61-73625e8bb61c,2026-08-12T17:54:00,\N,\N,\N,3.9727754291427404,-76.43931266159122,3.973,-76.439,https://chatmap.hotosm.org/api/v1/media/ee1b6783-278c-41c1-b40a-8aa971b8cdde.jpg,data/media/ee1b6783-278c-41c1-b40a-8aa971b8cdde.jpg,b3abb9c4df984ee0f8c7252cb140ad20c5ed5707ffe1934da16c4e2e6ed32798,\N,5,"{""mmi"": 5.9, ""aoi"": ""Western Colombia"", ""posterior_al_sismo"": true}",\N,coherente,,2026-08-23
chatmap,bb009124-7592-4249-a4b9-e135e6eefb24,2026-08-13T13:57:00,\N,\N,\N,6.26060442805863,-75.57016164492143,6.261,-75.57,https://chatmap.hotosm.org/api/v1/media/8ac6bc33-a8cf-4fd5-99a6-9e4bbbfca293.jpg,data/media/8ac6bc33-a8cf-4fd5-99a6-9e4bbbfca293.jpg,773b009f5a1417905217d8546864c618c99bf0a50518f1e78ecaee7412117cec,\N,3,"{""mmi"": 4.8, ""aoi"": null, ""posterior_al_sismo"": true}",\N,coherente,,2026-08-23
chatmap,bb9fd95d-633b-4767-8db6-7858efd629a5,2026-08-13T14:00:00,\N,\N,\N,5.695803793432808,-76.64985494611408,5.696,-76.65,https://chatmap.hotosm.org/api/v1/media/a5c53333-3657-428c-b4d6-6de02328018a.mp4,data/media/a5c53333-3657-428c-b4d6-6de02328018a.mp4,476be371d4fca0d85743dafe667a45cd7ba1f604760818168c8f26b409cea83c,\N,4,"{""mmi"": 7.5, ""aoi"": null, ""posterior_al_sismo"": true}",\N,coherente,,2026-08-23
chatmap,bba132bc-c43a-4ebe-89d5-92dfa0eb0d34,2026-08-14T19:47:00,\N,\N,\N,5.675475519205844,-76.64183979100137,5.675,-76.642,https://chatmap.hotosm.org/api/v1/media/db7e5d5d-47a2-42b4-a5c2-4aac49772fed.jpg,data/media/db7e5d5d-47a2-42b4-a5c2-4aac49772fed.jpg,bcb0e5f16c6da8f7295065c12a69ba0fb82aadf281b84195b652a0b5bcd39bd5,\N,5,"{""mmi"": 7.4, ""aoi"": ""Quibdo Centre"", ""posterior_al_sismo"": true}",\N,coherente,,2026-08-23
chatmap,bc04d5d0-809e-4a79-a09a-05cb0b0e3d0f,2026-08-10T19:04:00,\N,\N,\N,3.396023,-76.553182,3.396,-76.553,https://chatmap.hotosm.org/api/v1/media/313a9daf-f3ed-45bd-884b-69e0a6602a1d.jpg,data/media/313a9daf-f3ed-45bd-884b-69e0a6602a1d.jpg,b9d2d65cbc38b5870564b2c50df74116105614b7537a6bb39d8cfb900710506a,\N,5,"{""mmi"": 6.4, ""aoi"": ""Western Colombia"", ""posterior_al_sismo"": true}",\N,coherente,,2026-08-23
chatmap,bc70a560-3b6f-4f6e-a3e8-4d8fd6cde933,2026-08-14T14:38:00,\N,\N,\N,4.8059430680035105,-75.73935858257413,4.806,-75.739,https://chatmap.hotosm.org/api/v1/media/c2e57ce3-1635-4fb8-bfd5-8174fb9c6d52.jpg,data/media/c2e57ce3-1635-4fb8-bfd5-8174fb9c6d52.jpg,8a33819e63b72f2a64a3106fffdb67dfb624d3ee3853301035edc4f5b4dbd051,\N,5,"{""mmi"": 7.7, ""aoi"": ""Western Colombia"", ""posterior_al_sismo"": true}",\N,coherente,,2026-08-23
chatmap,bd2dc273-7a4f-4f21-a51c-f964a1f253ea,2026-08-20T17:47:00,\N,\N,\N,4.8045773,-75.6889015,4.805,-75.689,https://chatmap.hotosm.org/api/v1/media/2eebbd1c-756f-4598-90f6-a8b680c91194.jpg,data/media/2eebbd1c-756f-4598-90f6-a8b680c91194.jpg,a85baaaf8000d71e2c9a02f3448aa3febfa5ebb96d9242e1675e4b62e6d53244,\N,5,"{""mmi"": 7.6, ""aoi"": ""Pereira"", ""posterior_al_sismo"": true}",\N,coherente,IMG-20260820-WA0122.jpg (file attached),2026-08-23
chatmap,bdc653ce-e0b5-41ec-b684-e044aca88a44,2026-08-10T19:58:00,\N,\N,\N,5.056135,-75.492265,5.056,-75.492,https://chatmap.hotosm.org/api/v1/media/98b2cde3-b833-404e-99d3-34275a63c16f.jpg,data/media/98b2cde3-b833-404e-99d3-34275a63c16f.jpg,c73a0d6e57088afc56ca0029dfcb53326580fea4f53cea4cc6f035dc276347f0,\N,5,"{""mmi"": 7.1, ""aoi"": ""Western Colombia"", ""posterior_al_sismo"": true}",\N,coherente,,2026-08-23
chatmap,be047127-c21c-4d47-94f0-2d7a7e3ffc51,2026-08-11T16:44:00,\N,\N,\N,3.7735926169199905,-76.68647189112782,3.774,-76.686,,\N,\N,\N,3,"{""mmi"": 5.5, ""aoi"": ""Western Colombia"", ""posterior_al_sismo"": true}",\N,coherente,,2026-08-23
chatmap,bf61c4c2-cb1c-4e05-a9e2-6aa9333bc168,2026-08-22T18:13:00,\N,\N,\N,4.8147198,-75.7164806,4.815,-75.716,https://chatmap.hotosm.org/api/v1/media/fbecd96f-2b6f-4db3-8840-37795ca5ec49.jpg,data/media/fbecd96f-2b6f-4db3-8840-37795ca5ec49.jpg,9e6978802a507cce0698aeb08d20d098fc153315edf00f76dae151ebf5a93bfe,\N,5,"{""mmi"": 7.4, ""aoi"": ""Pereira"", ""posterior_al_sismo"": true}",\N,coherente,IMG-20260822-WA0261.jpg (file attached),2026-08-23
chatmap,bfbac54e-7b79-48d1-b39f-f4a6cb989867,2026-08-20T08:09:00,\N,\N,\N,5.6800557,-76.6411594,5.68,-76.641,https://chatmap.hotosm.org/api/v1/media/c4ad41bb-092c-42f6-b586-d73e7854988c.jpg,data/media/c4ad41bb-092c-42f6-b586-d73e7854988c.jpg,00b1338f11ef2a3185299d852339c67e2eccd4fd09c4fa5a0d1e8711bfbfef4a,\N,5,"{""mmi"": 7.4, ""aoi"": ""Quibdo Centre"", ""posterior_al_sismo"": true}",\N,coherente,IMG-20260819-WA0121.jpg (file attached),2026-08-23
chatmap,bfd15a21-a815-4fe1-afd0-97d81707af6c,2026-08-11T20:39:00,\N,\N,\N,4.81214681666411,-75.7054318988239,4.812,-75.705,https://chatmap.hotosm.org/api/v1/media/188f3bac-ba07-4698-b727-d5baf8430c41.jpg,data/media/188f3bac-ba07-4698-b727-d5baf8430c41.jpg,17d2873ca4ae671fd40bd097c994d97f4d33b4e42cabdec39df200c27654ed8b,\N,5,"{""mmi"": 7.5, ""aoi"": ""Pereira"", ""posterior_al_sismo"": true}",\N,coherente,,2026-08-23
chatmap,c0604512-a095-4287-a615-f9a2c9199193,2026-08-11T19:22:00,\N,\N,\N,4.975920207329897,-76.63780914718028,4.976,-76.638,https://chatmap.hotosm.org/api/v1/media/65d0f519-405a-408b-a99d-0edd5caee5bc.mp4,data/media/65d0f519-405a-408b-a99d-0edd5caee5bc.mp4,e22701d1535057b316d704ef19872b18297636591d841460cad967b3c20982f0,\N,5,"{""mmi"": 6.9, ""aoi"": ""Western Colombia"", ""posterior_al_sismo"": true}",\N,coherente,,2026-08-23
chatmap,c0aa4750-fe05-4aa7-b7c6-80e4f600b1b2,2026-08-13T13:52:00,\N,\N,\N,5.411977950380412,-76.4160174530742,5.412,-76.416,https://chatmap.hotosm.org/api/v1/media/58e9d982-f311-407e-a690-4faa1457a5c4.jpg,data/media/58e9d982-f311-407e-a690-4faa1457a5c4.jpg,7851ff6d4dc9d7981f15b6fd62f5f61cd6ca96dacc5a4f506f504fa59f8afbbd,\N,2,"{""mmi"": 6.8, ""aoi"": null, ""posterior_al_sismo"": true, ""duplicado_de"": ""30ea88fd-54df-4a53-afe6-6d1e31784b14""}",\N,recibido,,2026-08-23
chatmap,c11cd3c4-0cdf-4aed-a44c-863edcc6112c,2026-08-22T18:13:00,\N,\N,\N,4.810366791423544,-75.69524586525675,4.81,-75.695,https://chatmap.hotosm.org/api/v1/media/e8bb229a-9a84-4cc0-b193-65118612c966.jpg,data/media/e8bb229a-9a84-4cc0-b193-65118612c966.jpg,73f448f84781e559c17a2ecc64d6df07e45f9281190682af41118e0147ac435b,\N,5,"{""mmi"": 7.5, ""aoi"": ""Pereira"", ""posterior_al_sismo"": true}",\N,coherente,IMG-20260822-WA0513.jpg (file attached),2026-08-23
chatmap,c120c3f5-74a3-44f9-9b04-a70e231a54ac,2026-08-12T21:04:00,\N,\N,\N,5.68667538692553,-76.6496184179338,5.687,-76.65,https://chatmap.hotosm.org/api/v1/media/8303b58c-f356-4976-8ad8-6d9f6c8a891b.jpg,data/media/8303b58c-f356-4976-8ad8-6d9f6c8a891b.jpg,8127fe3240f617408552efba8157a5e2d62e67da47d986b1521ad178fbf9d970,\N,5,"{""mmi"": 7.5, ""aoi"": ""Quibdo Centre"", ""posterior_al_sismo"": true}",\N,coherente,,2026-08-23
chatmap,c1928d43-3357-41f9-b4b9-8c411a8b2ab6,2026-08-20T17:47:00,\N,\N,\N,5.305446,-76.626022,5.305,-76.626,https://chatmap.hotosm.org/api/v1/media/c4188b96-1caf-426e-9534-cae3dfdfce98.jpg,data/media/c4188b96-1caf-426e-9534-cae3dfdfce98.jpg,65b9fb87902de6d4a2000930896c065ccbaf82fe3d85065681b89356fac33db2,\N,5,"{""mmi"": 6.9, ""aoi"": ""Western Colombia"", ""posterior_al_sismo"": true}",\N,coherente,IMG-20260820-WA0027.jpg (file attached),2026-08-23
chatmap,c23fd790-11f8-4b18-b76c-48f72db4725c,2026-08-14T14:38:00,\N,\N,\N,5.677936654543647,-76.63977173526443,5.678,-76.64,https://chatmap.hotosm.org/api/v1/media/3af55d9a-5e17-4e01-8553-dc4981c7bfe8.mp4,data/media/3af55d9a-5e17-4e01-8553-dc4981c7bfe8.mp4,07d8a7c497bc9ec9d8771004bcd3fde348ee2eb7cd072825f557dd057d9ba4e4,\N,4,"{""mmi"": 7.4, ""aoi"": null, ""posterior_al_sismo"": true}",\N,coherente,,2026-08-23
chatmap,c3278f47-3520-409d-bd4b-2a964bb22e41,2026-08-15T08:39:40,\N,\N,\N,4.812404,-75.706329,4.812,-75.706,https://chatmap.hotosm.org/api/v1/media/5c98b758-e383-4985-b37b-d3c710838e8b.jpg,data/media/5c98b758-e383-4985-b37b-d3c710838e8b.jpg,c95ddcc385d948c4b30cbe780858d320d47e19c99e604aaea963227c5363f64c,\N,5,"{""mmi"": 7.5, ""aoi"": ""Pereira"", ""posterior_al_sismo"": true}",\N,coherente,,2026-08-23
chatmap,c4056970-c31f-4960-9486-e0b3719d90d9,2026-08-14T19:47:00,\N,\N,\N,5.681561321572645,-76.65401960993923,5.682,-76.654,https://chatmap.hotosm.org/api/v1/media/6ef13ad2-9511-4f1a-885c-f247b4eca6e7.jpg,data/media/6ef13ad2-9511-4f1a-885c-f247b4eca6e7.jpg,88d8a83321cc00f9396e5dab3f604731853d325ab16e16ac534617e36104bdf0,\N,5,"{""mmi"": 7.5, ""aoi"": ""Quibdo Centre"", ""posterior_al_sismo"": true}",\N,coherente,,2026-08-23
chatmap,c42620b7-f0a1-487c-b9dc-e9908497c8e4,2026-08-13T14:16:00,\N,\N,\N,5.6701654621865725,-76.6336298450172,5.67,-76.634,https://chatmap.hotosm.org/api/v1/media/e7f4097a-5ca6-45de-823c-b34b2a8707f5.mp4,data/media/e7f4097a-5ca6-45de-823c-b34b2a8707f5.mp4,14eabaa74706242b9a09dc5bf01ad0bc2041a847ccdf2771a3d54bf30016302a,\N,4,"{""mmi"": 7.4, ""aoi"": null, ""posterior_al_sismo"": true}",\N,coherente,,2026-08-23
chatmap,c4becdf0-37d4-415a-8314-2d2ccd101105,2026-08-10T15:59:00,\N,\N,\N,4.5403223,-75.6913326,4.54,-75.691,https://chatmap.hotosm.org/api/v1/media/79020bab-3d9f-429c-97e7-f424c07ce3bc.jpg,data/media/79020bab-3d9f-429c-97e7-f424c07ce3bc.jpg,2a9e9f2a3ef066f187a335ddc63db96e41f8316f012ab69b9b2cbe79812a51c4,\N,5,"{""mmi"": 7.4, ""aoi"": ""Western Colombia"", ""posterior_al_sismo"": true}",\N,coherente,,2026-08-23
chatmap,c5717beb-9159-4a8f-81ce-bda5edcf4eb2,2026-08-13T14:13:00,\N,\N,\N,5.703815362558053,-76.65874256892138,5.704,-76.659,https://chatmap.hotosm.org/api/v1/media/e1b26194-35f0-46a1-b10b-1a973db61858.jpg,data/media/e1b26194-35f0-46a1-b10b-1a973db61858.jpg,860e1ab50642317d0d47ce6bcffb110d8ef26146d22c84c87f663c22dc8cc019,\N,4,"{""mmi"": 7.5, ""aoi"": null, ""posterior_al_sismo"": true}",\N,coherente,,2026-08-23
chatmap,c5927a6b-1430-4e68-ae54-f8fd6be6e763,2026-08-12T17:45:00,\N,\N,\N,5.682025869023612,-72.95830716211242,5.682,-72.958,https://chatmap.hotosm.org/api/v1/media/700e4878-69a9-4696-8555-050ab4823e79.opus,data/media/700e4878-69a9-4696-8555-050ab4823e79.opus,74e4c6c82ff9143fabf845bd5b9d737ca0f7b6eb9f605278da9575e66143e2a5,\N,3,"{""mmi"": null, ""aoi"": null, ""posterior_al_sismo"": true}",\N,coherente,,2026-08-23
chatmap,c5fa09a2-c32a-4e7a-a372-4512b18959e8,2026-08-10T16:03:00,\N,\N,\N,5.681179,-76.649604,5.681,-76.65,https://chatmap.hotosm.org/api/v1/media/dc42ee82-97d0-4e30-b522-607344fa3c7d.jpg,data/media/dc42ee82-97d0-4e30-b522-607344fa3c7d.jpg,b36fb8c96acee2663c67aa48f3d0364c79dfe09ddb66f82490461d198cbde90c,\N,5,"{""mmi"": 7.5, ""aoi"": ""Quibdo Centre"", ""posterior_al_sismo"": true}",\N,coherente,,2026-08-23
chatmap,c60d0ec0-82b5-46d2-849a-bd5ee0f28276,2026-08-13T13:39:00,\N,\N,\N,4.691234863747301,-75.64948882732578,4.691,-75.649,https://chatmap.hotosm.org/api/v1/media/bb19c0d8-2140-4771-9730-3bed6dac5360.jpg,data/media/bb19c0d8-2140-4771-9730-3bed6dac5360.jpg,4d9f738ecdfa0ea123cdc861427da5c356c433deb683f765bc2ae9a52a282a42,\N,5,"{""mmi"": 6.9, ""aoi"": ""Western Colombia"", ""posterior_al_sismo"": true}",\N,coherente,,2026-08-23
chatmap,c6337f25-6f09-4682-a11e-299221f7ef90,2026-08-22T10:12:00,\N,\N,\N,4.693900634125496,-76.74036298734602,4.694,-76.74,https://chatmap.hotosm.org/api/v1/media/53286c57-9a5c-47f8-9c6e-7cea2ba2bbc9.jpg,data/media/53286c57-9a5c-47f8-9c6e-7cea2ba2bbc9.jpg,d3ace3204936d4207219d50fd61fc7b869a944a3b4b3f82dd83c2087e6414199,\N,5,"{""mmi"": 6.9, ""aoi"": ""Western Colombia"", ""posterior_al_sismo"": true}",\N,coherente,IMG-20260821-WA0116.jpg (file attached),2026-08-23
chatmap,c727af87-0dfc-4550-9b99-cead06fc630c,2026-08-13T14:15:00,\N,\N,\N,3.930535,-76.480637,3.931,-76.481,https://chatmap.hotosm.org/api/v1/media/e38dea9e-b412-4763-a758-2b835ca95b43.jpg,data/media/e38dea9e-b412-4763-a758-2b835ca95b43.jpg,02979bc1f38dd2bcea60b1ead8e556b015201bb09239cd8d8a7294ec5321c830,\N,5,"{""mmi"": 5.7, ""aoi"": ""Western Colombia"", ""posterior_al_sismo"": true}",\N,coherente,,2026-08-23
chatmap,c88e6645-50eb-4e07-a2b0-ae5115a3fc19,2026-08-15T21:15:00,\N,\N,\N,4.408575,-76.153648,4.409,-76.154,https://chatmap.hotosm.org/api/v1/media/70f07dcd-d3d3-4a62-a701-c0275a25df33.mp4,data/media/70f07dcd-d3d3-4a62-a701-c0275a25df33.mp4,44f4489dffb981c255b0906c754c53bf08d2e9b2d4c753851f17a90aa3fe6809,\N,5,"{""mmi"": 7.4, ""aoi"": ""Western Colombia"", ""posterior_al_sismo"": true}",\N,coherente,<attached: 00000013-VIDEO-2026-08-15-21-15-56.mp4>,2026-08-23
chatmap,c8c74c38-d644-41f6-8c5a-1c04cc9bbbb3,2026-08-13T13:52:00,\N,\N,\N,4.811087,-75.69371,4.811,-75.694,https://chatmap.hotosm.org/api/v1/media/ecc69f4a-efe7-4c6e-afee-6d0dd3ae67f2.jpg,data/media/ecc69f4a-efe7-4c6e-afee-6d0dd3ae67f2.jpg,14d7ec932f21238a9641616194439b89694c8e5964d0961e6653d43a364120f3,\N,5,"{""mmi"": 7.5, ""aoi"": ""Pereira"", ""posterior_al_sismo"": true}",\N,coherente,,2026-08-23
chatmap,c8e60146-24de-4c53-92d8-acd236e2bf33,2026-08-20T17:47:00,\N,\N,\N,4.832961,-75.673927,4.833,-75.674,https://chatmap.hotosm.org/api/v1/media/d32b5b8d-0bcb-4ed6-9a6e-c7acddfe99db.mp4,data/media/d32b5b8d-0bcb-4ed6-9a6e-c7acddfe99db.mp4,2221f5f7234fe151e6b63d3a06e2bb20a164885760376bc52ff18f161eacb102,\N,5,"{""mmi"": 7.5, ""aoi"": ""Western Colombia"", ""posterior_al_sismo"": true}",\N,coherente,VID-20260820-WA0113.mp4 (file attached),2026-08-23
chatmap,c8e70f43-24df-49ef-a16b-2d87fe4dcca5,2026-08-11T21:07:00,\N,\N,\N,5.673021,-76.640625,5.673,-76.641,https://chatmap.hotosm.org/api/v1/media/eb3e9a80-3c41-46ec-ad59-8314ecfc3df5.mp4,data/media/eb3e9a80-3c41-46ec-ad59-8314ecfc3df5.mp4,68e9a811eafdd75473343e96378b19ea592d4d8ba7cc0653ad2a3f9af5b30a9a,\N,4,"{""mmi"": 7.4, ""aoi"": null, ""posterior_al_sismo"": true}",\N,coherente,,2026-08-23
chatmap,c9689cdc-f025-4806-9fe4-1a20a2b9a6be,2026-08-13T14:22:00,\N,\N,\N,3.407687668270943,-76.55316332757592,3.408,-76.553,https://chatmap.hotosm.org/api/v1/media/881d0ffc-ec3d-4d27-8a3d-86a92e4dadec.jpg,data/media/881d0ffc-ec3d-4d27-8a3d-86a92e4dadec.jpg,35b085c10ec0a6e0a98a58646b9421ac615d6e2fdfd83f457152dd6a88c350db,\N,5,"{""mmi"": 6.3, ""aoi"": ""Western Colombia"", ""posterior_al_sismo"": true}",\N,coherente,,2026-08-23
chatmap,c9c6c45d-27aa-4c8d-ba0f-a7c338670405,2026-08-12T18:00:00,\N,\N,\N,3.412417086470574,-76.54874113068576,3.412,-76.549,https://chatmap.hotosm.org/api/v1/media/05cb9771-b232-408d-a1cc-0a2d971edecd.mp4,data/media/05cb9771-b232-408d-a1cc-0a2d971edecd.mp4,4b318cef61bc0e54cee0b189236df206414709f3aa07e8d3edde52644831187b,\N,5,"{""mmi"": 6.3, ""aoi"": ""Western Colombia"", ""posterior_al_sismo"": true}",\N,coherente,,2026-08-23
chatmap,cadecd5a-8624-467a-9c83-158d212d48e8,2026-08-12T18:55:00,\N,\N,\N,4.807975734693134,-75.75794434688633,4.808,-75.758,https://chatmap.hotosm.org/api/v1/media/342f428e-a454-4fa6-bd6b-643532156961.jpg,data/media/342f428e-a454-4fa6-bd6b-643532156961.jpg,461cac663457010da74be009fad8854da428f353fb9d8559ab86270556718583,\N,5,"{""mmi"": 7.5, ""aoi"": ""Western Colombia"", ""posterior_al_sismo"": true}",\N,coherente,,2026-08-23
chatmap,cb3ce63a-f700-49dc-8437-45c69d7819cd,2026-08-10T18:38:00,\N,\N,\N,4.8120310649423175,-75.69363915917691,4.812,-75.694,https://chatmap.hotosm.org/api/v1/media/7c98b5a1-6e4f-4f20-9447-b4362bd71c33.jpg,data/media/7c98b5a1-6e4f-4f20-9447-b4362bd71c33.jpg,53be9cb86f19ad508629440ccf5b20fe6c495569d2c7f48e71809698ed1f142d,\N,5,"{""mmi"": 7.5, ""aoi"": ""Pereira"", ""posterior_al_sismo"": true}",\N,coherente,,2026-08-23
chatmap,cb9a6df9-afc7-4f4f-acd8-1bc9e1dbec46,2026-08-10T16:38:00,\N,\N,\N,6.253445,-75.596382,6.253,-75.596,https://chatmap.hotosm.org/api/v1/media/bbaf9103-138d-4d43-92ff-29e44e1fdc8e.jpg,data/media/bbaf9103-138d-4d43-92ff-29e44e1fdc8e.jpg,d506d4384662792112bfc31ff86281cc82e9672cac38291e3667bd0543c24d96,\N,3,"{""mmi"": 4.8, ""aoi"": null, ""posterior_al_sismo"": true}",\N,coherente,,2026-08-23
chatmap,cbfd1082-bd7d-4c08-b1bf-0f65f5e67489,2026-08-13T13:54:00,\N,\N,\N,5.411977950380412,-76.4160174530742,5.412,-76.416,https://chatmap.hotosm.org/api/v1/media/b4f806d1-2a21-459d-99f4-65202663f079.jpg,data/media/b4f806d1-2a21-459d-99f4-65202663f079.jpg,6353849388fba94d492c202a71e61a6aa415823320a414daf7d3adfa3b30445f,\N,4,"{""mmi"": 6.8, ""aoi"": null, ""posterior_al_sismo"": true}",\N,coherente,,2026-08-23
chatmap,cc6eb71a-2ccb-414e-9394-21bb7ee4cf08,2026-08-11T11:51:33,\N,\N,\N,5.6792066,-76.6517401,5.679,-76.652,https://chatmap.hotosm.org/api/v1/media/5b4b8d6a-d537-4baa-b389-8843caa8c3a5.jpg,data/media/5b4b8d6a-d537-4baa-b389-8843caa8c3a5.jpg,c9338acab9f1e5307f5fec3d3076b442665f37eaf40126c6494876b023772f57,\N,5,"{""mmi"": 7.5, ""aoi"": ""Quibdo Centre"", ""posterior_al_sismo"": true}",\N,coherente,,2026-08-23
chatmap,cd887333-2e5e-41e2-a080-810fcd696799,2026-08-22T18:13:00,\N,\N,\N,3.4795774,-76.5245035,3.48,-76.525,https://chatmap.hotosm.org/api/v1/media/46baeb7a-7925-4870-adf5-57a892a37e98.jpg,data/media/46baeb7a-7925-4870-adf5-57a892a37e98.jpg,ba5d7d549edacd42314067591196b6e4dc6392b99f1c24e672ed9456535a52cc,\N,5,"{""mmi"": 6.1, ""aoi"": ""Western Colombia"", ""posterior_al_sismo"": true}",\N,coherente,IMG-20260822-WA0199.jpg (file attached),2026-08-23
chatmap,cde2d545-feda-4108-af16-571db6e7277a,2026-08-21T18:02:00,\N,\N,\N,4.816936990988821,-75.6906053656433,4.817,-75.691,https://chatmap.hotosm.org/api/v1/media/4c802062-507b-4e7b-8b3c-b5cde354b12b.jpg,data/media/4c802062-507b-4e7b-8b3c-b5cde354b12b.jpg,d63b02d069184d1a34fa9aefa152d0c3aaca59a9d48633adbd1595cf3aba8632,\N,5,"{""mmi"": 7.5, ""aoi"": ""Pereira"", ""posterior_al_sismo"": true}",\N,coherente,IMG-20260821-WA0080.jpg (file attached),2026-08-23
chatmap,cde6b207-e7b8-4741-8260-a364a6fe8167,2026-08-14T19:47:00,\N,\N,\N,5.6776785470069795,-76.64139536031747,5.678,-76.641,https://chatmap.hotosm.org/api/v1/media/b1b099c5-6114-4b97-b50a-0dd164763c92.mp4,data/media/b1b099c5-6114-4b97-b50a-0dd164763c92.mp4,8a8407ba3bc6fbd2c73d25c90347c1acc958b6bb0217d3e035ae7cf95b060ec3,\N,5,"{""mmi"": 7.4, ""aoi"": ""Quibdo Centre"", ""posterior_al_sismo"": true}",\N,coherente,,2026-08-23
chatmap,ce2a2c5b-3744-458b-9783-23645d7608a5,2026-08-11T20:52:00,\N,\N,\N,4.808447484000029,-75.69632688664174,4.808,-75.696,https://chatmap.hotosm.org/api/v1/media/54e85d13-d2ed-4b2d-9da3-66a73ff2726b.jpg,data/media/54e85d13-d2ed-4b2d-9da3-66a73ff2726b.jpg,499d3de194940c2918d97333d35b648913b35ce1977e5a8c8cd7dd0e3c10ac20,\N,5,"{""mmi"": 7.5, ""aoi"": ""Pereira"", ""posterior_al_sismo"": true}",\N,coherente,,2026-08-23
chatmap,ce326c79-86a7-4a20-8f36-5e7c0a817c37,2026-08-13T13:43:00,\N,\N,\N,4.95289,-77.36721,4.953,-77.367,https://chatmap.hotosm.org/api/v1/media/f61a98d9-c7ad-4a36-a74a-b0132c933a15.jpg,data/media/f61a98d9-c7ad-4a36-a74a-b0132c933a15.jpg,052496dd261e8b43a1983ca6b8fcab2847cb5b42e6495367b92c3ad6f7190c36,\N,4,"{""mmi"": 6.2, ""aoi"": null, ""posterior_al_sismo"": true}",\N,coherente,,2026-08-23
chatmap,ce41296e-4ac0-4692-96ce-58eba2d6d2a7,2026-08-11T20:53:00,\N,\N,\N,4.822858444274695,-75.68261423383355,4.823,-75.683,https://chatmap.hotosm.org/api/v1/media/0ac5442b-7a99-45bb-b41b-8dd5aa4eca48.jpg,data/media/0ac5442b-7a99-45bb-b41b-8dd5aa4eca48.jpg,ddbe7413e13bf449a9a220216fdbdba331fa656ded6e1ba15df0392605202208,\N,5,"{""mmi"": 7.5, ""aoi"": ""Western Colombia"", ""posterior_al_sismo"": true}",\N,coherente,,2026-08-23
chatmap,ce71a858-80aa-467c-acd6-b8cb24c84553,2026-08-12T17:41:00,\N,\N,\N,3.504316084845676,-76.30341681708765,3.504,-76.303,https://chatmap.hotosm.org/api/v1/media/f728f8be-0194-4800-b43b-3cb8c9d3d9be.mp4,data/media/f728f8be-0194-4800-b43b-3cb8c9d3d9be.mp4,9e29f8ca7cd457ecf7dd090469b1118dc400fb8605199bfa6b682851aaae3f88,\N,5,"{""mmi"": 6.3, ""aoi"": ""Western Colombia"", ""posterior_al_sismo"": true}",\N,coherente,,2026-08-23
chatmap,ce9dc128-53f6-4f8e-8955-b48d93644aa3,2026-08-18T18:50:00,\N,\N,\N,2.44872,-76.6061,2.449,-76.606,https://chatmap.hotosm.org/api/v1/media/678a01f8-ed28-4b03-aed8-706402d9c64c.jpg,data/media/678a01f8-ed28-4b03-aed8-706402d9c64c.jpg,8a65eb0e8e614c652ef4874f96d14b0351ca892d6c02dc8e9875aa0140723d1d,\N,4,"{""mmi"": 4.9, ""aoi"": ""Western Colombia"", ""posterior_al_sismo"": true}",\N,coherente,IMG-20260818-WA0192.jpg (file attached),2026-08-23
chatmap,ceaa575c-6158-402f-8e19-89803eb0d14a,2026-08-18T18:50:00,\N,\N,\N,4.795955,-75.694778,4.796,-75.695,https://chatmap.hotosm.org/api/v1/media/5a36262d-a45a-4657-b6e9-f04b399cfc5c.jpg,data/media/5a36262d-a45a-4657-b6e9-f04b399cfc5c.jpg,04e91abc1075fa325ce9496dcab4e1eafcc874408c685c5acb4f76072ad4f3ab,\N,5,"{""mmi"": 7.6, ""aoi"": ""Pereira"", ""posterior_al_sismo"": true}",\N,coherente,IMG-20260818-WA0159.jpg (file attached),2026-08-23
chatmap,cef7ce96-dbb3-4ad4-8d35-b095368d8f03,2026-08-20T08:09:00,\N,\N,\N,4.8036325,-75.6914184,4.804,-75.691,https://chatmap.hotosm.org/api/v1/media/357206a1-43da-4f24-911c-bbec3351d428.jpg,data/media/357206a1-43da-4f24-911c-bbec3351d428.jpg,e11d7ce4a5fd06a4a4e347f287515cfd7e18d3490e5e0b8290d42e7b5c57b155,\N,5,"{""mmi"": 7.6, ""aoi"": ""Pereira"", ""posterior_al_sismo"": true}",\N,coherente,IMG-20260819-WA0130.jpg (file attached),2026-08-23
chatmap,cf8142e1-c29c-40d8-bfee-181d079f5cd5,2026-08-10T16:01:00,\N,\N,\N,3.4214783774297657,-76.53473291078556,3.421,-76.535,https://chatmap.hotosm.org/api/v1/media/b9e8beb5-dabb-47a8-8b27-39f4e3baa477.jpg,data/media/b9e8beb5-dabb-47a8-8b27-39f4e3baa477.jpg,ba79ebcf23507a6a64156244887fedd52ca6a9b25dad60f2001eaf823354672c,\N,5,"{""mmi"": 6.6, ""aoi"": ""Western Colombia"", ""posterior_al_sismo"": true}",\N,coherente,,2026-08-23
chatmap,cfbdda9b-67ae-46a8-aa48-be42569f12d3,2026-08-13T13:23:00,\N,\N,\N,4.828554089371182,-75.68055727929479,4.829,-75.681,https://chatmap.hotosm.org/api/v1/media/5768cfc9-482d-4aed-8976-5535aa32f97b.jpg,data/media/5768cfc9-482d-4aed-8976-5535aa32f97b.jpg,d3b493e8fd55824141bbc5a4af9009434cdd9449185e09fdc3a74fa278368f3f,\N,5,"{""mmi"": 7.5, ""aoi"": ""Western Colombia"", ""posterior_al_sismo"": true}",\N,coherente,,2026-08-23
chatmap,d15ed0c4-c326-4604-be56-aace9884fbaa,2026-08-14T19:47:00,\N,\N,\N,4.803344,-75.697304,4.803,-75.697,https://chatmap.hotosm.org/api/v1/media/7328dd22-152b-4ff4-b83e-9de8b39a0b76.jpg,data/media/7328dd22-152b-4ff4-b83e-9de8b39a0b76.jpg,7f28b8195215c1dee6d3df23282845b2116fa42af65eaa3d02a5c622be3585f8,\N,5,"{""mmi"": 7.6, ""aoi"": ""Pereira"", ""posterior_al_sismo"": true}",\N,coherente,,2026-08-23
chatmap,d16af55e-eaca-4d56-836e-e089be04a2a5,2026-08-13T09:48:10,\N,\N,\N,3.407203207382725,-76.55223561229421,3.407,-76.552,https://chatmap.hotosm.org/api/v1/media/c88be659-0cdd-4796-b1f2-fc280fc34241.jpg,data/media/c88be659-0cdd-4796-b1f2-fc280fc34241.jpg,f8c410e92f98299bc64071b7a6675a66455fa733a2a7a3c9f24dae18565056a8,\N,5,"{""mmi"": 6.3, ""aoi"": ""Western Colombia"", ""posterior_al_sismo"": true}",\N,coherente,,2026-08-23
chatmap,d1906203-ec2c-41f9-95d5-da7af7cf5239,2026-08-13T14:08:00,\N,\N,\N,3.3906399111823657,-76.54456465582251,3.391,-76.545,https://chatmap.hotosm.org/api/v1/media/fd211407-ce6e-4cdf-aa99-67e90bf72caf.mp4,data/media/fd211407-ce6e-4cdf-aa99-67e90bf72caf.mp4,6e98bb8dac5987044c7e7b9af89c02af93346905887ebf2d9b43426db175110f,\N,5,"{""mmi"": 6.4, ""aoi"": ""Western Colombia"", ""posterior_al_sismo"": true}",\N,coherente,,2026-08-23
chatmap,d29d8d59-4322-4d74-a196-82ae60436216,2026-08-12T19:01:00,\N,\N,\N,3.420446159132793,-76.54503508922264,3.42,-76.545,https://chatmap.hotosm.org/api/v1/media/a39535e6-4e41-4e2b-b5c0-eb022c8475ac.jpg,data/media/a39535e6-4e41-4e2b-b5c0-eb022c8475ac.jpg,218c254a77a9143b5bb3f4001bbb44c34850fca70dc158e4040836f6476168d3,\N,5,"{""mmi"": 6.3, ""aoi"": ""Western Colombia"", ""posterior_al_sismo"": true}",\N,coherente,,2026-08-23
chatmap,d2cc0bab-3348-431c-9544-4f37479c0c3d,2026-08-13T17:49:00,\N,\N,\N,5.407478086537559,-76.41636127116418,5.407,-76.416,https://chatmap.hotosm.org/api/v1/media/1381fb54-f572-440c-9102-56eba8c0c458.jpg,data/media/1381fb54-f572-440c-9102-56eba8c0c458.jpg,1f8649e7324a45ec613061c6b214baf6549d8c96509ae35df153fa324a638e09,\N,4,"{""mmi"": 6.8, ""aoi"": null, ""posterior_al_sismo"": true}",\N,coherente,,2026-08-23
chatmap,d352ffad-5741-4770-b455-5cd78ca5fb06,2026-08-13T13:53:00,\N,\N,\N,5.411977950380412,-76.4160174530742,5.412,-76.416,https://chatmap.hotosm.org/api/v1/media/13c9752a-5976-4af7-bb24-1dc64174e056.jpg,data/media/13c9752a-5976-4af7-bb24-1dc64174e056.jpg,04a5b82befe2c2f817842353a137419ea5da0389c8e640f4aeccbbff0d7d1c3a,\N,4,"{""mmi"": 6.8, ""aoi"": null, ""posterior_al_sismo"": true}",\N,coherente,,2026-08-23
chatmap,d3e9be28-7bdf-47e0-8f90-324f602fedd2,2026-08-14T14:38:00,\N,\N,\N,5.69970602972606,-76.64890217798717,5.7,-76.649,https://chatmap.hotosm.org/api/v1/media/89de0efd-b365-4470-906d-679fbb73f3a5.jpg,data/media/89de0efd-b365-4470-906d-679fbb73f3a5.jpg,b0b14e7da2054a538900683f7ae24dd57f6c835ef30c0beb5e7d8252b99c20df,\N,4,"{""mmi"": 7.5, ""aoi"": null, ""posterior_al_sismo"": true}",\N,coherente,,2026-08-23
chatmap,d3f8b9f5-9321-4409-8444-02dc6b76e6bf,2026-08-15T08:39:40,\N,\N,\N,4.816313,-75.704643,4.816,-75.705,https://chatmap.hotosm.org/api/v1/media/c4adeb23-db69-460f-a24c-07dcf17ace1d.jpg,data/media/c4adeb23-db69-460f-a24c-07dcf17ace1d.jpg,e26cd342fb244784df4e89d259f71e7921ce209699ce4dd52918b8e91aa066a6,\N,5,"{""mmi"": 7.5, ""aoi"": ""Pereira"", ""posterior_al_sismo"": true}",\N,coherente,,2026-08-23
chatmap,d46b21d2-ae5d-48c5-9e57-6d6101551f87,2026-08-14T19:47:00,\N,\N,\N,4.795004,-75.701996,4.795,-75.702,https://chatmap.hotosm.org/api/v1/media/13ecf4a9-42aa-47ef-b0c6-e8c608e7e566.jpg,data/media/13ecf4a9-42aa-47ef-b0c6-e8c608e7e566.jpg,997b2a5a9a8dee8aea9d1985ce30a3d6440c783070cfc96dd4124993a2835319,\N,5,"{""mmi"": 7.6, ""aoi"": ""Western Colombia"", ""posterior_al_sismo"": true}",\N,coherente,,2026-08-23
chatmap,d4df039f-334e-4fc6-988a-750c34e20e7b,2026-08-14T19:47:00,\N,\N,\N,4.794664,-75.701721,4.795,-75.702,https://chatmap.hotosm.org/api/v1/media/d3eba5d1-0bcc-4b47-b469-1c97ee6c89f6.jpg,data/media/d3eba5d1-0bcc-4b47-b469-1c97ee6c89f6.jpg,41f6164d136de1a722f16b46a2f49d3ed46024bf2a070a492288f128b08f95f8,\N,5,"{""mmi"": 7.6, ""aoi"": ""Western Colombia"", ""posterior_al_sismo"": true}",\N,coherente,,2026-08-23
chatmap,d4e97864-b1a3-40c0-a037-b5c163291c60,2026-08-11T15:11:00,\N,\N,\N,3.4209240282573767,-76.4902320513499,3.421,-76.49,https://chatmap.hotosm.org/api/v1/media/874f3821-9b0e-4c82-ae29-0923152a9741.jpg,data/media/874f3821-9b0e-4c82-ae29-0923152a9741.jpg,95bc667e25431d03c5d3bea12859c0164ba59cf77aebcd69f42af0111b69b373,\N,5,"{""mmi"": 6.7, ""aoi"": ""Western Colombia"", ""posterior_al_sismo"": true}",\N,coherente,,2026-08-23
chatmap,d52ef40b-ff09-40f1-945e-cb1681d4ab8f,2026-08-11T16:42:00,\N,\N,\N,4.957193140936832,-76.6089861805774,4.957,-76.609,https://chatmap.hotosm.org/api/v1/media/9884e28b-7165-43af-bd02-9d545fddfb06.mp4,data/media/9884e28b-7165-43af-bd02-9d545fddfb06.mp4,679b5adbf9912cff1a151c8a2177787bf846452d178c0ab7be2564b0c7438704,\N,5,"{""mmi"": 6.8, ""aoi"": ""Western Colombia"", ""posterior_al_sismo"": true}",\N,coherente,,2026-08-23
chatmap,d55a0f85-08e0-430d-b241-4ae5a9c315cb,2026-08-11T19:39:00,\N,\N,\N,3.429635223767884,-76.52241364581124,3.43,-76.522,https://chatmap.hotosm.org/api/v1/media/4808d757-2d72-4660-9a0c-3a581a586e1c.jpg,data/media/4808d757-2d72-4660-9a0c-3a581a586e1c.jpg,28123667edfe3c83cc6cacd49d09ba0c29215096e01c24df980120e997e9feea,\N,5,"{""mmi"": 6.6, ""aoi"": ""Western Colombia"", ""posterior_al_sismo"": true}",\N,coherente,,2026-08-23
chatmap,d5b07abb-5f4d-4087-8887-9f5e52622ce6,2026-08-11T16:25:00,\N,\N,\N,4.32746,-75.825394,4.327,-75.825,https://chatmap.hotosm.org/api/v1/media/9bd3a5a5-4335-4acd-84a2-9bf37dd086d8.jpg,data/media/9bd3a5a5-4335-4acd-84a2-9bf37dd086d8.jpg,0a9b24212a39401866277b529e0d1dc3b783db95342bded4e57e8b4ec87d1ea0,\N,5,"{""mmi"": 6.8, ""aoi"": ""Western Colombia"", ""posterior_al_sismo"": true}",\N,coherente,,2026-08-23
chatmap,d5cc9089-9bb6-4942-87d4-e95d5fac3259,2026-08-12T17:58:00,\N,\N,\N,5.71508488773607,-76.65141808465711,5.715,-76.651,https://chatmap.hotosm.org/api/v1/media/85e16bc6-5526-4532-956f-48988971bf9e.jpg,data/media/85e16bc6-5526-4532-956f-48988971bf9e.jpg,6c4a75976e363fe8272e32a8a25038b4fc221d7c1ff56004e192877937dfb06b,\N,4,"{""mmi"": 7.3, ""aoi"": null, ""posterior_al_sismo"": true}",\N,coherente,,2026-08-23
chatmap,d5e98f7d-7cf3-436c-889f-f66ea91daee1,2026-08-22T18:13:00,\N,\N,\N,3.4046123,-76.549786,3.405,-76.55,https://chatmap.hotosm.org/api/v1/media/8de5bdfe-27fa-4397-b050-e38a9d13a5a5.jpg,data/media/8de5bdfe-27fa-4397-b050-e38a9d13a5a5.jpg,fb9b437b2f033145a692afe277c5a6af01c47ae00b90bbfc5c9671004b1bf445,\N,5,"{""mmi"": 6.3, ""aoi"": ""Western Colombia"", ""posterior_al_sismo"": true}",\N,coherente,IMG-20260822-WA0312.jpg (file attached),2026-08-23
chatmap,d618bc0e-bede-40cd-aa36-d2d31f8b8e15,2026-08-14T10:52:34,\N,\N,\N,4.834148,-75.667486,4.834,-75.667,https://chatmap.hotosm.org/api/v1/media/04792e3e-8717-4b6a-a32a-7107ace90660.jpg,data/media/04792e3e-8717-4b6a-a32a-7107ace90660.jpg,9b6048eb54f85eed7f921826fa366726df8094ef5827cdf4a9210e2bde91a03b,\N,5,"{""mmi"": 7.3, ""aoi"": ""Western Colombia"", ""posterior_al_sismo"": true}",\N,coherente,,2026-08-23
chatmap,d677ebe2-cbdc-419f-9946-4846c381782f,2026-08-22T18:13:00,\N,\N,\N,4.811894,-75.706848,4.812,-75.707,https://chatmap.hotosm.org/api/v1/media/39dcb9ba-68de-4010-b187-a5b8da453907.jpg,data/media/39dcb9ba-68de-4010-b187-a5b8da453907.jpg,30e74a3b7e7ab248023d3806f993ed2de7952882ea18362c765609f406a9d8a1,\N,5,"{""mmi"": 7.5, ""aoi"": ""Pereira"", ""posterior_al_sismo"": true}",\N,coherente,IMG-20260822-WA0282.jpg (file attached),2026-08-23
chatmap,d6a5c71c-6246-4c40-8b81-77b0bc30796b,2026-08-22T18:13:00,\N,\N,\N,4.813342,-75.7020731,4.813,-75.702,https://chatmap.hotosm.org/api/v1/media/11b5b7b9-87d2-4a60-8a4f-39d1298d4321.jpg,data/media/11b5b7b9-87d2-4a60-8a4f-39d1298d4321.jpg,ae6cf5d368cf7c9418c7727e37a9b7f8c492d6ccf4c67cd7b69f3f59463d259d,\N,5,"{""mmi"": 7.5, ""aoi"": ""Pereira"", ""posterior_al_sismo"": true}",\N,coherente,IMG-20260822-WA0297.jpg (file attached),2026-08-23
chatmap,d7144de0-6222-464b-abe6-299525f17b18,2026-08-21T18:02:00,\N,\N,\N,4.816235414217799,-75.70705010820343,4.816,-75.707,https://chatmap.hotosm.org/api/v1/media/07034648-cee1-4adc-bd6a-97b2a16a6c1d.jpg,data/media/07034648-cee1-4adc-bd6a-97b2a16a6c1d.jpg,a2d37813b4dfa35ec339290b74585ee9dcb1503d68e0651222cac1e1c3a5edd3,\N,5,"{""mmi"": 7.5, ""aoi"": ""Pereira"", ""posterior_al_sismo"": true}",\N,coherente,IMG-20260821-WA0083.jpg (file attached),2026-08-23
chatmap,d866535e-beef-400e-9c07-aed1b0774e2f,2026-08-18T18:50:00,\N,\N,\N,4.804012,-75.695503,4.804,-75.696,https://chatmap.hotosm.org/api/v1/media/fc39348e-1434-47da-9944-280e18fd42b0.jpg,data/media/fc39348e-1434-47da-9944-280e18fd42b0.jpg,5342bad5c5690d0dee2f53d1da56757f61253351adc51efb32bd93ab97436f81,\N,5,"{""mmi"": 7.6, ""aoi"": ""Pereira"", ""posterior_al_sismo"": true}",\N,coherente,IMG-20260818-WA0150.jpg (file attached),2026-08-23
chatmap,da001b34-ba43-4ce4-b66c-ea25a87c5f0e,2026-08-13T15:27:00,\N,\N,\N,5.164602603319507,-75.52040141145673,5.165,-75.52,https://chatmap.hotosm.org/api/v1/media/2cd836c3-aacf-45fa-bbb4-7722c18dd06d.jpg,data/media/2cd836c3-aacf-45fa-bbb4-7722c18dd06d.jpg,298c67833a442fcca8037b4a180a45faba769de0818d11b6b77b7f648ad94914,\N,5,"{""mmi"": 6.2, ""aoi"": ""Western Colombia"", ""posterior_al_sismo"": true}",\N,coherente,,2026-08-23
chatmap,dc12f8fc-d542-4fa3-83e6-77653a145d85,2026-08-13T17:51:00,\N,\N,\N,4.807141,-75.696678,4.807,-75.697,https://chatmap.hotosm.org/api/v1/media/53180983-53f8-41aa-9779-1917a6cb3da6.jpg,data/media/53180983-53f8-41aa-9779-1917a6cb3da6.jpg,c5971d37fc0df9341a067661d23fa1a259f82f3fc7ee26ec7100d15e053ac2e2,\N,5,"{""mmi"": 7.5, ""aoi"": ""Pereira"", ""posterior_al_sismo"": true}",\N,coherente,,2026-08-23
chatmap,dc2c02ef-9bf8-474f-9d69-ee443b0899f3,2026-08-20T08:09:00,\N,\N,\N,4.8139677,-75.6945539,4.814,-75.695,https://chatmap.hotosm.org/api/v1/media/8d2540ed-f766-432b-beee-0d13eb2b6742.jpg,data/media/8d2540ed-f766-432b-beee-0d13eb2b6742.jpg,fab1c4584ca68f489c06f543b7b49a70236b5fd07d1d6f120d28ca7bc2f2aee4,\N,5,"{""mmi"": 7.5, ""aoi"": ""Pereira"", ""posterior_al_sismo"": true}",\N,coherente,IMG-20260819-WA0129.jpg (file attached),2026-08-23
chatmap,dc87e986-9689-44a0-8124-924de0b15a5a,2026-08-13T15:56:00,\N,\N,\N,5.677982,-76.639702,5.678,-76.64,https://chatmap.hotosm.org/api/v1/media/4c0e6f48-51de-4bc0-8d88-1152929131e1.jpg,data/media/4c0e6f48-51de-4bc0-8d88-1152929131e1.jpg,296b37d55c94b83189aff4c12223f324aa8e97a7f0e8d99e491d1bc2b651fceb,\N,4,"{""mmi"": 7.4, ""aoi"": null, ""posterior_al_sismo"": true}",\N,coherente,,2026-08-23
chatmap,dc8a7a0d-3fd6-410b-b6da-c9f2b0c72884,2026-08-20T08:09:00,\N,\N,\N,4.8045967,-75.6899938,4.805,-75.69,https://chatmap.hotosm.org/api/v1/media/1bd24556-cc4f-463d-bf8f-cade329fe428.mp4,data/media/1bd24556-cc4f-463d-bf8f-cade329fe428.mp4,186f302f50049d7bb0177abd72a07e6f99d1d19b086d82a17a7ee7326512ac12,\N,5,"{""mmi"": 7.6, ""aoi"": ""Pereira"", ""posterior_al_sismo"": true}",\N,coherente,VID-20260819-WA0137.mp4 (file attached),2026-08-23
chatmap,dcc672c5-d2ed-4def-9754-8d310a2f6aba,2026-08-11T19:32:00,\N,\N,\N,3.415902824839016,-76.5456512865065,3.416,-76.546,https://chatmap.hotosm.org/api/v1/media/a724237c-88a6-475a-9248-290f626422a1.jpg,data/media/a724237c-88a6-475a-9248-290f626422a1.jpg,5b7b4e24187ca655e412820b153e143c7146519fa108eb6d044daeeee0de66ec,\N,5,"{""mmi"": 6.3, ""aoi"": ""Western Colombia"", ""posterior_al_sismo"": true}",\N,coherente,,2026-08-23
chatmap,de01e9c4-559e-4cb9-b4d4-00c98a293de7,2026-08-22T18:13:00,\N,\N,\N,4.8117757,-75.7062939,4.812,-75.706,https://chatmap.hotosm.org/api/v1/media/bcd74a48-e5d9-44c0-8199-2f2c8e01346d.jpg,data/media/bcd74a48-e5d9-44c0-8199-2f2c8e01346d.jpg,d04a09a3b53d15d91d11fab35139b9f399260edea05fd08440f05d66f168a43c,\N,5,"{""mmi"": 7.5, ""aoi"": ""Pereira"", ""posterior_al_sismo"": true}",\N,coherente,IMG-20260822-WA0287.jpg (file attached),2026-08-23
chatmap,de03b79d-069f-4ee7-b4e6-bf61e1cd696f,2026-08-10T18:52:00,\N,\N,\N,5.827923332435634,-73.03448870432233,5.828,-73.034,https://chatmap.hotosm.org/api/v1/media/07d75a74-e782-4b82-8a48-a1cbbcdd206a.jpg,data/media/07d75a74-e782-4b82-8a48-a1cbbcdd206a.jpg,bdd8845bc333a05b7c846baed41d49f5312623f0e1a19990cb694c6d933c7535,\N,3,"{""mmi"": null, ""aoi"": null, ""posterior_al_sismo"": true}",\N,coherente,,2026-08-23
chatmap,de3d4b73-dc4a-4c6d-ae5d-478703af465e,2026-08-15T21:15:00,\N,\N,\N,4.795529,-75.733879,4.796,-75.734,https://chatmap.hotosm.org/api/v1/media/83ec28cb-fe63-4f95-84d2-84856fa5792f.mp4,data/media/83ec28cb-fe63-4f95-84d2-84856fa5792f.mp4,7a145825ea04bd2d66d861f1f8c8abe66d03d2442379fc806d760ec381bcd9b5,\N,5,"{""mmi"": 7.7, ""aoi"": ""Western Colombia"", ""posterior_al_sismo"": true}",\N,coherente,<attached: 00000009-VIDEO-2026-08-15-21-15-56.mp4>,2026-08-23
chatmap,de469059-e5ca-4367-a8a4-fda16d42b33b,2026-08-13T14:21:00,\N,\N,\N,3.930535,-76.480637,3.931,-76.481,https://chatmap.hotosm.org/api/v1/media/7fd940b6-9ce7-4d2b-9b98-0ad0a3b93cca.jpg,data/media/7fd940b6-9ce7-4d2b-9b98-0ad0a3b93cca.jpg,990a34ce5d584bd001a8cc655d91b83dc6a882cfb880e6f1407a44661ba631ed,\N,5,"{""mmi"": 5.7, ""aoi"": ""Western Colombia"", ""posterior_al_sismo"": true}",\N,coherente,,2026-08-23
chatmap,dea46681-dc83-4992-98d8-d3c7855aa844,2026-08-13T13:59:00,\N,\N,\N,6.26060442805863,-75.57016164492143,6.261,-75.57,https://chatmap.hotosm.org/api/v1/media/f91f237a-3cf2-45ba-acb8-da2862f7a7f3.jpg,data/media/f91f237a-3cf2-45ba-acb8-da2862f7a7f3.jpg,f063efd13a4b99799182887e413837205a2e4ee198d8274264b0e7c01c0e28dc,\N,3,"{""mmi"": 4.8, ""aoi"": null, ""posterior_al_sismo"": true}",\N,coherente,,2026-08-23
chatmap,dec4fcc5-4b14-4444-ad20-332bf9f69f0f,2026-08-13T13:27:00,\N,\N,\N,4.691234863747301,-75.64948882732578,4.691,-75.649,https://chatmap.hotosm.org/api/v1/media/8ff5f319-4995-4c1a-ba24-00abe4ee761d.jpg,data/media/8ff5f319-4995-4c1a-ba24-00abe4ee761d.jpg,faa57bc093b3ef3471060af0169e2449c8510b6c5ca8103a4887b7caa3d9afcb,\N,5,"{""mmi"": 6.9, ""aoi"": ""Western Colombia"", ""posterior_al_sismo"": true}",\N,coherente,,2026-08-23
chatmap,df0d0891-3f38-44fd-805c-0af5ed99dc0d,2026-08-14T19:47:00,\N,\N,\N,4.787945,-75.699692,4.788,-75.7,https://chatmap.hotosm.org/api/v1/media/45b1deb2-5984-4d07-ab19-f0853ea31e85.jpg,data/media/45b1deb2-5984-4d07-ab19-f0853ea31e85.jpg,5292b550a0f7e7c7381269588fa46265a75407e351b2ecff8307deb1ac329edf,\N,5,"{""mmi"": 7.6, ""aoi"": ""Western Colombia"", ""posterior_al_sismo"": true}",\N,coherente,,2026-08-23
chatmap,df6aeab5-8a77-454b-a292-7408b4860d66,2026-08-20T17:47:00,\N,\N,\N,4.8105322,-75.6927652,4.811,-75.693,https://chatmap.hotosm.org/api/v1/media/2d2f6f2f-f982-4e53-9568-cb9c5c594ca2.mp4,data/media/2d2f6f2f-f982-4e53-9568-cb9c5c594ca2.mp4,b12eb0a78002002d30392c39e1f9380f5c2d2ed02acf7191093e2cc7ed176b06,\N,5,"{""mmi"": 7.5, ""aoi"": ""Pereira"", ""posterior_al_sismo"": true}",\N,coherente,VID-20260820-WA0121.mp4 (file attached),2026-08-23
chatmap,df977204-d943-406d-b298-83060b067135,2026-08-22T10:12:00,\N,\N,\N,4.693739331008647,-76.7402626689425,4.694,-76.74,https://chatmap.hotosm.org/api/v1/media/fa31adeb-4faa-41a0-9109-ff4c3f3d6988.jpg,data/media/fa31adeb-4faa-41a0-9109-ff4c3f3d6988.jpg,488a62e728d704d71bf7af40509d4d6d3eafe40fbf3aac30527bafc20f6382e7,\N,5,"{""mmi"": 6.9, ""aoi"": ""Western Colombia"", ""posterior_al_sismo"": true}",\N,coherente,IMG-20260821-WA0121.jpg (file attached),2026-08-23
chatmap,dfa6946e-b33c-40fb-9d0b-921cff7b02f3,2026-08-20T08:09:00,\N,\N,\N,4.7956949,-75.6912628,4.796,-75.691,https://chatmap.hotosm.org/api/v1/media/112007f9-15f5-4930-9dd0-a63fcb3314e8.jpg,data/media/112007f9-15f5-4930-9dd0-a63fcb3314e8.jpg,bfbda61ff6ad0bf4fd9572adbf87184af3393d3593bb52142d1fb08f544dace4,\N,5,"{""mmi"": 7.6, ""aoi"": ""Pereira"", ""posterior_al_sismo"": true}",\N,coherente,IMG-20260819-WA0122.jpg (file attached),2026-08-23
chatmap,dfe6bbf3-af6b-4ec8-a9c1-fbcfc021ca45,2026-08-12T17:51:00,\N,\N,\N,3.9727754291427404,-76.43931266159122,3.973,-76.439,https://chatmap.hotosm.org/api/v1/media/21edec7f-2c74-4bd0-86f4-5830cb8967ab.jpg,data/media/21edec7f-2c74-4bd0-86f4-5830cb8967ab.jpg,3220127319c57d98c6e58905fee25e92cda62a2978040f9a94431afd31f445e2,\N,3,"{""mmi"": 5.9, ""aoi"": ""Western Colombia"", ""posterior_al_sismo"": true, ""duplicado_de"": ""521766dc-0258-4d98-9f47-38e28a900291""}",\N,coherente,,2026-08-23
chatmap,dfe7e536-3a90-409d-b99f-327e49d50f0e,2026-08-21T18:02:00,\N,\N,\N,4.8066818,-75.6927354,4.807,-75.693,https://chatmap.hotosm.org/api/v1/media/3be5380b-2427-4eea-91fe-af94c126a61f.jpg,data/media/3be5380b-2427-4eea-91fe-af94c126a61f.jpg,acfa28a5143d2f723c88c76ad301d411fc8c0e1620874448ab288a9b1549e780,\N,5,"{""mmi"": 7.5, ""aoi"": ""Pereira"", ""posterior_al_sismo"": true}",\N,coherente,IMG-20260821-WA0037.jpg (file attached),2026-08-23
chatmap,e32f55c2-c2c7-46f2-8341-3552421adf15,2026-08-21T18:02:00,\N,\N,\N,4.813406801538914,-75.7045988929135,4.813,-75.705,https://chatmap.hotosm.org/api/v1/media/1c7b4627-95ce-4bf4-875b-6aaefa5006c6.jpg,data/media/1c7b4627-95ce-4bf4-875b-6aaefa5006c6.jpg,6156a28ffd12c3fbfe2dbb92b857bdf0f4b5a2ceac42641c5a3088bd412e2552,\N,5,"{""mmi"": 7.5, ""aoi"": ""Pereira"", ""posterior_al_sismo"": true}",\N,coherente,IMG-20260821-WA0100.jpg (file attached),2026-08-23
chatmap,e374ea04-1751-4c75-ba27-7b1c65ddf44e,2026-08-12T20:55:00,\N,\N,\N,3.4202499063574217,-76.54790547301988,3.42,-76.548,https://chatmap.hotosm.org/api/v1/media/41cdf568-32e9-48eb-807d-c87428ae7cb7.jpg,data/media/41cdf568-32e9-48eb-807d-c87428ae7cb7.jpg,6ece458b5ef7c5e8fa3148055f4f72ba6e2ada37c65bea9a5df0d4624ba65cdf,\N,5,"{""mmi"": 6.3, ""aoi"": ""Western Colombia"", ""posterior_al_sismo"": true}",\N,coherente,,2026-08-23
chatmap,e390cdc3-03ca-4c16-9b3e-957d319c24cc,2026-08-22T18:13:00,\N,\N,\N,4.8131615,-75.7027568,4.813,-75.703,https://chatmap.hotosm.org/api/v1/media/05d2e79f-f0c4-40c6-a1b0-2ab10a87dba8.jpg,data/media/05d2e79f-f0c4-40c6-a1b0-2ab10a87dba8.jpg,0521881bf0f413a209bf99b4b6f55387c4769fc0000bbedf113a08910ad641b9,\N,5,"{""mmi"": 7.5, ""aoi"": ""Pereira"", ""posterior_al_sismo"": true}",\N,coherente,IMG-20260822-WA0298.jpg (file attached),2026-08-23
chatmap,e3cf43a9-0b09-4d53-b1d7-87fad3405dc5,2026-08-20T08:14:00,\N,\N,\N,2.76799,-76.62374,2.768,-76.624,https://chatmap.hotosm.org/api/v1/media/5a330507-30e5-46be-8f4c-44410db9c01c.jpg,data/media/5a330507-30e5-46be-8f4c-44410db9c01c.jpg,a4e0bfec9284f5f8b61afc9a341a1c72bf8ab4e194396c57a74af45438c4a6ee,\N,5,"{""mmi"": 5.3, ""aoi"": ""Western Colombia"", ""posterior_al_sismo"": true}",\N,coherente,IMG-20260818-WA0170.jpg (file attached),2026-08-23
chatmap,e4017ab4-6201-4a7e-b779-ad5868aafb72,2026-08-22T18:13:00,\N,\N,\N,4.8124683,-75.7360976,4.812,-75.736,https://chatmap.hotosm.org/api/v1/media/0b36bdd4-27aa-4d08-a8fe-5765d72efd46.jpg,data/media/0b36bdd4-27aa-4d08-a8fe-5765d72efd46.jpg,cbd3410331747ff7dc666d5e0b873ccc340bf403e346daa601a27908ba9dc256,\N,5,"{""mmi"": 7.4, ""aoi"": ""Western Colombia"", ""posterior_al_sismo"": true}",\N,coherente,IMG-20260822-WA0252.jpg (file attached),2026-08-23
chatmap,e415ece0-aa6d-47bc-a0c2-2f7a876ea7d1,2026-08-12T17:51:00,\N,\N,\N,3.9727754291427404,-76.43931266159122,3.973,-76.439,https://chatmap.hotosm.org/api/v1/media/bd7f5f98-1e33-46a0-87e8-4061c39936a4.jpg,data/media/bd7f5f98-1e33-46a0-87e8-4061c39936a4.jpg,0942453abcdb3ba7b2069be98affc13f2dd4808bb74dff996d5969846bbe1d12,\N,3,"{""mmi"": 5.9, ""aoi"": ""Western Colombia"", ""posterior_al_sismo"": true, ""duplicado_de"": ""6f6ff515-3855-4629-a732-ab81ffa2b931""}",\N,coherente,,2026-08-23
chatmap,e4365b99-22cd-4074-9f44-2f426fcbec27,2026-08-11T22:14:00,\N,\N,\N,5.687695792957419,-76.646384884201,5.688,-76.646,https://chatmap.hotosm.org/api/v1/media/c4e0ee37-47a7-480f-8510-bc9aeae1ee30.jpg,data/media/c4e0ee37-47a7-480f-8510-bc9aeae1ee30.jpg,82bd594426fa1b5e180ad7748ea295acba0c92a86f0d53e437cb8d29e9798a9f,\N,5,"{""mmi"": 7.4, ""aoi"": ""Quibdo Centre"", ""posterior_al_sismo"": true}",\N,coherente,,2026-08-23
chatmap,e54a6aa9-45a5-483c-b5ec-1a280df4710d,2026-08-20T17:47:00,\N,\N,\N,4.2623,-77.370417,4.262,-77.37,https://chatmap.hotosm.org/api/v1/media/439de705-00bf-47c9-b470-8c782de5da0c.jpg,data/media/439de705-00bf-47c9-b470-8c782de5da0c.jpg,1baf1d85aba518f5c7303d9e8976a7d6ef0a3e567d52e71c3606da12d3a91fd0,\N,4,"{""mmi"": 6.3, ""aoi"": null, ""posterior_al_sismo"": true}",\N,coherente,IMG-20260820-WA0102.jpg (file attached),2026-08-23
chatmap,e5e4fd45-2a79-490f-92e5-022cf1a14c97,2026-08-11T19:23:00,\N,\N,\N,4.534119,-75.671822,4.534,-75.672,https://chatmap.hotosm.org/api/v1/media/cf288392-b44d-4b70-ade2-9f1e0c884645.jpg,data/media/cf288392-b44d-4b70-ade2-9f1e0c884645.jpg,8d3c9e29c24d377a922489a7c85c01f35454669364fcabd0b149618c84c8fc1f,\N,5,"{""mmi"": 7.1, ""aoi"": ""Western Colombia"", ""posterior_al_sismo"": true}",\N,coherente,,2026-08-23
chatmap,e644b9aa-4136-4d58-b8a9-3ba47ca7c33d,2026-08-11T14:02:00,\N,\N,\N,4.334533197740182,-75.82962088561395,4.335,-75.83,https://chatmap.hotosm.org/api/v1/media/1876e3d0-961c-42fd-aeae-9561c8261630.jpg,data/media/1876e3d0-961c-42fd-aeae-9561c8261630.jpg,66394c18c74e4af3deb4d9c4ef528cd3e5ed4d2830f692179bf86eb11136a451,\N,5,"{""mmi"": 6.8, ""aoi"": ""Western Colombia"", ""posterior_al_sismo"": true}",\N,coherente,,2026-08-23
chatmap,e6bfd9ef-7809-4c17-8fd6-80c9ad4d39af,2026-08-20T17:47:00,\N,\N,\N,4.8218162,-75.683009,4.822,-75.683,https://chatmap.hotosm.org/api/v1/media/6703e778-717b-4df9-9c18-0ceb0a2187fc.jpg,data/media/6703e778-717b-4df9-9c18-0ceb0a2187fc.jpg,113b7bba11bc3e4ec89273cbb8185dce67b90b46b9d8fd92bda74221a93af853,\N,5,"{""mmi"": 7.5, ""aoi"": ""Western Colombia"", ""posterior_al_sismo"": true}",\N,coherente,IMG-20260820-WA0115.jpg (file attached),2026-08-23
chatmap,e6cdd35a-1ef9-4e05-b219-364f78cb1eea,2026-08-11T16:10:00,\N,\N,\N,4.329113646311282,-75.82928341068397,4.329,-75.829,https://chatmap.hotosm.org/api/v1/media/9dc4c953-1410-4b28-8c09-c9b4a4da1cd1.jpg,data/media/9dc4c953-1410-4b28-8c09-c9b4a4da1cd1.jpg,dc9eae8aea9592630b70ae2516a5ee90dcfd3d323bb1bf94b90029cd38dd4ac6,\N,5,"{""mmi"": 6.8, ""aoi"": ""Western Colombia"", ""posterior_al_sismo"": true}",\N,coherente,,2026-08-23
chatmap,e74a12a2-ed88-40ee-b9c0-ad541054a08c,2026-08-20T17:47:00,\N,\N,\N,4.814988,-75.696658,4.815,-75.697,https://chatmap.hotosm.org/api/v1/media/789e777b-12ee-40ab-bfeb-2202611d7d35.jpg,data/media/789e777b-12ee-40ab-bfeb-2202611d7d35.jpg,27ed3ef9c7f45957001d16f2ed30b9bb28d6bb73794a7dce9bd44157fdcf3e4c,\N,5,"{""mmi"": 7.5, ""aoi"": ""Pereira"", ""posterior_al_sismo"": true}",\N,coherente,IMG-20260820-WA0025.jpg (file attached),2026-08-23
chatmap,e78bc599-1ac9-4908-b710-0ea00e09a10e,2026-08-12T18:30:00,\N,\N,\N,5.688144240808731,-76.66149569642796,5.688,-76.661,https://chatmap.hotosm.org/api/v1/media/5c09f2df-a1b2-42b8-bacc-a700f259a69a.jpg,data/media/5c09f2df-a1b2-42b8-bacc-a700f259a69a.jpg,858bc23fc56c1b468340033ceff92c36e2a25ea3967725d9c299d4bbbbd48209,\N,3,"{""mmi"": 7.5, ""aoi"": ""Quibdo Centre"", ""posterior_al_sismo"": true, ""duplicado_de"": ""43a54f5a-037e-4289-af9e-2a1d52f207c7""}",\N,coherente,,2026-08-23
chatmap,e7920710-a2a1-4945-a311-1de90d1f0910,2026-08-13T14:14:00,\N,\N,\N,5.693630020279069,-76.6570449285106,5.694,-76.657,https://chatmap.hotosm.org/api/v1/media/eb7e3e1c-7fc2-4bea-90a6-826e75f8f632.jpg,data/media/eb7e3e1c-7fc2-4bea-90a6-826e75f8f632.jpg,11c7098c91bc32469c43034c18ed701f324d88bee89ed8162563bf4375bc9603,\N,5,"{""mmi"": 7.5, ""aoi"": ""Quibdo Centre"", ""posterior_al_sismo"": true}",\N,coherente,,2026-08-23
chatmap,e83a6c1e-4b96-43e9-be1f-16cbf85a293b,2026-08-14T14:38:00,\N,\N,\N,3.4889367805610587,-76.52046708650745,3.489,-76.52,https://chatmap.hotosm.org/api/v1/media/aea51b68-6b17-4db9-92c7-e2e6b62fe5a3.jpg,data/media/aea51b68-6b17-4db9-92c7-e2e6b62fe5a3.jpg,6a0e8b344f4611f5c3977aade82672932ce1867ffc6bd3b1a4d3847202676a19,\N,5,"{""mmi"": 6.1, ""aoi"": ""Western Colombia"", ""posterior_al_sismo"": true}",\N,coherente,,2026-08-23
chatmap,e8cb0f28-22f2-4f66-82fd-88580b668a3f,2026-08-13T09:11:37,\N,\N,\N,4.412722582590247,-76.15637762250849,4.413,-76.156,https://chatmap.hotosm.org/api/v1/media/98d8766b-b9ee-4c8a-8d4d-f47f4960173f.mp4,data/media/98d8766b-b9ee-4c8a-8d4d-f47f4960173f.mp4,b59c68825f9e1fe1cc402d24724007105a338bf6a93707a66f4b1719e62f3f93,\N,5,"{""mmi"": 7.2, ""aoi"": ""Western Colombia"", ""posterior_al_sismo"": true}",\N,coherente,,2026-08-23
chatmap,e8ebb0f8-c404-459b-ab1a-880a109a14d8,2026-08-11T20:34:00,\N,\N,\N,4.81269643412974,-75.70817539786773,4.813,-75.708,https://chatmap.hotosm.org/api/v1/media/d5507c23-5883-4620-9761-9648490799d5.jpg,data/media/d5507c23-5883-4620-9761-9648490799d5.jpg,b2d4ce81bfbf6b055f95d1d7e5d2314d9d2b8a60149e612a356b5aaac8d18834,\N,5,"{""mmi"": 7.4, ""aoi"": ""Pereira"", ""posterior_al_sismo"": true}",\N,coherente,,2026-08-23
chatmap,e8ebcbbd-25c2-46cb-bf51-ff347ec52d32,2026-08-13T14:10:00,\N,\N,\N,3.391400032238465,-76.544346708646,3.391,-76.544,https://chatmap.hotosm.org/api/v1/media/62b559ab-a574-4490-8fd2-645c2fb7c6f0.mp4,data/media/62b559ab-a574-4490-8fd2-645c2fb7c6f0.mp4,6fbb2cad9df51cb66f969a35c1513676c4d9c9ae968c7338a3e9415e107ead50,\N,5,"{""mmi"": 6.4, ""aoi"": ""Western Colombia"", ""posterior_al_sismo"": true}",\N,coherente,,2026-08-23
chatmap,ea08cc2e-3589-4146-9a1a-1aba034ffc9c,2026-08-13T15:28:00,\N,\N,\N,4.410458,-76.155342,4.41,-76.155,https://chatmap.hotosm.org/api/v1/media/b90c3db1-3b53-46c0-b558-79750430579d.mp4,data/media/b90c3db1-3b53-46c0-b558-79750430579d.mp4,0606446ddc567ea3978336042af15d92a0a91440f75457b1a73f61de2eb08b2d,\N,5,"{""mmi"": 7.4, ""aoi"": ""Western Colombia"", ""posterior_al_sismo"": true}",\N,coherente,,2026-08-23
chatmap,eadb7276-b79c-4502-bdac-a0367e3489cb,2026-08-22T18:13:00,\N,\N,\N,4.8160715,-75.7075187,4.816,-75.708,https://chatmap.hotosm.org/api/v1/media/b9a4a085-4e03-4b07-a826-26cf2266409e.jpg,data/media/b9a4a085-4e03-4b07-a826-26cf2266409e.jpg,b4800fa4e627ae2f04bdf86bd14cc37f345542fa4ada7e6866f885e86f1221f5,\N,5,"{""mmi"": 7.5, ""aoi"": ""Pereira"", ""posterior_al_sismo"": true}",\N,coherente,IMG-20260822-WA0283.jpg (file attached),2026-08-23
chatmap,eae06e0c-b46d-4a84-8fe5-69f1fe858b42,2026-08-12T21:14:00,\N,\N,\N,3.933107597118015,-76.48571912187295,3.933,-76.486,https://chatmap.hotosm.org/api/v1/media/394032c1-ada0-4951-86c2-b18d18d76a17.mp4,data/media/394032c1-ada0-4951-86c2-b18d18d76a17.mp4,1a09dc1bfb7ccacde778cc4d41d0a6da7a1a3368e95051c987f481ba5b989497,\N,5,"{""mmi"": 5.7, ""aoi"": ""Western Colombia"", ""posterior_al_sismo"": true}",\N,coherente,,2026-08-23
chatmap,ec23084c-8178-44d4-846a-20f54d596e62,2026-08-22T18:13:00,\N,\N,\N,4.7960039,-75.9931796,4.796,-75.993,https://chatmap.hotosm.org/api/v1/media/8b279b5c-1552-4ec4-ae50-be3f803be3ef.jpg,data/media/8b279b5c-1552-4ec4-ae50-be3f803be3ef.jpg,8443a03e4aba3b8f1a22ee9241f7af94be482b4df4d43b5ff597f8dfc4d6cf74,\N,5,"{""mmi"": 7.3, ""aoi"": ""Western Colombia"", ""posterior_al_sismo"": true}",\N,coherente,IMG-20260822-WA0299.jpg (file attached),2026-08-23
chatmap,ec2ec3cc-ca31-40be-9b98-71bab0abd50e,2026-08-11T08:28:48,\N,\N,\N,3.3698266796375833,-76.51703047752211,3.37,-76.517,https://chatmap.hotosm.org/api/v1/media/cc511633-ad60-44b0-b090-297bfe4fb99f.jpg,data/media/cc511633-ad60-44b0-b090-297bfe4fb99f.jpg,a87f8cfadad5925c93ac705a331023c22b972debf6dd52550cf543e52c62ce4f,\N,5,"{""mmi"": 6.8, ""aoi"": ""Western Colombia"", ""posterior_al_sismo"": true}",\N,coherente,,2026-08-23
chatmap,ed48072e-4de2-426e-ab6c-e130d529f941,2026-08-22T18:13:00,\N,\N,\N,4.7957113,-75.993811,4.796,-75.994,https://chatmap.hotosm.org/api/v1/media/1b525b2b-1b35-4230-b622-2e406389addb.jpg,data/media/1b525b2b-1b35-4230-b622-2e406389addb.jpg,90f4cd693c271ef7e647b54d29af970172c5cb7abc9130b6d25a87149d31e604,\N,5,"{""mmi"": 7.3, ""aoi"": ""Western Colombia"", ""posterior_al_sismo"": true}",\N,coherente,IMG-20260822-WA0189.jpg (file attached),2026-08-23
chatmap,ed588621-1ee8-4325-91a2-d677bf3c6632,2026-08-20T17:47:00,\N,\N,\N,4.815026,-75.696512,4.815,-75.697,https://chatmap.hotosm.org/api/v1/media/ede52759-2beb-4381-b49a-8c5f9da5a6d1.jpg,data/media/ede52759-2beb-4381-b49a-8c5f9da5a6d1.jpg,999b081001b21e40435d593cc6968489bfea0d498df817288d1bcf881c00d668,\N,5,"{""mmi"": 7.5, ""aoi"": ""Pereira"", ""posterior_al_sismo"": true}",\N,coherente,IMG-20260820-WA0026.jpg (file attached),2026-08-23
chatmap,ed6eee82-66ec-4d62-8845-fd12c58e1a54,2026-08-13T10:13:15,\N,\N,\N,5.662019732816946,-76.63701128459931,5.662,-76.637,https://chatmap.hotosm.org/api/v1/media/521a34d7-9588-430c-b015-8d59abc2d9cc.jpg,data/media/521a34d7-9588-430c-b015-8d59abc2d9cc.jpg,12d713c6193dd27caefcf5cda100f43740eb706ca3cec9715e46db275cb09aaa,\N,4,"{""mmi"": 7.4, ""aoi"": null, ""posterior_al_sismo"": true}",\N,coherente,,2026-08-23
chatmap,ed7e834a-aacf-4ccd-91e0-a2b7cf93ae5f,2026-08-18T18:50:00,\N,\N,\N,4.811075,-75.698949,4.811,-75.699,https://chatmap.hotosm.org/api/v1/media/4315533e-27fc-4054-b45c-78bd1b16d8eb.jpg,data/media/4315533e-27fc-4054-b45c-78bd1b16d8eb.jpg,4eafe4fbc177920d4e7688d43136dfc075cb6fa60f7ff5c78fc0fa9cf3a28d5b,\N,5,"{""mmi"": 7.5, ""aoi"": ""Pereira"", ""posterior_al_sismo"": true}",\N,coherente,IMG-20260818-WA0211.jpg (file attached),2026-08-23
chatmap,edae5cc3-9cb1-42fc-bdce-8f61ed1e795c,2026-08-22T18:13:00,\N,\N,\N,4.8126761,-75.7028158,4.813,-75.703,https://chatmap.hotosm.org/api/v1/media/ba8aa899-5a89-443c-a591-b98e6f7cbbce.jpg,data/media/ba8aa899-5a89-443c-a591-b98e6f7cbbce.jpg,826df243161b6e52fe2e2a1c8ed6fd6f689535c1d8e379d8c9e48b64f17d9bfe,\N,5,"{""mmi"": 7.5, ""aoi"": ""Pereira"", ""posterior_al_sismo"": true}",\N,coherente,IMG-20260822-WA0309.jpg (file attached),2026-08-23
chatmap,ee921aa8-ee81-420f-a012-153272ddaba0,2026-08-12T17:57:00,\N,\N,\N,3.9727754291427404,-76.43931266159122,3.973,-76.439,https://chatmap.hotosm.org/api/v1/media/fa51e51c-2f7c-4e63-89dd-864d9f97e8e5.jpg,data/media/fa51e51c-2f7c-4e63-89dd-864d9f97e8e5.jpg,f80969cd2a9d00677e78444b94ff8f446960f65f2b46c01bd00187a48651c72b,\N,3,"{""mmi"": 5.9, ""aoi"": ""Western Colombia"", ""posterior_al_sismo"": true, ""duplicado_de"": ""2a877381-47fc-41ea-b82d-aee11abb6114""}",\N,coherente,,2026-08-23
chatmap,eeed42fe-49b5-4a7a-a697-90057d5cd421,2026-08-14T19:47:00,\N,\N,\N,3.935764,-76.429848,3.936,-76.43,https://chatmap.hotosm.org/api/v1/media/bdac0d49-1d97-4b25-9a4b-ff99d24139f6.mp4,data/media/bdac0d49-1d97-4b25-9a4b-ff99d24139f6.mp4,a87707362bcb90270007de2ccec38432d6cd3e53d73d3e7e5edd61aa6ee61e65,\N,5,"{""mmi"": 5.6, ""aoi"": ""Western Colombia"", ""posterior_al_sismo"": true}",\N,coherente,,2026-08-23
chatmap,f00e7120-3b7c-4200-96e7-2cc84f3c50f6,2026-08-10T18:57:00,\N,\N,\N,3.4083415008832767,-76.54996038303234,3.408,-76.55,https://chatmap.hotosm.org/api/v1/media/abbc4a62-c475-4fef-8951-e647ffc943f9.jpg,data/media/abbc4a62-c475-4fef-8951-e647ffc943f9.jpg,975d4ef7943c29e6b3e7c51afa2ff7ae6d80f28368db9d550fb82f09ff6a941a,\N,5,"{""mmi"": 6.3, ""aoi"": ""Western Colombia"", ""posterior_al_sismo"": true}",\N,coherente,,2026-08-23
chatmap,f0552ab5-4e8a-4c1c-b8c5-c7369f79adc5,2026-08-13T13:02:00,\N,\N,\N,4.452780717515023,-75.8069529065006,4.453,-75.807,https://chatmap.hotosm.org/api/v1/media/e858a372-9a88-4423-a38d-d1add8068847.jpg,data/media/e858a372-9a88-4423-a38d-d1add8068847.jpg,c1d3185d2d3109aeae41a545c74619885b0af519fd8442a7b2ef37234f01aae2,\N,3,"{""mmi"": 7.3, ""aoi"": ""Western Colombia"", ""posterior_al_sismo"": true, ""duplicado_de"": ""7ae82683-815e-4f93-9906-8832c4678dac""}",\N,coherente,,2026-08-23
chatmap,f0fb9ce8-a563-47d7-8a81-db9cf01c75ee,2026-08-10T17:32:00,\N,\N,\N,4.729993,-76.794235,4.73,-76.794,https://chatmap.hotosm.org/api/v1/media/4ebc4a34-20c2-438b-b26e-31997b6965c5.jpg,data/media/4ebc4a34-20c2-438b-b26e-31997b6965c5.jpg,f8c9bd1ad7148d8c968232854907b553187dc5e8016344842ed0f87969e4f061,\N,5,"{""mmi"": 6.8, ""aoi"": ""Western Colombia"", ""posterior_al_sismo"": true}",\N,coherente,,2026-08-23
chatmap,f12a5b25-0446-42d9-9a81-e3d583c3129e,2026-08-10T16:23:00,\N,\N,\N,3.009827735591556,-76.49427553334587,3.01,-76.494,https://chatmap.hotosm.org/api/v1/media/f8325be2-0d1b-4ef3-bcf6-62ef93816a7f.jpg,data/media/f8325be2-0d1b-4ef3-bcf6-62ef93816a7f.jpg,b1335680c46e9a682ad96b8aaa3dbf58383ae87e7ff465d5e630c71581879e45,\N,5,"{""mmi"": 5.8, ""aoi"": ""Western Colombia"", ""posterior_al_sismo"": true}",\N,coherente,,2026-08-23
chatmap,f2dc11fa-2c14-4fac-b830-94fffe3e8ee8,2026-08-22T18:13:00,\N,\N,\N,4.795726,-75.9950847,4.796,-75.995,https://chatmap.hotosm.org/api/v1/media/153d236a-aa6d-4cd2-b15b-b2bec3808395.jpg,data/media/153d236a-aa6d-4cd2-b15b-b2bec3808395.jpg,ba6e3789543b79c90bafc88fe6519d472a00b2ceb2f1338a4da2d6eb751de740,\N,5,"{""mmi"": 7.3, ""aoi"": ""Western Colombia"", ""posterior_al_sismo"": true}",\N,coherente,IMG-20260822-WA0225.jpg (file attached),2026-08-23
chatmap,f2ebba60-cc57-4cf8-bc95-e811cb911df1,2026-08-13T10:18:12,\N,\N,\N,5.350538263320947,-76.12249920161214,5.351,-76.122,https://chatmap.hotosm.org/api/v1/media/30d00822-6dcb-4357-89b1-851051b22907.mp4,data/media/30d00822-6dcb-4357-89b1-851051b22907.mp4,6c8e7ef157c594d07a3b01fc36b7ace8f3ae964e5b8af514127d74110475c7e8,\N,2,"{""mmi"": 6.1, ""aoi"": null, ""posterior_al_sismo"": true, ""duplicado_de"": ""954906b3-86d3-4723-b945-b823348e6d46""}",\N,recibido,,2026-08-23
chatmap,f2f28882-4e53-42ae-ab6f-171130c3367b,2026-08-14T14:38:00,\N,\N,\N,3.909975,-76.451877,3.91,-76.452,https://chatmap.hotosm.org/api/v1/media/7e721d31-37d9-4d97-beb9-5e89fa562082.mp4,data/media/7e721d31-37d9-4d97-beb9-5e89fa562082.mp4,19a0205e551d8948a240eb92eb71ce21ae50641feab0ddd0a7ab82f65d854773,\N,5,"{""mmi"": 5.8, ""aoi"": ""Western Colombia"", ""posterior_al_sismo"": true}",\N,coherente,,2026-08-23
chatmap,f30d2354-a3ea-4f49-89cb-b5b244e95f73,2026-08-12T21:45:00,\N,\N,\N,3.9321254339349734,-76.48651504361588,3.932,-76.487,https://chatmap.hotosm.org/api/v1/media/ad76415c-f0df-4fda-8db0-918ca1b809aa.jpg,data/media/ad76415c-f0df-4fda-8db0-918ca1b809aa.jpg,f0e051ea7040aaf81de48be8f102c5e415a3b5881c615590164fa5b1c447f9ef,\N,3,"{""mmi"": 5.7, ""aoi"": ""Western Colombia"", ""posterior_al_sismo"": true, ""duplicado_de"": ""0b93b879-10f2-4a6a-875f-41c5704971aa""}",\N,coherente,,2026-08-23
chatmap,f37143ad-e569-48cc-b20a-8fed43c814fa,2026-08-14T19:47:00,\N,\N,\N,3.429508,-76.542747,3.43,-76.543,https://chatmap.hotosm.org/api/v1/media/68e04778-4381-4520-a4d3-12fea7c083fa.jpg,data/media/68e04778-4381-4520-a4d3-12fea7c083fa.jpg,94022262c6f82992f08e3991d7e326825ecf5ad51045ade16c3a02662fee0c13,\N,5,"{""mmi"": 6.3, ""aoi"": ""Western Colombia"", ""posterior_al_sismo"": true}",\N,coherente,,2026-08-23
chatmap,f39466a9-e9d8-45ec-b1e8-83b376734a27,2026-08-14T19:47:00,\N,\N,\N,5.681190954646173,-76.64943676031744,5.681,-76.649,https://chatmap.hotosm.org/api/v1/media/736ea2bf-4459-4406-81ba-ceabddaf3836.jpg,data/media/736ea2bf-4459-4406-81ba-ceabddaf3836.jpg,8d875f2210db7e6c9cf6882d79967710f7761cc7bf0a8e3e46b941ec00f337fd,\N,5,"{""mmi"": 7.5, ""aoi"": ""Quibdo Centre"", ""posterior_al_sismo"": true}",\N,coherente,,2026-08-23
chatmap,f3f062bb-bf51-4fa3-9811-6a7a5a0856dc,2026-08-13T13:22:00,\N,\N,\N,4.809327576027641,-75.6943833744039,4.809,-75.694,https://chatmap.hotosm.org/api/v1/media/20016c5c-cae4-4b0c-8f28-153d0b4b1909.jpg,data/media/20016c5c-cae4-4b0c-8f28-153d0b4b1909.jpg,86064ab40a3a478b91c5a6ec4b5a8199936ccea0a54437afe20a48e8d5dd7a7c,\N,5,"{""mmi"": 7.5, ""aoi"": ""Pereira"", ""posterior_al_sismo"": true}",\N,coherente,,2026-08-23
chatmap,f3f974a2-3ea6-4028-9765-7156b98f30f4,2026-08-13T14:04:00,\N,\N,\N,5.698841357558364,-76.66084990343407,5.699,-76.661,https://chatmap.hotosm.org/api/v1/media/9c25be37-4761-444c-8fff-22e18f048d07.jpg,data/media/9c25be37-4761-444c-8fff-22e18f048d07.jpg,4943a0b0f30c0baae91834d8d26a61055ae255ae3510abccfbe9e0d7c7ddbb14,\N,3,"{""mmi"": 7.5, ""aoi"": ""Quibdo Centre"", ""posterior_al_sismo"": true, ""duplicado_de"": ""9246fd9b-eb07-4951-a014-f1df3a3190e9""}",\N,coherente,,2026-08-23
chatmap,f4850caa-c06c-45d2-9b97-142a766c18f2,2026-08-13T14:03:00,\N,\N,\N,5.698841357558364,-76.66084990343407,5.699,-76.661,https://chatmap.hotosm.org/api/v1/media/82131bad-3945-4968-b4f3-ddd0a2f142e6.jpg,data/media/82131bad-3945-4968-b4f3-ddd0a2f142e6.jpg,971d68091ced912601ed3c7625acb68ed635c9c5b9474dec53bcf9e4a76320ca,\N,5,"{""mmi"": 7.5, ""aoi"": ""Quibdo Centre"", ""posterior_al_sismo"": true}",\N,coherente,,2026-08-23
chatmap,f53fdf81-3a25-4bd7-b701-af66f2bcba83,2026-08-14T14:38:00,\N,\N,\N,3.397872700000952,-76.5458212553695,3.398,-76.546,https://chatmap.hotosm.org/api/v1/media/e796a30d-0916-481e-852c-b189fd8d4566.mp4,data/media/e796a30d-0916-481e-852c-b189fd8d4566.mp4,182d4e75c7487a37219908c4bf0e55953f96807e9d20404ce6962643da3a1181,\N,5,"{""mmi"": 6.4, ""aoi"": ""Western Colombia"", ""posterior_al_sismo"": true}",\N,coherente,,2026-08-23
chatmap,f5f4e95a-8faa-42d3-a053-73801bf14818,2026-08-22T18:13:00,\N,\N,\N,4.813639,-75.7140106,4.814,-75.714,https://chatmap.hotosm.org/api/v1/media/e22fccc8-cce7-4bc9-8dc6-102ede887207.jpg,data/media/e22fccc8-cce7-4bc9-8dc6-102ede887207.jpg,e8fea5afc162e799a7eecfb6b27f516fca98ea9368560808a2f10eaa1022ba99,\N,5,"{""mmi"": 7.4, ""aoi"": ""Pereira"", ""posterior_al_sismo"": true}",\N,coherente,IMG-20260822-WA0269.jpg (file attached),2026-08-23
chatmap,f5faf74e-f51a-40e2-9378-192549dbb4fb,2026-08-22T18:13:00,\N,\N,\N,4.8122889,-75.708612,4.812,-75.709,https://chatmap.hotosm.org/api/v1/media/706b7f00-8ce8-40f2-b728-537e5c5d8277.jpg,data/media/706b7f00-8ce8-40f2-b728-537e5c5d8277.jpg,9edf97f9f693a5ea906b283f8236a155c71400482132a42f38990f7d074cf52b,\N,5,"{""mmi"": 7.4, ""aoi"": ""Pereira"", ""posterior_al_sismo"": true}",\N,coherente,IMG-20260822-WA0279.jpg (file attached),2026-08-23
chatmap,f65186ab-d445-4870-b2ac-12329a0a345e,2026-08-14T14:38:00,\N,\N,\N,3.4889367805610587,-76.52046708650745,3.489,-76.52,https://chatmap.hotosm.org/api/v1/media/d1ce24e1-b0ad-4e9a-b129-98d148e58770.jpg,data/media/d1ce24e1-b0ad-4e9a-b129-98d148e58770.jpg,6df4c6441bbf32e1f6fc36d11ef9bec363c9f323f5a75b375b4f80bf08f6a638,\N,5,"{""mmi"": 6.1, ""aoi"": ""Western Colombia"", ""posterior_al_sismo"": true}",\N,coherente,,2026-08-23
chatmap,f687d088-aa56-4211-9012-229e2a3ba379,2026-08-22T18:13:00,\N,\N,\N,4.8144926,-75.7151341,4.814,-75.715,https://chatmap.hotosm.org/api/v1/media/766b4753-6713-4016-b30e-01c71d155654.jpg,data/media/766b4753-6713-4016-b30e-01c71d155654.jpg,e0d8054ffb652063a31b5c3c71ff7d392ce67e18215b08bac4629f9790d5b080,\N,5,"{""mmi"": 7.4, ""aoi"": ""Pereira"", ""posterior_al_sismo"": true}",\N,coherente,IMG-20260822-WA0263.jpg (file attached),2026-08-23
chatmap,f6b68183-13ed-4ac6-9b9e-6199d2ce0594,2026-08-13T14:11:00,\N,\N,\N,5.6828736644897555,-76.630827908481,5.683,-76.631,https://chatmap.hotosm.org/api/v1/media/dc66c629-bd94-4ae6-9574-48c2aed40f16.jpg,data/media/dc66c629-bd94-4ae6-9574-48c2aed40f16.jpg,5348f8b079538b5f2dbc1c9454adab0eb4066f2c116f8d0d1252fca8724af389,\N,4,"{""mmi"": 7.4, ""aoi"": null, ""posterior_al_sismo"": true}",\N,coherente,,2026-08-23
chatmap,f72defd3-92e0-4b77-a650-0e14fc61eece,2026-08-11T14:00:00,\N,\N,\N,4.333588049742844,-75.82974541999491,4.334,-75.83,https://chatmap.hotosm.org/api/v1/media/53a46297-9dd0-4963-8b3f-87adfd97985f.jpg,data/media/53a46297-9dd0-4963-8b3f-87adfd97985f.jpg,d7f6c9b975325f3a45c7c1ef8035727a80786bb9efdcdd424339e04914146ae3,\N,5,"{""mmi"": 6.8, ""aoi"": ""Western Colombia"", ""posterior_al_sismo"": true}",\N,coherente,,2026-08-23
chatmap,f7904f66-e11e-4bd4-a763-e32dbf25d87d,2026-08-14T19:47:00,\N,\N,\N,5.680268617425197,-76.64403058915292,5.68,-76.644,https://chatmap.hotosm.org/api/v1/media/6e1c12fc-f6b6-4b28-9919-bc23aa973702.jpg,data/media/6e1c12fc-f6b6-4b28-9919-bc23aa973702.jpg,ec773714cd74ee52ff3b33cef57a40ed32583140818cd5bdbac0f208c302d75d,\N,5,"{""mmi"": 7.4, ""aoi"": ""Quibdo Centre"", ""posterior_al_sismo"": true}",\N,coherente,,2026-08-23
chatmap,f7916dcf-7002-4c07-be34-ab2f7276ef73,2026-08-13T18:24:00,\N,\N,\N,4.804845,-75.698456,4.805,-75.698,https://chatmap.hotosm.org/api/v1/media/755f22eb-d6ca-4bcb-872e-29d8bd4c6117.jpg,data/media/755f22eb-d6ca-4bcb-872e-29d8bd4c6117.jpg,f9f95db7d043bac80a9099c5a9098c3e93e3d76864e5eaf4d2f7d19ff4365c03,\N,5,"{""mmi"": 7.6, ""aoi"": ""Pereira"", ""posterior_al_sismo"": true}",\N,coherente,,2026-08-23
chatmap,f7ce1a09-1078-4d22-a515-bf2a4f211c2e,2026-08-21T18:02:00,\N,\N,\N,5.09361,-76.694794,5.094,-76.695,https://chatmap.hotosm.org/api/v1/media/7d07cc34-39ec-4e64-bfd4-66f67b0c10ae.mp4,data/media/7d07cc34-39ec-4e64-bfd4-66f67b0c10ae.mp4,229216345bd3fcfc28fabbc93ef2f36aa1a14afb86bcf2bda74b46df5dcbd5b0,\N,5,"{""mmi"": 6.8, ""aoi"": ""Western Colombia"", ""posterior_al_sismo"": true}",\N,coherente,VID-20260821-WA0106.mp4 (file attached),2026-08-23
chatmap,f7f0995a-d473-4b49-8d31-edb716acbeb8,2026-08-12T19:08:00,\N,\N,\N,3.40752,-76.547211,3.408,-76.547,https://chatmap.hotosm.org/api/v1/media/2e445c33-11a4-49d3-b5f0-7bfc51f6117e.jpg,data/media/2e445c33-11a4-49d3-b5f0-7bfc51f6117e.jpg,2390a3b539751f4f6110cc5da05b2a78fc10c9a9ff1c5dbc5959fe9f63c296c4,\N,5,"{""mmi"": 6.3, ""aoi"": ""Western Colombia"", ""posterior_al_sismo"": true}",\N,coherente,,2026-08-23
chatmap,f80d394b-c472-4e1c-a620-dcbac65c1729,2026-08-14T19:47:00,\N,\N,\N,5.681997021288838,-76.64573237750788,5.682,-76.646,https://chatmap.hotosm.org/api/v1/media/464c5226-fe2a-4628-ab42-56d0547a670b.jpg,data/media/464c5226-fe2a-4628-ab42-56d0547a670b.jpg,a777641199bafd65279a1750882612332090fe26fdb18d7e5d1de572c66a2eae,\N,5,"{""mmi"": 7.4, ""aoi"": ""Quibdo Centre"", ""posterior_al_sismo"": true}",\N,coherente,,2026-08-23
chatmap,f85ec2cb-5af1-48c6-98e9-8afafb907a61,2026-08-22T18:13:00,\N,\N,\N,3.4293599,-76.5364685,3.429,-76.536,https://chatmap.hotosm.org/api/v1/media/5f242f4c-032e-47f0-a5df-83d4fcd8a6d3.mp4,data/media/5f242f4c-032e-47f0-a5df-83d4fcd8a6d3.mp4,215a9d95646f0362fcab897ff356251a7632bd7db9692a07676dd751ca09b55b,\N,5,"{""mmi"": 6.6, ""aoi"": ""Western Colombia"", ""posterior_al_sismo"": true}",\N,coherente,VID-20260822-WA0571.mp4 (file attached),2026-08-23
chatmap,f89de238-90a5-4f31-b1cf-8f3175c86d99,2026-08-14T14:38:00,\N,\N,\N,5.677936654543647,-76.63977173526443,5.678,-76.64,https://chatmap.hotosm.org/api/v1/media/996860da-0ff0-4f18-afb6-bd9cd3752af5.jpg,data/media/996860da-0ff0-4f18-afb6-bd9cd3752af5.jpg,82419631f76f451fe9a46ddd7ee5ad7429c3d776511a9943b86e4f1df77b90e7,\N,4,"{""mmi"": 7.4, ""aoi"": null, ""posterior_al_sismo"": true}",\N,coherente,,2026-08-23
chatmap,f8c63af5-e0e2-4c0d-96be-0a5bc6576d2d,2026-08-21T18:02:00,\N,\N,\N,4.81607551385817,-75.7074948944782,4.816,-75.707,https://chatmap.hotosm.org/api/v1/media/dc3a3210-9671-4073-9800-31fb03fa601e.jpg,data/media/dc3a3210-9671-4073-9800-31fb03fa601e.jpg,15db6b194353307f00eb71747308d57de4032688c1a45dfa9a4b80ae3174fbc5,\N,5,"{""mmi"": 7.5, ""aoi"": ""Pereira"", ""posterior_al_sismo"": true}",\N,coherente,IMG-20260821-WA0081.jpg (file attached),2026-08-23
chatmap,f95d03e6-fc2d-41ee-858b-afa04cf6d409,2026-08-14T14:38:00,\N,\N,\N,5.697537516712896,-76.6431831865065,5.698,-76.643,https://chatmap.hotosm.org/api/v1/media/6d2d33a2-b4e3-49de-8e84-dd8bd9c24f9e.jpg,data/media/6d2d33a2-b4e3-49de-8e84-dd8bd9c24f9e.jpg,3b0684a85662d3805bd9aec2491921a7fc5a6570a8d5e9281d810555b813da40,\N,4,"{""mmi"": 7.4, ""aoi"": null, ""posterior_al_sismo"": true}",\N,coherente,,2026-08-23
chatmap,f9b2586c-46b0-475d-8346-76947c4e2601,2026-08-20T17:47:00,\N,\N,\N,4.803641,-75.687734,4.804,-75.688,https://chatmap.hotosm.org/api/v1/media/ea21e9bb-b3ea-4103-8457-f7dd667c232b.jpg,data/media/ea21e9bb-b3ea-4103-8457-f7dd667c232b.jpg,a416e7470ffd7134a606c2593048043adbc2ea02959a8c31ea35210252683444,\N,5,"{""mmi"": 7.6, ""aoi"": ""Pereira"", ""posterior_al_sismo"": true}",\N,coherente,IMG-20260820-WA0106.jpg (file attached),2026-08-23
chatmap,f9e575ec-b118-42de-95b7-3d8bd5657cdc,2026-08-20T17:47:00,\N,\N,\N,4.830293,-75.6780985,4.83,-75.678,https://chatmap.hotosm.org/api/v1/media/bc1caeeb-4590-464b-96e7-7e9b3e0ea299.jpg,data/media/bc1caeeb-4590-464b-96e7-7e9b3e0ea299.jpg,88dd596456c0b37657c6f1880988adc365a59d7f9f0423f7b2270344cc8631bd,\N,5,"{""mmi"": 7.5, ""aoi"": ""Western Colombia"", ""posterior_al_sismo"": true}",\N,coherente,IMG-20260820-WA0112.jpg (file attached),2026-08-23
chatmap,fa556ea2-1d13-41db-a707-f7f5d1991886,2026-08-11T15:19:00,\N,\N,\N,3.429787195332303,-76.52141287914719,3.43,-76.521,https://chatmap.hotosm.org/api/v1/media/e4a64d12-2b31-4153-b1d0-79bb8210af6e.jpg,data/media/e4a64d12-2b31-4153-b1d0-79bb8210af6e.jpg,5af937bfd8ce7ba41209ade8a99480161c4ee9c556c378b3fae55132c1f0367a,\N,5,"{""mmi"": 6.6, ""aoi"": ""Western Colombia"", ""posterior_al_sismo"": true}",\N,coherente,,2026-08-23
chatmap,fa800187-ceb4-4a0c-a065-dbc24c84ddbb,2026-08-10T17:27:00,\N,\N,\N,4.654244,-76.642781,4.654,-76.643,https://chatmap.hotosm.org/api/v1/media/f718eb25-86f0-495f-baaf-2caa4a598865.jpg,data/media/f718eb25-86f0-495f-baaf-2caa4a598865.jpg,62850a61a3b370475c27d265716a684fa7fa54ad8a15cf3e70222fda86673f9d,\N,5,"{""mmi"": 6.8, ""aoi"": ""Western Colombia"", ""posterior_al_sismo"": true}",\N,coherente,,2026-08-23
chatmap,fad5a041-4ed5-49ce-9f55-9ce9ef5f7583,2026-08-13T14:02:00,\N,\N,\N,5.698841357558364,-76.66084990343407,5.699,-76.661,https://chatmap.hotosm.org/api/v1/media/7646fb8e-77b9-4c9a-bc68-75e76bd62103.jpg,data/media/7646fb8e-77b9-4c9a-bc68-75e76bd62103.jpg,679f7713c80f516bb0da19abcdbc309a7803140cff3aa63ef8bb0d918ca6db4c,\N,5,"{""mmi"": 7.5, ""aoi"": ""Quibdo Centre"", ""posterior_al_sismo"": true}",\N,coherente,,2026-08-23
chatmap,faf5c476-cd7a-447d-aec2-529c63030414,2026-08-12T17:41:00,\N,\N,\N,3.460325728332456,-76.48460968792543,3.46,-76.485,https://chatmap.hotosm.org/api/v1/media/b258ec39-4035-42b3-9cf0-cfad5bd914d9.jpg,data/media/b258ec39-4035-42b3-9cf0-cfad5bd914d9.jpg,f0037f1f1618d7cd60f809c91bafceb7fa891e3b28a24f098ab194acb7da940f,\N,5,"{""mmi"": 6.6, ""aoi"": ""Northern Cali"", ""posterior_al_sismo"": true}",\N,coherente,,2026-08-23
chatmap,fb12b09a-c2e0-4809-8360-caa0854dae5a,2026-08-13T16:45:00,\N,\N,\N,4.813496,-75.691109,4.813,-75.691,https://chatmap.hotosm.org/api/v1/media/a8424cbc-7589-4e5e-85e0-ef04db1a978a.jpg,data/media/a8424cbc-7589-4e5e-85e0-ef04db1a978a.jpg,eebdc7b9297ccfec56c646a01097c1e1ef50d45efd8e812727d3ae41cb73fcdd,\N,5,"{""mmi"": 7.5, ""aoi"": ""Pereira"", ""posterior_al_sismo"": true}",\N,coherente,,2026-08-23
chatmap,fb2e7460-0f5a-4a08-9848-cd30631276bd,2026-08-15T12:11:27,\N,\N,\N,5.684677,-76.646774,5.685,-76.647,https://chatmap.hotosm.org/api/v1/media/2c1758f9-b396-4e31-a403-aca131b9a5ba.mp4,data/media/2c1758f9-b396-4e31-a403-aca131b9a5ba.mp4,9103ace5b434cf8ca9261c1a90feccdf30d2fa6795654d7eb350b40e9540c590,\N,5,"{""mmi"": 7.5, ""aoi"": ""Quibdo Centre"", ""posterior_al_sismo"": true}",\N,coherente,,2026-08-23
chatmap,fb33ee72-93da-4725-8dcd-68c9b2075094,2026-08-22T18:13:00,\N,\N,\N,4.810735,-75.697558,4.811,-75.698,https://chatmap.hotosm.org/api/v1/media/f8a29d01-d1a4-4660-9bf4-4bed8349c787.jpg,data/media/f8a29d01-d1a4-4660-9bf4-4bed8349c787.jpg,55d8bce681e19dcea8d64488d9b8305349f532b62e8389052884adf0898458e1,\N,5,"{""mmi"": 7.5, ""aoi"": ""Pereira"", ""posterior_al_sismo"": true}",\N,coherente,IMG-20260822-WA0510.jpg (file attached),2026-08-23
chatmap,fb6b7871-d741-4501-86f7-1e881e6c83a4,2026-08-22T18:13:00,\N,\N,\N,4.8074342,-75.7472566,4.807,-75.747,https://chatmap.hotosm.org/api/v1/media/8632c2a9-1918-450f-9ba0-161a8c52c9bf.jpg,data/media/8632c2a9-1918-450f-9ba0-161a8c52c9bf.jpg,4557fac8fc5a21bd91282360a59e12b4ec480c0182a99c5591daee91fefa3ead,\N,5,"{""mmi"": 7.5, ""aoi"": ""Western Colombia"", ""posterior_al_sismo"": true}",\N,coherente,IMG-20260822-WA0200.jpg (file attached),2026-08-23
chatmap,fb891230-6108-4a25-9b96-d560ebfb90ce,2026-08-14T19:47:00,\N,\N,\N,3.935764,-76.429848,3.936,-76.43,https://chatmap.hotosm.org/api/v1/media/4a3c5360-6fed-4077-9d18-582867391a5d.mp4,data/media/4a3c5360-6fed-4077-9d18-582867391a5d.mp4,0638a819c002ced456f952e9280449e627f7052b74dce53c733586fc8e5755b9,\N,3,"{""mmi"": 5.6, ""aoi"": ""Western Colombia"", ""posterior_al_sismo"": true, ""duplicado_de"": ""29f6fe6e-ad1b-41ad-b83e-24288ea2b548""}",\N,coherente,,2026-08-23
chatmap,fbf824a1-ca1e-4787-b185-5770775d4f19,2026-08-14T19:47:00,\N,\N,\N,4.815401,-75.717476,4.815,-75.717,https://chatmap.hotosm.org/api/v1/media/9642b97e-4441-405a-80fb-1032aa8ea0d1.jpg,data/media/9642b97e-4441-405a-80fb-1032aa8ea0d1.jpg,b3a31b67eba30b2c8874292636df48c080f4ab44ddd6435026b347850be3197e,\N,5,"{""mmi"": 7.4, ""aoi"": ""Pereira"", ""posterior_al_sismo"": true}",\N,coherente,,2026-08-23
chatmap,fc47c0fd-09fa-4124-9bf0-487c03d08c38,2026-08-21T18:02:00,\N,\N,\N,3.904655,-76.382693,3.905,-76.383,https://chatmap.hotosm.org/api/v1/media/523dcf91-8c6e-430b-9968-f4e92fdf7697.jpg,data/media/523dcf91-8c6e-430b-9968-f4e92fdf7697.jpg,33d66e6b935837822cc52fd4a2415b107d332d5ede6e3dd9ecd2f96da311f2fc,\N,5,"{""mmi"": 5.4, ""aoi"": ""Western Colombia"", ""posterior_al_sismo"": true}",\N,coherente,IMG-20260820-WA0168.jpg (file attached),2026-08-23
chatmap,fc82e1c0-aaf6-4eb3-9a67-31393ce1ba5c,2026-08-13T15:14:00,\N,\N,\N,4.872621917546424,-75.62219063558213,4.873,-75.622,https://chatmap.hotosm.org/api/v1/media/5875d4b4-046d-4db7-962e-73ee926a49de.mp4,data/media/5875d4b4-046d-4db7-962e-73ee926a49de.mp4,b72c4db1a6eaa0c9e6032e7619e84cd65d4af4573c017ecf65d3938816e8a5b0,\N,5,"{""mmi"": 7.4, ""aoi"": ""Western Colombia"", ""posterior_al_sismo"": true}",\N,coherente,,2026-08-23
chatmap,fd9cf689-b16d-47b3-b3d8-52d746365a83,2026-08-22T18:13:00,\N,\N,\N,4.815929,-75.718476,4.816,-75.718,https://chatmap.hotosm.org/api/v1/media/68340ac0-42ec-4cad-9cc5-69bfb539c37a.jpg,data/media/68340ac0-42ec-4cad-9cc5-69bfb539c37a.jpg,32487beb9c8c847f435d4b06abb948b9773d8cc7ef9422a5140c1950bf2c771d,\N,5,"{""mmi"": 7.4, ""aoi"": ""Pereira"", ""posterior_al_sismo"": true}",\N,coherente,IMG-20260822-WA0531.jpg (file attached),2026-08-23
chatmap,fdc3a179-dfda-4b1a-adbb-d075c2ebea2b,2026-08-20T17:47:00,\N,\N,\N,5.305681,-76.625987,5.306,-76.626,https://chatmap.hotosm.org/api/v1/media/eb6ea221-3f74-41a8-81ba-b8df334569f7.jpg,data/media/eb6ea221-3f74-41a8-81ba-b8df334569f7.jpg,9152b6a16c281ae00d8f9e53d5c3595809bdb05983d657a6f1934ba45b7bf0e7,\N,5,"{""mmi"": 6.9, ""aoi"": ""Western Colombia"", ""posterior_al_sismo"": true}",\N,coherente,IMG-20260820-WA0028.jpg (file attached),2026-08-23
chatmap,fdceaa1c-cd58-4780-91ca-4d7d91f34bb5,2026-08-14T14:38:00,\N,\N,\N,5.69970602972606,-76.64890217798717,5.7,-76.649,https://chatmap.hotosm.org/api/v1/media/7be7b9d7-9b45-40f8-8619-1a0771b94afb.jpg,data/media/7be7b9d7-9b45-40f8-8619-1a0771b94afb.jpg,52128fe5a1f173adae644c92ad42a75597c195f69de829a3d41c8c6668c3ea85,\N,4,"{""mmi"": 7.5, ""aoi"": null, ""posterior_al_sismo"": true}",\N,coherente,,2026-08-23
chatmap,fdfa6b26-ceac-40c0-bd04-913a555c0de7,2026-08-10T18:45:00,\N,\N,\N,4.811309939591961,-75.69458932605531,4.811,-75.695,https://chatmap.hotosm.org/api/v1/media/4a7beafe-eea4-4791-84db-96cff34a7a9f.jpg,data/media/4a7beafe-eea4-4791-84db-96cff34a7a9f.jpg,341a70eb88caee6129e266c52f6794cbaedb8f38c0e03bd306e98ccddc9385f4,\N,5,"{""mmi"": 7.5, ""aoi"": ""Pereira"", ""posterior_al_sismo"": true}",\N,coherente,,2026-08-23
chatmap,fef6119f-d395-49a0-93cb-27383208dc3c,2026-08-13T09:10:09,\N,\N,\N,4.411777,-76.157359,4.412,-76.157,https://chatmap.hotosm.org/api/v1/media/c5cfce1d-18dd-4c0d-a259-a594e72d06dc.mp4,data/media/c5cfce1d-18dd-4c0d-a259-a594e72d06dc.mp4,94c10cfb050ba2b03871bf37425e99c2edf44cc9483ed06b4b73505fbd7252ba,\N,5,"{""mmi"": 7.2, ""aoi"": ""Western Colombia"", ""posterior_al_sismo"": true}",\N,coherente,,2026-08-23
chatmap,ff2683bc-82d3-4743-bf52-93573fd9cc45,2026-08-11T16:40:00,\N,\N,\N,4.957193140936832,-76.6089861805774,4.957,-76.609,https://chatmap.hotosm.org/api/v1/media/5f501c49-717f-49ce-aa6e-82e2de695b4e.jpg,data/media/5f501c49-717f-49ce-aa6e-82e2de695b4e.jpg,97442d36d3734164fbafd9d9cec66787779163863eb1f8f9da81c1b59db53109,\N,5,"{""mmi"": 6.8, ""aoi"": ""Western Colombia"", ""posterior_al_sismo"": true}",\N,coherente,,2026-08-23
chatmap,ff81a0b6-ad3f-4e97-8dff-01ef797f5e6a,2026-08-20T08:14:00,\N,\N,\N,2.76407,-76.62104,2.764,-76.621,https://chatmap.hotosm.org/api/v1/media/aa2f81c5-84e8-4883-8870-1d6913602158.jpg,data/media/aa2f81c5-84e8-4883-8870-1d6913602158.jpg,5542b68052aefcb688fb27f633b1bd22ecb38ac84d81cb29fcd2ef72cddf907a,\N,5,"{""mmi"": 5.3, ""aoi"": ""Western Colombia"", ""posterior_al_sismo"": true}",\N,coherente,IMG-20260818-WA0167.jpg (file attached),2026-08-23
