paquete_sha,capa,idx,producto_id,municipio,departamento,dano,tipo,sensor,sensor_date,metodo,copyright,lat,lon,first_seen,snapshot_date
1bb3d8ca195d626bea942b16e6e64ca8ef606cd2ce85c2d120081ebaacba6aba,UrbanP,0,3244,Pereira,Risaralda,Damaged,Residential,Pleiades,2026/08/11 15:54 UTC,Photo-interpretation,© ICube-SERTIT 2026,4.813391195000065,-75.68891178799998,2026-08-21T09:23:55Z,2026-08-31
1bb3d8ca195d626bea942b16e6e64ca8ef606cd2ce85c2d120081ebaacba6aba,UrbanP,1,3244,Pereira,Risaralda,Damaged,Residential,Pleiades,2026/08/11 15:54 UTC,Photo-interpretation,© ICube-SERTIT 2026,4.813399066000045,-75.68901516499994,2026-08-21T09:23:55Z,2026-08-31
1bb3d8ca195d626bea942b16e6e64ca8ef606cd2ce85c2d120081ebaacba6aba,UrbanP,2,3244,Pereira,Risaralda,Destroyed,Residential,Pleiades,2026/08/11 15:54 UTC,Photo-interpretation,© ICube-SERTIT 2026,4.813094673000023,-75.68871111199996,2026-08-21T09:23:55Z,2026-08-31
1bb3d8ca195d626bea942b16e6e64ca8ef606cd2ce85c2d120081ebaacba6aba,UrbanP,3,3244,Pereira,Risaralda,Destroyed,Residential,Pleiades,2026/08/11 15:54 UTC,Photo-interpretation,© ICube-SERTIT 2026,4.813150062000034,-75.68915168099994,2026-08-21T09:23:55Z,2026-08-31
1bb3d8ca195d626bea942b16e6e64ca8ef606cd2ce85c2d120081ebaacba6aba,UrbanP,4,3244,Pereira,Risaralda,Destroyed,Residential,Pleiades,2026/08/11 15:54 UTC,Photo-interpretation,© ICube-SERTIT 2026,4.813153319000037,-75.68908648199994,2026-08-21T09:23:55Z,2026-08-31
1bb3d8ca195d626bea942b16e6e64ca8ef606cd2ce85c2d120081ebaacba6aba,UrbanP,5,3244,Pereira,Risaralda,Damaged,Residential,Pleiades,2026/08/11 15:54 UTC,Photo-interpretation,© ICube-SERTIT 2026,4.812909397000055,-75.68873209599997,2026-08-21T09:23:55Z,2026-08-31
1bb3d8ca195d626bea942b16e6e64ca8ef606cd2ce85c2d120081ebaacba6aba,UrbanP,6,3244,Pereira,Risaralda,Damaged,Residential,Pleiades,2026/08/11 15:54 UTC,Photo-interpretation,© ICube-SERTIT 2026,4.813694587000043,-75.68654432499994,2026-08-21T09:23:55Z,2026-08-31
1bb3d8ca195d626bea942b16e6e64ca8ef606cd2ce85c2d120081ebaacba6aba,UrbanP,7,3244,Pereira,Risaralda,Damaged,Residential,Pleiades,2026/08/11 15:54 UTC,Photo-interpretation,© ICube-SERTIT 2026,4.813329543000066,-75.68910981399995,2026-08-21T09:23:55Z,2026-08-31
1bb3d8ca195d626bea942b16e6e64ca8ef606cd2ce85c2d120081ebaacba6aba,UrbanP,8,3244,Pereira,Risaralda,Possibly damaged,Residential,Pleiades,2026/08/11 15:54 UTC,Photo-interpretation,© ICube-SERTIT 2026,4.813070907000053,-75.68640120899994,2026-08-21T09:23:55Z,2026-08-31
1bb3d8ca195d626bea942b16e6e64ca8ef606cd2ce85c2d120081ebaacba6aba,UrbanP,9,3244,Pereira,Risaralda,Possibly damaged,Residential,Pleiades,2026/08/11 15:54 UTC,Photo-interpretation,© ICube-SERTIT 2026,4.813469560000044,-75.68695019899997,2026-08-21T09:23:55Z,2026-08-31
1bb3d8ca195d626bea942b16e6e64ca8ef606cd2ce85c2d120081ebaacba6aba,UrbanP,10,3244,Pereira,Risaralda,Damaged,Residential,Pleiades,2026/08/11 15:54 UTC,Photo-interpretation,© ICube-SERTIT 2026,4.812693514000046,-75.68704305699998,2026-08-21T09:23:55Z,2026-08-31
1bb3d8ca195d626bea942b16e6e64ca8ef606cd2ce85c2d120081ebaacba6aba,UrbanP,11,3244,Pereira,Risaralda,Damaged,Residential,Pleiades,2026/08/11 15:54 UTC,Photo-interpretation,© ICube-SERTIT 2026,4.811498784000037,-75.68620014699997,2026-08-21T09:23:55Z,2026-08-31
1bb3d8ca195d626bea942b16e6e64ca8ef606cd2ce85c2d120081ebaacba6aba,UrbanP,12,3244,Pereira,Risaralda,Damaged,Residential,Pleiades,2026/08/11 15:54 UTC,Photo-interpretation,© ICube-SERTIT 2026,4.811523128000033,-75.68635894699997,2026-08-21T09:23:55Z,2026-08-31
1bb3d8ca195d626bea942b16e6e64ca8ef606cd2ce85c2d120081ebaacba6aba,UrbanP,13,3244,Pereira,Risaralda,Possibly damaged,Residential,Pleiades,2026/08/11 15:54 UTC,Photo-interpretation,© ICube-SERTIT 2026,4.811443162000046,-75.68668455899996,2026-08-21T09:23:55Z,2026-08-31
1bb3d8ca195d626bea942b16e6e64ca8ef606cd2ce85c2d120081ebaacba6aba,UrbanP,14,3244,Pereira,Risaralda,Damaged,Residential,Pleiades,2026/08/11 15:54 UTC,Photo-interpretation,© ICube-SERTIT 2026,4.811378856000033,-75.68666820999994,2026-08-21T09:23:55Z,2026-08-31
1bb3d8ca195d626bea942b16e6e64ca8ef606cd2ce85c2d120081ebaacba6aba,UrbanP,15,3244,Pereira,Risaralda,Possibly damaged,Residential,Pleiades,2026/08/11 15:54 UTC,Photo-interpretation,© ICube-SERTIT 2026,4.811751212000047,-75.68697188499993,2026-08-21T09:23:55Z,2026-08-31
1bb3d8ca195d626bea942b16e6e64ca8ef606cd2ce85c2d120081ebaacba6aba,UrbanP,16,3244,Pereira,Risaralda,Damaged,Residential,Pleiades,2026/08/11 15:54 UTC,Photo-interpretation,© ICube-SERTIT 2026,4.811867135000057,-75.68844779699998,2026-08-21T09:23:55Z,2026-08-31
1bb3d8ca195d626bea942b16e6e64ca8ef606cd2ce85c2d120081ebaacba6aba,UrbanP,17,3244,Pereira,Risaralda,Possibly damaged,Residential,Pleiades,2026/08/11 15:54 UTC,Photo-interpretation,© ICube-SERTIT 2026,4.812483889000021,-75.68837208199994,2026-08-21T09:23:55Z,2026-08-31
1bb3d8ca195d626bea942b16e6e64ca8ef606cd2ce85c2d120081ebaacba6aba,UrbanP,18,3244,Pereira,Risaralda,Possibly damaged,Residential,Pleiades,2026/08/11 15:54 UTC,Photo-interpretation,© ICube-SERTIT 2026,4.810860448000028,-75.68742797899995,2026-08-21T09:23:55Z,2026-08-31
1bb3d8ca195d626bea942b16e6e64ca8ef606cd2ce85c2d120081ebaacba6aba,UrbanP,19,3244,Pereira,Risaralda,Damaged,Residential,Pleiades,2026/08/11 15:54 UTC,Photo-interpretation,© ICube-SERTIT 2026,4.810086523000052,-75.68845313299994,2026-08-21T09:23:55Z,2026-08-31
1bb3d8ca195d626bea942b16e6e64ca8ef606cd2ce85c2d120081ebaacba6aba,UrbanP,20,3244,Pereira,Risaralda,Damaged,Residential,Pleiades,2026/08/11 15:54 UTC,Photo-interpretation,© ICube-SERTIT 2026,4.810354360000076,-75.68710788599998,2026-08-21T09:23:55Z,2026-08-31
1bb3d8ca195d626bea942b16e6e64ca8ef606cd2ce85c2d120081ebaacba6aba,UrbanP,21,3244,Pereira,Risaralda,Possibly damaged,Residential,Pleiades,2026/08/11 15:54 UTC,Photo-interpretation,© ICube-SERTIT 2026,4.810352375000036,-75.68705088799999,2026-08-21T09:23:55Z,2026-08-31
1bb3d8ca195d626bea942b16e6e64ca8ef606cd2ce85c2d120081ebaacba6aba,UrbanP,22,3244,Pereira,Risaralda,Destroyed,Residential,Pleiades,2026/08/11 15:54 UTC,Photo-interpretation,© ICube-SERTIT 2026,4.809394087000044,-75.68613740099994,2026-08-21T09:23:55Z,2026-08-31
1bb3d8ca195d626bea942b16e6e64ca8ef606cd2ce85c2d120081ebaacba6aba,UrbanP,23,3244,Pereira,Risaralda,Destroyed,Residential,Pleiades,2026/08/11 15:54 UTC,Photo-interpretation,© ICube-SERTIT 2026,4.809617741000068,-75.68626509899997,2026-08-21T09:23:55Z,2026-08-31
1bb3d8ca195d626bea942b16e6e64ca8ef606cd2ce85c2d120081ebaacba6aba,UrbanP,24,3244,Pereira,Risaralda,Possibly damaged,Residential,Pleiades,2026/08/11 15:54 UTC,Photo-interpretation,© ICube-SERTIT 2026,4.809260164000023,-75.68549841299995,2026-08-21T09:23:55Z,2026-08-31
1bb3d8ca195d626bea942b16e6e64ca8ef606cd2ce85c2d120081ebaacba6aba,UrbanP,25,3244,Pereira,Risaralda,Damaged,Residential,Pleiades,2026/08/11 15:54 UTC,Photo-interpretation,© ICube-SERTIT 2026,4.809353978000047,-75.68632273899993,2026-08-21T09:23:55Z,2026-08-31
1bb3d8ca195d626bea942b16e6e64ca8ef606cd2ce85c2d120081ebaacba6aba,UrbanP,26,3244,Pereira,Risaralda,Damaged,Residential,Pleiades,2026/08/11 15:54 UTC,Photo-interpretation,© ICube-SERTIT 2026,4.809377682000047,-75.68643771399996,2026-08-21T09:23:55Z,2026-08-31
1bb3d8ca195d626bea942b16e6e64ca8ef606cd2ce85c2d120081ebaacba6aba,UrbanP,27,3244,Pereira,Risaralda,Possibly damaged,Residential,Pleiades,2026/08/11 15:54 UTC,Photo-interpretation,© ICube-SERTIT 2026,4.80944368300004,-75.68702116799994,2026-08-21T09:23:55Z,2026-08-31
1bb3d8ca195d626bea942b16e6e64ca8ef606cd2ce85c2d120081ebaacba6aba,UrbanP,28,3244,Pereira,Risaralda,Destroyed,Residential,Pleiades,2026/08/11 15:54 UTC,Photo-interpretation,© ICube-SERTIT 2026,4.809360322000032,-75.68815031799994,2026-08-21T09:23:55Z,2026-08-31
1bb3d8ca195d626bea942b16e6e64ca8ef606cd2ce85c2d120081ebaacba6aba,UrbanP,29,3244,Pereira,Risaralda,Damaged,Residential,Pleiades,2026/08/11 15:54 UTC,Photo-interpretation,© ICube-SERTIT 2026,4.809230219000028,-75.68879162399998,2026-08-21T09:23:55Z,2026-08-31
1bb3d8ca195d626bea942b16e6e64ca8ef606cd2ce85c2d120081ebaacba6aba,UrbanP,30,3244,Pereira,Risaralda,Possibly damaged,Residential,Pleiades,2026/08/11 15:54 UTC,Photo-interpretation,© ICube-SERTIT 2026,4.808642595000038,-75.68855435299997,2026-08-21T09:23:55Z,2026-08-31
1bb3d8ca195d626bea942b16e6e64ca8ef606cd2ce85c2d120081ebaacba6aba,UrbanP,31,3244,Pereira,Risaralda,Damaged,Residential,Pleiades,2026/08/11 15:54 UTC,Photo-interpretation,© ICube-SERTIT 2026,4.808179617000064,-75.68859088899995,2026-08-21T09:23:55Z,2026-08-31
1bb3d8ca195d626bea942b16e6e64ca8ef606cd2ce85c2d120081ebaacba6aba,UrbanP,32,3244,Pereira,Risaralda,Damaged,Residential,Pleiades,2026/08/11 15:54 UTC,Photo-interpretation,© ICube-SERTIT 2026,4.807794809000029,-75.68830699199998,2026-08-21T09:23:55Z,2026-08-31
1bb3d8ca195d626bea942b16e6e64ca8ef606cd2ce85c2d120081ebaacba6aba,UrbanP,33,3244,Pereira,Risaralda,Damaged,Residential,Pleiades,2026/08/11 15:54 UTC,Photo-interpretation,© ICube-SERTIT 2026,4.808154904000048,-75.68785921199998,2026-08-21T09:23:55Z,2026-08-31
1bb3d8ca195d626bea942b16e6e64ca8ef606cd2ce85c2d120081ebaacba6aba,UrbanP,34,3244,Pereira,Risaralda,Possibly damaged,Residential,Pleiades,2026/08/11 15:54 UTC,Photo-interpretation,© ICube-SERTIT 2026,4.807719367000061,-75.68725653499996,2026-08-21T09:23:55Z,2026-08-31
1bb3d8ca195d626bea942b16e6e64ca8ef606cd2ce85c2d120081ebaacba6aba,UrbanP,35,3244,Pereira,Risaralda,Possibly damaged,Residential,Pleiades,2026/08/11 15:54 UTC,Photo-interpretation,© ICube-SERTIT 2026,4.806246958000031,-75.685515663,2026-08-21T09:23:55Z,2026-08-31
1bb3d8ca195d626bea942b16e6e64ca8ef606cd2ce85c2d120081ebaacba6aba,UrbanP,36,3244,Pereira,Risaralda,Damaged,Residential,Pleiades,2026/08/11 15:54 UTC,Photo-interpretation,© ICube-SERTIT 2026,4.80607556800004,-75.68805716799994,2026-08-21T09:23:55Z,2026-08-31
1bb3d8ca195d626bea942b16e6e64ca8ef606cd2ce85c2d120081ebaacba6aba,UrbanP,37,3244,Pereira,Risaralda,Damaged,Residential,Pleiades,2026/08/11 15:54 UTC,Photo-interpretation,© ICube-SERTIT 2026,4.804570817000069,-75.68691196899994,2026-08-21T09:23:55Z,2026-08-31
1bb3d8ca195d626bea942b16e6e64ca8ef606cd2ce85c2d120081ebaacba6aba,UrbanP,38,3244,Pereira,Risaralda,Possibly damaged,Residential,Pleiades,2026/08/11 15:54 UTC,Photo-interpretation,© ICube-SERTIT 2026,4.803764127000022,-75.68642941099995,2026-08-21T09:23:55Z,2026-08-31
1bb3d8ca195d626bea942b16e6e64ca8ef606cd2ce85c2d120081ebaacba6aba,UrbanP,39,3244,Pereira,Risaralda,Possibly damaged,Residential,Pleiades,2026/08/11 15:54 UTC,Photo-interpretation,© ICube-SERTIT 2026,4.802956798000025,-75.68926917499994,2026-08-21T09:23:55Z,2026-08-31
1bb3d8ca195d626bea942b16e6e64ca8ef606cd2ce85c2d120081ebaacba6aba,UrbanP,40,3244,Pereira,Risaralda,Possibly damaged,Residential,Pleiades,2026/08/11 15:54 UTC,Photo-interpretation,© ICube-SERTIT 2026,4.805155151000065,-75.68914588399997,2026-08-21T09:23:55Z,2026-08-31
1bb3d8ca195d626bea942b16e6e64ca8ef606cd2ce85c2d120081ebaacba6aba,UrbanP,41,3244,Pereira,Risaralda,Possibly damaged,Residential,Pleiades,2026/08/11 15:54 UTC,Photo-interpretation,© ICube-SERTIT 2026,4.805629838000073,-75.68910361099995,2026-08-21T09:23:55Z,2026-08-31
1bb3d8ca195d626bea942b16e6e64ca8ef606cd2ce85c2d120081ebaacba6aba,UrbanP,42,3244,Pereira,Risaralda,Damaged,Residential,Pleiades,2026/08/11 15:54 UTC,Photo-interpretation,© ICube-SERTIT 2026,4.805500246000065,-75.69012712699998,2026-08-21T09:23:55Z,2026-08-31
1bb3d8ca195d626bea942b16e6e64ca8ef606cd2ce85c2d120081ebaacba6aba,UrbanP,43,3244,Pereira,Risaralda,Damaged,Residential,Pleiades,2026/08/11 15:54 UTC,Photo-interpretation,© ICube-SERTIT 2026,4.805749253000045,-75.69189949799994,2026-08-21T09:23:55Z,2026-08-31
1bb3d8ca195d626bea942b16e6e64ca8ef606cd2ce85c2d120081ebaacba6aba,UrbanP,44,3244,Pereira,Risaralda,Damaged,Residential,Pleiades,2026/08/11 15:54 UTC,Photo-interpretation,© ICube-SERTIT 2026,4.80579209900003,-75.69242315699995,2026-08-21T09:23:55Z,2026-08-31
1bb3d8ca195d626bea942b16e6e64ca8ef606cd2ce85c2d120081ebaacba6aba,UrbanP,45,3244,Pereira,Risaralda,Destroyed,Residential,Pleiades,2026/08/11 15:54 UTC,Photo-interpretation,© ICube-SERTIT 2026,4.805834401000027,-75.69270544999995,2026-08-21T09:23:55Z,2026-08-31
1bb3d8ca195d626bea942b16e6e64ca8ef606cd2ce85c2d120081ebaacba6aba,UrbanP,46,3244,Pereira,Risaralda,Damaged,Residential,Pleiades,2026/08/11 15:54 UTC,Photo-interpretation,© ICube-SERTIT 2026,4.805661909000037,-75.69325405099994,2026-08-21T09:23:55Z,2026-08-31
1bb3d8ca195d626bea942b16e6e64ca8ef606cd2ce85c2d120081ebaacba6aba,UrbanP,47,3244,Pereira,Risaralda,Damaged,Residential,Pleiades,2026/08/11 15:54 UTC,Photo-interpretation,© ICube-SERTIT 2026,4.805535321000036,-75.69286946599993,2026-08-21T09:23:55Z,2026-08-31
1bb3d8ca195d626bea942b16e6e64ca8ef606cd2ce85c2d120081ebaacba6aba,UrbanP,48,3244,Pereira,Risaralda,Possibly damaged,Residential,Pleiades,2026/08/11 15:54 UTC,Photo-interpretation,© ICube-SERTIT 2026,4.805211632000066,-75.69319069899996,2026-08-21T09:23:55Z,2026-08-31
1bb3d8ca195d626bea942b16e6e64ca8ef606cd2ce85c2d120081ebaacba6aba,UrbanP,49,3244,Pereira,Risaralda,Damaged,Residential,Pleiades,2026/08/11 15:54 UTC,Photo-interpretation,© ICube-SERTIT 2026,4.80529236700005,-75.69290695799998,2026-08-21T09:23:55Z,2026-08-31
1bb3d8ca195d626bea942b16e6e64ca8ef606cd2ce85c2d120081ebaacba6aba,UrbanP,50,3244,Pereira,Risaralda,Possibly damaged,Residential,Pleiades,2026/08/11 15:54 UTC,Photo-interpretation,© ICube-SERTIT 2026,4.803296560000035,-75.69303083499995,2026-08-21T09:23:55Z,2026-08-31
1bb3d8ca195d626bea942b16e6e64ca8ef606cd2ce85c2d120081ebaacba6aba,UrbanP,51,3244,Pereira,Risaralda,Possibly damaged,Residential,Pleiades,2026/08/11 15:54 UTC,Photo-interpretation,© ICube-SERTIT 2026,4.805918954000049,-75.68943253699996,2026-08-21T09:23:55Z,2026-08-31
1bb3d8ca195d626bea942b16e6e64ca8ef606cd2ce85c2d120081ebaacba6aba,UrbanP,52,3244,Pereira,Risaralda,Possibly damaged,Residential,Pleiades,2026/08/11 15:54 UTC,Photo-interpretation,© ICube-SERTIT 2026,4.80590212900006,-75.69047189199995,2026-08-21T09:23:55Z,2026-08-31
1bb3d8ca195d626bea942b16e6e64ca8ef606cd2ce85c2d120081ebaacba6aba,UrbanP,53,3244,Pereira,Risaralda,Damaged,Residential,Pleiades,2026/08/11 15:54 UTC,Photo-interpretation,© ICube-SERTIT 2026,4.805914078000058,-75.69190988499997,2026-08-21T09:23:55Z,2026-08-31
1bb3d8ca195d626bea942b16e6e64ca8ef606cd2ce85c2d120081ebaacba6aba,UrbanP,54,3244,Pereira,Risaralda,Damaged,Residential,Pleiades,2026/08/11 15:54 UTC,Photo-interpretation,© ICube-SERTIT 2026,4.80648762900006,-75.69251584599994,2026-08-21T09:23:55Z,2026-08-31
1bb3d8ca195d626bea942b16e6e64ca8ef606cd2ce85c2d120081ebaacba6aba,UrbanP,55,3244,Pereira,Risaralda,Damaged,Residential,Pleiades,2026/08/11 15:54 UTC,Photo-interpretation,© ICube-SERTIT 2026,4.806379899000035,-75.69297645699999,2026-08-21T09:23:55Z,2026-08-31
1bb3d8ca195d626bea942b16e6e64ca8ef606cd2ce85c2d120081ebaacba6aba,UrbanP,56,3244,Pereira,Risaralda,Destroyed,Residential,Pleiades,2026/08/11 15:54 UTC,Photo-interpretation,© ICube-SERTIT 2026,4.806659222000064,-75.69285251799994,2026-08-21T09:23:55Z,2026-08-31
1bb3d8ca195d626bea942b16e6e64ca8ef606cd2ce85c2d120081ebaacba6aba,UrbanP,57,3244,Pereira,Risaralda,Destroyed,Residential,Pleiades,2026/08/11 15:54 UTC,Photo-interpretation,© ICube-SERTIT 2026,4.806659326000045,-75.69274952399996,2026-08-21T09:23:55Z,2026-08-31
1bb3d8ca195d626bea942b16e6e64ca8ef606cd2ce85c2d120081ebaacba6aba,UrbanP,58,3244,Pereira,Risaralda,Possibly damaged,Residential,Pleiades,2026/08/11 15:54 UTC,Photo-interpretation,© ICube-SERTIT 2026,4.807795546000023,-75.69205752699997,2026-08-21T09:23:55Z,2026-08-31
1bb3d8ca195d626bea942b16e6e64ca8ef606cd2ce85c2d120081ebaacba6aba,UrbanP,59,3244,Pereira,Risaralda,Possibly damaged,Residential,Pleiades,2026/08/11 15:54 UTC,Photo-interpretation,© ICube-SERTIT 2026,4.80737534900004,-75.69207960799997,2026-08-21T09:23:55Z,2026-08-31
1bb3d8ca195d626bea942b16e6e64ca8ef606cd2ce85c2d120081ebaacba6aba,UrbanP,60,3244,Pereira,Risaralda,Destroyed,Residential,Pleiades,2026/08/11 15:54 UTC,Photo-interpretation,© ICube-SERTIT 2026,4.808531925000068,-75.69250454499996,2026-08-21T09:23:55Z,2026-08-31
1bb3d8ca195d626bea942b16e6e64ca8ef606cd2ce85c2d120081ebaacba6aba,UrbanP,61,3244,Pereira,Risaralda,Damaged,Residential,Pleiades,2026/08/11 15:54 UTC,Photo-interpretation,© ICube-SERTIT 2026,4.808250973000042,-75.69268037299997,2026-08-21T09:23:55Z,2026-08-31
1bb3d8ca195d626bea942b16e6e64ca8ef606cd2ce85c2d120081ebaacba6aba,UrbanP,62,3244,Pereira,Risaralda,Destroyed,Residential,Pleiades,2026/08/11 15:54 UTC,Photo-interpretation,© ICube-SERTIT 2026,4.808219686000029,-75.69242324999993,2026-08-21T09:23:55Z,2026-08-31
1bb3d8ca195d626bea942b16e6e64ca8ef606cd2ce85c2d120081ebaacba6aba,UrbanP,63,3244,Pereira,Risaralda,Damaged,Residential,Pleiades,2026/08/11 15:54 UTC,Photo-interpretation,© ICube-SERTIT 2026,4.808148822000021,-75.69230760499994,2026-08-21T09:23:55Z,2026-08-31
1bb3d8ca195d626bea942b16e6e64ca8ef606cd2ce85c2d120081ebaacba6aba,UrbanP,64,3244,Pereira,Risaralda,Damaged,Residential,Pleiades,2026/08/11 15:54 UTC,Photo-interpretation,© ICube-SERTIT 2026,4.807798473000048,-75.69160177199996,2026-08-21T09:23:55Z,2026-08-31
1bb3d8ca195d626bea942b16e6e64ca8ef606cd2ce85c2d120081ebaacba6aba,UrbanP,65,3244,Pereira,Risaralda,Damaged,Residential,Pleiades,2026/08/11 15:54 UTC,Photo-interpretation,© ICube-SERTIT 2026,4.808700550000026,-75.69110289499997,2026-08-21T09:23:55Z,2026-08-31
1bb3d8ca195d626bea942b16e6e64ca8ef606cd2ce85c2d120081ebaacba6aba,UrbanP,66,3244,Pereira,Risaralda,Damaged,Residential,Pleiades,2026/08/11 15:54 UTC,Photo-interpretation,© ICube-SERTIT 2026,4.80857072200007,-75.69080164399998,2026-08-21T09:23:55Z,2026-08-31
1bb3d8ca195d626bea942b16e6e64ca8ef606cd2ce85c2d120081ebaacba6aba,UrbanP,67,3244,Pereira,Risaralda,Damaged,Residential,Pleiades,2026/08/11 15:54 UTC,Photo-interpretation,© ICube-SERTIT 2026,4.808180761000074,-75.69080247799997,2026-08-21T09:23:55Z,2026-08-31
1bb3d8ca195d626bea942b16e6e64ca8ef606cd2ce85c2d120081ebaacba6aba,UrbanP,68,3244,Pereira,Risaralda,Damaged,Residential,Pleiades,2026/08/11 15:54 UTC,Photo-interpretation,© ICube-SERTIT 2026,4.807903646000057,-75.68986930899996,2026-08-21T09:23:55Z,2026-08-31
1bb3d8ca195d626bea942b16e6e64ca8ef606cd2ce85c2d120081ebaacba6aba,UrbanP,69,3244,Pereira,Risaralda,Damaged,Residential,Pleiades,2026/08/11 15:54 UTC,Photo-interpretation,© ICube-SERTIT 2026,4.807896409000023,-75.69000688899996,2026-08-21T09:23:55Z,2026-08-31
1bb3d8ca195d626bea942b16e6e64ca8ef606cd2ce85c2d120081ebaacba6aba,UrbanP,70,3244,Pereira,Risaralda,Damaged,Residential,Pleiades,2026/08/11 15:54 UTC,Photo-interpretation,© ICube-SERTIT 2026,4.808128670000031,-75.68884588399999,2026-08-21T09:23:55Z,2026-08-31
1bb3d8ca195d626bea942b16e6e64ca8ef606cd2ce85c2d120081ebaacba6aba,UrbanP,71,3244,Pereira,Risaralda,Damaged,Residential,Pleiades,2026/08/11 15:54 UTC,Photo-interpretation,© ICube-SERTIT 2026,4.808080035000046,-75.68858402599994,2026-08-21T09:23:55Z,2026-08-31
1bb3d8ca195d626bea942b16e6e64ca8ef606cd2ce85c2d120081ebaacba6aba,UrbanP,72,3244,Pereira,Risaralda,Damaged,Residential,Pleiades,2026/08/11 15:54 UTC,Photo-interpretation,© ICube-SERTIT 2026,4.808839109000075,-75.68901484799994,2026-08-21T09:23:55Z,2026-08-31
1bb3d8ca195d626bea942b16e6e64ca8ef606cd2ce85c2d120081ebaacba6aba,UrbanP,73,3244,Pereira,Risaralda,Possibly damaged,Residential,Pleiades,2026/08/11 15:54 UTC,Photo-interpretation,© ICube-SERTIT 2026,4.809190319000038,-75.69033289799995,2026-08-21T09:23:55Z,2026-08-31
1bb3d8ca195d626bea942b16e6e64ca8ef606cd2ce85c2d120081ebaacba6aba,UrbanP,74,3244,Pereira,Risaralda,Possibly damaged,Residential,Pleiades,2026/08/11 15:54 UTC,Photo-interpretation,© ICube-SERTIT 2026,4.808961622000027,-75.69030986699994,2026-08-21T09:23:55Z,2026-08-31
1bb3d8ca195d626bea942b16e6e64ca8ef606cd2ce85c2d120081ebaacba6aba,UrbanP,75,3244,Pereira,Risaralda,Damaged,Residential,Pleiades,2026/08/11 15:54 UTC,Photo-interpretation,© ICube-SERTIT 2026,4.809198520000052,-75.69080148999996,2026-08-21T09:23:55Z,2026-08-31
1bb3d8ca195d626bea942b16e6e64ca8ef606cd2ce85c2d120081ebaacba6aba,UrbanP,76,3244,Pereira,Risaralda,Destroyed,Residential,Pleiades,2026/08/11 15:54 UTC,Photo-interpretation,© ICube-SERTIT 2026,4.809159236000028,-75.69065285599999,2026-08-21T09:23:55Z,2026-08-31
1bb3d8ca195d626bea942b16e6e64ca8ef606cd2ce85c2d120081ebaacba6aba,UrbanP,77,3244,Pereira,Risaralda,Damaged,Residential,Pleiades,2026/08/11 15:54 UTC,Photo-interpretation,© ICube-SERTIT 2026,4.809357989000034,-75.69064991199997,2026-08-21T09:23:55Z,2026-08-31
1bb3d8ca195d626bea942b16e6e64ca8ef606cd2ce85c2d120081ebaacba6aba,UrbanP,78,3244,Pereira,Risaralda,Damaged,Residential,Pleiades,2026/08/11 15:54 UTC,Photo-interpretation,© ICube-SERTIT 2026,4.809783515000049,-75.69101121299997,2026-08-21T09:23:55Z,2026-08-31
1bb3d8ca195d626bea942b16e6e64ca8ef606cd2ce85c2d120081ebaacba6aba,UrbanP,79,3244,Pereira,Risaralda,Damaged,Residential,Pleiades,2026/08/11 15:54 UTC,Photo-interpretation,© ICube-SERTIT 2026,4.809980223000025,-75.69146898899999,2026-08-21T09:23:55Z,2026-08-31
1bb3d8ca195d626bea942b16e6e64ca8ef606cd2ce85c2d120081ebaacba6aba,UrbanP,80,3244,Pereira,Risaralda,Damaged,Residential,Pleiades,2026/08/11 15:54 UTC,Photo-interpretation,© ICube-SERTIT 2026,4.809917560000031,-75.69182036499996,2026-08-21T09:23:55Z,2026-08-31
1bb3d8ca195d626bea942b16e6e64ca8ef606cd2ce85c2d120081ebaacba6aba,UrbanP,81,3244,Pereira,Risaralda,Damaged,Residential,Pleiades,2026/08/11 15:54 UTC,Photo-interpretation,© ICube-SERTIT 2026,4.809856917000047,-75.69173539199994,2026-08-21T09:23:55Z,2026-08-31
1bb3d8ca195d626bea942b16e6e64ca8ef606cd2ce85c2d120081ebaacba6aba,UrbanP,82,3244,Pereira,Risaralda,Damaged,Residential,Pleiades,2026/08/11 15:54 UTC,Photo-interpretation,© ICube-SERTIT 2026,4.809860529000048,-75.69206167499993,2026-08-21T09:23:55Z,2026-08-31
1bb3d8ca195d626bea942b16e6e64ca8ef606cd2ce85c2d120081ebaacba6aba,UrbanP,83,3244,Pereira,Risaralda,Damaged,Residential,Pleiades,2026/08/11 15:54 UTC,Photo-interpretation,© ICube-SERTIT 2026,4.809394132000023,-75.69233795199995,2026-08-21T09:23:55Z,2026-08-31
1bb3d8ca195d626bea942b16e6e64ca8ef606cd2ce85c2d120081ebaacba6aba,UrbanP,84,3244,Pereira,Risaralda,Damaged,Residential,Pleiades,2026/08/11 15:54 UTC,Photo-interpretation,© ICube-SERTIT 2026,4.809416709000061,-75.69262887399998,2026-08-21T09:23:55Z,2026-08-31
1bb3d8ca195d626bea942b16e6e64ca8ef606cd2ce85c2d120081ebaacba6aba,UrbanP,85,3244,Pereira,Risaralda,Damaged,Residential,Pleiades,2026/08/11 15:54 UTC,Photo-interpretation,© ICube-SERTIT 2026,4.809402634000037,-75.69250856899998,2026-08-21T09:23:55Z,2026-08-31
1bb3d8ca195d626bea942b16e6e64ca8ef606cd2ce85c2d120081ebaacba6aba,UrbanP,86,3244,Pereira,Risaralda,Destroyed,Residential,Pleiades,2026/08/11 15:54 UTC,Photo-interpretation,© ICube-SERTIT 2026,4.810006126000076,-75.69314286899998,2026-08-21T09:23:55Z,2026-08-31
1bb3d8ca195d626bea942b16e6e64ca8ef606cd2ce85c2d120081ebaacba6aba,UrbanP,87,3244,Pereira,Risaralda,Damaged,Residential,Pleiades,2026/08/11 15:54 UTC,Photo-interpretation,© ICube-SERTIT 2026,4.810163787000022,-75.69321771899996,2026-08-21T09:23:55Z,2026-08-31
1bb3d8ca195d626bea942b16e6e64ca8ef606cd2ce85c2d120081ebaacba6aba,UrbanP,88,3244,Pereira,Risaralda,Damaged,Residential,Pleiades,2026/08/11 15:54 UTC,Photo-interpretation,© ICube-SERTIT 2026,4.809931225000071,-75.69311841999996,2026-08-21T09:23:55Z,2026-08-31
1bb3d8ca195d626bea942b16e6e64ca8ef606cd2ce85c2d120081ebaacba6aba,UrbanP,89,3244,Pereira,Risaralda,Damaged,Residential,Pleiades,2026/08/11 15:54 UTC,Photo-interpretation,© ICube-SERTIT 2026,4.810608864000073,-75.68971277299994,2026-08-21T09:23:55Z,2026-08-31
1bb3d8ca195d626bea942b16e6e64ca8ef606cd2ce85c2d120081ebaacba6aba,UrbanP,90,3244,Pereira,Risaralda,Possibly damaged,Residential,Pleiades,2026/08/11 15:54 UTC,Photo-interpretation,© ICube-SERTIT 2026,4.810961322000026,-75.68970084299997,2026-08-21T09:23:55Z,2026-08-31
1bb3d8ca195d626bea942b16e6e64ca8ef606cd2ce85c2d120081ebaacba6aba,UrbanP,91,3244,Pereira,Risaralda,Damaged,Residential,Pleiades,2026/08/11 15:54 UTC,Photo-interpretation,© ICube-SERTIT 2026,4.810730091000039,-75.69008757699999,2026-08-21T09:23:55Z,2026-08-31
1bb3d8ca195d626bea942b16e6e64ca8ef606cd2ce85c2d120081ebaacba6aba,UrbanP,92,3244,Pereira,Risaralda,Possibly damaged,Residential,Pleiades,2026/08/11 15:54 UTC,Photo-interpretation,© ICube-SERTIT 2026,4.810895836000043,-75.68996902499998,2026-08-21T09:23:55Z,2026-08-31
1bb3d8ca195d626bea942b16e6e64ca8ef606cd2ce85c2d120081ebaacba6aba,UrbanP,93,3244,Pereira,Risaralda,Possibly damaged,Residential,Pleiades,2026/08/11 15:54 UTC,Photo-interpretation,© ICube-SERTIT 2026,4.81230787100003,-75.69280004699993,2026-08-21T09:23:55Z,2026-08-31
1bb3d8ca195d626bea942b16e6e64ca8ef606cd2ce85c2d120081ebaacba6aba,UrbanP,94,3244,Pereira,Risaralda,Damaged,Residential,Pleiades,2026/08/11 15:54 UTC,Photo-interpretation,© ICube-SERTIT 2026,4.813531435000073,-75.69264438499994,2026-08-21T09:23:55Z,2026-08-31
1bb3d8ca195d626bea942b16e6e64ca8ef606cd2ce85c2d120081ebaacba6aba,UrbanP,95,3244,Pereira,Risaralda,Destroyed,Residential,Pleiades,2026/08/11 15:54 UTC,Photo-interpretation,© ICube-SERTIT 2026,4.813139699000033,-75.69148475699996,2026-08-21T09:23:55Z,2026-08-31
1bb3d8ca195d626bea942b16e6e64ca8ef606cd2ce85c2d120081ebaacba6aba,UrbanP,96,3244,Pereira,Risaralda,Destroyed,Residential,Pleiades,2026/08/11 15:54 UTC,Photo-interpretation,© ICube-SERTIT 2026,4.813422862000039,-75.69146145699995,2026-08-21T09:23:55Z,2026-08-31
1bb3d8ca195d626bea942b16e6e64ca8ef606cd2ce85c2d120081ebaacba6aba,UrbanP,97,3244,Pereira,Risaralda,Destroyed,Residential,Pleiades,2026/08/11 15:54 UTC,Photo-interpretation,© ICube-SERTIT 2026,4.813317179000023,-75.69146056399995,2026-08-21T09:23:55Z,2026-08-31
1bb3d8ca195d626bea942b16e6e64ca8ef606cd2ce85c2d120081ebaacba6aba,UrbanP,98,3244,Pereira,Risaralda,Damaged,Residential,Pleiades,2026/08/11 15:54 UTC,Photo-interpretation,© ICube-SERTIT 2026,4.813212398000076,-75.69134724199995,2026-08-21T09:23:55Z,2026-08-31
1bb3d8ca195d626bea942b16e6e64ca8ef606cd2ce85c2d120081ebaacba6aba,UrbanP,99,3244,Pereira,Risaralda,Damaged,Residential,Pleiades,2026/08/11 15:54 UTC,Photo-interpretation,© ICube-SERTIT 2026,4.81337172800005,-75.69133246499996,2026-08-21T09:23:55Z,2026-08-31
1bb3d8ca195d626bea942b16e6e64ca8ef606cd2ce85c2d120081ebaacba6aba,UrbanP,100,3244,Pereira,Risaralda,Damaged,Residential,Pleiades,2026/08/11 15:54 UTC,Photo-interpretation,© ICube-SERTIT 2026,4.813367306000032,-75.69102740699998,2026-08-21T09:23:55Z,2026-08-31
1bb3d8ca195d626bea942b16e6e64ca8ef606cd2ce85c2d120081ebaacba6aba,UrbanP,101,3244,Pereira,Risaralda,Damaged,Residential,Pleiades,2026/08/11 15:54 UTC,Photo-interpretation,© ICube-SERTIT 2026,4.813323017000073,-75.69114765399996,2026-08-21T09:23:55Z,2026-08-31
1bb3d8ca195d626bea942b16e6e64ca8ef606cd2ce85c2d120081ebaacba6aba,UrbanP,102,3244,Pereira,Risaralda,Damaged,Residential,Pleiades,2026/08/11 15:54 UTC,Photo-interpretation,© ICube-SERTIT 2026,4.812992370000075,-75.69074831399996,2026-08-21T09:23:55Z,2026-08-31
1bb3d8ca195d626bea942b16e6e64ca8ef606cd2ce85c2d120081ebaacba6aba,UrbanP,103,3244,Pereira,Risaralda,Destroyed,Residential,Pleiades,2026/08/11 15:54 UTC,Photo-interpretation,© ICube-SERTIT 2026,4.812738017000072,-75.69016586199996,2026-08-21T09:23:55Z,2026-08-31
1bb3d8ca195d626bea942b16e6e64ca8ef606cd2ce85c2d120081ebaacba6aba,UrbanP,104,3244,Pereira,Risaralda,Destroyed,Residential,Pleiades,2026/08/11 15:54 UTC,Photo-interpretation,© ICube-SERTIT 2026,4.812476974000049,-75.69102665599996,2026-08-21T09:23:55Z,2026-08-31
1bb3d8ca195d626bea942b16e6e64ca8ef606cd2ce85c2d120081ebaacba6aba,UrbanP,105,3244,Pereira,Risaralda,Destroyed,Residential,Pleiades,2026/08/11 15:54 UTC,Photo-interpretation,© ICube-SERTIT 2026,4.812451170000031,-75.69095292199995,2026-08-21T09:23:55Z,2026-08-31
1bb3d8ca195d626bea942b16e6e64ca8ef606cd2ce85c2d120081ebaacba6aba,UrbanP,106,3244,Pereira,Risaralda,Possibly damaged,Residential,Pleiades,2026/08/11 15:54 UTC,Photo-interpretation,© ICube-SERTIT 2026,4.812377833000028,-75.69043675899997,2026-08-21T09:23:55Z,2026-08-31
1bb3d8ca195d626bea942b16e6e64ca8ef606cd2ce85c2d120081ebaacba6aba,UrbanP,107,3244,Pereira,Risaralda,Possibly damaged,Residential,Pleiades,2026/08/11 15:54 UTC,Photo-interpretation,© ICube-SERTIT 2026,4.811790104000067,-75.68951389399996,2026-08-21T09:23:55Z,2026-08-31
1bb3d8ca195d626bea942b16e6e64ca8ef606cd2ce85c2d120081ebaacba6aba,UrbanP,108,3244,Pereira,Risaralda,Damaged,Residential,Pleiades,2026/08/11 15:54 UTC,Photo-interpretation,© ICube-SERTIT 2026,4.811732955000025,-75.68923563399994,2026-08-21T09:23:55Z,2026-08-31
1bb3d8ca195d626bea942b16e6e64ca8ef606cd2ce85c2d120081ebaacba6aba,UrbanP,109,3244,Pereira,Risaralda,Damaged,Residential,Pleiades,2026/08/11 15:54 UTC,Photo-interpretation,© ICube-SERTIT 2026,4.81172513000007,-75.68898694399996,2026-08-21T09:23:55Z,2026-08-31
1bb3d8ca195d626bea942b16e6e64ca8ef606cd2ce85c2d120081ebaacba6aba,UrbanP,110,3244,Pereira,Risaralda,Damaged,Residential,Pleiades,2026/08/11 15:54 UTC,Photo-interpretation,© ICube-SERTIT 2026,4.811405450000052,-75.68920667899994,2026-08-21T09:23:55Z,2026-08-31
1bb3d8ca195d626bea942b16e6e64ca8ef606cd2ce85c2d120081ebaacba6aba,UrbanP,111,3244,Pereira,Risaralda,Damaged,Residential,Pleiades,2026/08/11 15:54 UTC,Photo-interpretation,© ICube-SERTIT 2026,4.811134450000054,-75.68920551199994,2026-08-21T09:23:55Z,2026-08-31
1bb3d8ca195d626bea942b16e6e64ca8ef606cd2ce85c2d120081ebaacba6aba,UrbanP,112,3244,Pereira,Risaralda,Damaged,Residential,Pleiades,2026/08/11 15:54 UTC,Photo-interpretation,© ICube-SERTIT 2026,4.811146852000036,-75.68936475299995,2026-08-21T09:23:55Z,2026-08-31
1bb3d8ca195d626bea942b16e6e64ca8ef606cd2ce85c2d120081ebaacba6aba,UrbanP,113,3244,Pereira,Risaralda,Possibly damaged,Residential,Pleiades,2026/08/11 15:54 UTC,Photo-interpretation,© ICube-SERTIT 2026,4.810532103000071,-75.68942496299996,2026-08-21T09:23:55Z,2026-08-31
1bb3d8ca195d626bea942b16e6e64ca8ef606cd2ce85c2d120081ebaacba6aba,UrbanP,114,3244,Pereira,Risaralda,Damaged,Residential,Pleiades,2026/08/11 15:54 UTC,Photo-interpretation,© ICube-SERTIT 2026,4.813435792000064,-75.69161349299998,2026-08-21T09:23:55Z,2026-08-31
1bb3d8ca195d626bea942b16e6e64ca8ef606cd2ce85c2d120081ebaacba6aba,UrbanP,115,3244,Pereira,Risaralda,Damaged,Residential,Pleiades,2026/08/11 15:54 UTC,Photo-interpretation,© ICube-SERTIT 2026,4.81324505300006,-75.69103695399997,2026-08-21T09:23:55Z,2026-08-31
1bb3d8ca195d626bea942b16e6e64ca8ef606cd2ce85c2d120081ebaacba6aba,UrbanP,116,3244,Pereira,Risaralda,Damaged,Residential,Pleiades,2026/08/11 15:54 UTC,Photo-interpretation,© ICube-SERTIT 2026,4.813113417000068,-75.68991122499995,2026-08-21T09:23:55Z,2026-08-31
1bb3d8ca195d626bea942b16e6e64ca8ef606cd2ce85c2d120081ebaacba6aba,UrbanP,117,3244,Pereira,Risaralda,Damaged,Residential,Pleiades,2026/08/11 15:54 UTC,Photo-interpretation,© ICube-SERTIT 2026,4.812710706000075,-75.69010467199996,2026-08-21T09:23:55Z,2026-08-31
1bb3d8ca195d626bea942b16e6e64ca8ef606cd2ce85c2d120081ebaacba6aba,UrbanP,118,3244,Pereira,Risaralda,Damaged,Residential,Pleiades,2026/08/11 15:54 UTC,Photo-interpretation,© ICube-SERTIT 2026,4.812792879000028,-75.68948880399995,2026-08-21T09:23:55Z,2026-08-31
1bb3d8ca195d626bea942b16e6e64ca8ef606cd2ce85c2d120081ebaacba6aba,UrbanP,119,3244,Pereira,Risaralda,Possibly damaged,Residential,Pleiades,2026/08/11 15:54 UTC,Photo-interpretation,© ICube-SERTIT 2026,4.813672654000072,-75.68898004399995,2026-08-21T09:23:55Z,2026-08-31
1bb3d8ca195d626bea942b16e6e64ca8ef606cd2ce85c2d120081ebaacba6aba,UrbanP,120,3244,Pereira,Risaralda,Possibly damaged,Residential,Pleiades,2026/08/11 15:54 UTC,Photo-interpretation,© ICube-SERTIT 2026,4.813142201000062,-75.68936304699997,2026-08-21T09:23:55Z,2026-08-31
1bb3d8ca195d626bea942b16e6e64ca8ef606cd2ce85c2d120081ebaacba6aba,UrbanP,121,3244,Pereira,Risaralda,Damaged,Residential,Pleiades,2026/08/11 15:54 UTC,Photo-interpretation,© ICube-SERTIT 2026,4.814087594000057,-75.69013107299998,2026-08-21T09:23:55Z,2026-08-31
1bb3d8ca195d626bea942b16e6e64ca8ef606cd2ce85c2d120081ebaacba6aba,UrbanP,122,3244,Pereira,Risaralda,Damaged,Residential,Pleiades,2026/08/11 15:54 UTC,Photo-interpretation,© ICube-SERTIT 2026,4.814089409000076,-75.69040309399998,2026-08-21T09:23:55Z,2026-08-31
1bb3d8ca195d626bea942b16e6e64ca8ef606cd2ce85c2d120081ebaacba6aba,UrbanP,123,3244,Pereira,Risaralda,Damaged,Residential,Pleiades,2026/08/11 15:54 UTC,Photo-interpretation,© ICube-SERTIT 2026,4.813719408000054,-75.69133133799994,2026-08-21T09:23:55Z,2026-08-31
1bb3d8ca195d626bea942b16e6e64ca8ef606cd2ce85c2d120081ebaacba6aba,UrbanP,124,3244,Pereira,Risaralda,Damaged,Residential,Pleiades,2026/08/11 15:54 UTC,Photo-interpretation,© ICube-SERTIT 2026,4.813759929000071,-75.69158046999996,2026-08-21T09:23:55Z,2026-08-31
1bb3d8ca195d626bea942b16e6e64ca8ef606cd2ce85c2d120081ebaacba6aba,UrbanP,125,3244,Pereira,Risaralda,Destroyed,Residential,Pleiades,2026/08/11 15:54 UTC,Photo-interpretation,© ICube-SERTIT 2026,4.814220166000041,-75.69239178099997,2026-08-21T09:23:55Z,2026-08-31
1bb3d8ca195d626bea942b16e6e64ca8ef606cd2ce85c2d120081ebaacba6aba,UrbanP,126,3244,Pereira,Risaralda,Damaged,Residential,Pleiades,2026/08/11 15:54 UTC,Photo-interpretation,© ICube-SERTIT 2026,4.813803723000035,-75.69272278599993,2026-08-21T09:23:55Z,2026-08-31
1bb3d8ca195d626bea942b16e6e64ca8ef606cd2ce85c2d120081ebaacba6aba,UrbanP,127,3244,Pereira,Risaralda,Damaged,Residential,Pleiades,2026/08/11 15:54 UTC,Photo-interpretation,© ICube-SERTIT 2026,4.814086495000026,-75.69224260899995,2026-08-21T09:23:55Z,2026-08-31
1bb3d8ca195d626bea942b16e6e64ca8ef606cd2ce85c2d120081ebaacba6aba,UrbanP,128,3244,Pereira,Risaralda,Possibly damaged,Residential,Pleiades,2026/08/11 15:54 UTC,Photo-interpretation,© ICube-SERTIT 2026,4.814062540000066,-75.69317953999996,2026-08-21T09:23:55Z,2026-08-31
1bb3d8ca195d626bea942b16e6e64ca8ef606cd2ce85c2d120081ebaacba6aba,UrbanP,129,3244,Pereira,Risaralda,Damaged,Residential,Pleiades,2026/08/11 15:54 UTC,Photo-interpretation,© ICube-SERTIT 2026,4.811804687000063,-75.68923196599997,2026-08-21T09:23:55Z,2026-08-31
1bb3d8ca195d626bea942b16e6e64ca8ef606cd2ce85c2d120081ebaacba6aba,UrbanP,130,3244,Pereira,Risaralda,Damaged,Residential,Pleiades,2026/08/11 15:54 UTC,Photo-interpretation,© ICube-SERTIT 2026,4.811865585000021,-75.68922402299995,2026-08-21T09:23:55Z,2026-08-31
1bb3d8ca195d626bea942b16e6e64ca8ef606cd2ce85c2d120081ebaacba6aba,UrbanP,131,3244,Pereira,Risaralda,Damaged,Residential,Pleiades,2026/08/11 15:54 UTC,Photo-interpretation,© ICube-SERTIT 2026,4.811763382000038,-75.68905383099997,2026-08-21T09:23:55Z,2026-08-31
1bb3d8ca195d626bea942b16e6e64ca8ef606cd2ce85c2d120081ebaacba6aba,UrbanP,132,3244,Pereira,Risaralda,Damaged,Residential,Pleiades,2026/08/11 15:54 UTC,Photo-interpretation,© ICube-SERTIT 2026,4.811315162000028,-75.68867525999997,2026-08-21T09:23:55Z,2026-08-31
1bb3d8ca195d626bea942b16e6e64ca8ef606cd2ce85c2d120081ebaacba6aba,UrbanP,133,3244,Pereira,Risaralda,Possibly damaged,Residential,Pleiades,2026/08/11 15:54 UTC,Photo-interpretation,© ICube-SERTIT 2026,4.812564566000049,-75.68918645599996,2026-08-21T09:23:55Z,2026-08-31
1bb3d8ca195d626bea942b16e6e64ca8ef606cd2ce85c2d120081ebaacba6aba,UrbanP,134,3244,Pereira,Risaralda,Possibly damaged,Residential,Pleiades,2026/08/11 15:54 UTC,Photo-interpretation,© ICube-SERTIT 2026,4.812721183000065,-75.68849323699999,2026-08-21T09:23:55Z,2026-08-31
1bb3d8ca195d626bea942b16e6e64ca8ef606cd2ce85c2d120081ebaacba6aba,UrbanP,135,3244,Pereira,Risaralda,Possibly damaged,Residential,Pleiades,2026/08/11 15:54 UTC,Photo-interpretation,© ICube-SERTIT 2026,4.812671171000034,-75.68826868199994,2026-08-21T09:23:55Z,2026-08-31
1bb3d8ca195d626bea942b16e6e64ca8ef606cd2ce85c2d120081ebaacba6aba,UrbanP,136,3244,Pereira,Risaralda,Possibly damaged,Residential,Pleiades,2026/08/11 15:54 UTC,Photo-interpretation,© ICube-SERTIT 2026,4.812936035000064,-75.68845805099994,2026-08-21T09:23:55Z,2026-08-31
1bb3d8ca195d626bea942b16e6e64ca8ef606cd2ce85c2d120081ebaacba6aba,UrbanP,137,3244,Pereira,Risaralda,Destroyed,Residential,Pleiades,2026/08/11 15:54 UTC,Photo-interpretation,© ICube-SERTIT 2026,4.813086488000067,-75.68817187099995,2026-08-21T09:23:55Z,2026-08-31
1bb3d8ca195d626bea942b16e6e64ca8ef606cd2ce85c2d120081ebaacba6aba,UrbanP,138,3244,Pereira,Risaralda,Possibly damaged,Residential,Pleiades,2026/08/11 15:54 UTC,Photo-interpretation,© ICube-SERTIT 2026,4.810511019000046,-75.68860806999999,2026-08-21T09:23:55Z,2026-08-31
1bb3d8ca195d626bea942b16e6e64ca8ef606cd2ce85c2d120081ebaacba6aba,UrbanP,139,3244,Pereira,Risaralda,Possibly damaged,Residential,Pleiades,2026/08/11 15:54 UTC,Photo-interpretation,© ICube-SERTIT 2026,4.810479662000034,-75.68836930399993,2026-08-21T09:23:55Z,2026-08-31
1bb3d8ca195d626bea942b16e6e64ca8ef606cd2ce85c2d120081ebaacba6aba,UrbanP,140,3244,Pereira,Risaralda,Possibly damaged,Residential,Pleiades,2026/08/11 15:54 UTC,Photo-interpretation,© ICube-SERTIT 2026,4.80944114600004,-75.68910387499994,2026-08-21T09:23:55Z,2026-08-31
1bb3d8ca195d626bea942b16e6e64ca8ef606cd2ce85c2d120081ebaacba6aba,UrbanP,141,3244,Pereira,Risaralda,Possibly damaged,Residential,Pleiades,2026/08/11 15:54 UTC,Photo-interpretation,© ICube-SERTIT 2026,4.809337833000029,-75.68933690999995,2026-08-21T09:23:55Z,2026-08-31
1bb3d8ca195d626bea942b16e6e64ca8ef606cd2ce85c2d120081ebaacba6aba,UrbanP,142,3244,Pereira,Risaralda,Possibly damaged,Residential,Pleiades,2026/08/11 15:54 UTC,Photo-interpretation,© ICube-SERTIT 2026,4.80942437300007,-75.68941557399995,2026-08-21T09:23:55Z,2026-08-31
1bb3d8ca195d626bea942b16e6e64ca8ef606cd2ce85c2d120081ebaacba6aba,UrbanP,143,3244,Pereira,Risaralda,Damaged,Residential,Pleiades,2026/08/11 15:54 UTC,Photo-interpretation,© ICube-SERTIT 2026,4.809256257000072,-75.68948879999994,2026-08-21T09:23:55Z,2026-08-31
1bb3d8ca195d626bea942b16e6e64ca8ef606cd2ce85c2d120081ebaacba6aba,UrbanP,144,3244,Pereira,Risaralda,Damaged,Residential,Pleiades,2026/08/11 15:54 UTC,Photo-interpretation,© ICube-SERTIT 2026,4.809146421000037,-75.68945663799997,2026-08-21T09:23:55Z,2026-08-31
1bb3d8ca195d626bea942b16e6e64ca8ef606cd2ce85c2d120081ebaacba6aba,UrbanP,145,3244,Pereira,Risaralda,Damaged,Residential,Pleiades,2026/08/11 15:54 UTC,Photo-interpretation,© ICube-SERTIT 2026,4.80915408900006,-75.68954893399996,2026-08-21T09:23:55Z,2026-08-31
1bb3d8ca195d626bea942b16e6e64ca8ef606cd2ce85c2d120081ebaacba6aba,UrbanP,146,3244,Pereira,Risaralda,Possibly damaged,Residential,Pleiades,2026/08/11 15:54 UTC,Photo-interpretation,© ICube-SERTIT 2026,4.807882375000077,-75.69009641099996,2026-08-21T09:23:55Z,2026-08-31
1bb3d8ca195d626bea942b16e6e64ca8ef606cd2ce85c2d120081ebaacba6aba,UrbanP,147,3244,Pereira,Risaralda,Destroyed,Residential,Pleiades,2026/08/11 15:54 UTC,Photo-interpretation,© ICube-SERTIT 2026,4.808608914000047,-75.69251266699996,2026-08-21T09:23:55Z,2026-08-31
1bb3d8ca195d626bea942b16e6e64ca8ef606cd2ce85c2d120081ebaacba6aba,UrbanP,148,3244,Pereira,Risaralda,Possibly damaged,Residential,Pleiades,2026/08/11 15:54 UTC,Photo-interpretation,© ICube-SERTIT 2026,4.809431029000052,-75.68649595299996,2026-08-21T09:23:55Z,2026-08-31
1bb3d8ca195d626bea942b16e6e64ca8ef606cd2ce85c2d120081ebaacba6aba,UrbanP,149,3244,Pereira,Risaralda,Possibly damaged,Residential,Pleiades,2026/08/11 15:54 UTC,Photo-interpretation,© ICube-SERTIT 2026,4.809336794000046,-75.68648867399997,2026-08-21T09:23:55Z,2026-08-31
1bb3d8ca195d626bea942b16e6e64ca8ef606cd2ce85c2d120081ebaacba6aba,UrbanP,150,3244,Pereira,Risaralda,Possibly damaged,Residential,Pleiades,2026/08/11 15:54 UTC,Photo-interpretation,© ICube-SERTIT 2026,4.810510728000054,-75.68927246499999,2026-08-21T09:23:55Z,2026-08-31
1bb3d8ca195d626bea942b16e6e64ca8ef606cd2ce85c2d120081ebaacba6aba,UrbanP,151,3244,Pereira,Risaralda,Possibly damaged,Residential,Pleiades,2026/08/11 15:54 UTC,Photo-interpretation,© ICube-SERTIT 2026,4.814448894000066,-75.69310425299994,2026-08-21T09:23:55Z,2026-08-31
1bb3d8ca195d626bea942b16e6e64ca8ef606cd2ce85c2d120081ebaacba6aba,UrbanP,152,3244,Pereira,Risaralda,Possibly damaged,Residential,Pleiades,2026/08/11 15:54 UTC,Photo-interpretation,© ICube-SERTIT 2026,4.811006047000035,-75.69918320399995,2026-08-21T09:23:55Z,2026-08-31
1bb3d8ca195d626bea942b16e6e64ca8ef606cd2ce85c2d120081ebaacba6aba,UrbanP,153,3244,Pereira,Risaralda,Destroyed,Residential,Pleiades,2026/08/11 15:54 UTC,Photo-interpretation,© ICube-SERTIT 2026,4.811445959000025,-75.69375909699994,2026-08-21T09:23:55Z,2026-08-31
1bb3d8ca195d626bea942b16e6e64ca8ef606cd2ce85c2d120081ebaacba6aba,UrbanP,154,3244,Pereira,Risaralda,Possibly damaged,Residential,Pleiades,2026/08/11 15:54 UTC,Photo-interpretation,© ICube-SERTIT 2026,4.811581130000036,-75.69401390499996,2026-08-21T09:23:55Z,2026-08-31
1bb3d8ca195d626bea942b16e6e64ca8ef606cd2ce85c2d120081ebaacba6aba,UrbanP,155,3244,Pereira,Risaralda,Possibly damaged,Residential,Pleiades,2026/08/11 15:54 UTC,Photo-interpretation,© ICube-SERTIT 2026,4.810743111000022,-75.69480775199997,2026-08-21T09:23:55Z,2026-08-31
1bb3d8ca195d626bea942b16e6e64ca8ef606cd2ce85c2d120081ebaacba6aba,UrbanP,156,3244,Pereira,Risaralda,Damaged,Residential,Pleiades,2026/08/11 15:54 UTC,Photo-interpretation,© ICube-SERTIT 2026,4.809962763000044,-75.69420366499997,2026-08-21T09:23:55Z,2026-08-31
1bb3d8ca195d626bea942b16e6e64ca8ef606cd2ce85c2d120081ebaacba6aba,UrbanP,157,3244,Pereira,Risaralda,Damaged,Residential,Pleiades,2026/08/11 15:54 UTC,Photo-interpretation,© ICube-SERTIT 2026,4.809280886000067,-75.69435399299994,2026-08-21T09:23:55Z,2026-08-31
1bb3d8ca195d626bea942b16e6e64ca8ef606cd2ce85c2d120081ebaacba6aba,UrbanP,158,3244,Pereira,Risaralda,Damaged,Residential,Pleiades,2026/08/11 15:54 UTC,Photo-interpretation,© ICube-SERTIT 2026,4.808419620000052,-75.69532934799997,2026-08-21T09:23:55Z,2026-08-31
1bb3d8ca195d626bea942b16e6e64ca8ef606cd2ce85c2d120081ebaacba6aba,UrbanP,159,3244,Pereira,Risaralda,Damaged,Residential,Pleiades,2026/08/11 15:54 UTC,Photo-interpretation,© ICube-SERTIT 2026,4.808100123000031,-75.69560139599997,2026-08-21T09:23:55Z,2026-08-31
1bb3d8ca195d626bea942b16e6e64ca8ef606cd2ce85c2d120081ebaacba6aba,UrbanP,160,3244,Pereira,Risaralda,Damaged,Residential,Pleiades,2026/08/11 15:54 UTC,Photo-interpretation,© ICube-SERTIT 2026,4.808462365000025,-75.69585795599994,2026-08-21T09:23:55Z,2026-08-31
1bb3d8ca195d626bea942b16e6e64ca8ef606cd2ce85c2d120081ebaacba6aba,UrbanP,161,3244,Pereira,Risaralda,Damaged,Residential,Pleiades,2026/08/11 15:54 UTC,Photo-interpretation,© ICube-SERTIT 2026,4.807535315000052,-75.69502371799996,2026-08-21T09:23:55Z,2026-08-31
1bb3d8ca195d626bea942b16e6e64ca8ef606cd2ce85c2d120081ebaacba6aba,UrbanP,162,3244,Pereira,Risaralda,Damaged,Residential,Pleiades,2026/08/11 15:54 UTC,Photo-interpretation,© ICube-SERTIT 2026,4.80754595600007,-75.69339423999998,2026-08-21T09:23:55Z,2026-08-31
1bb3d8ca195d626bea942b16e6e64ca8ef606cd2ce85c2d120081ebaacba6aba,UrbanP,163,3244,Pereira,Risaralda,Destroyed,Residential,Pleiades,2026/08/11 15:54 UTC,Photo-interpretation,© ICube-SERTIT 2026,4.807250650000071,-75.69562480599996,2026-08-21T09:23:55Z,2026-08-31
1bb3d8ca195d626bea942b16e6e64ca8ef606cd2ce85c2d120081ebaacba6aba,UrbanP,164,3244,Pereira,Risaralda,Destroyed,Residential,Pleiades,2026/08/11 15:54 UTC,Photo-interpretation,© ICube-SERTIT 2026,4.806294190000074,-75.69709895799997,2026-08-21T09:23:55Z,2026-08-31
1bb3d8ca195d626bea942b16e6e64ca8ef606cd2ce85c2d120081ebaacba6aba,UrbanP,165,3244,Pereira,Risaralda,Destroyed,Residential,Pleiades,2026/08/11 15:54 UTC,Photo-interpretation,© ICube-SERTIT 2026,4.806321719000039,-75.69663244799995,2026-08-21T09:23:55Z,2026-08-31
1bb3d8ca195d626bea942b16e6e64ca8ef606cd2ce85c2d120081ebaacba6aba,UrbanP,166,3244,Pereira,Risaralda,Destroyed,Residential,Pleiades,2026/08/11 15:54 UTC,Photo-interpretation,© ICube-SERTIT 2026,4.806184143000053,-75.69624936999998,2026-08-21T09:23:55Z,2026-08-31
1bb3d8ca195d626bea942b16e6e64ca8ef606cd2ce85c2d120081ebaacba6aba,UrbanP,167,3244,Pereira,Risaralda,Destroyed,Residential,Pleiades,2026/08/11 15:54 UTC,Photo-interpretation,© ICube-SERTIT 2026,4.805967450000026,-75.69651612799998,2026-08-21T09:23:55Z,2026-08-31
1bb3d8ca195d626bea942b16e6e64ca8ef606cd2ce85c2d120081ebaacba6aba,UrbanP,168,3244,Pereira,Risaralda,Destroyed,Residential,Pleiades,2026/08/11 15:54 UTC,Photo-interpretation,© ICube-SERTIT 2026,4.805910962000041,-75.69620055099995,2026-08-21T09:23:55Z,2026-08-31
1bb3d8ca195d626bea942b16e6e64ca8ef606cd2ce85c2d120081ebaacba6aba,UrbanP,169,3244,Pereira,Risaralda,Destroyed,Residential,Pleiades,2026/08/11 15:54 UTC,Photo-interpretation,© ICube-SERTIT 2026,4.805368698000052,-75.69473836399999,2026-08-21T09:23:55Z,2026-08-31
1bb3d8ca195d626bea942b16e6e64ca8ef606cd2ce85c2d120081ebaacba6aba,UrbanP,170,3244,Pereira,Risaralda,Destroyed,Residential,Pleiades,2026/08/11 15:54 UTC,Photo-interpretation,© ICube-SERTIT 2026,4.805465587000072,-75.69522926999997,2026-08-21T09:23:55Z,2026-08-31
1bb3d8ca195d626bea942b16e6e64ca8ef606cd2ce85c2d120081ebaacba6aba,UrbanP,171,3244,Pereira,Risaralda,Possibly damaged,Residential,Pleiades,2026/08/11 15:54 UTC,Photo-interpretation,© ICube-SERTIT 2026,4.805834443000037,-75.69430465799996,2026-08-21T09:23:55Z,2026-08-31
1bb3d8ca195d626bea942b16e6e64ca8ef606cd2ce85c2d120081ebaacba6aba,UrbanP,172,3244,Pereira,Risaralda,Possibly damaged,Residential,Pleiades,2026/08/11 15:54 UTC,Photo-interpretation,© ICube-SERTIT 2026,4.803319085000055,-75.69644062799995,2026-08-21T09:23:55Z,2026-08-31
1bb3d8ca195d626bea942b16e6e64ca8ef606cd2ce85c2d120081ebaacba6aba,UrbanP,173,3244,Pereira,Risaralda,Damaged,Residential,Pleiades,2026/08/11 15:54 UTC,Photo-interpretation,© ICube-SERTIT 2026,4.802879433000044,-75.69516192799995,2026-08-21T09:23:55Z,2026-08-31
1bb3d8ca195d626bea942b16e6e64ca8ef606cd2ce85c2d120081ebaacba6aba,UrbanP,174,3244,Pereira,Risaralda,Damaged,Residential,Pleiades,2026/08/11 15:54 UTC,Photo-interpretation,© ICube-SERTIT 2026,4.80214447000003,-75.69696529999999,2026-08-21T09:23:55Z,2026-08-31
1bb3d8ca195d626bea942b16e6e64ca8ef606cd2ce85c2d120081ebaacba6aba,UrbanP,175,3244,Pereira,Risaralda,Possibly damaged,Residential,Pleiades,2026/08/11 15:54 UTC,Photo-interpretation,© ICube-SERTIT 2026,4.803059260000055,-75.69655902099998,2026-08-21T09:23:55Z,2026-08-31
1bb3d8ca195d626bea942b16e6e64ca8ef606cd2ce85c2d120081ebaacba6aba,UrbanP,176,3244,Pereira,Risaralda,Damaged,Residential,Pleiades,2026/08/11 15:54 UTC,Photo-interpretation,© ICube-SERTIT 2026,4.802182051000045,-75.69725119199995,2026-08-21T09:23:55Z,2026-08-31
1bb3d8ca195d626bea942b16e6e64ca8ef606cd2ce85c2d120081ebaacba6aba,UrbanP,177,3244,Pereira,Risaralda,Damaged,Residential,Pleiades,2026/08/11 15:54 UTC,Photo-interpretation,© ICube-SERTIT 2026,4.809548708000023,-75.69796384099999,2026-08-21T09:23:55Z,2026-08-31
1bb3d8ca195d626bea942b16e6e64ca8ef606cd2ce85c2d120081ebaacba6aba,UrbanP,178,3244,Pereira,Risaralda,Destroyed,Residential,Pleiades,2026/08/11 15:54 UTC,Photo-interpretation,© ICube-SERTIT 2026,4.808348358000046,-75.69790432099995,2026-08-21T09:23:55Z,2026-08-31
1bb3d8ca195d626bea942b16e6e64ca8ef606cd2ce85c2d120081ebaacba6aba,UrbanP,179,3244,Pereira,Risaralda,Possibly damaged,Residential,Pleiades,2026/08/11 15:54 UTC,Photo-interpretation,© ICube-SERTIT 2026,4.808351176000031,-75.69815899399998,2026-08-21T09:23:55Z,2026-08-31
1bb3d8ca195d626bea942b16e6e64ca8ef606cd2ce85c2d120081ebaacba6aba,UrbanP,180,3244,Pereira,Risaralda,Possibly damaged,Residential,Pleiades,2026/08/11 15:54 UTC,Photo-interpretation,© ICube-SERTIT 2026,4.80928678600003,-75.70124667099998,2026-08-21T09:23:55Z,2026-08-31
1bb3d8ca195d626bea942b16e6e64ca8ef606cd2ce85c2d120081ebaacba6aba,UrbanP,181,3244,Pereira,Risaralda,Possibly damaged,Residential,Pleiades,2026/08/11 15:54 UTC,Photo-interpretation,© ICube-SERTIT 2026,4.807925746000024,-75.70180677899998,2026-08-21T09:23:55Z,2026-08-31
1bb3d8ca195d626bea942b16e6e64ca8ef606cd2ce85c2d120081ebaacba6aba,UrbanP,182,3244,Pereira,Risaralda,Possibly damaged,Residential,Pleiades,2026/08/11 15:54 UTC,Photo-interpretation,© ICube-SERTIT 2026,4.80735952200007,-75.69869186899996,2026-08-21T09:23:55Z,2026-08-31
1bb3d8ca195d626bea942b16e6e64ca8ef606cd2ce85c2d120081ebaacba6aba,UrbanP,183,3244,Pereira,Risaralda,Possibly damaged,Residential,Pleiades,2026/08/11 15:54 UTC,Photo-interpretation,© ICube-SERTIT 2026,4.805456886000059,-75.70212335599996,2026-08-21T09:23:55Z,2026-08-31
1bb3d8ca195d626bea942b16e6e64ca8ef606cd2ce85c2d120081ebaacba6aba,UrbanP,184,3244,Pereira,Risaralda,Destroyed,Residential,Pleiades,2026/08/11 15:54 UTC,Photo-interpretation,© ICube-SERTIT 2026,4.803646771000047,-75.69938765799998,2026-08-21T09:23:55Z,2026-08-31
1bb3d8ca195d626bea942b16e6e64ca8ef606cd2ce85c2d120081ebaacba6aba,UrbanP,185,3244,Pereira,Risaralda,Damaged,Residential,Pleiades,2026/08/11 15:54 UTC,Photo-interpretation,© ICube-SERTIT 2026,4.80396823500007,-75.69806555199995,2026-08-21T09:23:55Z,2026-08-31
1bb3d8ca195d626bea942b16e6e64ca8ef606cd2ce85c2d120081ebaacba6aba,UrbanP,186,3244,Pereira,Risaralda,Damaged,Residential,Pleiades,2026/08/11 15:54 UTC,Photo-interpretation,© ICube-SERTIT 2026,4.804097545000047,-75.69803193299998,2026-08-21T09:23:55Z,2026-08-31
1bb3d8ca195d626bea942b16e6e64ca8ef606cd2ce85c2d120081ebaacba6aba,UrbanP,187,3244,Pereira,Risaralda,Damaged,Residential,Pleiades,2026/08/11 15:54 UTC,Photo-interpretation,© ICube-SERTIT 2026,4.803598220000026,-75.69822718199998,2026-08-21T09:23:55Z,2026-08-31
1bb3d8ca195d626bea942b16e6e64ca8ef606cd2ce85c2d120081ebaacba6aba,UrbanP,188,3244,Pereira,Risaralda,Damaged,Residential,Pleiades,2026/08/11 15:54 UTC,Photo-interpretation,© ICube-SERTIT 2026,4.803720218000024,-75.69836083799999,2026-08-21T09:23:55Z,2026-08-31
1bb3d8ca195d626bea942b16e6e64ca8ef606cd2ce85c2d120081ebaacba6aba,UrbanP,189,3244,Pereira,Risaralda,Possibly damaged,Residential,Pleiades,2026/08/11 15:54 UTC,Photo-interpretation,© ICube-SERTIT 2026,4.807657774000063,-75.70223496499995,2026-08-21T09:23:55Z,2026-08-31
1bb3d8ca195d626bea942b16e6e64ca8ef606cd2ce85c2d120081ebaacba6aba,UrbanP,190,3244,Pereira,Risaralda,Destroyed,Residential,Pleiades,2026/08/11 15:54 UTC,Photo-interpretation,© ICube-SERTIT 2026,4.811550275000059,-75.69371068499999,2026-08-21T09:23:55Z,2026-08-31
1bb3d8ca195d626bea942b16e6e64ca8ef606cd2ce85c2d120081ebaacba6aba,UrbanP,191,3244,Pereira,Risaralda,Destroyed,Residential,Pleiades,2026/08/11 15:54 UTC,Photo-interpretation,© ICube-SERTIT 2026,4.811569167000073,-75.69386085999997,2026-08-21T09:23:55Z,2026-08-31
1bb3d8ca195d626bea942b16e6e64ca8ef606cd2ce85c2d120081ebaacba6aba,UrbanP,192,3244,Pereira,Risaralda,Destroyed,Residential,Pleiades,2026/08/11 15:54 UTC,Photo-interpretation,© ICube-SERTIT 2026,4.811432414000024,-75.69383655799999,2026-08-21T09:23:55Z,2026-08-31
1bb3d8ca195d626bea942b16e6e64ca8ef606cd2ce85c2d120081ebaacba6aba,UrbanP,193,3244,Pereira,Risaralda,Possibly damaged,Residential,Pleiades,2026/08/11 15:54 UTC,Photo-interpretation,© ICube-SERTIT 2026,4.811619543000063,-75.69369694699998,2026-08-21T09:23:55Z,2026-08-31
1bb3d8ca195d626bea942b16e6e64ca8ef606cd2ce85c2d120081ebaacba6aba,UrbanP,194,3244,Pereira,Risaralda,Damaged,Residential,Pleiades,2026/08/11 15:54 UTC,Photo-interpretation,© ICube-SERTIT 2026,4.811016778000067,-75.69521602099996,2026-08-21T09:23:55Z,2026-08-31
1bb3d8ca195d626bea942b16e6e64ca8ef606cd2ce85c2d120081ebaacba6aba,UrbanP,195,3244,Pereira,Risaralda,Possibly damaged,Residential,Pleiades,2026/08/11 15:54 UTC,Photo-interpretation,© ICube-SERTIT 2026,4.81326751000006,-75.69525336299995,2026-08-21T09:23:55Z,2026-08-31
1bb3d8ca195d626bea942b16e6e64ca8ef606cd2ce85c2d120081ebaacba6aba,UrbanP,196,3244,Pereira,Risaralda,Damaged,Residential,Pleiades,2026/08/11 15:54 UTC,Photo-interpretation,© ICube-SERTIT 2026,4.81302220300006,-75.69704175099997,2026-08-21T09:23:55Z,2026-08-31
1bb3d8ca195d626bea942b16e6e64ca8ef606cd2ce85c2d120081ebaacba6aba,UrbanP,197,3244,Pereira,Risaralda,Possibly damaged,Residential,Pleiades,2026/08/11 15:54 UTC,Photo-interpretation,© ICube-SERTIT 2026,4.814482687000066,-75.70112187799998,2026-08-21T09:23:55Z,2026-08-31
1bb3d8ca195d626bea942b16e6e64ca8ef606cd2ce85c2d120081ebaacba6aba,UrbanP,198,3244,Pereira,Risaralda,Possibly damaged,Residential,Pleiades,2026/08/11 15:54 UTC,Photo-interpretation,© ICube-SERTIT 2026,4.814634346000048,-75.70190527299997,2026-08-21T09:23:55Z,2026-08-31
1bb3d8ca195d626bea942b16e6e64ca8ef606cd2ce85c2d120081ebaacba6aba,UrbanP,199,3244,Pereira,Risaralda,Damaged,Residential,Pleiades,2026/08/11 15:54 UTC,Photo-interpretation,© ICube-SERTIT 2026,4.804496222000068,-75.69785592199997,2026-08-21T09:23:55Z,2026-08-31
1bb3d8ca195d626bea942b16e6e64ca8ef606cd2ce85c2d120081ebaacba6aba,UrbanP,200,3244,Pereira,Risaralda,Destroyed,Residential,Pleiades,2026/08/11 15:54 UTC,Photo-interpretation,© ICube-SERTIT 2026,4.804204245000051,-75.69802955399996,2026-08-21T09:23:55Z,2026-08-31
1bb3d8ca195d626bea942b16e6e64ca8ef606cd2ce85c2d120081ebaacba6aba,UrbanP,201,3244,Pereira,Risaralda,Destroyed,Residential,Pleiades,2026/08/11 15:54 UTC,Photo-interpretation,© ICube-SERTIT 2026,4.804207224000038,-75.69805804599997,2026-08-21T09:23:55Z,2026-08-31
1bb3d8ca195d626bea942b16e6e64ca8ef606cd2ce85c2d120081ebaacba6aba,UrbanP,202,3244,Pereira,Risaralda,Destroyed,Residential,Pleiades,2026/08/11 15:54 UTC,Photo-interpretation,© ICube-SERTIT 2026,4.803897387000063,-75.69804723499993,2026-08-21T09:23:55Z,2026-08-31
1bb3d8ca195d626bea942b16e6e64ca8ef606cd2ce85c2d120081ebaacba6aba,UrbanP,203,3244,Pereira,Risaralda,Destroyed,Residential,Pleiades,2026/08/11 15:54 UTC,Photo-interpretation,© ICube-SERTIT 2026,4.803904850000038,-75.69810271999995,2026-08-21T09:23:55Z,2026-08-31
1bb3d8ca195d626bea942b16e6e64ca8ef606cd2ce85c2d120081ebaacba6aba,UrbanP,204,3244,Pereira,Risaralda,Destroyed,Residential,Pleiades,2026/08/11 15:54 UTC,Photo-interpretation,© ICube-SERTIT 2026,4.803957425000021,-75.69817024599996,2026-08-21T09:23:55Z,2026-08-31
1bb3d8ca195d626bea942b16e6e64ca8ef606cd2ce85c2d120081ebaacba6aba,UrbanP,205,3244,Pereira,Risaralda,Destroyed,Residential,Pleiades,2026/08/11 15:54 UTC,Photo-interpretation,© ICube-SERTIT 2026,4.804014559000052,-75.69819279499995,2026-08-21T09:23:55Z,2026-08-31
1bb3d8ca195d626bea942b16e6e64ca8ef606cd2ce85c2d120081ebaacba6aba,UrbanP,206,3244,Pereira,Risaralda,Destroyed,Residential,Pleiades,2026/08/11 15:54 UTC,Photo-interpretation,© ICube-SERTIT 2026,4.804086698000049,-75.69824984499996,2026-08-21T09:23:55Z,2026-08-31
1bb3d8ca195d626bea942b16e6e64ca8ef606cd2ce85c2d120081ebaacba6aba,UrbanP,207,3244,Pereira,Risaralda,Damaged,Residential,Pleiades,2026/08/11 15:54 UTC,Photo-interpretation,© ICube-SERTIT 2026,4.804158951000034,-75.69819593999995,2026-08-21T09:23:55Z,2026-08-31
1bb3d8ca195d626bea942b16e6e64ca8ef606cd2ce85c2d120081ebaacba6aba,UrbanP,208,3244,Pereira,Risaralda,Damaged,Residential,Pleiades,2026/08/11 15:54 UTC,Photo-interpretation,© ICube-SERTIT 2026,4.80400095300007,-75.69826025299994,2026-08-21T09:23:55Z,2026-08-31
1bb3d8ca195d626bea942b16e6e64ca8ef606cd2ce85c2d120081ebaacba6aba,UrbanP,209,3244,Pereira,Risaralda,Damaged,Residential,Pleiades,2026/08/11 15:54 UTC,Photo-interpretation,© ICube-SERTIT 2026,4.804000766000058,-75.69990957899995,2026-08-21T09:23:55Z,2026-08-31
1bb3d8ca195d626bea942b16e6e64ca8ef606cd2ce85c2d120081ebaacba6aba,UrbanP,210,3244,Pereira,Risaralda,Destroyed,Residential,Pleiades,2026/08/11 15:54 UTC,Photo-interpretation,© ICube-SERTIT 2026,4.803654704000053,-75.69961078899996,2026-08-21T09:23:55Z,2026-08-31
1bb3d8ca195d626bea942b16e6e64ca8ef606cd2ce85c2d120081ebaacba6aba,UrbanP,211,3244,Pereira,Risaralda,Damaged,Residential,Pleiades,2026/08/11 15:54 UTC,Photo-interpretation,© ICube-SERTIT 2026,4.810320198000056,-75.69470457599994,2026-08-21T09:23:55Z,2026-08-31
1bb3d8ca195d626bea942b16e6e64ca8ef606cd2ce85c2d120081ebaacba6aba,UrbanP,212,3244,Pereira,Risaralda,Destroyed,Residential,Pleiades,2026/08/11 15:54 UTC,Photo-interpretation,© ICube-SERTIT 2026,4.80703274900003,-75.69424908299999,2026-08-21T09:23:55Z,2026-08-31
1bb3d8ca195d626bea942b16e6e64ca8ef606cd2ce85c2d120081ebaacba6aba,UrbanP,213,3244,Pereira,Risaralda,Damaged,Residential,Pleiades,2026/08/11 15:54 UTC,Photo-interpretation,© ICube-SERTIT 2026,4.806894929000066,-75.69572959699997,2026-08-21T09:23:55Z,2026-08-31
1bb3d8ca195d626bea942b16e6e64ca8ef606cd2ce85c2d120081ebaacba6aba,UrbanP,214,3244,Pereira,Risaralda,Possibly damaged,Residential,Pleiades,2026/08/11 15:54 UTC,Photo-interpretation,© ICube-SERTIT 2026,4.80539273100004,-75.69485805099998,2026-08-21T09:23:55Z,2026-08-31
1bb3d8ca195d626bea942b16e6e64ca8ef606cd2ce85c2d120081ebaacba6aba,UrbanP,215,3244,Pereira,Risaralda,Possibly damaged,Residential,Pleiades,2026/08/11 15:54 UTC,Photo-interpretation,© ICube-SERTIT 2026,4.808070186000066,-75.69786742999997,2026-08-21T09:23:55Z,2026-08-31
1bb3d8ca195d626bea942b16e6e64ca8ef606cd2ce85c2d120081ebaacba6aba,UrbanP,216,3244,Pereira,Risaralda,Damaged,Residential,Pleiades,2026/08/11 15:54 UTC,Photo-interpretation,© ICube-SERTIT 2026,4.809508153000024,-75.69820625899996,2026-08-21T09:23:55Z,2026-08-31
1bb3d8ca195d626bea942b16e6e64ca8ef606cd2ce85c2d120081ebaacba6aba,UrbanP,217,3244,Pereira,Risaralda,Damaged,Residential,Pleiades,2026/08/11 15:54 UTC,Photo-interpretation,© ICube-SERTIT 2026,4.810941140000068,-75.69532329999998,2026-08-21T09:23:55Z,2026-08-31
1bb3d8ca195d626bea942b16e6e64ca8ef606cd2ce85c2d120081ebaacba6aba,UrbanP,218,3244,Pereira,Risaralda,Possibly damaged,Residential,Pleiades,2026/08/11 15:54 UTC,Photo-interpretation,© ICube-SERTIT 2026,4.810981119000076,-75.69475410899997,2026-08-21T09:23:55Z,2026-08-31
1bb3d8ca195d626bea942b16e6e64ca8ef606cd2ce85c2d120081ebaacba6aba,UrbanP,219,3244,Pereira,Risaralda,Damaged,Residential,Pleiades,2026/08/11 15:54 UTC,Photo-interpretation,© ICube-SERTIT 2026,4.808914427000047,-75.69445201499997,2026-08-21T09:23:55Z,2026-08-31
1bb3d8ca195d626bea942b16e6e64ca8ef606cd2ce85c2d120081ebaacba6aba,UrbanP,220,3244,Pereira,Risaralda,Possibly damaged,Residential,Pleiades,2026/08/11 15:54 UTC,Photo-interpretation,© ICube-SERTIT 2026,4.803728566000075,-75.69985260199996,2026-08-21T09:23:55Z,2026-08-31
1bb3d8ca195d626bea942b16e6e64ca8ef606cd2ce85c2d120081ebaacba6aba,UrbanP,221,3244,Pereira,Risaralda,Damaged,Residential,Pleiades,2026/08/11 15:54 UTC,Photo-interpretation,© ICube-SERTIT 2026,4.805325280000034,-75.69524120899996,2026-08-21T09:23:55Z,2026-08-31
1bb3d8ca195d626bea942b16e6e64ca8ef606cd2ce85c2d120081ebaacba6aba,UrbanP,222,3244,Pereira,Risaralda,Damaged,Residential,Pleiades,2026/08/11 15:54 UTC,Photo-interpretation,© ICube-SERTIT 2026,4.805443073000049,-75.69473733699994,2026-08-21T09:23:55Z,2026-08-31
1bb3d8ca195d626bea942b16e6e64ca8ef606cd2ce85c2d120081ebaacba6aba,UrbanP,223,3244,Pereira,Risaralda,Damaged,Residential,Pleiades,2026/08/11 15:54 UTC,Photo-interpretation,© ICube-SERTIT 2026,4.805405955000026,-75.69441112899995,2026-08-21T09:23:55Z,2026-08-31
1bb3d8ca195d626bea942b16e6e64ca8ef606cd2ce85c2d120081ebaacba6aba,UrbanP,224,3244,Pereira,Risaralda,Possibly damaged,Residential,Pleiades,2026/08/11 15:54 UTC,Photo-interpretation,© ICube-SERTIT 2026,4.809695669000064,-75.69376902399995,2026-08-21T09:23:55Z,2026-08-31
1bb3d8ca195d626bea942b16e6e64ca8ef606cd2ce85c2d120081ebaacba6aba,UrbanP,225,3244,Pereira,Risaralda,Damaged,Residential,Pleiades,2026/08/11 15:54 UTC,Photo-interpretation,© ICube-SERTIT 2026,4.807320205000053,-75.69350010299996,2026-08-21T09:23:55Z,2026-08-31
1bb3d8ca195d626bea942b16e6e64ca8ef606cd2ce85c2d120081ebaacba6aba,UrbanP,226,3244,Pereira,Risaralda,Possibly damaged,Residential,Pleiades,2026/08/11 15:54 UTC,Photo-interpretation,© ICube-SERTIT 2026,4.806419480000045,-75.69402605599998,2026-08-21T09:23:55Z,2026-08-31
1bb3d8ca195d626bea942b16e6e64ca8ef606cd2ce85c2d120081ebaacba6aba,UrbanP,227,3244,Pereira,Risaralda,Damaged,Residential,Pleiades,2026/08/11 15:54 UTC,Photo-interpretation,© ICube-SERTIT 2026,4.805702643000075,-75.69434148299996,2026-08-21T09:23:55Z,2026-08-31
1bb3d8ca195d626bea942b16e6e64ca8ef606cd2ce85c2d120081ebaacba6aba,UrbanP,228,3244,Pereira,Risaralda,Damaged,Residential,Pleiades,2026/08/11 15:54 UTC,Photo-interpretation,© ICube-SERTIT 2026,4.809215108000046,-75.69798483199997,2026-08-21T09:23:55Z,2026-08-31
1bb3d8ca195d626bea942b16e6e64ca8ef606cd2ce85c2d120081ebaacba6aba,UrbanP,229,3244,Pereira,Risaralda,Destroyed,Residential,Pleiades,2026/08/11 15:54 UTC,Photo-interpretation,© ICube-SERTIT 2026,4.80831766600005,-75.69803038599997,2026-08-21T09:23:55Z,2026-08-31
1bb3d8ca195d626bea942b16e6e64ca8ef606cd2ce85c2d120081ebaacba6aba,UrbanP,230,3244,Pereira,Risaralda,Damaged,Residential,Pleiades,2026/08/11 15:54 UTC,Photo-interpretation,© ICube-SERTIT 2026,4.80629658600003,-75.69629101199996,2026-08-21T09:23:55Z,2026-08-31
1bb3d8ca195d626bea942b16e6e64ca8ef606cd2ce85c2d120081ebaacba6aba,UrbanP,231,3244,Pereira,Risaralda,Damaged,Residential,Pleiades,2026/08/11 15:54 UTC,Photo-interpretation,© ICube-SERTIT 2026,4.805974861000038,-75.69601033199996,2026-08-21T09:23:55Z,2026-08-31
1bb3d8ca195d626bea942b16e6e64ca8ef606cd2ce85c2d120081ebaacba6aba,UrbanP,232,3244,Pereira,Risaralda,Damaged,Residential,Pleiades,2026/08/11 15:54 UTC,Photo-interpretation,© ICube-SERTIT 2026,4.807645489000038,-75.69505319499996,2026-08-21T09:23:55Z,2026-08-31
1bb3d8ca195d626bea942b16e6e64ca8ef606cd2ce85c2d120081ebaacba6aba,UrbanP,233,3244,Pereira,Risaralda,Damaged,Residential,Pleiades,2026/08/11 15:54 UTC,Photo-interpretation,© ICube-SERTIT 2026,4.808424984000055,-75.69548650199994,2026-08-21T09:23:55Z,2026-08-31
1bb3d8ca195d626bea942b16e6e64ca8ef606cd2ce85c2d120081ebaacba6aba,UrbanP,234,3244,Pereira,Risaralda,Possibly damaged,Residential,Pleiades,2026/08/11 15:54 UTC,Photo-interpretation,© ICube-SERTIT 2026,4.807740137000053,-75.68853831999996,2026-08-21T09:23:55Z,2026-08-31
1bb3d8ca195d626bea942b16e6e64ca8ef606cd2ce85c2d120081ebaacba6aba,UrbanP,235,3244,Pereira,Risaralda,Possibly damaged,Residential,Pleiades,2026/08/11 15:54 UTC,Photo-interpretation,© ICube-SERTIT 2026,4.810593078000068,-75.68793188899997,2026-08-21T09:23:55Z,2026-08-31
1bb3d8ca195d626bea942b16e6e64ca8ef606cd2ce85c2d120081ebaacba6aba,UrbanP,236,3244,Pereira,Risaralda,Possibly damaged,Residential,Pleiades,2026/08/11 15:54 UTC,Photo-interpretation,© ICube-SERTIT 2026,4.810517538000056,-75.68792953099995,2026-08-21T09:23:55Z,2026-08-31
1bb3d8ca195d626bea942b16e6e64ca8ef606cd2ce85c2d120081ebaacba6aba,UrbanP,237,3244,Pereira,Risaralda,Possibly damaged,Residential,Pleiades,2026/08/11 15:54 UTC,Photo-interpretation,© ICube-SERTIT 2026,4.811970927000061,-75.69940494299993,2026-08-21T09:23:55Z,2026-08-31
1bb3d8ca195d626bea942b16e6e64ca8ef606cd2ce85c2d120081ebaacba6aba,UrbanP,238,3244,Pereira,Risaralda,Possibly damaged,Residential,Pleiades,2026/08/11 15:54 UTC,Photo-interpretation,© ICube-SERTIT 2026,4.811849675000076,-75.69933179499998,2026-08-21T09:23:55Z,2026-08-31
1bb3d8ca195d626bea942b16e6e64ca8ef606cd2ce85c2d120081ebaacba6aba,UrbanP,239,3244,Pereira,Risaralda,Possibly damaged,Residential,Pleiades,2026/08/11 15:54 UTC,Photo-interpretation,© ICube-SERTIT 2026,4.812646575000031,-75.69907474099995,2026-08-21T09:23:55Z,2026-08-31
1bb3d8ca195d626bea942b16e6e64ca8ef606cd2ce85c2d120081ebaacba6aba,UrbanP,240,3244,Pereira,Risaralda,Possibly damaged,Residential,Pleiades,2026/08/11 15:54 UTC,Photo-interpretation,© ICube-SERTIT 2026,4.813169026000025,-75.69633685799994,2026-08-21T09:23:55Z,2026-08-31
1bb3d8ca195d626bea942b16e6e64ca8ef606cd2ce85c2d120081ebaacba6aba,UrbanP,241,3244,Pereira,Risaralda,Possibly damaged,Residential,Pleiades,2026/08/11 15:54 UTC,Photo-interpretation,© ICube-SERTIT 2026,4.81280037800002,-75.69865728999997,2026-08-21T09:23:55Z,2026-08-31
1bb3d8ca195d626bea942b16e6e64ca8ef606cd2ce85c2d120081ebaacba6aba,UrbanP,242,3244,Pereira,Risaralda,Possibly damaged,Residential,Pleiades,2026/08/11 15:54 UTC,Photo-interpretation,© ICube-SERTIT 2026,4.806956111000034,-75.69640356999997,2026-08-21T09:23:55Z,2026-08-31
1bb3d8ca195d626bea942b16e6e64ca8ef606cd2ce85c2d120081ebaacba6aba,UrbanP,243,3244,Pereira,Risaralda,Possibly damaged,Residential,Pleiades,2026/08/11 15:54 UTC,Photo-interpretation,© ICube-SERTIT 2026,4.805807198000025,-75.69615138499995,2026-08-21T09:23:55Z,2026-08-31
1bb3d8ca195d626bea942b16e6e64ca8ef606cd2ce85c2d120081ebaacba6aba,UrbanP,244,3244,Pereira,Risaralda,Possibly damaged,Residential,Pleiades,2026/08/11 15:54 UTC,Photo-interpretation,© ICube-SERTIT 2026,4.803470655000069,-75.69769163399997,2026-08-21T09:23:55Z,2026-08-31
1bb3d8ca195d626bea942b16e6e64ca8ef606cd2ce85c2d120081ebaacba6aba,UrbanP,245,3244,Pereira,Risaralda,Damaged,Residential,Pleiades,2026/08/11 15:54 UTC,Photo-interpretation,© ICube-SERTIT 2026,4.803060630000061,-75.69794679899996,2026-08-21T09:23:55Z,2026-08-31
1bb3d8ca195d626bea942b16e6e64ca8ef606cd2ce85c2d120081ebaacba6aba,UrbanP,246,3244,Pereira,Risaralda,Possibly damaged,Residential,Pleiades,2026/08/11 15:54 UTC,Photo-interpretation,© ICube-SERTIT 2026,4.803579784000021,-75.69618791899995,2026-08-21T09:23:55Z,2026-08-31
1bb3d8ca195d626bea942b16e6e64ca8ef606cd2ce85c2d120081ebaacba6aba,UrbanP,247,3244,Pereira,Risaralda,Damaged,Residential,Pleiades,2026/08/11 15:54 UTC,Photo-interpretation,© ICube-SERTIT 2026,4.805536833000076,-75.69414295999997,2026-08-21T09:23:55Z,2026-08-31
1bb3d8ca195d626bea942b16e6e64ca8ef606cd2ce85c2d120081ebaacba6aba,UrbanP,248,3244,Pereira,Risaralda,Possibly damaged,Residential,Pleiades,2026/08/11 15:54 UTC,Photo-interpretation,© ICube-SERTIT 2026,4.805539229000033,-75.69403799099996,2026-08-21T09:23:55Z,2026-08-31
1bb3d8ca195d626bea942b16e6e64ca8ef606cd2ce85c2d120081ebaacba6aba,UrbanP,249,3244,Pereira,Risaralda,Possibly damaged,Residential,Pleiades,2026/08/11 15:54 UTC,Photo-interpretation,© ICube-SERTIT 2026,4.805981232000022,-75.69385131499996,2026-08-21T09:23:55Z,2026-08-31
1bb3d8ca195d626bea942b16e6e64ca8ef606cd2ce85c2d120081ebaacba6aba,UrbanP,250,3244,Pereira,Risaralda,Possibly damaged,Residential,Pleiades,2026/08/11 15:54 UTC,Photo-interpretation,© ICube-SERTIT 2026,4.805793521000055,-75.69384884299996,2026-08-21T09:23:55Z,2026-08-31
1bb3d8ca195d626bea942b16e6e64ca8ef606cd2ce85c2d120081ebaacba6aba,UrbanP,251,3244,Pereira,Risaralda,Possibly damaged,Residential,Pleiades,2026/08/11 15:54 UTC,Photo-interpretation,© ICube-SERTIT 2026,4.809678468000072,-75.68687668399997,2026-08-21T09:23:55Z,2026-08-31
30f81bb1cf985789e6cd8a53f964f75e19203f150ab65e91589800a7ba3f0db3,UrbanP,0,3246,Cali,Valle del Cauca,Possibly damaged,Residential,Pleiades,2026/08/11 15:55 UTC,Photo-interpretation,© ICube-SERTIT 2026,3.442325168000025,-76.54607044299996,2026-08-21T09:23:55Z,2026-08-31
30f81bb1cf985789e6cd8a53f964f75e19203f150ab65e91589800a7ba3f0db3,UrbanP,1,3246,Cali,Valle del Cauca,Damaged,Residential,Pleiades,2026/08/11 15:55 UTC,Photo-interpretation,© ICube-SERTIT 2026,3.440682929000047,-76.54225660799995,2026-08-21T09:23:55Z,2026-08-31
30f81bb1cf985789e6cd8a53f964f75e19203f150ab65e91589800a7ba3f0db3,UrbanP,2,3246,Cali,Valle del Cauca,Damaged,Residential,Pleiades,2026/08/11 15:55 UTC,Photo-interpretation,© ICube-SERTIT 2026,3.423272105000024,-76.54804870599997,2026-08-21T09:23:55Z,2026-08-31
30f81bb1cf985789e6cd8a53f964f75e19203f150ab65e91589800a7ba3f0db3,UrbanP,3,3246,Cali,Valle del Cauca,Damaged,Residential,Pleiades,2026/08/11 15:55 UTC,Photo-interpretation,© ICube-SERTIT 2026,3.422246763000032,-76.54713208199996,2026-08-21T09:23:55Z,2026-08-31
30f81bb1cf985789e6cd8a53f964f75e19203f150ab65e91589800a7ba3f0db3,UrbanP,4,3246,Cali,Valle del Cauca,Damaged,Residential,Pleiades,2026/08/11 15:55 UTC,Photo-interpretation,© ICube-SERTIT 2026,3.420181878000051,-76.54788939799994,2026-08-21T09:23:55Z,2026-08-31
30f81bb1cf985789e6cd8a53f964f75e19203f150ab65e91589800a7ba3f0db3,UrbanP,5,3246,Cali,Valle del Cauca,Damaged,Transportation,Pleiades,2026/08/11 15:55 UTC,Photo-interpretation,© ICube-SERTIT 2026,3.41493138800007,-76.54908525899998,2026-08-21T09:23:55Z,2026-08-31
30f81bb1cf985789e6cd8a53f964f75e19203f150ab65e91589800a7ba3f0db3,UrbanP,6,3246,Cali,Valle del Cauca,Destroyed,Residential,Pleiades,2026/08/11 15:55 UTC,Photo-interpretation,© ICube-SERTIT 2026,3.405564815000048,-76.54807802299996,2026-08-21T09:23:55Z,2026-08-31
30f81bb1cf985789e6cd8a53f964f75e19203f150ab65e91589800a7ba3f0db3,UrbanP,7,3246,Cali,Valle del Cauca,Damaged,Residential,Pleiades,2026/08/11 15:55 UTC,Photo-interpretation,© ICube-SERTIT 2026,3.407321377000073,-76.54919770199996,2026-08-21T09:23:55Z,2026-08-31
30f81bb1cf985789e6cd8a53f964f75e19203f150ab65e91589800a7ba3f0db3,UrbanP,8,3246,Cali,Valle del Cauca,Destroyed,Residential,Pleiades,2026/08/11 15:55 UTC,Photo-interpretation,© ICube-SERTIT 2026,3.407316424000044,-76.54832643499998,2026-08-21T09:23:55Z,2026-08-31
30f81bb1cf985789e6cd8a53f964f75e19203f150ab65e91589800a7ba3f0db3,UrbanP,9,3246,Cali,Valle del Cauca,Destroyed,Residential,Pleiades,2026/08/11 15:55 UTC,Photo-interpretation,© ICube-SERTIT 2026,3.396368609000035,-76.54791817499995,2026-08-21T09:23:55Z,2026-08-31
30f81bb1cf985789e6cd8a53f964f75e19203f150ab65e91589800a7ba3f0db3,UrbanP,10,3246,Cali,Valle del Cauca,Damaged,Residential,Pleiades,2026/08/11 15:55 UTC,Photo-interpretation,© ICube-SERTIT 2026,3.397628731000054,-76.54808763599993,2026-08-21T09:23:55Z,2026-08-31
30f81bb1cf985789e6cd8a53f964f75e19203f150ab65e91589800a7ba3f0db3,UrbanP,11,3246,Cali,Valle del Cauca,Possibly damaged,Residential,Pleiades,2026/08/11 15:55 UTC,Photo-interpretation,© ICube-SERTIT 2026,3.432180010000025,-76.53730680699994,2026-08-21T09:23:55Z,2026-08-31
30f81bb1cf985789e6cd8a53f964f75e19203f150ab65e91589800a7ba3f0db3,UrbanP,12,3246,Cali,Valle del Cauca,Damaged,Religious,Pleiades,2026/08/11 15:55 UTC,Photo-interpretation,© ICube-SERTIT 2026,3.43137110300006,-76.53823644699997,2026-08-21T09:23:55Z,2026-08-31
30f81bb1cf985789e6cd8a53f964f75e19203f150ab65e91589800a7ba3f0db3,UrbanP,13,3246,Cali,Valle del Cauca,Possibly damaged,Residential,Pleiades,2026/08/11 15:55 UTC,Photo-interpretation,© ICube-SERTIT 2026,3.427810263000026,-76.53902262299994,2026-08-21T09:23:55Z,2026-08-31
30f81bb1cf985789e6cd8a53f964f75e19203f150ab65e91589800a7ba3f0db3,UrbanP,14,3246,Cali,Valle del Cauca,Possibly damaged,Residential,Pleiades,2026/08/11 15:55 UTC,Photo-interpretation,© ICube-SERTIT 2026,3.426366571000074,-76.53882331399996,2026-08-21T09:23:55Z,2026-08-31
30f81bb1cf985789e6cd8a53f964f75e19203f150ab65e91589800a7ba3f0db3,UrbanP,15,3246,Cali,Valle del Cauca,Destroyed,Residential,Pleiades,2026/08/11 15:55 UTC,Photo-interpretation,© ICube-SERTIT 2026,3.420999567000024,-76.54272770499995,2026-08-21T09:23:55Z,2026-08-31
30f81bb1cf985789e6cd8a53f964f75e19203f150ab65e91589800a7ba3f0db3,UrbanP,16,3246,Cali,Valle del Cauca,Damaged,Hospital,Pleiades,2026/08/11 15:55 UTC,Photo-interpretation,© ICube-SERTIT 2026,3.43048668900002,-76.54504511199997,2026-08-21T09:23:55Z,2026-08-31
30f81bb1cf985789e6cd8a53f964f75e19203f150ab65e91589800a7ba3f0db3,UrbanP,17,3246,Cali,Valle del Cauca,Possibly damaged,Residential,Pleiades,2026/08/11 15:55 UTC,Photo-interpretation,© ICube-SERTIT 2026,3.395911578000039,-76.54006283399997,2026-08-21T09:23:55Z,2026-08-31
30f81bb1cf985789e6cd8a53f964f75e19203f150ab65e91589800a7ba3f0db3,UrbanP,18,3246,Cali,Valle del Cauca,Possibly damaged,Residential,Pleiades,2026/08/11 15:55 UTC,Photo-interpretation,© ICube-SERTIT 2026,3.397974950000048,-76.54694099599999,2026-08-21T09:23:55Z,2026-08-31
30f81bb1cf985789e6cd8a53f964f75e19203f150ab65e91589800a7ba3f0db3,UrbanP,19,3246,Cali,Valle del Cauca,Damaged,Residential,Pleiades,2026/08/11 15:55 UTC,Photo-interpretation,© ICube-SERTIT 2026,3.397665221000068,-76.54489114099994,2026-08-21T09:23:55Z,2026-08-31
30f81bb1cf985789e6cd8a53f964f75e19203f150ab65e91589800a7ba3f0db3,UrbanP,20,3246,Cali,Valle del Cauca,Damaged,Residential,Pleiades,2026/08/11 15:55 UTC,Photo-interpretation,© ICube-SERTIT 2026,3.397674535000021,-76.54373174499995,2026-08-21T09:23:55Z,2026-08-31
30f81bb1cf985789e6cd8a53f964f75e19203f150ab65e91589800a7ba3f0db3,UrbanP,21,3246,Cali,Valle del Cauca,Possibly damaged,Residential,Pleiades,2026/08/11 15:55 UTC,Photo-interpretation,© ICube-SERTIT 2026,3.399055314000066,-76.53784539999998,2026-08-21T09:23:55Z,2026-08-31
30f81bb1cf985789e6cd8a53f964f75e19203f150ab65e91589800a7ba3f0db3,UrbanP,22,3246,Cali,Valle del Cauca,Damaged,Residential,Pleiades,2026/08/11 15:55 UTC,Photo-interpretation,© ICube-SERTIT 2026,3.399021944000026,-76.54161777199994,2026-08-21T09:23:55Z,2026-08-31
30f81bb1cf985789e6cd8a53f964f75e19203f150ab65e91589800a7ba3f0db3,UrbanP,23,3246,Cali,Valle del Cauca,Possibly damaged,Residential,Pleiades,2026/08/11 15:55 UTC,Photo-interpretation,© ICube-SERTIT 2026,3.400254553000025,-76.54601759299999,2026-08-21T09:23:55Z,2026-08-31
30f81bb1cf985789e6cd8a53f964f75e19203f150ab65e91589800a7ba3f0db3,UrbanP,24,3246,Cali,Valle del Cauca,Damaged,Residential,Pleiades,2026/08/11 15:55 UTC,Photo-interpretation,© ICube-SERTIT 2026,3.402114529000073,-76.54804273399998,2026-08-21T09:23:55Z,2026-08-31
30f81bb1cf985789e6cd8a53f964f75e19203f150ab65e91589800a7ba3f0db3,UrbanP,25,3246,Cali,Valle del Cauca,Possibly damaged,Residential,Pleiades,2026/08/11 15:55 UTC,Photo-interpretation,© ICube-SERTIT 2026,3.400582498000063,-76.54909340199998,2026-08-21T09:23:55Z,2026-08-31
30f81bb1cf985789e6cd8a53f964f75e19203f150ab65e91589800a7ba3f0db3,UrbanP,26,3246,Cali,Valle del Cauca,Possibly damaged,Residential,Pleiades,2026/08/11 15:55 UTC,Photo-interpretation,© ICube-SERTIT 2026,3.402058201000045,-76.53981053999996,2026-08-21T09:23:55Z,2026-08-31
30f81bb1cf985789e6cd8a53f964f75e19203f150ab65e91589800a7ba3f0db3,UrbanP,27,3246,Cali,Valle del Cauca,Possibly damaged,Residential,Pleiades,2026/08/11 15:55 UTC,Photo-interpretation,© ICube-SERTIT 2026,3.407569766000051,-76.54823932699998,2026-08-21T09:23:55Z,2026-08-31
30f81bb1cf985789e6cd8a53f964f75e19203f150ab65e91589800a7ba3f0db3,UrbanP,28,3246,Cali,Valle del Cauca,Possibly damaged,Residential,Pleiades,2026/08/11 15:55 UTC,Photo-interpretation,© ICube-SERTIT 2026,3.407579484000053,-76.54837530899994,2026-08-21T09:23:55Z,2026-08-31
30f81bb1cf985789e6cd8a53f964f75e19203f150ab65e91589800a7ba3f0db3,UrbanP,29,3246,Cali,Valle del Cauca,Possibly damaged,Residential,Pleiades,2026/08/11 15:55 UTC,Photo-interpretation,© ICube-SERTIT 2026,3.408998926000038,-76.54473862099996,2026-08-21T09:23:55Z,2026-08-31
30f81bb1cf985789e6cd8a53f964f75e19203f150ab65e91589800a7ba3f0db3,UrbanP,30,3246,Cali,Valle del Cauca,Damaged,Residential,Pleiades,2026/08/11 15:55 UTC,Photo-interpretation,© ICube-SERTIT 2026,3.408500399000047,-76.54884895499998,2026-08-21T09:23:55Z,2026-08-31
30f81bb1cf985789e6cd8a53f964f75e19203f150ab65e91589800a7ba3f0db3,UrbanP,31,3246,Cali,Valle del Cauca,Possibly damaged,Sport hall,Pleiades,2026/08/11 15:55 UTC,Photo-interpretation,© ICube-SERTIT 2026,3.411418205000075,-76.55068500299996,2026-08-21T09:23:55Z,2026-08-31
30f81bb1cf985789e6cd8a53f964f75e19203f150ab65e91589800a7ba3f0db3,UrbanP,32,3246,Cali,Valle del Cauca,Damaged,Residential,Pleiades,2026/08/11 15:55 UTC,Photo-interpretation,© ICube-SERTIT 2026,3.414680593000071,-76.53274405799993,2026-08-21T09:23:55Z,2026-08-31
30f81bb1cf985789e6cd8a53f964f75e19203f150ab65e91589800a7ba3f0db3,UrbanP,33,3246,Cali,Valle del Cauca,Damaged,Residential,Pleiades,2026/08/11 15:55 UTC,Photo-interpretation,© ICube-SERTIT 2026,3.418673589000036,-76.55281727499994,2026-08-21T09:23:55Z,2026-08-31
30f81bb1cf985789e6cd8a53f964f75e19203f150ab65e91589800a7ba3f0db3,UrbanP,34,3246,Cali,Valle del Cauca,Damaged,Residential,Pleiades,2026/08/11 15:55 UTC,Photo-interpretation,© ICube-SERTIT 2026,3.423148841000057,-76.54827417899997,2026-08-21T09:23:55Z,2026-08-31
30f81bb1cf985789e6cd8a53f964f75e19203f150ab65e91589800a7ba3f0db3,UrbanP,35,3246,Cali,Valle del Cauca,Possibly damaged,Residential,Pleiades,2026/08/11 15:55 UTC,Photo-interpretation,© ICube-SERTIT 2026,3.423531703000037,-76.54915549799995,2026-08-21T09:23:55Z,2026-08-31
30f81bb1cf985789e6cd8a53f964f75e19203f150ab65e91589800a7ba3f0db3,UrbanP,36,3246,Cali,Valle del Cauca,Damaged,Residential,Pleiades,2026/08/11 15:55 UTC,Photo-interpretation,© ICube-SERTIT 2026,3.423374482000042,-76.54796552199997,2026-08-21T09:23:55Z,2026-08-31
30f81bb1cf985789e6cd8a53f964f75e19203f150ab65e91589800a7ba3f0db3,UrbanP,37,3246,Cali,Valle del Cauca,Damaged,Residential,Pleiades,2026/08/11 15:55 UTC,Photo-interpretation,© ICube-SERTIT 2026,3.423203348000072,-76.54817383499994,2026-08-21T09:23:55Z,2026-08-31
30f81bb1cf985789e6cd8a53f964f75e19203f150ab65e91589800a7ba3f0db3,UrbanP,38,3246,Cali,Valle del Cauca,Possibly damaged,Residential,Pleiades,2026/08/11 15:55 UTC,Photo-interpretation,© ICube-SERTIT 2026,3.423434760000021,-76.54909353799997,2026-08-21T09:23:55Z,2026-08-31
30f81bb1cf985789e6cd8a53f964f75e19203f150ab65e91589800a7ba3f0db3,UrbanP,39,3246,Cali,Valle del Cauca,Possibly damaged,Residential,Pleiades,2026/08/11 15:55 UTC,Photo-interpretation,© ICube-SERTIT 2026,3.423337817000061,-76.54903157899997,2026-08-21T09:23:55Z,2026-08-31
30f81bb1cf985789e6cd8a53f964f75e19203f150ab65e91589800a7ba3f0db3,UrbanP,40,3246,Cali,Valle del Cauca,Possibly damaged,Residential,Pleiades,2026/08/11 15:55 UTC,Photo-interpretation,© ICube-SERTIT 2026,3.423412610000071,-76.54839048399998,2026-08-21T09:23:55Z,2026-08-31
30f81bb1cf985789e6cd8a53f964f75e19203f150ab65e91589800a7ba3f0db3,UrbanP,41,3246,Cali,Valle del Cauca,Possibly damaged,Residential,Pleiades,2026/08/11 15:55 UTC,Photo-interpretation,© ICube-SERTIT 2026,3.423455429000057,-76.54831716099994,2026-08-21T09:23:55Z,2026-08-31
30f81bb1cf985789e6cd8a53f964f75e19203f150ab65e91589800a7ba3f0db3,UrbanP,42,3246,Cali,Valle del Cauca,Possibly damaged,Residential,Pleiades,2026/08/11 15:55 UTC,Photo-interpretation,© ICube-SERTIT 2026,3.423486589000049,-76.54825154499997,2026-08-21T09:23:55Z,2026-08-31
30f81bb1cf985789e6cd8a53f964f75e19203f150ab65e91589800a7ba3f0db3,UrbanP,43,3246,Cali,Valle del Cauca,Possibly damaged,Residential,Pleiades,2026/08/11 15:55 UTC,Photo-interpretation,© ICube-SERTIT 2026,3.42328014900005,-76.54868770199994,2026-08-21T09:23:55Z,2026-08-31
30f81bb1cf985789e6cd8a53f964f75e19203f150ab65e91589800a7ba3f0db3,UrbanP,44,3246,Cali,Valle del Cauca,Damaged,Residential,Pleiades,2026/08/11 15:55 UTC,Photo-interpretation,© ICube-SERTIT 2026,3.422648159000062,-76.54583984999994,2026-08-21T09:23:55Z,2026-08-31
30f81bb1cf985789e6cd8a53f964f75e19203f150ab65e91589800a7ba3f0db3,UrbanP,45,3246,Cali,Valle del Cauca,Not Applicable,Tent/shelter,Pleiades,2026/08/11 15:55 UTC,Photo-interpretation,© ICube-SERTIT 2026,3.424314072000072,-76.53468349999997,2026-08-21T09:23:55Z,2026-08-31
30f81bb1cf985789e6cd8a53f964f75e19203f150ab65e91589800a7ba3f0db3,UrbanP,46,3246,Cali,Valle del Cauca,Possibly damaged,Residential,Pleiades,2026/08/11 15:55 UTC,Photo-interpretation,© ICube-SERTIT 2026,3.423812780000048,-76.54020859199994,2026-08-21T09:23:55Z,2026-08-31
30f81bb1cf985789e6cd8a53f964f75e19203f150ab65e91589800a7ba3f0db3,UrbanP,47,3246,Cali,Valle del Cauca,Damaged,Residential,Pleiades,2026/08/11 15:55 UTC,Photo-interpretation,© ICube-SERTIT 2026,3.425254283000072,-76.55210445699998,2026-08-21T09:23:55Z,2026-08-31
30f81bb1cf985789e6cd8a53f964f75e19203f150ab65e91589800a7ba3f0db3,UrbanP,48,3246,Cali,Valle del Cauca,Possibly damaged,Residential,Pleiades,2026/08/11 15:55 UTC,Photo-interpretation,© ICube-SERTIT 2026,3.427570820000028,-76.54066700799996,2026-08-21T09:23:55Z,2026-08-31
30f81bb1cf985789e6cd8a53f964f75e19203f150ab65e91589800a7ba3f0db3,UrbanP,49,3246,Cali,Valle del Cauca,Damaged,Residential,Pleiades,2026/08/11 15:55 UTC,Photo-interpretation,© ICube-SERTIT 2026,3.42794058000004,-76.54398772599995,2026-08-21T09:23:55Z,2026-08-31
30f81bb1cf985789e6cd8a53f964f75e19203f150ab65e91589800a7ba3f0db3,UrbanP,50,3246,Cali,Valle del Cauca,Damaged,Residential,Pleiades,2026/08/11 15:55 UTC,Photo-interpretation,© ICube-SERTIT 2026,3.42878597400005,-76.53585067699998,2026-08-21T09:23:55Z,2026-08-31
30f81bb1cf985789e6cd8a53f964f75e19203f150ab65e91589800a7ba3f0db3,UrbanP,51,3246,Cali,Valle del Cauca,Damaged,Hospital,Pleiades,2026/08/11 15:55 UTC,Photo-interpretation,© ICube-SERTIT 2026,3.428924550000033,-76.53618958699997,2026-08-21T09:23:55Z,2026-08-31
30f81bb1cf985789e6cd8a53f964f75e19203f150ab65e91589800a7ba3f0db3,UrbanP,52,3246,Cali,Valle del Cauca,Damaged,Educational,Pleiades,2026/08/11 15:55 UTC,Photo-interpretation,© ICube-SERTIT 2026,3.429512638000062,-76.53508051599994,2026-08-21T09:23:55Z,2026-08-31
30f81bb1cf985789e6cd8a53f964f75e19203f150ab65e91589800a7ba3f0db3,UrbanP,53,3246,Cali,Valle del Cauca,Damaged,Educational,Pleiades,2026/08/11 15:55 UTC,Photo-interpretation,© ICube-SERTIT 2026,3.429404041000055,-76.53463782199998,2026-08-21T09:23:55Z,2026-08-31
30f81bb1cf985789e6cd8a53f964f75e19203f150ab65e91589800a7ba3f0db3,UrbanP,54,3246,Cali,Valle del Cauca,Possibly damaged,Residential,Pleiades,2026/08/11 15:55 UTC,Photo-interpretation,© ICube-SERTIT 2026,3.432167130000039,-76.54507237899998,2026-08-21T09:23:55Z,2026-08-31
30f81bb1cf985789e6cd8a53f964f75e19203f150ab65e91589800a7ba3f0db3,UrbanP,55,3246,Cali,Valle del Cauca,Damaged,Residential,Pleiades,2026/08/11 15:55 UTC,Photo-interpretation,© ICube-SERTIT 2026,3.434469023000077,-76.54266816899997,2026-08-21T09:23:55Z,2026-08-31
30f81bb1cf985789e6cd8a53f964f75e19203f150ab65e91589800a7ba3f0db3,UrbanP,56,3246,Cali,Valle del Cauca,Damaged,Residential,Pleiades,2026/08/11 15:55 UTC,Photo-interpretation,© ICube-SERTIT 2026,3.434394642000029,-76.54257657899996,2026-08-21T09:23:55Z,2026-08-31
30f81bb1cf985789e6cd8a53f964f75e19203f150ab65e91589800a7ba3f0db3,UrbanP,57,3246,Cali,Valle del Cauca,Damaged,Residential,Pleiades,2026/08/11 15:55 UTC,Photo-interpretation,© ICube-SERTIT 2026,3.435581589000037,-76.53370330199994,2026-08-21T09:23:55Z,2026-08-31
30f81bb1cf985789e6cd8a53f964f75e19203f150ab65e91589800a7ba3f0db3,UrbanP,58,3246,Cali,Valle del Cauca,Damaged,Residential,Pleiades,2026/08/11 15:55 UTC,Photo-interpretation,© ICube-SERTIT 2026,3.439119899000048,-76.54863610699994,2026-08-21T09:23:55Z,2026-08-31
30f81bb1cf985789e6cd8a53f964f75e19203f150ab65e91589800a7ba3f0db3,UrbanP,59,3246,Cali,Valle del Cauca,Possibly damaged,Residential,Pleiades,2026/08/11 15:55 UTC,Photo-interpretation,© ICube-SERTIT 2026,3.43905481500002,-76.54129852099999,2026-08-21T09:23:55Z,2026-08-31
30f81bb1cf985789e6cd8a53f964f75e19203f150ab65e91589800a7ba3f0db3,UrbanP,60,3246,Cali,Valle del Cauca,Possibly damaged,Residential,Pleiades,2026/08/11 15:55 UTC,Photo-interpretation,© ICube-SERTIT 2026,3.440961522000066,-76.54359826299998,2026-08-21T09:23:55Z,2026-08-31
30f81bb1cf985789e6cd8a53f964f75e19203f150ab65e91589800a7ba3f0db3,UrbanP,61,3246,Cali,Valle del Cauca,Damaged,Residential,Pleiades,2026/08/11 15:55 UTC,Photo-interpretation,© ICube-SERTIT 2026,3.442175045000056,-76.54134556299994,2026-08-21T09:23:55Z,2026-08-31
30f81bb1cf985789e6cd8a53f964f75e19203f150ab65e91589800a7ba3f0db3,UrbanP,62,3246,Cali,Valle del Cauca,Damaged,Residential,Pleiades,2026/08/11 15:55 UTC,Photo-interpretation,© ICube-SERTIT 2026,3.396370957000045,-76.54802404699996,2026-08-21T09:23:55Z,2026-08-31
30f81bb1cf985789e6cd8a53f964f75e19203f150ab65e91589800a7ba3f0db3,UrbanP,63,3246,Cali,Valle del Cauca,Possibly damaged,Residential,Pleiades,2026/08/11 15:55 UTC,Photo-interpretation,© ICube-SERTIT 2026,3.396152027000028,-76.54767906099994,2026-08-21T09:23:55Z,2026-08-31
30f81bb1cf985789e6cd8a53f964f75e19203f150ab65e91589800a7ba3f0db3,UrbanP,64,3246,Cali,Valle del Cauca,Possibly damaged,Residential,Pleiades,2026/08/11 15:55 UTC,Photo-interpretation,© ICube-SERTIT 2026,3.396476342000028,-76.54760343599997,2026-08-21T09:23:55Z,2026-08-31
30f81bb1cf985789e6cd8a53f964f75e19203f150ab65e91589800a7ba3f0db3,UrbanP,65,3246,Cali,Valle del Cauca,Possibly damaged,Residential,Pleiades,2026/08/11 15:55 UTC,Photo-interpretation,© ICube-SERTIT 2026,3.396556081000028,-76.54810448999996,2026-08-21T09:23:55Z,2026-08-31
30f81bb1cf985789e6cd8a53f964f75e19203f150ab65e91589800a7ba3f0db3,UrbanP,66,3246,Cali,Valle del Cauca,Possibly damaged,Residential,Pleiades,2026/08/11 15:55 UTC,Photo-interpretation,© ICube-SERTIT 2026,3.396638984000049,-76.54789022499995,2026-08-21T09:23:55Z,2026-08-31
30f81bb1cf985789e6cd8a53f964f75e19203f150ab65e91589800a7ba3f0db3,UrbanP,67,3246,Cali,Valle del Cauca,Possibly damaged,Residential,Pleiades,2026/08/11 15:55 UTC,Photo-interpretation,© ICube-SERTIT 2026,3.416860858000064,-76.53961735899998,2026-08-21T09:23:55Z,2026-08-31
30f81bb1cf985789e6cd8a53f964f75e19203f150ab65e91589800a7ba3f0db3,UrbanP,68,3246,Cali,Valle del Cauca,Not Applicable,Tent/shelter,Pleiades,2026/08/11 15:55 UTC,Photo-interpretation,© ICube-SERTIT 2026,3.424358220000045,-76.53477588799996,2026-08-21T09:23:55Z,2026-08-31
30f81bb1cf985789e6cd8a53f964f75e19203f150ab65e91589800a7ba3f0db3,UrbanP,69,3246,Cali,Valle del Cauca,Not Applicable,Tent/shelter,Pleiades,2026/08/11 15:55 UTC,Photo-interpretation,© ICube-SERTIT 2026,3.424369520000027,-76.53486126599995,2026-08-21T09:23:55Z,2026-08-31
30f81bb1cf985789e6cd8a53f964f75e19203f150ab65e91589800a7ba3f0db3,UrbanP,70,3246,Cali,Valle del Cauca,Not Applicable,Tent/shelter,Pleiades,2026/08/11 15:55 UTC,Photo-interpretation,© ICube-SERTIT 2026,3.424277958000062,-76.53490095399997,2026-08-21T09:23:55Z,2026-08-31
30f81bb1cf985789e6cd8a53f964f75e19203f150ab65e91589800a7ba3f0db3,UrbanP,71,3246,Cali,Valle del Cauca,Not Applicable,Tent/shelter,Pleiades,2026/08/11 15:55 UTC,Photo-interpretation,© ICube-SERTIT 2026,3.424174938000021,-76.53495390299997,2026-08-21T09:23:55Z,2026-08-31
30f81bb1cf985789e6cd8a53f964f75e19203f150ab65e91589800a7ba3f0db3,UrbanP,72,3246,Cali,Valle del Cauca,Not Applicable,Tent/shelter,Pleiades,2026/08/11 15:55 UTC,Photo-interpretation,© ICube-SERTIT 2026,3.424268659000063,-76.53475677699998,2026-08-21T09:23:55Z,2026-08-31
30f81bb1cf985789e6cd8a53f964f75e19203f150ab65e91589800a7ba3f0db3,UrbanP,73,3246,Cali,Valle del Cauca,Not Applicable,Tent/shelter,Pleiades,2026/08/11 15:55 UTC,Photo-interpretation,© ICube-SERTIT 2026,3.424783208000065,-76.53483536799996,2026-08-21T09:23:55Z,2026-08-31
30f81bb1cf985789e6cd8a53f964f75e19203f150ab65e91589800a7ba3f0db3,UrbanP,74,3246,Cali,Valle del Cauca,Not Applicable,Tent/shelter,Pleiades,2026/08/11 15:55 UTC,Photo-interpretation,© ICube-SERTIT 2026,3.424895710000044,-76.53481278499999,2026-08-21T09:23:55Z,2026-08-31
30f81bb1cf985789e6cd8a53f964f75e19203f150ab65e91589800a7ba3f0db3,UrbanP,75,3246,Cali,Valle del Cauca,Not Applicable,Tent/shelter,Pleiades,2026/08/11 15:55 UTC,Photo-interpretation,© ICube-SERTIT 2026,3.424947180000061,-76.53481096999997,2026-08-21T09:23:55Z,2026-08-31
30f81bb1cf985789e6cd8a53f964f75e19203f150ab65e91589800a7ba3f0db3,UrbanP,76,3246,Cali,Valle del Cauca,Damaged,Residential,Pleiades,2026/08/11 15:55 UTC,Photo-interpretation,© ICube-SERTIT 2026,3.43440547900002,-76.53468172599997,2026-08-21T09:23:55Z,2026-08-31
30f81bb1cf985789e6cd8a53f964f75e19203f150ab65e91589800a7ba3f0db3,UrbanP,77,3246,Cali,Valle del Cauca,Possibly damaged,Residential,Pleiades,2026/08/11 15:55 UTC,Photo-interpretation,© ICube-SERTIT 2026,3.434219520000056,-76.53482435799998,2026-08-21T09:23:55Z,2026-08-31
30f81bb1cf985789e6cd8a53f964f75e19203f150ab65e91589800a7ba3f0db3,UrbanP,78,3246,Cali,Valle del Cauca,Possibly damaged,Residential,Pleiades,2026/08/11 15:55 UTC,Photo-interpretation,© ICube-SERTIT 2026,3.435661128000049,-76.53307207899996,2026-08-21T09:23:55Z,2026-08-31
30f81bb1cf985789e6cd8a53f964f75e19203f150ab65e91589800a7ba3f0db3,UrbanP,79,3246,Cali,Valle del Cauca,Possibly damaged,Residential,Pleiades,2026/08/11 15:55 UTC,Photo-interpretation,© ICube-SERTIT 2026,3.434189659000026,-76.53337776899997,2026-08-21T09:23:55Z,2026-08-31
30f81bb1cf985789e6cd8a53f964f75e19203f150ab65e91589800a7ba3f0db3,UrbanP,80,3246,Cali,Valle del Cauca,Destroyed,Residential,Pleiades,2026/08/11 15:55 UTC,Photo-interpretation,© ICube-SERTIT 2026,3.421575451000024,-76.53458980999994,2026-08-21T09:23:55Z,2026-08-31
30f81bb1cf985789e6cd8a53f964f75e19203f150ab65e91589800a7ba3f0db3,UrbanP,81,3246,Cali,Valle del Cauca,Destroyed,Residential,Pleiades,2026/08/11 15:55 UTC,Photo-interpretation,© ICube-SERTIT 2026,3.422389101000022,-76.54294494899995,2026-08-21T09:23:55Z,2026-08-31
30f81bb1cf985789e6cd8a53f964f75e19203f150ab65e91589800a7ba3f0db3,UrbanP,82,3246,Cali,Valle del Cauca,Possibly damaged,Residential,Pleiades,2026/08/11 15:55 UTC,Photo-interpretation,© ICube-SERTIT 2026,3.422354591000044,-76.54284632399998,2026-08-21T09:23:55Z,2026-08-31
30f81bb1cf985789e6cd8a53f964f75e19203f150ab65e91589800a7ba3f0db3,UrbanP,83,3246,Cali,Valle del Cauca,Possibly damaged,Residential,Pleiades,2026/08/11 15:55 UTC,Photo-interpretation,© ICube-SERTIT 2026,3.422816410000053,-76.54821667299996,2026-08-21T09:23:55Z,2026-08-31
30f81bb1cf985789e6cd8a53f964f75e19203f150ab65e91589800a7ba3f0db3,UrbanP,84,3246,Cali,Valle del Cauca,Possibly damaged,Residential,Pleiades,2026/08/11 15:55 UTC,Photo-interpretation,© ICube-SERTIT 2026,3.422880547000034,-76.54836955999997,2026-08-21T09:23:55Z,2026-08-31
30f81bb1cf985789e6cd8a53f964f75e19203f150ab65e91589800a7ba3f0db3,UrbanP,85,3246,Cali,Valle del Cauca,Possibly damaged,Residential,Pleiades,2026/08/11 15:55 UTC,Photo-interpretation,© ICube-SERTIT 2026,3.423472516000061,-76.54982441899995,2026-08-21T09:23:55Z,2026-08-31
30f81bb1cf985789e6cd8a53f964f75e19203f150ab65e91589800a7ba3f0db3,UrbanP,86,3246,Cali,Valle del Cauca,Possibly damaged,Residential,Pleiades,2026/08/11 15:55 UTC,Photo-interpretation,© ICube-SERTIT 2026,3.423035663000064,-76.55044717199996,2026-08-21T09:23:55Z,2026-08-31
30f81bb1cf985789e6cd8a53f964f75e19203f150ab65e91589800a7ba3f0db3,UrbanP,87,3246,Cali,Valle del Cauca,Possibly damaged,Residential,Pleiades,2026/08/11 15:55 UTC,Photo-interpretation,© ICube-SERTIT 2026,3.422951419000071,-76.55047660699995,2026-08-21T09:23:55Z,2026-08-31
30f81bb1cf985789e6cd8a53f964f75e19203f150ab65e91589800a7ba3f0db3,UrbanP,88,3246,Cali,Valle del Cauca,Possibly damaged,Residential,Pleiades,2026/08/11 15:55 UTC,Photo-interpretation,© ICube-SERTIT 2026,3.42015992100005,-76.54780827299999,2026-08-21T09:23:55Z,2026-08-31
30f81bb1cf985789e6cd8a53f964f75e19203f150ab65e91589800a7ba3f0db3,UrbanP,89,3246,Cali,Valle del Cauca,Possibly damaged,Residential,Pleiades,2026/08/11 15:55 UTC,Photo-interpretation,© ICube-SERTIT 2026,3.421166055000072,-76.54276803099998,2026-08-21T09:23:55Z,2026-08-31
30f81bb1cf985789e6cd8a53f964f75e19203f150ab65e91589800a7ba3f0db3,UrbanP,90,3246,Cali,Valle del Cauca,Possibly damaged,Residential,Pleiades,2026/08/11 15:55 UTC,Photo-interpretation,© ICube-SERTIT 2026,3.421066824000036,-76.54287629899994,2026-08-21T09:23:55Z,2026-08-31
30f81bb1cf985789e6cd8a53f964f75e19203f150ab65e91589800a7ba3f0db3,UrbanP,91,3246,Cali,Valle del Cauca,Possibly damaged,Residential,Pleiades,2026/08/11 15:55 UTC,Photo-interpretation,© ICube-SERTIT 2026,3.420987509000042,-76.54292052899996,2026-08-21T09:23:55Z,2026-08-31
30f81bb1cf985789e6cd8a53f964f75e19203f150ab65e91589800a7ba3f0db3,UrbanP,92,3246,Cali,Valle del Cauca,Damaged,Residential,Pleiades,2026/08/11 15:55 UTC,Photo-interpretation,© ICube-SERTIT 2026,3.418074798000021,-76.53244526799995,2026-08-21T09:23:55Z,2026-08-31
30f81bb1cf985789e6cd8a53f964f75e19203f150ab65e91589800a7ba3f0db3,UrbanP,93,3246,Cali,Valle del Cauca,Possibly damaged,Residential,Pleiades,2026/08/11 15:55 UTC,Photo-interpretation,© ICube-SERTIT 2026,3.418243347000043,-76.53234942999995,2026-08-21T09:23:55Z,2026-08-31
30f81bb1cf985789e6cd8a53f964f75e19203f150ab65e91589800a7ba3f0db3,UrbanP,94,3246,Cali,Valle del Cauca,Possibly damaged,Residential,Pleiades,2026/08/11 15:55 UTC,Photo-interpretation,© ICube-SERTIT 2026,3.41681821800006,-76.53926678299996,2026-08-21T09:23:55Z,2026-08-31
30f81bb1cf985789e6cd8a53f964f75e19203f150ab65e91589800a7ba3f0db3,UrbanP,95,3246,Cali,Valle del Cauca,Possibly damaged,Commercial,Pleiades,2026/08/11 15:55 UTC,Photo-interpretation,© ICube-SERTIT 2026,3.414679293000063,-76.54653040899996,2026-08-21T09:23:55Z,2026-08-31
30f81bb1cf985789e6cd8a53f964f75e19203f150ab65e91589800a7ba3f0db3,UrbanP,96,3246,Cali,Valle del Cauca,Destroyed,Residential,Pleiades,2026/08/11 15:55 UTC,Photo-interpretation,© ICube-SERTIT 2026,3.414538606000065,-76.54163621399994,2026-08-21T09:23:55Z,2026-08-31
30f81bb1cf985789e6cd8a53f964f75e19203f150ab65e91589800a7ba3f0db3,UrbanP,97,3246,Cali,Valle del Cauca,Possibly damaged,Residential,Pleiades,2026/08/11 15:55 UTC,Photo-interpretation,© ICube-SERTIT 2026,3.414471498000069,-76.54178888899997,2026-08-21T09:23:55Z,2026-08-31
30f81bb1cf985789e6cd8a53f964f75e19203f150ab65e91589800a7ba3f0db3,UrbanP,98,3246,Cali,Valle del Cauca,Possibly damaged,Residential,Pleiades,2026/08/11 15:55 UTC,Photo-interpretation,© ICube-SERTIT 2026,3.414679899000021,-76.54155019099994,2026-08-21T09:23:55Z,2026-08-31
30f81bb1cf985789e6cd8a53f964f75e19203f150ab65e91589800a7ba3f0db3,UrbanP,99,3246,Cali,Valle del Cauca,Destroyed,Residential,Pleiades,2026/08/11 15:55 UTC,Photo-interpretation,© ICube-SERTIT 2026,3.407299099000056,-76.54843084099997,2026-08-21T09:23:55Z,2026-08-31
30f81bb1cf985789e6cd8a53f964f75e19203f150ab65e91589800a7ba3f0db3,UrbanP,100,3246,Cali,Valle del Cauca,Possibly damaged,Residential,Pleiades,2026/08/11 15:55 UTC,Photo-interpretation,© ICube-SERTIT 2026,3.407175512000038,-76.54828771899997,2026-08-21T09:23:55Z,2026-08-31
30f81bb1cf985789e6cd8a53f964f75e19203f150ab65e91589800a7ba3f0db3,UrbanP,101,3246,Cali,Valle del Cauca,Possibly damaged,Residential,Pleiades,2026/08/11 15:55 UTC,Photo-interpretation,© ICube-SERTIT 2026,3.40717277300007,-76.54845035299996,2026-08-21T09:23:55Z,2026-08-31
30f81bb1cf985789e6cd8a53f964f75e19203f150ab65e91589800a7ba3f0db3,UrbanP,102,3246,Cali,Valle del Cauca,Possibly damaged,Residential,Pleiades,2026/08/11 15:55 UTC,Photo-interpretation,© ICube-SERTIT 2026,3.407293972000048,-76.54853925799995,2026-08-21T09:23:55Z,2026-08-31
45652401331b05936c218c4fe29777f061da600daaef6e63f46c5cb7665043e9,UrbanP,0,3245,Manizales,Caldas,Possibly damaged,Residential,Pleiades,2026/08/11 15:53 UTC,Photo-interpretation,© ICube-SERTIT 2026,5.066433526000026,-75.51864646799999,2026-08-21T09:23:55Z,2026-08-31
45652401331b05936c218c4fe29777f061da600daaef6e63f46c5cb7665043e9,UrbanP,1,3245,Manizales,Caldas,Possibly damaged,Residential,Pleiades,2026/08/11 15:53 UTC,Photo-interpretation,© ICube-SERTIT 2026,5.066293728000062,-75.51863023199996,2026-08-21T09:23:55Z,2026-08-31
45652401331b05936c218c4fe29777f061da600daaef6e63f46c5cb7665043e9,UrbanP,2,3245,Manizales,Caldas,Possibly damaged,Residential,Pleiades,2026/08/11 15:53 UTC,Photo-interpretation,© ICube-SERTIT 2026,5.067173155000035,-75.51667041999997,2026-08-21T09:23:55Z,2026-08-31
45652401331b05936c218c4fe29777f061da600daaef6e63f46c5cb7665043e9,UrbanP,3,3245,Manizales,Caldas,Possibly damaged,Residential,Pleiades,2026/08/11 15:53 UTC,Photo-interpretation,© ICube-SERTIT 2026,5.067178971000033,-75.51653384299993,2026-08-21T09:23:55Z,2026-08-31
45652401331b05936c218c4fe29777f061da600daaef6e63f46c5cb7665043e9,UrbanP,4,3245,Manizales,Caldas,Possibly damaged,Residential,Pleiades,2026/08/11 15:53 UTC,Photo-interpretation,© ICube-SERTIT 2026,5.067197189000069,-75.51634890299994,2026-08-21T09:23:55Z,2026-08-31
45652401331b05936c218c4fe29777f061da600daaef6e63f46c5cb7665043e9,UrbanP,5,3245,Manizales,Caldas,Possibly damaged,Residential,Pleiades,2026/08/11 15:53 UTC,Photo-interpretation,© ICube-SERTIT 2026,5.06720109500003,-75.51622180999993,2026-08-21T09:23:55Z,2026-08-31
45652401331b05936c218c4fe29777f061da600daaef6e63f46c5cb7665043e9,UrbanP,6,3245,Manizales,Caldas,Possibly damaged,Residential,Pleiades,2026/08/11 15:53 UTC,Photo-interpretation,© ICube-SERTIT 2026,5.067032787000073,-75.51617709699997,2026-08-21T09:23:55Z,2026-08-31
45652401331b05936c218c4fe29777f061da600daaef6e63f46c5cb7665043e9,UrbanP,7,3245,Manizales,Caldas,Possibly damaged,Residential,Pleiades,2026/08/11 15:53 UTC,Photo-interpretation,© ICube-SERTIT 2026,5.067011774000036,-75.51628900199995,2026-08-21T09:23:55Z,2026-08-31
45652401331b05936c218c4fe29777f061da600daaef6e63f46c5cb7665043e9,UrbanP,8,3245,Manizales,Caldas,Possibly damaged,Residential,Pleiades,2026/08/11 15:53 UTC,Photo-interpretation,© ICube-SERTIT 2026,5.066991644000041,-75.51648532199994,2026-08-21T09:23:55Z,2026-08-31
45652401331b05936c218c4fe29777f061da600daaef6e63f46c5cb7665043e9,UrbanP,9,3245,Manizales,Caldas,Possibly damaged,Residential,Pleiades,2026/08/11 15:53 UTC,Photo-interpretation,© ICube-SERTIT 2026,5.066978177000067,-75.51667500699995,2026-08-21T09:23:55Z,2026-08-31
45652401331b05936c218c4fe29777f061da600daaef6e63f46c5cb7665043e9,UrbanP,10,3245,Manizales,Caldas,Damaged,Residential,Pleiades,2026/08/11 15:53 UTC,Photo-interpretation,© ICube-SERTIT 2026,5.067532111000048,-75.51736783999996,2026-08-21T09:23:55Z,2026-08-31
45652401331b05936c218c4fe29777f061da600daaef6e63f46c5cb7665043e9,UrbanP,11,3245,Manizales,Caldas,Possibly damaged,Residential,Pleiades,2026/08/11 15:53 UTC,Photo-interpretation,© ICube-SERTIT 2026,5.066901335000068,-75.52003837799998,2026-08-21T09:23:55Z,2026-08-31
45652401331b05936c218c4fe29777f061da600daaef6e63f46c5cb7665043e9,UrbanP,12,3245,Manizales,Caldas,Possibly damaged,Residential,Pleiades,2026/08/11 15:53 UTC,Photo-interpretation,© ICube-SERTIT 2026,5.067178889000047,-75.51305101299994,2026-08-21T09:23:55Z,2026-08-31
45652401331b05936c218c4fe29777f061da600daaef6e63f46c5cb7665043e9,UrbanP,13,3245,Manizales,Caldas,Possibly damaged,Residential,Pleiades,2026/08/11 15:53 UTC,Photo-interpretation,© ICube-SERTIT 2026,5.067834667000056,-75.51365192099996,2026-08-21T09:23:55Z,2026-08-31
45652401331b05936c218c4fe29777f061da600daaef6e63f46c5cb7665043e9,UrbanP,14,3245,Manizales,Caldas,Possibly damaged,Residential,Pleiades,2026/08/11 15:53 UTC,Photo-interpretation,© ICube-SERTIT 2026,5.067984938000052,-75.51365488499994,2026-08-21T09:23:55Z,2026-08-31
45652401331b05936c218c4fe29777f061da600daaef6e63f46c5cb7665043e9,UrbanP,15,3245,Manizales,Caldas,Possibly damaged,Residential,Pleiades,2026/08/11 15:53 UTC,Photo-interpretation,© ICube-SERTIT 2026,5.065521849000049,-75.51094312999999,2026-08-21T09:23:55Z,2026-08-31
45652401331b05936c218c4fe29777f061da600daaef6e63f46c5cb7665043e9,UrbanP,16,3245,Manizales,Caldas,Possibly damaged,Residential,Pleiades,2026/08/11 15:53 UTC,Photo-interpretation,© ICube-SERTIT 2026,5.06536585200007,-75.51096482299994,2026-08-21T09:23:55Z,2026-08-31
45652401331b05936c218c4fe29777f061da600daaef6e63f46c5cb7665043e9,UrbanP,17,3245,Manizales,Caldas,Possibly damaged,Residential,Pleiades,2026/08/11 15:53 UTC,Photo-interpretation,© ICube-SERTIT 2026,5.065006660000051,-75.51902252199994,2026-08-21T09:23:55Z,2026-08-31
45652401331b05936c218c4fe29777f061da600daaef6e63f46c5cb7665043e9,UrbanP,18,3245,Manizales,Caldas,Possibly damaged,Residential,Pleiades,2026/08/11 15:53 UTC,Photo-interpretation,© ICube-SERTIT 2026,5.064415532000055,-75.51836403399994,2026-08-21T09:23:55Z,2026-08-31
45652401331b05936c218c4fe29777f061da600daaef6e63f46c5cb7665043e9,UrbanP,19,3245,Manizales,Caldas,Possibly damaged,Residential,Pleiades,2026/08/11 15:53 UTC,Photo-interpretation,© ICube-SERTIT 2026,5.066274337000038,-75.52159793799996,2026-08-21T09:23:55Z,2026-08-31
45652401331b05936c218c4fe29777f061da600daaef6e63f46c5cb7665043e9,UrbanP,20,3245,Manizales,Caldas,Possibly damaged,Residential,Pleiades,2026/08/11 15:53 UTC,Photo-interpretation,© ICube-SERTIT 2026,5.066162353000038,-75.52157660199998,2026-08-21T09:23:55Z,2026-08-31
45652401331b05936c218c4fe29777f061da600daaef6e63f46c5cb7665043e9,UrbanP,21,3245,Manizales,Caldas,Damaged,Residential,Pleiades,2026/08/11 15:53 UTC,Photo-interpretation,© ICube-SERTIT 2026,5.060356561000049,-75.51918225499998,2026-08-21T09:23:55Z,2026-08-31
45652401331b05936c218c4fe29777f061da600daaef6e63f46c5cb7665043e9,UrbanP,22,3245,Manizales,Caldas,Possibly damaged,Residential,Pleiades,2026/08/11 15:53 UTC,Photo-interpretation,© ICube-SERTIT 2026,5.06022706300007,-75.51936805299994,2026-08-21T09:23:55Z,2026-08-31
45652401331b05936c218c4fe29777f061da600daaef6e63f46c5cb7665043e9,UrbanP,23,3245,Manizales,Caldas,Possibly damaged,Residential,Pleiades,2026/08/11 15:53 UTC,Photo-interpretation,© ICube-SERTIT 2026,5.060334500000067,-75.51941366499995,2026-08-21T09:23:55Z,2026-08-31
45652401331b05936c218c4fe29777f061da600daaef6e63f46c5cb7665043e9,UrbanP,24,3245,Manizales,Caldas,Possibly damaged,Residential,Pleiades,2026/08/11 15:53 UTC,Photo-interpretation,© ICube-SERTIT 2026,5.060428625000043,-75.51945547299994,2026-08-21T09:23:55Z,2026-08-31
45652401331b05936c218c4fe29777f061da600daaef6e63f46c5cb7665043e9,UrbanP,25,3245,Manizales,Caldas,Possibly damaged,Residential,Pleiades,2026/08/11 15:53 UTC,Photo-interpretation,© ICube-SERTIT 2026,5.069124895000073,-75.51416417399997,2026-08-21T09:23:55Z,2026-08-31
45652401331b05936c218c4fe29777f061da600daaef6e63f46c5cb7665043e9,UrbanP,26,3245,Manizales,Caldas,Possibly damaged,Residential,Pleiades,2026/08/11 15:53 UTC,Photo-interpretation,© ICube-SERTIT 2026,5.068907286000069,-75.51895960699994,2026-08-21T09:23:55Z,2026-08-31
45652401331b05936c218c4fe29777f061da600daaef6e63f46c5cb7665043e9,UrbanP,27,3245,Manizales,Caldas,Possibly damaged,Residential,Pleiades,2026/08/11 15:53 UTC,Photo-interpretation,© ICube-SERTIT 2026,5.068366959000059,-75.51695504699995,2026-08-21T09:23:55Z,2026-08-31
45652401331b05936c218c4fe29777f061da600daaef6e63f46c5cb7665043e9,UrbanP,28,3245,Manizales,Caldas,Possibly damaged,Residential,Pleiades,2026/08/11 15:53 UTC,Photo-interpretation,© ICube-SERTIT 2026,5.068819980000058,-75.52085372199997,2026-08-21T09:23:55Z,2026-08-31
45652401331b05936c218c4fe29777f061da600daaef6e63f46c5cb7665043e9,UrbanP,29,3245,Manizales,Caldas,Possibly damaged,Residential,Pleiades,2026/08/11 15:53 UTC,Photo-interpretation,© ICube-SERTIT 2026,5.067087083000047,-75.51545241699995,2026-08-21T09:23:55Z,2026-08-31
45652401331b05936c218c4fe29777f061da600daaef6e63f46c5cb7665043e9,UrbanP,30,3245,Manizales,Caldas,Possibly damaged,Residential,Pleiades,2026/08/11 15:53 UTC,Photo-interpretation,© ICube-SERTIT 2026,5.06265756800002,-75.51347018899997,2026-08-21T09:23:55Z,2026-08-31
b715b82f5fa554cd6084941926015596c2b1fb356f51cc7cdb6bffd450a0c160,UrbanP,0,3248,Roldanillo,Valle del Cauca,Possibly damaged,Residential,Pleiades,2026/08/13 15:15 UTC,Photo-interpretation,© ICube-SERTIT 2026,4.407368424000026,-76.15579861699996,2026-08-21T09:23:55Z,2026-08-31
b715b82f5fa554cd6084941926015596c2b1fb356f51cc7cdb6bffd450a0c160,UrbanP,1,3248,Roldanillo,Valle del Cauca,Possibly damaged,Residential,Pleiades,2026/08/13 15:15 UTC,Photo-interpretation,© ICube-SERTIT 2026,4.411774544000025,-76.15619668799997,2026-08-21T09:23:55Z,2026-08-31
b715b82f5fa554cd6084941926015596c2b1fb356f51cc7cdb6bffd450a0c160,UrbanP,2,3248,Roldanillo,Valle del Cauca,Possibly damaged,Residential,Pleiades,2026/08/13 15:15 UTC,Photo-interpretation,© ICube-SERTIT 2026,4.411757504000036,-76.15561370399996,2026-08-21T09:23:55Z,2026-08-31
b715b82f5fa554cd6084941926015596c2b1fb356f51cc7cdb6bffd450a0c160,UrbanP,3,3248,Roldanillo,Valle del Cauca,Damaged,Residential,Pleiades,2026/08/13 15:15 UTC,Photo-interpretation,© ICube-SERTIT 2026,4.411718161000067,-76.15542364799995,2026-08-21T09:23:55Z,2026-08-31
b715b82f5fa554cd6084941926015596c2b1fb356f51cc7cdb6bffd450a0c160,UrbanP,4,3248,Roldanillo,Valle del Cauca,Damaged,Residential,Pleiades,2026/08/13 15:15 UTC,Photo-interpretation,© ICube-SERTIT 2026,4.411742067000034,-76.15471303399994,2026-08-21T09:23:55Z,2026-08-31
b715b82f5fa554cd6084941926015596c2b1fb356f51cc7cdb6bffd450a0c160,UrbanP,5,3248,Roldanillo,Valle del Cauca,Damaged,Residential,Pleiades,2026/08/13 15:15 UTC,Photo-interpretation,© ICube-SERTIT 2026,4.411752030000059,-76.15458974099994,2026-08-21T09:23:55Z,2026-08-31
b715b82f5fa554cd6084941926015596c2b1fb356f51cc7cdb6bffd450a0c160,UrbanP,6,3248,Roldanillo,Valle del Cauca,Possibly damaged,Residential,Pleiades,2026/08/13 15:15 UTC,Photo-interpretation,© ICube-SERTIT 2026,4.411343946000045,-76.15520241099995,2026-08-21T09:23:55Z,2026-08-31
b715b82f5fa554cd6084941926015596c2b1fb356f51cc7cdb6bffd450a0c160,UrbanP,7,3248,Roldanillo,Valle del Cauca,Possibly damaged,Residential,Pleiades,2026/08/13 15:15 UTC,Photo-interpretation,© ICube-SERTIT 2026,4.411276711000028,-76.15546632699994,2026-08-21T09:23:55Z,2026-08-31
b715b82f5fa554cd6084941926015596c2b1fb356f51cc7cdb6bffd450a0c160,UrbanP,8,3248,Roldanillo,Valle del Cauca,Possibly damaged,Residential,Pleiades,2026/08/13 15:15 UTC,Photo-interpretation,© ICube-SERTIT 2026,4.411233796000033,-76.15536254499995,2026-08-21T09:23:55Z,2026-08-31
b715b82f5fa554cd6084941926015596c2b1fb356f51cc7cdb6bffd450a0c160,UrbanP,9,3248,Roldanillo,Valle del Cauca,Possibly damaged,Residential,Pleiades,2026/08/13 15:15 UTC,Photo-interpretation,© ICube-SERTIT 2026,4.411416793000058,-76.15541289699996,2026-08-21T09:23:55Z,2026-08-31
b715b82f5fa554cd6084941926015596c2b1fb356f51cc7cdb6bffd450a0c160,UrbanP,10,3248,Roldanillo,Valle del Cauca,Possibly damaged,Residential,Pleiades,2026/08/13 15:15 UTC,Photo-interpretation,© ICube-SERTIT 2026,4.41138823700004,-76.15530913699996,2026-08-21T09:23:55Z,2026-08-31
b715b82f5fa554cd6084941926015596c2b1fb356f51cc7cdb6bffd450a0c160,UrbanP,11,3248,Roldanillo,Valle del Cauca,Possibly damaged,Residential,Pleiades,2026/08/13 15:15 UTC,Photo-interpretation,© ICube-SERTIT 2026,4.410523745000035,-76.15490366499995,2026-08-21T09:23:55Z,2026-08-31
b715b82f5fa554cd6084941926015596c2b1fb356f51cc7cdb6bffd450a0c160,UrbanP,12,3248,Roldanillo,Valle del Cauca,Possibly damaged,Residential,Pleiades,2026/08/13 15:15 UTC,Photo-interpretation,© ICube-SERTIT 2026,4.411369431000026,-76.15585987699995,2026-08-21T09:23:55Z,2026-08-31
b715b82f5fa554cd6084941926015596c2b1fb356f51cc7cdb6bffd450a0c160,UrbanP,13,3248,Roldanillo,Valle del Cauca,Damaged,Residential,Pleiades,2026/08/13 15:15 UTC,Photo-interpretation,© ICube-SERTIT 2026,4.412089199000036,-76.15468792199994,2026-08-21T09:23:55Z,2026-08-31
b715b82f5fa554cd6084941926015596c2b1fb356f51cc7cdb6bffd450a0c160,UrbanP,14,3248,Roldanillo,Valle del Cauca,Possibly damaged,Residential,Pleiades,2026/08/13 15:15 UTC,Photo-interpretation,© ICube-SERTIT 2026,4.411891064000031,-76.15744146499998,2026-08-21T09:23:55Z,2026-08-31
b715b82f5fa554cd6084941926015596c2b1fb356f51cc7cdb6bffd450a0c160,UrbanP,15,3248,Roldanillo,Valle del Cauca,Possibly damaged,Residential,Pleiades,2026/08/13 15:15 UTC,Photo-interpretation,© ICube-SERTIT 2026,4.411620093000067,-76.15164007899995,2026-08-21T09:23:55Z,2026-08-31
b715b82f5fa554cd6084941926015596c2b1fb356f51cc7cdb6bffd450a0c160,UrbanP,16,3248,Roldanillo,Valle del Cauca,Damaged,Residential,Pleiades,2026/08/13 15:15 UTC,Photo-interpretation,© ICube-SERTIT 2026,4.411663430000033,-76.15147205299996,2026-08-21T09:23:55Z,2026-08-31
b715b82f5fa554cd6084941926015596c2b1fb356f51cc7cdb6bffd450a0c160,UrbanP,17,3248,Roldanillo,Valle del Cauca,Damaged,Residential,Pleiades,2026/08/13 15:15 UTC,Photo-interpretation,© ICube-SERTIT 2026,4.411662593000074,-76.15136084799997,2026-08-21T09:23:55Z,2026-08-31
b715b82f5fa554cd6084941926015596c2b1fb356f51cc7cdb6bffd450a0c160,UrbanP,18,3248,Roldanillo,Valle del Cauca,Possibly damaged,Residential,Pleiades,2026/08/13 15:15 UTC,Photo-interpretation,© ICube-SERTIT 2026,4.411649449000038,-76.15122883399994,2026-08-21T09:23:55Z,2026-08-31
b715b82f5fa554cd6084941926015596c2b1fb356f51cc7cdb6bffd450a0c160,UrbanP,19,3248,Roldanillo,Valle del Cauca,Possibly damaged,Residential,Pleiades,2026/08/13 15:15 UTC,Photo-interpretation,© ICube-SERTIT 2026,4.411868050000066,-76.15146879199995,2026-08-21T09:23:55Z,2026-08-31
b715b82f5fa554cd6084941926015596c2b1fb356f51cc7cdb6bffd450a0c160,UrbanP,20,3248,Roldanillo,Valle del Cauca,Possibly damaged,Residential,Pleiades,2026/08/13 15:15 UTC,Photo-interpretation,© ICube-SERTIT 2026,4.411960411000052,-76.15209480999994,2026-08-21T09:23:55Z,2026-08-31
b715b82f5fa554cd6084941926015596c2b1fb356f51cc7cdb6bffd450a0c160,UrbanP,21,3248,Roldanillo,Valle del Cauca,Possibly damaged,Residential,Pleiades,2026/08/13 15:15 UTC,Photo-interpretation,© ICube-SERTIT 2026,4.410911292000037,-76.15268687999998,2026-08-21T09:23:55Z,2026-08-31
b715b82f5fa554cd6084941926015596c2b1fb356f51cc7cdb6bffd450a0c160,UrbanP,22,3248,Roldanillo,Valle del Cauca,Possibly damaged,Residential,Pleiades,2026/08/13 15:15 UTC,Photo-interpretation,© ICube-SERTIT 2026,4.410730172000058,-76.15373806999997,2026-08-21T09:23:55Z,2026-08-31
b715b82f5fa554cd6084941926015596c2b1fb356f51cc7cdb6bffd450a0c160,UrbanP,23,3248,Roldanillo,Valle del Cauca,Possibly damaged,Residential,Pleiades,2026/08/13 15:15 UTC,Photo-interpretation,© ICube-SERTIT 2026,4.410396251000066,-76.15378762499995,2026-08-21T09:23:55Z,2026-08-31
b715b82f5fa554cd6084941926015596c2b1fb356f51cc7cdb6bffd450a0c160,UrbanP,24,3248,Roldanillo,Valle del Cauca,Possibly damaged,Residential,Pleiades,2026/08/13 15:15 UTC,Photo-interpretation,© ICube-SERTIT 2026,4.410552876000054,-76.15232868499999,2026-08-21T09:23:55Z,2026-08-31
b715b82f5fa554cd6084941926015596c2b1fb356f51cc7cdb6bffd450a0c160,UrbanP,25,3248,Roldanillo,Valle del Cauca,Damaged,Residential,Pleiades,2026/08/13 15:15 UTC,Photo-interpretation,© ICube-SERTIT 2026,4.410074856000051,-76.15236434499997,2026-08-21T09:23:55Z,2026-08-31
b715b82f5fa554cd6084941926015596c2b1fb356f51cc7cdb6bffd450a0c160,UrbanP,26,3248,Roldanillo,Valle del Cauca,Possibly damaged,Residential,Pleiades,2026/08/13 15:15 UTC,Photo-interpretation,© ICube-SERTIT 2026,4.410042457000031,-76.15225396599999,2026-08-21T09:23:55Z,2026-08-31
b715b82f5fa554cd6084941926015596c2b1fb356f51cc7cdb6bffd450a0c160,UrbanP,27,3248,Roldanillo,Valle del Cauca,Possibly damaged,Residential,Pleiades,2026/08/13 15:15 UTC,Photo-interpretation,© ICube-SERTIT 2026,4.409862080000039,-76.15102580299998,2026-08-21T09:23:55Z,2026-08-31
b715b82f5fa554cd6084941926015596c2b1fb356f51cc7cdb6bffd450a0c160,UrbanP,28,3248,Roldanillo,Valle del Cauca,Damaged,Residential,Pleiades,2026/08/13 15:15 UTC,Photo-interpretation,© ICube-SERTIT 2026,4.409934356000065,-76.15302871099993,2026-08-21T09:23:55Z,2026-08-31
b715b82f5fa554cd6084941926015596c2b1fb356f51cc7cdb6bffd450a0c160,UrbanP,29,3248,Roldanillo,Valle del Cauca,Possibly damaged,Residential,Pleiades,2026/08/13 15:15 UTC,Photo-interpretation,© ICube-SERTIT 2026,4.409161212000072,-76.15390016499998,2026-08-21T09:23:55Z,2026-08-31
b715b82f5fa554cd6084941926015596c2b1fb356f51cc7cdb6bffd450a0c160,UrbanP,30,3248,Roldanillo,Valle del Cauca,Possibly damaged,Residential,Pleiades,2026/08/13 15:15 UTC,Photo-interpretation,© ICube-SERTIT 2026,4.409023468000044,-76.15244792699997,2026-08-21T09:23:55Z,2026-08-31
b715b82f5fa554cd6084941926015596c2b1fb356f51cc7cdb6bffd450a0c160,UrbanP,31,3248,Roldanillo,Valle del Cauca,Possibly damaged,Residential,Pleiades,2026/08/13 15:15 UTC,Photo-interpretation,© ICube-SERTIT 2026,4.409463620000054,-76.15333913299997,2026-08-21T09:23:55Z,2026-08-31
b715b82f5fa554cd6084941926015596c2b1fb356f51cc7cdb6bffd450a0c160,UrbanP,32,3248,Roldanillo,Valle del Cauca,Possibly damaged,Residential,Pleiades,2026/08/13 15:15 UTC,Photo-interpretation,© ICube-SERTIT 2026,4.409977110000057,-76.15323620899994,2026-08-21T09:23:55Z,2026-08-31
b715b82f5fa554cd6084941926015596c2b1fb356f51cc7cdb6bffd450a0c160,UrbanP,33,3248,Roldanillo,Valle del Cauca,Possibly damaged,Residential,Pleiades,2026/08/13 15:15 UTC,Photo-interpretation,© ICube-SERTIT 2026,4.410001327000032,-76.15382277999998,2026-08-21T09:23:55Z,2026-08-31
b715b82f5fa554cd6084941926015596c2b1fb356f51cc7cdb6bffd450a0c160,UrbanP,34,3248,Roldanillo,Valle del Cauca,Damaged,Residential,Pleiades,2026/08/13 15:15 UTC,Photo-interpretation,© ICube-SERTIT 2026,4.409703955000055,-76.15114000499995,2026-08-21T09:23:55Z,2026-08-31
b715b82f5fa554cd6084941926015596c2b1fb356f51cc7cdb6bffd450a0c160,UrbanP,35,3248,Roldanillo,Valle del Cauca,Possibly damaged,Residential,Pleiades,2026/08/13 15:15 UTC,Photo-interpretation,© ICube-SERTIT 2026,4.406815756000071,-76.15477991899996,2026-08-21T09:23:55Z,2026-08-31
b715b82f5fa554cd6084941926015596c2b1fb356f51cc7cdb6bffd450a0c160,UrbanP,36,3248,Roldanillo,Valle del Cauca,Possibly damaged,Residential,Pleiades,2026/08/13 15:15 UTC,Photo-interpretation,© ICube-SERTIT 2026,4.407085685000027,-76.15432970899997,2026-08-21T09:23:55Z,2026-08-31
b715b82f5fa554cd6084941926015596c2b1fb356f51cc7cdb6bffd450a0c160,UrbanP,37,3248,Roldanillo,Valle del Cauca,Possibly damaged,Residential,Pleiades,2026/08/13 15:15 UTC,Photo-interpretation,© ICube-SERTIT 2026,4.40741685200004,-76.15605047099996,2026-08-21T09:23:55Z,2026-08-31
b715b82f5fa554cd6084941926015596c2b1fb356f51cc7cdb6bffd450a0c160,UrbanP,38,3248,Roldanillo,Valle del Cauca,Possibly damaged,Residential,Pleiades,2026/08/13 15:15 UTC,Photo-interpretation,© ICube-SERTIT 2026,4.406115855000053,-76.15009017299997,2026-08-21T09:23:55Z,2026-08-31
b715b82f5fa554cd6084941926015596c2b1fb356f51cc7cdb6bffd450a0c160,UrbanP,39,3248,Roldanillo,Valle del Cauca,Possibly damaged,Residential,Pleiades,2026/08/13 15:15 UTC,Photo-interpretation,© ICube-SERTIT 2026,4.406839261000073,-76.15119997199997,2026-08-21T09:23:55Z,2026-08-31
b715b82f5fa554cd6084941926015596c2b1fb356f51cc7cdb6bffd450a0c160,UrbanP,40,3248,Roldanillo,Valle del Cauca,Possibly damaged,Residential,Pleiades,2026/08/13 15:15 UTC,Photo-interpretation,© ICube-SERTIT 2026,4.406925060000049,-76.15142899399996,2026-08-21T09:23:55Z,2026-08-31
b715b82f5fa554cd6084941926015596c2b1fb356f51cc7cdb6bffd450a0c160,UrbanP,41,3248,Roldanillo,Valle del Cauca,Possibly damaged,Residential,Pleiades,2026/08/13 15:15 UTC,Photo-interpretation,© ICube-SERTIT 2026,4.406662162000032,-76.15197577999999,2026-08-21T09:23:55Z,2026-08-31
b715b82f5fa554cd6084941926015596c2b1fb356f51cc7cdb6bffd450a0c160,UrbanP,42,3248,Roldanillo,Valle del Cauca,Possibly damaged,Residential,Pleiades,2026/08/13 15:15 UTC,Photo-interpretation,© ICube-SERTIT 2026,4.406651576000058,-76.15185774199995,2026-08-21T09:23:55Z,2026-08-31
b715b82f5fa554cd6084941926015596c2b1fb356f51cc7cdb6bffd450a0c160,UrbanP,43,3248,Roldanillo,Valle del Cauca,Possibly damaged,Residential,Pleiades,2026/08/13 15:15 UTC,Photo-interpretation,© ICube-SERTIT 2026,4.406422638000038,-76.15133881099996,2026-08-21T09:23:55Z,2026-08-31
b715b82f5fa554cd6084941926015596c2b1fb356f51cc7cdb6bffd450a0c160,UrbanP,44,3248,Roldanillo,Valle del Cauca,Possibly damaged,Residential,Pleiades,2026/08/13 15:15 UTC,Photo-interpretation,© ICube-SERTIT 2026,4.406436642000074,-76.15156772299997,2026-08-21T09:23:55Z,2026-08-31
b715b82f5fa554cd6084941926015596c2b1fb356f51cc7cdb6bffd450a0c160,UrbanP,45,3248,Roldanillo,Valle del Cauca,Possibly damaged,Residential,Pleiades,2026/08/13 15:15 UTC,Photo-interpretation,© ICube-SERTIT 2026,4.407074913000031,-76.15201933199995,2026-08-21T09:23:55Z,2026-08-31
b715b82f5fa554cd6084941926015596c2b1fb356f51cc7cdb6bffd450a0c160,UrbanP,46,3248,Roldanillo,Valle del Cauca,Possibly damaged,Residential,Pleiades,2026/08/13 15:15 UTC,Photo-interpretation,© ICube-SERTIT 2026,4.407529991000047,-76.15254576599995,2026-08-21T09:23:55Z,2026-08-31
b715b82f5fa554cd6084941926015596c2b1fb356f51cc7cdb6bffd450a0c160,UrbanP,47,3248,Roldanillo,Valle del Cauca,Possibly damaged,Residential,Pleiades,2026/08/13 15:15 UTC,Photo-interpretation,© ICube-SERTIT 2026,4.407676870000046,-76.15273911799994,2026-08-21T09:23:55Z,2026-08-31
b715b82f5fa554cd6084941926015596c2b1fb356f51cc7cdb6bffd450a0c160,UrbanP,48,3248,Roldanillo,Valle del Cauca,Possibly damaged,Residential,Pleiades,2026/08/13 15:15 UTC,Photo-interpretation,© ICube-SERTIT 2026,4.418117467000059,-76.14702930299995,2026-08-21T09:23:55Z,2026-08-31
b715b82f5fa554cd6084941926015596c2b1fb356f51cc7cdb6bffd450a0c160,UrbanP,49,3248,Roldanillo,Valle del Cauca,Possibly damaged,Residential,Pleiades,2026/08/13 15:15 UTC,Photo-interpretation,© ICube-SERTIT 2026,4.417758279000054,-76.14716823299995,2026-08-21T09:23:55Z,2026-08-31
b715b82f5fa554cd6084941926015596c2b1fb356f51cc7cdb6bffd450a0c160,UrbanP,50,3248,Roldanillo,Valle del Cauca,Damaged,Residential,Pleiades,2026/08/13 15:15 UTC,Photo-interpretation,© ICube-SERTIT 2026,4.411151507000056,-76.14908532899994,2026-08-21T09:23:55Z,2026-08-31
b715b82f5fa554cd6084941926015596c2b1fb356f51cc7cdb6bffd450a0c160,UrbanP,51,3248,Roldanillo,Valle del Cauca,Possibly damaged,Residential,Pleiades,2026/08/13 15:15 UTC,Photo-interpretation,© ICube-SERTIT 2026,4.410985516000039,-76.14837001999996,2026-08-21T09:23:55Z,2026-08-31
b715b82f5fa554cd6084941926015596c2b1fb356f51cc7cdb6bffd450a0c160,UrbanP,52,3248,Roldanillo,Valle del Cauca,Damaged,Residential,Pleiades,2026/08/13 15:15 UTC,Photo-interpretation,© ICube-SERTIT 2026,4.411186192000059,-76.14917502599997,2026-08-21T09:23:55Z,2026-08-31
b715b82f5fa554cd6084941926015596c2b1fb356f51cc7cdb6bffd450a0c160,UrbanP,53,3248,Roldanillo,Valle del Cauca,Possibly damaged,Residential,Pleiades,2026/08/13 15:15 UTC,Photo-interpretation,© ICube-SERTIT 2026,4.407209803000057,-76.14531309299997,2026-08-21T09:23:55Z,2026-08-31
b715b82f5fa554cd6084941926015596c2b1fb356f51cc7cdb6bffd450a0c160,UrbanP,54,3248,Roldanillo,Valle del Cauca,Possibly damaged,Residential,Pleiades,2026/08/13 15:15 UTC,Photo-interpretation,© ICube-SERTIT 2026,4.405043371000033,-76.14620387999997,2026-08-21T09:23:55Z,2026-08-31
b715b82f5fa554cd6084941926015596c2b1fb356f51cc7cdb6bffd450a0c160,UrbanP,55,3248,Roldanillo,Valle del Cauca,Possibly damaged,Residential,Pleiades,2026/08/13 15:15 UTC,Photo-interpretation,© ICube-SERTIT 2026,4.407579338000062,-76.14573835799996,2026-08-21T09:23:55Z,2026-08-31
b715b82f5fa554cd6084941926015596c2b1fb356f51cc7cdb6bffd450a0c160,UrbanP,56,3248,Roldanillo,Valle del Cauca,Possibly damaged,Residential,Pleiades,2026/08/13 15:15 UTC,Photo-interpretation,© ICube-SERTIT 2026,4.408145615000024,-76.15313235199994,2026-08-21T09:23:55Z,2026-08-31
b715b82f5fa554cd6084941926015596c2b1fb356f51cc7cdb6bffd450a0c160,UrbanP,57,3248,Roldanillo,Valle del Cauca,Possibly damaged,Residential,Pleiades,2026/08/13 15:15 UTC,Photo-interpretation,© ICube-SERTIT 2026,4.408180397000024,-76.15240594599999,2026-08-21T09:23:55Z,2026-08-31
b715b82f5fa554cd6084941926015596c2b1fb356f51cc7cdb6bffd450a0c160,UrbanP,58,3248,Roldanillo,Valle del Cauca,Possibly damaged,Residential,Pleiades,2026/08/13 15:15 UTC,Photo-interpretation,© ICube-SERTIT 2026,4.408599375000051,-76.15349628099995,2026-08-21T09:23:55Z,2026-08-31
b715b82f5fa554cd6084941926015596c2b1fb356f51cc7cdb6bffd450a0c160,UrbanP,59,3248,Roldanillo,Valle del Cauca,Possibly damaged,Residential,Pleiades,2026/08/13 15:15 UTC,Photo-interpretation,© ICube-SERTIT 2026,4.408125462000044,-76.15527257899998,2026-08-21T09:23:55Z,2026-08-31
b715b82f5fa554cd6084941926015596c2b1fb356f51cc7cdb6bffd450a0c160,UrbanP,60,3248,Roldanillo,Valle del Cauca,Destroyed,Residential,Pleiades,2026/08/13 15:15 UTC,Photo-interpretation,© ICube-SERTIT 2026,4.413763570000071,-76.16516587599995,2026-08-21T09:23:55Z,2026-08-31
b715b82f5fa554cd6084941926015596c2b1fb356f51cc7cdb6bffd450a0c160,UrbanP,61,3248,Roldanillo,Valle del Cauca,Possibly damaged,Residential,Pleiades,2026/08/13 15:15 UTC,Photo-interpretation,© ICube-SERTIT 2026,4.413433509000072,-76.16504376299997,2026-08-21T09:23:55Z,2026-08-31
b715b82f5fa554cd6084941926015596c2b1fb356f51cc7cdb6bffd450a0c160,UrbanP,62,3248,Roldanillo,Valle del Cauca,Possibly damaged,Residential,Pleiades,2026/08/13 15:15 UTC,Photo-interpretation,© ICube-SERTIT 2026,4.413454811000065,-76.16519400599998,2026-08-21T09:23:55Z,2026-08-31
b715b82f5fa554cd6084941926015596c2b1fb356f51cc7cdb6bffd450a0c160,UrbanP,63,3248,Roldanillo,Valle del Cauca,Possibly damaged,Residential,Pleiades,2026/08/13 15:15 UTC,Photo-interpretation,© ICube-SERTIT 2026,4.413860588000034,-76.16510522899995,2026-08-21T09:23:55Z,2026-08-31
b715b82f5fa554cd6084941926015596c2b1fb356f51cc7cdb6bffd450a0c160,UrbanP,64,3248,Roldanillo,Valle del Cauca,Possibly damaged,Residential,Pleiades,2026/08/13 15:15 UTC,Photo-interpretation,© ICube-SERTIT 2026,4.413340666000067,-76.16015106799995,2026-08-21T09:23:55Z,2026-08-31
b715b82f5fa554cd6084941926015596c2b1fb356f51cc7cdb6bffd450a0c160,UrbanP,65,3248,Roldanillo,Valle del Cauca,Damaged,Residential,Pleiades,2026/08/13 15:15 UTC,Photo-interpretation,© ICube-SERTIT 2026,4.424477134000028,-76.14702164699997,2026-08-21T09:23:55Z,2026-08-31
b715b82f5fa554cd6084941926015596c2b1fb356f51cc7cdb6bffd450a0c160,UrbanP,66,3248,Roldanillo,Valle del Cauca,Possibly damaged,Residential,Pleiades,2026/08/13 15:15 UTC,Photo-interpretation,© ICube-SERTIT 2026,4.425456539000038,-76.15561792699998,2026-08-21T09:23:55Z,2026-08-31
b715b82f5fa554cd6084941926015596c2b1fb356f51cc7cdb6bffd450a0c160,UrbanP,67,3248,Roldanillo,Valle del Cauca,Possibly damaged,Residential,Pleiades,2026/08/13 15:15 UTC,Photo-interpretation,© ICube-SERTIT 2026,4.425170947000026,-76.15532130599996,2026-08-21T09:23:55Z,2026-08-31
b715b82f5fa554cd6084941926015596c2b1fb356f51cc7cdb6bffd450a0c160,UrbanP,68,3248,Roldanillo,Valle del Cauca,Possibly damaged,Residential,Pleiades,2026/08/13 15:15 UTC,Photo-interpretation,© ICube-SERTIT 2026,4.419268487000068,-76.14930481399995,2026-08-21T09:23:55Z,2026-08-31
b715b82f5fa554cd6084941926015596c2b1fb356f51cc7cdb6bffd450a0c160,UrbanP,69,3248,Roldanillo,Valle del Cauca,Possibly damaged,Residential,Pleiades,2026/08/13 15:15 UTC,Photo-interpretation,© ICube-SERTIT 2026,4.412142131000053,-76.15296773999995,2026-08-21T09:23:55Z,2026-08-31
b715b82f5fa554cd6084941926015596c2b1fb356f51cc7cdb6bffd450a0c160,UrbanP,70,3248,Roldanillo,Valle del Cauca,Possibly damaged,Residential,Pleiades,2026/08/13 15:15 UTC,Photo-interpretation,© ICube-SERTIT 2026,4.422398427000076,-76.15289863399994,2026-08-21T09:23:55Z,2026-08-31
b715b82f5fa554cd6084941926015596c2b1fb356f51cc7cdb6bffd450a0c160,UrbanP,71,3248,Roldanillo,Valle del Cauca,Damaged,Residential,Pleiades,2026/08/13 15:15 UTC,Photo-interpretation,© ICube-SERTIT 2026,4.421932028000072,-76.15602308699994,2026-08-21T09:23:55Z,2026-08-31
b715b82f5fa554cd6084941926015596c2b1fb356f51cc7cdb6bffd450a0c160,UrbanP,72,3248,Roldanillo,Valle del Cauca,Possibly damaged,Residential,Pleiades,2026/08/13 15:15 UTC,Photo-interpretation,© ICube-SERTIT 2026,4.408895719000043,-76.15611355599998,2026-08-21T09:23:55Z,2026-08-31
b715b82f5fa554cd6084941926015596c2b1fb356f51cc7cdb6bffd450a0c160,UrbanP,73,3248,Roldanillo,Valle del Cauca,Possibly damaged,Residential,Pleiades,2026/08/13 15:15 UTC,Photo-interpretation,© ICube-SERTIT 2026,4.408831237000072,-76.15602762199995,2026-08-21T09:23:55Z,2026-08-31
b715b82f5fa554cd6084941926015596c2b1fb356f51cc7cdb6bffd450a0c160,UrbanP,74,3248,Roldanillo,Valle del Cauca,Possibly damaged,Residential,Pleiades,2026/08/13 15:15 UTC,Photo-interpretation,© ICube-SERTIT 2026,4.408940708000046,-76.15719012499994,2026-08-21T09:23:55Z,2026-08-31
b715b82f5fa554cd6084941926015596c2b1fb356f51cc7cdb6bffd450a0c160,UrbanP,75,3248,Roldanillo,Valle del Cauca,Possibly damaged,Residential,Pleiades,2026/08/13 15:15 UTC,Photo-interpretation,© ICube-SERTIT 2026,4.414476268000044,-76.15139564599997,2026-08-21T09:23:55Z,2026-08-31
b715b82f5fa554cd6084941926015596c2b1fb356f51cc7cdb6bffd450a0c160,UrbanP,76,3248,Roldanillo,Valle del Cauca,Possibly damaged,Residential,Pleiades,2026/08/13 15:15 UTC,Photo-interpretation,© ICube-SERTIT 2026,4.414214852000043,-76.15143479499994,2026-08-21T09:23:55Z,2026-08-31
eacfe51d221d16912605deb349bfc006c24421879aa8db1d5ad7967f4cea92f5,UrbanP,0,3247,La Virginia,Risaralda,Damaged,Industrial,Pleiades,2026/08/12 15:22 UTC,Photo-interpretation,© ICube-SERTIT 2026,4.903344402000073,-75.89680796499994,2026-08-21T09:23:55Z,2026-08-31
eacfe51d221d16912605deb349bfc006c24421879aa8db1d5ad7967f4cea92f5,UrbanP,1,3247,La Virginia,Risaralda,Damaged,Industrial,Pleiades,2026/08/12 15:22 UTC,Photo-interpretation,© ICube-SERTIT 2026,4.904826592000063,-75.89623041099998,2026-08-21T09:23:55Z,2026-08-31
eacfe51d221d16912605deb349bfc006c24421879aa8db1d5ad7967f4cea92f5,UrbanP,2,3247,La Virginia,Risaralda,Damaged,Industrial,Pleiades,2026/08/12 15:22 UTC,Photo-interpretation,© ICube-SERTIT 2026,4.905733922000024,-75.89582429199999,2026-08-21T09:23:55Z,2026-08-31
eacfe51d221d16912605deb349bfc006c24421879aa8db1d5ad7967f4cea92f5,UrbanP,3,3247,La Virginia,Risaralda,Damaged,Industrial,Pleiades,2026/08/12 15:22 UTC,Photo-interpretation,© ICube-SERTIT 2026,4.906242261000045,-75.89571899799995,2026-08-21T09:23:55Z,2026-08-31
eacfe51d221d16912605deb349bfc006c24421879aa8db1d5ad7967f4cea92f5,UrbanP,4,3247,La Virginia,Risaralda,Damaged,Industrial,Pleiades,2026/08/12 15:22 UTC,Photo-interpretation,© ICube-SERTIT 2026,4.906710849000035,-75.89553417199994,2026-08-21T09:23:55Z,2026-08-31
eacfe51d221d16912605deb349bfc006c24421879aa8db1d5ad7967f4cea92f5,UrbanP,5,3247,La Virginia,Risaralda,Damaged,Industrial,Pleiades,2026/08/12 15:22 UTC,Photo-interpretation,© ICube-SERTIT 2026,4.907288981000022,-75.89539916599995,2026-08-21T09:23:55Z,2026-08-31
eacfe51d221d16912605deb349bfc006c24421879aa8db1d5ad7967f4cea92f5,UrbanP,6,3247,La Virginia,Risaralda,Destroyed,Residential,Pleiades,2026/08/12 15:22 UTC,Photo-interpretation,© ICube-SERTIT 2026,4.932453743000053,-75.86370187999995,2026-08-21T09:23:55Z,2026-08-31
eacfe51d221d16912605deb349bfc006c24421879aa8db1d5ad7967f4cea92f5,UrbanP,7,3247,La Virginia,Risaralda,Possibly damaged,Residential,Pleiades,2026/08/12 15:22 UTC,Photo-interpretation,© ICube-SERTIT 2026,4.933382359000063,-75.85824287799994,2026-08-21T09:23:55Z,2026-08-31
eacfe51d221d16912605deb349bfc006c24421879aa8db1d5ad7967f4cea92f5,UrbanP,8,3247,La Virginia,Risaralda,Possibly damaged,Residential,Pleiades,2026/08/12 15:22 UTC,Photo-interpretation,© ICube-SERTIT 2026,4.933101410000063,-75.85620349299995,2026-08-21T09:23:55Z,2026-08-31
eacfe51d221d16912605deb349bfc006c24421879aa8db1d5ad7967f4cea92f5,UrbanP,9,3247,La Virginia,Risaralda,Possibly damaged,Residential,Pleiades,2026/08/12 15:22 UTC,Photo-interpretation,© ICube-SERTIT 2026,4.904763618000061,-75.87986313499994,2026-08-21T09:23:55Z,2026-08-31
eacfe51d221d16912605deb349bfc006c24421879aa8db1d5ad7967f4cea92f5,UrbanP,10,3247,La Virginia,Risaralda,Possibly damaged,Residential,Pleiades,2026/08/12 15:22 UTC,Photo-interpretation,© ICube-SERTIT 2026,4.902994766000063,-75.88580073199995,2026-08-21T09:23:55Z,2026-08-31
eacfe51d221d16912605deb349bfc006c24421879aa8db1d5ad7967f4cea92f5,UrbanP,11,3247,La Virginia,Risaralda,Possibly damaged,Residential,Pleiades,2026/08/12 15:22 UTC,Photo-interpretation,© ICube-SERTIT 2026,4.903269679000061,-75.88612689899998,2026-08-21T09:23:55Z,2026-08-31
eacfe51d221d16912605deb349bfc006c24421879aa8db1d5ad7967f4cea92f5,UrbanP,12,3247,La Virginia,Risaralda,Possibly damaged,Residential,Pleiades,2026/08/12 15:22 UTC,Photo-interpretation,© ICube-SERTIT 2026,4.903121508000027,-75.88605731899997,2026-08-21T09:23:55Z,2026-08-31
eacfe51d221d16912605deb349bfc006c24421879aa8db1d5ad7967f4cea92f5,UrbanP,13,3247,La Virginia,Risaralda,Possibly damaged,Residential,Pleiades,2026/08/12 15:22 UTC,Photo-interpretation,© ICube-SERTIT 2026,4.903571677000059,-75.88199137799995,2026-08-21T09:23:55Z,2026-08-31
eacfe51d221d16912605deb349bfc006c24421879aa8db1d5ad7967f4cea92f5,UrbanP,14,3247,La Virginia,Risaralda,Damaged,Residential,Pleiades,2026/08/12 15:22 UTC,Photo-interpretation,© ICube-SERTIT 2026,4.901893980000068,-75.88076740899999,2026-08-21T09:23:55Z,2026-08-31
eacfe51d221d16912605deb349bfc006c24421879aa8db1d5ad7967f4cea92f5,UrbanP,15,3247,La Virginia,Risaralda,Possibly damaged,Residential,Pleiades,2026/08/12 15:22 UTC,Photo-interpretation,© ICube-SERTIT 2026,4.900158107000038,-75.88235795599996,2026-08-21T09:23:55Z,2026-08-31
eacfe51d221d16912605deb349bfc006c24421879aa8db1d5ad7967f4cea92f5,UrbanP,16,3247,La Virginia,Risaralda,Possibly damaged,Residential,Pleiades,2026/08/12 15:22 UTC,Photo-interpretation,© ICube-SERTIT 2026,4.899202310000021,-75.88209123299998,2026-08-21T09:23:55Z,2026-08-31
eacfe51d221d16912605deb349bfc006c24421879aa8db1d5ad7967f4cea92f5,UrbanP,17,3247,La Virginia,Risaralda,Damaged,Residential,Pleiades,2026/08/12 15:22 UTC,Photo-interpretation,© ICube-SERTIT 2026,4.898757274000047,-75.88227768399997,2026-08-21T09:23:55Z,2026-08-31
eacfe51d221d16912605deb349bfc006c24421879aa8db1d5ad7967f4cea92f5,UrbanP,18,3247,La Virginia,Risaralda,Destroyed,Residential,Pleiades,2026/08/12 15:22 UTC,Photo-interpretation,© ICube-SERTIT 2026,4.897886011000026,-75.88040172099994,2026-08-21T09:23:55Z,2026-08-31
eacfe51d221d16912605deb349bfc006c24421879aa8db1d5ad7967f4cea92f5,UrbanP,19,3247,La Virginia,Risaralda,Damaged,Residential,Pleiades,2026/08/12 15:22 UTC,Photo-interpretation,© ICube-SERTIT 2026,4.897758300000021,-75.88033362399995,2026-08-21T09:23:55Z,2026-08-31
eacfe51d221d16912605deb349bfc006c24421879aa8db1d5ad7967f4cea92f5,UrbanP,20,3247,La Virginia,Risaralda,Possibly damaged,Residential,Pleiades,2026/08/12 15:22 UTC,Photo-interpretation,© ICube-SERTIT 2026,4.898027519000038,-75.88039129399993,2026-08-21T09:23:55Z,2026-08-31
eacfe51d221d16912605deb349bfc006c24421879aa8db1d5ad7967f4cea92f5,UrbanP,21,3247,La Virginia,Risaralda,Destroyed,Recreational,Pleiades,2026/08/12 15:22 UTC,Photo-interpretation,© ICube-SERTIT 2026,4.893323242000065,-75.87970893199997,2026-08-21T09:23:55Z,2026-08-31
eacfe51d221d16912605deb349bfc006c24421879aa8db1d5ad7967f4cea92f5,UrbanP,22,3247,La Virginia,Risaralda,Possibly damaged,Residential,Pleiades,2026/08/12 15:22 UTC,Photo-interpretation,© ICube-SERTIT 2026,4.893455041000038,-75.88078049999996,2026-08-21T09:23:55Z,2026-08-31
eacfe51d221d16912605deb349bfc006c24421879aa8db1d5ad7967f4cea92f5,UrbanP,23,3247,La Virginia,Risaralda,Possibly damaged,Residential,Pleiades,2026/08/12 15:22 UTC,Photo-interpretation,© ICube-SERTIT 2026,4.893316629000026,-75.88249077199998,2026-08-21T09:23:55Z,2026-08-31
eacfe51d221d16912605deb349bfc006c24421879aa8db1d5ad7967f4cea92f5,UrbanP,24,3247,La Virginia,Risaralda,Possibly damaged,Residential,Pleiades,2026/08/12 15:22 UTC,Photo-interpretation,© ICube-SERTIT 2026,4.893934290000061,-75.88218689699994,2026-08-21T09:23:55Z,2026-08-31
eacfe51d221d16912605deb349bfc006c24421879aa8db1d5ad7967f4cea92f5,UrbanP,25,3247,La Virginia,Risaralda,Damaged,Religious,Pleiades,2026/08/12 15:22 UTC,Photo-interpretation,© ICube-SERTIT 2026,4.894204717000036,-75.88362318899993,2026-08-21T09:23:55Z,2026-08-31
eacfe51d221d16912605deb349bfc006c24421879aa8db1d5ad7967f4cea92f5,UrbanP,26,3247,La Virginia,Risaralda,Possibly damaged,Residential,Pleiades,2026/08/12 15:22 UTC,Photo-interpretation,© ICube-SERTIT 2026,4.893905260000054,-75.88355039599998,2026-08-21T09:23:55Z,2026-08-31
eacfe51d221d16912605deb349bfc006c24421879aa8db1d5ad7967f4cea92f5,UrbanP,27,3247,La Virginia,Risaralda,Possibly damaged,Residential,Pleiades,2026/08/12 15:22 UTC,Photo-interpretation,© ICube-SERTIT 2026,4.893953955000029,-75.88333627599997,2026-08-21T09:23:55Z,2026-08-31
eacfe51d221d16912605deb349bfc006c24421879aa8db1d5ad7967f4cea92f5,UrbanP,28,3247,La Virginia,Risaralda,Possibly damaged,Residential,Pleiades,2026/08/12 15:22 UTC,Photo-interpretation,© ICube-SERTIT 2026,4.893789731000027,-75.88396654499996,2026-08-21T09:23:55Z,2026-08-31
eacfe51d221d16912605deb349bfc006c24421879aa8db1d5ad7967f4cea92f5,UrbanP,29,3247,La Virginia,Risaralda,Possibly damaged,Residential,Pleiades,2026/08/12 15:22 UTC,Photo-interpretation,© ICube-SERTIT 2026,4.892621661000021,-75.88175982799999,2026-08-21T09:23:55Z,2026-08-31
eacfe51d221d16912605deb349bfc006c24421879aa8db1d5ad7967f4cea92f5,UrbanP,30,3247,La Virginia,Risaralda,Possibly damaged,Residential,Pleiades,2026/08/12 15:22 UTC,Photo-interpretation,© ICube-SERTIT 2026,4.901609587000053,-75.88780447299996,2026-08-21T09:23:55Z,2026-08-31
eacfe51d221d16912605deb349bfc006c24421879aa8db1d5ad7967f4cea92f5,UrbanP,31,3247,La Virginia,Risaralda,Possibly damaged,Residential,Pleiades,2026/08/12 15:22 UTC,Photo-interpretation,© ICube-SERTIT 2026,4.901415870000051,-75.88765694199998,2026-08-21T09:23:55Z,2026-08-31
eacfe51d221d16912605deb349bfc006c24421879aa8db1d5ad7967f4cea92f5,UrbanP,32,3247,La Virginia,Risaralda,Possibly damaged,Residential,Pleiades,2026/08/12 15:22 UTC,Photo-interpretation,© ICube-SERTIT 2026,4.901691926000069,-75.88483970199997,2026-08-21T09:23:55Z,2026-08-31
eacfe51d221d16912605deb349bfc006c24421879aa8db1d5ad7967f4cea92f5,UrbanP,33,3247,La Virginia,Risaralda,Possibly damaged,Residential,Pleiades,2026/08/12 15:22 UTC,Photo-interpretation,© ICube-SERTIT 2026,4.900456422000047,-75.88558320199996,2026-08-21T09:23:55Z,2026-08-31
eacfe51d221d16912605deb349bfc006c24421879aa8db1d5ad7967f4cea92f5,UrbanP,34,3247,La Virginia,Risaralda,Possibly damaged,Residential,Pleiades,2026/08/12 15:22 UTC,Photo-interpretation,© ICube-SERTIT 2026,4.896717276000061,-75.88732192499998,2026-08-21T09:23:55Z,2026-08-31
eacfe51d221d16912605deb349bfc006c24421879aa8db1d5ad7967f4cea92f5,UrbanP,35,3247,La Virginia,Risaralda,Possibly damaged,Residential,Pleiades,2026/08/12 15:22 UTC,Photo-interpretation,© ICube-SERTIT 2026,4.896544553000069,-75.88522811899998,2026-08-21T09:23:55Z,2026-08-31
eacfe51d221d16912605deb349bfc006c24421879aa8db1d5ad7967f4cea92f5,UrbanP,36,3247,La Virginia,Risaralda,Possibly damaged,Residential,Pleiades,2026/08/12 15:22 UTC,Photo-interpretation,© ICube-SERTIT 2026,4.89172485000006,-75.87109774299995,2026-08-21T09:23:55Z,2026-08-31
eacfe51d221d16912605deb349bfc006c24421879aa8db1d5ad7967f4cea92f5,UrbanP,37,3247,La Virginia,Risaralda,Damaged,Residential,Pleiades,2026/08/12 15:22 UTC,Photo-interpretation,© ICube-SERTIT 2026,4.885959313000058,-75.86984140199996,2026-08-21T09:23:55Z,2026-08-31
eacfe51d221d16912605deb349bfc006c24421879aa8db1d5ad7967f4cea92f5,UrbanP,38,3247,La Virginia,Risaralda,Damaged,Residential,Pleiades,2026/08/12 15:22 UTC,Photo-interpretation,© ICube-SERTIT 2026,4.885360202000072,-75.86984364599994,2026-08-21T09:23:55Z,2026-08-31
eacfe51d221d16912605deb349bfc006c24421879aa8db1d5ad7967f4cea92f5,UrbanP,39,3247,La Virginia,Risaralda,Destroyed,Residential,Pleiades,2026/08/12 15:22 UTC,Photo-interpretation,© ICube-SERTIT 2026,4.886077749000037,-75.86950972299996,2026-08-21T09:23:55Z,2026-08-31
eacfe51d221d16912605deb349bfc006c24421879aa8db1d5ad7967f4cea92f5,UrbanP,40,3247,La Virginia,Risaralda,Destroyed,Residential,Pleiades,2026/08/12 15:22 UTC,Photo-interpretation,© ICube-SERTIT 2026,4.885989978000055,-75.86952770999994,2026-08-21T09:23:55Z,2026-08-31
eacfe51d221d16912605deb349bfc006c24421879aa8db1d5ad7967f4cea92f5,UrbanP,41,3247,La Virginia,Risaralda,Destroyed,Residential,Pleiades,2026/08/12 15:22 UTC,Photo-interpretation,© ICube-SERTIT 2026,4.885911296000074,-75.86953665899995,2026-08-21T09:23:55Z,2026-08-31
eacfe51d221d16912605deb349bfc006c24421879aa8db1d5ad7967f4cea92f5,UrbanP,42,3247,La Virginia,Risaralda,Destroyed,Residential,Pleiades,2026/08/12 15:22 UTC,Photo-interpretation,© ICube-SERTIT 2026,4.885826550000047,-75.86955464899995,2026-08-21T09:23:55Z,2026-08-31
eacfe51d221d16912605deb349bfc006c24421879aa8db1d5ad7967f4cea92f5,UrbanP,43,3247,La Virginia,Risaralda,Damaged,Residential,Pleiades,2026/08/12 15:22 UTC,Photo-interpretation,© ICube-SERTIT 2026,4.886295603000065,-75.86951302099999,2026-08-21T09:23:55Z,2026-08-31
eacfe51d221d16912605deb349bfc006c24421879aa8db1d5ad7967f4cea92f5,UrbanP,44,3247,La Virginia,Risaralda,Possibly damaged,Residential,Pleiades,2026/08/12 15:22 UTC,Photo-interpretation,© ICube-SERTIT 2026,4.887608921000037,-75.88548391399996,2026-08-21T09:23:55Z,2026-08-31
eacfe51d221d16912605deb349bfc006c24421879aa8db1d5ad7967f4cea92f5,UrbanP,45,3247,La Virginia,Risaralda,Damaged,Industrial,Pleiades,2026/08/12 15:22 UTC,Photo-interpretation,© ICube-SERTIT 2026,4.88777783300003,-75.88057509899994,2026-08-21T09:23:55Z,2026-08-31
eacfe51d221d16912605deb349bfc006c24421879aa8db1d5ad7967f4cea92f5,UrbanP,46,3247,La Virginia,Risaralda,Possibly damaged,Residential,Pleiades,2026/08/12 15:22 UTC,Photo-interpretation,© ICube-SERTIT 2026,4.888461906000032,-75.88195081299995,2026-08-21T09:23:55Z,2026-08-31
eacfe51d221d16912605deb349bfc006c24421879aa8db1d5ad7967f4cea92f5,UrbanP,47,3247,La Virginia,Risaralda,Possibly damaged,Residential,Pleiades,2026/08/12 15:22 UTC,Photo-interpretation,© ICube-SERTIT 2026,4.889755888000025,-75.88070724699998,2026-08-21T09:23:55Z,2026-08-31
eacfe51d221d16912605deb349bfc006c24421879aa8db1d5ad7967f4cea92f5,UrbanP,48,3247,La Virginia,Risaralda,Possibly damaged,Residential,Pleiades,2026/08/12 15:22 UTC,Photo-interpretation,© ICube-SERTIT 2026,4.889615476000074,-75.88316518799996,2026-08-21T09:23:55Z,2026-08-31
