ts,url,http_status,sha256,bytes,snapshot_path,note
2026-08-15T16:21:23Z,https://rapidmapping.emergency.copernicus.eu/backend/dashboard-api/public-activations/?code=EMSR673,-1,\N,0,\N,copernicus EMSR673
2026-08-15T16:21:39Z,https://rapidmapping.emergency.copernicus.eu/backend/dashboard-api/public-activations/?code=EMSR674,-1,\N,0,\N,copernicus EMSR674
2026-08-15T16:21:55Z,https://rapidmapping.emergency.copernicus.eu/backend/dashboard-api/public-activations/?code=EMSR675,-1,\N,0,\N,copernicus EMSR675
2026-08-15T16:22:11Z,https://rapidmapping.emergency.copernicus.eu/backend/dashboard-api/public-activations/?code=EMSR676,-1,\N,0,\N,copernicus EMSR676
2026-08-15T16:22:26Z,https://rapidmapping.emergency.copernicus.eu/backend/dashboard-api/public-activations/?code=EMSR677,-1,\N,0,\N,copernicus EMSR677
2026-08-15T16:22:42Z,https://rapidmapping.emergency.copernicus.eu/backend/dashboard-api/public-activations/?code=EMSR678,-1,\N,0,\N,copernicus EMSR678
2026-08-15T16:22:58Z,https://rapidmapping.emergency.copernicus.eu/backend/dashboard-api/public-activations/?code=EMSR679,-1,\N,0,\N,copernicus EMSR679
2026-08-15T16:23:14Z,https://rapidmapping.emergency.copernicus.eu/backend/dashboard-api/public-activations/?code=EMSR680,-1,\N,0,\N,copernicus EMSR680
2026-08-15T16:23:30Z,https://rapidmapping.emergency.copernicus.eu/backend/dashboard-api/public-activations/?code=EMSR681,-1,\N,0,\N,copernicus EMSR681
2026-08-15T16:23:45Z,https://rapidmapping.emergency.copernicus.eu/backend/dashboard-api/public-activations/?code=EMSR682,-1,\N,0,\N,copernicus EMSR682
2026-08-15T16:24:01Z,https://rapidmapping.emergency.copernicus.eu/backend/dashboard-api/public-activations/?code=EMSR683,-1,\N,0,\N,copernicus EMSR683
2026-08-15T16:24:17Z,https://rapidmapping.emergency.copernicus.eu/backend/dashboard-api/public-activations/?code=EMSR684,-1,\N,0,\N,copernicus EMSR684
2026-08-15T16:24:33Z,https://rapidmapping.emergency.copernicus.eu/backend/dashboard-api/public-activations/?code=EMSR685,-1,\N,0,\N,copernicus EMSR685
2026-08-15T16:24:48Z,https://rapidmapping.emergency.copernicus.eu/backend/dashboard-api/public-activations/?code=EMSR686,-1,\N,0,\N,copernicus EMSR686
2026-08-15T16:25:04Z,https://rapidmapping.emergency.copernicus.eu/backend/dashboard-api/public-activations/?code=EMSR687,-1,\N,0,\N,copernicus EMSR687
2026-08-15T16:25:20Z,https://rapidmapping.emergency.copernicus.eu/backend/dashboard-api/public-activations/?code=EMSR688,-1,\N,0,\N,copernicus EMSR688
2026-08-15T16:25:36Z,https://rapidmapping.emergency.copernicus.eu/backend/dashboard-api/public-activations/?code=EMSR689,-1,\N,0,\N,copernicus EMSR689
2026-08-15T16:25:52Z,https://rapidmapping.emergency.copernicus.eu/backend/dashboard-api/public-activations/?code=EMSR690,-1,\N,0,\N,copernicus EMSR690
2026-08-15T16:26:07Z,https://rapidmapping.emergency.copernicus.eu/backend/dashboard-api/public-activations/?code=EMSR691,-1,\N,0,\N,copernicus EMSR691
2026-08-15T16:26:23Z,https://rapidmapping.emergency.copernicus.eu/backend/dashboard-api/public-activations/?code=EMSR692,-1,\N,0,\N,copernicus EMSR692
2026-08-15T16:26:39Z,https://rapidmapping.emergency.copernicus.eu/backend/dashboard-api/public-activations/?code=EMSR693,-1,\N,0,\N,copernicus EMSR693
2026-08-15T16:26:55Z,https://rapidmapping.emergency.copernicus.eu/backend/dashboard-api/public-activations/?code=EMSR694,-1,\N,0,\N,copernicus EMSR694
2026-08-15T16:27:10Z,https://rapidmapping.emergency.copernicus.eu/backend/dashboard-api/public-activations/?code=EMSR695,-1,\N,0,\N,copernicus EMSR695
2026-08-15T16:27:26Z,https://rapidmapping.emergency.copernicus.eu/backend/dashboard-api/public-activations/?code=EMSR696,-1,\N,0,\N,copernicus EMSR696
2026-08-15T16:27:42Z,https://rapidmapping.emergency.copernicus.eu/backend/dashboard-api/public-activations/?code=EMSR697,-1,\N,0,\N,copernicus EMSR697
2026-08-15T16:29:12Z,https://rapidmapping.emergency.copernicus.eu/backend/dashboard-api/public-activations/?code=EMSR916,200,b32f3747d33567776814f8bca911daf960e0dbf06884222270651a97f598c854,41711,\N,test ssl
2026-08-15T16:29:20Z,https://rapidmapping.emergency.copernicus.eu/backend/dashboard-api/public-activations/?code=EMSR673,200,98e153e016585167cd3419e900c88ec6634774d6eefffe0b4a9a1e6f77c7aade,14579,data/snapshots/2026-08-15/copernicus_EMSR673.json,copernicus EMSR673
2026-08-15T16:29:21Z,https://rapidmapping.emergency.copernicus.eu/backend/dashboard-api/public-activations/?code=EMSR674,200,df8e4d497905dcd7bdf728c7de68516b7dd6e0bdb8da0f2bbbc08cffca4cd23f,10087,data/snapshots/2026-08-15/copernicus_EMSR674.json,copernicus EMSR674
2026-08-15T16:29:21Z,https://rapidmapping.emergency.copernicus.eu/backend/dashboard-api/public-activations/?code=EMSR675,200,5048538174229d732cf33d42fbbda6ab0be77a673272a644ca632a50787058ca,38382,data/snapshots/2026-08-15/copernicus_EMSR675.json,copernicus EMSR675
2026-08-15T16:29:22Z,https://rapidmapping.emergency.copernicus.eu/backend/dashboard-api/public-activations/?code=EMSR676,200,586b9868214db2f67f7c5bf7b342bd3dac6389a2509dc268f300c527f0a0da47,13477,data/snapshots/2026-08-15/copernicus_EMSR676.json,copernicus EMSR676
2026-08-15T16:29:23Z,https://rapidmapping.emergency.copernicus.eu/backend/dashboard-api/public-activations/?code=EMSR677,200,b11ee3704861d7acc51258c7910e20e8f4f9b7b0a870346e4441955b3020f652,18765,data/snapshots/2026-08-15/copernicus_EMSR677.json,copernicus EMSR677
2026-08-15T16:29:23Z,https://rapidmapping.emergency.copernicus.eu/backend/dashboard-api/public-activations/?code=EMSR678,200,e2ccf3a79ec990c77b840adde5fb62b7b36f045789a460c661b2ffe9fe84e015,13395,data/snapshots/2026-08-15/copernicus_EMSR678.json,copernicus EMSR678
2026-08-15T16:29:24Z,https://rapidmapping.emergency.copernicus.eu/backend/dashboard-api/public-activations/?code=EMSR679,200,6e0204e19b2461197ff5c8b28c3608ac26d91eda8355baf84d41d74e5d6ffcb0,13120,data/snapshots/2026-08-15/copernicus_EMSR679.json,copernicus EMSR679
2026-08-15T16:29:25Z,https://rapidmapping.emergency.copernicus.eu/backend/dashboard-api/public-activations/?code=EMSR680,200,e483ab82f293bfad5bf76bbdea4cf3a0aae6de1e6fcaa26e08798994ae22d588,95908,data/snapshots/2026-08-15/copernicus_EMSR680.json,copernicus EMSR680
2026-08-15T16:29:26Z,https://rapidmapping.emergency.copernicus.eu/backend/dashboard-api/public-activations/?code=EMSR681,200,0f95413d5591964cefb44baac8723264fcd37f147deb746e86742eb3f597b736,4418,data/snapshots/2026-08-15/copernicus_EMSR681.json,copernicus EMSR681
2026-08-15T16:29:26Z,https://rapidmapping.emergency.copernicus.eu/backend/dashboard-api/public-activations/?code=EMSR682,200,103c0713f1e98a99d9c6cb4402f8e3558eac2f22893e9b034c075f9bc1434280,8947,data/snapshots/2026-08-15/copernicus_EMSR682.json,copernicus EMSR682
2026-08-15T16:29:30Z,https://rapidmapping.emergency.copernicus.eu/backend/dashboard-api/public-activations/?code=EMSR683,200,148eb033cd2fdf73ec47d35d4a79bad9b927d2215dea4293a59aa98aaa811275,90889,data/snapshots/2026-08-15/copernicus_EMSR683.json,copernicus EMSR683
2026-08-15T16:29:30Z,https://rapidmapping.emergency.copernicus.eu/backend/dashboard-api/public-activations/?code=EMSR684,200,66d4bb26e1c62f825c1b5da477d68f150a4d25d603ee6182724ba2804274df0a,24584,data/snapshots/2026-08-15/copernicus_EMSR684.json,copernicus EMSR684
2026-08-15T16:29:31Z,https://rapidmapping.emergency.copernicus.eu/backend/dashboard-api/public-activations/?code=EMSR685,200,c823b7c1d2d6fbaab40002be6dd133ca30b816052643225a2bc147c3d87f335f,19611,data/snapshots/2026-08-15/copernicus_EMSR685.json,copernicus EMSR685
2026-08-15T16:29:32Z,https://rapidmapping.emergency.copernicus.eu/backend/dashboard-api/public-activations/?code=EMSR686,200,064a5ae075c7ddcb8daef42ef5067bfe5cd7409a019f536012266307bef4390d,47380,data/snapshots/2026-08-15/copernicus_EMSR686.json,copernicus EMSR686
2026-08-15T16:29:33Z,https://rapidmapping.emergency.copernicus.eu/backend/dashboard-api/public-activations/?code=EMSR687,200,3dca175277668f545c1c1175151b05d8ac14ec46e7f8a6b41a10f298550ffd19,10498,data/snapshots/2026-08-15/copernicus_EMSR687.json,copernicus EMSR687
2026-08-15T16:29:33Z,https://rapidmapping.emergency.copernicus.eu/backend/dashboard-api/public-activations/?code=EMSR688,200,af19b28f9af1f5c59446f8c7a2273731c1090d601fa973b01b0b8cb9764c475b,3806,data/snapshots/2026-08-15/copernicus_EMSR688.json,copernicus EMSR688
2026-08-15T16:29:34Z,https://rapidmapping.emergency.copernicus.eu/backend/dashboard-api/public-activations/?code=EMSR689,200,1124de16fa59691008c64c6d3fd47f3ca7162a5af466920773fe9301959c5b10,22079,data/snapshots/2026-08-15/copernicus_EMSR689.json,copernicus EMSR689
2026-08-15T16:29:35Z,https://rapidmapping.emergency.copernicus.eu/backend/dashboard-api/public-activations/?code=EMSR690,200,3c013e4484d3992baacd5fa9132fa9f672e69a2c2de513f38efc59267c16f99f,16586,data/snapshots/2026-08-15/copernicus_EMSR690.json,copernicus EMSR690
2026-08-15T16:29:35Z,https://rapidmapping.emergency.copernicus.eu/backend/dashboard-api/public-activations/?code=EMSR691,200,41ce7bd3adf459cd6fcef0e359020e6e2f6033f8e1804bfb77ab1cc50956d31e,7149,data/snapshots/2026-08-15/copernicus_EMSR691.json,copernicus EMSR691
2026-08-15T16:29:36Z,https://rapidmapping.emergency.copernicus.eu/backend/dashboard-api/public-activations/?code=EMSR692,200,34cb3a4888a1c679249e2e37343382a28582f532fd5f0685dcf5259f13de1495,144434,data/snapshots/2026-08-15/copernicus_EMSR692.json,copernicus EMSR692
2026-08-15T16:29:37Z,https://rapidmapping.emergency.copernicus.eu/backend/dashboard-api/public-activations/?code=EMSR693,200,821a75a26c069a9f893021302a7dbdf96f34fe16269525148e609e01558b82a2,3344,data/snapshots/2026-08-15/copernicus_EMSR693.json,copernicus EMSR693
2026-08-15T16:29:38Z,https://rapidmapping.emergency.copernicus.eu/backend/dashboard-api/public-activations/?code=EMSR694,200,fcdbd81ee987ace8116bf1e253b84b353d9c5bde976ee31ffdf848b2b6ef7924,16357,data/snapshots/2026-08-15/copernicus_EMSR694.json,copernicus EMSR694
2026-08-15T16:29:39Z,https://rapidmapping.emergency.copernicus.eu/backend/dashboard-api/public-activations/?code=EMSR695,200,03ece57c8427e5c74c2911e355f69bbaef3fe9890a326740c19d3b73fef1ecd5,22139,data/snapshots/2026-08-15/copernicus_EMSR695.json,copernicus EMSR695
2026-08-15T16:29:40Z,https://rapidmapping.emergency.copernicus.eu/backend/dashboard-api/public-activations/?code=EMSR696,200,623c5b88ac33a3171ad458a30bdc063addcbd06538f549b97e62e078b9da87c7,32108,data/snapshots/2026-08-15/copernicus_EMSR696.json,copernicus EMSR696
2026-08-15T16:29:41Z,https://rapidmapping.emergency.copernicus.eu/backend/dashboard-api/public-activations/?code=EMSR697,200,975a0e77b5df443fcf541f5c421df789654ae8481064ac6725eead8e7680b186,73438,data/snapshots/2026-08-15/copernicus_EMSR697.json,copernicus EMSR697
2026-08-15T16:29:42Z,https://rapidmapping.emergency.copernicus.eu/backend/dashboard-api/public-activations/?code=EMSR698,200,5d46963ab5ca0388b5b23305da393affa220156d8ebf1531102c38f05b39be4b,801252,data/snapshots/2026-08-15/copernicus_EMSR698.json,copernicus EMSR698
2026-08-15T16:29:43Z,https://rapidmapping.emergency.copernicus.eu/backend/dashboard-api/public-activations/?code=EMSR699,200,b30957b02744f7ab6f6833ecb308f8ea72f1451dd77c77ac5dde2fe12a9d0a60,4650,data/snapshots/2026-08-15/copernicus_EMSR699.json,copernicus EMSR699
2026-08-15T16:29:43Z,https://rapidmapping.emergency.copernicus.eu/backend/dashboard-api/public-activations/?code=EMSR700,403,dbff0849bc109eee7f9b7b1fe12e40fc8add21823b2f1fb600b37f620cbd7862,58,\N,copernicus EMSR700
2026-08-15T16:29:44Z,https://rapidmapping.emergency.copernicus.eu/backend/dashboard-api/public-activations/?code=EMSR701,200,ad2419eb537d7572f1f5cf623fbe9614d04ea02c2847b21b91b75a5f91b15f7b,24543,data/snapshots/2026-08-15/copernicus_EMSR701.json,copernicus EMSR701
2026-08-15T16:29:45Z,https://rapidmapping.emergency.copernicus.eu/backend/dashboard-api/public-activations/?code=EMSR702,200,bedca05bce2abaea385264dc37fcb7d1b2ce36d4f8edaf16a38bb9adee21061c,66474,data/snapshots/2026-08-15/copernicus_EMSR702.json,copernicus EMSR702
2026-08-15T16:29:46Z,https://rapidmapping.emergency.copernicus.eu/backend/dashboard-api/public-activations/?code=EMSR703,200,e23b8ad78b1f540a546313c6ebf4ecd979022e41515756822e5e193a4d2bc21c,24922,data/snapshots/2026-08-15/copernicus_EMSR703.json,copernicus EMSR703
2026-08-15T16:29:47Z,https://rapidmapping.emergency.copernicus.eu/backend/dashboard-api/public-activations/?code=EMSR704,200,15d877d66c320df41616d75866b2540410fcd9f2fde976acc97ddab3cc86b2e9,9475,data/snapshots/2026-08-15/copernicus_EMSR704.json,copernicus EMSR704
2026-08-15T16:29:48Z,https://rapidmapping.emergency.copernicus.eu/backend/dashboard-api/public-activations/?code=EMSR705,200,9e00218cbb0576bd53d55bcb2625fd8e10a0d80262ced0bcbc0024a64e6c78d4,40093,data/snapshots/2026-08-15/copernicus_EMSR705.json,copernicus EMSR705
2026-08-15T16:29:49Z,https://rapidmapping.emergency.copernicus.eu/backend/dashboard-api/public-activations/?code=EMSR706,200,54b75938274f87186101079b5ed096c7620c6b91dcd2193954f4ed90e794cfb7,57815,data/snapshots/2026-08-15/copernicus_EMSR706.json,copernicus EMSR706
2026-08-15T16:29:50Z,https://rapidmapping.emergency.copernicus.eu/backend/dashboard-api/public-activations/?code=EMSR707,200,c583d1cacad3e8a3ee0f6d5f10f40426988cf6832628c21bf8a747c17f42dc33,2334,data/snapshots/2026-08-15/copernicus_EMSR707.json,copernicus EMSR707
2026-08-15T16:29:51Z,https://rapidmapping.emergency.copernicus.eu/backend/dashboard-api/public-activations/?code=EMSR708,200,176fa0655f8331301f50c604812fd143d5107886208493be97dddd1b5695a853,38109,data/snapshots/2026-08-15/copernicus_EMSR708.json,copernicus EMSR708
2026-08-15T16:29:51Z,https://rapidmapping.emergency.copernicus.eu/backend/dashboard-api/public-activations/?code=EMSR709,200,15bf122526cae6eff7d66b772c396504ee9186da8bd14240721663d46d5efa2f,6007,data/snapshots/2026-08-15/copernicus_EMSR709.json,copernicus EMSR709
2026-08-15T16:29:52Z,https://rapidmapping.emergency.copernicus.eu/backend/dashboard-api/public-activations/?code=EMSR710,200,b6cc39a83f192999b21e790e7ab7e59c3e7ae8f5076cba143297ff5de5c8183a,7842,data/snapshots/2026-08-15/copernicus_EMSR710.json,copernicus EMSR710
2026-08-15T16:29:53Z,https://rapidmapping.emergency.copernicus.eu/backend/dashboard-api/public-activations/?code=EMSR711,200,f7c9b12f052d38a2b599016c4c86f2f6331e9cdb8f8481684235d3616cc2f795,21719,data/snapshots/2026-08-15/copernicus_EMSR711.json,copernicus EMSR711
2026-08-15T16:29:54Z,https://rapidmapping.emergency.copernicus.eu/backend/dashboard-api/public-activations/?code=EMSR712,200,8d8e28bfe531313346a6353a3791673d528ad96b0dfa257d29a363f5a38ece51,308902,data/snapshots/2026-08-15/copernicus_EMSR712.json,copernicus EMSR712
2026-08-15T16:29:54Z,https://rapidmapping.emergency.copernicus.eu/backend/dashboard-api/public-activations/?code=EMSR713,200,51939d79c078026c811352e4c92a65370ba54a7b758bd09b6df2457219d2f71b,9640,data/snapshots/2026-08-15/copernicus_EMSR713.json,copernicus EMSR713
2026-08-15T16:29:55Z,https://rapidmapping.emergency.copernicus.eu/backend/dashboard-api/public-activations/?code=EMSR714,200,a1654a0c9857e94fa6063fd9108b9a6722e1a588a0ff895f20971ceacc825204,34783,data/snapshots/2026-08-15/copernicus_EMSR714.json,copernicus EMSR714
2026-08-15T16:29:56Z,https://rapidmapping.emergency.copernicus.eu/backend/dashboard-api/public-activations/?code=EMSR715,200,b54578d0a4df1e0b9c1db56165760344a24690f5aba31ba0b958089016456125,48383,data/snapshots/2026-08-15/copernicus_EMSR715.json,copernicus EMSR715
2026-08-15T16:29:57Z,https://rapidmapping.emergency.copernicus.eu/backend/dashboard-api/public-activations/?code=EMSR716,200,da0f190acb03fb5109caebe793154fa6d67bf198fcb195d658ae420078d37e7c,6939,data/snapshots/2026-08-15/copernicus_EMSR716.json,copernicus EMSR716
2026-08-15T16:29:58Z,https://rapidmapping.emergency.copernicus.eu/backend/dashboard-api/public-activations/?code=EMSR717,200,f238ebd6b100d19afb8fd9dc70d8d895e381fc958ab34cb399b50a84b10ea59b,65237,data/snapshots/2026-08-15/copernicus_EMSR717.json,copernicus EMSR717
2026-08-15T16:29:58Z,https://rapidmapping.emergency.copernicus.eu/backend/dashboard-api/public-activations/?code=EMSR718,200,a0051d983cc03d569a7c19f6052606feb50461d38403d0119f987c2543def5ce,8725,data/snapshots/2026-08-15/copernicus_EMSR718.json,copernicus EMSR718
2026-08-15T16:29:59Z,https://rapidmapping.emergency.copernicus.eu/backend/dashboard-api/public-activations/?code=EMSR719,200,836285eea4c995722dab4653166629b49f7d3198a865230694e144b9429ec0b4,8551,data/snapshots/2026-08-15/copernicus_EMSR719.json,copernicus EMSR719
2026-08-15T16:30:00Z,https://rapidmapping.emergency.copernicus.eu/backend/dashboard-api/public-activations/?code=EMSR720,200,86676668b87cf06dfc27387b6053f034e4362ce410d809555c303f34041c551c,65183,data/snapshots/2026-08-15/copernicus_EMSR720.json,copernicus EMSR720
2026-08-15T16:30:01Z,https://rapidmapping.emergency.copernicus.eu/backend/dashboard-api/public-activations/?code=EMSR721,200,3273b1a8e675afb7cb5fa1bf8af9150d81ea217bd6c2856ad1fd2d8ce12617ab,6748,data/snapshots/2026-08-15/copernicus_EMSR721.json,copernicus EMSR721
2026-08-15T16:30:02Z,https://rapidmapping.emergency.copernicus.eu/backend/dashboard-api/public-activations/?code=EMSR722,200,3b2f43b1a021ce0bd093991ea0c5de7abfc61291d8e180e7c752b61826bcc399,902066,data/snapshots/2026-08-15/copernicus_EMSR722.json,copernicus EMSR722
2026-08-15T16:30:03Z,https://rapidmapping.emergency.copernicus.eu/backend/dashboard-api/public-activations/?code=EMSR723,403,dbff0849bc109eee7f9b7b1fe12e40fc8add21823b2f1fb600b37f620cbd7862,58,\N,copernicus EMSR723
2026-08-15T16:30:04Z,https://rapidmapping.emergency.copernicus.eu/backend/dashboard-api/public-activations/?code=EMSR724,403,dbff0849bc109eee7f9b7b1fe12e40fc8add21823b2f1fb600b37f620cbd7862,58,\N,copernicus EMSR724
2026-08-15T16:30:04Z,https://rapidmapping.emergency.copernicus.eu/backend/dashboard-api/public-activations/?code=EMSR725,200,5c1c6dc9d32e5839f9133b825a3b320ee90e0c0ad9c79aad065056ef355e00bf,19041,data/snapshots/2026-08-15/copernicus_EMSR725.json,copernicus EMSR725
2026-08-15T16:30:05Z,https://rapidmapping.emergency.copernicus.eu/backend/dashboard-api/public-activations/?code=EMSR726,200,23ead5bdeb0f7e8ed5a3476366928609f3a7ded47395e0b40f2ca007ba08eaa0,32717,data/snapshots/2026-08-15/copernicus_EMSR726.json,copernicus EMSR726
2026-08-15T16:30:06Z,https://rapidmapping.emergency.copernicus.eu/backend/dashboard-api/public-activations/?code=EMSR727,200,c444a0b50b441c18f702c40cf41f506086edb4c817bb3590b2d40923105d973e,154509,data/snapshots/2026-08-15/copernicus_EMSR727.json,copernicus EMSR727
2026-08-15T16:30:07Z,https://rapidmapping.emergency.copernicus.eu/backend/dashboard-api/public-activations/?code=EMSR728,200,dace10735ebb14c0380089f4b151e2d208517ec4172160bd7131fb6cfe0cc6d2,123492,data/snapshots/2026-08-15/copernicus_EMSR728.json,copernicus EMSR728
2026-08-15T16:30:08Z,https://rapidmapping.emergency.copernicus.eu/backend/dashboard-api/public-activations/?code=EMSR729,200,211afb4606c7b32b54027b05abbe507fbc8b5cc9dcd217691dfa3f43dd37b191,5404,data/snapshots/2026-08-15/copernicus_EMSR729.json,copernicus EMSR729
2026-08-15T16:30:09Z,https://rapidmapping.emergency.copernicus.eu/backend/dashboard-api/public-activations/?code=EMSR730,200,ccc8f131a7dc6eff163ea3caf11162d78ccba5f3205b1b2ce167437302dd8229,6129,data/snapshots/2026-08-15/copernicus_EMSR730.json,copernicus EMSR730
2026-08-15T16:30:09Z,https://rapidmapping.emergency.copernicus.eu/backend/dashboard-api/public-activations/?code=EMSR731,200,a02ce3b2681adac199393464cfe640d4f013d42d17d0b74dceead73d72d2232a,30685,data/snapshots/2026-08-15/copernicus_EMSR731.json,copernicus EMSR731
2026-08-15T16:30:10Z,https://rapidmapping.emergency.copernicus.eu/backend/dashboard-api/public-activations/?code=EMSR732,200,db7e494f3d813ea3b170dbd5a7d8f3d79bd00a55e9694dee4d37533308fb3931,2498,data/snapshots/2026-08-15/copernicus_EMSR732.json,copernicus EMSR732
2026-08-15T16:30:11Z,https://rapidmapping.emergency.copernicus.eu/backend/dashboard-api/public-activations/?code=EMSR733,200,fafc7eb58c6d14a3b3bfc188e22f4d6f687d41d86205efcb8a0fba02c320a027,13014,data/snapshots/2026-08-15/copernicus_EMSR733.json,copernicus EMSR733
2026-08-15T16:30:12Z,https://rapidmapping.emergency.copernicus.eu/backend/dashboard-api/public-activations/?code=EMSR734,200,8d5ac3ca7f22545ee4117fc05b0c6b789dd92c4d2f3f8a4c11a853984d16fce8,96195,data/snapshots/2026-08-15/copernicus_EMSR734.json,copernicus EMSR734
2026-08-15T16:30:12Z,https://rapidmapping.emergency.copernicus.eu/backend/dashboard-api/public-activations/?code=EMSR735,200,6e81a1645c34845309ca80b565d6f7fd422f0f19591bb5975fddc3b3aa75c212,4574,data/snapshots/2026-08-15/copernicus_EMSR735.json,copernicus EMSR735
2026-08-15T16:30:13Z,https://rapidmapping.emergency.copernicus.eu/backend/dashboard-api/public-activations/?code=EMSR736,200,9ced29752c17f94f838a92d53914d106ea3b989074bd9f6d7d807446f384f70e,17809,data/snapshots/2026-08-15/copernicus_EMSR736.json,copernicus EMSR736
2026-08-15T16:30:14Z,https://rapidmapping.emergency.copernicus.eu/backend/dashboard-api/public-activations/?code=EMSR737,200,c7b3c0672f7e5ab76077b9c5b2c87704f4f142fa721bf8ed2e52c545e6575944,5752,data/snapshots/2026-08-15/copernicus_EMSR737.json,copernicus EMSR737
2026-08-15T16:30:15Z,https://rapidmapping.emergency.copernicus.eu/backend/dashboard-api/public-activations/?code=EMSR738,200,b0b89ccfe986097f0847b46a88c6d078919c65aea0941a6f1de0ab05831be61c,16300,data/snapshots/2026-08-15/copernicus_EMSR738.json,copernicus EMSR738
2026-08-15T16:30:15Z,https://rapidmapping.emergency.copernicus.eu/backend/dashboard-api/public-activations/?code=EMSR739,200,b1d96e2efebfd852f5cf5eadeb2f41f8e3620552f044543740c4d576ed1e4814,8052,data/snapshots/2026-08-15/copernicus_EMSR739.json,copernicus EMSR739
2026-08-15T16:30:16Z,https://rapidmapping.emergency.copernicus.eu/backend/dashboard-api/public-activations/?code=EMSR740,200,c1632650c7fec8422af6996943b9149053ad074a1a1d087f1c642799bdf821d2,56128,data/snapshots/2026-08-15/copernicus_EMSR740.json,copernicus EMSR740
2026-08-15T16:30:17Z,https://rapidmapping.emergency.copernicus.eu/backend/dashboard-api/public-activations/?code=EMSR741,200,191354906f2812885fa5a908df4c52989fac5b2cc6efdf0df9afc2fb20108f06,15537,data/snapshots/2026-08-15/copernicus_EMSR741.json,copernicus EMSR741
2026-08-15T16:30:18Z,https://rapidmapping.emergency.copernicus.eu/backend/dashboard-api/public-activations/?code=EMSR742,200,e91bb627891f3917e8ebf7450c8da3753729d826aff712ce48ff5798bafa007c,19338,data/snapshots/2026-08-15/copernicus_EMSR742.json,copernicus EMSR742
2026-08-15T16:30:18Z,https://rapidmapping.emergency.copernicus.eu/backend/dashboard-api/public-activations/?code=EMSR743,200,5ff40198cc9453d1cd7c5e9af3eabcb31500d01288441c737edeb547fc010bb2,6096,data/snapshots/2026-08-15/copernicus_EMSR743.json,copernicus EMSR743
2026-08-15T16:30:19Z,https://rapidmapping.emergency.copernicus.eu/backend/dashboard-api/public-activations/?code=EMSR744,200,d310248278cbfcb307142d3b7cd90f60c70d591b2193b1bb80ab643bc7c4d444,4858,data/snapshots/2026-08-15/copernicus_EMSR744.json,copernicus EMSR744
2026-08-15T16:30:20Z,https://rapidmapping.emergency.copernicus.eu/backend/dashboard-api/public-activations/?code=EMSR745,200,232bbf0a91c6d51320b89ff58b334447244e574c679025782e9dde6551a773e1,4428,data/snapshots/2026-08-15/copernicus_EMSR745.json,copernicus EMSR745
2026-08-15T16:30:20Z,https://rapidmapping.emergency.copernicus.eu/backend/dashboard-api/public-activations/?code=EMSR746,200,29191166a1193367b05b6b8cd1202e727b21e9cd40171d82bbf201dd34f54316,22045,data/snapshots/2026-08-15/copernicus_EMSR746.json,copernicus EMSR746
2026-08-15T16:30:21Z,https://rapidmapping.emergency.copernicus.eu/backend/dashboard-api/public-activations/?code=EMSR747,200,684fb014ed02f11d1eeddab206c5ec48f32484a9f0db4a95d284e7b4335f3fa9,5808,data/snapshots/2026-08-15/copernicus_EMSR747.json,copernicus EMSR747
2026-08-15T16:30:22Z,https://rapidmapping.emergency.copernicus.eu/backend/dashboard-api/public-activations/?code=EMSR748,200,5d24168befddfb2a0d02684a99ce9cd5803affdbf26318194fcfdb9eedf94ba4,21137,data/snapshots/2026-08-15/copernicus_EMSR748.json,copernicus EMSR748
2026-08-15T16:30:23Z,https://rapidmapping.emergency.copernicus.eu/backend/dashboard-api/public-activations/?code=EMSR749,200,2812254cac227a376d2328349348e75a4c12d096d47702086cd6db6ec0872f9c,10587,data/snapshots/2026-08-15/copernicus_EMSR749.json,copernicus EMSR749
2026-08-15T16:30:24Z,https://rapidmapping.emergency.copernicus.eu/backend/dashboard-api/public-activations/?code=EMSR750,200,5d9c31ac3a4d3645e0105a791f983cc6bf597fca0bc5f22f706b63dde66e685f,22742,data/snapshots/2026-08-15/copernicus_EMSR750.json,copernicus EMSR750
2026-08-15T16:30:25Z,https://rapidmapping.emergency.copernicus.eu/backend/dashboard-api/public-activations/?code=EMSR751,200,68266d06b17d6494a1cd19d25cc0bf50b9cf824e160963a4ba6be98775778265,7729,data/snapshots/2026-08-15/copernicus_EMSR751.json,copernicus EMSR751
2026-08-15T16:30:25Z,https://rapidmapping.emergency.copernicus.eu/backend/dashboard-api/public-activations/?code=EMSR752,200,96033aefbc23e3012ee1399be42e4730507d90d74857b577d7eda8f6dc049bf6,10837,data/snapshots/2026-08-15/copernicus_EMSR752.json,copernicus EMSR752
2026-08-15T16:30:26Z,https://rapidmapping.emergency.copernicus.eu/backend/dashboard-api/public-activations/?code=EMSR753,200,8daafadc4598d125c1b7239a666e0e39baef6df0fd6d58c562281ab5adf1d516,12514,data/snapshots/2026-08-15/copernicus_EMSR753.json,copernicus EMSR753
2026-08-15T16:30:27Z,https://rapidmapping.emergency.copernicus.eu/backend/dashboard-api/public-activations/?code=EMSR754,200,bde8c11d31c37dc7a063d4b2f895d2979213968c28b696d86cb1c21e08f9a86d,38907,data/snapshots/2026-08-15/copernicus_EMSR754.json,copernicus EMSR754
2026-08-15T16:30:28Z,https://rapidmapping.emergency.copernicus.eu/backend/dashboard-api/public-activations/?code=EMSR755,200,e57309cdcafd447eb60e0e52518c5aa6355c6b403c13c1a1e9cbb900a1ccc540,2593559,data/snapshots/2026-08-15/copernicus_EMSR755.json,copernicus EMSR755
2026-08-15T16:30:29Z,https://rapidmapping.emergency.copernicus.eu/backend/dashboard-api/public-activations/?code=EMSR756,200,244aadc3012b71d9086aad32142292345b0455e422a03efc9171d6f7857f943f,293020,data/snapshots/2026-08-15/copernicus_EMSR756.json,copernicus EMSR756
2026-08-15T16:30:30Z,https://rapidmapping.emergency.copernicus.eu/backend/dashboard-api/public-activations/?code=EMSR757,200,c1cdb789ea3b3f4b02a85144fafa122af1c1b6892980ae9e28ebbed6ad7a3030,21087,data/snapshots/2026-08-15/copernicus_EMSR757.json,copernicus EMSR757
2026-08-15T16:30:30Z,https://rapidmapping.emergency.copernicus.eu/backend/dashboard-api/public-activations/?code=EMSR758,200,901eb1b8cc327cf4e47b8cd47d204cd11cf5fe236ec155b66779926224ae356e,14398,data/snapshots/2026-08-15/copernicus_EMSR758.json,copernicus EMSR758
2026-08-15T16:30:31Z,https://rapidmapping.emergency.copernicus.eu/backend/dashboard-api/public-activations/?code=EMSR759,200,dcd286cf87a769841d1f512a5c1d24b49e533724aade59b8fc5b0df1e25c1d06,16322,data/snapshots/2026-08-15/copernicus_EMSR759.json,copernicus EMSR759
2026-08-15T16:30:32Z,https://rapidmapping.emergency.copernicus.eu/backend/dashboard-api/public-activations/?code=EMSR760,200,243fe4e2c94259c4e2a012dcee6ac99b736fcd0355357be1f203d2b7ef34fe01,40261,data/snapshots/2026-08-15/copernicus_EMSR760.json,copernicus EMSR760
2026-08-15T16:30:33Z,https://rapidmapping.emergency.copernicus.eu/backend/dashboard-api/public-activations/?code=EMSR761,200,1b0c2ada6cadb38e58fde9580de8e0c7da56acd15d3f4de61bfc0b1879a5cec1,11169,data/snapshots/2026-08-15/copernicus_EMSR761.json,copernicus EMSR761
2026-08-15T16:30:34Z,https://rapidmapping.emergency.copernicus.eu/backend/dashboard-api/public-activations/?code=EMSR762,200,a67f06751235872fd4ab46b0f932aabe941bdfbba2f457167f57aa1339d3edf4,35829,data/snapshots/2026-08-15/copernicus_EMSR762.json,copernicus EMSR762
2026-08-15T16:30:35Z,https://rapidmapping.emergency.copernicus.eu/backend/dashboard-api/public-activations/?code=EMSR763,200,b42b6ad2f39c798e49e14f8aeac8f0043f4534b6bbfe95776e1d63d00278cea6,2259046,data/snapshots/2026-08-15/copernicus_EMSR763.json,copernicus EMSR763
2026-08-15T16:30:35Z,https://rapidmapping.emergency.copernicus.eu/backend/dashboard-api/public-activations/?code=EMSR764,200,5dc2403c0f60e6e5d39662504b7b8698485cc17834a2978b6a2f468f23941bfa,19992,data/snapshots/2026-08-15/copernicus_EMSR764.json,copernicus EMSR764
2026-08-15T16:30:36Z,https://rapidmapping.emergency.copernicus.eu/backend/dashboard-api/public-activations/?code=EMSR765,200,855832ffa1b5bc1af170f62a61b688784b2bbf1df78a53ad7c812b45df1a50a4,166679,data/snapshots/2026-08-15/copernicus_EMSR765.json,copernicus EMSR765
2026-08-15T16:30:37Z,https://rapidmapping.emergency.copernicus.eu/backend/dashboard-api/public-activations/?code=EMSR766,200,aa11db205991b8a3c7db7b2170cdc3b3becc56ebe7cfb715b4d1e980356a3924,131273,data/snapshots/2026-08-15/copernicus_EMSR766.json,copernicus EMSR766
2026-08-15T16:30:38Z,https://rapidmapping.emergency.copernicus.eu/backend/dashboard-api/public-activations/?code=EMSR767,200,076c3a8472bac5e9bf6e8d4413800168a482a10fea06c5bea193f85eaa9fa373,16004,data/snapshots/2026-08-15/copernicus_EMSR767.json,copernicus EMSR767
2026-08-15T16:30:39Z,https://rapidmapping.emergency.copernicus.eu/backend/dashboard-api/public-activations/?code=EMSR768,200,cfdc881aaba37d73e57b38d8657ad6f46f657903ebb4db4339bf55eeae079271,35127,data/snapshots/2026-08-15/copernicus_EMSR768.json,copernicus EMSR768
2026-08-15T16:30:39Z,https://rapidmapping.emergency.copernicus.eu/backend/dashboard-api/public-activations/?code=EMSR769,200,1a4c747893ce04bd9d49d64a6e05f0705b411bd4475d26d52c65161bca7c73e4,6708,data/snapshots/2026-08-15/copernicus_EMSR769.json,copernicus EMSR769
2026-08-15T16:30:40Z,https://rapidmapping.emergency.copernicus.eu/backend/dashboard-api/public-activations/?code=EMSR770,200,23a4654abef20f57143725e688106cf9cab4132ce506629ff164d40c85010803,28872,data/snapshots/2026-08-15/copernicus_EMSR770.json,copernicus EMSR770
2026-08-15T16:30:41Z,https://rapidmapping.emergency.copernicus.eu/backend/dashboard-api/public-activations/?code=EMSR771,200,99fa75cf6cfe437578f9c8761fcc9015d3ae5ab5e70d04a9771f5ff1752f136c,55425,data/snapshots/2026-08-15/copernicus_EMSR771.json,copernicus EMSR771
2026-08-15T16:30:42Z,https://rapidmapping.emergency.copernicus.eu/backend/dashboard-api/public-activations/?code=EMSR772,200,22d499f685da80c07d6e466118b803a284f262af88c3e7b0056a7d5fe9ef43d3,118603,data/snapshots/2026-08-15/copernicus_EMSR772.json,copernicus EMSR772
2026-08-15T16:30:43Z,https://rapidmapping.emergency.copernicus.eu/backend/dashboard-api/public-activations/?code=EMSR773,200,9453803941d6a40eea9549329921bda28d800a34ff418c7497ad185445cdd157,233224,data/snapshots/2026-08-15/copernicus_EMSR773.json,copernicus EMSR773
2026-08-15T16:30:43Z,https://rapidmapping.emergency.copernicus.eu/backend/dashboard-api/public-activations/?code=EMSR774,200,d027cd46eda029dd3945e393275948772933df09b242a5c154abe4856ff5789c,30941,data/snapshots/2026-08-15/copernicus_EMSR774.json,copernicus EMSR774
2026-08-15T16:30:44Z,https://rapidmapping.emergency.copernicus.eu/backend/dashboard-api/public-activations/?code=EMSR775,200,0cc52473cc861b67ea62d5f3835ac6d46e228e2ce151ead61d8eee7d7174c271,22136,data/snapshots/2026-08-15/copernicus_EMSR775.json,copernicus EMSR775
2026-08-15T16:30:45Z,https://rapidmapping.emergency.copernicus.eu/backend/dashboard-api/public-activations/?code=EMSR776,200,e25d2bb1607539d59957a26a41fe9a64c2a6c213103799d357071604fd9300e5,20936,data/snapshots/2026-08-15/copernicus_EMSR776.json,copernicus EMSR776
2026-08-15T16:30:46Z,https://rapidmapping.emergency.copernicus.eu/backend/dashboard-api/public-activations/?code=EMSR777,200,e874cc2825047eefc33b1e91c06b8adf5b9cc13b9519e285f617c6e12e40085a,26798,data/snapshots/2026-08-15/copernicus_EMSR777.json,copernicus EMSR777
2026-08-15T16:30:47Z,https://rapidmapping.emergency.copernicus.eu/backend/dashboard-api/public-activations/?code=EMSR778,200,355252f48d38ffa0a65ae00f6f58be3cd8d19487c82e3109b0d6dde66a17b276,72630,data/snapshots/2026-08-15/copernicus_EMSR778.json,copernicus EMSR778
2026-08-15T16:30:47Z,https://rapidmapping.emergency.copernicus.eu/backend/dashboard-api/public-activations/?code=EMSR779,200,f9bfdc8de9a8105e954992c31e040babd731d76c7fcaaad84b577c7975bf0b56,260597,data/snapshots/2026-08-15/copernicus_EMSR779.json,copernicus EMSR779
2026-08-15T16:30:48Z,https://rapidmapping.emergency.copernicus.eu/backend/dashboard-api/public-activations/?code=EMSR780,200,c861bc5eee7a0c8354ba81f9f9cd9d5d703a7853e984a3e193e0939b4c4333b7,42547,data/snapshots/2026-08-15/copernicus_EMSR780.json,copernicus EMSR780
2026-08-15T16:30:49Z,https://rapidmapping.emergency.copernicus.eu/backend/dashboard-api/public-activations/?code=EMSR781,200,8ad83dca2b8d3571dfcafe939d857db53868d58ef85d6acc9d2880c47929e1c3,52615,data/snapshots/2026-08-15/copernicus_EMSR781.json,copernicus EMSR781
2026-08-15T16:30:50Z,https://rapidmapping.emergency.copernicus.eu/backend/dashboard-api/public-activations/?code=EMSR782,200,55b8cd11d596f0c578ebdb4dfc3edeac165ca25552b37da4b41858d55e35eb15,57456,data/snapshots/2026-08-15/copernicus_EMSR782.json,copernicus EMSR782
2026-08-15T16:30:51Z,https://rapidmapping.emergency.copernicus.eu/backend/dashboard-api/public-activations/?code=EMSR783,200,c029055a42c0206ba38791451bc9fc61125474ff54f9236d8e21ae9134e558fb,18538,data/snapshots/2026-08-15/copernicus_EMSR783.json,copernicus EMSR783
2026-08-15T16:30:51Z,https://rapidmapping.emergency.copernicus.eu/backend/dashboard-api/public-activations/?code=EMSR784,200,17268dd765f8bd7a5e5057329ad47d21c9ea65fca50de9438233dc1eb276b1bc,8609,data/snapshots/2026-08-15/copernicus_EMSR784.json,copernicus EMSR784
2026-08-15T16:30:52Z,https://rapidmapping.emergency.copernicus.eu/backend/dashboard-api/public-activations/?code=EMSR785,200,d8a1e1896368e2c03889dab283072a48016d6131ca58689ee41c4a44ea0bb2cf,24944,data/snapshots/2026-08-15/copernicus_EMSR785.json,copernicus EMSR785
2026-08-15T16:30:53Z,https://rapidmapping.emergency.copernicus.eu/backend/dashboard-api/public-activations/?code=EMSR786,200,3ccb86f0fd3232cae0adc4a6d4db5280eba9f854004f6a0d6146a968eae6e26a,29351,data/snapshots/2026-08-15/copernicus_EMSR786.json,copernicus EMSR786
2026-08-15T16:30:54Z,https://rapidmapping.emergency.copernicus.eu/backend/dashboard-api/public-activations/?code=EMSR787,200,b2a0a35cf68336b3b457ba6c91e772a5f02dab03d6766aac1dc53ff579748950,4731,data/snapshots/2026-08-15/copernicus_EMSR787.json,copernicus EMSR787
2026-08-15T16:30:55Z,https://rapidmapping.emergency.copernicus.eu/backend/dashboard-api/public-activations/?code=EMSR788,200,54563c884635a0704b5842fee348ed06df4dc7b6c790f9561fcf0371872c0893,85264,data/snapshots/2026-08-15/copernicus_EMSR788.json,copernicus EMSR788
2026-08-15T16:30:56Z,https://rapidmapping.emergency.copernicus.eu/backend/dashboard-api/public-activations/?code=EMSR789,200,8faf61e640d9dd672608ec34334fe94d0260730c795117f5539dacd33064d002,54336,data/snapshots/2026-08-15/copernicus_EMSR789.json,copernicus EMSR789
2026-08-15T16:30:56Z,https://rapidmapping.emergency.copernicus.eu/backend/dashboard-api/public-activations/?code=EMSR790,200,ccb4201fa5487c43906e216506104156140406a354fe098139712efc4854eed4,16230,data/snapshots/2026-08-15/copernicus_EMSR790.json,copernicus EMSR790
2026-08-15T16:30:57Z,https://rapidmapping.emergency.copernicus.eu/backend/dashboard-api/public-activations/?code=EMSR791,200,0aaf261e2cc5b37ffaa934df1ecf9cbd029ac3865be24a66e52c6e8679b52ec5,18960,data/snapshots/2026-08-15/copernicus_EMSR791.json,copernicus EMSR791
2026-08-15T16:30:58Z,https://rapidmapping.emergency.copernicus.eu/backend/dashboard-api/public-activations/?code=EMSR792,200,d969e29e81eb9d7876f3f985436068efd600353ab99f8cf29cff7d6f9afd514d,9164,data/snapshots/2026-08-15/copernicus_EMSR792.json,copernicus EMSR792
2026-08-15T16:30:59Z,https://rapidmapping.emergency.copernicus.eu/backend/dashboard-api/public-activations/?code=EMSR793,200,c83dc42d0826eda4910ade98bf2bcefa7592cbdb501420a5ca8defa76ba75aaa,17871,data/snapshots/2026-08-15/copernicus_EMSR793.json,copernicus EMSR793
2026-08-15T16:31:00Z,https://rapidmapping.emergency.copernicus.eu/backend/dashboard-api/public-activations/?code=EMSR794,200,c861617297e43a61633bae43ab0e454aa4f732bfcebcf9e46c86940c8d424c19,21068,data/snapshots/2026-08-15/copernicus_EMSR794.json,copernicus EMSR794
2026-08-15T16:31:01Z,https://rapidmapping.emergency.copernicus.eu/backend/dashboard-api/public-activations/?code=EMSR795,200,b0a3129912bd5cc5649af3473a0fecf6fdb8ab37769483c82bf58f615bdf865b,19774,data/snapshots/2026-08-15/copernicus_EMSR795.json,copernicus EMSR795
2026-08-15T16:31:02Z,https://rapidmapping.emergency.copernicus.eu/backend/dashboard-api/public-activations/?code=EMSR796,200,6c8ec0654a1a1de66fe098f4479262b458a386d643c7c11eb0d958920d460d41,66750,data/snapshots/2026-08-15/copernicus_EMSR796.json,copernicus EMSR796
2026-08-15T16:31:03Z,https://rapidmapping.emergency.copernicus.eu/backend/dashboard-api/public-activations/?code=EMSR797,200,3f26bb0bc4cf3e3b306983bb5d9ee8e1d86710eb69de75438110513c433b8204,286563,data/snapshots/2026-08-15/copernicus_EMSR797.json,copernicus EMSR797
2026-08-15T16:31:04Z,https://rapidmapping.emergency.copernicus.eu/backend/dashboard-api/public-activations/?code=EMSR798,200,47d14ab27a5710ecb4dc1de5c587de42aacf654206e0ea21b576732bb39c8dfe,411118,data/snapshots/2026-08-15/copernicus_EMSR798.json,copernicus EMSR798
2026-08-15T16:31:05Z,https://rapidmapping.emergency.copernicus.eu/backend/dashboard-api/public-activations/?code=EMSR799,200,1048ba5db6a2e70278ce253f456cb1bdbc3eb488c72cfc7404e9222aa6e5a40b,29609,data/snapshots/2026-08-15/copernicus_EMSR799.json,copernicus EMSR799
2026-08-15T16:31:06Z,https://rapidmapping.emergency.copernicus.eu/backend/dashboard-api/public-activations/?code=EMSR800,200,cfc9e544438c351e85f5a30cdfcaddc1e4f902ed8eaf00f52416851f23d1ca51,7373,data/snapshots/2026-08-15/copernicus_EMSR800.json,copernicus EMSR800
2026-08-15T16:31:06Z,https://rapidmapping.emergency.copernicus.eu/backend/dashboard-api/public-activations/?code=EMSR801,200,6c7b2f8cfbb4ee38b1d94ab2744cc9e06c33e3c8c04a1215a25a3099d62a2598,8359,data/snapshots/2026-08-15/copernicus_EMSR801.json,copernicus EMSR801
2026-08-15T16:31:07Z,https://rapidmapping.emergency.copernicus.eu/backend/dashboard-api/public-activations/?code=EMSR802,200,1ec5e577f23adce162d751b587e94ad33b13bbbc684e35cec4611250d548ce43,12774,data/snapshots/2026-08-15/copernicus_EMSR802.json,copernicus EMSR802
2026-08-15T16:31:08Z,https://rapidmapping.emergency.copernicus.eu/backend/dashboard-api/public-activations/?code=EMSR803,200,af15dac96c71155bad3a66d16cb9cf9a27c172a88ca2e12d45250c3876159129,9730,data/snapshots/2026-08-15/copernicus_EMSR803.json,copernicus EMSR803
2026-08-15T16:31:09Z,https://rapidmapping.emergency.copernicus.eu/backend/dashboard-api/public-activations/?code=EMSR804,200,1dfc6092ff1080eb204be6c45cd775b50554aa4c4d96145916b4de7fdd71185b,2585,data/snapshots/2026-08-15/copernicus_EMSR804.json,copernicus EMSR804
2026-08-15T16:31:09Z,https://rapidmapping.emergency.copernicus.eu/backend/dashboard-api/public-activations/?code=EMSR805,200,2851ddaceed927d78daef2ce3d4d11d010628359675039a3a0f1456f1b6cf5f6,29693,data/snapshots/2026-08-15/copernicus_EMSR805.json,copernicus EMSR805
2026-08-15T16:31:10Z,https://rapidmapping.emergency.copernicus.eu/backend/dashboard-api/public-activations/?code=EMSR806,200,a34fc0bcaecf4155a35e0db7f887742744abdcb7256fb774b2ff1db2fe338a2c,16799,data/snapshots/2026-08-15/copernicus_EMSR806.json,copernicus EMSR806
2026-08-15T16:31:11Z,https://rapidmapping.emergency.copernicus.eu/backend/dashboard-api/public-activations/?code=EMSR807,200,6bae831d3778076ac7a0e7a0d92858d7f6adb2340f77616b80b2dd8ff4bebadf,25073,data/snapshots/2026-08-15/copernicus_EMSR807.json,copernicus EMSR807
2026-08-15T16:31:12Z,https://rapidmapping.emergency.copernicus.eu/backend/dashboard-api/public-activations/?code=EMSR808,200,aa62905cdd86d0c9b64247ae20e788c27cf4420787d7761c2bd11e4498ac9a35,25226,data/snapshots/2026-08-15/copernicus_EMSR808.json,copernicus EMSR808
2026-08-15T16:31:12Z,https://rapidmapping.emergency.copernicus.eu/backend/dashboard-api/public-activations/?code=EMSR809,200,0e50de42840ac3f57b8185441db4dc390dd4e1ec4d4c934f9e9cc268d9217833,5194,data/snapshots/2026-08-15/copernicus_EMSR809.json,copernicus EMSR809
2026-08-15T16:31:13Z,https://rapidmapping.emergency.copernicus.eu/backend/dashboard-api/public-activations/?code=EMSR810,200,9cf5dbeb00eae99e8d78f5d289ff7af6b268bd035172234d0c779f8807464cfd,13821,data/snapshots/2026-08-15/copernicus_EMSR810.json,copernicus EMSR810
2026-08-15T16:31:14Z,https://rapidmapping.emergency.copernicus.eu/backend/dashboard-api/public-activations/?code=EMSR811,200,9876c69562dafdef8e33bdf352c7f5e3e3fdf19696e8cf0e7cf96b91825fe1ef,301845,data/snapshots/2026-08-15/copernicus_EMSR811.json,copernicus EMSR811
2026-08-15T16:31:15Z,https://rapidmapping.emergency.copernicus.eu/backend/dashboard-api/public-activations/?code=EMSR812,200,06229548ebe9d75605d987d1e4c50c65beca6d05ab2b67e48e7864be1e23621a,5182,data/snapshots/2026-08-15/copernicus_EMSR812.json,copernicus EMSR812
2026-08-15T16:31:15Z,https://rapidmapping.emergency.copernicus.eu/backend/dashboard-api/public-activations/?code=EMSR813,200,679b5f0fef70d969a629459a9a265cd5edaa77fec5b86cec40dd829cf14f32e9,5326,data/snapshots/2026-08-15/copernicus_EMSR813.json,copernicus EMSR813
2026-08-15T16:31:16Z,https://rapidmapping.emergency.copernicus.eu/backend/dashboard-api/public-activations/?code=EMSR814,200,a628f05545d38768365ac55151e1a6dcc17cedd4b2f794c4a1e886fafe7098d5,73045,data/snapshots/2026-08-15/copernicus_EMSR814.json,copernicus EMSR814
2026-08-15T16:31:17Z,https://rapidmapping.emergency.copernicus.eu/backend/dashboard-api/public-activations/?code=EMSR815,200,604dd13d200736f7b078006eb27844c9510ebc343ef25ba23369bf7c22d68092,9466,data/snapshots/2026-08-15/copernicus_EMSR815.json,copernicus EMSR815
2026-08-15T16:31:18Z,https://rapidmapping.emergency.copernicus.eu/backend/dashboard-api/public-activations/?code=EMSR816,200,3d67dd06e0f68f9385848da5f81cf9841198b7bc7ccc309ea1ecfe60f1cc83b7,30740,data/snapshots/2026-08-15/copernicus_EMSR816.json,copernicus EMSR816
2026-08-15T16:31:18Z,https://rapidmapping.emergency.copernicus.eu/backend/dashboard-api/public-activations/?code=EMSR817,200,03e2cee53b872f323d26b7cba2547474195a795ab840fec87fca86713d760ad2,5082,data/snapshots/2026-08-15/copernicus_EMSR817.json,copernicus EMSR817
2026-08-15T16:31:19Z,https://rapidmapping.emergency.copernicus.eu/backend/dashboard-api/public-activations/?code=EMSR818,200,b9215dbe46f82443bb6584c3bb7bbfb5336d6a56933dce1026eabf2d01b20f49,16051,data/snapshots/2026-08-15/copernicus_EMSR818.json,copernicus EMSR818
2026-08-15T16:31:20Z,https://rapidmapping.emergency.copernicus.eu/backend/dashboard-api/public-activations/?code=EMSR819,200,9a778da24f95205ac9875031ed298ad5f587974e6b5a43bee7677b253283594d,5128,data/snapshots/2026-08-15/copernicus_EMSR819.json,copernicus EMSR819
2026-08-15T16:31:20Z,https://rapidmapping.emergency.copernicus.eu/backend/dashboard-api/public-activations/,200,1fee0691a0e23855c9e78aacbc91a2890a8f33a7d9470d4423b108672df8df72,49,\N,test supuesto
2026-08-15T16:31:21Z,https://rapidmapping.emergency.copernicus.eu/backend/dashboard-api/public-activations/?code=EMSR820,200,3a3e702d953f8b6921f0e9559f7756e6287b1202a8084dff1974d7a34c5d3d73,4343,data/snapshots/2026-08-15/copernicus_EMSR820.json,copernicus EMSR820
2026-08-15T16:31:21Z,https://rapidmapping.emergency.copernicus.eu/backend/dashboard-api/public-activations/?code=EMSR916,200,b32f3747d33567776814f8bca911daf960e0dbf06884222270651a97f598c854,41711,\N,test supuesto
2026-08-15T16:31:21Z,https://rapidmapping.emergency.copernicus.eu/backend/dashboard-api/public-activations/?code=EMSR700,403,dbff0849bc109eee7f9b7b1fe12e40fc8add21823b2f1fb600b37f620cbd7862,58,\N,test supuesto
2026-08-15T16:31:21Z,https://rapidmapping.emergency.copernicus.eu/backend/dashboard-api/public-activations/?code=EMSR916,200,b32f3747d33567776814f8bca911daf960e0dbf06884222270651a97f598c854,41711,\N,test supuesto
2026-08-15T16:31:21Z,https://rapidmapping.emergency.copernicus.eu/backend/dashboard-api/public-activations/?code=EMSR821,200,855251deb4e78ced5119da1d52aa0dbd8838c9b430100618d63395ad2b3b034e,7737,data/snapshots/2026-08-15/copernicus_EMSR821.json,copernicus EMSR821
2026-08-15T16:31:22Z,https://rapidmapping.emergency.copernicus.eu/backend/dashboard-api/public-activations/?code=EMSR916,200,b32f3747d33567776814f8bca911daf960e0dbf06884222270651a97f598c854,41711,\N,test supuesto
2026-08-15T16:31:22Z,https://rapidmapping.emergency.copernicus.eu/backend/dashboard-api/public-activations/?code=EMSR822,200,8ec081f8ea38a05702a0b1c608413c550772801b54925e4287f2ab7323da8d25,34631,data/snapshots/2026-08-15/copernicus_EMSR822.json,copernicus EMSR822
2026-08-15T16:31:23Z,https://chatmap.hotosm.org/api/v1/map/89319bbb-a14a-4dfd-b9a1-c83b8b55785f,200,0c5e3a8ddccf40c596ffb7859e4e1157581992a71d6a22c06a8dff6463a2b18a,190209,\N,test supuesto
2026-08-15T16:31:23Z,https://rapidmapping.emergency.copernicus.eu/backend/dashboard-api/public-activations/?code=EMSR823,200,fb3bb838e67125cb8d7ee5ad5e3c0060e8f97d1f3a707391091d160d1838f2db,4096,data/snapshots/2026-08-15/copernicus_EMSR823.json,copernicus EMSR823
2026-08-15T16:31:23Z,https://earthquake.usgs.gov/fdsnws/event/1/query?eventid=us6000tjl2&format=geojson,200,43122e274171ba13a878803b276cf5113e8d33c2c872e93eb83b6187ff7c1d89,67044,\N,test supuesto
2026-08-15T16:31:24Z,https://rapidmapping.emergency.copernicus.eu/backend/dashboard-api/public-activations/?code=EMSR824,200,b0fc92d3823e422a233bbb68fc46f788a68f930d04a001ab82e3326f710c7c74,53074,data/snapshots/2026-08-15/copernicus_EMSR824.json,copernicus EMSR824
2026-08-15T16:31:24Z,https://rapidmapping.emergency.copernicus.eu/backend/dashboard-api/public-activations/?code=EMSR825,200,93fd4306607e1f446b1c74c59790b797c089804bea6c34e67dbfe08432164c5f,3692,data/snapshots/2026-08-15/copernicus_EMSR825.json,copernicus EMSR825
2026-08-15T16:31:25Z,https://rapidmapping.emergency.copernicus.eu/backend/dashboard-api/public-activations/?code=EMSR826,200,ac04adabb4c6da8385c16a3f73eeb43a2325ee2419ea56cf47f57d5f117a9ea8,4867,data/snapshots/2026-08-15/copernicus_EMSR826.json,copernicus EMSR826
2026-08-15T16:31:25Z,https://www.gdacs.org/gdacsapi/api/emm/getemmnewsbykey?eventtype=EQ&eventid=1557236,200,acd607edf73cf11a33d80e4b05c77fece47a4b8e59474f6f0379d6ce04cb29a0,1832696,\N,test supuesto
2026-08-15T16:31:26Z,https://rapidmapping.emergency.copernicus.eu/backend/dashboard-api/public-activations/?code=EMSR827,200,8d4997307b7e9243be450abeaedd2d54ff2f5ce232b1cd792141598bf8ae114d,16634,data/snapshots/2026-08-15/copernicus_EMSR827.json,copernicus EMSR827
2026-08-15T16:31:26Z,https://services2.arcgis.com/YVLx8xYoDXKccDfJ/arcgis/rest/services/REGISTRO_DE_EMERGENCIAS_EN_COLOMBIA/FeatureServer/0/query?where=1%3D1&f=json&resultRecordCount=1&outFields=MUERTOS%2CVIV_DESTRU%2CMUNICIPIO,200,3ef63243668bc2e5a8f8bcab749740625edf1fe451ff82e7c01ba5360471d382,792,\N,test supuesto
2026-08-15T16:31:27Z,https://rapidmapping.emergency.copernicus.eu/backend/dashboard-api/public-activations/?code=EMSR828,200,7b0a224ace7b4c293dfa28c7c9b8fecb87aa51dedc37a7b6a325eccf533e2d05,12098,data/snapshots/2026-08-15/copernicus_EMSR828.json,copernicus EMSR828
2026-08-15T16:31:27Z,https://www.datos.gov.co/resource/wwkg-r6te.json?%24select=max%28fecha%29,200,9e69438b2fabe535e37608812d936a433f81bc015a63069d8b9bfb9b24644dfa,42,\N,test supuesto
2026-08-15T16:31:27Z,https://rapidmapping.emergency.copernicus.eu/backend/dashboard-api/public-activations/?code=EMSR829,200,5d1fa26efed7f48b5d39b417944c97f209440b06cf559fc223209ad062a0540b,5039,data/snapshots/2026-08-15/copernicus_EMSR829.json,copernicus EMSR829
2026-08-15T16:31:28Z,https://rapidmapping.emergency.copernicus.eu/backend/dashboard-api/public-activations/?code=EMSR830,200,837f3474d3bc0a242dfc9474d30280d3d4bd09086b0ede1f791184151dc8a822,16607,data/snapshots/2026-08-15/copernicus_EMSR830.json,copernicus EMSR830
2026-08-15T16:31:29Z,https://rapidmapping.emergency.copernicus.eu/backend/dashboard-api/public-activations/?code=EMSR831,200,bc8f7d0cfa5a6e7837da724f3b1b47050b3543e37690c40e69a8520705953be8,73294,data/snapshots/2026-08-15/copernicus_EMSR831.json,copernicus EMSR831
2026-08-15T16:31:30Z,https://rapidmapping.emergency.copernicus.eu/backend/dashboard-api/public-activations/?code=EMSR832,200,319167658a677f4ba7ac758ffeb683a094a4f7efbc78c7589efbac116e02685c,8795,data/snapshots/2026-08-15/copernicus_EMSR832.json,copernicus EMSR832
2026-08-15T16:31:30Z,https://rapidmapping.emergency.copernicus.eu/backend/dashboard-api/public-activations/?code=EMSR833,200,9c70a18922cdce148c9db4ac29d092ea82725f032bab1082b82643c961cdbfb4,9464,data/snapshots/2026-08-15/copernicus_EMSR833.json,copernicus EMSR833
2026-08-15T16:31:31Z,https://rapidmapping.emergency.copernicus.eu/backend/dashboard-api/public-activations/?code=EMSR834,200,17bac069f24287c1e7d933ff2369436092aca410273664ce6832397420cfd986,13281,data/snapshots/2026-08-15/copernicus_EMSR834.json,copernicus EMSR834
2026-08-15T16:31:32Z,https://rapidmapping.emergency.copernicus.eu/backend/dashboard-api/public-activations/?code=EMSR835,200,19535abbf4baa2a3d4043ab26b1b1d50973ad1cd4461411e45f08100e2f06def,14046,data/snapshots/2026-08-15/copernicus_EMSR835.json,copernicus EMSR835
2026-08-15T16:31:32Z,https://rapidmapping.emergency.copernicus.eu/backend/dashboard-api/public-activations/?code=EMSR836,200,401ed633086c4d9ba0f1a00c3006a6b16e5667efada19385d14e047074ef303a,50247,data/snapshots/2026-08-15/copernicus_EMSR836.json,copernicus EMSR836
2026-08-15T16:31:33Z,https://rapidmapping.emergency.copernicus.eu/backend/dashboard-api/public-activations/?code=EMSR837,200,37791c2a8ed6f5099620ea5a57260fe28d2cde066c2a5a820d03b2ffea52c0d7,271481,data/snapshots/2026-08-15/copernicus_EMSR837.json,copernicus EMSR837
2026-08-15T16:31:34Z,https://rapidmapping.emergency.copernicus.eu/backend/dashboard-api/public-activations/?code=EMSR838,200,01794427ce00d5b5e390ba574a9dc34b6a8fae0ff9ea3c9bf7264e01010e6571,110829,data/snapshots/2026-08-15/copernicus_EMSR838.json,copernicus EMSR838
2026-08-15T16:31:35Z,https://rapidmapping.emergency.copernicus.eu/backend/dashboard-api/public-activations/?code=EMSR839,200,b70e023353a81ada0e06cd6a382288e0afb20001f5952307259bcc6dfe535260,201754,data/snapshots/2026-08-15/copernicus_EMSR839.json,copernicus EMSR839
2026-08-15T16:31:36Z,https://rapidmapping.emergency.copernicus.eu/backend/dashboard-api/public-activations/?code=EMSR840,403,dbff0849bc109eee7f9b7b1fe12e40fc8add21823b2f1fb600b37f620cbd7862,58,\N,copernicus EMSR840
2026-08-15T16:31:37Z,https://rapidmapping.emergency.copernicus.eu/backend/dashboard-api/public-activations/?code=EMSR841,200,0dc0d59ec1648ef405da33a3912b46fbcc16e0f0f7a1168038dadffee2b7defb,178012,data/snapshots/2026-08-15/copernicus_EMSR841.json,copernicus EMSR841
2026-08-15T16:31:37Z,https://rapidmapping.emergency.copernicus.eu/backend/dashboard-api/public-activations/?code=EMSR842,200,7e8b3728294c4bafd008ef3e31f7f27be778bd349661422fe911931f1b59ada5,7511,data/snapshots/2026-08-15/copernicus_EMSR842.json,copernicus EMSR842
2026-08-15T16:31:38Z,https://rapidmapping.emergency.copernicus.eu/backend/dashboard-api/public-activations/?code=EMSR843,200,f9f7094b8c7595d3cd559d7d014d65277c0fc99d3d51f37d6e969362f4547225,14274,data/snapshots/2026-08-15/copernicus_EMSR843.json,copernicus EMSR843
2026-08-15T16:31:39Z,https://rapidmapping.emergency.copernicus.eu/backend/dashboard-api/public-activations/?code=EMSR844,200,45f708b6fa58cd508d51143950726a7a9f6b863eca85e7bbebd477f28e56807c,16325,data/snapshots/2026-08-15/copernicus_EMSR844.json,copernicus EMSR844
2026-08-15T16:31:39Z,https://rapidmapping.emergency.copernicus.eu/backend/dashboard-api/public-activations/?code=EMSR845,200,8def3c120e0494f991ea5f1bd0e99b75346dba8f7d083a4ccb14dc139a5802ca,37355,data/snapshots/2026-08-15/copernicus_EMSR845.json,copernicus EMSR845
2026-08-15T16:31:40Z,https://rapidmapping.emergency.copernicus.eu/backend/dashboard-api/public-activations/?code=EMSR846,200,db12bac39a990720dfdcf91e978ef7a8266bb5883e625ba4d0c9e1f286143abf,3357,data/snapshots/2026-08-15/copernicus_EMSR846.json,copernicus EMSR846
2026-08-15T16:31:41Z,https://rapidmapping.emergency.copernicus.eu/backend/dashboard-api/public-activations/?code=EMSR847,200,14613890880dc3649297b04ea7806c71cc33a440331aa99e62b54831f9353423,412885,data/snapshots/2026-08-15/copernicus_EMSR847.json,copernicus EMSR847
2026-08-15T16:31:42Z,https://rapidmapping.emergency.copernicus.eu/backend/dashboard-api/public-activations/?code=EMSR848,200,c1a7604d7c4724c975a6205cc350b561b72f633d26ed1dc2c2c23472fed6a1cc,236868,data/snapshots/2026-08-15/copernicus_EMSR848.json,copernicus EMSR848
2026-08-15T16:31:43Z,https://rapidmapping.emergency.copernicus.eu/backend/dashboard-api/public-activations/?code=EMSR849,200,56c665748cc1f7331e3e27f2a6689b50a8dd4bb0e12c3c1dfa324254d022e1b9,93428,data/snapshots/2026-08-15/copernicus_EMSR849.json,copernicus EMSR849
2026-08-15T16:31:44Z,https://rapidmapping.emergency.copernicus.eu/backend/dashboard-api/public-activations/?code=EMSR850,200,f4edad55a13d7c97eb984b74ab14357da7312a9b7e05928edc21c4518067dd9c,65277,data/snapshots/2026-08-15/copernicus_EMSR850.json,copernicus EMSR850
2026-08-15T16:31:45Z,https://rapidmapping.emergency.copernicus.eu/backend/dashboard-api/public-activations/?code=EMSR851,200,e5b4604dcb940a4d81aee98da733ae10d5b1e9ddec3e3bc5142f9b0cb18b65a6,128623,data/snapshots/2026-08-15/copernicus_EMSR851.json,copernicus EMSR851
2026-08-15T16:31:46Z,https://rapidmapping.emergency.copernicus.eu/backend/dashboard-api/public-activations/?code=EMSR852,200,36c722354585364a9a6e4d73eb168686f5a6ec12199041ca51d3d23117377422,9674,data/snapshots/2026-08-15/copernicus_EMSR852.json,copernicus EMSR852
2026-08-15T16:31:47Z,https://rapidmapping.emergency.copernicus.eu/backend/dashboard-api/public-activations/?code=EMSR853,200,21a65dde15a05282bdb20bae0123d0d47933e3c1fcfce4287f5b338bd0a3a62b,814822,data/snapshots/2026-08-15/copernicus_EMSR853.json,copernicus EMSR853
2026-08-15T16:31:47Z,https://rapidmapping.emergency.copernicus.eu/backend/dashboard-api/public-activations/?code=EMSR854,200,89a618bb3ee923f9df7f2841cecaee6333df25c5ab645eca656e11b649ff82a1,233935,data/snapshots/2026-08-15/copernicus_EMSR854.json,copernicus EMSR854
2026-08-15T16:31:48Z,https://rapidmapping.emergency.copernicus.eu/backend/dashboard-api/public-activations/?code=EMSR855,200,c5076ab0619031ed0b3bd7e4a8b56c78da05a7c800521a3d6167229fd58b748a,10000,data/snapshots/2026-08-15/copernicus_EMSR855.json,copernicus EMSR855
2026-08-15T16:31:49Z,https://rapidmapping.emergency.copernicus.eu/backend/dashboard-api/public-activations/?code=EMSR856,200,ed4b948f7cfc39dfe8fee394d91a2dcbbd9d50066473db38f32e75f904aae3c1,105688,data/snapshots/2026-08-15/copernicus_EMSR856.json,copernicus EMSR856
2026-08-15T16:31:50Z,https://rapidmapping.emergency.copernicus.eu/backend/dashboard-api/public-activations/?code=EMSR857,200,73b44cff65f856927287e75d85484ed05ffd883ab45b11be4c7d49c3069b1dd3,169496,data/snapshots/2026-08-15/copernicus_EMSR857.json,copernicus EMSR857
2026-08-15T16:31:51Z,https://rapidmapping.emergency.copernicus.eu/backend/dashboard-api/public-activations/?code=EMSR858,200,8b1e111f7724b401121e3471e1fc6f3c234e3ac0d4145a7e248c089b182a6950,179659,data/snapshots/2026-08-15/copernicus_EMSR858.json,copernicus EMSR858
2026-08-15T16:31:51Z,https://rapidmapping.emergency.copernicus.eu/backend/dashboard-api/public-activations/?code=EMSR859,200,73934bba222f7676526156688b9598111726e961f7c3763c5dd1d9e8229df9dd,51766,data/snapshots/2026-08-15/copernicus_EMSR859.json,copernicus EMSR859
2026-08-15T16:31:52Z,https://rapidmapping.emergency.copernicus.eu/backend/dashboard-api/public-activations/?code=EMSR860,200,61575a676b8095fe9844009e3299a409932b820fb470fed0a6083e16f0023c8b,26152,data/snapshots/2026-08-15/copernicus_EMSR860.json,copernicus EMSR860
2026-08-15T16:31:53Z,https://rapidmapping.emergency.copernicus.eu/backend/dashboard-api/public-activations/?code=EMSR861,200,4f43c1b79877c2fc55ff38a349a2ddad5c11852dff3b56410584dc17441bd28d,347608,data/snapshots/2026-08-15/copernicus_EMSR861.json,copernicus EMSR861
2026-08-15T16:31:54Z,https://rapidmapping.emergency.copernicus.eu/backend/dashboard-api/public-activations/?code=EMSR862,200,cf791331d7624b5e4c5916cece968e4e2830a2429d2ac4d1ee2c3f45f58b3f20,15850,data/snapshots/2026-08-15/copernicus_EMSR862.json,copernicus EMSR862
2026-08-15T16:31:54Z,https://rapidmapping.emergency.copernicus.eu/backend/dashboard-api/public-activations/?code=EMSR863,200,5812535333800be5bcf298993c8ca614de2b84517030e4bb9f6ca3ef00beaa33,16476,data/snapshots/2026-08-15/copernicus_EMSR863.json,copernicus EMSR863
2026-08-15T16:31:55Z,https://rapidmapping.emergency.copernicus.eu/backend/dashboard-api/public-activations/?code=EMSR864,200,8438c57113e6089b8595de06cdb7ef4ba03eb3b329ae90fe524533ce2747a9ad,355484,data/snapshots/2026-08-15/copernicus_EMSR864.json,copernicus EMSR864
2026-08-15T16:31:56Z,https://rapidmapping.emergency.copernicus.eu/backend/dashboard-api/public-activations/?code=EMSR865,200,9b814c5bea2380bc96a57251cb318aa7980415103daf177273cebc179c3f7a65,25160,data/snapshots/2026-08-15/copernicus_EMSR865.json,copernicus EMSR865
2026-08-15T16:31:57Z,https://rapidmapping.emergency.copernicus.eu/backend/dashboard-api/public-activations/?code=EMSR866,200,302660b856a12decf2f4f15766502f3c51e5f0f0b5c3c44254f4eb0934a4a36f,72330,data/snapshots/2026-08-15/copernicus_EMSR866.json,copernicus EMSR866
2026-08-15T16:31:58Z,https://rapidmapping.emergency.copernicus.eu/backend/dashboard-api/public-activations/?code=EMSR867,200,eecd79c5caafc2dd2c02134cab7202a84bb1529ad5ab3e17650c82ff0bec9e35,43966,data/snapshots/2026-08-15/copernicus_EMSR867.json,copernicus EMSR867
2026-08-15T16:31:58Z,https://rapidmapping.emergency.copernicus.eu/backend/dashboard-api/public-activations/?code=EMSR868,200,9b73f0c073be1aed885bb1993a8ec89ae9804ee55ec3e4b0d415d9f5559786dd,68531,data/snapshots/2026-08-15/copernicus_EMSR868.json,copernicus EMSR868
2026-08-15T16:31:59Z,https://rapidmapping.emergency.copernicus.eu/backend/dashboard-api/public-activations/?code=EMSR869,403,dbff0849bc109eee7f9b7b1fe12e40fc8add21823b2f1fb600b37f620cbd7862,58,\N,copernicus EMSR869
2026-08-15T16:32:00Z,https://rapidmapping.emergency.copernicus.eu/backend/dashboard-api/public-activations/?code=EMSR870,200,94c1277edc63ab4dfc42729630d12d2bf25c4ba8c827206ea43127dfde0a5ce6,44309,data/snapshots/2026-08-15/copernicus_EMSR870.json,copernicus EMSR870
2026-08-15T16:32:01Z,https://rapidmapping.emergency.copernicus.eu/backend/dashboard-api/public-activations/?code=EMSR871,200,7999d4948f591fc39edfd536d73c2ff21c0a9446d3a837bd3ce09a5ee2abda0d,44784,data/snapshots/2026-08-15/copernicus_EMSR871.json,copernicus EMSR871
2026-08-15T16:32:02Z,https://rapidmapping.emergency.copernicus.eu/backend/dashboard-api/public-activations/?code=EMSR872,200,5d5f0252a6f6c873ae147ccc63613c280b6ee779213558ffeff0a4b6eeac820b,75398,data/snapshots/2026-08-15/copernicus_EMSR872.json,copernicus EMSR872
2026-08-15T16:32:03Z,https://rapidmapping.emergency.copernicus.eu/backend/dashboard-api/public-activations/?code=EMSR873,200,78877cee9d39978ac31058c2d977f13b0da93a40b1b8cd195fd0f46c53e4d08a,8241,data/snapshots/2026-08-15/copernicus_EMSR873.json,copernicus EMSR873
2026-08-15T16:32:03Z,https://rapidmapping.emergency.copernicus.eu/backend/dashboard-api/public-activations/?code=EMSR874,200,0d47b7214798f65c5540b3b05dfc8d6ef37effd29b127f9c1856b08c1e8f07e3,4311,data/snapshots/2026-08-15/copernicus_EMSR874.json,copernicus EMSR874
2026-08-15T16:32:04Z,https://rapidmapping.emergency.copernicus.eu/backend/dashboard-api/public-activations/?code=EMSR875,200,ed22a0ef97e88782d509160919f001066797d7c780349bf48afcf18a881ddafa,6358,data/snapshots/2026-08-15/copernicus_EMSR875.json,copernicus EMSR875
2026-08-15T16:32:05Z,https://rapidmapping.emergency.copernicus.eu/backend/dashboard-api/public-activations/?code=EMSR876,403,dbff0849bc109eee7f9b7b1fe12e40fc8add21823b2f1fb600b37f620cbd7862,58,\N,copernicus EMSR876
2026-08-15T16:32:05Z,https://rapidmapping.emergency.copernicus.eu/backend/dashboard-api/public-activations/?code=EMSR877,200,d9a38ac2c210ef2ccaa6b8c96c6a3d7d51602ef27eeb515cb2dc7dfe7553813a,19417,data/snapshots/2026-08-15/copernicus_EMSR877.json,copernicus EMSR877
2026-08-15T16:32:06Z,https://rapidmapping.emergency.copernicus.eu/backend/dashboard-api/public-activations/?code=EMSR878,200,723fbb685cf80e16172d6aaf633d3e1c033cb3feaec4c893173422c145bdd862,4094,data/snapshots/2026-08-15/copernicus_EMSR878.json,copernicus EMSR878
2026-08-15T16:32:07Z,https://rapidmapping.emergency.copernicus.eu/backend/dashboard-api/public-activations/?code=EMSR879,403,dbff0849bc109eee7f9b7b1fe12e40fc8add21823b2f1fb600b37f620cbd7862,58,\N,copernicus EMSR879
2026-08-15T16:32:08Z,https://rapidmapping.emergency.copernicus.eu/backend/dashboard-api/public-activations/?code=EMSR880,403,dbff0849bc109eee7f9b7b1fe12e40fc8add21823b2f1fb600b37f620cbd7862,58,\N,copernicus EMSR880
2026-08-15T16:32:08Z,https://rapidmapping.emergency.copernicus.eu/backend/dashboard-api/public-activations/?code=EMSR881,200,0f28cff4d140b2827b1fe84b306b455028b4e19740aeba6ba8cefcbf90d76b56,11541,data/snapshots/2026-08-15/copernicus_EMSR881.json,copernicus EMSR881
2026-08-15T16:32:09Z,https://rapidmapping.emergency.copernicus.eu/backend/dashboard-api/public-activations/?code=EMSR882,200,08b04e290342c410bb247f7f8bed913730f7f8479fd4d3d2b86a45799fa5992d,16996,data/snapshots/2026-08-15/copernicus_EMSR882.json,copernicus EMSR882
2026-08-15T16:32:10Z,https://rapidmapping.emergency.copernicus.eu/backend/dashboard-api/public-activations/?code=EMSR883,200,3acd798556782a7f4166b1000dc80d8783b5a0abdb992fadb2928c7047b66907,6882,data/snapshots/2026-08-15/copernicus_EMSR883.json,copernicus EMSR883
2026-08-15T16:32:11Z,https://rapidmapping.emergency.copernicus.eu/backend/dashboard-api/public-activations/?code=EMSR884,200,7e38cebb05eac306b025e7a97c68103ea4ef7695502f3a262b367ca0c022aa1b,118764,data/snapshots/2026-08-15/copernicus_EMSR884.json,copernicus EMSR884
2026-08-15T16:32:12Z,https://rapidmapping.emergency.copernicus.eu/backend/dashboard-api/public-activations/?code=EMSR885,200,b73aca970b67e4dba172aad1241b952af39935685f8d2d127dc7146230db4ff4,6815,data/snapshots/2026-08-15/copernicus_EMSR885.json,copernicus EMSR885
2026-08-15T16:32:12Z,https://rapidmapping.emergency.copernicus.eu/backend/dashboard-api/public-activations/?code=EMSR886,200,0ec66a4c5e68b87250a293d11aecc9c10315e4521d2a1122d7420b39d9316af9,10757,data/snapshots/2026-08-15/copernicus_EMSR886.json,copernicus EMSR886
2026-08-15T16:32:13Z,https://rapidmapping.emergency.copernicus.eu/backend/dashboard-api/public-activations/?code=EMSR887,200,8e80bcd561f8eceb9f6c962cd4d8d9f3552246c3c9e9ebbbeeaa1071cdcbc540,7375,data/snapshots/2026-08-15/copernicus_EMSR887.json,copernicus EMSR887
2026-08-15T16:32:14Z,https://rapidmapping.emergency.copernicus.eu/backend/dashboard-api/public-activations/?code=EMSR888,200,cd2b9a214f3c43aea01335a69d4f672d2f3b03eb5ad61e93af48fa62e0faf782,15759,data/snapshots/2026-08-15/copernicus_EMSR888.json,copernicus EMSR888
2026-08-15T16:32:14Z,https://rapidmapping.emergency.copernicus.eu/backend/dashboard-api/public-activations/?code=EMSR889,200,6b225e21f8c23b82b88fc73ae4666479a20f3a145373fd6cbb1666b975d0eae9,8844,data/snapshots/2026-08-15/copernicus_EMSR889.json,copernicus EMSR889
2026-08-15T16:32:15Z,https://rapidmapping.emergency.copernicus.eu/backend/dashboard-api/public-activations/?code=EMSR890,200,34d7618d250512070f38d38ca5111c5e1f33ab2b5961a6532950f7c01c0dc575,22092,data/snapshots/2026-08-15/copernicus_EMSR890.json,copernicus EMSR890
2026-08-15T16:32:16Z,https://rapidmapping.emergency.copernicus.eu/backend/dashboard-api/public-activations/?code=EMSR891,403,dbff0849bc109eee7f9b7b1fe12e40fc8add21823b2f1fb600b37f620cbd7862,58,\N,copernicus EMSR891
2026-08-15T16:32:17Z,https://rapidmapping.emergency.copernicus.eu/backend/dashboard-api/public-activations/?code=EMSR892,200,5653a3c733ea0f744c87fdce271da34f6f28de30e12c6be5697727c5e0c03025,14701,data/snapshots/2026-08-15/copernicus_EMSR892.json,copernicus EMSR892
2026-08-15T16:32:17Z,https://rapidmapping.emergency.copernicus.eu/backend/dashboard-api/public-activations/?code=EMSR893,200,652e7ac6386e66f0aa058b2d07dceac63d9a7a26e5e1d14c5ff1dec1b8f554ba,6220,data/snapshots/2026-08-15/copernicus_EMSR893.json,copernicus EMSR893
2026-08-15T16:32:18Z,https://rapidmapping.emergency.copernicus.eu/backend/dashboard-api/public-activations/?code=EMSR894,200,d7b9f76d5e4acf84fdb38ec69f1dcd7a39dbbea498d7f5b06b240ab7faf9bc38,17646,data/snapshots/2026-08-15/copernicus_EMSR894.json,copernicus EMSR894
2026-08-15T16:32:19Z,https://rapidmapping.emergency.copernicus.eu/backend/dashboard-api/public-activations/?code=EMSR895,200,da8f3c02d391163ff71a1dee137f668492eb9a44e1c2bda71f0ad43aee91626e,5740,data/snapshots/2026-08-15/copernicus_EMSR895.json,copernicus EMSR895
2026-08-15T16:32:20Z,https://rapidmapping.emergency.copernicus.eu/backend/dashboard-api/public-activations/?code=EMSR896,200,166f5af08e42e786cd68bf30790fe952a89402b07c78f0b837a51aa473f0c36e,17653,data/snapshots/2026-08-15/copernicus_EMSR896.json,copernicus EMSR896
2026-08-15T16:32:20Z,https://rapidmapping.emergency.copernicus.eu/backend/dashboard-api/public-activations/?code=EMSR897,200,a36c422c91067cdaa63c9649f07b920eb08f3f1d83af5c8cac355f3fdda0c09e,7978,data/snapshots/2026-08-15/copernicus_EMSR897.json,copernicus EMSR897
2026-08-15T16:32:21Z,https://rapidmapping.emergency.copernicus.eu/backend/dashboard-api/public-activations/?code=EMSR898,200,89bfea0304f3a71391e69efc920a5984adb605d036cba72e392a30133c51ce0e,32177,data/snapshots/2026-08-15/copernicus_EMSR898.json,copernicus EMSR898
2026-08-15T16:32:22Z,https://rapidmapping.emergency.copernicus.eu/backend/dashboard-api/public-activations/?code=EMSR899,200,608699d0da12e6860b9bfd628004c5775ec7b60dce43b017c116eff87c3aacc7,29549,data/snapshots/2026-08-15/copernicus_EMSR899.json,copernicus EMSR899
2026-08-15T16:32:23Z,https://rapidmapping.emergency.copernicus.eu/backend/dashboard-api/public-activations/?code=EMSR900,200,6ae00ada40ebb804809c3f5d8f7fa94f2c79a21b7063969671fa163f69141ecd,91408,data/snapshots/2026-08-15/copernicus_EMSR900.json,copernicus EMSR900
2026-08-15T16:32:24Z,https://rapidmapping.emergency.copernicus.eu/backend/dashboard-api/public-activations/?code=EMSR901,200,edbc4738a4124dee6c6a787a9d70a771735cbc73282fa0bdc271586a9a18f324,4263,data/snapshots/2026-08-15/copernicus_EMSR901.json,copernicus EMSR901
2026-08-15T16:32:24Z,https://rapidmapping.emergency.copernicus.eu/backend/dashboard-api/public-activations/?code=EMSR902,200,e31c3c0e58d9fb71f69ac1645c1a7d2c8a5270a03a97734a0ef027e8fb5b828a,14740,data/snapshots/2026-08-15/copernicus_EMSR902.json,copernicus EMSR902
2026-08-15T16:32:25Z,https://rapidmapping.emergency.copernicus.eu/backend/dashboard-api/public-activations/?code=EMSR903,200,79b5add5e6c7bb141afe9f7b9f4de144098f3769a2ded59c4a947f824891e24f,8136,data/snapshots/2026-08-15/copernicus_EMSR903.json,copernicus EMSR903
2026-08-15T16:32:26Z,https://rapidmapping.emergency.copernicus.eu/backend/dashboard-api/public-activations/?code=EMSR904,200,e6837026b7394d0fa390f6ce3012370d577811a9cda91043123d1f614071f8c5,9328,data/snapshots/2026-08-15/copernicus_EMSR904.json,copernicus EMSR904
2026-08-15T16:32:27Z,https://rapidmapping.emergency.copernicus.eu/backend/dashboard-api/public-activations/?code=EMSR905,200,f16477bc9a5e46fbf8db12e930ee239bb0de6aaa9372708a2741c93a6b8bfb6a,26976,data/snapshots/2026-08-15/copernicus_EMSR905.json,copernicus EMSR905
2026-08-15T16:32:27Z,https://rapidmapping.emergency.copernicus.eu/backend/dashboard-api/public-activations/?code=EMSR906,200,35e0aa5131fe44c18ebbeb341d0ed9fc0b21cb6d64beea8ac7ee370fca9a2c99,7628,data/snapshots/2026-08-15/copernicus_EMSR906.json,copernicus EMSR906
2026-08-15T16:32:28Z,https://rapidmapping.emergency.copernicus.eu/backend/dashboard-api/public-activations/?code=EMSR907,200,73f561272f682d815f84d41d01943ae1abb2c44c145924cd5afcaa9f001cb31d,10284,data/snapshots/2026-08-15/copernicus_EMSR907.json,copernicus EMSR907
2026-08-15T16:32:29Z,https://rapidmapping.emergency.copernicus.eu/backend/dashboard-api/public-activations/?code=EMSR908,200,42e7de4fc2b4fe9ed89b1bc0ae813eebc1683b92b27875274fd282ebe44fe634,7849,data/snapshots/2026-08-15/copernicus_EMSR908.json,copernicus EMSR908
2026-08-15T16:32:30Z,https://rapidmapping.emergency.copernicus.eu/backend/dashboard-api/public-activations/?code=EMSR909,200,2d19d0760ff3f3f6709b0584d87f30b973594ea81c982642b80192ea60439a2e,33949,data/snapshots/2026-08-15/copernicus_EMSR909.json,copernicus EMSR909
2026-08-15T16:32:30Z,https://rapidmapping.emergency.copernicus.eu/backend/dashboard-api/public-activations/?code=EMSR910,200,885a6a234a6bd0aa045adf857f9a0b1245c81b24462ab0195470e7f380f3b22c,8653,data/snapshots/2026-08-15/copernicus_EMSR910.json,copernicus EMSR910
2026-08-15T16:32:31Z,https://rapidmapping.emergency.copernicus.eu/backend/dashboard-api/public-activations/?code=EMSR911,403,dbff0849bc109eee7f9b7b1fe12e40fc8add21823b2f1fb600b37f620cbd7862,58,\N,copernicus EMSR911
2026-08-15T16:32:32Z,https://rapidmapping.emergency.copernicus.eu/backend/dashboard-api/public-activations/?code=EMSR912,200,d6ce45b8a596c3387e2fae302f12f4a436f793d8d9ac966832675860f0412f06,6716,data/snapshots/2026-08-15/copernicus_EMSR912.json,copernicus EMSR912
2026-08-15T16:32:33Z,https://rapidmapping.emergency.copernicus.eu/backend/dashboard-api/public-activations/?code=EMSR913,200,ea074aa07eb96b2ce90fa92674bf6bf6cc3ca2dc3e589ff8ba711aa31e11e41f,32312,data/snapshots/2026-08-15/copernicus_EMSR913.json,copernicus EMSR913
2026-08-15T16:32:33Z,https://rapidmapping.emergency.copernicus.eu/backend/dashboard-api/public-activations/?code=EMSR914,200,7d214570d2e23cffe67fcb2d9c9543125b1494ae93424a32f6247679c8759d6c,55355,data/snapshots/2026-08-15/copernicus_EMSR914.json,copernicus EMSR914
2026-08-15T16:32:34Z,https://rapidmapping.emergency.copernicus.eu/backend/dashboard-api/public-activations/?code=EMSR915,200,4a1dd4fdb528681504088e42622e71d58828c936c71bad756f86a942050d358b,18005,data/snapshots/2026-08-15/copernicus_EMSR915.json,copernicus EMSR915
2026-08-15T16:32:35Z,https://rapidmapping.emergency.copernicus.eu/backend/dashboard-api/public-activations/?code=EMSR916,200,b32f3747d33567776814f8bca911daf960e0dbf06884222270651a97f598c854,41711,data/snapshots/2026-08-15/copernicus_EMSR916.json,copernicus EMSR916
2026-08-15T16:32:36Z,https://rapidmapping.emergency.copernicus.eu/backend/dashboard-api/public-activations/?code=EMSR917,200,98ba867a2bb0d8f9f229833ce782e0950bfd36f057eb4d3139da01bf4b92af8f,13093,data/snapshots/2026-08-15/copernicus_EMSR917.json,copernicus EMSR917
2026-08-15T16:32:36Z,https://rapidmapping.emergency.copernicus.eu/backend/dashboard-api/public-activations/?code=EMSR918,200,d4507555369fcf78e1f6a0cdece9491d02a9743b48d7d758dff08a3d2d2336a0,5061,data/snapshots/2026-08-15/copernicus_EMSR918.json,copernicus EMSR918
2026-08-15T16:32:37Z,https://rapidmapping.emergency.copernicus.eu/backend/dashboard-api/public-activations/?code=EMSR919,403,dbff0849bc109eee7f9b7b1fe12e40fc8add21823b2f1fb600b37f620cbd7862,58,\N,copernicus EMSR919
2026-08-15T16:32:38Z,https://rapidmapping.emergency.copernicus.eu/backend/dashboard-api/public-activations/?code=EMSR920,200,dcd24151735ee1731b0dd6b061148a205907b17c0a605c9f2d7aa2c2835a9735,10101,data/snapshots/2026-08-15/copernicus_EMSR920.json,copernicus EMSR920
2026-08-15T16:32:39Z,https://rapidmapping.emergency.copernicus.eu/backend/dashboard-api/public-activations/?code=EMSR921,200,a98c73b9227b151eac2851d56d47b6eb899b7def8516dfb1e39729f0c1078d45,4844,data/snapshots/2026-08-15/copernicus_EMSR921.json,copernicus EMSR921
2026-08-15T16:32:39Z,https://rapidmapping.emergency.copernicus.eu/backend/dashboard-api/public-activations/?code=EMSR922,403,dbff0849bc109eee7f9b7b1fe12e40fc8add21823b2f1fb600b37f620cbd7862,58,\N,copernicus EMSR922
2026-08-15T16:32:40Z,https://rapidmapping.emergency.copernicus.eu/backend/dashboard-api/public-activations/?code=EMSR923,403,dbff0849bc109eee7f9b7b1fe12e40fc8add21823b2f1fb600b37f620cbd7862,58,\N,copernicus EMSR923
2026-08-15T16:32:41Z,https://rapidmapping.emergency.copernicus.eu/backend/dashboard-api/public-activations/?code=EMSR924,403,dbff0849bc109eee7f9b7b1fe12e40fc8add21823b2f1fb600b37f620cbd7862,58,\N,copernicus EMSR924
2026-08-15T16:32:41Z,https://rapidmapping.emergency.copernicus.eu/backend/dashboard-api/public-activations/?code=EMSR925,403,dbff0849bc109eee7f9b7b1fe12e40fc8add21823b2f1fb600b37f620cbd7862,58,\N,copernicus EMSR925
2026-08-15T16:32:42Z,https://rapidmapping.emergency.copernicus.eu/backend/dashboard-api/public-activations/?code=EMSR926,403,dbff0849bc109eee7f9b7b1fe12e40fc8add21823b2f1fb600b37f620cbd7862,58,\N,copernicus EMSR926
2026-08-15T16:32:43Z,https://rapidmapping.emergency.copernicus.eu/backend/dashboard-api/public-activations/?code=EMSR927,403,dbff0849bc109eee7f9b7b1fe12e40fc8add21823b2f1fb600b37f620cbd7862,58,\N,copernicus EMSR927
2026-08-15T16:32:43Z,https://rapidmapping.emergency.copernicus.eu/backend/dashboard-api/public-activations/?code=EMSR928,403,dbff0849bc109eee7f9b7b1fe12e40fc8add21823b2f1fb600b37f620cbd7862,58,\N,copernicus EMSR928
2026-08-15T16:32:44Z,https://rapidmapping.emergency.copernicus.eu/backend/dashboard-api/public-activations/?code=EMSR929,403,dbff0849bc109eee7f9b7b1fe12e40fc8add21823b2f1fb600b37f620cbd7862,58,\N,copernicus EMSR929
2026-08-15T16:32:45Z,https://rapidmapping.emergency.copernicus.eu/backend/dashboard-api/public-activations/?code=EMSR930,403,dbff0849bc109eee7f9b7b1fe12e40fc8add21823b2f1fb600b37f620cbd7862,58,\N,copernicus EMSR930
2026-08-15T16:32:46Z,https://rapidmapping.emergency.copernicus.eu/backend/dashboard-api/public-activations/?code=EMSR931,403,dbff0849bc109eee7f9b7b1fe12e40fc8add21823b2f1fb600b37f620cbd7862,58,\N,copernicus EMSR931
2026-08-15T16:32:46Z,https://rapidmapping.emergency.copernicus.eu/backend/dashboard-api/public-activations/?code=EMSR932,403,dbff0849bc109eee7f9b7b1fe12e40fc8add21823b2f1fb600b37f620cbd7862,58,\N,copernicus EMSR932
2026-08-15T16:32:47Z,https://rapidmapping.emergency.copernicus.eu/backend/dashboard-api/public-activations/?code=EMSR933,403,dbff0849bc109eee7f9b7b1fe12e40fc8add21823b2f1fb600b37f620cbd7862,58,\N,copernicus EMSR933
2026-08-15T16:32:48Z,https://rapidmapping.emergency.copernicus.eu/backend/dashboard-api/public-activations/?code=EMSR934,403,dbff0849bc109eee7f9b7b1fe12e40fc8add21823b2f1fb600b37f620cbd7862,58,\N,copernicus EMSR934
2026-08-15T16:32:48Z,https://rapidmapping.emergency.copernicus.eu/backend/dashboard-api/public-activations/?code=EMSR935,403,dbff0849bc109eee7f9b7b1fe12e40fc8add21823b2f1fb600b37f620cbd7862,58,\N,copernicus EMSR935
2026-08-15T16:32:49Z,https://rapidmapping.emergency.copernicus.eu/backend/dashboard-api/public-activations/?code=EMSR936,403,dbff0849bc109eee7f9b7b1fe12e40fc8add21823b2f1fb600b37f620cbd7862,58,\N,copernicus EMSR936
2026-08-15T16:32:50Z,https://rapidmapping.emergency.copernicus.eu/backend/dashboard-api/public-activations/?code=EMSR937,403,dbff0849bc109eee7f9b7b1fe12e40fc8add21823b2f1fb600b37f620cbd7862,58,\N,copernicus EMSR937
2026-08-15T16:32:50Z,https://rapidmapping.emergency.copernicus.eu/backend/dashboard-api/public-activations/?code=EMSR938,403,dbff0849bc109eee7f9b7b1fe12e40fc8add21823b2f1fb600b37f620cbd7862,58,\N,copernicus EMSR938
2026-08-15T16:32:51Z,https://rapidmapping.emergency.copernicus.eu/backend/dashboard-api/public-activations/?code=EMSR939,403,dbff0849bc109eee7f9b7b1fe12e40fc8add21823b2f1fb600b37f620cbd7862,58,\N,copernicus EMSR939
2026-08-15T16:32:51Z,https://rapidmapping.emergency.copernicus.eu/backend/dashboard-api/public-activations/?code=EMSR940,403,dbff0849bc109eee7f9b7b1fe12e40fc8add21823b2f1fb600b37f620cbd7862,58,\N,copernicus EMSR940
2026-08-15T16:32:52Z,https://rapidmapping.emergency.copernicus.eu/backend/dashboard-api/public-activations/?code=EMSR941,403,dbff0849bc109eee7f9b7b1fe12e40fc8add21823b2f1fb600b37f620cbd7862,58,\N,copernicus EMSR941
2026-08-15T16:32:53Z,https://rapidmapping.emergency.copernicus.eu/backend/dashboard-api/public-activations/?code=EMSR942,403,dbff0849bc109eee7f9b7b1fe12e40fc8add21823b2f1fb600b37f620cbd7862,58,\N,copernicus EMSR942
2026-08-15T16:32:53Z,https://rapidmapping.emergency.copernicus.eu/backend/dashboard-api/public-activations/?code=EMSR943,403,dbff0849bc109eee7f9b7b1fe12e40fc8add21823b2f1fb600b37f620cbd7862,58,\N,copernicus EMSR943
2026-08-15T16:32:54Z,https://rapidmapping.emergency.copernicus.eu/backend/dashboard-api/public-activations/?code=EMSR944,403,dbff0849bc109eee7f9b7b1fe12e40fc8add21823b2f1fb600b37f620cbd7862,58,\N,copernicus EMSR944
2026-08-15T16:32:55Z,https://rapidmapping.emergency.copernicus.eu/backend/dashboard-api/public-activations/?code=EMSR945,403,dbff0849bc109eee7f9b7b1fe12e40fc8add21823b2f1fb600b37f620cbd7862,58,\N,copernicus EMSR945
2026-08-15T16:32:56Z,https://rapidmapping.emergency.copernicus.eu/backend/dashboard-api/public-activations/?code=EMSR946,403,dbff0849bc109eee7f9b7b1fe12e40fc8add21823b2f1fb600b37f620cbd7862,58,\N,copernicus EMSR946
2026-08-15T16:33:37Z,https://rapidmapping.emergency.copernicus.eu/backend/dashboard-api/public-activations/?code=EMSR865,200,9b814c5bea2380bc96a57251cb318aa7980415103daf177273cebc179c3f7a65,25160,data/snapshots/2026-08-15/copernicus_EMSR865.json,copernicus EMSR865
2026-08-15T16:33:38Z,https://rapidmapping.emergency.copernicus.eu/backend/dashboard-api/public-activations/?code=EMSR916,200,b32f3747d33567776814f8bca911daf960e0dbf06884222270651a97f598c854,41711,data/snapshots/2026-08-15/copernicus_EMSR916.json,copernicus EMSR916
2026-08-15T16:33:39Z,https://rapidmapping.emergency.copernicus.eu/backend/dashboard-api/public-activations/?code=EMSR922,403,dbff0849bc109eee7f9b7b1fe12e40fc8add21823b2f1fb600b37f620cbd7862,58,\N,copernicus EMSR922
2026-08-15T16:33:40Z,https://rapidmapping.emergency.copernicus.eu/backend/dashboard-api/public-activations/?code=EMSR923,403,dbff0849bc109eee7f9b7b1fe12e40fc8add21823b2f1fb600b37f620cbd7862,58,\N,copernicus EMSR923
2026-08-15T16:33:40Z,https://services2.arcgis.com/YVLx8xYoDXKccDfJ/arcgis/rest/services/REGISTRO_DE_EMERGENCIAS_EN_COLOMBIA/FeatureServer/0/query?where=1%3D1&f=json&outStatistics=%5B%7B%22statisticType%22%3A+%22max%22%2C+%22onStatisticField%22%3A+%22FECHA%22%2C+%22outStatisticFieldName%22%3A+%22maxf%22%7D%2C+%7B%22statisticType%22%3A+%22count%22%2C+%22onStatisticField%22%3A+%22OBJECTID_1%22%2C+%22outStatisticFieldName%22%3A+%22n%22%7D%5D,200,184bee51447d2724eb798f1daea4fceac50991c1005bee5cfeedc2e1ce9370e7,536,data/snapshots/2026-08-15/ungrd_arcgis_agg.json,ungrd arcgis agregados
2026-08-15T16:33:41Z,https://services2.arcgis.com/YVLx8xYoDXKccDfJ/arcgis/rest/services/REGISTRO_DE_EMERGENCIAS_EN_COLOMBIA/FeatureServer/0/query?where=1%3D1&f=json&outFields=OBJECTID_1%2CFECHA%2CDEPARTAMEN%2CMUNICIPIO%2CDIVIPOLA%2CEVENTO%2CMUERTOS%2CHERIDOS%2CDESAPA_%2CPERSONAS%2CFAMILIAS%2CVIV_DESTRU%2CVIV_AVER_%2CVIAS%2CACUED_%2CC__SALUD%2CC_EDUCAT_%2CXCOORD%2CYCOORD&resultOffset=0&resultRecordCount=2000&orderByFields=OBJECTID_1,200,1d59d8ed2399bdef9efb181f126bb3b2c8640c67efedc0837ff678f48df8a789,787742,\N,ungrd arcgis offset=0
2026-08-15T16:33:40Z,https://rapidmapping.emergency.copernicus.eu/backend/dashboard-api/public-activations/?code=EMSR924,403,dbff0849bc109eee7f9b7b1fe12e40fc8add21823b2f1fb600b37f620cbd7862,58,\N,copernicus EMSR924
2026-08-15T16:33:42Z,https://rapidmapping.emergency.copernicus.eu/backend/dashboard-api/public-activations/?code=EMSR925,403,dbff0849bc109eee7f9b7b1fe12e40fc8add21823b2f1fb600b37f620cbd7862,58,\N,copernicus EMSR925
2026-08-15T16:33:42Z,https://rapidmapping.emergency.copernicus.eu/backend/dashboard-api/public-activations/?code=EMSR926,403,dbff0849bc109eee7f9b7b1fe12e40fc8add21823b2f1fb600b37f620cbd7862,58,\N,copernicus EMSR926
2026-08-15T16:33:43Z,https://services2.arcgis.com/YVLx8xYoDXKccDfJ/arcgis/rest/services/REGISTRO_DE_EMERGENCIAS_EN_COLOMBIA/FeatureServer/0/query?where=1%3D1&f=json&outFields=OBJECTID_1%2CFECHA%2CDEPARTAMEN%2CMUNICIPIO%2CDIVIPOLA%2CEVENTO%2CMUERTOS%2CHERIDOS%2CDESAPA_%2CPERSONAS%2CFAMILIAS%2CVIV_DESTRU%2CVIV_AVER_%2CVIAS%2CACUED_%2CC__SALUD%2CC_EDUCAT_%2CXCOORD%2CYCOORD&resultOffset=2000&resultRecordCount=2000&orderByFields=OBJECTID_1,200,d3653043d48a2f319bd7485656e3e9b5825f92aa19abfa8abe870ab74ad98a51,786739,\N,ungrd arcgis offset=2000
2026-08-15T16:33:43Z,https://rapidmapping.emergency.copernicus.eu/backend/dashboard-api/public-activations/?code=EMSR927,403,dbff0849bc109eee7f9b7b1fe12e40fc8add21823b2f1fb600b37f620cbd7862,58,\N,copernicus EMSR927
2026-08-15T16:33:44Z,https://rapidmapping.emergency.copernicus.eu/backend/dashboard-api/public-activations/?code=EMSR928,403,dbff0849bc109eee7f9b7b1fe12e40fc8add21823b2f1fb600b37f620cbd7862,58,\N,copernicus EMSR928
2026-08-15T16:33:44Z,https://services2.arcgis.com/YVLx8xYoDXKccDfJ/arcgis/rest/services/REGISTRO_DE_EMERGENCIAS_EN_COLOMBIA/FeatureServer/0/query?where=1%3D1&f=json&outFields=OBJECTID_1%2CFECHA%2CDEPARTAMEN%2CMUNICIPIO%2CDIVIPOLA%2CEVENTO%2CMUERTOS%2CHERIDOS%2CDESAPA_%2CPERSONAS%2CFAMILIAS%2CVIV_DESTRU%2CVIV_AVER_%2CVIAS%2CACUED_%2CC__SALUD%2CC_EDUCAT_%2CXCOORD%2CYCOORD&resultOffset=4000&resultRecordCount=2000&orderByFields=OBJECTID_1,200,172d7ff1b36d88e3a0995bda01f5a2413e3306b074dd537f01f77a22c7e2dacc,786303,\N,ungrd arcgis offset=4000
2026-08-15T16:33:45Z,https://rapidmapping.emergency.copernicus.eu/backend/dashboard-api/public-activations/?code=EMSR929,403,dbff0849bc109eee7f9b7b1fe12e40fc8add21823b2f1fb600b37f620cbd7862,58,\N,copernicus EMSR929
2026-08-15T16:33:45Z,https://rapidmapping.emergency.copernicus.eu/backend/dashboard-api/public-activations/?code=EMSR930,403,dbff0849bc109eee7f9b7b1fe12e40fc8add21823b2f1fb600b37f620cbd7862,58,\N,copernicus EMSR930
2026-08-15T16:33:45Z,https://services2.arcgis.com/YVLx8xYoDXKccDfJ/arcgis/rest/services/REGISTRO_DE_EMERGENCIAS_EN_COLOMBIA/FeatureServer/0/query?where=1%3D1&f=json&outFields=OBJECTID_1%2CFECHA%2CDEPARTAMEN%2CMUNICIPIO%2CDIVIPOLA%2CEVENTO%2CMUERTOS%2CHERIDOS%2CDESAPA_%2CPERSONAS%2CFAMILIAS%2CVIV_DESTRU%2CVIV_AVER_%2CVIAS%2CACUED_%2CC__SALUD%2CC_EDUCAT_%2CXCOORD%2CYCOORD&resultOffset=6000&resultRecordCount=2000&orderByFields=OBJECTID_1,200,0ec896b42c9b26f9ec4a991746896baa0a1c6f9683882ea9f46d1fb5b353c2ad,775624,\N,ungrd arcgis offset=6000
2026-08-15T16:33:46Z,https://rapidmapping.emergency.copernicus.eu/backend/dashboard-api/public-activations/?code=EMSR931,403,dbff0849bc109eee7f9b7b1fe12e40fc8add21823b2f1fb600b37f620cbd7862,58,\N,copernicus EMSR931
2026-08-15T16:33:47Z,https://rapidmapping.emergency.copernicus.eu/backend/dashboard-api/public-activations/?code=EMSR932,403,dbff0849bc109eee7f9b7b1fe12e40fc8add21823b2f1fb600b37f620cbd7862,58,\N,copernicus EMSR932
2026-08-15T16:33:47Z,https://services2.arcgis.com/YVLx8xYoDXKccDfJ/arcgis/rest/services/REGISTRO_DE_EMERGENCIAS_EN_COLOMBIA/FeatureServer/0/query?where=1%3D1&f=json&outFields=OBJECTID_1%2CFECHA%2CDEPARTAMEN%2CMUNICIPIO%2CDIVIPOLA%2CEVENTO%2CMUERTOS%2CHERIDOS%2CDESAPA_%2CPERSONAS%2CFAMILIAS%2CVIV_DESTRU%2CVIV_AVER_%2CVIAS%2CACUED_%2CC__SALUD%2CC_EDUCAT_%2CXCOORD%2CYCOORD&resultOffset=8000&resultRecordCount=2000&orderByFields=OBJECTID_1,200,703fe046d642b5d862ca4a1ccc74b96b8eae2050decbb648e49545ea0b6795c4,776189,\N,ungrd arcgis offset=8000
2026-08-15T16:33:47Z,https://rapidmapping.emergency.copernicus.eu/backend/dashboard-api/public-activations/?code=EMSR933,403,dbff0849bc109eee7f9b7b1fe12e40fc8add21823b2f1fb600b37f620cbd7862,58,\N,copernicus EMSR933
2026-08-15T16:33:48Z,https://rapidmapping.emergency.copernicus.eu/backend/dashboard-api/public-activations/?code=EMSR934,403,dbff0849bc109eee7f9b7b1fe12e40fc8add21823b2f1fb600b37f620cbd7862,58,\N,copernicus EMSR934
2026-08-15T16:33:48Z,https://services2.arcgis.com/YVLx8xYoDXKccDfJ/arcgis/rest/services/REGISTRO_DE_EMERGENCIAS_EN_COLOMBIA/FeatureServer/0/query?where=1%3D1&f=json&outFields=OBJECTID_1%2CFECHA%2CDEPARTAMEN%2CMUNICIPIO%2CDIVIPOLA%2CEVENTO%2CMUERTOS%2CHERIDOS%2CDESAPA_%2CPERSONAS%2CFAMILIAS%2CVIV_DESTRU%2CVIV_AVER_%2CVIAS%2CACUED_%2CC__SALUD%2CC_EDUCAT_%2CXCOORD%2CYCOORD&resultOffset=10000&resultRecordCount=2000&orderByFields=OBJECTID_1,200,4bfd19593953d035953bf4037153badc5c7093edfb5fcba24c2096cbfc63eef9,780904,\N,ungrd arcgis offset=10000
2026-08-15T16:33:49Z,https://rapidmapping.emergency.copernicus.eu/backend/dashboard-api/public-activations/?code=EMSR935,403,dbff0849bc109eee7f9b7b1fe12e40fc8add21823b2f1fb600b37f620cbd7862,58,\N,copernicus EMSR935
2026-08-15T16:33:49Z,https://rapidmapping.emergency.copernicus.eu/backend/dashboard-api/public-activations/?code=EMSR936,403,dbff0849bc109eee7f9b7b1fe12e40fc8add21823b2f1fb600b37f620cbd7862,58,\N,copernicus EMSR936
2026-08-15T16:33:50Z,https://services2.arcgis.com/YVLx8xYoDXKccDfJ/arcgis/rest/services/REGISTRO_DE_EMERGENCIAS_EN_COLOMBIA/FeatureServer/0/query?where=1%3D1&f=json&outFields=OBJECTID_1%2CFECHA%2CDEPARTAMEN%2CMUNICIPIO%2CDIVIPOLA%2CEVENTO%2CMUERTOS%2CHERIDOS%2CDESAPA_%2CPERSONAS%2CFAMILIAS%2CVIV_DESTRU%2CVIV_AVER_%2CVIAS%2CACUED_%2CC__SALUD%2CC_EDUCAT_%2CXCOORD%2CYCOORD&resultOffset=12000&resultRecordCount=2000&orderByFields=OBJECTID_1,200,dd066d81ae515b87355c90bbd55ab872e6458d71c0e6f7c0138dfac3457dd705,779363,\N,ungrd arcgis offset=12000
2026-08-15T16:33:50Z,https://rapidmapping.emergency.copernicus.eu/backend/dashboard-api/public-activations/?code=EMSR937,403,dbff0849bc109eee7f9b7b1fe12e40fc8add21823b2f1fb600b37f620cbd7862,58,\N,copernicus EMSR937
2026-08-15T16:33:51Z,https://rapidmapping.emergency.copernicus.eu/backend/dashboard-api/public-activations/?code=EMSR938,403,dbff0849bc109eee7f9b7b1fe12e40fc8add21823b2f1fb600b37f620cbd7862,58,\N,copernicus EMSR938
2026-08-15T16:33:51Z,https://services2.arcgis.com/YVLx8xYoDXKccDfJ/arcgis/rest/services/REGISTRO_DE_EMERGENCIAS_EN_COLOMBIA/FeatureServer/0/query?where=1%3D1&f=json&outFields=OBJECTID_1%2CFECHA%2CDEPARTAMEN%2CMUNICIPIO%2CDIVIPOLA%2CEVENTO%2CMUERTOS%2CHERIDOS%2CDESAPA_%2CPERSONAS%2CFAMILIAS%2CVIV_DESTRU%2CVIV_AVER_%2CVIAS%2CACUED_%2CC__SALUD%2CC_EDUCAT_%2CXCOORD%2CYCOORD&resultOffset=14000&resultRecordCount=2000&orderByFields=OBJECTID_1,200,afae8bb746a97f4b78e657bb915e4dfa8f854c55b6b8fc2a5ce378ffd4d451c0,770963,\N,ungrd arcgis offset=14000
2026-08-15T16:33:51Z,https://rapidmapping.emergency.copernicus.eu/backend/dashboard-api/public-activations/?code=EMSR939,403,dbff0849bc109eee7f9b7b1fe12e40fc8add21823b2f1fb600b37f620cbd7862,58,\N,copernicus EMSR939
2026-08-15T16:33:52Z,https://rapidmapping.emergency.copernicus.eu/backend/dashboard-api/public-activations/?code=EMSR940,403,dbff0849bc109eee7f9b7b1fe12e40fc8add21823b2f1fb600b37f620cbd7862,58,\N,copernicus EMSR940
2026-08-15T16:33:53Z,https://services2.arcgis.com/YVLx8xYoDXKccDfJ/arcgis/rest/services/REGISTRO_DE_EMERGENCIAS_EN_COLOMBIA/FeatureServer/0/query?where=1%3D1&f=json&outFields=OBJECTID_1%2CFECHA%2CDEPARTAMEN%2CMUNICIPIO%2CDIVIPOLA%2CEVENTO%2CMUERTOS%2CHERIDOS%2CDESAPA_%2CPERSONAS%2CFAMILIAS%2CVIV_DESTRU%2CVIV_AVER_%2CVIAS%2CACUED_%2CC__SALUD%2CC_EDUCAT_%2CXCOORD%2CYCOORD&resultOffset=16000&resultRecordCount=2000&orderByFields=OBJECTID_1,200,a5f7d8b96e1b7bded262b6682bebc007023d8812d80d9cb0dc49b93b7175476d,776860,\N,ungrd arcgis offset=16000
2026-08-15T16:33:53Z,https://rapidmapping.emergency.copernicus.eu/backend/dashboard-api/public-activations/?code=EMSR941,403,dbff0849bc109eee7f9b7b1fe12e40fc8add21823b2f1fb600b37f620cbd7862,58,\N,copernicus EMSR941
2026-08-15T16:33:53Z,https://rapidmapping.emergency.copernicus.eu/backend/dashboard-api/public-activations/?code=EMSR942,403,dbff0849bc109eee7f9b7b1fe12e40fc8add21823b2f1fb600b37f620cbd7862,58,\N,copernicus EMSR942
2026-08-15T16:33:54Z,https://services2.arcgis.com/YVLx8xYoDXKccDfJ/arcgis/rest/services/REGISTRO_DE_EMERGENCIAS_EN_COLOMBIA/FeatureServer/0/query?where=1%3D1&f=json&outFields=OBJECTID_1%2CFECHA%2CDEPARTAMEN%2CMUNICIPIO%2CDIVIPOLA%2CEVENTO%2CMUERTOS%2CHERIDOS%2CDESAPA_%2CPERSONAS%2CFAMILIAS%2CVIV_DESTRU%2CVIV_AVER_%2CVIAS%2CACUED_%2CC__SALUD%2CC_EDUCAT_%2CXCOORD%2CYCOORD&resultOffset=18000&resultRecordCount=2000&orderByFields=OBJECTID_1,200,c5b032c5966c349b5739b831488f3366626cf24cd8fcd57de10bef49cca9a2f7,777450,\N,ungrd arcgis offset=18000
2026-08-15T16:33:54Z,https://rapidmapping.emergency.copernicus.eu/backend/dashboard-api/public-activations/?code=EMSR943,403,dbff0849bc109eee7f9b7b1fe12e40fc8add21823b2f1fb600b37f620cbd7862,58,\N,copernicus EMSR943
2026-08-15T16:33:55Z,https://rapidmapping.emergency.copernicus.eu/backend/dashboard-api/public-activations/?code=EMSR944,403,dbff0849bc109eee7f9b7b1fe12e40fc8add21823b2f1fb600b37f620cbd7862,58,\N,copernicus EMSR944
2026-08-15T16:33:55Z,https://services2.arcgis.com/YVLx8xYoDXKccDfJ/arcgis/rest/services/REGISTRO_DE_EMERGENCIAS_EN_COLOMBIA/FeatureServer/0/query?where=1%3D1&f=json&outFields=OBJECTID_1%2CFECHA%2CDEPARTAMEN%2CMUNICIPIO%2CDIVIPOLA%2CEVENTO%2CMUERTOS%2CHERIDOS%2CDESAPA_%2CPERSONAS%2CFAMILIAS%2CVIV_DESTRU%2CVIV_AVER_%2CVIAS%2CACUED_%2CC__SALUD%2CC_EDUCAT_%2CXCOORD%2CYCOORD&resultOffset=20000&resultRecordCount=2000&orderByFields=OBJECTID_1,200,38d11b67d4b9b62c47b0663210f3bf86706def0b3f4a9e6fec3fa819840fef0e,775004,\N,ungrd arcgis offset=20000
2026-08-15T16:33:56Z,https://rapidmapping.emergency.copernicus.eu/backend/dashboard-api/public-activations/?code=EMSR945,403,dbff0849bc109eee7f9b7b1fe12e40fc8add21823b2f1fb600b37f620cbd7862,58,\N,copernicus EMSR945
2026-08-15T16:33:56Z,https://rapidmapping.emergency.copernicus.eu/backend/dashboard-api/public-activations/?code=EMSR946,403,dbff0849bc109eee7f9b7b1fe12e40fc8add21823b2f1fb600b37f620cbd7862,58,\N,copernicus EMSR946
2026-08-15T16:33:57Z,https://services2.arcgis.com/YVLx8xYoDXKccDfJ/arcgis/rest/services/REGISTRO_DE_EMERGENCIAS_EN_COLOMBIA/FeatureServer/0/query?where=1%3D1&f=json&outFields=OBJECTID_1%2CFECHA%2CDEPARTAMEN%2CMUNICIPIO%2CDIVIPOLA%2CEVENTO%2CMUERTOS%2CHERIDOS%2CDESAPA_%2CPERSONAS%2CFAMILIAS%2CVIV_DESTRU%2CVIV_AVER_%2CVIAS%2CACUED_%2CC__SALUD%2CC_EDUCAT_%2CXCOORD%2CYCOORD&resultOffset=22000&resultRecordCount=2000&orderByFields=OBJECTID_1,200,c6988a38c7b74fd87228421095d4d7a95ae579738373061f2f65664ad8b6b85b,773603,\N,ungrd arcgis offset=22000
2026-08-15T16:33:57Z,https://earthquake.usgs.gov/fdsnws/event/1/query?eventid=us6000tjl2&format=geojson,200,43122e274171ba13a878803b276cf5113e8d33c2c872e93eb83b6187ff7c1d89,67044,data/snapshots/2026-08-15/usgs_us6000tjl2.json,usgs detail
2026-08-15T16:33:58Z,https://earthquake.usgs.gov/product/shakemap/us6000tjl2/us/1786452072000/download/coverage_mmi_low_res.covjson,200,f3b97ef0e94f8b9203a22f82f09f397f5c19dac416dfe87e373775fa30e13d44,118571,data/snapshots/2026-08-15/usgs_mmi_grid.covjson,usgs download/coverage_mmi_low_res.covjson
2026-08-15T16:33:58Z,https://earthquake.usgs.gov/product/shakemap/us6000tjl2/us/1786452072000/download/cont_mmi.json,200,56996f8c8a5bb0382a1bef3361b7433a15a0bbb9f5693b773958a71f5de9a353,109494,data/snapshots/2026-08-15/usgs_mmi_contours.json,usgs download/cont_mmi.json
2026-08-15T16:33:58Z,https://earthquake.usgs.gov/product/losspager/us6000tjl2/us/1786452203828/json/exposures.json,200,2bd2de5b48436e3c0a177cb3cd085d6a2f260a910f50de0f23f98df518242e8f,1091,data/snapshots/2026-08-15/usgs_pager_exposures.json,usgs pager exposures
2026-08-15T16:33:59Z,https://earthquake.usgs.gov/product/dyfi/us6000tjl2/us/1786811289332/dyfi_geo_10km.geojson,200,79a92b7eb730461b8d80b3af398364d5200a048b27f611400e578270ad8a7fcd,203404,data/snapshots/2026-08-15/usgs_dyfi_10km.geojson,usgs dyfi 10km
2026-08-15T16:33:58Z,https://services2.arcgis.com/YVLx8xYoDXKccDfJ/arcgis/rest/services/REGISTRO_DE_EMERGENCIAS_EN_COLOMBIA/FeatureServer/0/query?where=1%3D1&f=json&outFields=OBJECTID_1%2CFECHA%2CDEPARTAMEN%2CMUNICIPIO%2CDIVIPOLA%2CEVENTO%2CMUERTOS%2CHERIDOS%2CDESAPA_%2CPERSONAS%2CFAMILIAS%2CVIV_DESTRU%2CVIV_AVER_%2CVIAS%2CACUED_%2CC__SALUD%2CC_EDUCAT_%2CXCOORD%2CYCOORD&resultOffset=24000&resultRecordCount=2000&orderByFields=OBJECTID_1,200,35ae5cf3a2e0a3a8bd4a2d6d6d997b4e7c04caac702c56359a6d2b3c1128c0ce,775627,\N,ungrd arcgis offset=24000
2026-08-15T16:33:59Z,https://www.gdacs.org/gdacsapi/api/events/geteventdata?eventtype=EQ&eventid=1557236,200,e0c9098c203b6ac225655718284a42a9af856b849be319f799de99902a06e96f,6318,data/snapshots/2026-08-15/gdacs_event.json,gdacs event
2026-08-15T16:34:00Z,https://www.gdacs.org/gdacsapi/api/news/getnewsbygdacskey?eventtype=EQ&eventid=1557236,200,5dc2a5e4448b1b1bec54e987d72e5921b07fe8ccb16baaf06ec7da45d7bc85fb,2575,data/snapshots/2026-08-15/gdacs_news_institucional.json,gdacs institucional
2026-08-15T16:34:02Z,https://www.gdacs.org/gdacsapi/api/emm/getemmnewsbykey?eventtype=EQ&eventid=1557236,200,acd607edf73cf11a33d80e4b05c77fece47a4b8e59474f6f0379d6ce04cb29a0,1832696,data/snapshots/2026-08-15/gdacs_emm.json,gdacs emm
2026-08-15T16:34:01Z,https://services2.arcgis.com/YVLx8xYoDXKccDfJ/arcgis/rest/services/REGISTRO_DE_EMERGENCIAS_EN_COLOMBIA/FeatureServer/0/query?where=1%3D1&f=json&outFields=OBJECTID_1%2CFECHA%2CDEPARTAMEN%2CMUNICIPIO%2CDIVIPOLA%2CEVENTO%2CMUERTOS%2CHERIDOS%2CDESAPA_%2CPERSONAS%2CFAMILIAS%2CVIV_DESTRU%2CVIV_AVER_%2CVIAS%2CACUED_%2CC__SALUD%2CC_EDUCAT_%2CXCOORD%2CYCOORD&resultOffset=26000&resultRecordCount=2000&orderByFields=OBJECTID_1,200,b3cffdd42d34094b704aab3bdd4fb030f031f4223de20011ee989f1a08d71047,766428,\N,ungrd arcgis offset=26000
2026-08-15T16:34:04Z,https://services2.arcgis.com/YVLx8xYoDXKccDfJ/arcgis/rest/services/REGISTRO_DE_EMERGENCIAS_EN_COLOMBIA/FeatureServer/0/query?where=1%3D1&f=json&outFields=OBJECTID_1%2CFECHA%2CDEPARTAMEN%2CMUNICIPIO%2CDIVIPOLA%2CEVENTO%2CMUERTOS%2CHERIDOS%2CDESAPA_%2CPERSONAS%2CFAMILIAS%2CVIV_DESTRU%2CVIV_AVER_%2CVIAS%2CACUED_%2CC__SALUD%2CC_EDUCAT_%2CXCOORD%2CYCOORD&resultOffset=28000&resultRecordCount=2000&orderByFields=OBJECTID_1,200,d2469a332f9747939b44df26d500c903b6be9cb2984f0a1da60995b2ac346ccb,771837,\N,ungrd arcgis offset=28000
2026-08-15T16:34:05Z,https://services2.arcgis.com/YVLx8xYoDXKccDfJ/arcgis/rest/services/REGISTRO_DE_EMERGENCIAS_EN_COLOMBIA/FeatureServer/0/query?where=1%3D1&f=json&outFields=OBJECTID_1%2CFECHA%2CDEPARTAMEN%2CMUNICIPIO%2CDIVIPOLA%2CEVENTO%2CMUERTOS%2CHERIDOS%2CDESAPA_%2CPERSONAS%2CFAMILIAS%2CVIV_DESTRU%2CVIV_AVER_%2CVIAS%2CACUED_%2CC__SALUD%2CC_EDUCAT_%2CXCOORD%2CYCOORD&resultOffset=30000&resultRecordCount=2000&orderByFields=OBJECTID_1,200,26eeeec3505d8f3fd5209d6b5ceae71056fff1b8f537701b4aff527e7e656cc1,775696,\N,ungrd arcgis offset=30000
2026-08-15T16:34:07Z,https://services2.arcgis.com/YVLx8xYoDXKccDfJ/arcgis/rest/services/REGISTRO_DE_EMERGENCIAS_EN_COLOMBIA/FeatureServer/0/query?where=1%3D1&f=json&outFields=OBJECTID_1%2CFECHA%2CDEPARTAMEN%2CMUNICIPIO%2CDIVIPOLA%2CEVENTO%2CMUERTOS%2CHERIDOS%2CDESAPA_%2CPERSONAS%2CFAMILIAS%2CVIV_DESTRU%2CVIV_AVER_%2CVIAS%2CACUED_%2CC__SALUD%2CC_EDUCAT_%2CXCOORD%2CYCOORD&resultOffset=32000&resultRecordCount=2000&orderByFields=OBJECTID_1,200,3281e838a536f65b7d952de3cff008ef9e101e5503d6e178efeb8b2b1f520bdb,779162,\N,ungrd arcgis offset=32000
2026-08-15T16:34:08Z,https://services2.arcgis.com/YVLx8xYoDXKccDfJ/arcgis/rest/services/REGISTRO_DE_EMERGENCIAS_EN_COLOMBIA/FeatureServer/0/query?where=1%3D1&f=json&outFields=OBJECTID_1%2CFECHA%2CDEPARTAMEN%2CMUNICIPIO%2CDIVIPOLA%2CEVENTO%2CMUERTOS%2CHERIDOS%2CDESAPA_%2CPERSONAS%2CFAMILIAS%2CVIV_DESTRU%2CVIV_AVER_%2CVIAS%2CACUED_%2CC__SALUD%2CC_EDUCAT_%2CXCOORD%2CYCOORD&resultOffset=34000&resultRecordCount=2000&orderByFields=OBJECTID_1,200,4b4c19f7400dee270a2fa2d7b89949b5b31606767551679d34f26b547be815f3,785850,\N,ungrd arcgis offset=34000
2026-08-15T16:34:09Z,https://services2.arcgis.com/YVLx8xYoDXKccDfJ/arcgis/rest/services/REGISTRO_DE_EMERGENCIAS_EN_COLOMBIA/FeatureServer/0/query?where=1%3D1&f=json&outFields=OBJECTID_1%2CFECHA%2CDEPARTAMEN%2CMUNICIPIO%2CDIVIPOLA%2CEVENTO%2CMUERTOS%2CHERIDOS%2CDESAPA_%2CPERSONAS%2CFAMILIAS%2CVIV_DESTRU%2CVIV_AVER_%2CVIAS%2CACUED_%2CC__SALUD%2CC_EDUCAT_%2CXCOORD%2CYCOORD&resultOffset=36000&resultRecordCount=2000&orderByFields=OBJECTID_1,200,250782affc276f52af9f8a836439072504c10b187a502466701e9bd2d93cf937,787410,\N,ungrd arcgis offset=36000
2026-08-15T16:34:11Z,https://services2.arcgis.com/YVLx8xYoDXKccDfJ/arcgis/rest/services/REGISTRO_DE_EMERGENCIAS_EN_COLOMBIA/FeatureServer/0/query?where=1%3D1&f=json&outFields=OBJECTID_1%2CFECHA%2CDEPARTAMEN%2CMUNICIPIO%2CDIVIPOLA%2CEVENTO%2CMUERTOS%2CHERIDOS%2CDESAPA_%2CPERSONAS%2CFAMILIAS%2CVIV_DESTRU%2CVIV_AVER_%2CVIAS%2CACUED_%2CC__SALUD%2CC_EDUCAT_%2CXCOORD%2CYCOORD&resultOffset=38000&resultRecordCount=2000&orderByFields=OBJECTID_1,200,792c75f71792610852d172b28e0777540eca38889bb07b4b43b4b7e2bb0450b0,789211,\N,ungrd arcgis offset=38000
2026-08-15T16:34:12Z,https://services2.arcgis.com/YVLx8xYoDXKccDfJ/arcgis/rest/services/REGISTRO_DE_EMERGENCIAS_EN_COLOMBIA/FeatureServer/0/query?where=1%3D1&f=json&outFields=OBJECTID_1%2CFECHA%2CDEPARTAMEN%2CMUNICIPIO%2CDIVIPOLA%2CEVENTO%2CMUERTOS%2CHERIDOS%2CDESAPA_%2CPERSONAS%2CFAMILIAS%2CVIV_DESTRU%2CVIV_AVER_%2CVIAS%2CACUED_%2CC__SALUD%2CC_EDUCAT_%2CXCOORD%2CYCOORD&resultOffset=40000&resultRecordCount=2000&orderByFields=OBJECTID_1,200,0cdfd440407dfa95463f3aad0d468f5eba6b8eb3df426b96b44c21833d48e169,785728,\N,ungrd arcgis offset=40000
2026-08-15T16:34:13Z,https://services2.arcgis.com/YVLx8xYoDXKccDfJ/arcgis/rest/services/REGISTRO_DE_EMERGENCIAS_EN_COLOMBIA/FeatureServer/0/query?where=1%3D1&f=json&outFields=OBJECTID_1%2CFECHA%2CDEPARTAMEN%2CMUNICIPIO%2CDIVIPOLA%2CEVENTO%2CMUERTOS%2CHERIDOS%2CDESAPA_%2CPERSONAS%2CFAMILIAS%2CVIV_DESTRU%2CVIV_AVER_%2CVIAS%2CACUED_%2CC__SALUD%2CC_EDUCAT_%2CXCOORD%2CYCOORD&resultOffset=42000&resultRecordCount=2000&orderByFields=OBJECTID_1,200,5be05ec2eb045a9f7e149eb7bc6d6163686f6faa53c93967d669f4187ee89953,772297,\N,ungrd arcgis offset=42000
2026-08-15T16:34:15Z,https://services2.arcgis.com/YVLx8xYoDXKccDfJ/arcgis/rest/services/REGISTRO_DE_EMERGENCIAS_EN_COLOMBIA/FeatureServer/0/query?where=1%3D1&f=json&outFields=OBJECTID_1%2CFECHA%2CDEPARTAMEN%2CMUNICIPIO%2CDIVIPOLA%2CEVENTO%2CMUERTOS%2CHERIDOS%2CDESAPA_%2CPERSONAS%2CFAMILIAS%2CVIV_DESTRU%2CVIV_AVER_%2CVIAS%2CACUED_%2CC__SALUD%2CC_EDUCAT_%2CXCOORD%2CYCOORD&resultOffset=44000&resultRecordCount=2000&orderByFields=OBJECTID_1,200,61605acd83dcf880179eb268d9a430266eb0817978d922d84228a58c30394958,768428,\N,ungrd arcgis offset=44000
2026-08-15T16:34:16Z,https://services2.arcgis.com/YVLx8xYoDXKccDfJ/arcgis/rest/services/REGISTRO_DE_EMERGENCIAS_EN_COLOMBIA/FeatureServer/0/query?where=1%3D1&f=json&outFields=OBJECTID_1%2CFECHA%2CDEPARTAMEN%2CMUNICIPIO%2CDIVIPOLA%2CEVENTO%2CMUERTOS%2CHERIDOS%2CDESAPA_%2CPERSONAS%2CFAMILIAS%2CVIV_DESTRU%2CVIV_AVER_%2CVIAS%2CACUED_%2CC__SALUD%2CC_EDUCAT_%2CXCOORD%2CYCOORD&resultOffset=46000&resultRecordCount=2000&orderByFields=OBJECTID_1,200,5505cffb8fe3fb7cd7b62818b61ee7c3e7b06d72caf82ef07b76e25a6cdd170a,771181,\N,ungrd arcgis offset=46000
2026-08-15T16:34:17Z,https://services2.arcgis.com/YVLx8xYoDXKccDfJ/arcgis/rest/services/REGISTRO_DE_EMERGENCIAS_EN_COLOMBIA/FeatureServer/0/query?where=1%3D1&f=json&outFields=OBJECTID_1%2CFECHA%2CDEPARTAMEN%2CMUNICIPIO%2CDIVIPOLA%2CEVENTO%2CMUERTOS%2CHERIDOS%2CDESAPA_%2CPERSONAS%2CFAMILIAS%2CVIV_DESTRU%2CVIV_AVER_%2CVIAS%2CACUED_%2CC__SALUD%2CC_EDUCAT_%2CXCOORD%2CYCOORD&resultOffset=48000&resultRecordCount=2000&orderByFields=OBJECTID_1,200,7f67996cc158618a0f7cb7ef9faf972ea20474ab29660de7cb700c4e300f7bee,784543,\N,ungrd arcgis offset=48000
2026-08-15T16:34:19Z,https://services2.arcgis.com/YVLx8xYoDXKccDfJ/arcgis/rest/services/REGISTRO_DE_EMERGENCIAS_EN_COLOMBIA/FeatureServer/0/query?where=1%3D1&f=json&outFields=OBJECTID_1%2CFECHA%2CDEPARTAMEN%2CMUNICIPIO%2CDIVIPOLA%2CEVENTO%2CMUERTOS%2CHERIDOS%2CDESAPA_%2CPERSONAS%2CFAMILIAS%2CVIV_DESTRU%2CVIV_AVER_%2CVIAS%2CACUED_%2CC__SALUD%2CC_EDUCAT_%2CXCOORD%2CYCOORD&resultOffset=50000&resultRecordCount=2000&orderByFields=OBJECTID_1,200,fb4c1349fb0efeae43cec8262d73bafc6444b6c35ba16b8da9945d93dd34abc3,780264,\N,ungrd arcgis offset=50000
2026-08-15T16:34:20Z,https://services2.arcgis.com/YVLx8xYoDXKccDfJ/arcgis/rest/services/REGISTRO_DE_EMERGENCIAS_EN_COLOMBIA/FeatureServer/0/query?where=1%3D1&f=json&outFields=OBJECTID_1%2CFECHA%2CDEPARTAMEN%2CMUNICIPIO%2CDIVIPOLA%2CEVENTO%2CMUERTOS%2CHERIDOS%2CDESAPA_%2CPERSONAS%2CFAMILIAS%2CVIV_DESTRU%2CVIV_AVER_%2CVIAS%2CACUED_%2CC__SALUD%2CC_EDUCAT_%2CXCOORD%2CYCOORD&resultOffset=52000&resultRecordCount=2000&orderByFields=OBJECTID_1,200,0b81833468ff0c329bb15dce8b74ef3db3255fac70446c7cc747f632a581b4c0,776021,\N,ungrd arcgis offset=52000
2026-08-15T16:34:21Z,https://services2.arcgis.com/YVLx8xYoDXKccDfJ/arcgis/rest/services/REGISTRO_DE_EMERGENCIAS_EN_COLOMBIA/FeatureServer/0/query?where=1%3D1&f=json&outFields=OBJECTID_1%2CFECHA%2CDEPARTAMEN%2CMUNICIPIO%2CDIVIPOLA%2CEVENTO%2CMUERTOS%2CHERIDOS%2CDESAPA_%2CPERSONAS%2CFAMILIAS%2CVIV_DESTRU%2CVIV_AVER_%2CVIAS%2CACUED_%2CC__SALUD%2CC_EDUCAT_%2CXCOORD%2CYCOORD&resultOffset=54000&resultRecordCount=2000&orderByFields=OBJECTID_1,200,df92f8a07a42b39a87de49788153310a7e036af3435e95567359372c84646073,774541,\N,ungrd arcgis offset=54000
2026-08-15T16:34:22Z,https://services2.arcgis.com/YVLx8xYoDXKccDfJ/arcgis/rest/services/REGISTRO_DE_EMERGENCIAS_EN_COLOMBIA/FeatureServer/0/query?where=1%3D1&f=json&outFields=OBJECTID_1%2CFECHA%2CDEPARTAMEN%2CMUNICIPIO%2CDIVIPOLA%2CEVENTO%2CMUERTOS%2CHERIDOS%2CDESAPA_%2CPERSONAS%2CFAMILIAS%2CVIV_DESTRU%2CVIV_AVER_%2CVIAS%2CACUED_%2CC__SALUD%2CC_EDUCAT_%2CXCOORD%2CYCOORD&resultOffset=56000&resultRecordCount=2000&orderByFields=OBJECTID_1,200,4b23c38a85e647ffcafd1f0bc5acddab1859e4d3c574850908b78da10029bd40,788132,\N,ungrd arcgis offset=56000
2026-08-15T16:34:24Z,https://services2.arcgis.com/YVLx8xYoDXKccDfJ/arcgis/rest/services/REGISTRO_DE_EMERGENCIAS_EN_COLOMBIA/FeatureServer/0/query?where=1%3D1&f=json&outFields=OBJECTID_1%2CFECHA%2CDEPARTAMEN%2CMUNICIPIO%2CDIVIPOLA%2CEVENTO%2CMUERTOS%2CHERIDOS%2CDESAPA_%2CPERSONAS%2CFAMILIAS%2CVIV_DESTRU%2CVIV_AVER_%2CVIAS%2CACUED_%2CC__SALUD%2CC_EDUCAT_%2CXCOORD%2CYCOORD&resultOffset=58000&resultRecordCount=2000&orderByFields=OBJECTID_1,200,1a9d3a26c5d91b0ac5fac801f6a2b2b406d533fc3b8145c64fe41de3865cd2c3,799171,\N,ungrd arcgis offset=58000
2026-08-15T16:34:24Z,https://api.gdeltproject.org/api/v2/doc/doc?query=%28terremoto+OR+sismo+OR+earthquake%29+Colombia&mode=timelinevol&startdatetime=20260808000000&format=json,200,6c296ef77e37ed9b0bbf45434dd764b41c5e95d4065fb223775e1bc051d17fd7,544,data/snapshots/2026-08-15/gdelt_timeline.json,gdelt timelinevol
2026-08-15T16:34:24Z,https://services2.arcgis.com/YVLx8xYoDXKccDfJ/arcgis/rest/services/REGISTRO_DE_EMERGENCIAS_EN_COLOMBIA/FeatureServer/0/query?where=1%3D1&f=json&outStatistics=%5B%7B%22statisticType%22%3A+%22max%22%2C+%22onStatisticField%22%3A+%22FECHA%22%2C+%22outStatisticFieldName%22%3A+%22maxf%22%7D%2C+%7B%22statisticType%22%3A+%22count%22%2C+%22onStatisticField%22%3A+%22OBJECTID_1%22%2C+%22outStatisticFieldName%22%3A+%22n%22%7D%5D,200,7afe3240a23b13adbf1ae8082c18d40649d09209624c4d1ccef7f9c2f28546ed,534,data/snapshots/2026-08-15/ungrd_arcgis_agg.json,ungrd arcgis agregados
2026-08-15T16:34:25Z,https://services2.arcgis.com/YVLx8xYoDXKccDfJ/arcgis/rest/services/REGISTRO_DE_EMERGENCIAS_EN_COLOMBIA/FeatureServer/0/query?where=1%3D1&f=json&outFields=OBJECTID_1%2CFECHA%2CDEPARTAMEN%2CMUNICIPIO%2CDIVIPOLA%2CEVENTO%2CMUERTOS%2CHERIDOS%2CDESAPA_%2CPERSONAS%2CFAMILIAS%2CVIV_DESTRU%2CVIV_AVER_%2CVIAS%2CACUED_%2CC__SALUD%2CC_EDUCAT_%2CXCOORD%2CYCOORD&resultOffset=60000&resultRecordCount=2000&orderByFields=OBJECTID_1,200,903feb74e00b4143221e144bdbd2b939563b630e1a2d0f7a1970d4f1552285c1,771135,\N,ungrd arcgis offset=60000
2026-08-15T16:34:26Z,https://www.datos.gov.co/resource/wwkg-r6te.json?%24select=count%28%2A%29+as+n%2C+min%28fecha%29+as+desde%2C+max%28fecha%29+as+hasta,200,e19d6f13141d3fe2b0e3d64dbc03bcc0dca3b6c677888ddb7a3ba04ba597afa9,84,data/snapshots/2026-08-15/ungrd_socrata_agg.json,socrata brecha
2026-08-15T16:34:26Z,https://chatmap.hotosm.org/api/v1/map/89319bbb-a14a-4dfd-b9a1-c83b8b55785f,200,0c5e3a8ddccf40c596ffb7859e4e1157581992a71d6a22c06a8dff6463a2b18a,190209,data/snapshots/2026-08-15/chatmap.json,chatmap
2026-08-15T16:34:27Z,https://chatmap.hotosm.org/api/v1/media/7a404588-94ab-45f0-8a8e-885ac70d1615.jpg,200,a3ec4d476208a85ad51722eed753a528f67feb3feef12f7902e952b6b7db5305,103812,\N,chatmap media 7a404588-94ab-45f0-8a8e-885ac70d1615.jpg
2026-08-15T16:34:28Z,https://chatmap.hotosm.org/api/v1/media/188f3bac-ba07-4698-b727-d5baf8430c41.jpg,200,17d2873ca4ae671fd40bd097c994d97f4d33b4e42cabdec39df200c27654ed8b,348356,\N,chatmap media 188f3bac-ba07-4698-b727-d5baf8430c41.jpg
2026-08-15T16:34:31Z,https://chatmap.hotosm.org/api/v1/media/7e721d31-37d9-4d97-beb9-5e89fa562082.mp4,200,19a0205e551d8948a240eb92eb71ce21ae50641feab0ddd0a7ab82f65d854773,9047231,\N,chatmap media 7e721d31-37d9-4d97-beb9-5e89fa562082.mp4
2026-08-15T16:34:32Z,https://chatmap.hotosm.org/api/v1/media/2106bbbb-9fb0-44e0-9fd9-3861c939760a.jpg,200,4e72d2675cc2e452646e9da49bb078425afec34d1088de5c4d10d07a330e352b,111163,\N,chatmap media 2106bbbb-9fb0-44e0-9fd9-3861c939760a.jpg
2026-08-15T16:34:33Z,https://chatmap.hotosm.org/api/v1/media/c2e57ce3-1635-4fb8-bfd5-8174fb9c6d52.jpg,200,8a33819e63b72f2a64a3106fffdb67dfb624d3ee3853301035edc4f5b4dbd051,129348,\N,chatmap media c2e57ce3-1635-4fb8-bfd5-8174fb9c6d52.jpg
2026-08-15T16:34:34Z,https://chatmap.hotosm.org/api/v1/media/e3cd3f44-0a32-4532-abe1-ef2e206bb685.jpg,200,31cb0ab9105e09464c83d296e5fe3208718664a75ec0f1735b3a1aaef39d8268,224760,\N,chatmap media e3cd3f44-0a32-4532-abe1-ef2e206bb685.jpg
2026-08-15T16:34:35Z,https://chatmap.hotosm.org/api/v1/media/54e85d13-d2ed-4b2d-9da3-66a73ff2726b.jpg,200,499d3de194940c2918d97333d35b648913b35ce1977e5a8c8cd7dd0e3c10ac20,393825,\N,chatmap media 54e85d13-d2ed-4b2d-9da3-66a73ff2726b.jpg
2026-08-15T16:34:37Z,https://chatmap.hotosm.org/api/v1/media/9e6730d8-32fb-4ad0-87aa-4ef6ebe055f5.mp4,200,1f203c385d9f78fcf41c09907e59eb801a5701121a83bed3a552f7ec79ed4837,1306338,\N,chatmap media 9e6730d8-32fb-4ad0-87aa-4ef6ebe055f5.mp4
2026-08-15T16:34:38Z,https://chatmap.hotosm.org/api/v1/media/d788d8bc-566d-4a15-8290-6266e6989812.mp4,200,953902214eec08be50d0d060b1b6e2af90e6dc3d5636f436430be2c19957d558,6087990,\N,chatmap media d788d8bc-566d-4a15-8290-6266e6989812.mp4
2026-08-15T16:34:40Z,https://chatmap.hotosm.org/api/v1/media/3af55d9a-5e17-4e01-8553-dc4981c7bfe8.mp4,200,07d8a7c497bc9ec9d8771004bcd3fde348ee2eb7cd072825f557dd057d9ba4e4,2546756,\N,chatmap media 3af55d9a-5e17-4e01-8553-dc4981c7bfe8.mp4
2026-08-15T16:34:42Z,https://chatmap.hotosm.org/api/v1/media/23a19b43-fa0b-423b-8609-8b03a8498f35.mp4,200,ef3461d25fe5b22e301a5101c75722c629b47738e89c7f4aaacd787f58e56a7f,2007176,\N,chatmap media 23a19b43-fa0b-423b-8609-8b03a8498f35.mp4
2026-08-15T16:34:43Z,https://chatmap.hotosm.org/api/v1/media/996860da-0ff0-4f18-afb6-bd9cd3752af5.jpg,200,82419631f76f451fe9a46ddd7ee5ad7429c3d776511a9943b86e4f1df77b90e7,293630,\N,chatmap media 996860da-0ff0-4f18-afb6-bd9cd3752af5.jpg
2026-08-15T16:34:44Z,https://chatmap.hotosm.org/api/v1/media/0ac5442b-7a99-45bb-b41b-8dd5aa4eca48.jpg,200,ddbe7413e13bf449a9a220216fdbdba331fa656ded6e1ba15df0392605202208,314954,\N,chatmap media 0ac5442b-7a99-45bb-b41b-8dd5aa4eca48.jpg
2026-08-15T16:34:45Z,https://chatmap.hotosm.org/api/v1/media/13553c51-bffd-4a21-8b31-ea4d3043330b.jpg,200,fa82312d46bc14f49f3121a1aaf080748b5826f7739ff54aa876f2348c5004d7,282433,\N,chatmap media 13553c51-bffd-4a21-8b31-ea4d3043330b.jpg
2026-08-15T16:34:46Z,https://chatmap.hotosm.org/api/v1/media/a6bc468f-3e6b-4d17-932b-2c20ee6084d0.jpg,200,6c77b11bcaa5b0c857681d1bfca7c0995502660e38272f9d9f6ac0a338c4ebba,134467,\N,chatmap media a6bc468f-3e6b-4d17-932b-2c20ee6084d0.jpg
2026-08-15T16:34:47Z,https://chatmap.hotosm.org/api/v1/media/965e5614-ded6-4bf4-8784-55e901549aec.jpg,200,1ce1f2469e229d41ae61f3190e06f6353a2179f39e2a27449a138fed0f6fdc32,98577,\N,chatmap media 965e5614-ded6-4bf4-8784-55e901549aec.jpg
2026-08-15T16:34:48Z,https://chatmap.hotosm.org/api/v1/media/694262dc-4041-455c-a40f-842dfeb1c48c.jpg,200,2e7195c2207addd34e3ba24effc157d98b8e955e525d2e32d78564fd3b41834a,224210,\N,chatmap media 694262dc-4041-455c-a40f-842dfeb1c48c.jpg
2026-08-15T16:34:49Z,https://chatmap.hotosm.org/api/v1/media/eb3e9a80-3c41-46ec-ad59-8314ecfc3df5.mp4,200,68e9a811eafdd75473343e96378b19ea592d4d8ba7cc0653ad2a3f9af5b30a9a,3826005,\N,chatmap media eb3e9a80-3c41-46ec-ad59-8314ecfc3df5.mp4
2026-08-15T16:34:50Z,https://chatmap.hotosm.org/api/v1/media/b702ec7b-6b3e-4014-98cc-fbc9d6e775d3.jpg,200,40ef538ef6bf02a2e60d6ef37aaa938433e202e66045c7aa14dfffd39171ba3d,186213,\N,chatmap media b702ec7b-6b3e-4014-98cc-fbc9d6e775d3.jpg
2026-08-15T16:34:51Z,https://chatmap.hotosm.org/api/v1/media/c4e0ee37-47a7-480f-8510-bc9aeae1ee30.jpg,200,82bd594426fa1b5e180ad7748ea295acba0c92a86f0d53e437cb8d29e9798a9f,231891,\N,chatmap media c4e0ee37-47a7-480f-8510-bc9aeae1ee30.jpg
2026-08-15T16:34:27Z,https://services2.arcgis.com/YVLx8xYoDXKccDfJ/arcgis/rest/services/REGISTRO_DE_EMERGENCIAS_EN_COLOMBIA/FeatureServer/0/query?where=1%3D1&f=json&outFields=OBJECTID_1%2CFECHA%2CDEPARTAMEN%2CMUNICIPIO%2CDIVIPOLA%2CEVENTO%2CMUERTOS%2CHERIDOS%2CDESAPA_%2CPERSONAS%2CFAMILIAS%2CVIV_DESTRU%2CVIV_AVER_%2CVIAS%2CACUED_%2CC__SALUD%2CC_EDUCAT_%2CXCOORD%2CYCOORD&resultOffset=62000&resultRecordCount=2000&orderByFields=OBJECTID_1,200,b13d6a0ef41a76ba9b557aaa06058cd735f9d81ea5417eccd86280874b2ef1f5,778670,\N,ungrd arcgis offset=62000
2026-08-15T16:34:52Z,https://chatmap.hotosm.org/api/v1/media/95aa1dc5-ad0d-4579-9490-a16fcb9bea07.jpg,200,c57cf62ad65c3f9436020a3880a5822856812551619d4fd9a0340835d8764a97,261945,\N,chatmap media 95aa1dc5-ad0d-4579-9490-a16fcb9bea07.jpg
2026-08-15T16:34:53Z,https://chatmap.hotosm.org/api/v1/media/88a83c84-509b-43bc-b573-e852bdac49c5.jpg,200,cd96d4047fd8c59f7993a51e22df07b73534e78ca406a04ce1f8ccad80b2ad55,254287,\N,chatmap media 88a83c84-509b-43bc-b573-e852bdac49c5.jpg
2026-08-15T16:34:54Z,https://chatmap.hotosm.org/api/v1/media/894421ee-78ac-421e-8c6c-91b61b2929cf.jpg,200,5b47ba18568d42bfc87989d6517e3f48c0ede6bfd20b9531938975e1104427b0,122372,\N,chatmap media 894421ee-78ac-421e-8c6c-91b61b2929cf.jpg
2026-08-15T16:34:56Z,https://chatmap.hotosm.org/api/v1/media/90a2e539-deb5-4379-944c-a9cdfb085a30.mp4,200,5ba31a84d101ee83667fd6e9468225553c1474d0990e03d156d1dfb77f44a7d3,3224289,\N,chatmap media 90a2e539-deb5-4379-944c-a9cdfb085a30.mp4
2026-08-15T16:35:14Z,https://chatmap.hotosm.org/api/v1/media/18928f89-c2d8-413c-9052-1830ddca01db.mp4,200,5e6a8beda8ba82a8ce8ce7c2403f3cbef075ce58b605506986d279412f78c26c,59611494,\N,chatmap media 18928f89-c2d8-413c-9052-1830ddca01db.mp4
2026-08-15T16:35:16Z,https://chatmap.hotosm.org/api/v1/media/a831fdb1-14c6-4f10-9233-c734b301d7e6.mp4,200,0bae2d9ba1f91e87246a1303768533a194ed2f3344552983072bc2d92df97773,1364211,\N,chatmap media a831fdb1-14c6-4f10-9233-c734b301d7e6.mp4
2026-08-15T16:35:17Z,https://chatmap.hotosm.org/api/v1/media/c207867b-1f41-4c14-980c-7187b6f1c63a.mp4,200,0b9be4185e606e049d8d6d1bece879b4a4ce663934ac516b20bafe394058142f,1884220,\N,chatmap media c207867b-1f41-4c14-980c-7187b6f1c63a.mp4
2026-08-15T16:35:19Z,https://chatmap.hotosm.org/api/v1/media/643fc510-2401-4b87-9d77-64ed88bcbb7d.mp4,200,77758bd0a62e9386715428df8b63b0ce1191561a3c02b7cda152fedff0b83280,2988033,\N,chatmap media 643fc510-2401-4b87-9d77-64ed88bcbb7d.mp4
2026-08-15T16:35:19Z,https://chatmap.hotosm.org/api/v1/media/700e4878-69a9-4696-8555-050ab4823e79.opus,200,74e4c6c82ff9143fabf845bd5b9d737ca0f7b6eb9f605278da9575e66143e2a5,14695,\N,chatmap media 700e4878-69a9-4696-8555-050ab4823e79.opus
2026-08-15T16:35:20Z,https://chatmap.hotosm.org/api/v1/media/c0253b7a-ec95-43fb-9e07-2d0739892cc6.jpg,200,b39978049cd6ab15d62a4b80d7aa3285be04fcd35dd15229d2c5061b666b0306,64228,\N,chatmap media c0253b7a-ec95-43fb-9e07-2d0739892cc6.jpg
2026-08-15T16:35:22Z,https://chatmap.hotosm.org/api/v1/media/a3bcbde2-b206-4d75-a543-1c375566f223.mp4,200,b5e07345a67e549ae6755602c5e52b0789723378bdc06341f1914e75f8a68e0a,1025118,\N,chatmap media a3bcbde2-b206-4d75-a543-1c375566f223.mp4
2026-08-15T16:35:22Z,https://chatmap.hotosm.org/api/v1/media/b4fb3dda-da20-44ee-bf93-9b3ce07e6893.jpg,200,3964bf6e3af57592149c235f7d47c9251a1c4e979b5cf13ce36775cbbd13ac34,127027,\N,chatmap media b4fb3dda-da20-44ee-bf93-9b3ce07e6893.jpg
2026-08-15T16:35:23Z,https://chatmap.hotosm.org/api/v1/media/d478fba1-036e-4cfe-a48e-2a6ffff0a2f2.jpg,200,13956021cd4b7d3379e6566fbcaeab24d9d1ab38be6af85aafb96391240f694a,151538,\N,chatmap media d478fba1-036e-4cfe-a48e-2a6ffff0a2f2.jpg
2026-08-15T16:35:25Z,https://chatmap.hotosm.org/api/v1/media/c773fc21-433f-4c41-9813-db0400cb355d.mp4,200,fa10a43992cf0c99adbaecbde8d0652048205c1c9d958e45bbbe4576c7fed9a8,5384273,\N,chatmap media c773fc21-433f-4c41-9813-db0400cb355d.mp4
2026-08-15T16:35:26Z,https://chatmap.hotosm.org/api/v1/media/b9d51555-3304-4ffb-95a9-984dd3e1508a.jpg,200,341ada188f5e1e9f129eb143daec4dfe08f8674b1cbd38f7f534314613c9954e,117004,\N,chatmap media b9d51555-3304-4ffb-95a9-984dd3e1508a.jpg
2026-08-15T16:35:27Z,https://chatmap.hotosm.org/api/v1/media/d1ce24e1-b0ad-4e9a-b129-98d148e58770.jpg,200,6df4c6441bbf32e1f6fc36d11ef9bec363c9f323f5a75b375b4f80bf08f6a638,132712,\N,chatmap media d1ce24e1-b0ad-4e9a-b129-98d148e58770.jpg
2026-08-15T16:35:28Z,https://chatmap.hotosm.org/api/v1/media/aea51b68-6b17-4db9-92c7-e2e6b62fe5a3.jpg,200,6a0e8b344f4611f5c3977aade82672932ce1867ffc6bd3b1a4d3847202676a19,231393,\N,chatmap media aea51b68-6b17-4db9-92c7-e2e6b62fe5a3.jpg
2026-08-15T16:35:29Z,https://chatmap.hotosm.org/api/v1/media/0a15e349-bda9-4dcf-ae95-80b507687c16.jpg,200,92ff2364272c0294df6d0a1cbf9fda89253e320e10aa7ca3aaa7590d01df05ed,284920,\N,chatmap media 0a15e349-bda9-4dcf-ae95-80b507687c16.jpg
2026-08-15T16:35:30Z,https://chatmap.hotosm.org/api/v1/media/81c00e7d-87be-4489-b589-1941fa442f7a.jpg,200,80f73eb96f8ff02d30a6cb3da5be8655daf6d3265212c8b86c8376f624928d28,249957,\N,chatmap media 81c00e7d-87be-4489-b589-1941fa442f7a.jpg
2026-08-15T16:35:31Z,https://chatmap.hotosm.org/api/v1/media/34f903cc-d5c0-4e29-a71c-b2a8a7981437.jpg,200,e9ce0a223163f5854d68dabd40376363a9e50ba8188e42773effdfb94e4bde6b,181101,\N,chatmap media 34f903cc-d5c0-4e29-a71c-b2a8a7981437.jpg
2026-08-15T16:35:32Z,https://chatmap.hotosm.org/api/v1/media/ef40ea93-e269-4943-9eef-8506a3a430be.jpg,200,f561f385bcfce4c4b9f416f975b7b12b6b817fb959b522ee5f0acb2862316020,181305,\N,chatmap media ef40ea93-e269-4943-9eef-8506a3a430be.jpg
2026-08-15T16:35:34Z,https://chatmap.hotosm.org/api/v1/media/a91195ad-54cb-4aec-b5ba-2b26cca01c42.jpg,200,6ce0cec2dc404301e97d7968422c61d88db92ed219ce5501bf3c0ed32fdb3225,356739,\N,chatmap media a91195ad-54cb-4aec-b5ba-2b26cca01c42.jpg
2026-08-15T16:35:34Z,https://chatmap.hotosm.org/api/v1/media/21edec7f-2c74-4bd0-86f4-5830cb8967ab.jpg,200,3220127319c57d98c6e58905fee25e92cda62a2978040f9a94431afd31f445e2,69650,\N,chatmap media 21edec7f-2c74-4bd0-86f4-5830cb8967ab.jpg
2026-08-15T16:35:35Z,https://chatmap.hotosm.org/api/v1/media/bd7f5f98-1e33-46a0-87e8-4061c39936a4.jpg,200,0942453abcdb3ba7b2069be98affc13f2dd4808bb74dff996d5969846bbe1d12,29909,\N,chatmap media bd7f5f98-1e33-46a0-87e8-4061c39936a4.jpg
2026-08-15T16:35:36Z,https://chatmap.hotosm.org/api/v1/media/25012ac9-41c9-43aa-8bfc-6cf44b758e5f.jpg,200,f0e051ea7040aaf81de48be8f102c5e415a3b5881c615590164fa5b1c447f9ef,58008,\N,chatmap media 25012ac9-41c9-43aa-8bfc-6cf44b758e5f.jpg
2026-08-15T16:35:37Z,https://chatmap.hotosm.org/api/v1/media/deb8a53f-c9ab-46b5-a37b-918db21630e1.jpg,200,474cf435c95fc1731a598a57f84cc7557e70c95416f1d90b791d18172c1d2dcb,63987,\N,chatmap media deb8a53f-c9ab-46b5-a37b-918db21630e1.jpg
2026-08-15T16:35:37Z,https://chatmap.hotosm.org/api/v1/media/ee1b6783-278c-41c1-b40a-8aa971b8cdde.jpg,200,b3abb9c4df984ee0f8c7252cb140ad20c5ed5707ffe1934da16c4e2e6ed32798,30471,\N,chatmap media ee1b6783-278c-41c1-b40a-8aa971b8cdde.jpg
2026-08-15T16:35:38Z,https://chatmap.hotosm.org/api/v1/media/d977a61f-ca82-4d42-9b90-aa1ef90172ae.jpg,200,f59034ec48d8c13954da37e03b4bb4d4f424b9666d1e28a8c45517d59233a498,69298,\N,chatmap media d977a61f-ca82-4d42-9b90-aa1ef90172ae.jpg
2026-08-15T16:35:39Z,https://chatmap.hotosm.org/api/v1/media/802f3b37-51c2-409b-9046-3bd1d594c91d.jpg,200,3f047e4199f39ac5ef26f0b7a029a5d03c3aa2606f43006c4def83b4b5458936,138225,\N,chatmap media 802f3b37-51c2-409b-9046-3bd1d594c91d.jpg
2026-08-15T16:35:40Z,https://chatmap.hotosm.org/api/v1/media/05cb9771-b232-408d-a1cc-0a2d971edecd.mp4,200,4b318cef61bc0e54cee0b189236df206414709f3aa07e8d3edde52644831187b,582255,\N,chatmap media 05cb9771-b232-408d-a1cc-0a2d971edecd.mp4
2026-08-15T16:35:41Z,https://chatmap.hotosm.org/api/v1/media/fe8d622a-8ca3-4e7b-bee6-45e87d5c0cdb.jpg,200,fe9cbfeb961f34d8bbb56720d237f6b0f6eafa849c21d0d26486f6c726d42972,252126,\N,chatmap media fe8d622a-8ca3-4e7b-bee6-45e87d5c0cdb.jpg
2026-08-15T16:35:42Z,https://chatmap.hotosm.org/api/v1/media/5c09f2df-a1b2-42b8-bacc-a700f259a69a.jpg,200,858bc23fc56c1b468340033ceff92c36e2a25ea3967725d9c299d4bbbbd48209,226929,\N,chatmap media 5c09f2df-a1b2-42b8-bacc-a700f259a69a.jpg
2026-08-15T16:35:44Z,https://chatmap.hotosm.org/api/v1/media/2e445c33-11a4-49d3-b5f0-7bfc51f6117e.jpg,200,2390a3b539751f4f6110cc5da05b2a78fc10c9a9ff1c5dbc5959fe9f63c296c4,320021,\N,chatmap media 2e445c33-11a4-49d3-b5f0-7bfc51f6117e.jpg
2026-08-15T16:35:45Z,https://chatmap.hotosm.org/api/v1/media/3764fa51-a9b4-4beb-8e63-f63be0efb45a.jpg,200,108733f7eea9cc39ff15adfd2129465f4004927f2eb26a85668a1c42fe691e2a,272172,\N,chatmap media 3764fa51-a9b4-4beb-8e63-f63be0efb45a.jpg
2026-08-15T16:35:46Z,https://chatmap.hotosm.org/api/v1/media/56c44233-c19f-49e5-948e-a2207584148d.jpg,200,3c295299bca93b5734f7d85e7edd33340fe0268fd844b5829e2c4bcf8414f480,243687,\N,chatmap media 56c44233-c19f-49e5-948e-a2207584148d.jpg
2026-08-15T16:35:47Z,https://chatmap.hotosm.org/api/v1/media/7bc80036-03c5-4130-aa8b-cfaba46d67cf.jpg,200,8044354d38153972184ed6b7b2654fbfa00815a3c6203eaa602f74750a35e64d,361774,\N,chatmap media 7bc80036-03c5-4130-aa8b-cfaba46d67cf.jpg
2026-08-15T16:35:48Z,https://chatmap.hotosm.org/api/v1/media/41cdf568-32e9-48eb-807d-c87428ae7cb7.jpg,200,6ece458b5ef7c5e8fa3148055f4f72ba6e2ada37c65bea9a5df0d4624ba65cdf,262904,\N,chatmap media 41cdf568-32e9-48eb-807d-c87428ae7cb7.jpg
2026-08-15T16:35:49Z,https://chatmap.hotosm.org/api/v1/media/467ca3aa-e059-4a04-8fdd-40b3c45c6c31.jpg,200,269bcdac400fef65d12a138e3afdbfd39e64d7f355fa0b2c5557af305690783e,147101,\N,chatmap media 467ca3aa-e059-4a04-8fdd-40b3c45c6c31.jpg
2026-08-15T16:35:49Z,https://chatmap.hotosm.org/api/v1/media/ba8f86c7-c3ad-456c-8d11-0c7c2b2bbc9d.jpg,200,25740e7a26725a470621764bc8cc34193df9da96c466b972d417f18a6dc1875e,29658,\N,chatmap media ba8f86c7-c3ad-456c-8d11-0c7c2b2bbc9d.jpg
2026-08-15T16:35:52Z,https://chatmap.hotosm.org/api/v1/media/8537dd41-6a37-4cf2-bba5-cae0e980d9a7.mp4,200,2c44116726545e38fe8b87de987014ef897bef0e9a02fa2517c88de725995592,6411160,\N,chatmap media 8537dd41-6a37-4cf2-bba5-cae0e980d9a7.mp4
2026-08-15T16:35:55Z,https://chatmap.hotosm.org/api/v1/media/901027d8-6156-48f9-8c94-5fa2ea9f8009.mp4,200,344b656593268a3130b2ed0db3dbb7e4512a81b27ac03d0796f651c376b35b43,12514823,\N,chatmap media 901027d8-6156-48f9-8c94-5fa2ea9f8009.mp4
2026-08-15T16:35:57Z,https://chatmap.hotosm.org/api/v1/media/cc92e869-00e5-440a-978b-29997331ac9b.mp4,200,7b6a502bec3c290d15b32188e63aafa8ca64d773f9e46c291c6fb3a04717ee64,9213793,\N,chatmap media cc92e869-00e5-440a-978b-29997331ac9b.mp4
2026-08-15T16:36:00Z,https://chatmap.hotosm.org/api/v1/media/971a9efb-6e8e-40f4-bd5c-6f9624720927.mp4,200,7b6a502bec3c290d15b32188e63aafa8ca64d773f9e46c291c6fb3a04717ee64,9213793,\N,chatmap media 971a9efb-6e8e-40f4-bd5c-6f9624720927.mp4
2026-08-15T16:36:02Z,https://chatmap.hotosm.org/api/v1/media/0532639e-7a4d-4ea1-8766-134be786469c.jpg,200,f292cb7845f28d0b34d8e887b9df466c538f280e932f397b2ffe77f9283cdd41,181838,\N,chatmap media 0532639e-7a4d-4ea1-8766-134be786469c.jpg
2026-08-15T16:36:05Z,https://chatmap.hotosm.org/api/v1/media/8afbb51d-2305-447d-ae5f-7fcd3de43327.mp4,200,353570ed866178f58264553da96c820ba4691904a0dee80718313e977c648084,4546405,\N,chatmap media 8afbb51d-2305-447d-ae5f-7fcd3de43327.mp4
2026-08-15T16:36:06Z,https://chatmap.hotosm.org/api/v1/media/2bcd4119-21d3-4392-9663-fa666a69a4f3.jpg,200,eaec484c62c8414549e53a7c4049d6d675861b287a51a5abf113ed7cda2f4c94,111282,\N,chatmap media 2bcd4119-21d3-4392-9663-fa666a69a4f3.jpg
2026-08-15T16:36:08Z,https://chatmap.hotosm.org/api/v1/media/170c8d27-d09f-45d8-9856-eb7879c4c87a.mp4,200,601c25992c26c16b3234b931f7f232ab4c3230723e40197ab549f4e04ce7950d,9655962,\N,chatmap media 170c8d27-d09f-45d8-9856-eb7879c4c87a.mp4
2026-08-15T16:36:10Z,https://chatmap.hotosm.org/api/v1/media/c9863db3-ffb7-4c42-886c-c911a59f11bb.mp4,200,5475a953ffadb2e30d76fe0cf56b11bd7810434bfd5ac703e094e138521f1ff4,1250891,\N,chatmap media c9863db3-ffb7-4c42-886c-c911a59f11bb.mp4
2026-08-15T16:36:12Z,https://chatmap.hotosm.org/api/v1/media/22773b75-9d51-41f1-b5a0-f70cd543954e.mp4,200,7e5ee4326d6cce66b25de7267de5af95ac6fb9a09ad4e881ce8a2f1e3a239f2a,6890458,\N,chatmap media 22773b75-9d51-41f1-b5a0-f70cd543954e.mp4
2026-08-15T16:36:14Z,https://chatmap.hotosm.org/api/v1/media/6ca4ca98-6444-4045-a7b5-86ec20663275.mp4,200,5924de4f5be82d26a0a51fa8f3dabfa41e0a5105227ab9ddd16e9fdcecb5a34d,8374637,\N,chatmap media 6ca4ca98-6444-4045-a7b5-86ec20663275.mp4
2026-08-15T16:36:15Z,https://chatmap.hotosm.org/api/v1/media/f1ff227f-cdd1-47ba-89a5-7f5b61e3303d.jpg,200,902a3cd4a2f0e14ee49c75d6786519a33ab854cec70d7d4420baf165cae5da08,151994,\N,chatmap media f1ff227f-cdd1-47ba-89a5-7f5b61e3303d.jpg
2026-08-15T16:36:16Z,https://chatmap.hotosm.org/api/v1/media/a4bd3b35-44c6-4527-850f-122d95e3d5e8.jpg,200,b2548f01591e4a719f567d84ddb2c0884fc460c49a3fbfc4d1c3def90e7de4f3,155727,\N,chatmap media a4bd3b35-44c6-4527-850f-122d95e3d5e8.jpg
2026-08-15T16:36:18Z,https://chatmap.hotosm.org/api/v1/media/a4145f7b-fb1a-411c-9f95-7963d746fc0b.jpg,200,cf47b532cbfaf365244df1a3708eda890c14c75685fe260d74d38100aeee6d8a,214747,\N,chatmap media a4145f7b-fb1a-411c-9f95-7963d746fc0b.jpg
2026-08-15T16:36:18Z,https://chatmap.hotosm.org/api/v1/media/234720ea-721e-4a64-b16c-d9dbe72cf2c3.jpg,200,52c395294eb9dc57d9deeab049e6dd5f1f31084469db41da7530219fee62ff71,181276,\N,chatmap media 234720ea-721e-4a64-b16c-d9dbe72cf2c3.jpg
2026-08-15T16:36:19Z,https://chatmap.hotosm.org/api/v1/media/8d898454-c07a-4b09-92d9-0a1600b2b083.jpg,200,1c04a0aecf5c2eea3c67d2e5c5819f13b3ace8a11e454a26ccdf4094aac9737e,46173,\N,chatmap media 8d898454-c07a-4b09-92d9-0a1600b2b083.jpg
2026-08-15T16:36:20Z,https://chatmap.hotosm.org/api/v1/media/f9cabe92-58b2-4c2e-af3c-6fd3776ca60c.jpg,200,5c7f48006d0a11bf32db077c4e663f0eb4e618487d8753a5613ea3ac8783b46f,276716,\N,chatmap media f9cabe92-58b2-4c2e-af3c-6fd3776ca60c.jpg
2026-08-15T16:36:33Z,https://chatmap.hotosm.org/api/v1/media/e796a30d-0916-481e-852c-b189fd8d4566.mp4,200,182d4e75c7487a37219908c4bf0e55953f96807e9d20404ce6962643da3a1181,52065376,\N,chatmap media e796a30d-0916-481e-852c-b189fd8d4566.mp4
2026-08-15T16:36:34Z,https://chatmap.hotosm.org/api/v1/media/c406e0c2-b30f-4eb0-9978-1c3739ca4a37.jpg,200,4943a0b0f30c0baae91834d8d26a61055ae255ae3510abccfbe9e0d7c7ddbb14,106984,\N,chatmap media c406e0c2-b30f-4eb0-9978-1c3739ca4a37.jpg
2026-08-15T16:36:34Z,https://chatmap.hotosm.org/api/v1/media/c6620ae2-2b1b-4778-b703-dba460a6eac5.jpg,200,47b69c15b82c2e3106a7b39872d588aa6983eb35b805df9ec0786e80d422b2e5,128032,\N,chatmap media c6620ae2-2b1b-4778-b703-dba460a6eac5.jpg
2026-08-15T16:36:35Z,https://chatmap.hotosm.org/api/v1/media/84d0689a-af5a-4b6e-8446-002ed2a8b400.jpg,200,9488f4a3d8b23d105229606b6e2f367d3c921a2e0281e929365ed900f6a79eca,117894,\N,chatmap media 84d0689a-af5a-4b6e-8446-002ed2a8b400.jpg
2026-08-15T16:36:36Z,https://chatmap.hotosm.org/api/v1/media/faa44185-0094-4a4b-afe5-d2f0382b327c.jpg,200,c537eead49b9475c4ee5fa19848bc1985bdc7cea21bec4f694a723377d53b0d8,115133,\N,chatmap media faa44185-0094-4a4b-afe5-d2f0382b327c.jpg
2026-08-15T16:36:37Z,https://chatmap.hotosm.org/api/v1/media/cb2cd0bd-0402-473e-9d34-6be0d6cbfead.jpg,200,d91e96261b90c6c1decdac56b7ac9210a0565c101e9756d8bcb2fd6401ac4bc4,138243,\N,chatmap media cb2cd0bd-0402-473e-9d34-6be0d6cbfead.jpg
2026-08-15T16:36:38Z,https://chatmap.hotosm.org/api/v1/media/36581226-0377-4f54-96bc-f8df2da46d2f.jpg,200,e10e2e4153c68b856a40b606bb690384a6313ceee7332d8270550375be90f4f5,85100,\N,chatmap media 36581226-0377-4f54-96bc-f8df2da46d2f.jpg
2026-08-15T16:36:39Z,https://chatmap.hotosm.org/api/v1/media/d1eefdea-a405-471c-b227-852e3f473070.jpg,200,3220127319c57d98c6e58905fee25e92cda62a2978040f9a94431afd31f445e2,69650,\N,chatmap media d1eefdea-a405-471c-b227-852e3f473070.jpg
2026-08-15T16:36:40Z,https://chatmap.hotosm.org/api/v1/media/a688eea4-6ba6-4890-bb80-ff189b21da35.jpg,200,f59034ec48d8c13954da37e03b4bb4d4f424b9666d1e28a8c45517d59233a498,69298,\N,chatmap media a688eea4-6ba6-4890-bb80-ff189b21da35.jpg
2026-08-15T16:36:41Z,https://chatmap.hotosm.org/api/v1/media/0fc1d033-9265-4388-a683-bb7871a222f5.jpg,200,0942453abcdb3ba7b2069be98affc13f2dd4808bb74dff996d5969846bbe1d12,29909,\N,chatmap media 0fc1d033-9265-4388-a683-bb7871a222f5.jpg
2026-08-15T16:36:42Z,https://chatmap.hotosm.org/api/v1/media/4dd2677b-d7d2-488e-b345-bad1888b54d5.jpg,200,f80969cd2a9d00677e78444b94ff8f446960f65f2b46c01bd00187a48651c72b,70182,\N,chatmap media 4dd2677b-d7d2-488e-b345-bad1888b54d5.jpg
2026-08-15T16:36:43Z,https://chatmap.hotosm.org/api/v1/media/16bc5a26-b405-4f3e-b37c-f4c9d79026cd.jpg,200,916e4f51f694b7a538c34e8028f8256162b81a99019cb17bfc3244a47eefd27c,108985,\N,chatmap media 16bc5a26-b405-4f3e-b37c-f4c9d79026cd.jpg
2026-08-15T16:36:44Z,https://chatmap.hotosm.org/api/v1/media/f9b3614c-fcda-4277-93a1-259310ddbf95.jpg,200,f9bf03a6ce8e5ee114770066be4cd50a28c04781dc18306cf2b267a7b63a03f6,233268,\N,chatmap media f9b3614c-fcda-4277-93a1-259310ddbf95.jpg
2026-08-15T16:36:45Z,https://chatmap.hotosm.org/api/v1/media/7b9ee6fa-5a95-4a5f-bb9f-94435f0408f8.jpg,200,0df180b709ccb6a1ce8c3a7afd3e9e42865664b9f27bc6f1bcb422e2b7364a18,281960,\N,chatmap media 7b9ee6fa-5a95-4a5f-bb9f-94435f0408f8.jpg
2026-08-15T16:36:46Z,https://chatmap.hotosm.org/api/v1/media/32708149-ab78-4e20-b167-e167831d6e27.jpg,200,81ce36df215dd91dbda7af90f22e3acf1546bf91c04c2f33e11889f90b9b7524,222323,\N,chatmap media 32708149-ab78-4e20-b167-e167831d6e27.jpg
2026-08-15T16:36:47Z,https://chatmap.hotosm.org/api/v1/media/e28cdc97-caf6-49ae-ac45-a04bb32fd287.jpg,200,555813ce73412f28b613d243a3bd214db6cdf2470d394b90024e8e27778c0d45,129194,\N,chatmap media e28cdc97-caf6-49ae-ac45-a04bb32fd287.jpg
2026-08-15T16:36:48Z,https://chatmap.hotosm.org/api/v1/media/f81f63c5-69b3-4863-934a-953699c8ff68.jpg,200,fb03dc0ff5caabdfcba347987a6297b995d458c135061bd120506fbf31f1d624,78782,\N,chatmap media f81f63c5-69b3-4863-934a-953699c8ff68.jpg
2026-08-15T16:36:48Z,https://chatmap.hotosm.org/api/v1/media/7be7b9d7-9b45-40f8-8619-1a0771b94afb.jpg,200,52128fe5a1f173adae644c92ad42a75597c195f69de829a3d41c8c6668c3ea85,87806,\N,chatmap media 7be7b9d7-9b45-40f8-8619-1a0771b94afb.jpg
2026-08-15T16:36:49Z,https://chatmap.hotosm.org/api/v1/media/c9b35d1c-c2e4-4378-a564-30af4c788835.jpg,200,7dfa8e6e03a5cdf0503c006576de362e1e91516bf8a207c9925934829f0628a5,101526,\N,chatmap media c9b35d1c-c2e4-4378-a564-30af4c788835.jpg
2026-08-15T16:36:50Z,https://chatmap.hotosm.org/api/v1/media/89d0e856-cd19-4a76-b176-ca7a3afe500a.jpg,200,025cbe4a7833295f12195119a49244746c40064866189667cbec56b8c0c73471,260282,\N,chatmap media 89d0e856-cd19-4a76-b176-ca7a3afe500a.jpg
2026-08-15T16:36:51Z,https://chatmap.hotosm.org/api/v1/media/4ca4e3bd-e186-492b-ad5f-7e1ce3f9e302.jpg,200,ae5a457791c031b1a840d0083d81b4a3166350a255c5588015bb5705bb9278d1,134841,\N,chatmap media 4ca4e3bd-e186-492b-ad5f-7e1ce3f9e302.jpg
2026-08-15T16:36:54Z,https://chatmap.hotosm.org/api/v1/media/c5cfce1d-18dd-4c0d-a259-a594e72d06dc.mp4,200,94c10cfb050ba2b03871bf37425e99c2edf44cc9483ed06b4b73505fbd7252ba,8861422,\N,chatmap media c5cfce1d-18dd-4c0d-a259-a594e72d06dc.mp4
2026-08-15T16:36:55Z,https://chatmap.hotosm.org/api/v1/media/98d8766b-b9ee-4c8a-8d4d-f47f4960173f.mp4,200,b59c68825f9e1fe1cc402d24724007105a338bf6a93707a66f4b1719e62f3f93,2551251,\N,chatmap media 98d8766b-b9ee-4c8a-8d4d-f47f4960173f.mp4
2026-08-15T16:36:56Z,https://chatmap.hotosm.org/api/v1/media/ab194b68-e7ae-4672-9d0e-05d276bd111c.jpg,200,b1fa1866e5bc29c2a51047070e50bbfe0ab6923cc6f378715019f6bbd60aa24e,363062,\N,chatmap media ab194b68-e7ae-4672-9d0e-05d276bd111c.jpg
2026-08-15T16:36:57Z,https://chatmap.hotosm.org/api/v1/media/27a01a57-cbaa-468b-9b4f-a38c9ad28524.jpg,200,748bfb4bb071e5bd3dbc3e5baeb40ba906fbb748e7dbe8848ab867c83677f45f,348800,\N,chatmap media 27a01a57-cbaa-468b-9b4f-a38c9ad28524.jpg
2026-08-15T16:36:59Z,https://chatmap.hotosm.org/api/v1/media/5eb4e1f3-76a4-45bb-b719-84b7cd6b816c.jpg,200,3051620e10bdea265c9355ed72d38f0d79f41e72fde034a296d632163934780b,510714,\N,chatmap media 5eb4e1f3-76a4-45bb-b719-84b7cd6b816c.jpg
2026-08-15T16:37:00Z,https://chatmap.hotosm.org/api/v1/media/bb3dcc17-56ec-4265-8f0e-45ef12762302.jpg,200,9b2a546c1cc89be5f8833416430978180b16ce0e590b8989b926028d03d2ad42,105440,\N,chatmap media bb3dcc17-56ec-4265-8f0e-45ef12762302.jpg
2026-08-15T16:37:00Z,https://chatmap.hotosm.org/api/v1/media/89de0efd-b365-4470-906d-679fbb73f3a5.jpg,200,b0b14e7da2054a538900683f7ae24dd57f6c835ef30c0beb5e7d8252b99c20df,100101,\N,chatmap media 89de0efd-b365-4470-906d-679fbb73f3a5.jpg
2026-08-15T16:37:02Z,https://chatmap.hotosm.org/api/v1/media/c88be659-0cdd-4796-b1f2-fc280fc34241.jpg,200,f8c410e92f98299bc64071b7a6675a66455fa733a2a7a3c9f24dae18565056a8,191622,\N,chatmap media c88be659-0cdd-4796-b1f2-fc280fc34241.jpg
2026-08-15T16:37:03Z,https://chatmap.hotosm.org/api/v1/media/63f572a9-4b94-4310-90b2-2711018c01a3.jpg,200,26ec4c08a30cbedcdb230b294972b1cd3e10eed51efe882bd464bd7c64d46eba,222705,\N,chatmap media 63f572a9-4b94-4310-90b2-2711018c01a3.jpg
2026-08-15T16:37:04Z,https://chatmap.hotosm.org/api/v1/media/6a07ff12-dea0-4b5c-addd-3d40ee3f4f79.jpg,200,6be8030a0b945d17ed7167794c07be546af189a211e9544d0dce649b81c040fd,330937,\N,chatmap media 6a07ff12-dea0-4b5c-addd-3d40ee3f4f79.jpg
2026-08-15T16:37:06Z,https://chatmap.hotosm.org/api/v1/media/3bf8426a-e380-408a-ac3e-52606f2b766f.mp4,200,92987f2ce0486a4b2b07624eacae5e8bb02c520e050467cf9d30714473cdaf80,5279537,\N,chatmap media 3bf8426a-e380-408a-ac3e-52606f2b766f.mp4
2026-08-15T16:37:07Z,https://chatmap.hotosm.org/api/v1/media/521a34d7-9588-430c-b015-8d59abc2d9cc.jpg,200,12d713c6193dd27caefcf5cda100f43740eb706ca3cec9715e46db275cb09aaa,313808,\N,chatmap media 521a34d7-9588-430c-b015-8d59abc2d9cc.jpg
2026-08-15T16:37:08Z,https://chatmap.hotosm.org/api/v1/media/3e04b806-1f12-40f6-baf2-1850c3d0b7ae.jpg,200,3051620e10bdea265c9355ed72d38f0d79f41e72fde034a296d632163934780b,510714,\N,chatmap media 3e04b806-1f12-40f6-baf2-1850c3d0b7ae.jpg
2026-08-15T16:37:09Z,https://chatmap.hotosm.org/api/v1/media/f0a85e14-b734-413a-a2b5-8dd58c6ac5c8.jpg,200,9b2a546c1cc89be5f8833416430978180b16ce0e590b8989b926028d03d2ad42,105440,\N,chatmap media f0a85e14-b734-413a-a2b5-8dd58c6ac5c8.jpg
2026-08-15T16:37:10Z,https://chatmap.hotosm.org/api/v1/media/c0a230a2-7e61-4c4e-ad09-84571139e4d3.jpg,200,45614d3f4be6fc4a9bbcc574cda984f83aaacf72619cbab2af5568fba4d508b0,62988,\N,chatmap media c0a230a2-7e61-4c4e-ad09-84571139e4d3.jpg
2026-08-15T16:37:11Z,https://chatmap.hotosm.org/api/v1/media/fc96cbf3-c872-423a-af17-eae1cabd599f.jpg,200,9d76ad60934a230f6c3b94ebe0a9858234e43c79768098cfa9b6f5a5f5efa968,107177,\N,chatmap media fc96cbf3-c872-423a-af17-eae1cabd599f.jpg
2026-08-15T16:37:12Z,https://chatmap.hotosm.org/api/v1/media/550fc9dd-dcf3-44d4-aa1e-0fb9dbba5c32.jpg,200,b1fa1866e5bc29c2a51047070e50bbfe0ab6923cc6f378715019f6bbd60aa24e,363062,\N,chatmap media 550fc9dd-dcf3-44d4-aa1e-0fb9dbba5c32.jpg
2026-08-15T16:37:13Z,https://chatmap.hotosm.org/api/v1/media/d7f519b1-1a1f-4fc1-b2b3-5125ac97492c.jpg,200,62fdd8514d31b3c950e582c961507b264860a0f58d3c10897001cccbebe8adc6,281800,\N,chatmap media d7f519b1-1a1f-4fc1-b2b3-5125ac97492c.jpg
2026-08-15T16:37:14Z,https://chatmap.hotosm.org/api/v1/media/627cb272-5b43-471a-bb93-53d283fc2f1a.mp4,200,b660e24def888cb4b89294188dd258ff4003a3db471f42ff628e27e7820b62fc,1640307,\N,chatmap media 627cb272-5b43-471a-bb93-53d283fc2f1a.mp4
2026-08-15T16:37:17Z,https://chatmap.hotosm.org/api/v1/media/4290cbae-4de7-4143-93c2-9b162de0d88a.mp4,200,a7c7ba02ee89e317a951bc30c70180d627034aa526e3d8fa9b2290772d554d87,7967806,\N,chatmap media 4290cbae-4de7-4143-93c2-9b162de0d88a.mp4
2026-08-15T16:37:18Z,https://chatmap.hotosm.org/api/v1/media/5f794f78-4e5c-4004-87eb-eaf3f5ae4ff5.jpg,200,c1d3185d2d3109aeae41a545c74619885b0af519fd8442a7b2ef37234f01aae2,291659,\N,chatmap media 5f794f78-4e5c-4004-87eb-eaf3f5ae4ff5.jpg
2026-08-15T16:37:19Z,https://chatmap.hotosm.org/api/v1/media/8e63a27d-57fa-47ce-908a-e3b2e5ead5c7.jpg,200,120d44988bb9a343de491e012fc5a5a0671bcb47501e04cee37b2d33e5d87982,330551,\N,chatmap media 8e63a27d-57fa-47ce-908a-e3b2e5ead5c7.jpg
2026-08-15T16:37:20Z,https://chatmap.hotosm.org/api/v1/media/20016c5c-cae4-4b0c-8f28-153d0b4b1909.jpg,200,86064ab40a3a478b91c5a6ec4b5a8199936ccea0a54437afe20a48e8d5dd7a7c,255732,\N,chatmap media 20016c5c-cae4-4b0c-8f28-153d0b4b1909.jpg
2026-08-15T16:37:21Z,https://chatmap.hotosm.org/api/v1/media/5cd74698-917e-400e-9578-09fd231c4166.jpg,200,72d2158a4dbd208083259b538724cc2db51aaa0b4788f70099aaa373a9c28f6d,242885,\N,chatmap media 5cd74698-917e-400e-9578-09fd231c4166.jpg
2026-08-15T16:37:22Z,https://chatmap.hotosm.org/api/v1/media/5768cfc9-482d-4aed-8976-5535aa32f97b.jpg,200,d3b493e8fd55824141bbc5a4af9009434cdd9449185e09fdc3a74fa278368f3f,363972,\N,chatmap media 5768cfc9-482d-4aed-8976-5535aa32f97b.jpg
2026-08-15T16:37:23Z,https://chatmap.hotosm.org/api/v1/media/da3e5b36-3a90-445c-987c-f2ebb2f5fe18.jpg,200,11d9e985071185bcdff3a2ac3cb9da2606feb59230ac65cd4834c3023a44e718,105818,\N,chatmap media da3e5b36-3a90-445c-987c-f2ebb2f5fe18.jpg
2026-08-15T16:37:24Z,https://chatmap.hotosm.org/api/v1/media/48879b00-89e8-4bc6-b841-b323289920fb.jpg,200,980dce46136c74cf65c5e50e4a4d16a14ef9af128ffbd22d045156db835044a6,150380,\N,chatmap media 48879b00-89e8-4bc6-b841-b323289920fb.jpg
2026-08-15T16:37:25Z,https://chatmap.hotosm.org/api/v1/media/c6c3dac7-fb93-4760-9ee8-01cf7d43fc0f.jpg,200,5b05c7cb11dc337bc56da0aabf01407e758a129b5ef1f0ced1426b13ae8af2a3,79933,\N,chatmap media c6c3dac7-fb93-4760-9ee8-01cf7d43fc0f.jpg
2026-08-15T16:37:26Z,https://chatmap.hotosm.org/api/v1/media/8ff5f319-4995-4c1a-ba24-00abe4ee761d.jpg,200,faa57bc093b3ef3471060af0169e2449c8510b6c5ca8103a4887b7caa3d9afcb,104887,\N,chatmap media 8ff5f319-4995-4c1a-ba24-00abe4ee761d.jpg
2026-08-15T16:37:27Z,https://chatmap.hotosm.org/api/v1/media/4c70f52f-a5e2-4dbb-b037-a4b44afeb26d.jpg,200,28a0765b3d3ec3eaead746607958242c5e54475ab2a43d0040bbbcf0ce77a291,114075,\N,chatmap media 4c70f52f-a5e2-4dbb-b037-a4b44afeb26d.jpg
2026-08-15T16:37:28Z,https://chatmap.hotosm.org/api/v1/media/535fd75d-58e2-4b66-8b30-3ccc3eb6392b.jpg,200,24030c71faccc9752c67570e7acbad961ea75e57f8a2738be33e2429a7a0a478,123376,\N,chatmap media 535fd75d-58e2-4b66-8b30-3ccc3eb6392b.jpg
2026-08-15T16:37:29Z,https://chatmap.hotosm.org/api/v1/media/bb19c0d8-2140-4771-9730-3bed6dac5360.jpg,200,4d9f738ecdfa0ea123cdc861427da5c356c433deb683f765bc2ae9a52a282a42,106963,\N,chatmap media bb19c0d8-2140-4771-9730-3bed6dac5360.jpg
2026-08-15T16:37:30Z,https://chatmap.hotosm.org/api/v1/media/5e6ae5a4-8573-45c5-8409-878f5db58d7f.jpg,200,9bd7f4643196ce70f5da771d5603aef2b96542c3ba2385f425ef56860f5cafa2,92849,\N,chatmap media 5e6ae5a4-8573-45c5-8409-878f5db58d7f.jpg
2026-08-15T16:37:30Z,https://chatmap.hotosm.org/api/v1/media/adf5b98a-7611-405b-a422-6e152e7bf49e.jpg,200,47bbcfb23ee3c0b0db4b616064d127a58bf816d2697bf1f69e07b787cfe4a2fb,112804,\N,chatmap media adf5b98a-7611-405b-a422-6e152e7bf49e.jpg
2026-08-15T16:37:31Z,https://chatmap.hotosm.org/api/v1/media/8e2cb487-c672-45a1-83fa-ed1a36439aef.jpg,200,7f87c91f3727c72251179ce6210bf7e47e6fd98347949d79fbe84e48cf1f8d02,106825,\N,chatmap media 8e2cb487-c672-45a1-83fa-ed1a36439aef.jpg
2026-08-15T16:37:32Z,https://chatmap.hotosm.org/api/v1/media/f61a98d9-c7ad-4a36-a74a-b0132c933a15.jpg,200,052496dd261e8b43a1983ca6b8fcab2847cb5b42e6495367b92c3ad6f7190c36,223249,\N,chatmap media f61a98d9-c7ad-4a36-a74a-b0132c933a15.jpg
2026-08-15T16:37:33Z,https://chatmap.hotosm.org/api/v1/media/1056eef5-f789-449f-9643-c0cbbc281999.jpg,200,ca37a78528a8bbabb07ea77b7c4c94877774e932656d6f97b68a9d7f2cd0502b,179937,\N,chatmap media 1056eef5-f789-449f-9643-c0cbbc281999.jpg
2026-08-15T16:37:34Z,https://chatmap.hotosm.org/api/v1/media/00dff027-d6bc-4ba5-9f75-3f8b7e76266d.jpg,200,0b4e2a8dfd5c1dee66a378a2f470934ed2b95e45c40482aae09193d91ad2ccce,243364,\N,chatmap media 00dff027-d6bc-4ba5-9f75-3f8b7e76266d.jpg
2026-08-15T16:37:35Z,https://chatmap.hotosm.org/api/v1/media/dbbad1cb-51e5-4544-8be7-2ec7ff5ef2e7.jpg,200,8859ffd86a92979805d1d65eaf18a0b047dfbea4c342845d7f3070c9f6ed2f12,298001,\N,chatmap media dbbad1cb-51e5-4544-8be7-2ec7ff5ef2e7.jpg
2026-08-15T16:37:36Z,https://chatmap.hotosm.org/api/v1/media/e088c2a1-8037-4074-ac8f-06500cd6fcf6.jpg,200,b7c8e323f12a21abba47cbff7705ab2301b3400dcdb02e9c7018b8bb1efbfea1,142887,\N,chatmap media e088c2a1-8037-4074-ac8f-06500cd6fcf6.jpg
2026-08-15T16:37:37Z,https://chatmap.hotosm.org/api/v1/media/4a3c97c2-3007-447c-bcfc-866f153e4398.jpg,200,5ca8441cfbdf1b3d9b09a0c5f46401fc0d75e94a5e92d36b18af8c94defe3882,250044,\N,chatmap media 4a3c97c2-3007-447c-bcfc-866f153e4398.jpg
2026-08-15T16:37:38Z,https://chatmap.hotosm.org/api/v1/media/c3e9e922-18b6-407b-99d6-439e9f7776a1.jpg,200,a791615fabe6cb42b36be56982e82fa7940fed3dc39402840e5f54744d7dfbd1,188203,\N,chatmap media c3e9e922-18b6-407b-99d6-439e9f7776a1.jpg
2026-08-15T16:37:39Z,https://chatmap.hotosm.org/api/v1/media/4993dfe7-1090-4979-ae93-79248bca667f.jpg,200,8921992f20ee14480ee121b046a90234221e54dca93e91e975d1bdd16c0926c0,100782,\N,chatmap media 4993dfe7-1090-4979-ae93-79248bca667f.jpg
2026-08-15T16:37:40Z,https://chatmap.hotosm.org/api/v1/media/ada3247e-6828-494d-a307-5a829a14dfdc.jpg,200,e348015469760d2fb92a841b254137cb590c09ea3aedf07911a2ae5415a9e8ec,230641,\N,chatmap media ada3247e-6828-494d-a307-5a829a14dfdc.jpg
2026-08-15T16:37:41Z,https://chatmap.hotosm.org/api/v1/media/5e9a413c-8f19-4460-a15b-6398e3184869.jpg,200,d10bd73d8e5a915e3c89b5cf798e22b9b733a2db29cad17124acd2784f024c3d,185398,\N,chatmap media 5e9a413c-8f19-4460-a15b-6398e3184869.jpg
2026-08-15T16:37:42Z,https://chatmap.hotosm.org/api/v1/media/9e64a715-df08-4ab5-8c62-5f94f720a9d4.jpg,200,92ae7a103189558d58d34d5726643ec4923cb38a95a8665c62e00e34b2879868,103956,\N,chatmap media 9e64a715-df08-4ab5-8c62-5f94f720a9d4.jpg
2026-08-15T16:37:43Z,https://chatmap.hotosm.org/api/v1/media/79020bab-3d9f-429c-97e7-f424c07ce3bc.jpg,200,2a9e9f2a3ef066f187a335ddc63db96e41f8316f012ab69b9b2cbe79812a51c4,253277,\N,chatmap media 79020bab-3d9f-429c-97e7-f424c07ce3bc.jpg
2026-08-15T16:37:44Z,https://chatmap.hotosm.org/api/v1/media/eff62955-5d85-4c8d-9f26-3158cd2424d0.jpg,200,fa1ebeebb67712f2c9fc5d4f61854109055aad59f7c25c7ea49f2fbe33caa7f6,228161,\N,chatmap media eff62955-5d85-4c8d-9f26-3158cd2424d0.jpg
2026-08-15T16:37:45Z,https://chatmap.hotosm.org/api/v1/media/b9e8beb5-dabb-47a8-8b27-39f4e3baa477.jpg,200,ba79ebcf23507a6a64156244887fedd52ca6a9b25dad60f2001eaf823354672c,87022,\N,chatmap media b9e8beb5-dabb-47a8-8b27-39f4e3baa477.jpg
2026-08-15T16:37:46Z,https://chatmap.hotosm.org/api/v1/media/dc42ee82-97d0-4e30-b522-607344fa3c7d.jpg,200,b36fb8c96acee2663c67aa48f3d0364c79dfe09ddb66f82490461d198cbde90c,42688,\N,chatmap media dc42ee82-97d0-4e30-b522-607344fa3c7d.jpg
2026-08-15T16:37:47Z,https://chatmap.hotosm.org/api/v1/media/bb696d98-22ab-4826-878c-92878a4a2aab.jpg,200,0a8dd2e99e9ab6abf51c3f4494b46b884caa90979a90dd1e22d5269752b4aabc,147735,\N,chatmap media bb696d98-22ab-4826-878c-92878a4a2aab.jpg
2026-08-15T16:37:48Z,https://chatmap.hotosm.org/api/v1/media/bbaf9103-138d-4d43-92ff-29e44e1fdc8e.jpg,200,d506d4384662792112bfc31ff86281cc82e9672cac38291e3667bd0543c24d96,94552,\N,chatmap media bbaf9103-138d-4d43-92ff-29e44e1fdc8e.jpg
2026-08-15T16:37:49Z,https://chatmap.hotosm.org/api/v1/media/0ff1ff38-5b35-4a31-b3dd-5a041bc392c6.mp4,200,6e08d86fe9a1407cc968efe201cedf7f9e15a5ba602577bd5d625659a385e9ac,3918961,\N,chatmap media 0ff1ff38-5b35-4a31-b3dd-5a041bc392c6.mp4
2026-08-15T16:37:51Z,https://chatmap.hotosm.org/api/v1/media/b50705df-ade5-4e58-a156-af35b5a9c992.mp4,200,7e4e1b82c36e8b00de5249d9fb23a1e81a4f9946aa9a68fd8538c68bcfe8c142,1926320,\N,chatmap media b50705df-ade5-4e58-a156-af35b5a9c992.mp4
2026-08-15T16:37:52Z,https://chatmap.hotosm.org/api/v1/media/f718eb25-86f0-495f-baaf-2caa4a598865.jpg,200,62850a61a3b370475c27d265716a684fa7fa54ad8a15cf3e70222fda86673f9d,183414,\N,chatmap media f718eb25-86f0-495f-baaf-2caa4a598865.jpg
2026-08-15T16:37:53Z,https://chatmap.hotosm.org/api/v1/media/a07df1e5-c72d-4c1b-93ef-275f363c6321.jpg,200,ed1caffc21839ef915c928913b1bb722e86cdf9a2c8b9779bcd86ba15ae930d4,172725,\N,chatmap media a07df1e5-c72d-4c1b-93ef-275f363c6321.jpg
2026-08-15T16:37:54Z,https://chatmap.hotosm.org/api/v1/media/52a2db00-cd29-4040-81cc-36ee38042eaa.jpg,200,dc07916bf97483afaea419c63903206622eeb69a4374f7312f763155ac1ee055,116701,\N,chatmap media 52a2db00-cd29-4040-81cc-36ee38042eaa.jpg
2026-08-15T16:37:54Z,https://chatmap.hotosm.org/api/v1/media/4ebc4a34-20c2-438b-b26e-31997b6965c5.jpg,200,f8c9bd1ad7148d8c968232854907b553187dc5e8016344842ed0f87969e4f061,165510,\N,chatmap media 4ebc4a34-20c2-438b-b26e-31997b6965c5.jpg
2026-08-15T16:37:55Z,https://chatmap.hotosm.org/api/v1/media/5013058e-e9e5-4384-ae99-2416f20af6c9.jpg,200,32f02594b606a9483907a656ddaa6e346e7c1e254f7a389553c3e43d2af64b5f,101732,\N,chatmap media 5013058e-e9e5-4384-ae99-2416f20af6c9.jpg
2026-08-15T16:37:56Z,https://chatmap.hotosm.org/api/v1/media/1b30bcf3-42c9-440d-92f9-6d2e6aee52ca.jpg,200,864149995bf206473d11a63c12a2a9522c4c2f18dbd24452cc056761a7b27033,305680,\N,chatmap media 1b30bcf3-42c9-440d-92f9-6d2e6aee52ca.jpg
2026-08-15T16:37:58Z,https://chatmap.hotosm.org/api/v1/media/abfbd17a-6eba-4547-a3d1-692e920397c8.jpg,200,e44af64b90f55c2963aff48bcfac6c85bac441588f358cc49a3c97d0b8c07803,259043,\N,chatmap media abfbd17a-6eba-4547-a3d1-692e920397c8.jpg
2026-08-15T16:37:59Z,https://chatmap.hotosm.org/api/v1/media/e32dfd17-3457-4f2b-9de9-cd91113a16e4.jpg,200,1e7ce86311a67ca4ea5d4a7928db730a5c410313325e70e1e82b45183d57bc81,290318,\N,chatmap media e32dfd17-3457-4f2b-9de9-cd91113a16e4.jpg
2026-08-15T16:38:00Z,https://chatmap.hotosm.org/api/v1/media/4a7beafe-eea4-4791-84db-96cff34a7a9f.jpg,200,341a70eb88caee6129e266c52f6794cbaedb8f38c0e03bd306e98ccddc9385f4,290678,\N,chatmap media 4a7beafe-eea4-4791-84db-96cff34a7a9f.jpg
2026-08-15T16:38:01Z,https://chatmap.hotosm.org/api/v1/media/07d75a74-e782-4b82-8a48-a1cbbcdd206a.jpg,200,bdd8845bc333a05b7c846baed41d49f5312623f0e1a19990cb694c6d933c7535,270415,\N,chatmap media 07d75a74-e782-4b82-8a48-a1cbbcdd206a.jpg
2026-08-15T16:38:02Z,https://chatmap.hotosm.org/api/v1/media/abbc4a62-c475-4fef-8951-e647ffc943f9.jpg,200,975d4ef7943c29e6b3e7c51afa2ff7ae6d80f28368db9d550fb82f09ff6a941a,172310,\N,chatmap media abbc4a62-c475-4fef-8951-e647ffc943f9.jpg
2026-08-15T16:38:03Z,https://chatmap.hotosm.org/api/v1/media/4a8f1818-6636-484e-a667-8e40c2cdf56e.jpg,200,fea8c81f4a9e534e6476065e6e70e4d461e4aad99dd24408cf4f3dc97ba838d0,171813,\N,chatmap media 4a8f1818-6636-484e-a667-8e40c2cdf56e.jpg
2026-08-15T16:38:04Z,https://chatmap.hotosm.org/api/v1/media/69b0f438-7172-46a9-aeef-5fec04eeae03.jpg,200,af40fb5c947c933e5f934efddf43fd81e5f4120aeecf24113cd988955ec72751,200769,\N,chatmap media 69b0f438-7172-46a9-aeef-5fec04eeae03.jpg
2026-08-15T16:38:06Z,https://chatmap.hotosm.org/api/v1/media/4b3195fe-1198-4822-8d79-03800cc13477.jpg,200,71d453332b2f16b94d4f3e9cd5c931404bdec84cf3be5aaa26f7caafe56f06b3,288811,\N,chatmap media 4b3195fe-1198-4822-8d79-03800cc13477.jpg
2026-08-15T16:38:07Z,https://chatmap.hotosm.org/api/v1/media/8e5637af-e170-451d-b39e-5230f179962c.jpg,200,c40f3c89c9c1e7f95d15de4fdeda25da6886b26815e679fc5529b2034499f94a,229773,\N,chatmap media 8e5637af-e170-451d-b39e-5230f179962c.jpg
2026-08-15T16:38:08Z,https://chatmap.hotosm.org/api/v1/media/6d2d33a2-b4e3-49de-8e84-dd8bd9c24f9e.jpg,200,3b0684a85662d3805bd9aec2491921a7fc5a6570a8d5e9281d810555b813da40,310254,\N,chatmap media 6d2d33a2-b4e3-49de-8e84-dd8bd9c24f9e.jpg
2026-08-15T16:38:09Z,https://chatmap.hotosm.org/api/v1/media/313a9daf-f3ed-45bd-884b-69e0a6602a1d.jpg,200,b9d2d65cbc38b5870564b2c50df74116105614b7537a6bb39d8cfb900710506a,259035,\N,chatmap media 313a9daf-f3ed-45bd-884b-69e0a6602a1d.jpg
2026-08-15T16:38:09Z,https://chatmap.hotosm.org/api/v1/media/3d75895d-479c-4ff7-9212-dc53ff221396.jpg,200,690e89d80f3ed4f6d094b3b77e285789942138f3ae5cf041090d0be43c61c4df,29593,\N,chatmap media 3d75895d-479c-4ff7-9212-dc53ff221396.jpg
2026-08-15T16:38:10Z,https://chatmap.hotosm.org/api/v1/media/b98ebffe-4aba-4eb1-bd34-0f137e9c5694.jpg,200,54f3b14de5b98566a9231de67b4abbc7b7d7fbaeac64b96c3e33686c14ab45a4,47038,\N,chatmap media b98ebffe-4aba-4eb1-bd34-0f137e9c5694.jpg
2026-08-15T16:38:11Z,https://chatmap.hotosm.org/api/v1/media/ca77b9ec-aca7-4ba6-80d7-d5243ec43161.jpg,200,d6d9a73c840ad9dd6d932e0eaf028cdf48e5ca465848cad3f4e579aea1a62d26,167236,\N,chatmap media ca77b9ec-aca7-4ba6-80d7-d5243ec43161.jpg
2026-08-15T16:38:12Z,https://chatmap.hotosm.org/api/v1/media/40ba9ee3-23cc-45e8-9cca-50f8af14edbe.jpg,200,daf28010ca5b980994b6456a47d91fb7d06c10794a6d3475f0a48c0d2c39467b,72276,\N,chatmap media 40ba9ee3-23cc-45e8-9cca-50f8af14edbe.jpg
2026-08-15T16:38:13Z,https://chatmap.hotosm.org/api/v1/media/c69bfc0b-222f-488e-b18e-70698faa6682.jpg,200,db5540b49260a9e90ed7eae01e388b2432fd4c2125070ff8d9bef29104b67979,109746,\N,chatmap media c69bfc0b-222f-488e-b18e-70698faa6682.jpg
2026-08-15T16:38:14Z,https://chatmap.hotosm.org/api/v1/media/98b2cde3-b833-404e-99d3-34275a63c16f.jpg,200,c73a0d6e57088afc56ca0029dfcb53326580fea4f53cea4cc6f035dc276347f0,254476,\N,chatmap media 98b2cde3-b833-404e-99d3-34275a63c16f.jpg
2026-08-15T16:38:15Z,https://chatmap.hotosm.org/api/v1/media/246faa10-622e-4063-9125-7ce2d72304c7.jpg,200,7aae143ca031a2d14e0d66f765d5a3696568d191cfca928ad361b4a2a7650939,232553,\N,chatmap media 246faa10-622e-4063-9125-7ce2d72304c7.jpg
2026-08-15T16:38:16Z,https://chatmap.hotosm.org/api/v1/media/0220bd9f-9404-41c6-87b4-abb7256eb66e.jpg,200,296dc8540bc4cfacd0c3c9d8d98675c9a0e7ab751a45b9ef1a151d6c17978843,358861,\N,chatmap media 0220bd9f-9404-41c6-87b4-abb7256eb66e.jpg
2026-08-15T16:38:17Z,https://chatmap.hotosm.org/api/v1/media/b5d2283d-94b8-49b0-8a5e-f72a0b827b68.jpg,200,e44af64b90f55c2963aff48bcfac6c85bac441588f358cc49a3c97d0b8c07803,259043,\N,chatmap media b5d2283d-94b8-49b0-8a5e-f72a0b827b68.jpg
2026-08-15T16:38:18Z,https://chatmap.hotosm.org/api/v1/media/7830a640-eb6f-44e0-ae86-c5294a0a8429.jpg,200,6a54fb4df83953b403b45517990eb009f3adabf756ee341e5c614464d54f4ff6,217172,\N,chatmap media 7830a640-eb6f-44e0-ae86-c5294a0a8429.jpg
2026-08-15T16:38:19Z,https://chatmap.hotosm.org/api/v1/media/de1129ca-8e7f-4407-8a24-36f79a5de895.jpg,200,67419ea48ad302b21ab245f952788f6da8dcb141b70f3255db7bd42bbf18a21b,72747,\N,chatmap media de1129ca-8e7f-4407-8a24-36f79a5de895.jpg
2026-08-15T16:38:20Z,https://chatmap.hotosm.org/api/v1/media/f12fb6c5-ae39-4626-baae-bd8aeb61ca40.jpg,200,174a8ceee30fc1632270a27d6eea942a064a5ac29084d9c83d75f9a44e3ef74e,79556,\N,chatmap media f12fb6c5-ae39-4626-baae-bd8aeb61ca40.jpg
2026-08-15T16:38:21Z,https://chatmap.hotosm.org/api/v1/media/cc511633-ad60-44b0-b090-297bfe4fb99f.jpg,200,a87f8cfadad5925c93ac705a331023c22b972debf6dd52550cf543e52c62ce4f,45598,\N,chatmap media cc511633-ad60-44b0-b090-297bfe4fb99f.jpg
2026-08-15T16:38:22Z,https://chatmap.hotosm.org/api/v1/media/1ae11f09-b7b0-4387-b88d-1a3f90ac1112.mp4,200,757223064af73eb51766fd4bb9305c6736bf5226146185c46236db1a29c38cde,757208,\N,chatmap media 1ae11f09-b7b0-4387-b88d-1a3f90ac1112.mp4
2026-08-15T16:38:23Z,https://chatmap.hotosm.org/api/v1/media/b54575c4-a397-4751-9b68-92ceeaf58749.jpg,200,3162e088b211e3dab27bc59f41d7b61f5ec3d59d75f9dd5b449a0a334aa526a7,131075,\N,chatmap media b54575c4-a397-4751-9b68-92ceeaf58749.jpg
2026-08-15T16:38:24Z,https://chatmap.hotosm.org/api/v1/media/e69900f1-41f2-4707-b43d-89102d8bc329.jpg,200,90b35988ae05038e4d437fbb24c0154cc2aa77fb9d796bf961cff5d2dc59f7d7,133166,\N,chatmap media e69900f1-41f2-4707-b43d-89102d8bc329.jpg
2026-08-15T16:38:25Z,https://chatmap.hotosm.org/api/v1/media/69be587c-fb9b-4b3c-980a-723068f92349.jpg,200,f1bca2e707f5afea1eec3b48933725facde78c599784765d6e8b59fd4b86c626,142109,\N,chatmap media 69be587c-fb9b-4b3c-980a-723068f92349.jpg
2026-08-15T16:38:26Z,https://chatmap.hotosm.org/api/v1/media/e5a3abdb-cb6d-4652-8f35-05d00c428d77.jpg,200,7cc9053e95623190da5a43edaf4cd40b69450d5b744939c16273c80de44a6e0f,205519,\N,chatmap media e5a3abdb-cb6d-4652-8f35-05d00c428d77.jpg
2026-08-15T16:38:27Z,https://chatmap.hotosm.org/api/v1/media/5b4b8d6a-d537-4baa-b389-8843caa8c3a5.jpg,200,c9338acab9f1e5307f5fec3d3076b442665f37eaf40126c6494876b023772f57,248060,\N,chatmap media 5b4b8d6a-d537-4baa-b389-8843caa8c3a5.jpg
2026-08-15T16:38:28Z,https://chatmap.hotosm.org/api/v1/media/2e03c63c-e4f8-412d-8cfe-0ead11ae46a3.jpg,200,999509fbaa0b97b0a90319ea3d514d251b964e154f47fec1fda4cd0d3c7d5f5e,407927,\N,chatmap media 2e03c63c-e4f8-412d-8cfe-0ead11ae46a3.jpg
2026-08-15T16:38:30Z,https://chatmap.hotosm.org/api/v1/media/3fc32116-04c9-4e8d-986f-ca3a884d13f7.mp4,200,5341b7b67bc8eb022693976df52ab648840f20987280a5966a8ee7bbb0a4c14c,9988129,\N,chatmap media 3fc32116-04c9-4e8d-986f-ca3a884d13f7.mp4
2026-08-15T16:38:37Z,https://chatmap.hotosm.org/api/v1/media/5f568d18-7a3e-4168-9e4d-dde5bc849010.mp4,200,a711f102aff25c562746e144c36c13e24608137cefccb9ed6951990047e5c4bd,24335214,\N,chatmap media 5f568d18-7a3e-4168-9e4d-dde5bc849010.mp4
2026-08-15T16:38:37Z,https://chatmap.hotosm.org/api/v1/media/9f7c499c-2c87-4e88-bc57-3c226c2ebc61.jpg,200,91604e05812f4bf6eeee7d75defac968fa10596fa7a2588ba0216b32ec214e74,61158,\N,chatmap media 9f7c499c-2c87-4e88-bc57-3c226c2ebc61.jpg
2026-08-15T16:38:38Z,https://chatmap.hotosm.org/api/v1/media/979aebf5-f132-4ddb-8829-382cf29bc962.jpg,200,24d31309c254752126ceb5b16e801f143a9d179fb92ff2d05a03c7312a429215,111387,\N,chatmap media 979aebf5-f132-4ddb-8829-382cf29bc962.jpg
2026-08-15T16:38:39Z,https://chatmap.hotosm.org/api/v1/media/99d75923-2026-4c1b-b364-5a1da1f5e21b.jpg,200,e310e89c80b9fd0944d7ac0851e62a1333f4a9680c299633c9a6cbc0dd19acc6,153575,\N,chatmap media 99d75923-2026-4c1b-b364-5a1da1f5e21b.jpg
2026-08-15T16:38:40Z,https://chatmap.hotosm.org/api/v1/media/53a46297-9dd0-4963-8b3f-87adfd97985f.jpg,200,d7f6c9b975325f3a45c7c1ef8035727a80786bb9efdcdd424339e04914146ae3,155133,\N,chatmap media 53a46297-9dd0-4963-8b3f-87adfd97985f.jpg
2026-08-15T16:38:41Z,https://chatmap.hotosm.org/api/v1/media/1876e3d0-961c-42fd-aeae-9561c8261630.jpg,200,66394c18c74e4af3deb4d9c4ef528cd3e5ed4d2830f692179bf86eb11136a451,109259,\N,chatmap media 1876e3d0-961c-42fd-aeae-9561c8261630.jpg
2026-08-15T16:38:42Z,https://chatmap.hotosm.org/api/v1/media/aa37a2e1-1507-48b8-a8cf-2798572adde6.jpg,200,0fe50db3444438aca8ee15126b3af823dbd6422cbfe3980c4b96999507a72554,226999,\N,chatmap media aa37a2e1-1507-48b8-a8cf-2798572adde6.jpg
2026-08-15T16:38:43Z,https://chatmap.hotosm.org/api/v1/media/62cb1344-c643-4943-a454-614b2a9f4160.jpg,200,52c16f3df20436212eb30da0f9353796bbf8724295571bd849386a9e741fe155,350349,\N,chatmap media 62cb1344-c643-4943-a454-614b2a9f4160.jpg
2026-08-15T16:38:44Z,https://chatmap.hotosm.org/api/v1/media/d3186512-3281-4424-a8eb-bc71e6fd3b95.jpg,200,ad6ddc11cf0bd1ad8f0b2761d2cc20815dcd516093cbe45a17eac217ca4ac2ab,332524,\N,chatmap media d3186512-3281-4424-a8eb-bc71e6fd3b95.jpg
2026-08-15T16:38:45Z,https://chatmap.hotosm.org/api/v1/media/68827d5c-4f23-4062-b35b-17f3b6a07920.jpg,200,31b6ed457acaa282b59fe8354e38cbf5630ccdf6fa7b52063915a98311ee590c,153999,\N,chatmap media 68827d5c-4f23-4062-b35b-17f3b6a07920.jpg
2026-08-15T16:38:46Z,https://chatmap.hotosm.org/api/v1/media/82faed87-e899-4cde-8698-36329ab3743a.jpg,200,5cdfa048037fa227f88ab90a9961878718b989529e4646c19972a70e5bd7067b,292946,\N,chatmap media 82faed87-e899-4cde-8698-36329ab3743a.jpg
2026-08-15T16:38:47Z,https://chatmap.hotosm.org/api/v1/media/41537b70-be1a-4472-87d8-666e14ddaf7a.jpg,200,e57fbb6d2e237a7bd438214d6c8109335c22ccb10e6d89a6b79a9963017485c5,84760,\N,chatmap media 41537b70-be1a-4472-87d8-666e14ddaf7a.jpg
2026-08-15T16:38:48Z,https://chatmap.hotosm.org/api/v1/media/ea452383-eabe-45d9-bd50-4e787b6b9abe.jpg,200,e39e167bb4b6df44de68362b0e284a0bf8db0c56878fdf67d8bef1eab68e8650,128205,\N,chatmap media ea452383-eabe-45d9-bd50-4e787b6b9abe.jpg
2026-08-15T16:38:49Z,https://chatmap.hotosm.org/api/v1/media/bfd1dc7a-7936-4257-8b20-3a42c4b4951a.jpg,200,bfe089457c07f2bda092323c0bbe0d8a5a9edd26afc7df5111169b3f06a6d56c,131991,\N,chatmap media bfd1dc7a-7936-4257-8b20-3a42c4b4951a.jpg
2026-08-15T16:38:50Z,https://chatmap.hotosm.org/api/v1/media/2c789036-5979-4624-94c5-3d8c22f21130.jpg,200,690218ea68cae515beeb67c1176443d75234e04d795341739c115879953c972b,125412,\N,chatmap media 2c789036-5979-4624-94c5-3d8c22f21130.jpg
2026-08-15T16:38:51Z,https://chatmap.hotosm.org/api/v1/media/5192b1e3-fa51-4d73-a23f-9419ba8fea9e.jpg,200,a31d96e19cd09d40cf1ee8e87679041c1a29d60b6f9aa12473d368c67e95bf77,118540,\N,chatmap media 5192b1e3-fa51-4d73-a23f-9419ba8fea9e.jpg
2026-08-15T16:38:52Z,https://chatmap.hotosm.org/api/v1/media/c2f29ae0-73b3-4bed-82f1-c6e86f92cb50.jpg,200,39db4c1cbf77896b37e9df48e37d579e685c76a3e21bedaacffcbf3149683627,106565,\N,chatmap media c2f29ae0-73b3-4bed-82f1-c6e86f92cb50.jpg
2026-08-15T16:38:53Z,https://chatmap.hotosm.org/api/v1/media/435de6ca-f66d-497b-8bcd-976c602f94a1.jpg,200,a094d047b7a74793aeabd3abf0f2ee3b7bb782f256ee12be31ba60dcf05c3b14,145735,\N,chatmap media 435de6ca-f66d-497b-8bcd-976c602f94a1.jpg
2026-08-15T16:38:54Z,https://chatmap.hotosm.org/api/v1/media/f4615c24-abab-4a18-89ef-e03c5c8eb53a.jpg,200,3290b24ce7b28d2e5d645de0f985f1d024eb617d936509a3549f5f35a60eee41,124087,\N,chatmap media f4615c24-abab-4a18-89ef-e03c5c8eb53a.jpg
2026-08-15T16:38:55Z,https://chatmap.hotosm.org/api/v1/media/6ef13ad2-9511-4f1a-885c-f247b4eca6e7.jpg,200,88d8a83321cc00f9396e5dab3f604731853d325ab16e16ac534617e36104bdf0,171178,\N,chatmap media 6ef13ad2-9511-4f1a-885c-f247b4eca6e7.jpg
2026-08-15T16:38:56Z,https://chatmap.hotosm.org/api/v1/media/ff577c93-e37b-44ee-abd9-5849860f10bf.jpg,200,bcde46a94dd4e27b481d7fc4535fbaaf8ce5584f20855ac4474decea6273caaf,132114,\N,chatmap media ff577c93-e37b-44ee-abd9-5849860f10bf.jpg
2026-08-15T16:38:57Z,https://chatmap.hotosm.org/api/v1/media/1615dd56-ecf3-4a7c-974b-b934abe8182e.jpg,200,794cde67d162ab6bff97d0f999506d7843fd02404261b05638ebe4d09e82d935,177369,\N,chatmap media 1615dd56-ecf3-4a7c-974b-b934abe8182e.jpg
2026-08-15T16:38:58Z,https://chatmap.hotosm.org/api/v1/media/736ea2bf-4459-4406-81ba-ceabddaf3836.jpg,200,8d875f2210db7e6c9cf6882d79967710f7761cc7bf0a8e3e46b941ec00f337fd,205497,\N,chatmap media 736ea2bf-4459-4406-81ba-ceabddaf3836.jpg
2026-08-15T16:38:59Z,https://chatmap.hotosm.org/api/v1/media/a0b61507-87ad-45a5-8313-806ebf4a3877.jpg,200,f11147c63539512aada1019f2084245ff70a6cef367e946fe31b57984710362f,102501,\N,chatmap media a0b61507-87ad-45a5-8313-806ebf4a3877.jpg
2026-08-15T16:39:00Z,https://chatmap.hotosm.org/api/v1/media/874f3821-9b0e-4c82-ae29-0923152a9741.jpg,200,95bc667e25431d03c5d3bea12859c0164ba59cf77aebcd69f42af0111b69b373,218229,\N,chatmap media 874f3821-9b0e-4c82-ae29-0923152a9741.jpg
2026-08-15T16:39:01Z,https://chatmap.hotosm.org/api/v1/media/e4a64d12-2b31-4153-b1d0-79bb8210af6e.jpg,200,5af937bfd8ce7ba41209ade8a99480161c4ee9c556c378b3fae55132c1f0367a,200056,\N,chatmap media e4a64d12-2b31-4153-b1d0-79bb8210af6e.jpg
2026-08-15T16:39:02Z,https://chatmap.hotosm.org/api/v1/media/c26205b6-6d93-4aa8-a75e-a1fbd31bbb8f.jpg,200,6394d8927dee84b579ae9dc32745c394ba58575a0d4b79dc9779d2b3fee84529,100015,\N,chatmap media c26205b6-6d93-4aa8-a75e-a1fbd31bbb8f.jpg
2026-08-15T16:39:03Z,https://chatmap.hotosm.org/api/v1/media/c660985d-cfb0-4339-a65c-fe5df07fbb19.jpg,200,2ac9a7f0745d49ae53af02056e54bd959da170a2d7601bac1ab0a6f745f1e34d,97996,\N,chatmap media c660985d-cfb0-4339-a65c-fe5df07fbb19.jpg
2026-08-15T16:39:04Z,https://chatmap.hotosm.org/api/v1/media/123e6dc7-36f4-488f-a161-8c7f009bc2fe.jpg,200,114486fcce22ca5196075466fc01f662d1b2ae4bb6393c8c5fe4fdc68a003a68,143725,\N,chatmap media 123e6dc7-36f4-488f-a161-8c7f009bc2fe.jpg
2026-08-15T16:39:05Z,https://chatmap.hotosm.org/api/v1/media/a311c0de-bed1-4568-a4c7-e598b695d839.jpg,200,faca317ad64d784a68681f240a140dbf56d0c0e7c8e44c37108111a76603b4b4,182727,\N,chatmap media a311c0de-bed1-4568-a4c7-e598b695d839.jpg
2026-08-15T16:39:06Z,https://chatmap.hotosm.org/api/v1/media/9dc4c953-1410-4b28-8c09-c9b4a4da1cd1.jpg,200,dc9eae8aea9592630b70ae2516a5ee90dcfd3d323bb1bf94b90029cd38dd4ac6,206604,\N,chatmap media 9dc4c953-1410-4b28-8c09-c9b4a4da1cd1.jpg
2026-08-15T16:39:07Z,https://chatmap.hotosm.org/api/v1/media/a02daa60-263f-4309-a13c-8ba7fe8dbac1.jpg,200,06dbc6ce068861473008c85c7b09cdf3e79d29a684abe8f1754c34a96fea9318,220481,\N,chatmap media a02daa60-263f-4309-a13c-8ba7fe8dbac1.jpg
2026-08-15T16:39:08Z,https://chatmap.hotosm.org/api/v1/media/54175072-5234-4042-a867-7d4c418d81b2.jpg,200,0b5b41b4a92a3a7a5d7b7cb3459c7754bfef081b6c9bb51272431a9204c1d1c9,117434,\N,chatmap media 54175072-5234-4042-a867-7d4c418d81b2.jpg
2026-08-15T16:39:09Z,https://chatmap.hotosm.org/api/v1/media/4439b929-a2bb-4260-99dd-4614e2ed35e6.jpg,200,4461c9659c5ffbaf63b7ae79684e7e43551ebf81ba545fbb1b2b31c387770742,251702,\N,chatmap media 4439b929-a2bb-4260-99dd-4614e2ed35e6.jpg
2026-08-15T16:39:10Z,https://chatmap.hotosm.org/api/v1/media/062d19a2-d463-44f6-ba39-093c83d74eea.jpg,200,7da9dd6c57a4c2963fece5a36b399a8edbcde5e4e72fc5487219f131f71beaf7,211497,\N,chatmap media 062d19a2-d463-44f6-ba39-093c83d74eea.jpg
2026-08-15T16:39:11Z,https://chatmap.hotosm.org/api/v1/media/5f501c49-717f-49ce-aa6e-82e2de695b4e.jpg,200,97442d36d3734164fbafd9d9cec66787779163863eb1f8f9da81c1b59db53109,52991,\N,chatmap media 5f501c49-717f-49ce-aa6e-82e2de695b4e.jpg
2026-08-15T16:39:12Z,https://chatmap.hotosm.org/api/v1/media/133bc22b-d67a-44a6-b732-40b63aa3a226.jpg,200,2da6c0140f956e32fc683de5334d8d5f8736b3207d6002872bd07a9126f251b1,207362,\N,chatmap media 133bc22b-d67a-44a6-b732-40b63aa3a226.jpg
2026-08-15T16:39:14Z,https://chatmap.hotosm.org/api/v1/media/9884e28b-7165-43af-bd02-9d545fddfb06.mp4,200,679b5adbf9912cff1a151c8a2177787bf846452d178c0ab7be2564b0c7438704,3993181,\N,chatmap media 9884e28b-7165-43af-bd02-9d545fddfb06.mp4
2026-08-15T16:39:15Z,https://chatmap.hotosm.org/api/v1/media/e9dfe7a8-73fd-41ad-bcd7-94ebb28084b0.mp4,200,b80aeeeef66b729a46043466da25b01953a256167bc6853381bb673c8f53192c,4538274,\N,chatmap media e9dfe7a8-73fd-41ad-bcd7-94ebb28084b0.mp4
2026-08-15T16:39:17Z,https://chatmap.hotosm.org/api/v1/media/cab16999-8204-4dee-8cbb-bdb1a04e7fa4.jpg,200,ffbfe3c25abae8bee260d7344b2647202432b7698500d447ee4ca450ccc47eb9,252812,\N,chatmap media cab16999-8204-4dee-8cbb-bdb1a04e7fa4.jpg
2026-08-15T16:39:18Z,https://chatmap.hotosm.org/api/v1/media/e5471d1b-f4ee-4359-bf08-32129337f597.jpg,200,a3c345d9e31efdd9980d94b1cfa9a1ab5b40683b6ca76ad5fcf5d04e6369903b,255043,\N,chatmap media e5471d1b-f4ee-4359-bf08-32129337f597.jpg
2026-08-15T16:39:21Z,https://chatmap.hotosm.org/api/v1/media/65d0f519-405a-408b-a99d-0edd5caee5bc.mp4,200,e22701d1535057b316d704ef19872b18297636591d841460cad967b3c20982f0,12615286,\N,chatmap media 65d0f519-405a-408b-a99d-0edd5caee5bc.mp4
2026-08-15T16:39:22Z,https://chatmap.hotosm.org/api/v1/media/cf288392-b44d-4b70-ade2-9f1e0c884645.jpg,200,8d3c9e29c24d377a922489a7c85c01f35454669364fcabd0b149618c84c8fc1f,39228,\N,chatmap media cf288392-b44d-4b70-ade2-9f1e0c884645.jpg
2026-08-15T16:39:25Z,https://chatmap.hotosm.org/api/v1/media/cb004578-9acc-4cce-891f-e82ebe90c8f1.mp4,200,51a0e66d23e5894b9f657e3345788c8c41fbcae27c4eedace9648a06aab9e6d8,11085520,\N,chatmap media cb004578-9acc-4cce-891f-e82ebe90c8f1.mp4
2026-08-15T16:39:26Z,https://chatmap.hotosm.org/api/v1/media/9cd4026d-6a8d-4cb2-84ff-9550ebf42cec.jpg,200,97e2752b986e05076193da27f0644bea2bf2e3f962e8789873e8420421e767d1,168897,\N,chatmap media 9cd4026d-6a8d-4cb2-84ff-9550ebf42cec.jpg
2026-08-15T16:39:27Z,https://chatmap.hotosm.org/api/v1/media/a724237c-88a6-475a-9248-290f626422a1.jpg,200,5b7b4e24187ca655e412820b153e143c7146519fa108eb6d044daeeee0de66ec,135529,\N,chatmap media a724237c-88a6-475a-9248-290f626422a1.jpg
2026-08-15T16:39:28Z,https://chatmap.hotosm.org/api/v1/media/75cf0728-ce69-4b00-b4d7-002d22b87ec0.jpg,200,55b9565917954e78d4bb6099a2b357f15d4e56659f0106c66c12695b00d3438a,113218,\N,chatmap media 75cf0728-ce69-4b00-b4d7-002d22b87ec0.jpg
2026-08-15T16:39:29Z,https://chatmap.hotosm.org/api/v1/media/5fc77141-b6ef-427a-bf03-c9e7dd9c85cd.jpg,200,4115fa1e8d17043f31b353adcdfdaf41ac39b16078a8c23cbb3a22a0d34cfe81,386825,\N,chatmap media 5fc77141-b6ef-427a-bf03-c9e7dd9c85cd.jpg
2026-08-15T16:39:30Z,https://chatmap.hotosm.org/api/v1/media/6e1c12fc-f6b6-4b28-9919-bc23aa973702.jpg,200,ec773714cd74ee52ff3b33cef57a40ed32583140818cd5bdbac0f208c302d75d,238003,\N,chatmap media 6e1c12fc-f6b6-4b28-9919-bc23aa973702.jpg
2026-08-15T16:39:31Z,https://chatmap.hotosm.org/api/v1/media/db7e5d5d-47a2-42b4-a5c2-4aac49772fed.jpg,200,bcb0e5f16c6da8f7295065c12a69ba0fb82aadf281b84195b652a0b5bcd39bd5,194166,\N,chatmap media db7e5d5d-47a2-42b4-a5c2-4aac49772fed.jpg
2026-08-15T16:39:32Z,https://chatmap.hotosm.org/api/v1/media/b604f8d8-bc3c-4236-80fd-36703a00a0ed.jpg,200,f7720d089d4659e8614559e09d9dc1fcfa8551c127fcbf3b0d13e4842da6b54d,121402,\N,chatmap media b604f8d8-bc3c-4236-80fd-36703a00a0ed.jpg
2026-08-15T16:39:33Z,https://chatmap.hotosm.org/api/v1/media/b1b099c5-6114-4b97-b50a-0dd164763c92.mp4,200,8a8407ba3bc6fbd2c73d25c90347c1acc958b6bb0217d3e035ae7cf95b060ec3,1640900,\N,chatmap media b1b099c5-6114-4b97-b50a-0dd164763c92.mp4
2026-08-15T16:39:35Z,https://chatmap.hotosm.org/api/v1/media/5e91e24f-0ea0-4f76-9459-f50bd1c65241.mp4,200,07bd8f702e97ca1f1c0a6ded1a7fdcf63a9ef2e7a51460d8d9188be83c20c33f,2677946,\N,chatmap media 5e91e24f-0ea0-4f76-9459-f50bd1c65241.mp4
2026-08-15T16:39:36Z,https://chatmap.hotosm.org/api/v1/media/110f7fbe-1986-4578-875f-7b847dd09894.jpg,200,a58b686e18d61e551d089491eb6f52b977be5cae74f1f21fb277e4387bd83381,233162,\N,chatmap media 110f7fbe-1986-4578-875f-7b847dd09894.jpg
2026-08-15T16:39:36Z,https://chatmap.hotosm.org/api/v1/media/464c5226-fe2a-4628-ab42-56d0547a670b.jpg,200,a777641199bafd65279a1750882612332090fe26fdb18d7e5d1de572c66a2eae,177173,\N,chatmap media 464c5226-fe2a-4628-ab42-56d0547a670b.jpg
2026-08-15T16:39:38Z,https://chatmap.hotosm.org/api/v1/media/86c7419f-1106-4b61-94fb-d4245fffef9c.jpg,200,3588980b303a06c137b58f174099f5f29da283afdf6bf4ac3d014af94a87280e,327946,\N,chatmap media 86c7419f-1106-4b61-94fb-d4245fffef9c.jpg
2026-08-15T16:39:39Z,https://chatmap.hotosm.org/api/v1/media/d3eba5d1-0bcc-4b47-b469-1c97ee6c89f6.jpg,200,41f6164d136de1a722f16b46a2f49d3ed46024bf2a070a492288f128b08f95f8,204578,\N,chatmap media d3eba5d1-0bcc-4b47-b469-1c97ee6c89f6.jpg
2026-08-15T16:39:40Z,https://chatmap.hotosm.org/api/v1/media/2c7932be-aa0b-46ee-9fc6-dafdea74d2ab.jpg,200,ee42c9992a6ed19232e914a4759013c73e95e3f682d5fc253552197a411dff6a,163814,\N,chatmap media 2c7932be-aa0b-46ee-9fc6-dafdea74d2ab.jpg
2026-08-15T16:39:41Z,https://chatmap.hotosm.org/api/v1/media/2617853a-9142-410a-96a7-8a5c86018263.jpg,200,6df8a90366aee0f2484b9c306a097d9f45e3cc1a581fa647e8de36f89454b1a9,147395,\N,chatmap media 2617853a-9142-410a-96a7-8a5c86018263.jpg
2026-08-15T16:39:42Z,https://chatmap.hotosm.org/api/v1/media/1bdf27c7-128e-44b6-a0c0-7795f2445b46.jpg,200,2c2caaaf9d3a5841ffc9aea21a51cca95606f79433c51c976c4ce51384cae0bd,196168,\N,chatmap media 1bdf27c7-128e-44b6-a0c0-7795f2445b46.jpg
2026-08-15T16:39:43Z,https://chatmap.hotosm.org/api/v1/media/13ecf4a9-42aa-47ef-b0c6-e8c608e7e566.jpg,200,997b2a5a9a8dee8aea9d1985ce30a3d6440c783070cfc96dd4124993a2835319,226778,\N,chatmap media 13ecf4a9-42aa-47ef-b0c6-e8c608e7e566.jpg
2026-08-15T16:39:44Z,https://chatmap.hotosm.org/api/v1/media/3433dc2e-ff52-4860-bf00-4b93ec5deb56.jpg,200,5b189455238da06cb146d8f8380a59f39d2f00968929e47bde3e85378a7b3975,144745,\N,chatmap media 3433dc2e-ff52-4860-bf00-4b93ec5deb56.jpg
2026-08-15T16:39:45Z,https://chatmap.hotosm.org/api/v1/media/212660ab-f6ed-4a76-b3ae-fb9f0bb28cd9.jpg,200,e49dfc62aa993f076b54ae362c9b2398c6e6f8298330ef164d7f1a4f2baffcc5,266113,\N,chatmap media 212660ab-f6ed-4a76-b3ae-fb9f0bb28cd9.jpg
2026-08-15T16:39:46Z,https://chatmap.hotosm.org/api/v1/media/4dc3c2f3-ae17-4074-804e-a2c2f0cbfb42.jpg,200,4dc16efd8f0463443ef311439da43ffb371d0894b0fc398c9eabbc1f5ba7ca0c,283097,\N,chatmap media 4dc3c2f3-ae17-4074-804e-a2c2f0cbfb42.jpg
2026-08-15T16:39:47Z,https://chatmap.hotosm.org/api/v1/media/dddaf7fd-9576-426b-8438-8908f4a41bef.jpg,200,259c1dd5d6b2e21d1b67732ce6081eb1bdaeab333c7289f2ce8824605afdaee6,174768,\N,chatmap media dddaf7fd-9576-426b-8438-8908f4a41bef.jpg
2026-08-15T16:39:48Z,https://chatmap.hotosm.org/api/v1/media/4d0e2689-8e60-4880-abd1-ef2b73402f0d.jpg,200,c2884caf94d829cac721a5f42775817f11f349864bd4fbeed574b4304da5603c,175629,\N,chatmap media 4d0e2689-8e60-4880-abd1-ef2b73402f0d.jpg
2026-08-15T16:39:49Z,https://chatmap.hotosm.org/api/v1/media/8cd47dfd-4f50-4cba-b998-66150c6873dc.jpg,200,49cf336b04d8404683fb85d35c737db76830934572d1f85f66c3e4ef431e6acd,188725,\N,chatmap media 8cd47dfd-4f50-4cba-b998-66150c6873dc.jpg
2026-08-15T16:39:50Z,https://chatmap.hotosm.org/api/v1/media/96805721-6b4b-44a0-af56-edd5cd85b6f2.jpg,200,542d0da9013b8720f68cd04aca4fafc173a4e71c70f1ba1d412e8adcae3d14d9,322447,\N,chatmap media 96805721-6b4b-44a0-af56-edd5cd85b6f2.jpg
2026-08-15T16:39:50Z,https://chatmap.hotosm.org/api/v1/media/70a24b7f-fbd6-4ea3-bee7-bceec8c0ab6b.jpg,200,1326e7418d65ac64a838497b4b88f5b52098a443400f912e9a43cb3d0df4ed7e,192585,\N,chatmap media 70a24b7f-fbd6-4ea3-bee7-bceec8c0ab6b.jpg
2026-08-15T16:39:53Z,https://chatmap.hotosm.org/api/v1/media/2c7ca58c-1bc8-4d95-9b7f-fad87ec1280a.mp4,200,d1d3008a73757718b1ec463f6550b9593f6a5aefb08e66670363cef9fcafbe5d,9434548,\N,chatmap media 2c7ca58c-1bc8-4d95-9b7f-fad87ec1280a.mp4
2026-08-15T16:39:54Z,https://chatmap.hotosm.org/api/v1/media/7d746dc4-f648-480b-b0c8-de720b3b1db1.jpg,200,536026c5c4ece2d09a6aa05dc6e849452fb632d3a3d364cd6ddf84f655befd20,214248,\N,chatmap media 7d746dc4-f648-480b-b0c8-de720b3b1db1.jpg
2026-08-15T16:39:55Z,https://chatmap.hotosm.org/api/v1/media/08049f44-5fcc-4a19-b4f6-06fb805c8ddb.jpg,200,e95e65d5507f9ec58360aa48defde4689d81c6bf004011f83e6654c8de94b4d1,354126,\N,chatmap media 08049f44-5fcc-4a19-b4f6-06fb805c8ddb.jpg
2026-08-15T16:39:56Z,https://chatmap.hotosm.org/api/v1/media/45b1deb2-5984-4d07-ab19-f0853ea31e85.jpg,200,5292b550a0f7e7c7381269588fa46265a75407e351b2ecff8307deb1ac329edf,169737,\N,chatmap media 45b1deb2-5984-4d07-ab19-f0853ea31e85.jpg
2026-08-15T16:39:58Z,https://chatmap.hotosm.org/api/v1/media/bdac0d49-1d97-4b25-9a4b-ff99d24139f6.mp4,200,a87707362bcb90270007de2ccec38432d6cd3e53d73d3e7e5edd61aa6ee61e65,3489472,\N,chatmap media bdac0d49-1d97-4b25-9a4b-ff99d24139f6.mp4
2026-08-15T16:39:59Z,https://chatmap.hotosm.org/api/v1/media/4a3c5360-6fed-4077-9d18-582867391a5d.mp4,200,0638a819c002ced456f952e9280449e627f7052b74dce53c733586fc8e5755b9,3874765,\N,chatmap media 4a3c5360-6fed-4077-9d18-582867391a5d.mp4
2026-08-15T16:40:04Z,https://chatmap.hotosm.org/api/v1/media/afd0bfca-77b3-4f66-9783-954f26fcdee8.mp4,200,0638a819c002ced456f952e9280449e627f7052b74dce53c733586fc8e5755b9,3874765,\N,chatmap media afd0bfca-77b3-4f66-9783-954f26fcdee8.mp4
2026-08-15T16:40:05Z,https://chatmap.hotosm.org/api/v1/media/7328dd22-152b-4ff4-b83e-9de8b39a0b76.jpg,200,7f28b8195215c1dee6d3df23282845b2116fa42af65eaa3d02a5c622be3585f8,231398,\N,chatmap media 7328dd22-152b-4ff4-b83e-9de8b39a0b76.jpg
2026-08-15T16:40:07Z,https://chatmap.hotosm.org/api/v1/media/9642b97e-4441-405a-80fb-1032aa8ea0d1.jpg,200,b3a31b67eba30b2c8874292636df48c080f4ab44ddd6435026b347850be3197e,281852,\N,chatmap media 9642b97e-4441-405a-80fb-1032aa8ea0d1.jpg
2026-08-15T16:40:07Z,https://chatmap.hotosm.org/api/v1/media/7ceac309-496c-4540-a666-2c2f2dbd0417.jpg,200,89c4f1aab9d8390a1d13c27a8153aa1e3e8927ae7d21c3c0cb58eadf9f09fc4a,160125,\N,chatmap media 7ceac309-496c-4540-a666-2c2f2dbd0417.jpg
2026-08-15T16:40:08Z,https://chatmap.hotosm.org/api/v1/media/68e04778-4381-4520-a4d3-12fea7c083fa.jpg,200,94022262c6f82992f08e3991d7e326825ecf5ad51045ade16c3a02662fee0c13,178275,\N,chatmap media 68e04778-4381-4520-a4d3-12fea7c083fa.jpg
2026-08-15T16:40:12Z,https://chatmap.hotosm.org/api/v1/media/51dcc496-00cb-43e1-833f-c9970a9957dd.mp4,200,d0c8fc3033c262b18586365ecde0a2bbdf8afb37c749d80e1be91cea21d4655c,12508365,\N,chatmap media 51dcc496-00cb-43e1-833f-c9970a9957dd.mp4
2026-08-15T16:40:14Z,https://chatmap.hotosm.org/api/v1/media/2c1758f9-b396-4e31-a403-aca131b9a5ba.mp4,200,9103ace5b434cf8ca9261c1a90feccdf30d2fa6795654d7eb350b40e9540c590,5717079,\N,chatmap media 2c1758f9-b396-4e31-a403-aca131b9a5ba.mp4
2026-08-15T16:40:15Z,https://chatmap.hotosm.org/api/v1/media/729be575-b526-48a9-9a2a-721db4c5eca3.jpg,200,aaf911b1594f40049246cc5000930f3077a91ece92213679dfd2a8b55a4c4d65,110871,\N,chatmap media 729be575-b526-48a9-9a2a-721db4c5eca3.jpg
2026-08-15T16:40:16Z,https://chatmap.hotosm.org/api/v1/media/5f9494c0-3811-40d6-97de-8d6af96a3a98.jpg,200,ec328f2b7215661c2469bb95437716843c61e5a5690de0dfc59e5dec6f3d2ff2,410944,\N,chatmap media 5f9494c0-3811-40d6-97de-8d6af96a3a98.jpg
2026-08-15T16:40:17Z,https://chatmap.hotosm.org/api/v1/media/04792e3e-8717-4b6a-a32a-7107ace90660.jpg,200,9b6048eb54f85eed7f921826fa366726df8094ef5827cdf4a9210e2bde91a03b,353745,\N,chatmap media 04792e3e-8717-4b6a-a32a-7107ace90660.jpg
2026-08-15T16:40:18Z,https://chatmap.hotosm.org/api/v1/media/654e689f-f32f-4ea5-b314-271a62e59c44.jpg,200,d656f197732fb98e9a18477065f95c707375c9e6289649e7067bc43edd7fb07a,301753,\N,chatmap media 654e689f-f32f-4ea5-b314-271a62e59c44.jpg
2026-08-15T16:40:19Z,https://chatmap.hotosm.org/api/v1/media/88b79473-61bd-47f0-8e77-f33ee9107475.jpg,200,e6ec5ff6095e66abc41bec4fbd914ff25cef5da56d28e234a954d61868e82384,244868,\N,chatmap media 88b79473-61bd-47f0-8e77-f33ee9107475.jpg
2026-08-15T16:40:20Z,https://chatmap.hotosm.org/api/v1/media/d5507c23-5883-4620-9761-9648490799d5.jpg,200,b2d4ce81bfbf6b055f95d1d7e5d2314d9d2b8a60149e612a356b5aaac8d18834,347435,\N,chatmap media d5507c23-5883-4620-9761-9648490799d5.jpg
2026-08-15T16:40:21Z,https://chatmap.hotosm.org/api/v1/media/d9ef868c-ea69-40db-968b-5fadb228652a.jpg,200,61df3d970290458ffc310f9c29e6e4fc6880788a287f4b8411729516357f62cf,259804,\N,chatmap media d9ef868c-ea69-40db-968b-5fadb228652a.jpg
2026-08-15T16:40:22Z,https://chatmap.hotosm.org/api/v1/media/ca71ba0f-9e1c-47ee-9472-538173c48587.jpg,200,078b7ff28c07be082995eda6dbe558fefe4def8abd81f6d7b3cddfd27ca905d8,316867,\N,chatmap media ca71ba0f-9e1c-47ee-9472-538173c48587.jpg
2026-08-15T16:40:23Z,https://chatmap.hotosm.org/api/v1/media/7fc9c9c3-21f9-47ff-ad89-69bdf84d232c.jpg,200,3ee152a0e99da1bf3d7dab3bf436b7214209e7683ea8925423807d76fbedcb46,314733,\N,chatmap media 7fc9c9c3-21f9-47ff-ad89-69bdf84d232c.jpg
2026-08-15T16:40:24Z,https://chatmap.hotosm.org/api/v1/media/1b6905b5-9dc7-46c0-b0b1-48e0f5a1e27a.jpg,200,1ee9eaf12a836a81e94e9db300cf8c871e01f8da7a27108e7c49200f332aa069,332078,\N,chatmap media 1b6905b5-9dc7-46c0-b0b1-48e0f5a1e27a.jpg
2026-08-15T16:40:25Z,https://chatmap.hotosm.org/api/v1/media/38c6f516-9645-48ef-a709-10024577d724.jpg,200,48155d48aedf23de66b737c1e3f737b89697869a2c6b2529cc0aa525c8d84291,166002,\N,chatmap media 38c6f516-9645-48ef-a709-10024577d724.jpg
2026-08-15T16:40:26Z,https://chatmap.hotosm.org/api/v1/media/37944517-fd41-4fa5-9747-c79449d12488.jpg,200,e843794335ac88057e2f2670944af46b9414dacb3651df34661fa3cee3ed7c23,242554,\N,chatmap media 37944517-fd41-4fa5-9747-c79449d12488.jpg
2026-08-15T16:40:28Z,https://chatmap.hotosm.org/api/v1/media/21c80697-de79-4117-b484-3f8d852fc7cd.mp4,200,8e492e4407ba7aba23b6fc76bf9af03085f97856e8300b0298c42b5b2f5a1883,4789147,\N,chatmap media 21c80697-de79-4117-b484-3f8d852fc7cd.mp4
2026-08-15T16:40:29Z,https://chatmap.hotosm.org/api/v1/media/80eaa1c8-27af-4ff7-810b-5c6d133e382c.jpg,200,4c3ea0872f2e91bb7c564157690e923b6347ed4b1bd47497ea2329d37a431737,246396,\N,chatmap media 80eaa1c8-27af-4ff7-810b-5c6d133e382c.jpg
2026-08-15T16:40:30Z,https://chatmap.hotosm.org/api/v1/media/b258ec39-4035-42b3-9cf0-cfad5bd914d9.jpg,200,f0037f1f1618d7cd60f809c91bafceb7fa891e3b28a24f098ab194acb7da940f,298346,\N,chatmap media b258ec39-4035-42b3-9cf0-cfad5bd914d9.jpg
2026-08-15T16:40:32Z,https://chatmap.hotosm.org/api/v1/media/f728f8be-0194-4800-b43b-3cb8c9d3d9be.mp4,200,9e29f8ca7cd457ecf7dd090469b1118dc400fb8605199bfa6b682851aaae3f88,4458951,\N,chatmap media f728f8be-0194-4800-b43b-3cb8c9d3d9be.mp4
2026-08-15T16:40:33Z,https://chatmap.hotosm.org/api/v1/media/74e01695-13ae-401c-a8b3-9e52f19c2964.mp4,200,c46c2bc2b904a0d9b95afcc473ad88d61883e2f4178490e3db93d48d77bcdcb9,3227188,\N,chatmap media 74e01695-13ae-401c-a8b3-9e52f19c2964.mp4
2026-08-15T16:40:34Z,https://chatmap.hotosm.org/api/v1/media/8c373ac4-7099-4743-9f36-ea0509e5bfd2.jpg,200,6ce0cec2dc404301e97d7968422c61d88db92ed219ce5501bf3c0ed32fdb3225,356739,\N,chatmap media 8c373ac4-7099-4743-9f36-ea0509e5bfd2.jpg
2026-08-15T16:40:35Z,https://chatmap.hotosm.org/api/v1/media/fa51e51c-2f7c-4e63-89dd-864d9f97e8e5.jpg,200,f80969cd2a9d00677e78444b94ff8f446960f65f2b46c01bd00187a48651c72b,70182,\N,chatmap media fa51e51c-2f7c-4e63-89dd-864d9f97e8e5.jpg
2026-08-15T16:40:36Z,https://chatmap.hotosm.org/api/v1/media/496a8008-6216-4669-ad36-bc12d947c0e2.jpg,200,e10e2e4153c68b856a40b606bb690384a6313ceee7332d8270550375be90f4f5,85100,\N,chatmap media 496a8008-6216-4669-ad36-bc12d947c0e2.jpg
2026-08-15T16:40:37Z,https://chatmap.hotosm.org/api/v1/media/85e16bc6-5526-4532-956f-48988971bf9e.jpg,200,6c4a75976e363fe8272e32a8a25038b4fc221d7c1ff56004e192877937dfb06b,220079,\N,chatmap media 85e16bc6-5526-4532-956f-48988971bf9e.jpg
2026-08-15T16:40:38Z,https://chatmap.hotosm.org/api/v1/media/2d4cdc33-2d97-4764-b471-74f8955d09e9.jpg,200,57ed2d81fc9a4d0f9abc5c84fa95f2df47f981f7b6ee8e5b7fd50cd8736e1603,253148,\N,chatmap media 2d4cdc33-2d97-4764-b471-74f8955d09e9.jpg
2026-08-15T16:40:39Z,https://chatmap.hotosm.org/api/v1/media/d5727a29-c6f8-4dca-8d45-2682568d59c3.jpg,200,d42a305508d7ac524c03c6eff3fd8eb29d27d2bfa766183d8b8a575ae945238a,195006,\N,chatmap media d5727a29-c6f8-4dca-8d45-2682568d59c3.jpg
2026-08-15T16:40:40Z,https://chatmap.hotosm.org/api/v1/media/342f428e-a454-4fa6-bd6b-643532156961.jpg,200,461cac663457010da74be009fad8854da428f353fb9d8559ab86270556718583,217946,\N,chatmap media 342f428e-a454-4fa6-bd6b-643532156961.jpg
2026-08-15T16:40:41Z,https://chatmap.hotosm.org/api/v1/media/3d873be1-7f61-4bb9-b6ee-5cd2cfb67210.jpg,200,8d6f7834e71bb6c5163d376099c0cd363cd7e5c13f7ab8a91bb83b10e828b892,230219,\N,chatmap media 3d873be1-7f61-4bb9-b6ee-5cd2cfb67210.jpg
2026-08-15T16:40:42Z,https://chatmap.hotosm.org/api/v1/media/f7d65c3c-b0a9-4d4a-953e-af3f290fe33e.jpg,200,52c552344681b1f9752881cec4372a7a8a8dd6d0ee5b4f76abae65865d86acd3,281666,\N,chatmap media f7d65c3c-b0a9-4d4a-953e-af3f290fe33e.jpg
2026-08-15T16:40:43Z,https://chatmap.hotosm.org/api/v1/media/afeb1f5d-76c5-4b8a-b7e3-c43b3e408762.jpg,200,7da8f47419042252b77c3ce0bd617c4afee04bac8c129f469ac2bf915695b3ff,111593,\N,chatmap media afeb1f5d-76c5-4b8a-b7e3-c43b3e408762.jpg
2026-08-15T16:40:44Z,https://chatmap.hotosm.org/api/v1/media/48d6699f-3eda-4a78-be5a-81421c4364f9.jpg,200,848c320a880097f37e5769a98efb88cdff69379c5f0605b463aeb91a7209bc2d,262001,\N,chatmap media 48d6699f-3eda-4a78-be5a-81421c4364f9.jpg
2026-08-15T16:40:45Z,https://chatmap.hotosm.org/api/v1/media/27add6eb-7885-42c0-8c48-82fa8c1253e5.jpg,200,731f8206cb79235474b4997fd1bd899dac9fe0b8087d68ea7bc8665e2003c0f6,253272,\N,chatmap media 27add6eb-7885-42c0-8c48-82fa8c1253e5.jpg
2026-08-15T16:40:46Z,https://chatmap.hotosm.org/api/v1/media/a39535e6-4e41-4e2b-b5c0-eb022c8475ac.jpg,200,218c254a77a9143b5bb3f4001bbb44c34850fca70dc158e4040836f6476168d3,204719,\N,chatmap media a39535e6-4e41-4e2b-b5c0-eb022c8475ac.jpg
2026-08-15T16:40:48Z,https://chatmap.hotosm.org/api/v1/media/b9ad4272-4f23-4f60-9e4d-cf2581d3dc5c.jpg,200,e2808779240cc3e7ab9b18e263c82d017c607f6c23eaa10213419eff1200ad7e,276874,\N,chatmap media b9ad4272-4f23-4f60-9e4d-cf2581d3dc5c.jpg
2026-08-15T16:40:49Z,https://chatmap.hotosm.org/api/v1/media/51d9b448-aa9f-4ff1-bd5f-3787eba84d3f.jpg,200,d9f65551cf4a575c83b52fc97ac9c7531977bc6d4228fbfadb8a0ffc0df7289e,222157,\N,chatmap media 51d9b448-aa9f-4ff1-bd5f-3787eba84d3f.jpg
2026-08-15T16:40:50Z,https://chatmap.hotosm.org/api/v1/media/c1ad86cf-da4b-4581-9481-95e37680bc5e.jpg,200,06d411b5282ed6f037163cd7689638c0f58380a1c5095084f29aea4975e6976d,300394,\N,chatmap media c1ad86cf-da4b-4581-9481-95e37680bc5e.jpg
2026-08-15T16:40:51Z,https://chatmap.hotosm.org/api/v1/media/b7a329de-f66d-485e-8b10-ea867ab82aad.jpg,200,dfee56912a4ecae8c82d36f763efe44c1b0465927efbb59ac2618a5539f96842,164236,\N,chatmap media b7a329de-f66d-485e-8b10-ea867ab82aad.jpg
2026-08-15T16:40:52Z,https://chatmap.hotosm.org/api/v1/media/53b723ec-358e-4779-8fd9-6a44bd28f12b.jpg,200,67bbfc5bac18f510b2b23b18d8885da30096ac17b198478d0e206aacc3409752,263978,\N,chatmap media 53b723ec-358e-4779-8fd9-6a44bd28f12b.jpg
2026-08-15T16:40:53Z,https://chatmap.hotosm.org/api/v1/media/f5d47570-f82d-4e70-bffd-c11f4cff550d.jpg,200,90b742699ad6186ea81a6b0fbdd194629f8eb0f431f2abc86f0e1253453a92d4,187209,\N,chatmap media f5d47570-f82d-4e70-bffd-c11f4cff550d.jpg
2026-08-15T16:40:54Z,https://chatmap.hotosm.org/api/v1/media/8303b58c-f356-4976-8ad8-6d9f6c8a891b.jpg,200,8127fe3240f617408552efba8157a5e2d62e67da47d986b1521ad178fbf9d970,315969,\N,chatmap media 8303b58c-f356-4976-8ad8-6d9f6c8a891b.jpg
2026-08-15T16:41:06Z,https://chatmap.hotosm.org/api/v1/media/05c3311f-a9a2-43b1-9aa0-415babc308d0.mp4,200,6c8e7ef157c594d07a3b01fc36b7ace8f3ae964e5b8af514127d74110475c7e8,46175034,\N,chatmap media 05c3311f-a9a2-43b1-9aa0-415babc308d0.mp4
2026-08-15T16:41:08Z,https://chatmap.hotosm.org/api/v1/media/4e6eb3c0-332b-4a91-81fe-f435c8e5c3de.mp4,200,639f18198379e5c9880459c78459b774cfa336ed0743b0ac580f97b7bed1a99e,5075384,\N,chatmap media 4e6eb3c0-332b-4a91-81fe-f435c8e5c3de.mp4
2026-08-15T16:41:12Z,https://chatmap.hotosm.org/api/v1/media/394032c1-ada0-4951-86c2-b18d18d76a17.mp4,200,1a09dc1bfb7ccacde778cc4d41d0a6da7a1a3368e95051c987f481ba5b989497,15362583,\N,chatmap media 394032c1-ada0-4951-86c2-b18d18d76a17.mp4
2026-08-15T16:41:13Z,https://chatmap.hotosm.org/api/v1/media/f7bbfbb9-965f-46fe-9576-d3c16310b969.jpg,200,3f047e4199f39ac5ef26f0b7a029a5d03c3aa2606f43006c4def83b4b5458936,138225,\N,chatmap media f7bbfbb9-965f-46fe-9576-d3c16310b969.jpg
2026-08-15T16:41:14Z,https://chatmap.hotosm.org/api/v1/media/ad76415c-f0df-4fda-8db0-918ca1b809aa.jpg,200,f0e051ea7040aaf81de48be8f102c5e415a3b5881c615590164fa5b1c447f9ef,58008,\N,chatmap media ad76415c-f0df-4fda-8db0-918ca1b809aa.jpg
2026-08-15T16:41:15Z,https://chatmap.hotosm.org/api/v1/media/b7997d7c-9d67-45d3-9c32-456f4865556f.jpg,200,474cf435c95fc1731a598a57f84cc7557e70c95416f1d90b791d18172c1d2dcb,63987,\N,chatmap media b7997d7c-9d67-45d3-9c32-456f4865556f.jpg
2026-08-15T16:41:16Z,https://chatmap.hotosm.org/api/v1/media/70fb43a0-b5ba-4272-9475-85bab9693d9b.jpg,200,97596348c7b6737bda428d050e59b756dd4d9aa4f427ed5e759b112002231b6b,237201,\N,chatmap media 70fb43a0-b5ba-4272-9475-85bab9693d9b.jpg
2026-08-15T16:41:21Z,https://chatmap.hotosm.org/api/v1/media/40cae3fe-fcc9-4302-839c-3dc7cea73315.mp4,200,3c0f22dca0693db57bd166bf4e70d8f711418a1c341dcc2708516daf1d62b846,19529966,\N,chatmap media 40cae3fe-fcc9-4302-839c-3dc7cea73315.mp4
2026-08-15T16:41:22Z,https://chatmap.hotosm.org/api/v1/media/2341cd39-f96b-4f71-8856-c69e9ef9467c.jpg,200,858bc23fc56c1b468340033ceff92c36e2a25ea3967725d9c299d4bbbbd48209,226929,\N,chatmap media 2341cd39-f96b-4f71-8856-c69e9ef9467c.jpg
2026-08-15T16:41:33Z,https://chatmap.hotosm.org/api/v1/media/30d00822-6dcb-4357-89b1-851051b22907.mp4,200,6c8e7ef157c594d07a3b01fc36b7ace8f3ae964e5b8af514127d74110475c7e8,46175034,\N,chatmap media 30d00822-6dcb-4357-89b1-851051b22907.mp4
2026-08-15T16:41:34Z,https://chatmap.hotosm.org/api/v1/media/cf942fb6-4883-431e-8479-93c05b6d959f.jpg,200,e10be3a5d06c37bb0c490d4cdb61991a16dfbc584632c1c1d9f6caef917a6239,205783,\N,chatmap media cf942fb6-4883-431e-8479-93c05b6d959f.jpg
2026-08-15T16:41:35Z,https://chatmap.hotosm.org/api/v1/media/093409f4-dfa8-432c-a8e3-5a293403500d.jpg,200,ec41052f7853eaa76634ae891502f701ad0cd7b18531e8df63e183ea35a986e1,301197,\N,chatmap media 093409f4-dfa8-432c-a8e3-5a293403500d.jpg
2026-08-15T16:41:36Z,https://chatmap.hotosm.org/api/v1/media/c4adeb23-db69-460f-a24c-07dcf17ace1d.jpg,200,e26cd342fb244784df4e89d259f71e7921ce209699ce4dd52918b8e91aa066a6,56861,\N,chatmap media c4adeb23-db69-460f-a24c-07dcf17ace1d.jpg
2026-08-15T16:41:37Z,https://chatmap.hotosm.org/api/v1/media/e33d2530-b4ef-4150-94b4-d21bb516946a.jpg,200,e10be3a5d06c37bb0c490d4cdb61991a16dfbc584632c1c1d9f6caef917a6239,205783,\N,chatmap media e33d2530-b4ef-4150-94b4-d21bb516946a.jpg
2026-08-15T16:41:38Z,https://chatmap.hotosm.org/api/v1/media/e858a372-9a88-4423-a38d-d1add8068847.jpg,200,c1d3185d2d3109aeae41a545c74619885b0af519fd8442a7b2ef37234f01aae2,291659,\N,chatmap media e858a372-9a88-4423-a38d-d1add8068847.jpg
2026-08-15T16:41:39Z,https://chatmap.hotosm.org/api/v1/media/f9dd5918-f03c-4baf-9856-f541a5f46da2.jpg,200,7851ff6d4dc9d7981f15b6fd62f5f61cd6ca96dacc5a4f506f504fa59f8afbbd,73887,\N,chatmap media f9dd5918-f03c-4baf-9856-f541a5f46da2.jpg
2026-08-15T16:41:40Z,https://chatmap.hotosm.org/api/v1/media/f8325be2-0d1b-4ef3-bcf6-62ef93816a7f.jpg,200,b1335680c46e9a682ad96b8aaa3dbf58383ae87e7ff465d5e630c71581879e45,102422,\N,chatmap media f8325be2-0d1b-4ef3-bcf6-62ef93816a7f.jpg
2026-08-15T16:41:41Z,https://chatmap.hotosm.org/api/v1/media/3e9f2563-de80-4cb4-b8ee-6b120c042997.mp4,200,ace2f834f03734dbf3d314b54f41f979a6c3025fa6ffb15f22128ca6f0c181b9,4656490,\N,chatmap media 3e9f2563-de80-4cb4-b8ee-6b120c042997.mp4
2026-08-15T16:41:42Z,https://chatmap.hotosm.org/api/v1/media/b79bba16-051f-432c-a4fb-9aa5bb7c6286.jpg,200,06cd621164b075ef29e9a258b53ca13fc1d4048bfc02380d33814db3a56a77d4,75300,\N,chatmap media b79bba16-051f-432c-a4fb-9aa5bb7c6286.jpg
2026-08-15T16:41:43Z,https://chatmap.hotosm.org/api/v1/media/d3698e11-f86a-4ad4-8168-ab02a0dafd33.jpg,200,1f590eb45d157671ab902e75cd013b78702569eaf8980afbff22302d83faeab5,334277,\N,chatmap media d3698e11-f86a-4ad4-8168-ab02a0dafd33.jpg
2026-08-15T16:41:44Z,https://chatmap.hotosm.org/api/v1/media/7c98b5a1-6e4f-4f20-9447-b4362bd71c33.jpg,200,53be9cb86f19ad508629440ccf5b20fe6c495569d2c7f48e71809698ed1f142d,282591,\N,chatmap media 7c98b5a1-6e4f-4f20-9447-b4362bd71c33.jpg
2026-08-15T16:41:45Z,https://chatmap.hotosm.org/api/v1/media/693ede64-2ab7-47c0-aeeb-6133df53036a.jpg,200,deeec21f727ac768068845fe0bc11db7a17328bc2ac47435e61dc689f3daea9b,120156,\N,chatmap media 693ede64-2ab7-47c0-aeeb-6133df53036a.jpg
2026-08-15T16:41:46Z,https://chatmap.hotosm.org/api/v1/media/7dee48d2-bc3b-42c9-9052-c18bac56eee3.jpg,200,d8b657c2fa16e1eefc59190e77b4dc2cb5d4eab1664d2ab3c3d377958d920bc8,47791,\N,chatmap media 7dee48d2-bc3b-42c9-9052-c18bac56eee3.jpg
2026-08-15T16:41:48Z,https://chatmap.hotosm.org/api/v1/media/10b729c2-fc8f-4888-ba60-3b810da581f6.jpg,200,2a8bfee61e99b68711ad93b597f0fe7bf630d92c324cec080d515bb47ce6068d,2059880,\N,chatmap media 10b729c2-fc8f-4888-ba60-3b810da581f6.jpg
2026-08-15T16:41:48Z,https://chatmap.hotosm.org/api/v1/media/8daa5608-d9b7-4242-bd74-b6cf65149253.jpg,200,8f8946d0adebf3aff6b67f4eae7ed80c8557f5e4f2019cd7b1f8a2561654c5f6,84257,\N,chatmap media 8daa5608-d9b7-4242-bd74-b6cf65149253.jpg
2026-08-15T16:41:49Z,https://chatmap.hotosm.org/api/v1/media/2cc06562-3d5e-4065-80e5-f47ee93e7b9c.jpg,200,915c11efedb3c46458cb119634d0632e758503859314fb0ef955ec033e196cf6,156291,\N,chatmap media 2cc06562-3d5e-4065-80e5-f47ee93e7b9c.jpg
2026-08-15T16:41:50Z,https://chatmap.hotosm.org/api/v1/media/68e301be-9314-414c-b8d5-d30aac276970.jpg,200,449b53d33239a7e6241c61cc2905d9450ff7f560455f88e55dc81e8bd0f86456,89043,\N,chatmap media 68e301be-9314-414c-b8d5-d30aac276970.jpg
2026-08-15T16:41:51Z,https://chatmap.hotosm.org/api/v1/media/9b24b7b0-90ef-4062-8994-52ac33f5d577.jpg,200,90b35988ae05038e4d437fbb24c0154cc2aa77fb9d796bf961cff5d2dc59f7d7,133166,\N,chatmap media 9b24b7b0-90ef-4062-8994-52ac33f5d577.jpg
2026-08-15T16:41:52Z,https://chatmap.hotosm.org/api/v1/media/2036f302-ddd5-4c56-84b9-795522f8e8c7.jpg,200,3d79a3b5e67b06308d14a438552735b56872f9b2d4b2b50c8a5aa3763ac21776,88406,\N,chatmap media 2036f302-ddd5-4c56-84b9-795522f8e8c7.jpg
2026-08-15T16:41:53Z,https://chatmap.hotosm.org/api/v1/media/efe921cc-33a1-4bad-b692-2b3ae18b5204.jpg,200,272f5a591824bfed40ac263bc4599bb6c08d1f2e28999b1c0e3f54d20ee43d22,126942,\N,chatmap media efe921cc-33a1-4bad-b692-2b3ae18b5204.jpg
2026-08-15T16:41:54Z,https://chatmap.hotosm.org/api/v1/media/49e9f016-52a3-4e5b-8543-1423344d9454.jpg,200,a8585c64ec30ec387530e3b27d431ba70676ea25970d2fe8c5cf0a5716a66891,251581,\N,chatmap media 49e9f016-52a3-4e5b-8543-1423344d9454.jpg
2026-08-15T16:41:55Z,https://chatmap.hotosm.org/api/v1/media/b1eae47b-922d-4754-9e30-be91615946b6.jpg,200,499e2c1e21dcfe32127c0251e0d6d9fbf085a41e05766f0037150549cb5b2327,104483,\N,chatmap media b1eae47b-922d-4754-9e30-be91615946b6.jpg
2026-08-15T16:41:56Z,https://chatmap.hotosm.org/api/v1/media/9bd3a5a5-4335-4acd-84a2-9bf37dd086d8.jpg,200,0a9b24212a39401866277b529e0d1dc3b783db95342bded4e57e8b4ec87d1ea0,238576,\N,chatmap media 9bd3a5a5-4335-4acd-84a2-9bf37dd086d8.jpg
2026-08-15T16:41:57Z,https://chatmap.hotosm.org/api/v1/media/a2129dd2-fa48-447c-a9b6-f05c5a6565a5.jpg,200,b151a6c318d751c0b635671262f0064ad5c38fbcd5ac49cdafa0e63fa383a617,239478,\N,chatmap media a2129dd2-fa48-447c-a9b6-f05c5a6565a5.jpg
2026-08-15T16:42:03Z,https://chatmap.hotosm.org/api/v1/media/919a0172-e42d-492d-8927-1ee87899e5cd.mp4,200,437037d24d8624e4cfa21fbfe4276c72fcb37b5397c8c668855cebd6afe12f14,15479792,\N,chatmap media 919a0172-e42d-492d-8927-1ee87899e5cd.mp4
2026-08-15T16:42:04Z,https://chatmap.hotosm.org/api/v1/media/4f448bb7-0ed0-4098-ac42-e142eece3bae.jpg,200,4101c2ae75bced195f5ebd4335720c1e47d886f8d95aa717388304331d12b6ed,60213,\N,chatmap media 4f448bb7-0ed0-4098-ac42-e142eece3bae.jpg
2026-08-15T16:42:05Z,https://chatmap.hotosm.org/api/v1/media/ee4d04d2-a31a-49e8-8cf0-608a3a90c460.jpg,200,1d927624175b01635edda7d275afd929c18834e00c01439a21f3ebaac5ae9f8c,199426,\N,chatmap media ee4d04d2-a31a-49e8-8cf0-608a3a90c460.jpg
2026-08-15T16:42:06Z,https://chatmap.hotosm.org/api/v1/media/4808d757-2d72-4660-9a0c-3a581a586e1c.jpg,200,28123667edfe3c83cc6cacd49d09ba0c29215096e01c24df980120e997e9feea,214760,\N,chatmap media 4808d757-2d72-4660-9a0c-3a581a586e1c.jpg
2026-08-15T16:42:07Z,https://chatmap.hotosm.org/api/v1/media/54856bd5-287d-47e7-a263-8bce58db4067.jpg,200,f25ccfa771bc00a303a4213437b1823668ce1624084d82f694efad0849c91585,246009,\N,chatmap media 54856bd5-287d-47e7-a263-8bce58db4067.jpg
2026-08-15T16:42:08Z,https://chatmap.hotosm.org/api/v1/media/0e07232c-0e4c-4e41-9915-44bb50f75b8c.jpg,200,46dfab0c5ff8ab3cf3d6a8d17882e174ad136c2a7f7903cd72fd2d80ddd906c4,234432,\N,chatmap media 0e07232c-0e4c-4e41-9915-44bb50f75b8c.jpg
2026-08-15T16:42:09Z,https://chatmap.hotosm.org/api/v1/media/a3075577-0196-469b-be03-f7dcda285886.jpg,200,d52b06020498734f3bb99ec5283e8f2b4049e04b33f5eec7e4bea357648c5faf,67413,\N,chatmap media a3075577-0196-469b-be03-f7dcda285886.jpg
2026-08-15T16:42:10Z,https://chatmap.hotosm.org/api/v1/media/c97c6eee-f071-4ba7-807c-2bd662c39a41.jpg,200,e43baf412d2fc00405ebd86ddda6e0d980aa845b19eec7fcf29e19789290048a,112651,\N,chatmap media c97c6eee-f071-4ba7-807c-2bd662c39a41.jpg
2026-08-15T16:42:11Z,https://chatmap.hotosm.org/api/v1/media/e5fb9003-1dd6-4fa9-9d93-0792f7810cdf.jpg,200,a7dbe561baf0a0160c2507f230c03f0c4d5453350cb4639a1f691089e8d5b535,318569,\N,chatmap media e5fb9003-1dd6-4fa9-9d93-0792f7810cdf.jpg
2026-08-15T16:42:12Z,https://chatmap.hotosm.org/api/v1/media/766b8f4b-438e-41c9-8807-c7f0f297e864.jpg,200,b2c226b9d57aab9d40bb6b5513f2bf39a721303c7c302b967edc556c6fef29b0,75424,\N,chatmap media 766b8f4b-438e-41c9-8807-c7f0f297e864.jpg
2026-08-15T16:42:13Z,https://chatmap.hotosm.org/api/v1/media/ecc69f4a-efe7-4c6e-afee-6d0dd3ae67f2.jpg,200,14d7ec932f21238a9641616194439b89694c8e5964d0961e6653d43a364120f3,272001,\N,chatmap media ecc69f4a-efe7-4c6e-afee-6d0dd3ae67f2.jpg
2026-08-15T16:42:14Z,https://chatmap.hotosm.org/api/v1/media/58e9d982-f311-407e-a690-4faa1457a5c4.jpg,200,7851ff6d4dc9d7981f15b6fd62f5f61cd6ca96dacc5a4f506f504fa59f8afbbd,73887,\N,chatmap media 58e9d982-f311-407e-a690-4faa1457a5c4.jpg
2026-08-15T16:42:15Z,https://chatmap.hotosm.org/api/v1/media/13c9752a-5976-4af7-bb24-1dc64174e056.jpg,200,04a5b82befe2c2f817842353a137419ea5da0389c8e640f4aeccbbff0d7d1c3a,75383,\N,chatmap media 13c9752a-5976-4af7-bb24-1dc64174e056.jpg
2026-08-15T16:42:15Z,https://chatmap.hotosm.org/api/v1/media/a6aebaf0-3473-4b5b-ab29-cd15445364f7.jpg,200,60bfa1158bcbcf72a476615f824adae893024af0c822d60f66277dbdc32637dc,43321,\N,chatmap media a6aebaf0-3473-4b5b-ab29-cd15445364f7.jpg
2026-08-15T16:42:16Z,https://chatmap.hotosm.org/api/v1/media/b4f806d1-2a21-459d-99f4-65202663f079.jpg,200,6353849388fba94d492c202a71e61a6aa415823320a414daf7d3adfa3b30445f,153155,\N,chatmap media b4f806d1-2a21-459d-99f4-65202663f079.jpg
2026-08-15T16:42:17Z,https://chatmap.hotosm.org/api/v1/media/8b5c22a9-be42-4b3e-9f00-3a02404df0ab.jpg,200,4b7cf51560762deb73f4228e3df187c93f1d608309fdea838df944886d80b8b1,100193,\N,chatmap media 8b5c22a9-be42-4b3e-9f00-3a02404df0ab.jpg
2026-08-15T16:42:18Z,https://chatmap.hotosm.org/api/v1/media/3ed8ec56-9fff-48fe-a8e8-70f1e705728c.jpg,200,1e63dcbb3304ec935bb97c74f9dee8c20d5d38beb5afbcfd8944366be24d572f,171148,\N,chatmap media 3ed8ec56-9fff-48fe-a8e8-70f1e705728c.jpg
2026-08-15T16:42:19Z,https://chatmap.hotosm.org/api/v1/media/b2234525-696f-49bb-a8b3-dd332f1ad776.jpg,200,886226f4284d525646776b1067f1e93233e5194783b90ffa536a939f5df0d0bc,96336,\N,chatmap media b2234525-696f-49bb-a8b3-dd332f1ad776.jpg
2026-08-15T16:42:20Z,https://chatmap.hotosm.org/api/v1/media/8ac6bc33-a8cf-4fd5-99a6-9e4bbbfca293.jpg,200,773b009f5a1417905217d8546864c618c99bf0a50518f1e78ecaee7412117cec,46917,\N,chatmap media 8ac6bc33-a8cf-4fd5-99a6-9e4bbbfca293.jpg
2026-08-15T16:42:20Z,https://chatmap.hotosm.org/api/v1/media/a70d4c6c-d497-47c8-ad34-ae7e07935333.jpg,200,c021b470ee1d3254ce0acf967b8e734720a036338ec9870a67b91c1f45569b58,34656,\N,chatmap media a70d4c6c-d497-47c8-ad34-ae7e07935333.jpg
2026-08-15T16:42:21Z,https://chatmap.hotosm.org/api/v1/media/f91f237a-3cf2-45ba-acb8-da2862f7a7f3.jpg,200,f063efd13a4b99799182887e413837205a2e4ee198d8274264b0e7c01c0e28dc,34594,\N,chatmap media f91f237a-3cf2-45ba-acb8-da2862f7a7f3.jpg
2026-08-15T16:42:23Z,https://chatmap.hotosm.org/api/v1/media/4773223d-df00-4e92-99f1-1bcde9e90b50.mp4,200,e16d534574c977e6940f95ab52d1078c09af7aa74ce3e03fd3a45c38e08829c8,5519960,\N,chatmap media 4773223d-df00-4e92-99f1-1bcde9e90b50.mp4
2026-08-15T16:42:25Z,https://chatmap.hotosm.org/api/v1/media/a5c53333-3657-428c-b4d6-6de02328018a.mp4,200,476be371d4fca0d85743dafe667a45cd7ba1f604760818168c8f26b409cea83c,6545063,\N,chatmap media a5c53333-3657-428c-b4d6-6de02328018a.mp4
2026-08-15T16:42:27Z,https://chatmap.hotosm.org/api/v1/media/e620c051-ead3-40ae-ab11-95a78339d1fd.mp4,200,a66a20e150206230b9d7749ece53223f12ace38f360fb892fc074540f294a00e,8508700,\N,chatmap media e620c051-ead3-40ae-ab11-95a78339d1fd.mp4
2026-08-15T16:42:28Z,https://chatmap.hotosm.org/api/v1/media/7646fb8e-77b9-4c9a-bc68-75e76bd62103.jpg,200,679f7713c80f516bb0da19abcdbc309a7803140cff3aa63ef8bb0d918ca6db4c,140588,\N,chatmap media 7646fb8e-77b9-4c9a-bc68-75e76bd62103.jpg
2026-08-15T16:42:29Z,https://chatmap.hotosm.org/api/v1/media/82131bad-3945-4968-b4f3-ddd0a2f142e6.jpg,200,971d68091ced912601ed3c7625acb68ed635c9c5b9474dec53bcf9e4a76320ca,122275,\N,chatmap media 82131bad-3945-4968-b4f3-ddd0a2f142e6.jpg
2026-08-15T16:42:30Z,https://chatmap.hotosm.org/api/v1/media/9c25be37-4761-444c-8fff-22e18f048d07.jpg,200,4943a0b0f30c0baae91834d8d26a61055ae255ae3510abccfbe9e0d7c7ddbb14,106984,\N,chatmap media 9c25be37-4761-444c-8fff-22e18f048d07.jpg
2026-08-15T16:42:31Z,https://chatmap.hotosm.org/api/v1/media/1f169d8c-45e1-42fe-ab06-fd91f48c826d.jpg,200,555813ce73412f28b613d243a3bd214db6cdf2470d394b90024e8e27778c0d45,129194,\N,chatmap media 1f169d8c-45e1-42fe-ab06-fd91f48c826d.jpg
2026-08-15T16:42:35Z,https://chatmap.hotosm.org/api/v1/media/dd6a52c4-4cbb-4829-9387-c7c13895cace.mp4,200,a7027eaff02c25e99087873e9fb1cf17f7ba14edd5565501b9df3dacc5a82c77,16744305,\N,chatmap media dd6a52c4-4cbb-4829-9387-c7c13895cace.mp4
2026-08-15T16:42:36Z,https://chatmap.hotosm.org/api/v1/media/77f64744-093b-4616-a396-7616c84fda0a.jpg,200,20e0315ef7f05277b499119a622acbe91a6df2e5a4b23fc195d452a15ddf6315,130129,\N,chatmap media 77f64744-093b-4616-a396-7616c84fda0a.jpg
2026-08-15T16:42:39Z,https://chatmap.hotosm.org/api/v1/media/fd211407-ce6e-4cdf-aa99-67e90bf72caf.mp4,200,6e98bb8dac5987044c7e7b9af89c02af93346905887ebf2d9b43426db175110f,8416212,\N,chatmap media fd211407-ce6e-4cdf-aa99-67e90bf72caf.mp4
2026-08-15T16:42:40Z,https://chatmap.hotosm.org/api/v1/media/52cc1143-ff9a-479d-a92d-42d4f65017e9.jpg,200,84113c8b57fb6c5865b71fea519e12d7b2ff15f8d4de07a2692db478f391780b,71823,\N,chatmap media 52cc1143-ff9a-479d-a92d-42d4f65017e9.jpg
2026-08-15T16:42:42Z,https://chatmap.hotosm.org/api/v1/media/62b559ab-a574-4490-8fd2-645c2fb7c6f0.mp4,200,6fbb2cad9df51cb66f969a35c1513676c4d9c9ae968c7338a3e9415e107ead50,6382144,\N,chatmap media 62b559ab-a574-4490-8fd2-645c2fb7c6f0.mp4
2026-08-15T16:42:43Z,https://chatmap.hotosm.org/api/v1/media/dc66c629-bd94-4ae6-9574-48c2aed40f16.jpg,200,5348f8b079538b5f2dbc1c9454adab0eb4066f2c116f8d0d1252fca8724af389,217855,\N,chatmap media dc66c629-bd94-4ae6-9574-48c2aed40f16.jpg
2026-08-15T16:42:44Z,https://chatmap.hotosm.org/api/v1/media/fec1b85b-8288-4851-9c08-09267d153fcd.jpg,200,8ad3ec23bb1f9eb5e7e7a3010d8359c1d2c5e1cc89336e2b47643300264043d2,373140,\N,chatmap media fec1b85b-8288-4851-9c08-09267d153fcd.jpg
2026-08-15T16:42:45Z,https://chatmap.hotosm.org/api/v1/media/5fe40d47-8934-4e50-80c9-8690795e3d21.jpg,200,b8f52c7654785350ea18fbfff9c89ed4eac3264cd2ad3166cd7c2f500be08325,329848,\N,chatmap media 5fe40d47-8934-4e50-80c9-8690795e3d21.jpg
2026-08-15T16:42:46Z,https://chatmap.hotosm.org/api/v1/media/e1b26194-35f0-46a1-b10b-1a973db61858.jpg,200,860e1ab50642317d0d47ce6bcffb110d8ef26146d22c84c87f663c22dc8cc019,207934,\N,chatmap media e1b26194-35f0-46a1-b10b-1a973db61858.jpg
2026-08-15T16:42:47Z,https://chatmap.hotosm.org/api/v1/media/c808e284-50ab-45a6-b8b0-2a1f1d7b3c89.jpg,200,9a4b511225f5a95ceeacd0edef38fbc585b5fb35f074552314a9856157e2e3a9,91523,\N,chatmap media c808e284-50ab-45a6-b8b0-2a1f1d7b3c89.jpg
2026-08-15T16:42:48Z,https://chatmap.hotosm.org/api/v1/media/eb7e3e1c-7fc2-4bea-90a6-826e75f8f632.jpg,200,11c7098c91bc32469c43034c18ed701f324d88bee89ed8162563bf4375bc9603,288499,\N,chatmap media eb7e3e1c-7fc2-4bea-90a6-826e75f8f632.jpg
2026-08-15T16:42:49Z,https://chatmap.hotosm.org/api/v1/media/c883343b-e4e7-4d36-acf7-3983305c760a.jpg,200,cbfba8f245abbb0f82f7e4b3cfad5d3703edb99e72f9f096de57a5622b3bddb3,70117,\N,chatmap media c883343b-e4e7-4d36-acf7-3983305c760a.jpg
2026-08-15T16:42:50Z,https://chatmap.hotosm.org/api/v1/media/7ed8bf44-5c18-4779-ad79-440af9ed2979.jpg,200,0450dae5ff14cd9e93091fa0811ac12be47308fb37267d14f37554397ca5ff50,77987,\N,chatmap media 7ed8bf44-5c18-4779-ad79-440af9ed2979.jpg
2026-08-15T16:42:51Z,https://chatmap.hotosm.org/api/v1/media/183a387f-c521-4012-82ed-05ee697ef885.jpg,200,18146fe41b540d6764753dfba93706ff962c682afb11a5a07d36de68787b41b3,341309,\N,chatmap media 183a387f-c521-4012-82ed-05ee697ef885.jpg
2026-08-15T16:42:52Z,https://chatmap.hotosm.org/api/v1/media/e38dea9e-b412-4763-a758-2b835ca95b43.jpg,200,02979bc1f38dd2bcea60b1ead8e556b015201bb09239cd8d8a7294ec5321c830,125977,\N,chatmap media e38dea9e-b412-4763-a758-2b835ca95b43.jpg
2026-08-15T16:42:53Z,https://chatmap.hotosm.org/api/v1/media/e7f4097a-5ca6-45de-823c-b34b2a8707f5.mp4,200,14eabaa74706242b9a09dc5bf01ad0bc2041a847ccdf2771a3d54bf30016302a,1036581,\N,chatmap media e7f4097a-5ca6-45de-823c-b34b2a8707f5.mp4
2026-08-15T16:42:54Z,https://chatmap.hotosm.org/api/v1/media/856f70d8-a733-4d33-a750-fc5f68c674dc.jpg,200,44375f7e6e491f9aa6de75215bdaeee205d02945f32481522476d405bf63e345,190796,\N,chatmap media 856f70d8-a733-4d33-a750-fc5f68c674dc.jpg
2026-08-15T16:42:55Z,https://chatmap.hotosm.org/api/v1/media/8c2490ff-5aae-4e64-8490-d17d6d2e8c75.jpg,200,cca5215bdbe055da8ea42e37c943b6add0feba069760b51c6d045d33693106ec,204597,\N,chatmap media 8c2490ff-5aae-4e64-8490-d17d6d2e8c75.jpg
2026-08-15T16:42:56Z,https://chatmap.hotosm.org/api/v1/media/d4a73178-523c-4011-bf46-625f9b7199b9.jpg,200,b0e951541ce67e9d0bfbce41d792fdd0715d064fc1b1f735dd79d73f9f4a7e63,190498,\N,chatmap media d4a73178-523c-4011-bf46-625f9b7199b9.jpg
2026-08-15T16:42:58Z,https://chatmap.hotosm.org/api/v1/media/c16ea50f-30af-456c-8002-64dba22492bd.jpg,200,97596348c7b6737bda428d050e59b756dd4d9aa4f427ed5e759b112002231b6b,237201,\N,chatmap media c16ea50f-30af-456c-8002-64dba22492bd.jpg
2026-08-15T16:42:59Z,https://chatmap.hotosm.org/api/v1/media/1d3dc0dc-db36-4355-93a8-287903320141.jpg,200,a1f9b80bbcfc74e9ba273f612937466b2cc0ed77ffc90ff94ffb2ba813cdd61d,229268,\N,chatmap media 1d3dc0dc-db36-4355-93a8-287903320141.jpg
2026-08-15T16:43:00Z,https://chatmap.hotosm.org/api/v1/media/7fd940b6-9ce7-4d2b-9b98-0ad0a3b93cca.jpg,200,990a34ce5d584bd001a8cc655d91b83dc6a882cfb880e6f1407a44661ba631ed,123452,\N,chatmap media 7fd940b6-9ce7-4d2b-9b98-0ad0a3b93cca.jpg
2026-08-15T16:43:01Z,https://chatmap.hotosm.org/api/v1/media/c52e04a3-b446-48fd-9a2e-3a8b8f5a10c6.jpg,200,85983435a13194a02afde61fd35cb929373d4bd1eef2e1ab2abe34676a28e316,113051,\N,chatmap media c52e04a3-b446-48fd-9a2e-3a8b8f5a10c6.jpg
2026-08-15T16:43:02Z,https://chatmap.hotosm.org/api/v1/media/881d0ffc-ec3d-4d27-8a3d-86a92e4dadec.jpg,200,35b085c10ec0a6e0a98a58646b9421ac615d6e2fdfd83f457152dd6a88c350db,257859,\N,chatmap media 881d0ffc-ec3d-4d27-8a3d-86a92e4dadec.jpg
2026-08-15T16:43:03Z,https://chatmap.hotosm.org/api/v1/media/56baab2f-9f49-4812-ab8d-e0e035194de5.jpg,200,ce50ca38218fa2846c7b50d9025a416fb378127004682083303927cd1bf1068d,152347,\N,chatmap media 56baab2f-9f49-4812-ab8d-e0e035194de5.jpg
2026-08-15T16:43:04Z,https://chatmap.hotosm.org/api/v1/media/af2d8019-0a93-4beb-ab73-c820464202b9.jpg,200,1a74305bee346cb73e94206be05b1bc669438513afe0eae90cf7a8ffa3786ed1,255256,\N,chatmap media af2d8019-0a93-4beb-ab73-c820464202b9.jpg
2026-08-15T16:43:05Z,https://chatmap.hotosm.org/api/v1/media/74b63c4c-65b8-4cf9-8892-8ba4304cc14b.jpg,200,79f82b44d85be9af820fe2c75b64a1abfa5fc752abeabd2e39f3b90b29f4a878,288737,\N,chatmap media 74b63c4c-65b8-4cf9-8892-8ba4304cc14b.jpg
2026-08-15T16:43:06Z,https://chatmap.hotosm.org/api/v1/media/21678065-8b08-4552-a87f-4a60743aa1fd.jpg,200,6736867c72115c3967444bff0028505d85545bf91e838eb2528d502eb9404505,299848,\N,chatmap media 21678065-8b08-4552-a87f-4a60743aa1fd.jpg
2026-08-15T16:43:07Z,https://chatmap.hotosm.org/api/v1/media/ca0c3c05-dc46-4806-9110-cc9195a8012d.jpg,200,e1076a38ddff3d86cc08e8fcc0d6572359f7d5e062b6a777e6945f06123d3adb,178411,\N,chatmap media ca0c3c05-dc46-4806-9110-cc9195a8012d.jpg
2026-08-15T16:43:08Z,https://chatmap.hotosm.org/api/v1/media/3ecc11d8-6e18-447d-9e5e-eb53589d9187.jpg,200,c4b2e60368a4c8b1cc5994931f708a2abcf6493843806ad45b23085361315fcc,168499,\N,chatmap media 3ecc11d8-6e18-447d-9e5e-eb53589d9187.jpg
2026-08-15T16:43:10Z,https://chatmap.hotosm.org/api/v1/media/5875d4b4-046d-4db7-962e-73ee926a49de.mp4,200,b72c4db1a6eaa0c9e6032e7619e84cd65d4af4573c017ecf65d3938816e8a5b0,4235454,\N,chatmap media 5875d4b4-046d-4db7-962e-73ee926a49de.mp4
2026-08-15T16:43:10Z,https://chatmap.hotosm.org/api/v1/media/2cd836c3-aacf-45fa-bbb4-7722c18dd06d.jpg,200,298c67833a442fcca8037b4a180a45faba769de0818d11b6b77b7f648ad94914,31708,\N,chatmap media 2cd836c3-aacf-45fa-bbb4-7722c18dd06d.jpg
2026-08-15T16:43:12Z,https://chatmap.hotosm.org/api/v1/media/b90c3db1-3b53-46c0-b558-79750430579d.mp4,200,0606446ddc567ea3978336042af15d92a0a91440f75457b1a73f61de2eb08b2d,3732758,\N,chatmap media b90c3db1-3b53-46c0-b558-79750430579d.mp4
2026-08-15T16:43:13Z,https://chatmap.hotosm.org/api/v1/media/7ba1ac30-7912-4992-a5c7-13948c33a7bb.jpg,200,00a87d377cf41f2154c694593e595925b08071e0da1fffd96e5a5130693e8912,422974,\N,chatmap media 7ba1ac30-7912-4992-a5c7-13948c33a7bb.jpg
2026-08-15T16:43:14Z,https://chatmap.hotosm.org/api/v1/media/cf8cb596-e3f8-4075-b154-0489c1741b31.jpg,200,cbc390a2ee46b49274de633f44e37ff1dd39c6c833547fc6559a3cec5d73a1d9,302487,\N,chatmap media cf8cb596-e3f8-4075-b154-0489c1741b31.jpg
2026-08-15T16:43:15Z,https://chatmap.hotosm.org/api/v1/media/4c0e6f48-51de-4bc0-8d88-1152929131e1.jpg,200,296b37d55c94b83189aff4c12223f324aa8e97a7f0e8d99e491d1bc2b651fceb,97798,\N,chatmap media 4c0e6f48-51de-4bc0-8d88-1152929131e1.jpg
2026-08-15T16:43:16Z,https://chatmap.hotosm.org/api/v1/media/58759a2f-bd2b-4a15-a06c-61ec8b05b347.jpg,200,1c95f09236a7dae18db90f41c0841d6535888cf300b24c97ab7f72482d48e77c,219730,\N,chatmap media 58759a2f-bd2b-4a15-a06c-61ec8b05b347.jpg
2026-08-15T16:43:17Z,https://chatmap.hotosm.org/api/v1/media/04979669-ca20-46f7-8175-0bad1f44bfdd.jpg,200,c9035af488c0c71b9b43a547248a0945698363772a5a62a2c217cddef6014da3,207276,\N,chatmap media 04979669-ca20-46f7-8175-0bad1f44bfdd.jpg
2026-08-15T16:43:18Z,https://chatmap.hotosm.org/api/v1/media/a8424cbc-7589-4e5e-85e0-ef04db1a978a.jpg,200,eebdc7b9297ccfec56c646a01097c1e1ef50d45efd8e812727d3ae41cb73fcdd,394509,\N,chatmap media a8424cbc-7589-4e5e-85e0-ef04db1a978a.jpg
2026-08-15T16:43:20Z,https://chatmap.hotosm.org/api/v1/media/8c21c762-de50-40f2-8795-ca6e47635388.jpg,200,91a4c882de25cd8ae3cecfcbbde83708f2b76f64d7cc563580a186ceb012e124,221230,\N,chatmap media 8c21c762-de50-40f2-8795-ca6e47635388.jpg
2026-08-15T16:43:21Z,https://chatmap.hotosm.org/api/v1/media/f281ddef-6961-4042-85d0-0473018484c3.mp4,200,f6b1443dbdba9362604fc60b3aecae4b57abf1545950e28a5ea60bf6a65bd09f,2940216,\N,chatmap media f281ddef-6961-4042-85d0-0473018484c3.mp4
2026-08-15T16:43:23Z,https://chatmap.hotosm.org/api/v1/media/0add867d-d89c-4f8c-b9c3-79e53eb8bc30.mp4,200,3de91e9f1651145d3068b7075de4f3d9355139d52f177cdbbbf2b710f0341d37,2303611,\N,chatmap media 0add867d-d89c-4f8c-b9c3-79e53eb8bc30.mp4
2026-08-15T16:43:24Z,https://chatmap.hotosm.org/api/v1/media/c7835641-0b00-4679-871a-45f88238696f.mp4,200,555bc58618709e731e3a43377c4b660e30103b303703df033d69ae98b1d11fdf,4526534,\N,chatmap media c7835641-0b00-4679-871a-45f88238696f.mp4
2026-08-15T16:43:25Z,https://chatmap.hotosm.org/api/v1/media/34923ec0-3af5-4057-ab7e-2cd366b7f578.jpg,200,f8bded7a1afafa888ceaeb20a7e1505993cb9390d088291437ebda7010cc3809,80012,\N,chatmap media 34923ec0-3af5-4057-ab7e-2cd366b7f578.jpg
2026-08-15T16:43:26Z,https://chatmap.hotosm.org/api/v1/media/ded36aa2-0f12-4e36-a763-2ce70ce934e2.jpg,200,9013fdd405b5af209bf7d786abd9a0c64c3fd287d0af863a7801a1289c956dc3,94751,\N,chatmap media ded36aa2-0f12-4e36-a763-2ce70ce934e2.jpg
2026-08-15T16:43:27Z,https://chatmap.hotosm.org/api/v1/media/6482a4ee-d49f-4ba2-9ab1-a2b082610d73.jpg,200,d94566ef9c93f2b21dc08181c98505427b100acc0e8da8caaa8c6f87be474d32,65153,\N,chatmap media 6482a4ee-d49f-4ba2-9ab1-a2b082610d73.jpg
2026-08-15T16:43:27Z,https://chatmap.hotosm.org/api/v1/media/1381fb54-f572-440c-9102-56eba8c0c458.jpg,200,1f8649e7324a45ec613061c6b214baf6549d8c96509ae35df153fa324a638e09,53629,\N,chatmap media 1381fb54-f572-440c-9102-56eba8c0c458.jpg
2026-08-15T16:43:29Z,https://chatmap.hotosm.org/api/v1/media/53180983-53f8-41aa-9779-1917a6cb3da6.jpg,200,c5971d37fc0df9341a067661d23fa1a259f82f3fc7ee26ec7100d15e053ac2e2,341027,\N,chatmap media 53180983-53f8-41aa-9779-1917a6cb3da6.jpg
2026-08-15T16:43:30Z,https://chatmap.hotosm.org/api/v1/media/0bcbd098-1a61-4af0-8644-286007f0a479.jpg,200,a49a9d0d7ce86979c7448cee02154795433c8169e1139f2b13781a8d5e67d60d,297540,\N,chatmap media 0bcbd098-1a61-4af0-8644-286007f0a479.jpg
2026-08-15T16:43:31Z,https://chatmap.hotosm.org/api/v1/media/15f6a2fb-5b20-45a3-aac8-461348df3a33.jpg,200,a0b97565e895d13a490e5eb759e1acc2e5607647ef2b4cacf197dfffe4146d30,189849,\N,chatmap media 15f6a2fb-5b20-45a3-aac8-461348df3a33.jpg
2026-08-15T16:43:32Z,https://chatmap.hotosm.org/api/v1/media/f5fa514c-8702-4b1b-9bab-f569a3bdfa1f.jpg,200,477aa1d78ad87ce1fb5ba1089b5f380b4f8585593488bbe942b120565f08679f,353189,\N,chatmap media f5fa514c-8702-4b1b-9bab-f569a3bdfa1f.jpg
2026-08-15T16:43:33Z,https://chatmap.hotosm.org/api/v1/media/755f22eb-d6ca-4bcb-872e-29d8bd4c6117.jpg,200,f9f95db7d043bac80a9099c5a9098c3e93e3d76864e5eaf4d2f7d19ff4365c03,209629,\N,chatmap media 755f22eb-d6ca-4bcb-872e-29d8bd4c6117.jpg
2026-08-15T16:43:34Z,https://chatmap.hotosm.org/api/v1/media/8d7be662-280c-4947-b024-57c6f85ad45b.jpg,200,935f9ed29263563f06b8d04b1c57e6a54af6c945df585084a66ba02ddaec4016,296028,\N,chatmap media 8d7be662-280c-4947-b024-57c6f85ad45b.jpg
2026-08-15T16:43:35Z,https://chatmap.hotosm.org/api/v1/media/5c98b758-e383-4985-b37b-d3c710838e8b.jpg,200,c95ddcc385d948c4b30cbe780858d320d47e19c99e604aaea963227c5363f64c,236326,\N,chatmap media 5c98b758-e383-4985-b37b-d3c710838e8b.jpg
2026-08-15T16:43:35Z,https://www.seismicportal.eu/testimonies-ws/api/search?unids=20260810_0000177,200,1e58d570fe4c40b943b9c2bef737ef7e45b7251ee3c963dda865e404e1f69566,454,data/snapshots/2026-08-15/emsc_testimonies.json,emsc testimonies
2026-08-15T16:44:32Z,https://services2.arcgis.com/YVLx8xYoDXKccDfJ/arcgis/rest/services/REGISTRO_DE_EMERGENCIAS_EN_COLOMBIA/FeatureServer/0/query?where=1%3D1&f=json&outStatistics=%5B%7B%22statisticType%22%3A+%22max%22%2C+%22onStatisticField%22%3A+%22FECHA%22%2C+%22outStatisticFieldName%22%3A+%22maxf%22%7D%2C+%7B%22statisticType%22%3A+%22count%22%2C+%22onStatisticField%22%3A+%22OBJECTID_1%22%2C+%22outStatisticFieldName%22%3A+%22n%22%7D%5D,200,7afe3240a23b13adbf1ae8082c18d40649d09209624c4d1ccef7f9c2f28546ed,534,data/snapshots/2026-08-15/ungrd_arcgis_agg.json,ungrd arcgis agregados
2026-08-15T16:44:33Z,https://services2.arcgis.com/YVLx8xYoDXKccDfJ/arcgis/rest/services/REGISTRO_DE_EMERGENCIAS_EN_COLOMBIA/FeatureServer/0/query?where=1%3D1&f=json&outFields=OBJECTID_1%2CFECHA%2CDEPARTAMEN%2CMUNICIPIO%2CDIVIPOLA%2CEVENTO%2CMUERTOS%2CHERIDOS%2CDESAPA_%2CPERSONAS%2CFAMILIAS%2CVIV_DESTRU%2CVIV_AVER_%2CVIAS%2CACUED_%2CC__SALUD%2CC_EDUCAT_%2CXCOORD%2CYCOORD&resultOffset=0&resultRecordCount=2000&orderByFields=OBJECTID_1,200,1d59d8ed2399bdef9efb181f126bb3b2c8640c67efedc0837ff678f48df8a789,787742,\N,ungrd arcgis offset=0
2026-08-15T16:44:34Z,https://services2.arcgis.com/YVLx8xYoDXKccDfJ/arcgis/rest/services/REGISTRO_DE_EMERGENCIAS_EN_COLOMBIA/FeatureServer/0/query?where=1%3D1&f=json&outFields=OBJECTID_1%2CFECHA%2CDEPARTAMEN%2CMUNICIPIO%2CDIVIPOLA%2CEVENTO%2CMUERTOS%2CHERIDOS%2CDESAPA_%2CPERSONAS%2CFAMILIAS%2CVIV_DESTRU%2CVIV_AVER_%2CVIAS%2CACUED_%2CC__SALUD%2CC_EDUCAT_%2CXCOORD%2CYCOORD&resultOffset=2000&resultRecordCount=2000&orderByFields=OBJECTID_1,200,d3653043d48a2f319bd7485656e3e9b5825f92aa19abfa8abe870ab74ad98a51,786739,\N,ungrd arcgis offset=2000
2026-08-15T16:44:36Z,https://services2.arcgis.com/YVLx8xYoDXKccDfJ/arcgis/rest/services/REGISTRO_DE_EMERGENCIAS_EN_COLOMBIA/FeatureServer/0/query?where=1%3D1&f=json&outFields=OBJECTID_1%2CFECHA%2CDEPARTAMEN%2CMUNICIPIO%2CDIVIPOLA%2CEVENTO%2CMUERTOS%2CHERIDOS%2CDESAPA_%2CPERSONAS%2CFAMILIAS%2CVIV_DESTRU%2CVIV_AVER_%2CVIAS%2CACUED_%2CC__SALUD%2CC_EDUCAT_%2CXCOORD%2CYCOORD&resultOffset=4000&resultRecordCount=2000&orderByFields=OBJECTID_1,200,172d7ff1b36d88e3a0995bda01f5a2413e3306b074dd537f01f77a22c7e2dacc,786303,\N,ungrd arcgis offset=4000
2026-08-15T16:44:37Z,https://services2.arcgis.com/YVLx8xYoDXKccDfJ/arcgis/rest/services/REGISTRO_DE_EMERGENCIAS_EN_COLOMBIA/FeatureServer/0/query?where=1%3D1&f=json&outFields=OBJECTID_1%2CFECHA%2CDEPARTAMEN%2CMUNICIPIO%2CDIVIPOLA%2CEVENTO%2CMUERTOS%2CHERIDOS%2CDESAPA_%2CPERSONAS%2CFAMILIAS%2CVIV_DESTRU%2CVIV_AVER_%2CVIAS%2CACUED_%2CC__SALUD%2CC_EDUCAT_%2CXCOORD%2CYCOORD&resultOffset=6000&resultRecordCount=2000&orderByFields=OBJECTID_1,200,0ec896b42c9b26f9ec4a991746896baa0a1c6f9683882ea9f46d1fb5b353c2ad,775624,\N,ungrd arcgis offset=6000
2026-08-15T16:44:38Z,https://services2.arcgis.com/YVLx8xYoDXKccDfJ/arcgis/rest/services/REGISTRO_DE_EMERGENCIAS_EN_COLOMBIA/FeatureServer/0/query?where=1%3D1&f=json&outFields=OBJECTID_1%2CFECHA%2CDEPARTAMEN%2CMUNICIPIO%2CDIVIPOLA%2CEVENTO%2CMUERTOS%2CHERIDOS%2CDESAPA_%2CPERSONAS%2CFAMILIAS%2CVIV_DESTRU%2CVIV_AVER_%2CVIAS%2CACUED_%2CC__SALUD%2CC_EDUCAT_%2CXCOORD%2CYCOORD&resultOffset=8000&resultRecordCount=2000&orderByFields=OBJECTID_1,200,703fe046d642b5d862ca4a1ccc74b96b8eae2050decbb648e49545ea0b6795c4,776189,\N,ungrd arcgis offset=8000
2026-08-15T16:44:40Z,https://services2.arcgis.com/YVLx8xYoDXKccDfJ/arcgis/rest/services/REGISTRO_DE_EMERGENCIAS_EN_COLOMBIA/FeatureServer/0/query?where=1%3D1&f=json&outFields=OBJECTID_1%2CFECHA%2CDEPARTAMEN%2CMUNICIPIO%2CDIVIPOLA%2CEVENTO%2CMUERTOS%2CHERIDOS%2CDESAPA_%2CPERSONAS%2CFAMILIAS%2CVIV_DESTRU%2CVIV_AVER_%2CVIAS%2CACUED_%2CC__SALUD%2CC_EDUCAT_%2CXCOORD%2CYCOORD&resultOffset=10000&resultRecordCount=2000&orderByFields=OBJECTID_1,200,4bfd19593953d035953bf4037153badc5c7093edfb5fcba24c2096cbfc63eef9,780904,\N,ungrd arcgis offset=10000
2026-08-15T16:44:41Z,https://services2.arcgis.com/YVLx8xYoDXKccDfJ/arcgis/rest/services/REGISTRO_DE_EMERGENCIAS_EN_COLOMBIA/FeatureServer/0/query?where=1%3D1&f=json&outFields=OBJECTID_1%2CFECHA%2CDEPARTAMEN%2CMUNICIPIO%2CDIVIPOLA%2CEVENTO%2CMUERTOS%2CHERIDOS%2CDESAPA_%2CPERSONAS%2CFAMILIAS%2CVIV_DESTRU%2CVIV_AVER_%2CVIAS%2CACUED_%2CC__SALUD%2CC_EDUCAT_%2CXCOORD%2CYCOORD&resultOffset=12000&resultRecordCount=2000&orderByFields=OBJECTID_1,200,dd066d81ae515b87355c90bbd55ab872e6458d71c0e6f7c0138dfac3457dd705,779363,\N,ungrd arcgis offset=12000
2026-08-15T16:44:43Z,https://services2.arcgis.com/YVLx8xYoDXKccDfJ/arcgis/rest/services/REGISTRO_DE_EMERGENCIAS_EN_COLOMBIA/FeatureServer/0/query?where=1%3D1&f=json&outFields=OBJECTID_1%2CFECHA%2CDEPARTAMEN%2CMUNICIPIO%2CDIVIPOLA%2CEVENTO%2CMUERTOS%2CHERIDOS%2CDESAPA_%2CPERSONAS%2CFAMILIAS%2CVIV_DESTRU%2CVIV_AVER_%2CVIAS%2CACUED_%2CC__SALUD%2CC_EDUCAT_%2CXCOORD%2CYCOORD&resultOffset=14000&resultRecordCount=2000&orderByFields=OBJECTID_1,200,afae8bb746a97f4b78e657bb915e4dfa8f854c55b6b8fc2a5ce378ffd4d451c0,770963,\N,ungrd arcgis offset=14000
2026-08-15T16:44:44Z,https://services2.arcgis.com/YVLx8xYoDXKccDfJ/arcgis/rest/services/REGISTRO_DE_EMERGENCIAS_EN_COLOMBIA/FeatureServer/0/query?where=1%3D1&f=json&outFields=OBJECTID_1%2CFECHA%2CDEPARTAMEN%2CMUNICIPIO%2CDIVIPOLA%2CEVENTO%2CMUERTOS%2CHERIDOS%2CDESAPA_%2CPERSONAS%2CFAMILIAS%2CVIV_DESTRU%2CVIV_AVER_%2CVIAS%2CACUED_%2CC__SALUD%2CC_EDUCAT_%2CXCOORD%2CYCOORD&resultOffset=16000&resultRecordCount=2000&orderByFields=OBJECTID_1,200,a5f7d8b96e1b7bded262b6682bebc007023d8812d80d9cb0dc49b93b7175476d,776860,\N,ungrd arcgis offset=16000
2026-08-15T16:44:45Z,https://services2.arcgis.com/YVLx8xYoDXKccDfJ/arcgis/rest/services/REGISTRO_DE_EMERGENCIAS_EN_COLOMBIA/FeatureServer/0/query?where=1%3D1&f=json&outFields=OBJECTID_1%2CFECHA%2CDEPARTAMEN%2CMUNICIPIO%2CDIVIPOLA%2CEVENTO%2CMUERTOS%2CHERIDOS%2CDESAPA_%2CPERSONAS%2CFAMILIAS%2CVIV_DESTRU%2CVIV_AVER_%2CVIAS%2CACUED_%2CC__SALUD%2CC_EDUCAT_%2CXCOORD%2CYCOORD&resultOffset=18000&resultRecordCount=2000&orderByFields=OBJECTID_1,200,c5b032c5966c349b5739b831488f3366626cf24cd8fcd57de10bef49cca9a2f7,777450,\N,ungrd arcgis offset=18000
2026-08-15T16:44:47Z,https://services2.arcgis.com/YVLx8xYoDXKccDfJ/arcgis/rest/services/REGISTRO_DE_EMERGENCIAS_EN_COLOMBIA/FeatureServer/0/query?where=1%3D1&f=json&outFields=OBJECTID_1%2CFECHA%2CDEPARTAMEN%2CMUNICIPIO%2CDIVIPOLA%2CEVENTO%2CMUERTOS%2CHERIDOS%2CDESAPA_%2CPERSONAS%2CFAMILIAS%2CVIV_DESTRU%2CVIV_AVER_%2CVIAS%2CACUED_%2CC__SALUD%2CC_EDUCAT_%2CXCOORD%2CYCOORD&resultOffset=20000&resultRecordCount=2000&orderByFields=OBJECTID_1,200,38d11b67d4b9b62c47b0663210f3bf86706def0b3f4a9e6fec3fa819840fef0e,775004,\N,ungrd arcgis offset=20000
2026-08-15T16:44:48Z,https://services2.arcgis.com/YVLx8xYoDXKccDfJ/arcgis/rest/services/REGISTRO_DE_EMERGENCIAS_EN_COLOMBIA/FeatureServer/0/query?where=1%3D1&f=json&outFields=OBJECTID_1%2CFECHA%2CDEPARTAMEN%2CMUNICIPIO%2CDIVIPOLA%2CEVENTO%2CMUERTOS%2CHERIDOS%2CDESAPA_%2CPERSONAS%2CFAMILIAS%2CVIV_DESTRU%2CVIV_AVER_%2CVIAS%2CACUED_%2CC__SALUD%2CC_EDUCAT_%2CXCOORD%2CYCOORD&resultOffset=22000&resultRecordCount=2000&orderByFields=OBJECTID_1,200,c6988a38c7b74fd87228421095d4d7a95ae579738373061f2f65664ad8b6b85b,773603,\N,ungrd arcgis offset=22000
2026-08-15T16:44:49Z,https://services2.arcgis.com/YVLx8xYoDXKccDfJ/arcgis/rest/services/REGISTRO_DE_EMERGENCIAS_EN_COLOMBIA/FeatureServer/0/query?where=1%3D1&f=json&outFields=OBJECTID_1%2CFECHA%2CDEPARTAMEN%2CMUNICIPIO%2CDIVIPOLA%2CEVENTO%2CMUERTOS%2CHERIDOS%2CDESAPA_%2CPERSONAS%2CFAMILIAS%2CVIV_DESTRU%2CVIV_AVER_%2CVIAS%2CACUED_%2CC__SALUD%2CC_EDUCAT_%2CXCOORD%2CYCOORD&resultOffset=24000&resultRecordCount=2000&orderByFields=OBJECTID_1,200,35ae5cf3a2e0a3a8bd4a2d6d6d997b4e7c04caac702c56359a6d2b3c1128c0ce,775627,\N,ungrd arcgis offset=24000
2026-08-15T16:44:51Z,https://services2.arcgis.com/YVLx8xYoDXKccDfJ/arcgis/rest/services/REGISTRO_DE_EMERGENCIAS_EN_COLOMBIA/FeatureServer/0/query?where=1%3D1&f=json&outFields=OBJECTID_1%2CFECHA%2CDEPARTAMEN%2CMUNICIPIO%2CDIVIPOLA%2CEVENTO%2CMUERTOS%2CHERIDOS%2CDESAPA_%2CPERSONAS%2CFAMILIAS%2CVIV_DESTRU%2CVIV_AVER_%2CVIAS%2CACUED_%2CC__SALUD%2CC_EDUCAT_%2CXCOORD%2CYCOORD&resultOffset=26000&resultRecordCount=2000&orderByFields=OBJECTID_1,200,b3cffdd42d34094b704aab3bdd4fb030f031f4223de20011ee989f1a08d71047,766428,\N,ungrd arcgis offset=26000
2026-08-15T16:44:52Z,https://services2.arcgis.com/YVLx8xYoDXKccDfJ/arcgis/rest/services/REGISTRO_DE_EMERGENCIAS_EN_COLOMBIA/FeatureServer/0/query?where=1%3D1&f=json&outFields=OBJECTID_1%2CFECHA%2CDEPARTAMEN%2CMUNICIPIO%2CDIVIPOLA%2CEVENTO%2CMUERTOS%2CHERIDOS%2CDESAPA_%2CPERSONAS%2CFAMILIAS%2CVIV_DESTRU%2CVIV_AVER_%2CVIAS%2CACUED_%2CC__SALUD%2CC_EDUCAT_%2CXCOORD%2CYCOORD&resultOffset=28000&resultRecordCount=2000&orderByFields=OBJECTID_1,200,d2469a332f9747939b44df26d500c903b6be9cb2984f0a1da60995b2ac346ccb,771837,\N,ungrd arcgis offset=28000
2026-08-15T16:44:54Z,https://services2.arcgis.com/YVLx8xYoDXKccDfJ/arcgis/rest/services/REGISTRO_DE_EMERGENCIAS_EN_COLOMBIA/FeatureServer/0/query?where=1%3D1&f=json&outFields=OBJECTID_1%2CFECHA%2CDEPARTAMEN%2CMUNICIPIO%2CDIVIPOLA%2CEVENTO%2CMUERTOS%2CHERIDOS%2CDESAPA_%2CPERSONAS%2CFAMILIAS%2CVIV_DESTRU%2CVIV_AVER_%2CVIAS%2CACUED_%2CC__SALUD%2CC_EDUCAT_%2CXCOORD%2CYCOORD&resultOffset=30000&resultRecordCount=2000&orderByFields=OBJECTID_1,200,26eeeec3505d8f3fd5209d6b5ceae71056fff1b8f537701b4aff527e7e656cc1,775696,\N,ungrd arcgis offset=30000
2026-08-15T16:44:55Z,https://services2.arcgis.com/YVLx8xYoDXKccDfJ/arcgis/rest/services/REGISTRO_DE_EMERGENCIAS_EN_COLOMBIA/FeatureServer/0/query?where=1%3D1&f=json&outFields=OBJECTID_1%2CFECHA%2CDEPARTAMEN%2CMUNICIPIO%2CDIVIPOLA%2CEVENTO%2CMUERTOS%2CHERIDOS%2CDESAPA_%2CPERSONAS%2CFAMILIAS%2CVIV_DESTRU%2CVIV_AVER_%2CVIAS%2CACUED_%2CC__SALUD%2CC_EDUCAT_%2CXCOORD%2CYCOORD&resultOffset=32000&resultRecordCount=2000&orderByFields=OBJECTID_1,200,3281e838a536f65b7d952de3cff008ef9e101e5503d6e178efeb8b2b1f520bdb,779162,\N,ungrd arcgis offset=32000
2026-08-15T16:44:56Z,https://services2.arcgis.com/YVLx8xYoDXKccDfJ/arcgis/rest/services/REGISTRO_DE_EMERGENCIAS_EN_COLOMBIA/FeatureServer/0/query?where=1%3D1&f=json&outFields=OBJECTID_1%2CFECHA%2CDEPARTAMEN%2CMUNICIPIO%2CDIVIPOLA%2CEVENTO%2CMUERTOS%2CHERIDOS%2CDESAPA_%2CPERSONAS%2CFAMILIAS%2CVIV_DESTRU%2CVIV_AVER_%2CVIAS%2CACUED_%2CC__SALUD%2CC_EDUCAT_%2CXCOORD%2CYCOORD&resultOffset=34000&resultRecordCount=2000&orderByFields=OBJECTID_1,200,4b4c19f7400dee270a2fa2d7b89949b5b31606767551679d34f26b547be815f3,785850,\N,ungrd arcgis offset=34000
2026-08-15T16:44:57Z,https://services2.arcgis.com/YVLx8xYoDXKccDfJ/arcgis/rest/services/REGISTRO_DE_EMERGENCIAS_EN_COLOMBIA/FeatureServer/0/query?where=1%3D1&f=json&outFields=OBJECTID_1%2CFECHA%2CDEPARTAMEN%2CMUNICIPIO%2CDIVIPOLA%2CEVENTO%2CMUERTOS%2CHERIDOS%2CDESAPA_%2CPERSONAS%2CFAMILIAS%2CVIV_DESTRU%2CVIV_AVER_%2CVIAS%2CACUED_%2CC__SALUD%2CC_EDUCAT_%2CXCOORD%2CYCOORD&resultOffset=36000&resultRecordCount=2000&orderByFields=OBJECTID_1,200,250782affc276f52af9f8a836439072504c10b187a502466701e9bd2d93cf937,787410,\N,ungrd arcgis offset=36000
2026-08-15T16:44:59Z,https://services2.arcgis.com/YVLx8xYoDXKccDfJ/arcgis/rest/services/REGISTRO_DE_EMERGENCIAS_EN_COLOMBIA/FeatureServer/0/query?where=1%3D1&f=json&outFields=OBJECTID_1%2CFECHA%2CDEPARTAMEN%2CMUNICIPIO%2CDIVIPOLA%2CEVENTO%2CMUERTOS%2CHERIDOS%2CDESAPA_%2CPERSONAS%2CFAMILIAS%2CVIV_DESTRU%2CVIV_AVER_%2CVIAS%2CACUED_%2CC__SALUD%2CC_EDUCAT_%2CXCOORD%2CYCOORD&resultOffset=38000&resultRecordCount=2000&orderByFields=OBJECTID_1,200,792c75f71792610852d172b28e0777540eca38889bb07b4b43b4b7e2bb0450b0,789211,\N,ungrd arcgis offset=38000
2026-08-15T16:45:00Z,https://services2.arcgis.com/YVLx8xYoDXKccDfJ/arcgis/rest/services/REGISTRO_DE_EMERGENCIAS_EN_COLOMBIA/FeatureServer/0/query?where=1%3D1&f=json&outFields=OBJECTID_1%2CFECHA%2CDEPARTAMEN%2CMUNICIPIO%2CDIVIPOLA%2CEVENTO%2CMUERTOS%2CHERIDOS%2CDESAPA_%2CPERSONAS%2CFAMILIAS%2CVIV_DESTRU%2CVIV_AVER_%2CVIAS%2CACUED_%2CC__SALUD%2CC_EDUCAT_%2CXCOORD%2CYCOORD&resultOffset=40000&resultRecordCount=2000&orderByFields=OBJECTID_1,200,0cdfd440407dfa95463f3aad0d468f5eba6b8eb3df426b96b44c21833d48e169,785728,\N,ungrd arcgis offset=40000
2026-08-15T16:45:01Z,https://services2.arcgis.com/YVLx8xYoDXKccDfJ/arcgis/rest/services/REGISTRO_DE_EMERGENCIAS_EN_COLOMBIA/FeatureServer/0/query?where=1%3D1&f=json&outFields=OBJECTID_1%2CFECHA%2CDEPARTAMEN%2CMUNICIPIO%2CDIVIPOLA%2CEVENTO%2CMUERTOS%2CHERIDOS%2CDESAPA_%2CPERSONAS%2CFAMILIAS%2CVIV_DESTRU%2CVIV_AVER_%2CVIAS%2CACUED_%2CC__SALUD%2CC_EDUCAT_%2CXCOORD%2CYCOORD&resultOffset=42000&resultRecordCount=2000&orderByFields=OBJECTID_1,200,5be05ec2eb045a9f7e149eb7bc6d6163686f6faa53c93967d669f4187ee89953,772297,\N,ungrd arcgis offset=42000
2026-08-15T16:45:03Z,https://services2.arcgis.com/YVLx8xYoDXKccDfJ/arcgis/rest/services/REGISTRO_DE_EMERGENCIAS_EN_COLOMBIA/FeatureServer/0/query?where=1%3D1&f=json&outFields=OBJECTID_1%2CFECHA%2CDEPARTAMEN%2CMUNICIPIO%2CDIVIPOLA%2CEVENTO%2CMUERTOS%2CHERIDOS%2CDESAPA_%2CPERSONAS%2CFAMILIAS%2CVIV_DESTRU%2CVIV_AVER_%2CVIAS%2CACUED_%2CC__SALUD%2CC_EDUCAT_%2CXCOORD%2CYCOORD&resultOffset=44000&resultRecordCount=2000&orderByFields=OBJECTID_1,200,61605acd83dcf880179eb268d9a430266eb0817978d922d84228a58c30394958,768428,\N,ungrd arcgis offset=44000
2026-08-15T16:45:04Z,https://services2.arcgis.com/YVLx8xYoDXKccDfJ/arcgis/rest/services/REGISTRO_DE_EMERGENCIAS_EN_COLOMBIA/FeatureServer/0/query?where=1%3D1&f=json&outFields=OBJECTID_1%2CFECHA%2CDEPARTAMEN%2CMUNICIPIO%2CDIVIPOLA%2CEVENTO%2CMUERTOS%2CHERIDOS%2CDESAPA_%2CPERSONAS%2CFAMILIAS%2CVIV_DESTRU%2CVIV_AVER_%2CVIAS%2CACUED_%2CC__SALUD%2CC_EDUCAT_%2CXCOORD%2CYCOORD&resultOffset=46000&resultRecordCount=2000&orderByFields=OBJECTID_1,200,5505cffb8fe3fb7cd7b62818b61ee7c3e7b06d72caf82ef07b76e25a6cdd170a,771181,\N,ungrd arcgis offset=46000
2026-08-15T16:45:05Z,https://services2.arcgis.com/YVLx8xYoDXKccDfJ/arcgis/rest/services/REGISTRO_DE_EMERGENCIAS_EN_COLOMBIA/FeatureServer/0/query?where=1%3D1&f=json&outFields=OBJECTID_1%2CFECHA%2CDEPARTAMEN%2CMUNICIPIO%2CDIVIPOLA%2CEVENTO%2CMUERTOS%2CHERIDOS%2CDESAPA_%2CPERSONAS%2CFAMILIAS%2CVIV_DESTRU%2CVIV_AVER_%2CVIAS%2CACUED_%2CC__SALUD%2CC_EDUCAT_%2CXCOORD%2CYCOORD&resultOffset=48000&resultRecordCount=2000&orderByFields=OBJECTID_1,200,7f67996cc158618a0f7cb7ef9faf972ea20474ab29660de7cb700c4e300f7bee,784543,\N,ungrd arcgis offset=48000
2026-08-15T16:45:07Z,https://services2.arcgis.com/YVLx8xYoDXKccDfJ/arcgis/rest/services/REGISTRO_DE_EMERGENCIAS_EN_COLOMBIA/FeatureServer/0/query?where=1%3D1&f=json&outFields=OBJECTID_1%2CFECHA%2CDEPARTAMEN%2CMUNICIPIO%2CDIVIPOLA%2CEVENTO%2CMUERTOS%2CHERIDOS%2CDESAPA_%2CPERSONAS%2CFAMILIAS%2CVIV_DESTRU%2CVIV_AVER_%2CVIAS%2CACUED_%2CC__SALUD%2CC_EDUCAT_%2CXCOORD%2CYCOORD&resultOffset=50000&resultRecordCount=2000&orderByFields=OBJECTID_1,200,fb4c1349fb0efeae43cec8262d73bafc6444b6c35ba16b8da9945d93dd34abc3,780264,\N,ungrd arcgis offset=50000
2026-08-15T16:45:08Z,https://services2.arcgis.com/YVLx8xYoDXKccDfJ/arcgis/rest/services/REGISTRO_DE_EMERGENCIAS_EN_COLOMBIA/FeatureServer/0/query?where=1%3D1&f=json&outFields=OBJECTID_1%2CFECHA%2CDEPARTAMEN%2CMUNICIPIO%2CDIVIPOLA%2CEVENTO%2CMUERTOS%2CHERIDOS%2CDESAPA_%2CPERSONAS%2CFAMILIAS%2CVIV_DESTRU%2CVIV_AVER_%2CVIAS%2CACUED_%2CC__SALUD%2CC_EDUCAT_%2CXCOORD%2CYCOORD&resultOffset=52000&resultRecordCount=2000&orderByFields=OBJECTID_1,200,0b81833468ff0c329bb15dce8b74ef3db3255fac70446c7cc747f632a581b4c0,776021,\N,ungrd arcgis offset=52000
2026-08-15T16:45:09Z,https://services2.arcgis.com/YVLx8xYoDXKccDfJ/arcgis/rest/services/REGISTRO_DE_EMERGENCIAS_EN_COLOMBIA/FeatureServer/0/query?where=1%3D1&f=json&outFields=OBJECTID_1%2CFECHA%2CDEPARTAMEN%2CMUNICIPIO%2CDIVIPOLA%2CEVENTO%2CMUERTOS%2CHERIDOS%2CDESAPA_%2CPERSONAS%2CFAMILIAS%2CVIV_DESTRU%2CVIV_AVER_%2CVIAS%2CACUED_%2CC__SALUD%2CC_EDUCAT_%2CXCOORD%2CYCOORD&resultOffset=54000&resultRecordCount=2000&orderByFields=OBJECTID_1,200,df92f8a07a42b39a87de49788153310a7e036af3435e95567359372c84646073,774541,\N,ungrd arcgis offset=54000
2026-08-15T16:45:11Z,https://services2.arcgis.com/YVLx8xYoDXKccDfJ/arcgis/rest/services/REGISTRO_DE_EMERGENCIAS_EN_COLOMBIA/FeatureServer/0/query?where=1%3D1&f=json&outFields=OBJECTID_1%2CFECHA%2CDEPARTAMEN%2CMUNICIPIO%2CDIVIPOLA%2CEVENTO%2CMUERTOS%2CHERIDOS%2CDESAPA_%2CPERSONAS%2CFAMILIAS%2CVIV_DESTRU%2CVIV_AVER_%2CVIAS%2CACUED_%2CC__SALUD%2CC_EDUCAT_%2CXCOORD%2CYCOORD&resultOffset=56000&resultRecordCount=2000&orderByFields=OBJECTID_1,200,4b23c38a85e647ffcafd1f0bc5acddab1859e4d3c574850908b78da10029bd40,788132,\N,ungrd arcgis offset=56000
2026-08-15T16:45:12Z,https://services2.arcgis.com/YVLx8xYoDXKccDfJ/arcgis/rest/services/REGISTRO_DE_EMERGENCIAS_EN_COLOMBIA/FeatureServer/0/query?where=1%3D1&f=json&outFields=OBJECTID_1%2CFECHA%2CDEPARTAMEN%2CMUNICIPIO%2CDIVIPOLA%2CEVENTO%2CMUERTOS%2CHERIDOS%2CDESAPA_%2CPERSONAS%2CFAMILIAS%2CVIV_DESTRU%2CVIV_AVER_%2CVIAS%2CACUED_%2CC__SALUD%2CC_EDUCAT_%2CXCOORD%2CYCOORD&resultOffset=58000&resultRecordCount=2000&orderByFields=OBJECTID_1,200,1a9d3a26c5d91b0ac5fac801f6a2b2b406d533fc3b8145c64fe41de3865cd2c3,799171,\N,ungrd arcgis offset=58000
2026-08-15T16:45:13Z,https://services2.arcgis.com/YVLx8xYoDXKccDfJ/arcgis/rest/services/REGISTRO_DE_EMERGENCIAS_EN_COLOMBIA/FeatureServer/0/query?where=1%3D1&f=json&outFields=OBJECTID_1%2CFECHA%2CDEPARTAMEN%2CMUNICIPIO%2CDIVIPOLA%2CEVENTO%2CMUERTOS%2CHERIDOS%2CDESAPA_%2CPERSONAS%2CFAMILIAS%2CVIV_DESTRU%2CVIV_AVER_%2CVIAS%2CACUED_%2CC__SALUD%2CC_EDUCAT_%2CXCOORD%2CYCOORD&resultOffset=60000&resultRecordCount=2000&orderByFields=OBJECTID_1,200,903feb74e00b4143221e144bdbd2b939563b630e1a2d0f7a1970d4f1552285c1,771135,\N,ungrd arcgis offset=60000
2026-08-15T16:45:14Z,https://services2.arcgis.com/YVLx8xYoDXKccDfJ/arcgis/rest/services/REGISTRO_DE_EMERGENCIAS_EN_COLOMBIA/FeatureServer/0/query?where=1%3D1&f=json&outFields=OBJECTID_1%2CFECHA%2CDEPARTAMEN%2CMUNICIPIO%2CDIVIPOLA%2CEVENTO%2CMUERTOS%2CHERIDOS%2CDESAPA_%2CPERSONAS%2CFAMILIAS%2CVIV_DESTRU%2CVIV_AVER_%2CVIAS%2CACUED_%2CC__SALUD%2CC_EDUCAT_%2CXCOORD%2CYCOORD&resultOffset=62000&resultRecordCount=2000&orderByFields=OBJECTID_1,200,b13d6a0ef41a76ba9b557aaa06058cd735f9d81ea5417eccd86280874b2ef1f5,778670,\N,ungrd arcgis offset=62000
2026-08-15T16:45:16Z,https://services2.arcgis.com/YVLx8xYoDXKccDfJ/arcgis/rest/services/REGISTRO_DE_EMERGENCIAS_EN_COLOMBIA/FeatureServer/0/query?where=1%3D1&f=json&outFields=OBJECTID_1%2CFECHA%2CDEPARTAMEN%2CMUNICIPIO%2CDIVIPOLA%2CEVENTO%2CMUERTOS%2CHERIDOS%2CDESAPA_%2CPERSONAS%2CFAMILIAS%2CVIV_DESTRU%2CVIV_AVER_%2CVIAS%2CACUED_%2CC__SALUD%2CC_EDUCAT_%2CXCOORD%2CYCOORD&resultOffset=64000&resultRecordCount=2000&orderByFields=OBJECTID_1,200,0a13faabdfb84e6c422ebf14b1a535df1399a5bd2167fc96ac2078c4242b2b1a,784784,\N,ungrd arcgis offset=64000
2026-08-15T16:45:17Z,https://services2.arcgis.com/YVLx8xYoDXKccDfJ/arcgis/rest/services/REGISTRO_DE_EMERGENCIAS_EN_COLOMBIA/FeatureServer/0/query?where=1%3D1&f=json&outFields=OBJECTID_1%2CFECHA%2CDEPARTAMEN%2CMUNICIPIO%2CDIVIPOLA%2CEVENTO%2CMUERTOS%2CHERIDOS%2CDESAPA_%2CPERSONAS%2CFAMILIAS%2CVIV_DESTRU%2CVIV_AVER_%2CVIAS%2CACUED_%2CC__SALUD%2CC_EDUCAT_%2CXCOORD%2CYCOORD&resultOffset=66000&resultRecordCount=2000&orderByFields=OBJECTID_1,200,3800a741dab7f817e5f300c889f79ef9b67d81eea6f9c7d62cd8d4042afb43ff,781206,\N,ungrd arcgis offset=66000
2026-08-15T16:45:18Z,https://services2.arcgis.com/YVLx8xYoDXKccDfJ/arcgis/rest/services/REGISTRO_DE_EMERGENCIAS_EN_COLOMBIA/FeatureServer/0/query?where=1%3D1&f=json&outFields=OBJECTID_1%2CFECHA%2CDEPARTAMEN%2CMUNICIPIO%2CDIVIPOLA%2CEVENTO%2CMUERTOS%2CHERIDOS%2CDESAPA_%2CPERSONAS%2CFAMILIAS%2CVIV_DESTRU%2CVIV_AVER_%2CVIAS%2CACUED_%2CC__SALUD%2CC_EDUCAT_%2CXCOORD%2CYCOORD&resultOffset=68000&resultRecordCount=2000&orderByFields=OBJECTID_1,200,7b54ce11f41cfaff12d8df3a862e440d781c4da98d2a241fb4812554eaf2946c,780945,\N,ungrd arcgis offset=68000
2026-08-15T16:45:20Z,https://services2.arcgis.com/YVLx8xYoDXKccDfJ/arcgis/rest/services/REGISTRO_DE_EMERGENCIAS_EN_COLOMBIA/FeatureServer/0/query?where=1%3D1&f=json&outFields=OBJECTID_1%2CFECHA%2CDEPARTAMEN%2CMUNICIPIO%2CDIVIPOLA%2CEVENTO%2CMUERTOS%2CHERIDOS%2CDESAPA_%2CPERSONAS%2CFAMILIAS%2CVIV_DESTRU%2CVIV_AVER_%2CVIAS%2CACUED_%2CC__SALUD%2CC_EDUCAT_%2CXCOORD%2CYCOORD&resultOffset=70000&resultRecordCount=2000&orderByFields=OBJECTID_1,200,05ea5cc138b8f9f027c0ebabde81ebabe6e5e6bede559d922998a606b6b03495,771288,\N,ungrd arcgis offset=70000
2026-08-15T16:45:21Z,https://services2.arcgis.com/YVLx8xYoDXKccDfJ/arcgis/rest/services/REGISTRO_DE_EMERGENCIAS_EN_COLOMBIA/FeatureServer/0/query?where=1%3D1&f=json&outFields=OBJECTID_1%2CFECHA%2CDEPARTAMEN%2CMUNICIPIO%2CDIVIPOLA%2CEVENTO%2CMUERTOS%2CHERIDOS%2CDESAPA_%2CPERSONAS%2CFAMILIAS%2CVIV_DESTRU%2CVIV_AVER_%2CVIAS%2CACUED_%2CC__SALUD%2CC_EDUCAT_%2CXCOORD%2CYCOORD&resultOffset=72000&resultRecordCount=2000&orderByFields=OBJECTID_1,200,b7002d9d3bc6174c17435c2bc990920552a6aa1081b3b7e3f2d739a50014b9c7,773865,\N,ungrd arcgis offset=72000
2026-08-15T16:45:23Z,https://services2.arcgis.com/YVLx8xYoDXKccDfJ/arcgis/rest/services/REGISTRO_DE_EMERGENCIAS_EN_COLOMBIA/FeatureServer/0/query?where=1%3D1&f=json&outFields=OBJECTID_1%2CFECHA%2CDEPARTAMEN%2CMUNICIPIO%2CDIVIPOLA%2CEVENTO%2CMUERTOS%2CHERIDOS%2CDESAPA_%2CPERSONAS%2CFAMILIAS%2CVIV_DESTRU%2CVIV_AVER_%2CVIAS%2CACUED_%2CC__SALUD%2CC_EDUCAT_%2CXCOORD%2CYCOORD&resultOffset=74000&resultRecordCount=2000&orderByFields=OBJECTID_1,200,305479a0884457d59339c4ff8cfa93b1843bd0b935716ab5f1b019de0d151f32,776693,\N,ungrd arcgis offset=74000
2026-08-15T16:45:24Z,https://services2.arcgis.com/YVLx8xYoDXKccDfJ/arcgis/rest/services/REGISTRO_DE_EMERGENCIAS_EN_COLOMBIA/FeatureServer/0/query?where=1%3D1&f=json&outFields=OBJECTID_1%2CFECHA%2CDEPARTAMEN%2CMUNICIPIO%2CDIVIPOLA%2CEVENTO%2CMUERTOS%2CHERIDOS%2CDESAPA_%2CPERSONAS%2CFAMILIAS%2CVIV_DESTRU%2CVIV_AVER_%2CVIAS%2CACUED_%2CC__SALUD%2CC_EDUCAT_%2CXCOORD%2CYCOORD&resultOffset=76000&resultRecordCount=2000&orderByFields=OBJECTID_1,200,96323411a9f40614ce1d06b75a1ce21958c58236a25cb201bca234d43a6d9d66,778423,\N,ungrd arcgis offset=76000
2026-08-15T16:45:26Z,https://services2.arcgis.com/YVLx8xYoDXKccDfJ/arcgis/rest/services/REGISTRO_DE_EMERGENCIAS_EN_COLOMBIA/FeatureServer/0/query?where=1%3D1&f=json&outFields=OBJECTID_1%2CFECHA%2CDEPARTAMEN%2CMUNICIPIO%2CDIVIPOLA%2CEVENTO%2CMUERTOS%2CHERIDOS%2CDESAPA_%2CPERSONAS%2CFAMILIAS%2CVIV_DESTRU%2CVIV_AVER_%2CVIAS%2CACUED_%2CC__SALUD%2CC_EDUCAT_%2CXCOORD%2CYCOORD&resultOffset=78000&resultRecordCount=2000&orderByFields=OBJECTID_1,200,ce8e12b8720e61052b9e01d9e421b7d383f1e403ba10d9450769ba37d85716b6,790922,\N,ungrd arcgis offset=78000
2026-08-15T16:45:27Z,https://services2.arcgis.com/YVLx8xYoDXKccDfJ/arcgis/rest/services/REGISTRO_DE_EMERGENCIAS_EN_COLOMBIA/FeatureServer/0/query?where=1%3D1&f=json&outFields=OBJECTID_1%2CFECHA%2CDEPARTAMEN%2CMUNICIPIO%2CDIVIPOLA%2CEVENTO%2CMUERTOS%2CHERIDOS%2CDESAPA_%2CPERSONAS%2CFAMILIAS%2CVIV_DESTRU%2CVIV_AVER_%2CVIAS%2CACUED_%2CC__SALUD%2CC_EDUCAT_%2CXCOORD%2CYCOORD&resultOffset=80000&resultRecordCount=2000&orderByFields=OBJECTID_1,200,59068cdfa49a3064e3592b6409151b492808866d19ccbe50d76f01e554bb259a,780243,\N,ungrd arcgis offset=80000
2026-08-15T16:45:29Z,https://services2.arcgis.com/YVLx8xYoDXKccDfJ/arcgis/rest/services/REGISTRO_DE_EMERGENCIAS_EN_COLOMBIA/FeatureServer/0/query?where=1%3D1&f=json&outFields=OBJECTID_1%2CFECHA%2CDEPARTAMEN%2CMUNICIPIO%2CDIVIPOLA%2CEVENTO%2CMUERTOS%2CHERIDOS%2CDESAPA_%2CPERSONAS%2CFAMILIAS%2CVIV_DESTRU%2CVIV_AVER_%2CVIAS%2CACUED_%2CC__SALUD%2CC_EDUCAT_%2CXCOORD%2CYCOORD&resultOffset=82000&resultRecordCount=2000&orderByFields=OBJECTID_1,200,f4777d2b9f706abd3b5a2f88998e0a917ecbb3caf4d1fced230e19b41e1504bf,778462,\N,ungrd arcgis offset=82000
2026-08-15T16:45:30Z,https://services2.arcgis.com/YVLx8xYoDXKccDfJ/arcgis/rest/services/REGISTRO_DE_EMERGENCIAS_EN_COLOMBIA/FeatureServer/0/query?where=1%3D1&f=json&outFields=OBJECTID_1%2CFECHA%2CDEPARTAMEN%2CMUNICIPIO%2CDIVIPOLA%2CEVENTO%2CMUERTOS%2CHERIDOS%2CDESAPA_%2CPERSONAS%2CFAMILIAS%2CVIV_DESTRU%2CVIV_AVER_%2CVIAS%2CACUED_%2CC__SALUD%2CC_EDUCAT_%2CXCOORD%2CYCOORD&resultOffset=84000&resultRecordCount=2000&orderByFields=OBJECTID_1,200,30f3dc849bca1c733eab387d0e4336890235291d5a65660df5c121a82ec4fa17,648130,\N,ungrd arcgis offset=84000
2026-08-15T16:50:59Z,https://rapidmapping.emergency.copernicus.eu/backend/dashboard-api/public-activations/,200,1fee0691a0e23855c9e78aacbc91a2890a8f33a7d9470d4423b108672df8df72,49,\N,test supuesto
2026-08-15T16:50:59Z,https://rapidmapping.emergency.copernicus.eu/backend/dashboard-api/public-activations/?code=EMSR916,200,b32f3747d33567776814f8bca911daf960e0dbf06884222270651a97f598c854,41711,\N,test supuesto
2026-08-15T16:51:00Z,https://rapidmapping.emergency.copernicus.eu/backend/dashboard-api/public-activations/?code=EMSR700,403,dbff0849bc109eee7f9b7b1fe12e40fc8add21823b2f1fb600b37f620cbd7862,58,\N,test supuesto
2026-08-15T16:51:00Z,https://rapidmapping.emergency.copernicus.eu/backend/dashboard-api/public-activations/?code=EMSR916,200,b32f3747d33567776814f8bca911daf960e0dbf06884222270651a97f598c854,41711,\N,test supuesto
2026-08-15T16:51:00Z,https://rapidmapping.emergency.copernicus.eu/backend/dashboard-api/public-activations/?code=EMSR916,200,b32f3747d33567776814f8bca911daf960e0dbf06884222270651a97f598c854,41711,\N,test supuesto
2026-08-15T16:51:01Z,https://chatmap.hotosm.org/api/v1/map/89319bbb-a14a-4dfd-b9a1-c83b8b55785f,200,0c5e3a8ddccf40c596ffb7859e4e1157581992a71d6a22c06a8dff6463a2b18a,190209,\N,test supuesto
2026-08-15T16:51:02Z,https://earthquake.usgs.gov/fdsnws/event/1/query?eventid=us6000tjl2&format=geojson,200,8cb4c7a6debc6d5f02c43fb8deeda6ec0e815267397b0c4a9ee7267d15f3f250,67044,\N,test supuesto
2026-08-15T16:51:05Z,https://www.gdacs.org/gdacsapi/api/emm/getemmnewsbykey?eventtype=EQ&eventid=1557236,200,acd607edf73cf11a33d80e4b05c77fece47a4b8e59474f6f0379d6ce04cb29a0,1832696,\N,test supuesto
2026-08-15T16:51:06Z,https://services2.arcgis.com/YVLx8xYoDXKccDfJ/arcgis/rest/services/REGISTRO_DE_EMERGENCIAS_EN_COLOMBIA/FeatureServer/0/query?where=1%3D1&f=json&resultRecordCount=1&outFields=MUERTOS%2CVIV_DESTRU%2CMUNICIPIO,200,3ef63243668bc2e5a8f8bcab749740625edf1fe451ff82e7c01ba5360471d382,792,\N,test supuesto
2026-08-15T16:51:07Z,https://www.datos.gov.co/resource/wwkg-r6te.json?%24select=max%28fecha%29,200,9e69438b2fabe535e37608812d936a433f81bc015a63069d8b9bfb9b24644dfa,42,\N,test supuesto
2026-08-15T16:57:54Z,https://rapidmapping-viewer.s3.eu-west-1.amazonaws.com/EMSR916/AOI01/GRA_PRODUCT/EMSR916_AOI01_GRA_PRODUCT_builtUpP_v1.json,200,d2c876bed0fe855db3baf3eeed0068a543b8e5f1a53d4649d1469f0adcf12816,2967,data/snapshots/2026-08-15/layer_EMSR916_AOI01_GRA_PRODUCT_builtUpP_v1.json,capa EMSR916_AOI01_GRA_PRODUCT_builtUpP_v1.json
2026-08-15T16:57:55Z,https://rapidmapping-viewer.s3.eu-west-1.amazonaws.com/EMSR916/AOI01/GRA_PRODUCT/EMSR916_AOI01_GRA_PRODUCT_transportationL_v1.json,200,d7f4fac6a9ec135213d5a4b1e114be72d34858e61e49a2c10739a210e6936ec0,1841079,data/snapshots/2026-08-15/layer_EMSR916_AOI01_GRA_PRODUCT_transportationL_v1.json,capa EMSR916_AOI01_GRA_PRODUCT_transportationL_v1.json
2026-08-15T16:57:55Z,https://rapidmapping-viewer.s3.eu-west-1.amazonaws.com/EMSR916/AOI02/GRA_PRODUCT/EMSR916_AOI02_GRA_PRODUCT_ancillaryCrisisInfoP_v1.json,200,7da38d87aedf40cf564d92de9a68527596a4e0c8a5a0b9aa7e8966b76e632f30,3973,data/snapshots/2026-08-15/layer_EMSR916_AOI02_GRA_PRODUCT_ancillaryCrisisInfoP_v1.json,capa EMSR916_AOI02_GRA_PRODUCT_ancillaryCrisisInfoP_v1.json
2026-08-15T16:57:56Z,https://rapidmapping-viewer.s3.eu-west-1.amazonaws.com/EMSR916/AOI02/GRA_PRODUCT/EMSR916_AOI02_GRA_PRODUCT_builtUpP_v1.json,200,cff04c1b9be16aeff75dd9f8bc35a219db3b3f02e49b39f6d589f1a0bbf00e8b,72009,data/snapshots/2026-08-15/layer_EMSR916_AOI02_GRA_PRODUCT_builtUpP_v1.json,capa EMSR916_AOI02_GRA_PRODUCT_builtUpP_v1.json
2026-08-15T16:57:56Z,https://rapidmapping-viewer.s3.eu-west-1.amazonaws.com/EMSR916/AOI02/GRA_PRODUCT/EMSR916_AOI02_GRA_PRODUCT_transportationL_v1.json,200,be479547469835ca25edceacbced43eebee8578b03b64c35988c04ca168c089e,1436803,data/snapshots/2026-08-15/layer_EMSR916_AOI02_GRA_PRODUCT_transportationL_v1.json,capa EMSR916_AOI02_GRA_PRODUCT_transportationL_v1.json
2026-08-15T16:57:57Z,https://rapidmapping-viewer.s3.eu-west-1.amazonaws.com/EMSR916/AOI03/GRA_PRODUCT/EMSR916_AOI03_GRA_PRODUCT_builtUpP_v1.json,200,d5014233cfcda96b8a2de710065455facedd1b98f4393c820659b5739873ffcc,5726,data/snapshots/2026-08-15/layer_EMSR916_AOI03_GRA_PRODUCT_builtUpP_v1.json,capa EMSR916_AOI03_GRA_PRODUCT_builtUpP_v1.json
2026-08-15T16:57:57Z,https://rapidmapping-viewer.s3.eu-west-1.amazonaws.com/EMSR916/AOI03/GRA_PRODUCT/EMSR916_AOI03_GRA_PRODUCT_transportationL_v1.json,200,bf5c9447ad831362334eed9da8307922e07fba57f089ccaefc080b2d2ab641fd,429432,data/snapshots/2026-08-15/layer_EMSR916_AOI03_GRA_PRODUCT_transportationL_v1.json,capa EMSR916_AOI03_GRA_PRODUCT_transportationL_v1.json
2026-08-15T16:57:58Z,https://rapidmapping-viewer.s3.eu-west-1.amazonaws.com/EMSR916/AOI04/GRA_PRODUCT/EMSR916_AOI04_GRA_PRODUCT_ancillaryCrisisInfoP_v1.json,200,74235956a8307838befb48138d7867d9591f5baf36aef2f1eb12aa8794010fb8,883,data/snapshots/2026-08-15/layer_EMSR916_AOI04_GRA_PRODUCT_ancillaryCrisisInfoP_v1.json,capa EMSR916_AOI04_GRA_PRODUCT_ancillaryCrisisInfoP_v1.json
2026-08-15T16:57:58Z,https://rapidmapping-viewer.s3.eu-west-1.amazonaws.com/EMSR916/AOI04/GRA_PRODUCT/EMSR916_AOI04_GRA_PRODUCT_builtUpP_v1.json,200,b025e5711a2e223241d85b7051c231b84159a081fc9e9c9e11e33196dab89e56,29720,data/snapshots/2026-08-15/layer_EMSR916_AOI04_GRA_PRODUCT_builtUpP_v1.json,capa EMSR916_AOI04_GRA_PRODUCT_builtUpP_v1.json
2026-08-15T16:57:58Z,https://rapidmapping-viewer.s3.eu-west-1.amazonaws.com/EMSR916/AOI04/GRA_PRODUCT/EMSR916_AOI04_GRA_PRODUCT_transportationL_v1.json,200,f321eaa11f247bcc3eaf3ccfdd16847b3c0d36d16d367dd9a20265130ed4af9d,341651,data/snapshots/2026-08-15/layer_EMSR916_AOI04_GRA_PRODUCT_transportationL_v1.json,capa EMSR916_AOI04_GRA_PRODUCT_transportationL_v1.json
2026-08-15T16:57:59Z,https://rapidmapping-viewer.s3.eu-west-1.amazonaws.com/EMSR916/AOI05/GRA_PRODUCT/EMSR916_AOI05_GRA_PRODUCT_builtUpP_v1.json,200,a4f29ebf418368d636175d77fa3dfaa771f48a4a2a07ec1dbb4b5219cdb853ae,4131,data/snapshots/2026-08-15/layer_EMSR916_AOI05_GRA_PRODUCT_builtUpP_v1.json,capa EMSR916_AOI05_GRA_PRODUCT_builtUpP_v1.json
2026-08-15T16:57:59Z,https://rapidmapping-viewer.s3.eu-west-1.amazonaws.com/EMSR916/AOI05/GRA_PRODUCT/EMSR916_AOI05_GRA_PRODUCT_notAnalysedA_v1.json,200,1498f1d5ed81a1eec089d1c0301ad606e3344754adea6bc9104e7fc9af869df4,7942,data/snapshots/2026-08-15/layer_EMSR916_AOI05_GRA_PRODUCT_notAnalysedA_v1.json,capa EMSR916_AOI05_GRA_PRODUCT_notAnalysedA_v1.json
2026-08-15T16:58:00Z,https://rapidmapping-viewer.s3.eu-west-1.amazonaws.com/EMSR916/AOI05/GRA_PRODUCT/EMSR916_AOI05_GRA_PRODUCT_transportationL_v1.json,200,6e92765efd9d44659516e671e8313ca15a2db3eee5f65100994f20e5f2b1ecfd,125000,data/snapshots/2026-08-15/layer_EMSR916_AOI05_GRA_PRODUCT_transportationL_v1.json,capa EMSR916_AOI05_GRA_PRODUCT_transportationL_v1.json
2026-08-15T16:58:00Z,https://rapidmapping-viewer.s3.eu-west-1.amazonaws.com/EMSR916/AOI06/GRA_MONIT01/EMSR916_AOI06_GRA_MONIT01_builtUpP_v2.json,200,7a463f4000890cdba17d6191330ec7e9fc92ed5c01b10379d87a04280835176a,132688,data/snapshots/2026-08-15/layer_EMSR916_AOI06_GRA_MONIT01_builtUpP_v2.json,capa EMSR916_AOI06_GRA_MONIT01_builtUpP_v2.json
2026-08-15T16:58:01Z,https://rapidmapping-viewer.s3.eu-west-1.amazonaws.com/EMSR916/AOI06/GRA_MONIT01/EMSR916_AOI06_GRA_MONIT01_notAnalysedA_v2.json,200,add1491caef0ae73a816c015556aa6ad1e832ed23ec61c9dd5df8e00f497281e,2375722,data/snapshots/2026-08-15/layer_EMSR916_AOI06_GRA_MONIT01_notAnalysedA_v2.json,capa EMSR916_AOI06_GRA_MONIT01_notAnalysedA_v2.json
2026-08-15T16:58:02Z,https://rapidmapping-viewer.s3.eu-west-1.amazonaws.com/EMSR916/AOI06/GRA_MONIT01/EMSR916_AOI06_GRA_MONIT01_transportationL_v2.json,200,6c29b4f423a7e76579429778c782a914fd9569f55f1ab9a129ace385cf82b92e,1391811,data/snapshots/2026-08-15/layer_EMSR916_AOI06_GRA_MONIT01_transportationL_v2.json,capa EMSR916_AOI06_GRA_MONIT01_transportationL_v2.json
2026-08-15T16:59:32Z,https://rapidmapping-viewer.s3.eu-west-1.amazonaws.com/EMSR916/AOI01/GRA_PRODUCT/EMSR916_AOI01_GRA_PRODUCT_builtUpP_v1.json,200,d2c876bed0fe855db3baf3eeed0068a543b8e5f1a53d4649d1469f0adcf12816,2967,data/snapshots/2026-08-15/layer_EMSR916_AOI01_GRA_PRODUCT_builtUpP_v1.json,capa EMSR916_AOI01_GRA_PRODUCT_builtUpP_v1.json
2026-08-15T16:59:33Z,https://rapidmapping-viewer.s3.eu-west-1.amazonaws.com/EMSR916/AOI01/GRA_PRODUCT/EMSR916_AOI01_GRA_PRODUCT_transportationL_v1.json,200,d7f4fac6a9ec135213d5a4b1e114be72d34858e61e49a2c10739a210e6936ec0,1841079,data/snapshots/2026-08-15/layer_EMSR916_AOI01_GRA_PRODUCT_transportationL_v1.json,capa EMSR916_AOI01_GRA_PRODUCT_transportationL_v1.json
2026-08-15T16:59:33Z,https://rapidmapping-viewer.s3.eu-west-1.amazonaws.com/EMSR916/AOI02/GRA_PRODUCT/EMSR916_AOI02_GRA_PRODUCT_ancillaryCrisisInfoP_v1.json,200,7da38d87aedf40cf564d92de9a68527596a4e0c8a5a0b9aa7e8966b76e632f30,3973,data/snapshots/2026-08-15/layer_EMSR916_AOI02_GRA_PRODUCT_ancillaryCrisisInfoP_v1.json,capa EMSR916_AOI02_GRA_PRODUCT_ancillaryCrisisInfoP_v1.json
2026-08-15T16:59:33Z,https://rapidmapping-viewer.s3.eu-west-1.amazonaws.com/EMSR916/AOI02/GRA_PRODUCT/EMSR916_AOI02_GRA_PRODUCT_builtUpP_v1.json,200,cff04c1b9be16aeff75dd9f8bc35a219db3b3f02e49b39f6d589f1a0bbf00e8b,72009,data/snapshots/2026-08-15/layer_EMSR916_AOI02_GRA_PRODUCT_builtUpP_v1.json,capa EMSR916_AOI02_GRA_PRODUCT_builtUpP_v1.json
2026-08-15T16:59:34Z,https://rapidmapping-viewer.s3.eu-west-1.amazonaws.com/EMSR916/AOI02/GRA_PRODUCT/EMSR916_AOI02_GRA_PRODUCT_transportationL_v1.json,200,be479547469835ca25edceacbced43eebee8578b03b64c35988c04ca168c089e,1436803,data/snapshots/2026-08-15/layer_EMSR916_AOI02_GRA_PRODUCT_transportationL_v1.json,capa EMSR916_AOI02_GRA_PRODUCT_transportationL_v1.json
2026-08-15T16:59:34Z,https://rapidmapping-viewer.s3.eu-west-1.amazonaws.com/EMSR916/AOI03/GRA_PRODUCT/EMSR916_AOI03_GRA_PRODUCT_builtUpP_v1.json,200,d5014233cfcda96b8a2de710065455facedd1b98f4393c820659b5739873ffcc,5726,data/snapshots/2026-08-15/layer_EMSR916_AOI03_GRA_PRODUCT_builtUpP_v1.json,capa EMSR916_AOI03_GRA_PRODUCT_builtUpP_v1.json
2026-08-15T16:59:35Z,https://rapidmapping-viewer.s3.eu-west-1.amazonaws.com/EMSR916/AOI03/GRA_PRODUCT/EMSR916_AOI03_GRA_PRODUCT_transportationL_v1.json,200,bf5c9447ad831362334eed9da8307922e07fba57f089ccaefc080b2d2ab641fd,429432,data/snapshots/2026-08-15/layer_EMSR916_AOI03_GRA_PRODUCT_transportationL_v1.json,capa EMSR916_AOI03_GRA_PRODUCT_transportationL_v1.json
2026-08-15T16:59:35Z,https://rapidmapping-viewer.s3.eu-west-1.amazonaws.com/EMSR916/AOI04/GRA_PRODUCT/EMSR916_AOI04_GRA_PRODUCT_ancillaryCrisisInfoP_v1.json,200,74235956a8307838befb48138d7867d9591f5baf36aef2f1eb12aa8794010fb8,883,data/snapshots/2026-08-15/layer_EMSR916_AOI04_GRA_PRODUCT_ancillaryCrisisInfoP_v1.json,capa EMSR916_AOI04_GRA_PRODUCT_ancillaryCrisisInfoP_v1.json
2026-08-15T16:59:35Z,https://rapidmapping-viewer.s3.eu-west-1.amazonaws.com/EMSR916/AOI04/GRA_PRODUCT/EMSR916_AOI04_GRA_PRODUCT_builtUpP_v1.json,200,b025e5711a2e223241d85b7051c231b84159a081fc9e9c9e11e33196dab89e56,29720,data/snapshots/2026-08-15/layer_EMSR916_AOI04_GRA_PRODUCT_builtUpP_v1.json,capa EMSR916_AOI04_GRA_PRODUCT_builtUpP_v1.json
2026-08-15T16:59:36Z,https://rapidmapping-viewer.s3.eu-west-1.amazonaws.com/EMSR916/AOI04/GRA_PRODUCT/EMSR916_AOI04_GRA_PRODUCT_transportationL_v1.json,200,f321eaa11f247bcc3eaf3ccfdd16847b3c0d36d16d367dd9a20265130ed4af9d,341651,data/snapshots/2026-08-15/layer_EMSR916_AOI04_GRA_PRODUCT_transportationL_v1.json,capa EMSR916_AOI04_GRA_PRODUCT_transportationL_v1.json
2026-08-15T16:59:36Z,https://rapidmapping-viewer.s3.eu-west-1.amazonaws.com/EMSR916/AOI05/GRA_PRODUCT/EMSR916_AOI05_GRA_PRODUCT_builtUpP_v1.json,200,a4f29ebf418368d636175d77fa3dfaa771f48a4a2a07ec1dbb4b5219cdb853ae,4131,data/snapshots/2026-08-15/layer_EMSR916_AOI05_GRA_PRODUCT_builtUpP_v1.json,capa EMSR916_AOI05_GRA_PRODUCT_builtUpP_v1.json
2026-08-15T16:59:37Z,https://rapidmapping-viewer.s3.eu-west-1.amazonaws.com/EMSR916/AOI05/GRA_PRODUCT/EMSR916_AOI05_GRA_PRODUCT_notAnalysedA_v1.json,200,1498f1d5ed81a1eec089d1c0301ad606e3344754adea6bc9104e7fc9af869df4,7942,data/snapshots/2026-08-15/layer_EMSR916_AOI05_GRA_PRODUCT_notAnalysedA_v1.json,capa EMSR916_AOI05_GRA_PRODUCT_notAnalysedA_v1.json
2026-08-15T16:59:37Z,https://rapidmapping-viewer.s3.eu-west-1.amazonaws.com/EMSR916/AOI05/GRA_PRODUCT/EMSR916_AOI05_GRA_PRODUCT_transportationL_v1.json,200,6e92765efd9d44659516e671e8313ca15a2db3eee5f65100994f20e5f2b1ecfd,125000,data/snapshots/2026-08-15/layer_EMSR916_AOI05_GRA_PRODUCT_transportationL_v1.json,capa EMSR916_AOI05_GRA_PRODUCT_transportationL_v1.json
2026-08-15T16:59:37Z,https://rapidmapping-viewer.s3.eu-west-1.amazonaws.com/EMSR916/AOI06/GRA_MONIT01/EMSR916_AOI06_GRA_MONIT01_builtUpP_v2.json,200,7a463f4000890cdba17d6191330ec7e9fc92ed5c01b10379d87a04280835176a,132688,data/snapshots/2026-08-15/layer_EMSR916_AOI06_GRA_MONIT01_builtUpP_v2.json,capa EMSR916_AOI06_GRA_MONIT01_builtUpP_v2.json
2026-08-15T16:59:38Z,https://rapidmapping-viewer.s3.eu-west-1.amazonaws.com/EMSR916/AOI06/GRA_MONIT01/EMSR916_AOI06_GRA_MONIT01_notAnalysedA_v2.json,200,add1491caef0ae73a816c015556aa6ad1e832ed23ec61c9dd5df8e00f497281e,2375722,data/snapshots/2026-08-15/layer_EMSR916_AOI06_GRA_MONIT01_notAnalysedA_v2.json,capa EMSR916_AOI06_GRA_MONIT01_notAnalysedA_v2.json
2026-08-15T16:59:39Z,https://rapidmapping-viewer.s3.eu-west-1.amazonaws.com/EMSR916/AOI06/GRA_MONIT01/EMSR916_AOI06_GRA_MONIT01_transportationL_v2.json,200,6c29b4f423a7e76579429778c782a914fd9569f55f1ab9a129ace385cf82b92e,1391811,data/snapshots/2026-08-15/layer_EMSR916_AOI06_GRA_MONIT01_transportationL_v2.json,capa EMSR916_AOI06_GRA_MONIT01_transportationL_v2.json
2026-08-15T17:04:02Z,https://rapidmapping.emergency.copernicus.eu/backend/dashboard-api/public-activations/,200,1fee0691a0e23855c9e78aacbc91a2890a8f33a7d9470d4423b108672df8df72,49,\N,test supuesto
2026-08-15T17:04:02Z,https://rapidmapping.emergency.copernicus.eu/backend/dashboard-api/public-activations/?code=EMSR916,200,b32f3747d33567776814f8bca911daf960e0dbf06884222270651a97f598c854,41711,\N,test supuesto
2026-08-15T17:04:03Z,https://rapidmapping.emergency.copernicus.eu/backend/dashboard-api/public-activations/?code=EMSR700,403,dbff0849bc109eee7f9b7b1fe12e40fc8add21823b2f1fb600b37f620cbd7862,58,\N,test supuesto
2026-08-15T17:04:03Z,https://rapidmapping.emergency.copernicus.eu/backend/dashboard-api/public-activations/?code=EMSR916,200,b32f3747d33567776814f8bca911daf960e0dbf06884222270651a97f598c854,41711,\N,test supuesto
2026-08-15T17:04:03Z,https://rapidmapping.emergency.copernicus.eu/backend/dashboard-api/public-activations/?code=EMSR916,200,b32f3747d33567776814f8bca911daf960e0dbf06884222270651a97f598c854,41711,\N,test supuesto
2026-08-15T17:04:04Z,https://chatmap.hotosm.org/api/v1/map/89319bbb-a14a-4dfd-b9a1-c83b8b55785f,200,0c5e3a8ddccf40c596ffb7859e4e1157581992a71d6a22c06a8dff6463a2b18a,190209,\N,test supuesto
2026-08-15T17:04:05Z,https://earthquake.usgs.gov/fdsnws/event/1/query?eventid=us6000tjl2&format=geojson,200,8cb4c7a6debc6d5f02c43fb8deeda6ec0e815267397b0c4a9ee7267d15f3f250,67044,\N,test supuesto
2026-08-15T17:04:07Z,https://www.gdacs.org/gdacsapi/api/emm/getemmnewsbykey?eventtype=EQ&eventid=1557236,200,acd607edf73cf11a33d80e4b05c77fece47a4b8e59474f6f0379d6ce04cb29a0,1832696,\N,test supuesto
2026-08-15T17:04:08Z,https://services2.arcgis.com/YVLx8xYoDXKccDfJ/arcgis/rest/services/REGISTRO_DE_EMERGENCIAS_EN_COLOMBIA/FeatureServer/0/query?where=1%3D1&f=json&resultRecordCount=1&outFields=MUERTOS%2CVIV_DESTRU%2CMUNICIPIO,200,3ef63243668bc2e5a8f8bcab749740625edf1fe451ff82e7c01ba5360471d382,792,\N,test supuesto
2026-08-15T17:04:10Z,https://www.datos.gov.co/resource/wwkg-r6te.json?%24select=max%28fecha%29,200,9e69438b2fabe535e37608812d936a433f81bc015a63069d8b9bfb9b24644dfa,42,\N,test supuesto
2026-08-15T17:09:33Z,https://rapidmapping.emergency.copernicus.eu/backend/dashboard-api/public-activations/,200,1fee0691a0e23855c9e78aacbc91a2890a8f33a7d9470d4423b108672df8df72,49,\N,test supuesto
2026-08-15T17:09:33Z,https://rapidmapping.emergency.copernicus.eu/backend/dashboard-api/public-activations/?code=EMSR916,200,b32f3747d33567776814f8bca911daf960e0dbf06884222270651a97f598c854,41711,\N,test supuesto
2026-08-15T17:09:33Z,https://rapidmapping.emergency.copernicus.eu/backend/dashboard-api/public-activations/?code=EMSR700,403,dbff0849bc109eee7f9b7b1fe12e40fc8add21823b2f1fb600b37f620cbd7862,58,\N,test supuesto
2026-08-15T17:09:34Z,https://rapidmapping.emergency.copernicus.eu/backend/dashboard-api/public-activations/?code=EMSR916,200,b32f3747d33567776814f8bca911daf960e0dbf06884222270651a97f598c854,41711,\N,test supuesto
2026-08-15T17:09:34Z,https://rapidmapping.emergency.copernicus.eu/backend/dashboard-api/public-activations/?code=EMSR916,200,b32f3747d33567776814f8bca911daf960e0dbf06884222270651a97f598c854,41711,\N,test supuesto
2026-08-15T17:09:35Z,https://chatmap.hotosm.org/api/v1/map/89319bbb-a14a-4dfd-b9a1-c83b8b55785f,200,0c5e3a8ddccf40c596ffb7859e4e1157581992a71d6a22c06a8dff6463a2b18a,190209,\N,test supuesto
2026-08-15T17:09:36Z,https://earthquake.usgs.gov/fdsnws/event/1/query?eventid=us6000tjl2&format=geojson,200,8cb4c7a6debc6d5f02c43fb8deeda6ec0e815267397b0c4a9ee7267d15f3f250,67044,\N,test supuesto
2026-08-15T17:09:38Z,https://www.gdacs.org/gdacsapi/api/emm/getemmnewsbykey?eventtype=EQ&eventid=1557236,200,acd607edf73cf11a33d80e4b05c77fece47a4b8e59474f6f0379d6ce04cb29a0,1832696,\N,test supuesto
2026-08-15T17:09:39Z,https://services2.arcgis.com/YVLx8xYoDXKccDfJ/arcgis/rest/services/REGISTRO_DE_EMERGENCIAS_EN_COLOMBIA/FeatureServer/0/query?where=1%3D1&f=json&resultRecordCount=1&outFields=MUERTOS%2CVIV_DESTRU%2CMUNICIPIO,200,3ef63243668bc2e5a8f8bcab749740625edf1fe451ff82e7c01ba5360471d382,792,\N,test supuesto
2026-08-15T17:10:41Z,https://www.datos.gov.co/resource/wwkg-r6te.json?%24select=max%28fecha%29,500,e99d2ae298ffc1911d7c9a0174e845e2b7733d63acad88ed97b43d30feae2965,193,\N,test supuesto
2026-08-15T17:10:51Z,https://rapidmapping.emergency.copernicus.eu/backend/dashboard-api/public-activations/,200,1fee0691a0e23855c9e78aacbc91a2890a8f33a7d9470d4423b108672df8df72,49,\N,test supuesto
2026-08-15T17:10:52Z,https://rapidmapping.emergency.copernicus.eu/backend/dashboard-api/public-activations/?code=EMSR916,200,b32f3747d33567776814f8bca911daf960e0dbf06884222270651a97f598c854,41711,\N,test supuesto
2026-08-15T17:10:52Z,https://rapidmapping.emergency.copernicus.eu/backend/dashboard-api/public-activations/?code=EMSR700,403,dbff0849bc109eee7f9b7b1fe12e40fc8add21823b2f1fb600b37f620cbd7862,58,\N,test supuesto
2026-08-15T17:10:52Z,https://rapidmapping.emergency.copernicus.eu/backend/dashboard-api/public-activations/?code=EMSR916,200,b32f3747d33567776814f8bca911daf960e0dbf06884222270651a97f598c854,41711,\N,test supuesto
2026-08-15T17:10:53Z,https://rapidmapping.emergency.copernicus.eu/backend/dashboard-api/public-activations/?code=EMSR916,200,b32f3747d33567776814f8bca911daf960e0dbf06884222270651a97f598c854,41711,\N,test supuesto
2026-08-15T17:10:53Z,https://chatmap.hotosm.org/api/v1/map/89319bbb-a14a-4dfd-b9a1-c83b8b55785f,200,0c5e3a8ddccf40c596ffb7859e4e1157581992a71d6a22c06a8dff6463a2b18a,190209,\N,test supuesto
2026-08-15T17:10:54Z,https://earthquake.usgs.gov/fdsnws/event/1/query?eventid=us6000tjl2&format=geojson,200,8cb4c7a6debc6d5f02c43fb8deeda6ec0e815267397b0c4a9ee7267d15f3f250,67044,\N,test supuesto
2026-08-15T17:10:56Z,https://www.gdacs.org/gdacsapi/api/emm/getemmnewsbykey?eventtype=EQ&eventid=1557236,200,acd607edf73cf11a33d80e4b05c77fece47a4b8e59474f6f0379d6ce04cb29a0,1832696,\N,test supuesto
2026-08-15T17:10:57Z,https://services2.arcgis.com/YVLx8xYoDXKccDfJ/arcgis/rest/services/REGISTRO_DE_EMERGENCIAS_EN_COLOMBIA/FeatureServer/0/query?where=1%3D1&f=json&resultRecordCount=1&outFields=MUERTOS%2CVIV_DESTRU%2CMUNICIPIO,200,3ef63243668bc2e5a8f8bcab749740625edf1fe451ff82e7c01ba5360471d382,792,\N,test supuesto
2026-08-15T17:11:23Z,https://www.datos.gov.co/resource/wwkg-r6te.json?%24select=max%28fecha%29,200,9e69438b2fabe535e37608812d936a433f81bc015a63069d8b9bfb9b24644dfa,42,\N,test supuesto
2026-08-15T17:11:30Z,https://rapidmapping.emergency.copernicus.eu/backend/dashboard-api/public-activations/,200,1fee0691a0e23855c9e78aacbc91a2890a8f33a7d9470d4423b108672df8df72,49,\N,test supuesto
2026-08-15T17:11:30Z,https://rapidmapping.emergency.copernicus.eu/backend/dashboard-api/public-activations/?code=EMSR916,200,b32f3747d33567776814f8bca911daf960e0dbf06884222270651a97f598c854,41711,\N,test supuesto
2026-08-15T17:11:30Z,https://rapidmapping.emergency.copernicus.eu/backend/dashboard-api/public-activations/?code=EMSR700,403,dbff0849bc109eee7f9b7b1fe12e40fc8add21823b2f1fb600b37f620cbd7862,58,\N,test supuesto
2026-08-15T17:11:31Z,https://rapidmapping.emergency.copernicus.eu/backend/dashboard-api/public-activations/?code=EMSR916,200,b32f3747d33567776814f8bca911daf960e0dbf06884222270651a97f598c854,41711,\N,test supuesto
2026-08-15T17:11:31Z,https://rapidmapping.emergency.copernicus.eu/backend/dashboard-api/public-activations/?code=EMSR916,200,b32f3747d33567776814f8bca911daf960e0dbf06884222270651a97f598c854,41711,\N,test supuesto
2026-08-15T17:11:32Z,https://chatmap.hotosm.org/api/v1/map/89319bbb-a14a-4dfd-b9a1-c83b8b55785f,200,0c5e3a8ddccf40c596ffb7859e4e1157581992a71d6a22c06a8dff6463a2b18a,190209,\N,test supuesto
2026-08-15T17:11:32Z,https://earthquake.usgs.gov/fdsnws/event/1/query?eventid=us6000tjl2&format=geojson,200,8cb4c7a6debc6d5f02c43fb8deeda6ec0e815267397b0c4a9ee7267d15f3f250,67044,\N,test supuesto
2026-08-15T17:11:34Z,https://www.gdacs.org/gdacsapi/api/emm/getemmnewsbykey?eventtype=EQ&eventid=1557236,200,acd607edf73cf11a33d80e4b05c77fece47a4b8e59474f6f0379d6ce04cb29a0,1832696,\N,test supuesto
2026-08-15T17:11:35Z,https://services2.arcgis.com/YVLx8xYoDXKccDfJ/arcgis/rest/services/REGISTRO_DE_EMERGENCIAS_EN_COLOMBIA/FeatureServer/0/query?where=1%3D1&f=json&resultRecordCount=1&outFields=MUERTOS%2CVIV_DESTRU%2CMUNICIPIO,200,3ef63243668bc2e5a8f8bcab749740625edf1fe451ff82e7c01ba5360471d382,792,\N,test supuesto
2026-08-15T17:11:35Z,https://www.datos.gov.co/resource/wwkg-r6te.json?%24select=max%28fecha%29,200,9e69438b2fabe535e37608812d936a433f81bc015a63069d8b9bfb9b24644dfa,42,\N,test supuesto
2026-08-15T17:45:26Z,https://www.eltiempo.com/rss/colombia.xml,200,20601d2f4920ec4a38d592f04753bc4ebfc023b66f5ae65f64f3a855d76da02f,13648,data/snapshots/2026-08-15/feed_eltiempo-colombia.xml,feed comunitario eltiempo-colombia
2026-08-15T17:47:32Z,https://www.eltiempo.com/rss/colombia.xml,200,20601d2f4920ec4a38d592f04753bc4ebfc023b66f5ae65f64f3a855d76da02f,13648,data/snapshots/2026-08-15/feed_eltiempo-colombia.xml,feed comunitario eltiempo-colombia
2026-08-15T17:47:34Z,https://www.eldiario.com.co/feed/,200,ec0610ffd6a2d79b852bc0d3858de19ee77edd64ac1f88e2bbb78c945d5bf364,231101,data/snapshots/2026-08-15/feed_eldiario-pereira.xml,feed comunitario eldiario-pereira
2026-08-15T17:47:34Z,https://choco7dias.com/feed/,200,81882f6120ddba7900dc2c53766c967bbda0b192db2715448fee8fdcaf5ee31c,43269,data/snapshots/2026-08-15/feed_choco7dias.xml,feed comunitario choco7dias
2026-08-15T17:47:36Z,https://www.elcolombiano.com/rss/Colombia.xml,200,6a9faea095efe6062a3d74921a867857296f0f3daf84d47945b764fe3efeb628,501229,data/snapshots/2026-08-15/feed_elcolombiano.xml,feed comunitario elcolombiano
2026-08-15T17:47:36Z,https://news.google.com/rss/search?q=terremoto+Colombia&hl=es-CO&gl=CO&ceid=CO:es,200,4c3a7441e003fb450398e377abcd284e8a155cf37cdfc6ce75c736139b7a2bc3,202714,data/snapshots/2026-08-15/feed_googlenews-es.xml,feed comunitario googlenews-es
2026-08-15T18:33:13Z,https://www.dane.gov.co/files/censo2018/proyecciones-de-poblacion/Municipal/PPED-AreaMun-2018-2042_VP.xlsx,200,1ea83594ad308becff39934a3977c102919c25740f60439be95d797396d11283,3948350,data/snapshots/2026-08-15/dane_poblacion_municipal_2018_2042.xlsx,dane poblacion municipal 2018-2042
2026-08-15T18:39:30Z,https://www.eltiempo.com/rss/colombia.xml,200,7a2f3f6b1255cc1538b1520eb1c55265e14744723106a327c128698bd7c76fa3,13436,data/snapshots/2026-08-15/feed_eltiempo-colombia.xml,feed comunitario eltiempo-colombia
2026-08-15T18:39:32Z,https://www.eldiario.com.co/feed/,200,94e015a1347c182ac297b4a922583fdf30a8e17afed8c2d74299167a0b47027c,230887,data/snapshots/2026-08-15/feed_eldiario-pereira.xml,feed comunitario eldiario-pereira
2026-08-15T18:39:33Z,https://choco7dias.com/feed/,200,81882f6120ddba7900dc2c53766c967bbda0b192db2715448fee8fdcaf5ee31c,43269,data/snapshots/2026-08-15/feed_choco7dias.xml,feed comunitario choco7dias
2026-08-15T18:39:34Z,https://www.elcolombiano.com/rss/Colombia.xml,200,77835a5f37aba42b2f8e2fd8105f1cbf8a69821d4509edabd71564b50b0f50e8,495196,data/snapshots/2026-08-15/feed_elcolombiano.xml,feed comunitario elcolombiano
2026-08-15T18:39:35Z,https://news.google.com/rss/search?q=terremoto+Colombia&hl=es-CO&gl=CO&ceid=CO:es,200,206d8803c994de366c4d9d2b2ff1d33ecabfc2ed352507ee3bac5f574ec8b60b,215140,data/snapshots/2026-08-15/feed_googlenews-es.xml,feed comunitario googlenews-es
2026-08-15T18:39:36Z,https://news.google.com/rss/search?q=%28%22terremoto%22+OR+%22sismo%22+OR+%22temblor%22%29+%22armenia%22+%22quindio%22&hl=es-CO&gl=CO&ceid=CO:es,200,ab7469e254b4f81d8db845fbc74581a949a45117c7bda97dae3a97a68ce9f4a6,104281,data/snapshots/2026-08-15/feed_googlenews-municipio-armenia.xml,feed comunitario googlenews-municipio-armenia
2026-08-15T18:39:36Z,https://news.google.com/rss/search?q=%28%22terremoto%22+OR+%22sismo%22+OR+%22temblor%22%29+%22calarca%22+%22quindio%22&hl=es-CO&gl=CO&ceid=CO:es,200,980b19d38a7813c4506ea9ced48317d005ea411bbf6a4683203dc4024d9a6ac1,58452,data/snapshots/2026-08-15/feed_googlenews-municipio-calarca.xml,feed comunitario googlenews-municipio-calarca
2026-08-15T18:39:37Z,https://news.google.com/rss/search?q=%28%22terremoto%22+OR+%22sismo%22+OR+%22temblor%22%29+%22la+tebaida%22+%22quindio%22&hl=es-CO&gl=CO&ceid=CO:es,200,3697de48b39c70cf258a94f0c7550853c47e64cec9aa5f6c6a0ff77ffb3467ea,81976,data/snapshots/2026-08-15/feed_googlenews-municipio-la-tebaida.xml,feed comunitario googlenews-municipio-la-tebaida
2026-08-15T18:39:38Z,https://news.google.com/rss/search?q=%28%22terremoto%22+OR+%22sismo%22+OR+%22temblor%22%29+%22montenegro%22+%22quindio%22&hl=es-CO&gl=CO&ceid=CO:es,200,1c5768bd0d3d58e7c032a1fc3ea948e604c433613fb9566878295e24417214f5,90011,data/snapshots/2026-08-15/feed_googlenews-municipio-montenegro.xml,feed comunitario googlenews-municipio-montenegro
2026-08-15T18:39:38Z,https://news.google.com/rss/search?q=%28%22terremoto%22+OR+%22sismo%22+OR+%22temblor%22%29+%22salento%22+%22quindio%22&hl=es-CO&gl=CO&ceid=CO:es,200,ed578ccca3ceda94887240a5f2224b9eab75f67b352e42e98bb35b0dc1b2e632,82880,data/snapshots/2026-08-15/feed_googlenews-municipio-salento.xml,feed comunitario googlenews-municipio-salento
2026-08-15T18:39:39Z,https://news.google.com/rss/search?q=%28%22terremoto%22+OR+%22sismo%22+OR+%22temblor%22%29+%22zarzal%22+%22valle+del+cauca%22&hl=es-CO&gl=CO&ceid=CO:es,200,05f24e37f13adf9d1fbf2c94b52080f17e438c6189087424535ecf9d07ed6eb3,111381,data/snapshots/2026-08-15/feed_googlenews-municipio-zarzal.xml,feed comunitario googlenews-municipio-zarzal
2026-08-15T18:39:40Z,https://news.google.com/rss/search?q=%28%22terremoto%22+OR+%22sismo%22+OR+%22temblor%22%29+%22cartago%22+%22valle+del+cauca%22&hl=es-CO&gl=CO&ceid=CO:es,200,b7645ceeecf72c0725793c3a424bc6d7fbb72396102f65fb849486843ac652f5,168921,data/snapshots/2026-08-15/feed_googlenews-municipio-cartago.xml,feed comunitario googlenews-municipio-cartago
2026-08-15T18:39:40Z,https://news.google.com/rss/search?q=%28%22terremoto%22+OR+%22sismo%22+OR+%22temblor%22%29+%22tulua%22+%22valle+del+cauca%22&hl=es-CO&gl=CO&ceid=CO:es,200,2f5551baf836b4031bc07b28d922cde87d723360a25208fdddc105bdad1cbc5d,100039,data/snapshots/2026-08-15/feed_googlenews-municipio-tulua.xml,feed comunitario googlenews-municipio-tulua
2026-08-15T18:39:41Z,https://news.google.com/rss/search?q=%28%22terremoto%22+OR+%22sismo%22+OR+%22temblor%22%29+%22buga%22+%22valle+del+cauca%22&hl=es-CO&gl=CO&ceid=CO:es,200,8309f10e03d1ef57d2c323b233f316b60f59e6a066300f22ce43cb7ee7905edc,189120,data/snapshots/2026-08-15/feed_googlenews-municipio-buga.xml,feed comunitario googlenews-municipio-buga
2026-08-15T18:39:42Z,https://news.google.com/rss/search?q=%28%22terremoto%22+OR+%22sismo%22+OR+%22temblor%22%29+%22palmira%22+%22valle+del+cauca%22&hl=es-CO&gl=CO&ceid=CO:es,200,7ecddcc2b36865b1332961f6d50d5057852ed4069d586419eb7935430ed19e52,204205,data/snapshots/2026-08-15/feed_googlenews-municipio-palmira.xml,feed comunitario googlenews-municipio-palmira
2026-08-15T18:39:43Z,https://news.google.com/rss/search?q=%28%22terremoto%22+OR+%22sismo%22+OR+%22temblor%22%29+%22roldanillo%22+%22valle+del+cauca%22&hl=es-CO&gl=CO&ceid=CO:es,200,6d7a6eb8227a000493de4eecb6872817fdfc48d339385fa9978d542ba56e34ff,223706,data/snapshots/2026-08-15/feed_googlenews-municipio-roldanillo.xml,feed comunitario googlenews-municipio-roldanillo
2026-08-15T18:39:43Z,https://news.google.com/rss/search?q=%28%22terremoto%22+OR+%22sismo%22+OR+%22temblor%22%29+%22sevilla%22+%22valle+del+cauca%22&hl=es-CO&gl=CO&ceid=CO:es,200,7c877bed1db925d9b3bbc855524565df859a20b484b93c635d29f20bf0ab928b,117526,data/snapshots/2026-08-15/feed_googlenews-municipio-sevilla.xml,feed comunitario googlenews-municipio-sevilla
2026-08-15T18:39:44Z,https://news.google.com/rss/search?q=%28%22terremoto%22+OR+%22sismo%22+OR+%22temblor%22%29+%22caicedonia%22+%22valle+del+cauca%22&hl=es-CO&gl=CO&ceid=CO:es,200,39ee016f8dca6d205928e0c2c84225d8730fc1d1c18a215bc5a4f6293dcb8443,94289,data/snapshots/2026-08-15/feed_googlenews-municipio-caicedonia.xml,feed comunitario googlenews-municipio-caicedonia
2026-08-15T18:39:45Z,https://news.google.com/rss/search?q=%28%22terremoto%22+OR+%22sismo%22+OR+%22temblor%22%29+%22jamundi%22+%22valle+del+cauca%22&hl=es-CO&gl=CO&ceid=CO:es,200,8baf309500f5e1e32e302231f5413209f7379c8355d9de547cfd982ef868a659,114577,data/snapshots/2026-08-15/feed_googlenews-municipio-jamundi.xml,feed comunitario googlenews-municipio-jamundi
2026-08-15T18:39:46Z,https://news.google.com/rss/search?q=%28%22terremoto%22+OR+%22sismo%22+OR+%22temblor%22%29+%22dagua%22+%22valle+del+cauca%22&hl=es-CO&gl=CO&ceid=CO:es,200,7821ee516f8d88d145815845addb0335bf3351b07cdd02d3f592fb313f4e20f8,120636,data/snapshots/2026-08-15/feed_googlenews-municipio-dagua.xml,feed comunitario googlenews-municipio-dagua
2026-08-15T18:39:46Z,https://news.google.com/rss/search?q=%28%22terremoto%22+OR+%22sismo%22+OR+%22temblor%22%29+%22pereira%22+%22risaralda%22&hl=es-CO&gl=CO&ceid=CO:es,200,8a2db50875e38d1d0e7ba5f2ca8f36b71b1397b9d065e8ea12ba29dd1bfe5123,217123,data/snapshots/2026-08-15/feed_googlenews-municipio-pereira.xml,feed comunitario googlenews-municipio-pereira
2026-08-15T18:39:47Z,https://news.google.com/rss/search?q=%28%22terremoto%22+OR+%22sismo%22+OR+%22temblor%22%29+%22dosquebradas%22+%22risaralda%22&hl=es-CO&gl=CO&ceid=CO:es,200,9dd63fe37e8e672258e08c6e5a8564c442b1e10e9ea8ef530b9260e27e70acb8,115779,data/snapshots/2026-08-15/feed_googlenews-municipio-dosquebradas.xml,feed comunitario googlenews-municipio-dosquebradas
2026-08-15T18:39:48Z,https://news.google.com/rss/search?q=%28%22terremoto%22+OR+%22sismo%22+OR+%22temblor%22%29+%22santa+rosa+de+cabal%22+%22risaralda%22&hl=es-CO&gl=CO&ceid=CO:es,200,68c9d96abd94ec5d5ef56d7fdf4e1726222e6eeb648e8177812582d7a06979f3,113980,data/snapshots/2026-08-15/feed_googlenews-municipio-santa-rosa-de-cabal.xml,feed comunitario googlenews-municipio-santa-rosa-de-cabal
2026-08-15T18:39:48Z,https://news.google.com/rss/search?q=%28%22terremoto%22+OR+%22sismo%22+OR+%22temblor%22%29+%22manizales%22+%22caldas%22&hl=es-CO&gl=CO&ceid=CO:es,200,ad2bd695ce0457eb0c6131dc6e0157df6868e3373134750cf823c1beaf041a8e,191655,data/snapshots/2026-08-15/feed_googlenews-municipio-manizales.xml,feed comunitario googlenews-municipio-manizales
2026-08-15T18:39:49Z,https://news.google.com/rss/search?q=%28%22terremoto%22+OR+%22sismo%22+OR+%22temblor%22%29+%22villamaria%22+%22caldas%22&hl=es-CO&gl=CO&ceid=CO:es,200,a0c3bf472c2bc225a66aadae785fc24c47fb152fffa3aea62534ba8b114d4c82,31831,data/snapshots/2026-08-15/feed_googlenews-municipio-villamaria.xml,feed comunitario googlenews-municipio-villamaria
2026-08-15T18:39:50Z,https://news.google.com/rss/search?q=%28%22terremoto%22+OR+%22sismo%22+OR+%22temblor%22%29+%22cali%22+%22valle+del+cauca%22&hl=es-CO&gl=CO&ceid=CO:es,200,28f2e71be776e56f3cbf7409a0976c355cf1110c010a8f64b8191e5e00f85383,218812,data/snapshots/2026-08-15/feed_googlenews-municipio-cali.xml,feed comunitario googlenews-municipio-cali
2026-08-15T18:39:50Z,https://news.google.com/rss/search?q=%28%22terremoto%22+OR+%22sismo%22+OR+%22temblor%22%29+%22buenaventura%22+%22valle+del+cauca%22&hl=es-CO&gl=CO&ceid=CO:es,200,eee658d1ce8440310a8dfac7987b33b3c28b544db6f24493f50df0b59ed9723a,213698,data/snapshots/2026-08-15/feed_googlenews-municipio-buenaventura.xml,feed comunitario googlenews-municipio-buenaventura
2026-08-15T18:39:51Z,https://news.google.com/rss/search?q=%28%22terremoto%22+OR+%22sismo%22+OR+%22temblor%22%29+%22quibdo%22+%22choco%22&hl=es-CO&gl=CO&ceid=CO:es,200,0a71e22435c44a501ed46c4f3be3fc7e8048befb478e00e2612a20730c80fecf,74930,data/snapshots/2026-08-15/feed_googlenews-municipio-quibdo.xml,feed comunitario googlenews-municipio-quibdo
2026-08-15T18:39:52Z,https://news.google.com/rss/search?q=%28%22terremoto%22+OR+%22sismo%22+OR+%22temblor%22%29+%22istmina%22+%22choco%22&hl=es-CO&gl=CO&ceid=CO:es,200,b6f7dea4e95a5de8461bc175daa3cbc40e9753b9c1c8360f2014657f14fd4e9c,102501,data/snapshots/2026-08-15/feed_googlenews-municipio-istmina.xml,feed comunitario googlenews-municipio-istmina
2026-08-15T18:39:53Z,https://news.google.com/rss/search?q=%28%22terremoto%22+OR+%22sismo%22+OR+%22temblor%22%29+%22san+jose+del+palmar%22+%22choco%22&hl=es-CO&gl=CO&ceid=CO:es,200,f520a704a6d1a1e3a98e42eca16c417c47870ad465430cc458925a6da5967cd7,205994,data/snapshots/2026-08-15/feed_googlenews-municipio-san-jose-del-palmar.xml,feed comunitario googlenews-municipio-san-jose-del-palmar
2026-08-15T18:48:28Z,https://www.eltiempo.com/rss/colombia.xml,200,25a0ad4199c84aa5382c0c67b42b26192099ac84d930ce3a25ca0fa41ece09dd,13436,data/snapshots/2026-08-15/feed_eltiempo-colombia.xml,feed comunitario eltiempo-colombia
2026-08-15T18:48:29Z,https://www.eldiario.com.co/feed/,200,94e015a1347c182ac297b4a922583fdf30a8e17afed8c2d74299167a0b47027c,230887,data/snapshots/2026-08-15/feed_eldiario-pereira.xml,feed comunitario eldiario-pereira
2026-08-15T18:48:30Z,https://choco7dias.com/feed/,200,81882f6120ddba7900dc2c53766c967bbda0b192db2715448fee8fdcaf5ee31c,43269,data/snapshots/2026-08-15/feed_choco7dias.xml,feed comunitario choco7dias
2026-08-15T18:48:31Z,https://occidente.co/feed/,200,212298c4a8d298c2d3b096975614edd28bba1a33a8c3462568f3671abea1d3a7,76299,data/snapshots/2026-08-15/feed_diario-occidente.xml,feed comunitario diario-occidente
2026-08-15T18:48:32Z,https://www.qhubocali.com/feed/,200,041d37a3d15cc28106c428a909b8aaf6c6e474984c0dbe388a26a35496701839,96131,data/snapshots/2026-08-15/feed_qhubo-cali.xml,feed comunitario qhubo-cali
2026-08-15T18:48:33Z,https://www.lapatria.com/rss.xml,200,19a1121035f0365662d0493e583cf2e62754da59eeb1b248521e821cc00ed204,23648,data/snapshots/2026-08-15/feed_la-patria-caldas.xml,feed comunitario la-patria-caldas
2026-08-15T18:48:34Z,https://www.elcolombiano.com/rss/Colombia.xml,200,40df2505cc993a72262fe7df0d3c48257404dc48d4791782ba05f6848aba2aa3,490176,data/snapshots/2026-08-15/feed_elcolombiano.xml,feed comunitario elcolombiano
2026-08-15T18:48:35Z,https://news.google.com/rss/search?q=terremoto+Colombia&hl=es-CO&gl=CO&ceid=CO:es,200,cc67156fd30563be95dc07644117164ac466a10a3c680b591e9768f6d22c535e,217280,data/snapshots/2026-08-15/feed_googlenews-es.xml,feed comunitario googlenews-es
2026-08-15T18:48:36Z,https://news.google.com/rss/search?q=site%3Aelpais.com.co+%28terremoto+OR+sismo+OR+temblor%29&hl=es-CO&gl=CO&ceid=CO:es,200,c850c2b22c8afa1f305c95726bec5bd9fdde80171125a8eed2f49ff6de3b09b1,251524,data/snapshots/2026-08-15/feed_googlenews-elpais-cali.xml,feed comunitario googlenews-elpais-cali
2026-08-15T18:48:37Z,https://news.google.com/rss/search?q=site%3Acronicadelquindio.com+%28terremoto+OR+sismo+OR+temblor%29&hl=es-CO&gl=CO&ceid=CO:es,200,27b960922bb05660f020859525cfdc0f493f47e35e7a674cd3857ff5595a66b6,119810,data/snapshots/2026-08-15/feed_googlenews-cronica-quindio.xml,feed comunitario googlenews-cronica-quindio
2026-08-15T18:48:37Z,https://news.google.com/rss/search?q=%28%22terremoto%22+OR+%22sismo%22+OR+%22temblor%22%29+%22armenia%22+%22quindio%22&hl=es-CO&gl=CO&ceid=CO:es,200,c14e2d047dc854449df5e367b3181760f2bd44dc7632c8e33c2260240f469674,104281,data/snapshots/2026-08-15/feed_googlenews-municipio-armenia.xml,feed comunitario googlenews-municipio-armenia
2026-08-15T18:48:38Z,https://news.google.com/rss/search?q=%28%22terremoto%22+OR+%22sismo%22+OR+%22temblor%22%29+%22calarca%22+%22quindio%22&hl=es-CO&gl=CO&ceid=CO:es,200,4f087904ff4402208b6a8beae3bb9a3c9506cdfba5f35d4d28a8070746ebb7c3,58452,data/snapshots/2026-08-15/feed_googlenews-municipio-calarca.xml,feed comunitario googlenews-municipio-calarca
2026-08-15T18:48:38Z,https://news.google.com/rss/search?q=%28%22terremoto%22+OR+%22sismo%22+OR+%22temblor%22%29+%22la+tebaida%22+%22quindio%22&hl=es-CO&gl=CO&ceid=CO:es,200,374ba232b649d1d8298c5ffbf59f2a117783129dc594921df91d3385af807336,81976,data/snapshots/2026-08-15/feed_googlenews-municipio-la-tebaida.xml,feed comunitario googlenews-municipio-la-tebaida
2026-08-15T18:48:39Z,https://news.google.com/rss/search?q=%28%22terremoto%22+OR+%22sismo%22+OR+%22temblor%22%29+%22montenegro%22+%22quindio%22&hl=es-CO&gl=CO&ceid=CO:es,200,bec57b7999ce410c1bdd16279bc074f1301e9e91fe78ab2f3560c8af5ecf2565,90011,data/snapshots/2026-08-15/feed_googlenews-municipio-montenegro.xml,feed comunitario googlenews-municipio-montenegro
2026-08-15T18:48:40Z,https://news.google.com/rss/search?q=%28%22terremoto%22+OR+%22sismo%22+OR+%22temblor%22%29+%22salento%22+%22quindio%22&hl=es-CO&gl=CO&ceid=CO:es,200,d29fabea2dc6597894f8221896ac635fe7937e4eda9278529fd6ea2b24a2f731,82880,data/snapshots/2026-08-15/feed_googlenews-municipio-salento.xml,feed comunitario googlenews-municipio-salento
2026-08-15T18:48:40Z,https://news.google.com/rss/search?q=%28%22terremoto%22+OR+%22sismo%22+OR+%22temblor%22%29+%22zarzal%22+%22valle+del+cauca%22&hl=es-CO&gl=CO&ceid=CO:es,200,794c810c65ddade6fddd1bafdf2866c9e2e6e4da35ec87e3a1079897ce7a2fc4,111381,data/snapshots/2026-08-15/feed_googlenews-municipio-zarzal.xml,feed comunitario googlenews-municipio-zarzal
2026-08-15T18:48:41Z,https://news.google.com/rss/search?q=%28%22terremoto%22+OR+%22sismo%22+OR+%22temblor%22%29+%22cartago%22+%22valle+del+cauca%22&hl=es-CO&gl=CO&ceid=CO:es,200,a723507c2a3ca99c36cd4d21a3cdd75f4d18d2bf1afc2dd9aa492199cca83e20,168921,data/snapshots/2026-08-15/feed_googlenews-municipio-cartago.xml,feed comunitario googlenews-municipio-cartago
2026-08-15T18:48:42Z,https://news.google.com/rss/search?q=%28%22terremoto%22+OR+%22sismo%22+OR+%22temblor%22%29+%22tulua%22+%22valle+del+cauca%22&hl=es-CO&gl=CO&ceid=CO:es,200,ce8bc7e4c2f9e091983b6c1582bdc1b4be8d9cf2f2de212184a511e2886a6e92,100039,data/snapshots/2026-08-15/feed_googlenews-municipio-tulua.xml,feed comunitario googlenews-municipio-tulua
2026-08-15T18:48:42Z,https://news.google.com/rss/search?q=%28%22terremoto%22+OR+%22sismo%22+OR+%22temblor%22%29+%22buga%22+%22valle+del+cauca%22&hl=es-CO&gl=CO&ceid=CO:es,200,313a4b88a7d266b1b8f706715de2e9d7edb3796f0e8fefa43baab276b051cb9b,189120,data/snapshots/2026-08-15/feed_googlenews-municipio-buga.xml,feed comunitario googlenews-municipio-buga
2026-08-15T18:48:43Z,https://news.google.com/rss/search?q=%28%22terremoto%22+OR+%22sismo%22+OR+%22temblor%22%29+%22palmira%22+%22valle+del+cauca%22&hl=es-CO&gl=CO&ceid=CO:es,200,809d3933ccd2129108114c59974f1b4b4bdba0c8cca99146b611d462f911a5f2,204205,data/snapshots/2026-08-15/feed_googlenews-municipio-palmira.xml,feed comunitario googlenews-municipio-palmira
2026-08-15T18:48:44Z,https://news.google.com/rss/search?q=%28%22terremoto%22+OR+%22sismo%22+OR+%22temblor%22%29+%22roldanillo%22+%22valle+del+cauca%22&hl=es-CO&gl=CO&ceid=CO:es,200,35fc977f063805117ff7b3df31855659e4ec9ae32bb35c8e654b3e868e3a1503,224972,data/snapshots/2026-08-15/feed_googlenews-municipio-roldanillo.xml,feed comunitario googlenews-municipio-roldanillo
2026-08-15T18:48:45Z,https://news.google.com/rss/search?q=%28%22terremoto%22+OR+%22sismo%22+OR+%22temblor%22%29+%22sevilla%22+%22valle+del+cauca%22&hl=es-CO&gl=CO&ceid=CO:es,200,3a1e5c03d86da68c94440621704c0a0d917c7f0daf5be4742bc2f1bddc44aaab,117526,data/snapshots/2026-08-15/feed_googlenews-municipio-sevilla.xml,feed comunitario googlenews-municipio-sevilla
2026-08-15T18:48:45Z,https://news.google.com/rss/search?q=%28%22terremoto%22+OR+%22sismo%22+OR+%22temblor%22%29+%22caicedonia%22+%22valle+del+cauca%22&hl=es-CO&gl=CO&ceid=CO:es,200,7dcb1bc2034e7790ea17b023ed1a833cb92967adf786590776c742c0176d30ab,94289,data/snapshots/2026-08-15/feed_googlenews-municipio-caicedonia.xml,feed comunitario googlenews-municipio-caicedonia
2026-08-15T18:48:46Z,https://news.google.com/rss/search?q=%28%22terremoto%22+OR+%22sismo%22+OR+%22temblor%22%29+%22jamundi%22+%22valle+del+cauca%22&hl=es-CO&gl=CO&ceid=CO:es,200,4df79e66166dae83d298bedf6d4ed7aaf24aadc2167f221b298227a9803b8480,114577,data/snapshots/2026-08-15/feed_googlenews-municipio-jamundi.xml,feed comunitario googlenews-municipio-jamundi
2026-08-15T18:48:46Z,https://news.google.com/rss/search?q=%28%22terremoto%22+OR+%22sismo%22+OR+%22temblor%22%29+%22dagua%22+%22valle+del+cauca%22&hl=es-CO&gl=CO&ceid=CO:es,200,295f47a273e4eb7f4be3051fa8b54f358bc51f1a37f3acbfe59d8b1915e092c0,120636,data/snapshots/2026-08-15/feed_googlenews-municipio-dagua.xml,feed comunitario googlenews-municipio-dagua
2026-08-15T18:48:47Z,https://news.google.com/rss/search?q=%28%22terremoto%22+OR+%22sismo%22+OR+%22temblor%22%29+%22pereira%22+%22risaralda%22&hl=es-CO&gl=CO&ceid=CO:es,200,bab5c27f8293410a84f27506c3b24cf80bf97bcbff34318d25d8fac2b24d78cf,217123,data/snapshots/2026-08-15/feed_googlenews-municipio-pereira.xml,feed comunitario googlenews-municipio-pereira
2026-08-15T18:48:48Z,https://news.google.com/rss/search?q=%28%22terremoto%22+OR+%22sismo%22+OR+%22temblor%22%29+%22dosquebradas%22+%22risaralda%22&hl=es-CO&gl=CO&ceid=CO:es,200,ed6f9a465fbf9734cf567cf5ff73fd7fda2d8a174417dc7b4cc4efdf4c984499,115779,data/snapshots/2026-08-15/feed_googlenews-municipio-dosquebradas.xml,feed comunitario googlenews-municipio-dosquebradas
2026-08-15T18:48:49Z,https://news.google.com/rss/search?q=%28%22terremoto%22+OR+%22sismo%22+OR+%22temblor%22%29+%22santa+rosa+de+cabal%22+%22risaralda%22&hl=es-CO&gl=CO&ceid=CO:es,200,7f97e898b3f95119eeeaf3baf91d9ab0cd829f4005a19c43df4f10d6aaace15f,113980,data/snapshots/2026-08-15/feed_googlenews-municipio-santa-rosa-de-cabal.xml,feed comunitario googlenews-municipio-santa-rosa-de-cabal
2026-08-15T18:48:49Z,https://news.google.com/rss/search?q=%28%22terremoto%22+OR+%22sismo%22+OR+%22temblor%22%29+%22manizales%22+%22caldas%22&hl=es-CO&gl=CO&ceid=CO:es,200,8ca65b496b041aa9c427a4a2ba57e61ae19be4de08bd9520fdadf222b7451cdb,191655,data/snapshots/2026-08-15/feed_googlenews-municipio-manizales.xml,feed comunitario googlenews-municipio-manizales
2026-08-15T18:48:50Z,https://news.google.com/rss/search?q=%28%22terremoto%22+OR+%22sismo%22+OR+%22temblor%22%29+%22villamaria%22+%22caldas%22&hl=es-CO&gl=CO&ceid=CO:es,200,71d9f5b7e9eafccf85d268eda3e95a2cdd3221873c7bea267602d58b4729fd8c,31831,data/snapshots/2026-08-15/feed_googlenews-municipio-villamaria.xml,feed comunitario googlenews-municipio-villamaria
2026-08-15T18:48:51Z,https://news.google.com/rss/search?q=%28%22terremoto%22+OR+%22sismo%22+OR+%22temblor%22%29+%22cali%22+%22valle+del+cauca%22&hl=es-CO&gl=CO&ceid=CO:es,200,9f704789216a144bb1e8389641f9ae3f1156e5c6151abc4b384d6104c18663f4,218836,data/snapshots/2026-08-15/feed_googlenews-municipio-cali.xml,feed comunitario googlenews-municipio-cali
2026-08-15T18:48:52Z,https://news.google.com/rss/search?q=%28%22terremoto%22+OR+%22sismo%22+OR+%22temblor%22%29+%22buenaventura%22+%22valle+del+cauca%22&hl=es-CO&gl=CO&ceid=CO:es,200,97c6a4462cd333451a8b9629889546ec4db9ced7105eb257cb5d469ae4d28f34,213698,data/snapshots/2026-08-15/feed_googlenews-municipio-buenaventura.xml,feed comunitario googlenews-municipio-buenaventura
2026-08-15T18:48:52Z,https://news.google.com/rss/search?q=%28%22terremoto%22+OR+%22sismo%22+OR+%22temblor%22%29+%22quibdo%22+%22choco%22&hl=es-CO&gl=CO&ceid=CO:es,200,b691641a38a5422270f0d673529832e9771fca0958c62cf8b33fa6853f6f1b82,74930,data/snapshots/2026-08-15/feed_googlenews-municipio-quibdo.xml,feed comunitario googlenews-municipio-quibdo
2026-08-15T18:48:53Z,https://news.google.com/rss/search?q=%28%22terremoto%22+OR+%22sismo%22+OR+%22temblor%22%29+%22istmina%22+%22choco%22&hl=es-CO&gl=CO&ceid=CO:es,200,9bf015d2b3cd2ed02071aeb96af04443c1a4829e8c0f3f1898a9e3aea1fc0440,102501,data/snapshots/2026-08-15/feed_googlenews-municipio-istmina.xml,feed comunitario googlenews-municipio-istmina
2026-08-15T18:48:54Z,https://news.google.com/rss/search?q=%28%22terremoto%22+OR+%22sismo%22+OR+%22temblor%22%29+%22san+jose+del+palmar%22+%22choco%22&hl=es-CO&gl=CO&ceid=CO:es,200,82da0fce2f19bc8f4a7ef54f535b362fb2650d15a1d661e17cf76964c36fae20,205987,data/snapshots/2026-08-15/feed_googlenews-municipio-san-jose-del-palmar.xml,feed comunitario googlenews-municipio-san-jose-del-palmar
2026-08-16T10:41:21Z,https://rapidmapping.emergency.copernicus.eu/backend/dashboard-api/public-activations/?code=EMSR865,200,9b814c5bea2380bc96a57251cb318aa7980415103daf177273cebc179c3f7a65,25160,data/snapshots/2026-08-16/copernicus_EMSR865.json,copernicus EMSR865
2026-08-16T10:41:22Z,https://rapidmapping.emergency.copernicus.eu/backend/dashboard-api/public-activations/?code=EMSR916,200,b32f3747d33567776814f8bca911daf960e0dbf06884222270651a97f598c854,41711,data/snapshots/2026-08-16/copernicus_EMSR916.json,copernicus EMSR916
2026-08-16T10:41:23Z,https://rapidmapping.emergency.copernicus.eu/backend/dashboard-api/public-activations/?code=EMSR922,200,c9d0938c455aa254375122da97a91b6bcd74c53e8328eb876a81d2821d907428,7377,data/snapshots/2026-08-16/copernicus_EMSR922.json,copernicus EMSR922
2026-08-16T10:41:24Z,https://rapidmapping.emergency.copernicus.eu/backend/dashboard-api/public-activations/?code=EMSR923,200,81b30ff6d5e8a558eec2fbefa239678af332751fc0aa71b3f0ecbb3d251da512,8939,data/snapshots/2026-08-16/copernicus_EMSR923.json,copernicus EMSR923
2026-08-16T10:41:25Z,https://rapidmapping.emergency.copernicus.eu/backend/dashboard-api/public-activations/?code=EMSR924,200,7fe61a71c772eb1796c6bef4bc8f199c0eba901751fb7666a68b534baaed688e,3181,data/snapshots/2026-08-16/copernicus_EMSR924.json,copernicus EMSR924
2026-08-16T10:41:27Z,https://rapidmapping.emergency.copernicus.eu/backend/dashboard-api/public-activations/?code=EMSR925,403,dbff0849bc109eee7f9b7b1fe12e40fc8add21823b2f1fb600b37f620cbd7862,58,\N,copernicus EMSR925
2026-08-16T10:41:28Z,https://rapidmapping.emergency.copernicus.eu/backend/dashboard-api/public-activations/?code=EMSR926,403,dbff0849bc109eee7f9b7b1fe12e40fc8add21823b2f1fb600b37f620cbd7862,58,\N,copernicus EMSR926
2026-08-16T10:41:29Z,https://rapidmapping.emergency.copernicus.eu/backend/dashboard-api/public-activations/?code=EMSR927,403,dbff0849bc109eee7f9b7b1fe12e40fc8add21823b2f1fb600b37f620cbd7862,58,\N,copernicus EMSR927
2026-08-16T10:41:30Z,https://rapidmapping.emergency.copernicus.eu/backend/dashboard-api/public-activations/?code=EMSR928,403,dbff0849bc109eee7f9b7b1fe12e40fc8add21823b2f1fb600b37f620cbd7862,58,\N,copernicus EMSR928
2026-08-16T10:41:31Z,https://rapidmapping.emergency.copernicus.eu/backend/dashboard-api/public-activations/?code=EMSR929,403,dbff0849bc109eee7f9b7b1fe12e40fc8add21823b2f1fb600b37f620cbd7862,58,\N,copernicus EMSR929
2026-08-16T10:41:32Z,https://rapidmapping.emergency.copernicus.eu/backend/dashboard-api/public-activations/?code=EMSR930,403,dbff0849bc109eee7f9b7b1fe12e40fc8add21823b2f1fb600b37f620cbd7862,58,\N,copernicus EMSR930
2026-08-16T10:41:33Z,https://rapidmapping.emergency.copernicus.eu/backend/dashboard-api/public-activations/?code=EMSR931,403,dbff0849bc109eee7f9b7b1fe12e40fc8add21823b2f1fb600b37f620cbd7862,58,\N,copernicus EMSR931
2026-08-16T10:41:34Z,https://rapidmapping.emergency.copernicus.eu/backend/dashboard-api/public-activations/?code=EMSR932,403,dbff0849bc109eee7f9b7b1fe12e40fc8add21823b2f1fb600b37f620cbd7862,58,\N,copernicus EMSR932
2026-08-16T10:41:35Z,https://rapidmapping.emergency.copernicus.eu/backend/dashboard-api/public-activations/?code=EMSR933,403,dbff0849bc109eee7f9b7b1fe12e40fc8add21823b2f1fb600b37f620cbd7862,58,\N,copernicus EMSR933
2026-08-16T10:41:37Z,https://rapidmapping.emergency.copernicus.eu/backend/dashboard-api/public-activations/?code=EMSR934,403,dbff0849bc109eee7f9b7b1fe12e40fc8add21823b2f1fb600b37f620cbd7862,58,\N,copernicus EMSR934
2026-08-16T10:41:38Z,https://rapidmapping.emergency.copernicus.eu/backend/dashboard-api/public-activations/?code=EMSR935,403,dbff0849bc109eee7f9b7b1fe12e40fc8add21823b2f1fb600b37f620cbd7862,58,\N,copernicus EMSR935
2026-08-16T10:41:39Z,https://rapidmapping.emergency.copernicus.eu/backend/dashboard-api/public-activations/?code=EMSR936,403,dbff0849bc109eee7f9b7b1fe12e40fc8add21823b2f1fb600b37f620cbd7862,58,\N,copernicus EMSR936
2026-08-16T10:41:40Z,https://rapidmapping.emergency.copernicus.eu/backend/dashboard-api/public-activations/?code=EMSR937,403,dbff0849bc109eee7f9b7b1fe12e40fc8add21823b2f1fb600b37f620cbd7862,58,\N,copernicus EMSR937
2026-08-16T10:41:41Z,https://rapidmapping.emergency.copernicus.eu/backend/dashboard-api/public-activations/?code=EMSR938,403,dbff0849bc109eee7f9b7b1fe12e40fc8add21823b2f1fb600b37f620cbd7862,58,\N,copernicus EMSR938
2026-08-16T10:41:42Z,https://rapidmapping.emergency.copernicus.eu/backend/dashboard-api/public-activations/?code=EMSR939,403,dbff0849bc109eee7f9b7b1fe12e40fc8add21823b2f1fb600b37f620cbd7862,58,\N,copernicus EMSR939
2026-08-16T10:41:43Z,https://rapidmapping.emergency.copernicus.eu/backend/dashboard-api/public-activations/?code=EMSR940,403,dbff0849bc109eee7f9b7b1fe12e40fc8add21823b2f1fb600b37f620cbd7862,58,\N,copernicus EMSR940
2026-08-16T10:41:44Z,https://rapidmapping.emergency.copernicus.eu/backend/dashboard-api/public-activations/?code=EMSR941,403,dbff0849bc109eee7f9b7b1fe12e40fc8add21823b2f1fb600b37f620cbd7862,58,\N,copernicus EMSR941
2026-08-16T10:41:45Z,https://rapidmapping.emergency.copernicus.eu/backend/dashboard-api/public-activations/?code=EMSR942,403,dbff0849bc109eee7f9b7b1fe12e40fc8add21823b2f1fb600b37f620cbd7862,58,\N,copernicus EMSR942
2026-08-16T10:41:46Z,https://rapidmapping.emergency.copernicus.eu/backend/dashboard-api/public-activations/?code=EMSR943,403,dbff0849bc109eee7f9b7b1fe12e40fc8add21823b2f1fb600b37f620cbd7862,58,\N,copernicus EMSR943
2026-08-16T10:41:47Z,https://rapidmapping.emergency.copernicus.eu/backend/dashboard-api/public-activations/?code=EMSR944,403,dbff0849bc109eee7f9b7b1fe12e40fc8add21823b2f1fb600b37f620cbd7862,58,\N,copernicus EMSR944
2026-08-16T10:41:48Z,https://rapidmapping.emergency.copernicus.eu/backend/dashboard-api/public-activations/?code=EMSR945,403,dbff0849bc109eee7f9b7b1fe12e40fc8add21823b2f1fb600b37f620cbd7862,58,\N,copernicus EMSR945
2026-08-16T10:41:50Z,https://rapidmapping.emergency.copernicus.eu/backend/dashboard-api/public-activations/?code=EMSR946,403,dbff0849bc109eee7f9b7b1fe12e40fc8add21823b2f1fb600b37f620cbd7862,58,\N,copernicus EMSR946
2026-08-16T10:41:50Z,https://rapidmapping-viewer.s3.eu-west-1.amazonaws.com/EMSR916/AOI01/GRA_PRODUCT/EMSR916_AOI01_GRA_PRODUCT_builtUpP_v1.json,200,d2c876bed0fe855db3baf3eeed0068a543b8e5f1a53d4649d1469f0adcf12816,2967,data/snapshots/2026-08-16/layer_EMSR916_AOI01_GRA_PRODUCT_builtUpP_v1.json,capa EMSR916_AOI01_GRA_PRODUCT_builtUpP_v1.json
2026-08-16T10:41:52Z,https://rapidmapping-viewer.s3.eu-west-1.amazonaws.com/EMSR916/AOI01/GRA_PRODUCT/EMSR916_AOI01_GRA_PRODUCT_transportationL_v1.json,200,d7f4fac6a9ec135213d5a4b1e114be72d34858e61e49a2c10739a210e6936ec0,1841079,data/snapshots/2026-08-16/layer_EMSR916_AOI01_GRA_PRODUCT_transportationL_v1.json,capa EMSR916_AOI01_GRA_PRODUCT_transportationL_v1.json
2026-08-16T10:41:53Z,https://rapidmapping-viewer.s3.eu-west-1.amazonaws.com/EMSR916/AOI02/GRA_PRODUCT/EMSR916_AOI02_GRA_PRODUCT_ancillaryCrisisInfoP_v1.json,200,7da38d87aedf40cf564d92de9a68527596a4e0c8a5a0b9aa7e8966b76e632f30,3973,data/snapshots/2026-08-16/layer_EMSR916_AOI02_GRA_PRODUCT_ancillaryCrisisInfoP_v1.json,capa EMSR916_AOI02_GRA_PRODUCT_ancillaryCrisisInfoP_v1.json
2026-08-16T10:41:53Z,https://rapidmapping-viewer.s3.eu-west-1.amazonaws.com/EMSR916/AOI02/GRA_PRODUCT/EMSR916_AOI02_GRA_PRODUCT_builtUpP_v1.json,200,cff04c1b9be16aeff75dd9f8bc35a219db3b3f02e49b39f6d589f1a0bbf00e8b,72009,data/snapshots/2026-08-16/layer_EMSR916_AOI02_GRA_PRODUCT_builtUpP_v1.json,capa EMSR916_AOI02_GRA_PRODUCT_builtUpP_v1.json
2026-08-16T10:41:55Z,https://rapidmapping-viewer.s3.eu-west-1.amazonaws.com/EMSR916/AOI02/GRA_PRODUCT/EMSR916_AOI02_GRA_PRODUCT_transportationL_v1.json,200,be479547469835ca25edceacbced43eebee8578b03b64c35988c04ca168c089e,1436803,data/snapshots/2026-08-16/layer_EMSR916_AOI02_GRA_PRODUCT_transportationL_v1.json,capa EMSR916_AOI02_GRA_PRODUCT_transportationL_v1.json
2026-08-16T10:41:55Z,https://rapidmapping-viewer.s3.eu-west-1.amazonaws.com/EMSR916/AOI03/GRA_PRODUCT/EMSR916_AOI03_GRA_PRODUCT_builtUpP_v1.json,200,d5014233cfcda96b8a2de710065455facedd1b98f4393c820659b5739873ffcc,5726,data/snapshots/2026-08-16/layer_EMSR916_AOI03_GRA_PRODUCT_builtUpP_v1.json,capa EMSR916_AOI03_GRA_PRODUCT_builtUpP_v1.json
2026-08-16T10:41:56Z,https://rapidmapping-viewer.s3.eu-west-1.amazonaws.com/EMSR916/AOI03/GRA_PRODUCT/EMSR916_AOI03_GRA_PRODUCT_transportationL_v1.json,200,bf5c9447ad831362334eed9da8307922e07fba57f089ccaefc080b2d2ab641fd,429432,data/snapshots/2026-08-16/layer_EMSR916_AOI03_GRA_PRODUCT_transportationL_v1.json,capa EMSR916_AOI03_GRA_PRODUCT_transportationL_v1.json
2026-08-16T10:41:57Z,https://rapidmapping-viewer.s3.eu-west-1.amazonaws.com/EMSR916/AOI04/GRA_PRODUCT/EMSR916_AOI04_GRA_PRODUCT_ancillaryCrisisInfoP_v1.json,200,74235956a8307838befb48138d7867d9591f5baf36aef2f1eb12aa8794010fb8,883,data/snapshots/2026-08-16/layer_EMSR916_AOI04_GRA_PRODUCT_ancillaryCrisisInfoP_v1.json,capa EMSR916_AOI04_GRA_PRODUCT_ancillaryCrisisInfoP_v1.json
2026-08-16T10:41:57Z,https://rapidmapping-viewer.s3.eu-west-1.amazonaws.com/EMSR916/AOI04/GRA_PRODUCT/EMSR916_AOI04_GRA_PRODUCT_builtUpP_v1.json,200,b025e5711a2e223241d85b7051c231b84159a081fc9e9c9e11e33196dab89e56,29720,data/snapshots/2026-08-16/layer_EMSR916_AOI04_GRA_PRODUCT_builtUpP_v1.json,capa EMSR916_AOI04_GRA_PRODUCT_builtUpP_v1.json
2026-08-16T10:41:58Z,https://rapidmapping-viewer.s3.eu-west-1.amazonaws.com/EMSR916/AOI04/GRA_PRODUCT/EMSR916_AOI04_GRA_PRODUCT_transportationL_v1.json,200,f321eaa11f247bcc3eaf3ccfdd16847b3c0d36d16d367dd9a20265130ed4af9d,341651,data/snapshots/2026-08-16/layer_EMSR916_AOI04_GRA_PRODUCT_transportationL_v1.json,capa EMSR916_AOI04_GRA_PRODUCT_transportationL_v1.json
2026-08-16T10:41:59Z,https://rapidmapping-viewer.s3.eu-west-1.amazonaws.com/EMSR916/AOI05/GRA_PRODUCT/EMSR916_AOI05_GRA_PRODUCT_builtUpP_v1.json,200,a4f29ebf418368d636175d77fa3dfaa771f48a4a2a07ec1dbb4b5219cdb853ae,4131,data/snapshots/2026-08-16/layer_EMSR916_AOI05_GRA_PRODUCT_builtUpP_v1.json,capa EMSR916_AOI05_GRA_PRODUCT_builtUpP_v1.json
2026-08-16T10:41:59Z,https://rapidmapping-viewer.s3.eu-west-1.amazonaws.com/EMSR916/AOI05/GRA_PRODUCT/EMSR916_AOI05_GRA_PRODUCT_notAnalysedA_v1.json,200,1498f1d5ed81a1eec089d1c0301ad606e3344754adea6bc9104e7fc9af869df4,7942,data/snapshots/2026-08-16/layer_EMSR916_AOI05_GRA_PRODUCT_notAnalysedA_v1.json,capa EMSR916_AOI05_GRA_PRODUCT_notAnalysedA_v1.json
2026-08-16T10:42:00Z,https://rapidmapping-viewer.s3.eu-west-1.amazonaws.com/EMSR916/AOI05/GRA_PRODUCT/EMSR916_AOI05_GRA_PRODUCT_transportationL_v1.json,200,6e92765efd9d44659516e671e8313ca15a2db3eee5f65100994f20e5f2b1ecfd,125000,data/snapshots/2026-08-16/layer_EMSR916_AOI05_GRA_PRODUCT_transportationL_v1.json,capa EMSR916_AOI05_GRA_PRODUCT_transportationL_v1.json
2026-08-16T10:42:01Z,https://rapidmapping-viewer.s3.eu-west-1.amazonaws.com/EMSR916/AOI06/GRA_MONIT01/EMSR916_AOI06_GRA_MONIT01_builtUpP_v2.json,200,7a463f4000890cdba17d6191330ec7e9fc92ed5c01b10379d87a04280835176a,132688,data/snapshots/2026-08-16/layer_EMSR916_AOI06_GRA_MONIT01_builtUpP_v2.json,capa EMSR916_AOI06_GRA_MONIT01_builtUpP_v2.json
2026-08-16T10:42:02Z,https://rapidmapping-viewer.s3.eu-west-1.amazonaws.com/EMSR916/AOI06/GRA_MONIT01/EMSR916_AOI06_GRA_MONIT01_notAnalysedA_v2.json,200,add1491caef0ae73a816c015556aa6ad1e832ed23ec61c9dd5df8e00f497281e,2375722,data/snapshots/2026-08-16/layer_EMSR916_AOI06_GRA_MONIT01_notAnalysedA_v2.json,capa EMSR916_AOI06_GRA_MONIT01_notAnalysedA_v2.json
2026-08-16T10:42:04Z,https://rapidmapping-viewer.s3.eu-west-1.amazonaws.com/EMSR916/AOI06/GRA_MONIT01/EMSR916_AOI06_GRA_MONIT01_transportationL_v2.json,200,6c29b4f423a7e76579429778c782a914fd9569f55f1ab9a129ace385cf82b92e,1391811,data/snapshots/2026-08-16/layer_EMSR916_AOI06_GRA_MONIT01_transportationL_v2.json,capa EMSR916_AOI06_GRA_MONIT01_transportationL_v2.json
2026-08-16T10:42:04Z,https://earthquake.usgs.gov/fdsnws/event/1/query?eventid=us6000tjl2&format=geojson,200,1d42c221ea6de75ec98e6a936b37fa2c5b39d9a501d73a59002af82d55bce6c0,67044,data/snapshots/2026-08-16/usgs_us6000tjl2.json,usgs detail
2026-08-16T10:42:05Z,https://earthquake.usgs.gov/product/shakemap/us6000tjl2/us/1786452072000/download/coverage_mmi_low_res.covjson,200,f3b97ef0e94f8b9203a22f82f09f397f5c19dac416dfe87e373775fa30e13d44,118571,data/snapshots/2026-08-16/usgs_mmi_grid.covjson,usgs download/coverage_mmi_low_res.covjson
2026-08-16T10:42:05Z,https://earthquake.usgs.gov/product/shakemap/us6000tjl2/us/1786452072000/download/cont_mmi.json,200,56996f8c8a5bb0382a1bef3361b7433a15a0bbb9f5693b773958a71f5de9a353,109494,data/snapshots/2026-08-16/usgs_mmi_contours.json,usgs download/cont_mmi.json
2026-08-16T10:42:05Z,https://earthquake.usgs.gov/product/losspager/us6000tjl2/us/1786452203828/json/exposures.json,200,2bd2de5b48436e3c0a177cb3cd085d6a2f260a910f50de0f23f98df518242e8f,1091,data/snapshots/2026-08-16/usgs_pager_exposures.json,usgs pager exposures
2026-08-16T10:42:05Z,https://earthquake.usgs.gov/product/dyfi/us6000tjl2/us/1786862397287/dyfi_geo_10km.geojson,200,18c1bef90f7c5ddb2e2ce73f2032e32dd13476f4d2fefeb3e49b1cbd877e9554,203405,data/snapshots/2026-08-16/usgs_dyfi_10km.geojson,usgs dyfi 10km
2026-08-16T10:42:06Z,https://www.gdacs.org/gdacsapi/api/events/geteventdata?eventtype=EQ&eventid=1557236,200,8daa94a674fa291781d6719fd47c3b58f543f760bb574af5ce78df76c5ca4eca,6318,data/snapshots/2026-08-16/gdacs_event.json,gdacs event
2026-08-16T10:42:07Z,https://www.gdacs.org/gdacsapi/api/news/getnewsbygdacskey?eventtype=EQ&eventid=1557236,200,5dc2a5e4448b1b1bec54e987d72e5921b07fe8ccb16baaf06ec7da45d7bc85fb,2575,data/snapshots/2026-08-16/gdacs_news_institucional.json,gdacs institucional
2026-08-16T10:42:11Z,https://www.gdacs.org/gdacsapi/api/emm/getemmnewsbykey?eventtype=EQ&eventid=1557236,200,36e8a46dec88d2463b86a4381da257424c4e2d37ff5a0b4945597574c4e6ee27,1832696,data/snapshots/2026-08-16/gdacs_emm.json,gdacs emm
2026-08-16T10:42:49Z,https://api.gdeltproject.org/api/v2/doc/doc?query=%28terremoto+OR+sismo+OR+earthquake%29+Colombia&mode=timelinevol&startdatetime=20260808000000&format=json,200,364f17a1e12095601de96187d8a367332faf9e89615cfcbb4c41a13a750ad179,592,data/snapshots/2026-08-16/gdelt_timeline.json,gdelt timelinevol
2026-08-16T10:42:51Z,https://www.dane.gov.co/files/censo2018/proyecciones-de-poblacion/Municipal/PPED-AreaMun-2018-2042_VP.xlsx,200,1ea83594ad308becff39934a3977c102919c25740f60439be95d797396d11283,3948350,data/snapshots/2026-08-16/dane_poblacion_municipal_2018_2042.xlsx,dane poblacion municipal 2018-2042
2026-08-16T10:42:55Z,https://services2.arcgis.com/YVLx8xYoDXKccDfJ/arcgis/rest/services/REGISTRO_DE_EMERGENCIAS_EN_COLOMBIA/FeatureServer/0/query?where=1%3D1&f=json&outStatistics=%5B%7B%22statisticType%22%3A+%22max%22%2C+%22onStatisticField%22%3A+%22FECHA%22%2C+%22outStatisticFieldName%22%3A+%22maxf%22%7D%2C+%7B%22statisticType%22%3A+%22count%22%2C+%22onStatisticField%22%3A+%22OBJECTID_1%22%2C+%22outStatisticFieldName%22%3A+%22n%22%7D%5D,200,7afe3240a23b13adbf1ae8082c18d40649d09209624c4d1ccef7f9c2f28546ed,534,data/snapshots/2026-08-16/ungrd_arcgis_agg.json,ungrd arcgis agregados
2026-08-16T10:42:57Z,https://www.datos.gov.co/resource/wwkg-r6te.json?%24select=count%28%2A%29+as+n%2C+min%28fecha%29+as+desde%2C+max%28fecha%29+as+hasta,200,e19d6f13141d3fe2b0e3d64dbc03bcc0dca3b6c677888ddb7a3ba04ba597afa9,84,data/snapshots/2026-08-16/ungrd_socrata_agg.json,socrata brecha
2026-08-16T10:42:57Z,https://chatmap.hotosm.org/api/v1/map/89319bbb-a14a-4dfd-b9a1-c83b8b55785f,200,153c7cebee671e9e5c27d37bc38d4cfa48a49339177685155329c3574e116d14,193312,data/snapshots/2026-08-16/chatmap.json,chatmap
2026-08-16T10:43:00Z,https://chatmap.hotosm.org/api/v1/media/7e721d31-37d9-4d97-beb9-5e89fa562082.mp4,200,19a0205e551d8948a240eb92eb71ce21ae50641feab0ddd0a7ab82f65d854773,9047231,\N,chatmap media 7e721d31-37d9-4d97-beb9-5e89fa562082.mp4
2026-08-16T10:43:01Z,https://chatmap.hotosm.org/api/v1/media/9e6730d8-32fb-4ad0-87aa-4ef6ebe055f5.mp4,200,1f203c385d9f78fcf41c09907e59eb801a5701121a83bed3a552f7ec79ed4837,1306338,\N,chatmap media 9e6730d8-32fb-4ad0-87aa-4ef6ebe055f5.mp4
2026-08-16T10:43:04Z,https://chatmap.hotosm.org/api/v1/media/d788d8bc-566d-4a15-8290-6266e6989812.mp4,200,953902214eec08be50d0d060b1b6e2af90e6dc3d5636f436430be2c19957d558,6087990,\N,chatmap media d788d8bc-566d-4a15-8290-6266e6989812.mp4
2026-08-16T10:43:05Z,https://chatmap.hotosm.org/api/v1/media/3af55d9a-5e17-4e01-8553-dc4981c7bfe8.mp4,200,07d8a7c497bc9ec9d8771004bcd3fde348ee2eb7cd072825f557dd057d9ba4e4,2546756,\N,chatmap media 3af55d9a-5e17-4e01-8553-dc4981c7bfe8.mp4
2026-08-16T10:43:06Z,https://chatmap.hotosm.org/api/v1/media/23a19b43-fa0b-423b-8609-8b03a8498f35.mp4,200,ef3461d25fe5b22e301a5101c75722c629b47738e89c7f4aaacd787f58e56a7f,2007176,\N,chatmap media 23a19b43-fa0b-423b-8609-8b03a8498f35.mp4
2026-08-16T10:43:08Z,https://chatmap.hotosm.org/api/v1/media/eb3e9a80-3c41-46ec-ad59-8314ecfc3df5.mp4,200,68e9a811eafdd75473343e96378b19ea592d4d8ba7cc0653ad2a3f9af5b30a9a,3826005,\N,chatmap media eb3e9a80-3c41-46ec-ad59-8314ecfc3df5.mp4
2026-08-16T10:43:09Z,https://chatmap.hotosm.org/api/v1/media/90a2e539-deb5-4379-944c-a9cdfb085a30.mp4,200,5ba31a84d101ee83667fd6e9468225553c1474d0990e03d156d1dfb77f44a7d3,3224289,\N,chatmap media 90a2e539-deb5-4379-944c-a9cdfb085a30.mp4
2026-08-16T10:43:23Z,https://chatmap.hotosm.org/api/v1/media/18928f89-c2d8-413c-9052-1830ddca01db.mp4,200,5e6a8beda8ba82a8ce8ce7c2403f3cbef075ce58b605506986d279412f78c26c,59611494,\N,chatmap media 18928f89-c2d8-413c-9052-1830ddca01db.mp4
2026-08-16T10:43:24Z,https://chatmap.hotosm.org/api/v1/media/a831fdb1-14c6-4f10-9233-c734b301d7e6.mp4,200,0bae2d9ba1f91e87246a1303768533a194ed2f3344552983072bc2d92df97773,1364211,\N,chatmap media a831fdb1-14c6-4f10-9233-c734b301d7e6.mp4
2026-08-16T10:43:26Z,https://chatmap.hotosm.org/api/v1/media/c207867b-1f41-4c14-980c-7187b6f1c63a.mp4,200,0b9be4185e606e049d8d6d1bece879b4a4ce663934ac516b20bafe394058142f,1884220,\N,chatmap media c207867b-1f41-4c14-980c-7187b6f1c63a.mp4
2026-08-16T10:43:27Z,https://chatmap.hotosm.org/api/v1/media/643fc510-2401-4b87-9d77-64ed88bcbb7d.mp4,200,77758bd0a62e9386715428df8b63b0ce1191561a3c02b7cda152fedff0b83280,2988033,\N,chatmap media 643fc510-2401-4b87-9d77-64ed88bcbb7d.mp4
2026-08-16T10:43:27Z,https://chatmap.hotosm.org/api/v1/media/700e4878-69a9-4696-8555-050ab4823e79.opus,200,74e4c6c82ff9143fabf845bd5b9d737ca0f7b6eb9f605278da9575e66143e2a5,14695,\N,chatmap media 700e4878-69a9-4696-8555-050ab4823e79.opus
2026-08-16T10:43:28Z,https://chatmap.hotosm.org/api/v1/media/a3bcbde2-b206-4d75-a543-1c375566f223.mp4,200,b5e07345a67e549ae6755602c5e52b0789723378bdc06341f1914e75f8a68e0a,1025118,\N,chatmap media a3bcbde2-b206-4d75-a543-1c375566f223.mp4
2026-08-16T10:43:30Z,https://chatmap.hotosm.org/api/v1/media/c773fc21-433f-4c41-9813-db0400cb355d.mp4,200,fa10a43992cf0c99adbaecbde8d0652048205c1c9d958e45bbbe4576c7fed9a8,5384273,\N,chatmap media c773fc21-433f-4c41-9813-db0400cb355d.mp4
2026-08-16T10:43:31Z,https://chatmap.hotosm.org/api/v1/media/05cb9771-b232-408d-a1cc-0a2d971edecd.mp4,200,4b318cef61bc0e54cee0b189236df206414709f3aa07e8d3edde52644831187b,582255,\N,chatmap media 05cb9771-b232-408d-a1cc-0a2d971edecd.mp4
2026-08-16T10:43:32Z,https://chatmap.hotosm.org/api/v1/media/8537dd41-6a37-4cf2-bba5-cae0e980d9a7.mp4,200,2c44116726545e38fe8b87de987014ef897bef0e9a02fa2517c88de725995592,6411160,\N,chatmap media 8537dd41-6a37-4cf2-bba5-cae0e980d9a7.mp4
2026-08-16T10:43:36Z,https://chatmap.hotosm.org/api/v1/media/901027d8-6156-48f9-8c94-5fa2ea9f8009.mp4,200,344b656593268a3130b2ed0db3dbb7e4512a81b27ac03d0796f651c376b35b43,12514823,\N,chatmap media 901027d8-6156-48f9-8c94-5fa2ea9f8009.mp4
2026-08-16T10:43:38Z,https://chatmap.hotosm.org/api/v1/media/cc92e869-00e5-440a-978b-29997331ac9b.mp4,200,7b6a502bec3c290d15b32188e63aafa8ca64d773f9e46c291c6fb3a04717ee64,9213793,\N,chatmap media cc92e869-00e5-440a-978b-29997331ac9b.mp4
2026-08-16T10:43:41Z,https://chatmap.hotosm.org/api/v1/media/971a9efb-6e8e-40f4-bd5c-6f9624720927.mp4,200,7b6a502bec3c290d15b32188e63aafa8ca64d773f9e46c291c6fb3a04717ee64,9213793,\N,chatmap media 971a9efb-6e8e-40f4-bd5c-6f9624720927.mp4
2026-08-16T10:43:42Z,https://chatmap.hotosm.org/api/v1/media/8afbb51d-2305-447d-ae5f-7fcd3de43327.mp4,200,353570ed866178f58264553da96c820ba4691904a0dee80718313e977c648084,4546405,\N,chatmap media 8afbb51d-2305-447d-ae5f-7fcd3de43327.mp4
2026-08-16T10:43:45Z,https://chatmap.hotosm.org/api/v1/media/170c8d27-d09f-45d8-9856-eb7879c4c87a.mp4,200,601c25992c26c16b3234b931f7f232ab4c3230723e40197ab549f4e04ce7950d,9655962,\N,chatmap media 170c8d27-d09f-45d8-9856-eb7879c4c87a.mp4
2026-08-16T10:43:46Z,https://chatmap.hotosm.org/api/v1/media/c9863db3-ffb7-4c42-886c-c911a59f11bb.mp4,200,5475a953ffadb2e30d76fe0cf56b11bd7810434bfd5ac703e094e138521f1ff4,1250891,\N,chatmap media c9863db3-ffb7-4c42-886c-c911a59f11bb.mp4
2026-08-16T10:43:48Z,https://chatmap.hotosm.org/api/v1/media/22773b75-9d51-41f1-b5a0-f70cd543954e.mp4,200,7e5ee4326d6cce66b25de7267de5af95ac6fb9a09ad4e881ce8a2f1e3a239f2a,6890458,\N,chatmap media 22773b75-9d51-41f1-b5a0-f70cd543954e.mp4
2026-08-16T10:43:50Z,https://chatmap.hotosm.org/api/v1/media/6ca4ca98-6444-4045-a7b5-86ec20663275.mp4,200,5924de4f5be82d26a0a51fa8f3dabfa41e0a5105227ab9ddd16e9fdcecb5a34d,8374637,\N,chatmap media 6ca4ca98-6444-4045-a7b5-86ec20663275.mp4
2026-08-16T10:44:04Z,https://chatmap.hotosm.org/api/v1/media/e796a30d-0916-481e-852c-b189fd8d4566.mp4,200,182d4e75c7487a37219908c4bf0e55953f96807e9d20404ce6962643da3a1181,52065376,\N,chatmap media e796a30d-0916-481e-852c-b189fd8d4566.mp4
2026-08-16T10:44:06Z,https://chatmap.hotosm.org/api/v1/media/c5cfce1d-18dd-4c0d-a259-a594e72d06dc.mp4,200,94c10cfb050ba2b03871bf37425e99c2edf44cc9483ed06b4b73505fbd7252ba,8861422,\N,chatmap media c5cfce1d-18dd-4c0d-a259-a594e72d06dc.mp4
2026-08-16T10:44:08Z,https://chatmap.hotosm.org/api/v1/media/98d8766b-b9ee-4c8a-8d4d-f47f4960173f.mp4,200,b59c68825f9e1fe1cc402d24724007105a338bf6a93707a66f4b1719e62f3f93,2551251,\N,chatmap media 98d8766b-b9ee-4c8a-8d4d-f47f4960173f.mp4
2026-08-16T10:44:10Z,https://chatmap.hotosm.org/api/v1/media/3bf8426a-e380-408a-ac3e-52606f2b766f.mp4,200,92987f2ce0486a4b2b07624eacae5e8bb02c520e050467cf9d30714473cdaf80,5279537,\N,chatmap media 3bf8426a-e380-408a-ac3e-52606f2b766f.mp4
2026-08-16T10:44:11Z,https://chatmap.hotosm.org/api/v1/media/627cb272-5b43-471a-bb93-53d283fc2f1a.mp4,200,b660e24def888cb4b89294188dd258ff4003a3db471f42ff628e27e7820b62fc,1640307,\N,chatmap media 627cb272-5b43-471a-bb93-53d283fc2f1a.mp4
2026-08-16T10:44:13Z,https://chatmap.hotosm.org/api/v1/media/4290cbae-4de7-4143-93c2-9b162de0d88a.mp4,200,a7c7ba02ee89e317a951bc30c70180d627034aa526e3d8fa9b2290772d554d87,7967806,\N,chatmap media 4290cbae-4de7-4143-93c2-9b162de0d88a.mp4
2026-08-16T10:44:15Z,https://chatmap.hotosm.org/api/v1/media/0ff1ff38-5b35-4a31-b3dd-5a041bc392c6.mp4,200,6e08d86fe9a1407cc968efe201cedf7f9e15a5ba602577bd5d625659a385e9ac,3918961,\N,chatmap media 0ff1ff38-5b35-4a31-b3dd-5a041bc392c6.mp4
2026-08-16T10:44:16Z,https://chatmap.hotosm.org/api/v1/media/b50705df-ade5-4e58-a156-af35b5a9c992.mp4,200,7e4e1b82c36e8b00de5249d9fb23a1e81a4f9946aa9a68fd8538c68bcfe8c142,1926320,\N,chatmap media b50705df-ade5-4e58-a156-af35b5a9c992.mp4
2026-08-16T10:44:16Z,https://chatmap.hotosm.org/api/v1/media/1ae11f09-b7b0-4387-b88d-1a3f90ac1112.mp4,200,757223064af73eb51766fd4bb9305c6736bf5226146185c46236db1a29c38cde,757208,\N,chatmap media 1ae11f09-b7b0-4387-b88d-1a3f90ac1112.mp4
2026-08-16T10:44:19Z,https://chatmap.hotosm.org/api/v1/media/3fc32116-04c9-4e8d-986f-ca3a884d13f7.mp4,200,5341b7b67bc8eb022693976df52ab648840f20987280a5966a8ee7bbb0a4c14c,9988129,\N,chatmap media 3fc32116-04c9-4e8d-986f-ca3a884d13f7.mp4
2026-08-16T10:44:25Z,https://chatmap.hotosm.org/api/v1/media/5f568d18-7a3e-4168-9e4d-dde5bc849010.mp4,200,a711f102aff25c562746e144c36c13e24608137cefccb9ed6951990047e5c4bd,24335214,\N,chatmap media 5f568d18-7a3e-4168-9e4d-dde5bc849010.mp4
2026-08-16T10:44:26Z,https://chatmap.hotosm.org/api/v1/media/9884e28b-7165-43af-bd02-9d545fddfb06.mp4,200,679b5adbf9912cff1a151c8a2177787bf846452d178c0ab7be2564b0c7438704,3993181,\N,chatmap media 9884e28b-7165-43af-bd02-9d545fddfb06.mp4
2026-08-16T10:44:28Z,https://chatmap.hotosm.org/api/v1/media/e9dfe7a8-73fd-41ad-bcd7-94ebb28084b0.mp4,200,b80aeeeef66b729a46043466da25b01953a256167bc6853381bb673c8f53192c,4538274,\N,chatmap media e9dfe7a8-73fd-41ad-bcd7-94ebb28084b0.mp4
2026-08-16T10:44:31Z,https://chatmap.hotosm.org/api/v1/media/65d0f519-405a-408b-a99d-0edd5caee5bc.mp4,200,e22701d1535057b316d704ef19872b18297636591d841460cad967b3c20982f0,12615286,\N,chatmap media 65d0f519-405a-408b-a99d-0edd5caee5bc.mp4
2026-08-16T10:44:34Z,https://chatmap.hotosm.org/api/v1/media/cb004578-9acc-4cce-891f-e82ebe90c8f1.mp4,200,51a0e66d23e5894b9f657e3345788c8c41fbcae27c4eedace9648a06aab9e6d8,11085520,\N,chatmap media cb004578-9acc-4cce-891f-e82ebe90c8f1.mp4
2026-08-16T10:44:35Z,https://chatmap.hotosm.org/api/v1/media/b1b099c5-6114-4b97-b50a-0dd164763c92.mp4,200,8a8407ba3bc6fbd2c73d25c90347c1acc958b6bb0217d3e035ae7cf95b060ec3,1640900,\N,chatmap media b1b099c5-6114-4b97-b50a-0dd164763c92.mp4
2026-08-16T10:44:36Z,https://chatmap.hotosm.org/api/v1/media/5e91e24f-0ea0-4f76-9459-f50bd1c65241.mp4,200,07bd8f702e97ca1f1c0a6ded1a7fdcf63a9ef2e7a51460d8d9188be83c20c33f,2677946,\N,chatmap media 5e91e24f-0ea0-4f76-9459-f50bd1c65241.mp4
2026-08-16T10:44:39Z,https://chatmap.hotosm.org/api/v1/media/2c7ca58c-1bc8-4d95-9b7f-fad87ec1280a.mp4,200,d1d3008a73757718b1ec463f6550b9593f6a5aefb08e66670363cef9fcafbe5d,9434548,\N,chatmap media 2c7ca58c-1bc8-4d95-9b7f-fad87ec1280a.mp4
2026-08-16T10:44:40Z,https://chatmap.hotosm.org/api/v1/media/bdac0d49-1d97-4b25-9a4b-ff99d24139f6.mp4,200,a87707362bcb90270007de2ccec38432d6cd3e53d73d3e7e5edd61aa6ee61e65,3489472,\N,chatmap media bdac0d49-1d97-4b25-9a4b-ff99d24139f6.mp4
2026-08-16T10:44:41Z,https://chatmap.hotosm.org/api/v1/media/4a3c5360-6fed-4077-9d18-582867391a5d.mp4,200,0638a819c002ced456f952e9280449e627f7052b74dce53c733586fc8e5755b9,3874765,\N,chatmap media 4a3c5360-6fed-4077-9d18-582867391a5d.mp4
2026-08-16T10:44:42Z,https://chatmap.hotosm.org/api/v1/media/afd0bfca-77b3-4f66-9783-954f26fcdee8.mp4,200,0638a819c002ced456f952e9280449e627f7052b74dce53c733586fc8e5755b9,3874765,\N,chatmap media afd0bfca-77b3-4f66-9783-954f26fcdee8.mp4
2026-08-16T10:44:46Z,https://chatmap.hotosm.org/api/v1/media/51dcc496-00cb-43e1-833f-c9970a9957dd.mp4,200,d0c8fc3033c262b18586365ecde0a2bbdf8afb37c749d80e1be91cea21d4655c,12508365,\N,chatmap media 51dcc496-00cb-43e1-833f-c9970a9957dd.mp4
2026-08-16T10:44:47Z,https://chatmap.hotosm.org/api/v1/media/2c1758f9-b396-4e31-a403-aca131b9a5ba.mp4,200,9103ace5b434cf8ca9261c1a90feccdf30d2fa6795654d7eb350b40e9540c590,5717079,\N,chatmap media 2c1758f9-b396-4e31-a403-aca131b9a5ba.mp4
2026-08-16T10:44:49Z,https://chatmap.hotosm.org/api/v1/media/21c80697-de79-4117-b484-3f8d852fc7cd.mp4,200,8e492e4407ba7aba23b6fc76bf9af03085f97856e8300b0298c42b5b2f5a1883,4789147,\N,chatmap media 21c80697-de79-4117-b484-3f8d852fc7cd.mp4
2026-08-16T10:44:50Z,https://chatmap.hotosm.org/api/v1/media/f728f8be-0194-4800-b43b-3cb8c9d3d9be.mp4,200,9e29f8ca7cd457ecf7dd090469b1118dc400fb8605199bfa6b682851aaae3f88,4458951,\N,chatmap media f728f8be-0194-4800-b43b-3cb8c9d3d9be.mp4
2026-08-16T10:44:51Z,https://chatmap.hotosm.org/api/v1/media/74e01695-13ae-401c-a8b3-9e52f19c2964.mp4,200,c46c2bc2b904a0d9b95afcc473ad88d61883e2f4178490e3db93d48d77bcdcb9,3227188,\N,chatmap media 74e01695-13ae-401c-a8b3-9e52f19c2964.mp4
2026-08-16T10:45:05Z,https://chatmap.hotosm.org/api/v1/media/05c3311f-a9a2-43b1-9aa0-415babc308d0.mp4,200,6c8e7ef157c594d07a3b01fc36b7ace8f3ae964e5b8af514127d74110475c7e8,46175034,\N,chatmap media 05c3311f-a9a2-43b1-9aa0-415babc308d0.mp4
2026-08-16T10:45:07Z,https://chatmap.hotosm.org/api/v1/media/4e6eb3c0-332b-4a91-81fe-f435c8e5c3de.mp4,200,639f18198379e5c9880459c78459b774cfa336ed0743b0ac580f97b7bed1a99e,5075384,\N,chatmap media 4e6eb3c0-332b-4a91-81fe-f435c8e5c3de.mp4
2026-08-16T10:45:10Z,https://chatmap.hotosm.org/api/v1/media/394032c1-ada0-4951-86c2-b18d18d76a17.mp4,200,1a09dc1bfb7ccacde778cc4d41d0a6da7a1a3368e95051c987f481ba5b989497,15362583,\N,chatmap media 394032c1-ada0-4951-86c2-b18d18d76a17.mp4
2026-08-16T10:45:15Z,https://chatmap.hotosm.org/api/v1/media/40cae3fe-fcc9-4302-839c-3dc7cea73315.mp4,200,3c0f22dca0693db57bd166bf4e70d8f711418a1c341dcc2708516daf1d62b846,19529966,\N,chatmap media 40cae3fe-fcc9-4302-839c-3dc7cea73315.mp4
2026-08-16T10:45:26Z,https://chatmap.hotosm.org/api/v1/media/30d00822-6dcb-4357-89b1-851051b22907.mp4,200,6c8e7ef157c594d07a3b01fc36b7ace8f3ae964e5b8af514127d74110475c7e8,46175034,\N,chatmap media 30d00822-6dcb-4357-89b1-851051b22907.mp4
2026-08-16T10:45:27Z,https://chatmap.hotosm.org/api/v1/media/3e9f2563-de80-4cb4-b8ee-6b120c042997.mp4,200,ace2f834f03734dbf3d314b54f41f979a6c3025fa6ffb15f22128ca6f0c181b9,4656490,\N,chatmap media 3e9f2563-de80-4cb4-b8ee-6b120c042997.mp4
2026-08-16T10:45:31Z,https://chatmap.hotosm.org/api/v1/media/919a0172-e42d-492d-8927-1ee87899e5cd.mp4,200,437037d24d8624e4cfa21fbfe4276c72fcb37b5397c8c668855cebd6afe12f14,15479792,\N,chatmap media 919a0172-e42d-492d-8927-1ee87899e5cd.mp4
2026-08-16T10:45:33Z,https://chatmap.hotosm.org/api/v1/media/4773223d-df00-4e92-99f1-1bcde9e90b50.mp4,200,e16d534574c977e6940f95ab52d1078c09af7aa74ce3e03fd3a45c38e08829c8,5519960,\N,chatmap media 4773223d-df00-4e92-99f1-1bcde9e90b50.mp4
2026-08-16T10:45:35Z,https://chatmap.hotosm.org/api/v1/media/a5c53333-3657-428c-b4d6-6de02328018a.mp4,200,476be371d4fca0d85743dafe667a45cd7ba1f604760818168c8f26b409cea83c,6545063,\N,chatmap media a5c53333-3657-428c-b4d6-6de02328018a.mp4
2026-08-16T10:45:37Z,https://chatmap.hotosm.org/api/v1/media/e620c051-ead3-40ae-ab11-95a78339d1fd.mp4,200,a66a20e150206230b9d7749ece53223f12ace38f360fb892fc074540f294a00e,8508700,\N,chatmap media e620c051-ead3-40ae-ab11-95a78339d1fd.mp4
2026-08-16T10:45:41Z,https://chatmap.hotosm.org/api/v1/media/dd6a52c4-4cbb-4829-9387-c7c13895cace.mp4,200,a7027eaff02c25e99087873e9fb1cf17f7ba14edd5565501b9df3dacc5a82c77,16744305,\N,chatmap media dd6a52c4-4cbb-4829-9387-c7c13895cace.mp4
2026-08-16T10:45:44Z,https://chatmap.hotosm.org/api/v1/media/fd211407-ce6e-4cdf-aa99-67e90bf72caf.mp4,200,6e98bb8dac5987044c7e7b9af89c02af93346905887ebf2d9b43426db175110f,8416212,\N,chatmap media fd211407-ce6e-4cdf-aa99-67e90bf72caf.mp4
2026-08-16T10:45:46Z,https://chatmap.hotosm.org/api/v1/media/62b559ab-a574-4490-8fd2-645c2fb7c6f0.mp4,200,6fbb2cad9df51cb66f969a35c1513676c4d9c9ae968c7338a3e9415e107ead50,6382144,\N,chatmap media 62b559ab-a574-4490-8fd2-645c2fb7c6f0.mp4
2026-08-16T10:45:47Z,https://chatmap.hotosm.org/api/v1/media/e7f4097a-5ca6-45de-823c-b34b2a8707f5.mp4,200,14eabaa74706242b9a09dc5bf01ad0bc2041a847ccdf2771a3d54bf30016302a,1036581,\N,chatmap media e7f4097a-5ca6-45de-823c-b34b2a8707f5.mp4
2026-08-16T10:45:48Z,https://chatmap.hotosm.org/api/v1/media/5875d4b4-046d-4db7-962e-73ee926a49de.mp4,200,b72c4db1a6eaa0c9e6032e7619e84cd65d4af4573c017ecf65d3938816e8a5b0,4235454,\N,chatmap media 5875d4b4-046d-4db7-962e-73ee926a49de.mp4
2026-08-16T10:45:49Z,https://chatmap.hotosm.org/api/v1/media/b90c3db1-3b53-46c0-b558-79750430579d.mp4,200,0606446ddc567ea3978336042af15d92a0a91440f75457b1a73f61de2eb08b2d,3732758,\N,chatmap media b90c3db1-3b53-46c0-b558-79750430579d.mp4
2026-08-16T10:45:51Z,https://chatmap.hotosm.org/api/v1/media/f281ddef-6961-4042-85d0-0473018484c3.mp4,200,f6b1443dbdba9362604fc60b3aecae4b57abf1545950e28a5ea60bf6a65bd09f,2940216,\N,chatmap media f281ddef-6961-4042-85d0-0473018484c3.mp4
2026-08-16T10:45:52Z,https://chatmap.hotosm.org/api/v1/media/0add867d-d89c-4f8c-b9c3-79e53eb8bc30.mp4,200,3de91e9f1651145d3068b7075de4f3d9355139d52f177cdbbbf2b710f0341d37,2303611,\N,chatmap media 0add867d-d89c-4f8c-b9c3-79e53eb8bc30.mp4
2026-08-16T10:45:53Z,https://chatmap.hotosm.org/api/v1/media/c7835641-0b00-4679-871a-45f88238696f.mp4,200,555bc58618709e731e3a43377c4b660e30103b303703df033d69ae98b1d11fdf,4526534,\N,chatmap media c7835641-0b00-4679-871a-45f88238696f.mp4
2026-08-16T10:45:54Z,https://chatmap.hotosm.org/api/v1/media/30e2eea0-6d46-435d-986f-12d1fb6a6e10.jpg,200,aab70af4ece8d9e1d1d2201e0287fee270bcfe34ca9b646bf9ba362c751b9b09,219739,\N,chatmap media 30e2eea0-6d46-435d-986f-12d1fb6a6e10.jpg
2026-08-16T10:45:55Z,https://chatmap.hotosm.org/api/v1/media/a99c4362-af94-461f-8a7d-866dc01bb24c.jpg,200,32dcc2b59acc900b443514f5054b74cb2a67f0f47271dd971affbfa1749da0de,205241,\N,chatmap media a99c4362-af94-461f-8a7d-866dc01bb24c.jpg
2026-08-16T10:45:55Z,https://chatmap.hotosm.org/api/v1/media/e978a7a4-397c-4b43-a922-8c28bd668e60.jpg,200,669a99ff4eb2bae852fbf56b1765e68d342fe3b0cbe68aa1bba8eafaa132ad91,288489,\N,chatmap media e978a7a4-397c-4b43-a922-8c28bd668e60.jpg
2026-08-16T10:45:56Z,https://chatmap.hotosm.org/api/v1/media/83ec28cb-fe63-4f95-84d2-84856fa5792f.mp4,200,7a145825ea04bd2d66d861f1f8c8abe66d03d2442379fc806d760ec381bcd9b5,497839,\N,chatmap media 83ec28cb-fe63-4f95-84d2-84856fa5792f.mp4
2026-08-16T10:45:58Z,https://chatmap.hotosm.org/api/v1/media/176caca1-7226-467b-82aa-d61fb69e0b03.mp4,200,2151552721e9c8f9f0d0b6998e82a776e5b97ab80dbbb59e976f176049506483,6003388,\N,chatmap media 176caca1-7226-467b-82aa-d61fb69e0b03.mp4
2026-08-16T10:45:59Z,https://chatmap.hotosm.org/api/v1/media/70f07dcd-d3d3-4a62-a701-c0275a25df33.mp4,200,44f4489dffb981c255b0906c754c53bf08d2e9b2d4c753851f17a90aa3fe6809,2487764,\N,chatmap media 70f07dcd-d3d3-4a62-a701-c0275a25df33.mp4
2026-08-16T10:46:01Z,https://www.seismicportal.eu/testimonies-ws/api/search?unids=20260810_0000177,200,fffb6cfffbe21922e9f2bedb5d19c2c9b875f170a775be8fb11a78345d2bc26d,454,data/snapshots/2026-08-16/emsc_testimonies.json,emsc testimonies
2026-08-16T10:46:01Z,https://www.eltiempo.com/rss/colombia.xml,200,2108f387a76e2b6f3f8eebaaf661a47607f590f11aa7c52b58a7fa06baedf7cb,12995,data/snapshots/2026-08-16/feed_eltiempo-colombia.xml,feed comunitario eltiempo-colombia
2026-08-16T10:48:06Z,https://www.eldiario.com.co/feed/,-1,\N,0,\N,feed comunitario eldiario-pereira
2026-08-16T10:48:07Z,https://choco7dias.com/feed/,200,5e1c0491561d8d2db35067d306103da7859e1b29805bcd2a16152dbd338b0c15,61089,data/snapshots/2026-08-16/feed_choco7dias.xml,feed comunitario choco7dias
2026-08-16T10:48:07Z,https://occidente.co/feed/,200,212298c4a8d298c2d3b096975614edd28bba1a33a8c3462568f3671abea1d3a7,76299,data/snapshots/2026-08-16/feed_diario-occidente.xml,feed comunitario diario-occidente
2026-08-16T10:48:08Z,https://www.qhubocali.com/feed/,200,041d37a3d15cc28106c428a909b8aaf6c6e474984c0dbe388a26a35496701839,96131,data/snapshots/2026-08-16/feed_qhubo-cali.xml,feed comunitario qhubo-cali
2026-08-16T10:48:08Z,https://www.lapatria.com/rss.xml,200,8d294cb54024b9e77fdfbc28fb1794e00665f3be6053f1a7760da36e9c8fba11,23663,data/snapshots/2026-08-16/feed_la-patria-caldas.xml,feed comunitario la-patria-caldas
2026-08-16T10:48:09Z,https://www.elcolombiano.com/rss/Colombia.xml,200,473d233485040a650a1f0ad36d053110121705feeba4bdd42e9c670b6ddae86d,488856,data/snapshots/2026-08-16/feed_elcolombiano.xml,feed comunitario elcolombiano
2026-08-16T10:48:09Z,https://news.google.com/rss/search?q=terremoto+Colombia&hl=es-CO&gl=CO&ceid=CO:es,200,25e06da2573c92a55c0d8006cca02efc91a829254c563be3cdc34f84feb99209,213529,data/snapshots/2026-08-16/feed_googlenews-es.xml,feed comunitario googlenews-es
2026-08-16T10:48:10Z,https://news.google.com/rss/search?q=site%3Aelpais.com.co+%28terremoto+OR+sismo+OR+temblor%29&hl=es-CO&gl=CO&ceid=CO:es,200,3d2d88ccd5998411683be001069dc769225ea3d5bed6c30f66100aec91994ec4,247809,data/snapshots/2026-08-16/feed_googlenews-elpais-cali.xml,feed comunitario googlenews-elpais-cali
2026-08-16T10:48:10Z,https://news.google.com/rss/search?q=site%3Acronicadelquindio.com+%28terremoto+OR+sismo+OR+temblor%29&hl=es-CO&gl=CO&ceid=CO:es,200,0a9839c36d6f39b8143ab321c21be5a5f04d5d363ac48f7afb6db8f62dd15d55,119491,data/snapshots/2026-08-16/feed_googlenews-cronica-quindio.xml,feed comunitario googlenews-cronica-quindio
2026-08-16T10:48:11Z,https://news.google.com/rss/search?q=%28%22terremoto%22+OR+%22sismo%22+OR+%22temblor%22%29+%22armenia%22+%22quindio%22&hl=es-CO&gl=CO&ceid=CO:es,200,ccc4eb975883a8619c0fd01f73a52b09d89890a6b10697b1145177ed99138882,101614,data/snapshots/2026-08-16/feed_googlenews-municipio-armenia.xml,feed comunitario googlenews-municipio-armenia
2026-08-16T10:48:11Z,https://news.google.com/rss/search?q=%28%22terremoto%22+OR+%22sismo%22+OR+%22temblor%22%29+%22calarca%22+%22quindio%22&hl=es-CO&gl=CO&ceid=CO:es,200,230210d6c87a7a234705377b4cca3771987528bd8c48223d54951977b3a46ddc,62394,data/snapshots/2026-08-16/feed_googlenews-municipio-calarca.xml,feed comunitario googlenews-municipio-calarca
2026-08-16T10:48:11Z,https://news.google.com/rss/search?q=%28%22terremoto%22+OR+%22sismo%22+OR+%22temblor%22%29+%22la+tebaida%22+%22quindio%22&hl=es-CO&gl=CO&ceid=CO:es,200,ef18d73f7ca786ebdff389c750d1e465075cb92eeb1fcb07466c41de166281ab,84304,data/snapshots/2026-08-16/feed_googlenews-municipio-la-tebaida.xml,feed comunitario googlenews-municipio-la-tebaida
2026-08-16T10:48:12Z,https://news.google.com/rss/search?q=%28%22terremoto%22+OR+%22sismo%22+OR+%22temblor%22%29+%22montenegro%22+%22quindio%22&hl=es-CO&gl=CO&ceid=CO:es,200,be9a60443857a1d37037b489d6386d7e4075587a28e77d4cb2f23969e3859585,86891,data/snapshots/2026-08-16/feed_googlenews-municipio-montenegro.xml,feed comunitario googlenews-municipio-montenegro
2026-08-16T10:48:12Z,https://news.google.com/rss/search?q=%28%22terremoto%22+OR+%22sismo%22+OR+%22temblor%22%29+%22salento%22+%22quindio%22&hl=es-CO&gl=CO&ceid=CO:es,200,ddfee9f0a7d7a013faef02d1c884716cb99a15d00e3719743bb298ee7fc97e25,89051,data/snapshots/2026-08-16/feed_googlenews-municipio-salento.xml,feed comunitario googlenews-municipio-salento
2026-08-16T10:48:12Z,https://news.google.com/rss/search?q=%28%22terremoto%22+OR+%22sismo%22+OR+%22temblor%22%29+%22zarzal%22+%22valle+del+cauca%22&hl=es-CO&gl=CO&ceid=CO:es,200,517c898896c2d0751e75d6a3f93ee429bb531fbbcfea8c960758ec11ef2dfc9b,114294,data/snapshots/2026-08-16/feed_googlenews-municipio-zarzal.xml,feed comunitario googlenews-municipio-zarzal
2026-08-16T10:48:13Z,https://news.google.com/rss/search?q=%28%22terremoto%22+OR+%22sismo%22+OR+%22temblor%22%29+%22cartago%22+%22valle+del+cauca%22&hl=es-CO&gl=CO&ceid=CO:es,200,95eb067c5428de194d2e8596fe2a9ace728222f4b76217f9028a67406a478e84,172535,data/snapshots/2026-08-16/feed_googlenews-municipio-cartago.xml,feed comunitario googlenews-municipio-cartago
2026-08-16T10:48:13Z,https://news.google.com/rss/search?q=%28%22terremoto%22+OR+%22sismo%22+OR+%22temblor%22%29+%22tulua%22+%22valle+del+cauca%22&hl=es-CO&gl=CO&ceid=CO:es,200,92763fd40a278aca7193c0c5fae124c112c4b52a6726969331e0eb4cc8fa0537,92548,data/snapshots/2026-08-16/feed_googlenews-municipio-tulua.xml,feed comunitario googlenews-municipio-tulua
2026-08-16T10:48:14Z,https://news.google.com/rss/search?q=%28%22terremoto%22+OR+%22sismo%22+OR+%22temblor%22%29+%22buga%22+%22valle+del+cauca%22&hl=es-CO&gl=CO&ceid=CO:es,200,6c51ac3883cbd6df8e88f9ab2c38918bfa81116a506f5c0786ca209364ddfdc8,173477,data/snapshots/2026-08-16/feed_googlenews-municipio-buga.xml,feed comunitario googlenews-municipio-buga
2026-08-16T10:48:14Z,https://news.google.com/rss/search?q=%28%22terremoto%22+OR+%22sismo%22+OR+%22temblor%22%29+%22palmira%22+%22valle+del+cauca%22&hl=es-CO&gl=CO&ceid=CO:es,200,f10e56d3dfba64c3aeec06c6ed1bc95e6e929202bf5f33f35de0263ecc96994e,187685,data/snapshots/2026-08-16/feed_googlenews-municipio-palmira.xml,feed comunitario googlenews-municipio-palmira
2026-08-16T10:48:15Z,https://news.google.com/rss/search?q=%28%22terremoto%22+OR+%22sismo%22+OR+%22temblor%22%29+%22roldanillo%22+%22valle+del+cauca%22&hl=es-CO&gl=CO&ceid=CO:es,200,fd63ed634b3ad553ef5729aec063ed3cfad9c1ef0d33785cdd00eb9243feb072,222098,data/snapshots/2026-08-16/feed_googlenews-municipio-roldanillo.xml,feed comunitario googlenews-municipio-roldanillo
2026-08-16T10:48:15Z,https://news.google.com/rss/search?q=%28%22terremoto%22+OR+%22sismo%22+OR+%22temblor%22%29+%22sevilla%22+%22valle+del+cauca%22&hl=es-CO&gl=CO&ceid=CO:es,200,78ebd079033ae8a1416cfecd1e9ab4befb6e34942208eadc34246182153eaa88,119238,data/snapshots/2026-08-16/feed_googlenews-municipio-sevilla.xml,feed comunitario googlenews-municipio-sevilla
2026-08-16T10:48:15Z,https://news.google.com/rss/search?q=%28%22terremoto%22+OR+%22sismo%22+OR+%22temblor%22%29+%22caicedonia%22+%22valle+del+cauca%22&hl=es-CO&gl=CO&ceid=CO:es,200,f34ab810687bf4224c1d96c6234bb57baf497d57b68a05cb41279322aad414f3,99312,data/snapshots/2026-08-16/feed_googlenews-municipio-caicedonia.xml,feed comunitario googlenews-municipio-caicedonia
2026-08-16T10:48:16Z,https://news.google.com/rss/search?q=%28%22terremoto%22+OR+%22sismo%22+OR+%22temblor%22%29+%22jamundi%22+%22valle+del+cauca%22&hl=es-CO&gl=CO&ceid=CO:es,200,20e9f9ca38e64a53205c96f6f843229558be2f49d9b251dd69db805e9fbe8b1d,114848,data/snapshots/2026-08-16/feed_googlenews-municipio-jamundi.xml,feed comunitario googlenews-municipio-jamundi
2026-08-16T10:48:16Z,https://news.google.com/rss/search?q=%28%22terremoto%22+OR+%22sismo%22+OR+%22temblor%22%29+%22dagua%22+%22valle+del+cauca%22&hl=es-CO&gl=CO&ceid=CO:es,200,e6cc635b3f756942bd0a49ac766585e75de22d9c38ffe409fc5ba7560dfcd720,123689,data/snapshots/2026-08-16/feed_googlenews-municipio-dagua.xml,feed comunitario googlenews-municipio-dagua
2026-08-16T10:48:17Z,https://news.google.com/rss/search?q=%28%22terremoto%22+OR+%22sismo%22+OR+%22temblor%22%29+%22pereira%22+%22risaralda%22&hl=es-CO&gl=CO&ceid=CO:es,200,735ba68fac0263ee6f1a09993e4b9c72bbf918e4bf944bba96a05f3e3f4443ae,218774,data/snapshots/2026-08-16/feed_googlenews-municipio-pereira.xml,feed comunitario googlenews-municipio-pereira
2026-08-16T10:48:17Z,https://news.google.com/rss/search?q=%28%22terremoto%22+OR+%22sismo%22+OR+%22temblor%22%29+%22dosquebradas%22+%22risaralda%22&hl=es-CO&gl=CO&ceid=CO:es,200,54451a95d3f8f22b2fa2c882fd2db39d19221e3226cad356d8fe91986f3f0757,115200,data/snapshots/2026-08-16/feed_googlenews-municipio-dosquebradas.xml,feed comunitario googlenews-municipio-dosquebradas
2026-08-16T10:48:17Z,https://news.google.com/rss/search?q=%28%22terremoto%22+OR+%22sismo%22+OR+%22temblor%22%29+%22santa+rosa+de+cabal%22+%22risaralda%22&hl=es-CO&gl=CO&ceid=CO:es,200,5b850d3d483223c6f6038d6af19b2b89e029be8b01fa3dd30f2531facf781428,111142,data/snapshots/2026-08-16/feed_googlenews-municipio-santa-rosa-de-cabal.xml,feed comunitario googlenews-municipio-santa-rosa-de-cabal
2026-08-16T10:48:18Z,https://news.google.com/rss/search?q=%28%22terremoto%22+OR+%22sismo%22+OR+%22temblor%22%29+%22manizales%22+%22caldas%22&hl=es-CO&gl=CO&ceid=CO:es,200,83d8fe09f044aea6ccd84e09700ed060b3d31873a47859ce8d411cc20673d3ea,191955,data/snapshots/2026-08-16/feed_googlenews-municipio-manizales.xml,feed comunitario googlenews-municipio-manizales
2026-08-16T10:48:18Z,https://news.google.com/rss/search?q=%28%22terremoto%22+OR+%22sismo%22+OR+%22temblor%22%29+%22villamaria%22+%22caldas%22&hl=es-CO&gl=CO&ceid=CO:es,200,1728811b075b67b7aa8c32384dc4b340d7a55b3daab95a0acc0d971237e8ad8b,32247,data/snapshots/2026-08-16/feed_googlenews-municipio-villamaria.xml,feed comunitario googlenews-municipio-villamaria
2026-08-16T10:48:19Z,https://news.google.com/rss/search?q=%28%22terremoto%22+OR+%22sismo%22+OR+%22temblor%22%29+%22cali%22+%22valle+del+cauca%22&hl=es-CO&gl=CO&ceid=CO:es,200,4c42e6e4eec4a249533a5cffaa1f5448c4ba40d554a4bfb24e1425e1d2164e7f,222296,data/snapshots/2026-08-16/feed_googlenews-municipio-cali.xml,feed comunitario googlenews-municipio-cali
2026-08-16T10:48:19Z,https://news.google.com/rss/search?q=%28%22terremoto%22+OR+%22sismo%22+OR+%22temblor%22%29+%22buenaventura%22+%22valle+del+cauca%22&hl=es-CO&gl=CO&ceid=CO:es,200,a9de57fea0c21aaecca314bf854402944ca9bed0e0f5b60745d9d27297cf90bd,210273,data/snapshots/2026-08-16/feed_googlenews-municipio-buenaventura.xml,feed comunitario googlenews-municipio-buenaventura
2026-08-16T10:48:19Z,https://news.google.com/rss/search?q=%28%22terremoto%22+OR+%22sismo%22+OR+%22temblor%22%29+%22quibdo%22+%22choco%22&hl=es-CO&gl=CO&ceid=CO:es,200,fac280b794c239bb282497707ef92f3c9b6482852cabf1b73c68813db71231dc,77670,data/snapshots/2026-08-16/feed_googlenews-municipio-quibdo.xml,feed comunitario googlenews-municipio-quibdo
2026-08-16T10:48:20Z,https://news.google.com/rss/search?q=%28%22terremoto%22+OR+%22sismo%22+OR+%22temblor%22%29+%22istmina%22+%22choco%22&hl=es-CO&gl=CO&ceid=CO:es,200,2784ed454875a24d05af788c990cd6055d68f03604d2067e0ca5d94edc47c189,100440,data/snapshots/2026-08-16/feed_googlenews-municipio-istmina.xml,feed comunitario googlenews-municipio-istmina
2026-08-16T10:48:20Z,https://news.google.com/rss/search?q=%28%22terremoto%22+OR+%22sismo%22+OR+%22temblor%22%29+%22san+jose+del+palmar%22+%22choco%22&hl=es-CO&gl=CO&ceid=CO:es,200,f189cef80636d13c8313d0e9a4b7c7b7448bbc568d3da3f4b182794406bd7897,203757,data/snapshots/2026-08-16/feed_googlenews-municipio-san-jose-del-palmar.xml,feed comunitario googlenews-municipio-san-jose-del-palmar
2026-08-16T11:22:51Z,https://chatmap.hotosm.org/api/v1/map/89319bbb-a14a-4dfd-b9a1-c83b8b55785f,200,153c7cebee671e9e5c27d37bc38d4cfa48a49339177685155329c3574e116d14,193312,data/snapshots/2026-08-16/chatmap.json,chatmap
2026-08-16T11:23:07Z,https://chatmap.hotosm.org/api/v1/media/18928f89-c2d8-413c-9052-1830ddca01db.mp4,200,5e6a8beda8ba82a8ce8ce7c2403f3cbef075ce58b605506986d279412f78c26c,59611494,\N,chatmap media 18928f89-c2d8-413c-9052-1830ddca01db.mp4
2026-08-16T11:23:20Z,https://chatmap.hotosm.org/api/v1/media/e796a30d-0916-481e-852c-b189fd8d4566.mp4,200,182d4e75c7487a37219908c4bf0e55953f96807e9d20404ce6962643da3a1181,52065376,\N,chatmap media e796a30d-0916-481e-852c-b189fd8d4566.mp4
2026-08-16T11:23:32Z,https://chatmap.hotosm.org/api/v1/media/05c3311f-a9a2-43b1-9aa0-415babc308d0.mp4,200,6c8e7ef157c594d07a3b01fc36b7ace8f3ae964e5b8af514127d74110475c7e8,46175034,\N,chatmap media 05c3311f-a9a2-43b1-9aa0-415babc308d0.mp4
2026-08-16T11:23:43Z,https://chatmap.hotosm.org/api/v1/media/30d00822-6dcb-4357-89b1-851051b22907.mp4,200,6c8e7ef157c594d07a3b01fc36b7ace8f3ae964e5b8af514127d74110475c7e8,46175034,\N,chatmap media 30d00822-6dcb-4357-89b1-851051b22907.mp4
2026-08-16T11:23:45Z,https://chatmap.hotosm.org/api/v1/media/83ec28cb-fe63-4f95-84d2-84856fa5792f.mp4,200,7a145825ea04bd2d66d861f1f8c8abe66d03d2442379fc806d760ec381bcd9b5,497839,\N,chatmap media 83ec28cb-fe63-4f95-84d2-84856fa5792f.mp4
2026-08-16T11:23:47Z,https://chatmap.hotosm.org/api/v1/media/176caca1-7226-467b-82aa-d61fb69e0b03.mp4,200,2151552721e9c8f9f0d0b6998e82a776e5b97ab80dbbb59e976f176049506483,6003388,\N,chatmap media 176caca1-7226-467b-82aa-d61fb69e0b03.mp4
2026-08-16T11:23:48Z,https://chatmap.hotosm.org/api/v1/media/70f07dcd-d3d3-4a62-a701-c0275a25df33.mp4,200,44f4489dffb981c255b0906c754c53bf08d2e9b2d4c753851f17a90aa3fe6809,2487764,\N,chatmap media 70f07dcd-d3d3-4a62-a701-c0275a25df33.mp4
2026-08-16T11:29:18Z,https://monitor-terremoto-colombia-oficiales-ai.inforesidencias.workers.dev/oficiales.json,200,3d9ff3db199149a63c06a544702b918ef50e0d48f0914d18cdfd13b02a112401,62592,\N,alerts balances
2026-08-16T13:27:24Z,https://rapidmapping.emergency.copernicus.eu/backend/dashboard-api/public-activations/?code=EMSR865,200,9b814c5bea2380bc96a57251cb318aa7980415103daf177273cebc179c3f7a65,25160,data/snapshots/2026-08-16/copernicus_EMSR865.json,copernicus EMSR865
2026-08-16T13:27:25Z,https://rapidmapping.emergency.copernicus.eu/backend/dashboard-api/public-activations/?code=EMSR916,200,b32f3747d33567776814f8bca911daf960e0dbf06884222270651a97f598c854,41711,data/snapshots/2026-08-16/copernicus_EMSR916.json,copernicus EMSR916
2026-08-16T13:27:26Z,https://rapidmapping.emergency.copernicus.eu/backend/dashboard-api/public-activations/?code=EMSR925,403,dbff0849bc109eee7f9b7b1fe12e40fc8add21823b2f1fb600b37f620cbd7862,58,\N,copernicus EMSR925
2026-08-16T13:27:27Z,https://rapidmapping.emergency.copernicus.eu/backend/dashboard-api/public-activations/?code=EMSR926,403,dbff0849bc109eee7f9b7b1fe12e40fc8add21823b2f1fb600b37f620cbd7862,58,\N,copernicus EMSR926
2026-08-16T13:27:28Z,https://rapidmapping.emergency.copernicus.eu/backend/dashboard-api/public-activations/?code=EMSR927,403,dbff0849bc109eee7f9b7b1fe12e40fc8add21823b2f1fb600b37f620cbd7862,58,\N,copernicus EMSR927
2026-08-16T13:27:29Z,https://rapidmapping.emergency.copernicus.eu/backend/dashboard-api/public-activations/?code=EMSR928,403,dbff0849bc109eee7f9b7b1fe12e40fc8add21823b2f1fb600b37f620cbd7862,58,\N,copernicus EMSR928
2026-08-16T13:27:30Z,https://rapidmapping.emergency.copernicus.eu/backend/dashboard-api/public-activations/?code=EMSR929,403,dbff0849bc109eee7f9b7b1fe12e40fc8add21823b2f1fb600b37f620cbd7862,58,\N,copernicus EMSR929
2026-08-16T13:27:31Z,https://rapidmapping.emergency.copernicus.eu/backend/dashboard-api/public-activations/?code=EMSR930,403,dbff0849bc109eee7f9b7b1fe12e40fc8add21823b2f1fb600b37f620cbd7862,58,\N,copernicus EMSR930
2026-08-16T13:27:32Z,https://rapidmapping.emergency.copernicus.eu/backend/dashboard-api/public-activations/?code=EMSR931,403,dbff0849bc109eee7f9b7b1fe12e40fc8add21823b2f1fb600b37f620cbd7862,58,\N,copernicus EMSR931
2026-08-16T13:27:33Z,https://rapidmapping.emergency.copernicus.eu/backend/dashboard-api/public-activations/?code=EMSR932,403,dbff0849bc109eee7f9b7b1fe12e40fc8add21823b2f1fb600b37f620cbd7862,58,\N,copernicus EMSR932
2026-08-16T13:27:34Z,https://rapidmapping.emergency.copernicus.eu/backend/dashboard-api/public-activations/?code=EMSR933,403,dbff0849bc109eee7f9b7b1fe12e40fc8add21823b2f1fb600b37f620cbd7862,58,\N,copernicus EMSR933
2026-08-16T13:27:35Z,https://rapidmapping.emergency.copernicus.eu/backend/dashboard-api/public-activations/?code=EMSR934,403,dbff0849bc109eee7f9b7b1fe12e40fc8add21823b2f1fb600b37f620cbd7862,58,\N,copernicus EMSR934
2026-08-16T13:27:36Z,https://rapidmapping.emergency.copernicus.eu/backend/dashboard-api/public-activations/?code=EMSR935,403,dbff0849bc109eee7f9b7b1fe12e40fc8add21823b2f1fb600b37f620cbd7862,58,\N,copernicus EMSR935
2026-08-16T13:27:38Z,https://rapidmapping.emergency.copernicus.eu/backend/dashboard-api/public-activations/?code=EMSR936,403,dbff0849bc109eee7f9b7b1fe12e40fc8add21823b2f1fb600b37f620cbd7862,58,\N,copernicus EMSR936
2026-08-16T13:27:39Z,https://rapidmapping.emergency.copernicus.eu/backend/dashboard-api/public-activations/?code=EMSR937,403,dbff0849bc109eee7f9b7b1fe12e40fc8add21823b2f1fb600b37f620cbd7862,58,\N,copernicus EMSR937
2026-08-16T13:27:40Z,https://rapidmapping.emergency.copernicus.eu/backend/dashboard-api/public-activations/?code=EMSR938,403,dbff0849bc109eee7f9b7b1fe12e40fc8add21823b2f1fb600b37f620cbd7862,58,\N,copernicus EMSR938
2026-08-16T13:27:41Z,https://rapidmapping.emergency.copernicus.eu/backend/dashboard-api/public-activations/?code=EMSR939,403,dbff0849bc109eee7f9b7b1fe12e40fc8add21823b2f1fb600b37f620cbd7862,58,\N,copernicus EMSR939
2026-08-16T13:27:42Z,https://rapidmapping.emergency.copernicus.eu/backend/dashboard-api/public-activations/?code=EMSR940,403,dbff0849bc109eee7f9b7b1fe12e40fc8add21823b2f1fb600b37f620cbd7862,58,\N,copernicus EMSR940
2026-08-16T13:27:43Z,https://rapidmapping.emergency.copernicus.eu/backend/dashboard-api/public-activations/?code=EMSR941,403,dbff0849bc109eee7f9b7b1fe12e40fc8add21823b2f1fb600b37f620cbd7862,58,\N,copernicus EMSR941
2026-08-16T13:27:44Z,https://rapidmapping.emergency.copernicus.eu/backend/dashboard-api/public-activations/?code=EMSR942,403,dbff0849bc109eee7f9b7b1fe12e40fc8add21823b2f1fb600b37f620cbd7862,58,\N,copernicus EMSR942
2026-08-16T13:27:45Z,https://rapidmapping.emergency.copernicus.eu/backend/dashboard-api/public-activations/?code=EMSR943,403,dbff0849bc109eee7f9b7b1fe12e40fc8add21823b2f1fb600b37f620cbd7862,58,\N,copernicus EMSR943
2026-08-16T13:27:46Z,https://rapidmapping.emergency.copernicus.eu/backend/dashboard-api/public-activations/?code=EMSR944,403,dbff0849bc109eee7f9b7b1fe12e40fc8add21823b2f1fb600b37f620cbd7862,58,\N,copernicus EMSR944
2026-08-16T13:27:47Z,https://rapidmapping.emergency.copernicus.eu/backend/dashboard-api/public-activations/?code=EMSR945,403,dbff0849bc109eee7f9b7b1fe12e40fc8add21823b2f1fb600b37f620cbd7862,58,\N,copernicus EMSR945
2026-08-16T13:27:48Z,https://rapidmapping.emergency.copernicus.eu/backend/dashboard-api/public-activations/?code=EMSR946,403,dbff0849bc109eee7f9b7b1fe12e40fc8add21823b2f1fb600b37f620cbd7862,58,\N,copernicus EMSR946
2026-08-16T13:27:49Z,https://rapidmapping.emergency.copernicus.eu/backend/dashboard-api/public-activations/?code=EMSR947,403,dbff0849bc109eee7f9b7b1fe12e40fc8add21823b2f1fb600b37f620cbd7862,58,\N,copernicus EMSR947
2026-08-16T13:27:50Z,https://rapidmapping.emergency.copernicus.eu/backend/dashboard-api/public-activations/?code=EMSR948,403,dbff0849bc109eee7f9b7b1fe12e40fc8add21823b2f1fb600b37f620cbd7862,58,\N,copernicus EMSR948
2026-08-16T13:27:51Z,https://rapidmapping.emergency.copernicus.eu/backend/dashboard-api/public-activations/?code=EMSR949,403,dbff0849bc109eee7f9b7b1fe12e40fc8add21823b2f1fb600b37f620cbd7862,58,\N,copernicus EMSR949
2026-08-16T13:27:52Z,https://rapidmapping-viewer.s3.eu-west-1.amazonaws.com/EMSR916/AOI01/GRA_PRODUCT/EMSR916_AOI01_GRA_PRODUCT_builtUpP_v1.json,200,d2c876bed0fe855db3baf3eeed0068a543b8e5f1a53d4649d1469f0adcf12816,2967,data/snapshots/2026-08-16/layer_EMSR916_AOI01_GRA_PRODUCT_builtUpP_v1.json,capa EMSR916_AOI01_GRA_PRODUCT_builtUpP_v1.json
2026-08-16T13:27:53Z,https://rapidmapping-viewer.s3.eu-west-1.amazonaws.com/EMSR916/AOI01/GRA_PRODUCT/EMSR916_AOI01_GRA_PRODUCT_transportationL_v1.json,200,d7f4fac6a9ec135213d5a4b1e114be72d34858e61e49a2c10739a210e6936ec0,1841079,data/snapshots/2026-08-16/layer_EMSR916_AOI01_GRA_PRODUCT_transportationL_v1.json,capa EMSR916_AOI01_GRA_PRODUCT_transportationL_v1.json
2026-08-16T13:27:54Z,https://rapidmapping-viewer.s3.eu-west-1.amazonaws.com/EMSR916/AOI02/GRA_PRODUCT/EMSR916_AOI02_GRA_PRODUCT_ancillaryCrisisInfoP_v1.json,200,7da38d87aedf40cf564d92de9a68527596a4e0c8a5a0b9aa7e8966b76e632f30,3973,data/snapshots/2026-08-16/layer_EMSR916_AOI02_GRA_PRODUCT_ancillaryCrisisInfoP_v1.json,capa EMSR916_AOI02_GRA_PRODUCT_ancillaryCrisisInfoP_v1.json
2026-08-16T13:27:54Z,https://rapidmapping-viewer.s3.eu-west-1.amazonaws.com/EMSR916/AOI02/GRA_PRODUCT/EMSR916_AOI02_GRA_PRODUCT_builtUpP_v1.json,200,cff04c1b9be16aeff75dd9f8bc35a219db3b3f02e49b39f6d589f1a0bbf00e8b,72009,data/snapshots/2026-08-16/layer_EMSR916_AOI02_GRA_PRODUCT_builtUpP_v1.json,capa EMSR916_AOI02_GRA_PRODUCT_builtUpP_v1.json
2026-08-16T13:27:56Z,https://rapidmapping-viewer.s3.eu-west-1.amazonaws.com/EMSR916/AOI02/GRA_PRODUCT/EMSR916_AOI02_GRA_PRODUCT_transportationL_v1.json,200,be479547469835ca25edceacbced43eebee8578b03b64c35988c04ca168c089e,1436803,data/snapshots/2026-08-16/layer_EMSR916_AOI02_GRA_PRODUCT_transportationL_v1.json,capa EMSR916_AOI02_GRA_PRODUCT_transportationL_v1.json
2026-08-16T13:27:56Z,https://rapidmapping-viewer.s3.eu-west-1.amazonaws.com/EMSR916/AOI03/GRA_PRODUCT/EMSR916_AOI03_GRA_PRODUCT_builtUpP_v1.json,200,d5014233cfcda96b8a2de710065455facedd1b98f4393c820659b5739873ffcc,5726,data/snapshots/2026-08-16/layer_EMSR916_AOI03_GRA_PRODUCT_builtUpP_v1.json,capa EMSR916_AOI03_GRA_PRODUCT_builtUpP_v1.json
2026-08-16T13:27:57Z,https://rapidmapping-viewer.s3.eu-west-1.amazonaws.com/EMSR916/AOI03/GRA_PRODUCT/EMSR916_AOI03_GRA_PRODUCT_transportationL_v1.json,200,bf5c9447ad831362334eed9da8307922e07fba57f089ccaefc080b2d2ab641fd,429432,data/snapshots/2026-08-16/layer_EMSR916_AOI03_GRA_PRODUCT_transportationL_v1.json,capa EMSR916_AOI03_GRA_PRODUCT_transportationL_v1.json
2026-08-16T13:27:58Z,https://rapidmapping-viewer.s3.eu-west-1.amazonaws.com/EMSR916/AOI04/GRA_PRODUCT/EMSR916_AOI04_GRA_PRODUCT_ancillaryCrisisInfoP_v1.json,200,74235956a8307838befb48138d7867d9591f5baf36aef2f1eb12aa8794010fb8,883,data/snapshots/2026-08-16/layer_EMSR916_AOI04_GRA_PRODUCT_ancillaryCrisisInfoP_v1.json,capa EMSR916_AOI04_GRA_PRODUCT_ancillaryCrisisInfoP_v1.json
2026-08-16T13:27:58Z,https://rapidmapping-viewer.s3.eu-west-1.amazonaws.com/EMSR916/AOI04/GRA_PRODUCT/EMSR916_AOI04_GRA_PRODUCT_builtUpP_v1.json,200,b025e5711a2e223241d85b7051c231b84159a081fc9e9c9e11e33196dab89e56,29720,data/snapshots/2026-08-16/layer_EMSR916_AOI04_GRA_PRODUCT_builtUpP_v1.json,capa EMSR916_AOI04_GRA_PRODUCT_builtUpP_v1.json
2026-08-16T13:27:59Z,https://rapidmapping-viewer.s3.eu-west-1.amazonaws.com/EMSR916/AOI04/GRA_PRODUCT/EMSR916_AOI04_GRA_PRODUCT_transportationL_v1.json,200,f321eaa11f247bcc3eaf3ccfdd16847b3c0d36d16d367dd9a20265130ed4af9d,341651,data/snapshots/2026-08-16/layer_EMSR916_AOI04_GRA_PRODUCT_transportationL_v1.json,capa EMSR916_AOI04_GRA_PRODUCT_transportationL_v1.json
2026-08-16T13:27:59Z,https://rapidmapping-viewer.s3.eu-west-1.amazonaws.com/EMSR916/AOI05/GRA_PRODUCT/EMSR916_AOI05_GRA_PRODUCT_builtUpP_v1.json,200,a4f29ebf418368d636175d77fa3dfaa771f48a4a2a07ec1dbb4b5219cdb853ae,4131,data/snapshots/2026-08-16/layer_EMSR916_AOI05_GRA_PRODUCT_builtUpP_v1.json,capa EMSR916_AOI05_GRA_PRODUCT_builtUpP_v1.json
2026-08-16T13:28:00Z,https://rapidmapping-viewer.s3.eu-west-1.amazonaws.com/EMSR916/AOI05/GRA_PRODUCT/EMSR916_AOI05_GRA_PRODUCT_notAnalysedA_v1.json,200,1498f1d5ed81a1eec089d1c0301ad606e3344754adea6bc9104e7fc9af869df4,7942,data/snapshots/2026-08-16/layer_EMSR916_AOI05_GRA_PRODUCT_notAnalysedA_v1.json,capa EMSR916_AOI05_GRA_PRODUCT_notAnalysedA_v1.json
2026-08-16T13:28:01Z,https://rapidmapping-viewer.s3.eu-west-1.amazonaws.com/EMSR916/AOI05/GRA_PRODUCT/EMSR916_AOI05_GRA_PRODUCT_transportationL_v1.json,200,6e92765efd9d44659516e671e8313ca15a2db3eee5f65100994f20e5f2b1ecfd,125000,data/snapshots/2026-08-16/layer_EMSR916_AOI05_GRA_PRODUCT_transportationL_v1.json,capa EMSR916_AOI05_GRA_PRODUCT_transportationL_v1.json
2026-08-16T13:28:01Z,https://rapidmapping-viewer.s3.eu-west-1.amazonaws.com/EMSR916/AOI06/GRA_MONIT01/EMSR916_AOI06_GRA_MONIT01_builtUpP_v2.json,200,7a463f4000890cdba17d6191330ec7e9fc92ed5c01b10379d87a04280835176a,132688,data/snapshots/2026-08-16/layer_EMSR916_AOI06_GRA_MONIT01_builtUpP_v2.json,capa EMSR916_AOI06_GRA_MONIT01_builtUpP_v2.json
2026-08-16T13:28:03Z,https://rapidmapping-viewer.s3.eu-west-1.amazonaws.com/EMSR916/AOI06/GRA_MONIT01/EMSR916_AOI06_GRA_MONIT01_notAnalysedA_v2.json,200,add1491caef0ae73a816c015556aa6ad1e832ed23ec61c9dd5df8e00f497281e,2375722,data/snapshots/2026-08-16/layer_EMSR916_AOI06_GRA_MONIT01_notAnalysedA_v2.json,capa EMSR916_AOI06_GRA_MONIT01_notAnalysedA_v2.json
2026-08-16T13:28:05Z,https://rapidmapping-viewer.s3.eu-west-1.amazonaws.com/EMSR916/AOI06/GRA_MONIT01/EMSR916_AOI06_GRA_MONIT01_transportationL_v2.json,200,6c29b4f423a7e76579429778c782a914fd9569f55f1ab9a129ace385cf82b92e,1391811,data/snapshots/2026-08-16/layer_EMSR916_AOI06_GRA_MONIT01_transportationL_v2.json,capa EMSR916_AOI06_GRA_MONIT01_transportationL_v2.json
2026-08-16T13:28:05Z,https://earthquake.usgs.gov/fdsnws/event/1/query?eventid=us6000tjl2&format=geojson,200,1d42c221ea6de75ec98e6a936b37fa2c5b39d9a501d73a59002af82d55bce6c0,67044,data/snapshots/2026-08-16/usgs_us6000tjl2.json,usgs detail
2026-08-16T13:28:06Z,https://earthquake.usgs.gov/product/shakemap/us6000tjl2/us/1786452072000/download/coverage_mmi_low_res.covjson,200,f3b97ef0e94f8b9203a22f82f09f397f5c19dac416dfe87e373775fa30e13d44,118571,data/snapshots/2026-08-16/usgs_mmi_grid.covjson,usgs download/coverage_mmi_low_res.covjson
2026-08-16T13:28:06Z,https://earthquake.usgs.gov/product/shakemap/us6000tjl2/us/1786452072000/download/cont_mmi.json,200,56996f8c8a5bb0382a1bef3361b7433a15a0bbb9f5693b773958a71f5de9a353,109494,data/snapshots/2026-08-16/usgs_mmi_contours.json,usgs download/cont_mmi.json
2026-08-16T13:28:06Z,https://earthquake.usgs.gov/product/losspager/us6000tjl2/us/1786452203828/json/exposures.json,200,2bd2de5b48436e3c0a177cb3cd085d6a2f260a910f50de0f23f98df518242e8f,1091,data/snapshots/2026-08-16/usgs_pager_exposures.json,usgs pager exposures
2026-08-16T13:28:07Z,https://earthquake.usgs.gov/product/dyfi/us6000tjl2/us/1786862397287/dyfi_geo_10km.geojson,200,18c1bef90f7c5ddb2e2ce73f2032e32dd13476f4d2fefeb3e49b1cbd877e9554,203405,data/snapshots/2026-08-16/usgs_dyfi_10km.geojson,usgs dyfi 10km
2026-08-16T13:28:08Z,https://www.gdacs.org/gdacsapi/api/events/geteventdata?eventtype=EQ&eventid=1557236,200,ac398551a56ccf802b734c6e9efbb4373b08440667535a3eac91bd37510d790a,6318,data/snapshots/2026-08-16/gdacs_event.json,gdacs event
2026-08-16T13:28:08Z,https://www.gdacs.org/gdacsapi/api/news/getnewsbygdacskey?eventtype=EQ&eventid=1557236,200,5dc2a5e4448b1b1bec54e987d72e5921b07fe8ccb16baaf06ec7da45d7bc85fb,2575,data/snapshots/2026-08-16/gdacs_news_institucional.json,gdacs institucional
2026-08-16T13:28:13Z,https://www.gdacs.org/gdacsapi/api/emm/getemmnewsbykey?eventtype=EQ&eventid=1557236,200,4105c96a1fe93cc866639fdb9edfbceefa91f7e4102ff28a54bb3bdc78158365,1832696,data/snapshots/2026-08-16/gdacs_emm.json,gdacs emm
2026-08-16T13:28:47Z,https://api.gdeltproject.org/api/v2/doc/doc?query=%28terremoto+OR+sismo+OR+earthquake%29+Colombia&mode=timelinevol&startdatetime=20260808000000&format=json,200,c523bebc649807ce40c77a175fcb60d3aaf1294cce7a6b21a89d61da74670d43,592,data/snapshots/2026-08-16/gdelt_timeline.json,gdelt timelinevol
2026-08-16T13:28:49Z,https://www.dane.gov.co/files/censo2018/proyecciones-de-poblacion/Municipal/PPED-AreaMun-2018-2042_VP.xlsx,200,1ea83594ad308becff39934a3977c102919c25740f60439be95d797396d11283,3948350,data/snapshots/2026-08-16/dane_poblacion_municipal_2018_2042.xlsx,dane poblacion municipal 2018-2042
2026-08-16T13:28:53Z,https://services2.arcgis.com/YVLx8xYoDXKccDfJ/arcgis/rest/services/REGISTRO_DE_EMERGENCIAS_EN_COLOMBIA/FeatureServer/0/query?where=1%3D1&f=json&outStatistics=%5B%7B%22statisticType%22%3A+%22max%22%2C+%22onStatisticField%22%3A+%22FECHA%22%2C+%22outStatisticFieldName%22%3A+%22maxf%22%7D%2C+%7B%22statisticType%22%3A+%22count%22%2C+%22onStatisticField%22%3A+%22OBJECTID_1%22%2C+%22outStatisticFieldName%22%3A+%22n%22%7D%5D,200,7afe3240a23b13adbf1ae8082c18d40649d09209624c4d1ccef7f9c2f28546ed,534,data/snapshots/2026-08-16/ungrd_arcgis_agg.json,ungrd arcgis agregados
2026-08-16T13:28:54Z,https://www.datos.gov.co/resource/wwkg-r6te.json?%24select=count%28%2A%29+as+n%2C+min%28fecha%29+as+desde%2C+max%28fecha%29+as+hasta,200,e19d6f13141d3fe2b0e3d64dbc03bcc0dca3b6c677888ddb7a3ba04ba597afa9,84,data/snapshots/2026-08-16/ungrd_socrata_agg.json,socrata brecha
2026-08-16T13:28:55Z,https://chatmap.hotosm.org/api/v1/map/89319bbb-a14a-4dfd-b9a1-c83b8b55785f,200,153c7cebee671e9e5c27d37bc38d4cfa48a49339177685155329c3574e116d14,193312,data/snapshots/2026-08-16/chatmap.json,chatmap
2026-08-16T13:28:58Z,https://chatmap.hotosm.org/api/v1/media/7e721d31-37d9-4d97-beb9-5e89fa562082.mp4,200,19a0205e551d8948a240eb92eb71ce21ae50641feab0ddd0a7ab82f65d854773,9047231,\N,chatmap media 7e721d31-37d9-4d97-beb9-5e89fa562082.mp4
2026-08-16T13:28:58Z,https://chatmap.hotosm.org/api/v1/media/9e6730d8-32fb-4ad0-87aa-4ef6ebe055f5.mp4,200,1f203c385d9f78fcf41c09907e59eb801a5701121a83bed3a552f7ec79ed4837,1306338,\N,chatmap media 9e6730d8-32fb-4ad0-87aa-4ef6ebe055f5.mp4
2026-08-16T13:29:00Z,https://chatmap.hotosm.org/api/v1/media/d788d8bc-566d-4a15-8290-6266e6989812.mp4,200,953902214eec08be50d0d060b1b6e2af90e6dc3d5636f436430be2c19957d558,6087990,\N,chatmap media d788d8bc-566d-4a15-8290-6266e6989812.mp4
2026-08-16T13:29:03Z,https://chatmap.hotosm.org/api/v1/media/3af55d9a-5e17-4e01-8553-dc4981c7bfe8.mp4,200,07d8a7c497bc9ec9d8771004bcd3fde348ee2eb7cd072825f557dd057d9ba4e4,2546756,\N,chatmap media 3af55d9a-5e17-4e01-8553-dc4981c7bfe8.mp4
2026-08-16T13:29:04Z,https://chatmap.hotosm.org/api/v1/media/23a19b43-fa0b-423b-8609-8b03a8498f35.mp4,200,ef3461d25fe5b22e301a5101c75722c629b47738e89c7f4aaacd787f58e56a7f,2007176,\N,chatmap media 23a19b43-fa0b-423b-8609-8b03a8498f35.mp4
2026-08-16T13:29:05Z,https://chatmap.hotosm.org/api/v1/media/eb3e9a80-3c41-46ec-ad59-8314ecfc3df5.mp4,200,68e9a811eafdd75473343e96378b19ea592d4d8ba7cc0653ad2a3f9af5b30a9a,3826005,\N,chatmap media eb3e9a80-3c41-46ec-ad59-8314ecfc3df5.mp4
2026-08-16T13:29:06Z,https://chatmap.hotosm.org/api/v1/media/90a2e539-deb5-4379-944c-a9cdfb085a30.mp4,200,5ba31a84d101ee83667fd6e9468225553c1474d0990e03d156d1dfb77f44a7d3,3224289,\N,chatmap media 90a2e539-deb5-4379-944c-a9cdfb085a30.mp4
2026-08-16T13:29:20Z,https://chatmap.hotosm.org/api/v1/media/18928f89-c2d8-413c-9052-1830ddca01db.mp4,200,5e6a8beda8ba82a8ce8ce7c2403f3cbef075ce58b605506986d279412f78c26c,59611494,\N,chatmap media 18928f89-c2d8-413c-9052-1830ddca01db.mp4
2026-08-16T13:29:21Z,https://chatmap.hotosm.org/api/v1/media/a831fdb1-14c6-4f10-9233-c734b301d7e6.mp4,200,0bae2d9ba1f91e87246a1303768533a194ed2f3344552983072bc2d92df97773,1364211,\N,chatmap media a831fdb1-14c6-4f10-9233-c734b301d7e6.mp4
2026-08-16T13:29:22Z,https://chatmap.hotosm.org/api/v1/media/c207867b-1f41-4c14-980c-7187b6f1c63a.mp4,200,0b9be4185e606e049d8d6d1bece879b4a4ce663934ac516b20bafe394058142f,1884220,\N,chatmap media c207867b-1f41-4c14-980c-7187b6f1c63a.mp4
2026-08-16T13:29:23Z,https://chatmap.hotosm.org/api/v1/media/643fc510-2401-4b87-9d77-64ed88bcbb7d.mp4,200,77758bd0a62e9386715428df8b63b0ce1191561a3c02b7cda152fedff0b83280,2988033,\N,chatmap media 643fc510-2401-4b87-9d77-64ed88bcbb7d.mp4
2026-08-16T13:29:24Z,https://chatmap.hotosm.org/api/v1/media/700e4878-69a9-4696-8555-050ab4823e79.opus,200,74e4c6c82ff9143fabf845bd5b9d737ca0f7b6eb9f605278da9575e66143e2a5,14695,\N,chatmap media 700e4878-69a9-4696-8555-050ab4823e79.opus
2026-08-16T13:29:25Z,https://chatmap.hotosm.org/api/v1/media/a3bcbde2-b206-4d75-a543-1c375566f223.mp4,200,b5e07345a67e549ae6755602c5e52b0789723378bdc06341f1914e75f8a68e0a,1025118,\N,chatmap media a3bcbde2-b206-4d75-a543-1c375566f223.mp4
2026-08-16T13:29:26Z,https://chatmap.hotosm.org/api/v1/media/c773fc21-433f-4c41-9813-db0400cb355d.mp4,200,fa10a43992cf0c99adbaecbde8d0652048205c1c9d958e45bbbe4576c7fed9a8,5384273,\N,chatmap media c773fc21-433f-4c41-9813-db0400cb355d.mp4
2026-08-16T13:29:27Z,https://chatmap.hotosm.org/api/v1/media/05cb9771-b232-408d-a1cc-0a2d971edecd.mp4,200,4b318cef61bc0e54cee0b189236df206414709f3aa07e8d3edde52644831187b,582255,\N,chatmap media 05cb9771-b232-408d-a1cc-0a2d971edecd.mp4
2026-08-16T13:29:29Z,https://chatmap.hotosm.org/api/v1/media/8537dd41-6a37-4cf2-bba5-cae0e980d9a7.mp4,200,2c44116726545e38fe8b87de987014ef897bef0e9a02fa2517c88de725995592,6411160,\N,chatmap media 8537dd41-6a37-4cf2-bba5-cae0e980d9a7.mp4
2026-08-16T13:29:32Z,https://chatmap.hotosm.org/api/v1/media/901027d8-6156-48f9-8c94-5fa2ea9f8009.mp4,200,344b656593268a3130b2ed0db3dbb7e4512a81b27ac03d0796f651c376b35b43,12514823,\N,chatmap media 901027d8-6156-48f9-8c94-5fa2ea9f8009.mp4
2026-08-16T13:29:34Z,https://chatmap.hotosm.org/api/v1/media/cc92e869-00e5-440a-978b-29997331ac9b.mp4,200,7b6a502bec3c290d15b32188e63aafa8ca64d773f9e46c291c6fb3a04717ee64,9213793,\N,chatmap media cc92e869-00e5-440a-978b-29997331ac9b.mp4
2026-08-16T13:29:37Z,https://chatmap.hotosm.org/api/v1/media/971a9efb-6e8e-40f4-bd5c-6f9624720927.mp4,200,7b6a502bec3c290d15b32188e63aafa8ca64d773f9e46c291c6fb3a04717ee64,9213793,\N,chatmap media 971a9efb-6e8e-40f4-bd5c-6f9624720927.mp4
2026-08-16T13:29:38Z,https://chatmap.hotosm.org/api/v1/media/8afbb51d-2305-447d-ae5f-7fcd3de43327.mp4,200,353570ed866178f58264553da96c820ba4691904a0dee80718313e977c648084,4546405,\N,chatmap media 8afbb51d-2305-447d-ae5f-7fcd3de43327.mp4
2026-08-16T13:29:40Z,https://chatmap.hotosm.org/api/v1/media/170c8d27-d09f-45d8-9856-eb7879c4c87a.mp4,200,601c25992c26c16b3234b931f7f232ab4c3230723e40197ab549f4e04ce7950d,9655962,\N,chatmap media 170c8d27-d09f-45d8-9856-eb7879c4c87a.mp4
2026-08-16T13:29:41Z,https://chatmap.hotosm.org/api/v1/media/c9863db3-ffb7-4c42-886c-c911a59f11bb.mp4,200,5475a953ffadb2e30d76fe0cf56b11bd7810434bfd5ac703e094e138521f1ff4,1250891,\N,chatmap media c9863db3-ffb7-4c42-886c-c911a59f11bb.mp4
2026-08-16T13:29:43Z,https://chatmap.hotosm.org/api/v1/media/22773b75-9d51-41f1-b5a0-f70cd543954e.mp4,200,7e5ee4326d6cce66b25de7267de5af95ac6fb9a09ad4e881ce8a2f1e3a239f2a,6890458,\N,chatmap media 22773b75-9d51-41f1-b5a0-f70cd543954e.mp4
2026-08-16T13:29:45Z,https://chatmap.hotosm.org/api/v1/media/6ca4ca98-6444-4045-a7b5-86ec20663275.mp4,200,5924de4f5be82d26a0a51fa8f3dabfa41e0a5105227ab9ddd16e9fdcecb5a34d,8374637,\N,chatmap media 6ca4ca98-6444-4045-a7b5-86ec20663275.mp4
2026-08-16T13:29:57Z,https://chatmap.hotosm.org/api/v1/media/e796a30d-0916-481e-852c-b189fd8d4566.mp4,200,182d4e75c7487a37219908c4bf0e55953f96807e9d20404ce6962643da3a1181,52065376,\N,chatmap media e796a30d-0916-481e-852c-b189fd8d4566.mp4
2026-08-16T13:30:00Z,https://chatmap.hotosm.org/api/v1/media/c5cfce1d-18dd-4c0d-a259-a594e72d06dc.mp4,200,94c10cfb050ba2b03871bf37425e99c2edf44cc9483ed06b4b73505fbd7252ba,8861422,\N,chatmap media c5cfce1d-18dd-4c0d-a259-a594e72d06dc.mp4
2026-08-16T13:30:04Z,https://chatmap.hotosm.org/api/v1/media/98d8766b-b9ee-4c8a-8d4d-f47f4960173f.mp4,200,b59c68825f9e1fe1cc402d24724007105a338bf6a93707a66f4b1719e62f3f93,2551251,\N,chatmap media 98d8766b-b9ee-4c8a-8d4d-f47f4960173f.mp4
2026-08-16T13:30:07Z,https://chatmap.hotosm.org/api/v1/media/3bf8426a-e380-408a-ac3e-52606f2b766f.mp4,200,92987f2ce0486a4b2b07624eacae5e8bb02c520e050467cf9d30714473cdaf80,5279537,\N,chatmap media 3bf8426a-e380-408a-ac3e-52606f2b766f.mp4
2026-08-16T13:30:08Z,https://chatmap.hotosm.org/api/v1/media/627cb272-5b43-471a-bb93-53d283fc2f1a.mp4,200,b660e24def888cb4b89294188dd258ff4003a3db471f42ff628e27e7820b62fc,1640307,\N,chatmap media 627cb272-5b43-471a-bb93-53d283fc2f1a.mp4
2026-08-16T13:30:10Z,https://chatmap.hotosm.org/api/v1/media/4290cbae-4de7-4143-93c2-9b162de0d88a.mp4,200,a7c7ba02ee89e317a951bc30c70180d627034aa526e3d8fa9b2290772d554d87,7967806,\N,chatmap media 4290cbae-4de7-4143-93c2-9b162de0d88a.mp4
2026-08-16T13:30:12Z,https://chatmap.hotosm.org/api/v1/media/0ff1ff38-5b35-4a31-b3dd-5a041bc392c6.mp4,200,6e08d86fe9a1407cc968efe201cedf7f9e15a5ba602577bd5d625659a385e9ac,3918961,\N,chatmap media 0ff1ff38-5b35-4a31-b3dd-5a041bc392c6.mp4
2026-08-16T13:30:13Z,https://chatmap.hotosm.org/api/v1/media/b50705df-ade5-4e58-a156-af35b5a9c992.mp4,200,7e4e1b82c36e8b00de5249d9fb23a1e81a4f9946aa9a68fd8538c68bcfe8c142,1926320,\N,chatmap media b50705df-ade5-4e58-a156-af35b5a9c992.mp4
2026-08-16T13:30:13Z,https://chatmap.hotosm.org/api/v1/media/1ae11f09-b7b0-4387-b88d-1a3f90ac1112.mp4,200,757223064af73eb51766fd4bb9305c6736bf5226146185c46236db1a29c38cde,757208,\N,chatmap media 1ae11f09-b7b0-4387-b88d-1a3f90ac1112.mp4
2026-08-16T13:30:16Z,https://chatmap.hotosm.org/api/v1/media/3fc32116-04c9-4e8d-986f-ca3a884d13f7.mp4,200,5341b7b67bc8eb022693976df52ab648840f20987280a5966a8ee7bbb0a4c14c,9988129,\N,chatmap media 3fc32116-04c9-4e8d-986f-ca3a884d13f7.mp4
2026-08-16T13:30:22Z,https://chatmap.hotosm.org/api/v1/media/5f568d18-7a3e-4168-9e4d-dde5bc849010.mp4,200,a711f102aff25c562746e144c36c13e24608137cefccb9ed6951990047e5c4bd,24335214,\N,chatmap media 5f568d18-7a3e-4168-9e4d-dde5bc849010.mp4
2026-08-16T13:30:24Z,https://chatmap.hotosm.org/api/v1/media/9884e28b-7165-43af-bd02-9d545fddfb06.mp4,200,679b5adbf9912cff1a151c8a2177787bf846452d178c0ab7be2564b0c7438704,3993181,\N,chatmap media 9884e28b-7165-43af-bd02-9d545fddfb06.mp4
2026-08-16T13:30:25Z,https://chatmap.hotosm.org/api/v1/media/e9dfe7a8-73fd-41ad-bcd7-94ebb28084b0.mp4,200,b80aeeeef66b729a46043466da25b01953a256167bc6853381bb673c8f53192c,4538274,\N,chatmap media e9dfe7a8-73fd-41ad-bcd7-94ebb28084b0.mp4
2026-08-16T13:30:28Z,https://chatmap.hotosm.org/api/v1/media/65d0f519-405a-408b-a99d-0edd5caee5bc.mp4,200,e22701d1535057b316d704ef19872b18297636591d841460cad967b3c20982f0,12615286,\N,chatmap media 65d0f519-405a-408b-a99d-0edd5caee5bc.mp4
2026-08-16T13:30:31Z,https://chatmap.hotosm.org/api/v1/media/cb004578-9acc-4cce-891f-e82ebe90c8f1.mp4,200,51a0e66d23e5894b9f657e3345788c8c41fbcae27c4eedace9648a06aab9e6d8,11085520,\N,chatmap media cb004578-9acc-4cce-891f-e82ebe90c8f1.mp4
2026-08-16T13:30:32Z,https://chatmap.hotosm.org/api/v1/media/b1b099c5-6114-4b97-b50a-0dd164763c92.mp4,200,8a8407ba3bc6fbd2c73d25c90347c1acc958b6bb0217d3e035ae7cf95b060ec3,1640900,\N,chatmap media b1b099c5-6114-4b97-b50a-0dd164763c92.mp4
2026-08-16T13:30:33Z,https://chatmap.hotosm.org/api/v1/media/5e91e24f-0ea0-4f76-9459-f50bd1c65241.mp4,200,07bd8f702e97ca1f1c0a6ded1a7fdcf63a9ef2e7a51460d8d9188be83c20c33f,2677946,\N,chatmap media 5e91e24f-0ea0-4f76-9459-f50bd1c65241.mp4
2026-08-16T13:30:35Z,https://chatmap.hotosm.org/api/v1/media/2c7ca58c-1bc8-4d95-9b7f-fad87ec1280a.mp4,200,d1d3008a73757718b1ec463f6550b9593f6a5aefb08e66670363cef9fcafbe5d,9434548,\N,chatmap media 2c7ca58c-1bc8-4d95-9b7f-fad87ec1280a.mp4
2026-08-16T13:30:36Z,https://chatmap.hotosm.org/api/v1/media/bdac0d49-1d97-4b25-9a4b-ff99d24139f6.mp4,200,a87707362bcb90270007de2ccec38432d6cd3e53d73d3e7e5edd61aa6ee61e65,3489472,\N,chatmap media bdac0d49-1d97-4b25-9a4b-ff99d24139f6.mp4
2026-08-16T13:30:38Z,https://chatmap.hotosm.org/api/v1/media/4a3c5360-6fed-4077-9d18-582867391a5d.mp4,200,0638a819c002ced456f952e9280449e627f7052b74dce53c733586fc8e5755b9,3874765,\N,chatmap media 4a3c5360-6fed-4077-9d18-582867391a5d.mp4
2026-08-16T13:30:39Z,https://chatmap.hotosm.org/api/v1/media/afd0bfca-77b3-4f66-9783-954f26fcdee8.mp4,200,0638a819c002ced456f952e9280449e627f7052b74dce53c733586fc8e5755b9,3874765,\N,chatmap media afd0bfca-77b3-4f66-9783-954f26fcdee8.mp4
2026-08-16T13:30:42Z,https://chatmap.hotosm.org/api/v1/media/51dcc496-00cb-43e1-833f-c9970a9957dd.mp4,200,d0c8fc3033c262b18586365ecde0a2bbdf8afb37c749d80e1be91cea21d4655c,12508365,\N,chatmap media 51dcc496-00cb-43e1-833f-c9970a9957dd.mp4
2026-08-16T13:30:44Z,https://chatmap.hotosm.org/api/v1/media/2c1758f9-b396-4e31-a403-aca131b9a5ba.mp4,200,9103ace5b434cf8ca9261c1a90feccdf30d2fa6795654d7eb350b40e9540c590,5717079,\N,chatmap media 2c1758f9-b396-4e31-a403-aca131b9a5ba.mp4
2026-08-16T13:30:45Z,https://chatmap.hotosm.org/api/v1/media/21c80697-de79-4117-b484-3f8d852fc7cd.mp4,200,8e492e4407ba7aba23b6fc76bf9af03085f97856e8300b0298c42b5b2f5a1883,4789147,\N,chatmap media 21c80697-de79-4117-b484-3f8d852fc7cd.mp4
2026-08-16T13:30:47Z,https://chatmap.hotosm.org/api/v1/media/f728f8be-0194-4800-b43b-3cb8c9d3d9be.mp4,200,9e29f8ca7cd457ecf7dd090469b1118dc400fb8605199bfa6b682851aaae3f88,4458951,\N,chatmap media f728f8be-0194-4800-b43b-3cb8c9d3d9be.mp4
2026-08-16T13:30:48Z,https://chatmap.hotosm.org/api/v1/media/74e01695-13ae-401c-a8b3-9e52f19c2964.mp4,200,c46c2bc2b904a0d9b95afcc473ad88d61883e2f4178490e3db93d48d77bcdcb9,3227188,\N,chatmap media 74e01695-13ae-401c-a8b3-9e52f19c2964.mp4
2026-08-16T13:30:59Z,https://chatmap.hotosm.org/api/v1/media/05c3311f-a9a2-43b1-9aa0-415babc308d0.mp4,200,6c8e7ef157c594d07a3b01fc36b7ace8f3ae964e5b8af514127d74110475c7e8,46175034,\N,chatmap media 05c3311f-a9a2-43b1-9aa0-415babc308d0.mp4
2026-08-16T13:31:01Z,https://chatmap.hotosm.org/api/v1/media/4e6eb3c0-332b-4a91-81fe-f435c8e5c3de.mp4,200,639f18198379e5c9880459c78459b774cfa336ed0743b0ac580f97b7bed1a99e,5075384,\N,chatmap media 4e6eb3c0-332b-4a91-81fe-f435c8e5c3de.mp4
2026-08-16T13:31:07Z,https://chatmap.hotosm.org/api/v1/media/394032c1-ada0-4951-86c2-b18d18d76a17.mp4,200,1a09dc1bfb7ccacde778cc4d41d0a6da7a1a3368e95051c987f481ba5b989497,15362583,\N,chatmap media 394032c1-ada0-4951-86c2-b18d18d76a17.mp4
2026-08-16T13:31:12Z,https://chatmap.hotosm.org/api/v1/media/40cae3fe-fcc9-4302-839c-3dc7cea73315.mp4,200,3c0f22dca0693db57bd166bf4e70d8f711418a1c341dcc2708516daf1d62b846,19529966,\N,chatmap media 40cae3fe-fcc9-4302-839c-3dc7cea73315.mp4
2026-08-16T13:31:23Z,https://chatmap.hotosm.org/api/v1/media/30d00822-6dcb-4357-89b1-851051b22907.mp4,200,6c8e7ef157c594d07a3b01fc36b7ace8f3ae964e5b8af514127d74110475c7e8,46175034,\N,chatmap media 30d00822-6dcb-4357-89b1-851051b22907.mp4
2026-08-16T13:31:24Z,https://chatmap.hotosm.org/api/v1/media/3e9f2563-de80-4cb4-b8ee-6b120c042997.mp4,200,ace2f834f03734dbf3d314b54f41f979a6c3025fa6ffb15f22128ca6f0c181b9,4656490,\N,chatmap media 3e9f2563-de80-4cb4-b8ee-6b120c042997.mp4
2026-08-16T13:31:28Z,https://chatmap.hotosm.org/api/v1/media/919a0172-e42d-492d-8927-1ee87899e5cd.mp4,200,437037d24d8624e4cfa21fbfe4276c72fcb37b5397c8c668855cebd6afe12f14,15479792,\N,chatmap media 919a0172-e42d-492d-8927-1ee87899e5cd.mp4
2026-08-16T13:31:30Z,https://chatmap.hotosm.org/api/v1/media/4773223d-df00-4e92-99f1-1bcde9e90b50.mp4,200,e16d534574c977e6940f95ab52d1078c09af7aa74ce3e03fd3a45c38e08829c8,5519960,\N,chatmap media 4773223d-df00-4e92-99f1-1bcde9e90b50.mp4
2026-08-16T13:31:32Z,https://chatmap.hotosm.org/api/v1/media/a5c53333-3657-428c-b4d6-6de02328018a.mp4,200,476be371d4fca0d85743dafe667a45cd7ba1f604760818168c8f26b409cea83c,6545063,\N,chatmap media a5c53333-3657-428c-b4d6-6de02328018a.mp4
2026-08-16T13:31:34Z,https://chatmap.hotosm.org/api/v1/media/e620c051-ead3-40ae-ab11-95a78339d1fd.mp4,200,a66a20e150206230b9d7749ece53223f12ace38f360fb892fc074540f294a00e,8508700,\N,chatmap media e620c051-ead3-40ae-ab11-95a78339d1fd.mp4
2026-08-16T13:31:38Z,https://chatmap.hotosm.org/api/v1/media/dd6a52c4-4cbb-4829-9387-c7c13895cace.mp4,200,a7027eaff02c25e99087873e9fb1cf17f7ba14edd5565501b9df3dacc5a82c77,16744305,\N,chatmap media dd6a52c4-4cbb-4829-9387-c7c13895cace.mp4
2026-08-16T13:31:40Z,https://chatmap.hotosm.org/api/v1/media/fd211407-ce6e-4cdf-aa99-67e90bf72caf.mp4,200,6e98bb8dac5987044c7e7b9af89c02af93346905887ebf2d9b43426db175110f,8416212,\N,chatmap media fd211407-ce6e-4cdf-aa99-67e90bf72caf.mp4
2026-08-16T13:31:42Z,https://chatmap.hotosm.org/api/v1/media/62b559ab-a574-4490-8fd2-645c2fb7c6f0.mp4,200,6fbb2cad9df51cb66f969a35c1513676c4d9c9ae968c7338a3e9415e107ead50,6382144,\N,chatmap media 62b559ab-a574-4490-8fd2-645c2fb7c6f0.mp4
2026-08-16T13:31:43Z,https://chatmap.hotosm.org/api/v1/media/e7f4097a-5ca6-45de-823c-b34b2a8707f5.mp4,200,14eabaa74706242b9a09dc5bf01ad0bc2041a847ccdf2771a3d54bf30016302a,1036581,\N,chatmap media e7f4097a-5ca6-45de-823c-b34b2a8707f5.mp4
2026-08-16T13:31:44Z,https://chatmap.hotosm.org/api/v1/media/5875d4b4-046d-4db7-962e-73ee926a49de.mp4,200,b72c4db1a6eaa0c9e6032e7619e84cd65d4af4573c017ecf65d3938816e8a5b0,4235454,\N,chatmap media 5875d4b4-046d-4db7-962e-73ee926a49de.mp4
2026-08-16T13:31:45Z,https://chatmap.hotosm.org/api/v1/media/b90c3db1-3b53-46c0-b558-79750430579d.mp4,200,0606446ddc567ea3978336042af15d92a0a91440f75457b1a73f61de2eb08b2d,3732758,\N,chatmap media b90c3db1-3b53-46c0-b558-79750430579d.mp4
2026-08-16T13:31:47Z,https://chatmap.hotosm.org/api/v1/media/f281ddef-6961-4042-85d0-0473018484c3.mp4,200,f6b1443dbdba9362604fc60b3aecae4b57abf1545950e28a5ea60bf6a65bd09f,2940216,\N,chatmap media f281ddef-6961-4042-85d0-0473018484c3.mp4
2026-08-16T13:31:47Z,https://chatmap.hotosm.org/api/v1/media/0add867d-d89c-4f8c-b9c3-79e53eb8bc30.mp4,200,3de91e9f1651145d3068b7075de4f3d9355139d52f177cdbbbf2b710f0341d37,2303611,\N,chatmap media 0add867d-d89c-4f8c-b9c3-79e53eb8bc30.mp4
2026-08-16T13:31:49Z,https://chatmap.hotosm.org/api/v1/media/c7835641-0b00-4679-871a-45f88238696f.mp4,200,555bc58618709e731e3a43377c4b660e30103b303703df033d69ae98b1d11fdf,4526534,\N,chatmap media c7835641-0b00-4679-871a-45f88238696f.mp4
2026-08-16T13:31:50Z,https://chatmap.hotosm.org/api/v1/media/83ec28cb-fe63-4f95-84d2-84856fa5792f.mp4,200,7a145825ea04bd2d66d861f1f8c8abe66d03d2442379fc806d760ec381bcd9b5,497839,\N,chatmap media 83ec28cb-fe63-4f95-84d2-84856fa5792f.mp4
2026-08-16T13:31:51Z,https://chatmap.hotosm.org/api/v1/media/176caca1-7226-467b-82aa-d61fb69e0b03.mp4,200,2151552721e9c8f9f0d0b6998e82a776e5b97ab80dbbb59e976f176049506483,6003388,\N,chatmap media 176caca1-7226-467b-82aa-d61fb69e0b03.mp4
2026-08-16T13:31:52Z,https://chatmap.hotosm.org/api/v1/media/70f07dcd-d3d3-4a62-a701-c0275a25df33.mp4,200,44f4489dffb981c255b0906c754c53bf08d2e9b2d4c753851f17a90aa3fe6809,2487764,\N,chatmap media 70f07dcd-d3d3-4a62-a701-c0275a25df33.mp4
2026-08-16T13:31:53Z,https://www.seismicportal.eu/testimonies-ws/api/search?unids=20260810_0000177,200,fffb6cfffbe21922e9f2bedb5d19c2c9b875f170a775be8fb11a78345d2bc26d,454,data/snapshots/2026-08-16/emsc_testimonies.json,emsc testimonies
2026-08-16T13:31:53Z,https://www.eltiempo.com/rss/colombia.xml,200,cd7c0e3fbae4eda45364948d2e7590d303c8544ea9a771d490c106d1dae403e1,13046,data/snapshots/2026-08-16/feed_eltiempo-colombia.xml,feed comunitario eltiempo-colombia
2026-08-16T13:31:54Z,https://www.eldiario.com.co/feed/,202,86e8528d9d431173b97b70a663dd41956f144e5ea45d852155754e9dc1b079bd,174,\N,feed comunitario eldiario-pereira
2026-08-16T13:31:54Z,https://choco7dias.com/feed/,200,80387069667fb349913301d481c8ba497130775009255fcb3ca61e2044dc2196,61605,data/snapshots/2026-08-16/feed_choco7dias.xml,feed comunitario choco7dias
2026-08-16T13:31:54Z,https://occidente.co/feed/,200,212298c4a8d298c2d3b096975614edd28bba1a33a8c3462568f3671abea1d3a7,76299,data/snapshots/2026-08-16/feed_diario-occidente.xml,feed comunitario diario-occidente
2026-08-16T13:31:55Z,https://www.qhubocali.com/feed/,200,041d37a3d15cc28106c428a909b8aaf6c6e474984c0dbe388a26a35496701839,96131,data/snapshots/2026-08-16/feed_qhubo-cali.xml,feed comunitario qhubo-cali
2026-08-16T13:31:56Z,https://www.lapatria.com/rss.xml,200,80b885bd05c3e801fbf8d6b83c7228429aebe40b435ec7fae67cfd58cb970e9a,23874,data/snapshots/2026-08-16/feed_la-patria-caldas.xml,feed comunitario la-patria-caldas
2026-08-16T13:31:56Z,https://www.elcolombiano.com/rss/Colombia.xml,200,d0fc4405deb65bd37ea078cf8d35a78a7b6e9a1851d74896150eeb2dd15df1ed,454752,data/snapshots/2026-08-16/feed_elcolombiano.xml,feed comunitario elcolombiano
2026-08-16T13:31:57Z,https://news.google.com/rss/search?q=terremoto+Colombia&hl=es-CO&gl=CO&ceid=CO:es,200,06f93d5c31e04e712558c21aef0afbdea3a407b0ac2eb02546bdd4fee94711c4,211829,data/snapshots/2026-08-16/feed_googlenews-es.xml,feed comunitario googlenews-es
2026-08-16T13:31:58Z,https://news.google.com/rss/search?q=site%3Aelpais.com.co+%28terremoto+OR+sismo+OR+temblor%29&hl=es-CO&gl=CO&ceid=CO:es,200,71498cafb7d8da992f68e76b1e98a0f58fc50c2410ee3ac877939ce4a0043ecd,244761,data/snapshots/2026-08-16/feed_googlenews-elpais-cali.xml,feed comunitario googlenews-elpais-cali
2026-08-16T13:31:58Z,https://news.google.com/rss/search?q=site%3Acronicadelquindio.com+%28terremoto+OR+sismo+OR+temblor%29&hl=es-CO&gl=CO&ceid=CO:es,200,732feb9af42f7adaeafda7a62a80330992580203b7ed92ece3536b857029e005,119485,data/snapshots/2026-08-16/feed_googlenews-cronica-quindio.xml,feed comunitario googlenews-cronica-quindio
2026-08-16T13:31:59Z,https://news.google.com/rss/search?q=%28%22terremoto%22+OR+%22sismo%22+OR+%22temblor%22%29+%22armenia%22+%22quindio%22&hl=es-CO&gl=CO&ceid=CO:es,200,1c5133aba932a9bda17af66494ffd8e278cbab05aea0ab813af4f1c50f10d145,101659,data/snapshots/2026-08-16/feed_googlenews-municipio-armenia.xml,feed comunitario googlenews-municipio-armenia
2026-08-16T13:31:59Z,https://news.google.com/rss/search?q=%28%22terremoto%22+OR+%22sismo%22+OR+%22temblor%22%29+%22calarca%22+%22quindio%22&hl=es-CO&gl=CO&ceid=CO:es,200,44003631e605acdde330e248a8bc05d7fcc42f75c236a2e005a6312a1876af4c,62529,data/snapshots/2026-08-16/feed_googlenews-municipio-calarca.xml,feed comunitario googlenews-municipio-calarca
2026-08-16T13:32:00Z,https://news.google.com/rss/search?q=%28%22terremoto%22+OR+%22sismo%22+OR+%22temblor%22%29+%22la+tebaida%22+%22quindio%22&hl=es-CO&gl=CO&ceid=CO:es,200,ed0979c0baaa58813132977e3cfe1c2483e3b201269333e29b214cdfbd9c3ea0,85395,data/snapshots/2026-08-16/feed_googlenews-municipio-la-tebaida.xml,feed comunitario googlenews-municipio-la-tebaida
2026-08-16T13:32:00Z,https://news.google.com/rss/search?q=%28%22terremoto%22+OR+%22sismo%22+OR+%22temblor%22%29+%22montenegro%22+%22quindio%22&hl=es-CO&gl=CO&ceid=CO:es,200,062b20cb4f2cb47615a17a0b46ad039517fbcee80efb28059ddb63e2f16770f2,86987,data/snapshots/2026-08-16/feed_googlenews-municipio-montenegro.xml,feed comunitario googlenews-municipio-montenegro
2026-08-16T13:32:01Z,https://news.google.com/rss/search?q=%28%22terremoto%22+OR+%22sismo%22+OR+%22temblor%22%29+%22salento%22+%22quindio%22&hl=es-CO&gl=CO&ceid=CO:es,200,85f247bb26920c264145e8cb8fb85e305f0453cfb63453810b9c36e00a9af51f,89231,data/snapshots/2026-08-16/feed_googlenews-municipio-salento.xml,feed comunitario googlenews-municipio-salento
2026-08-16T13:32:01Z,https://news.google.com/rss/search?q=%28%22terremoto%22+OR+%22sismo%22+OR+%22temblor%22%29+%22zarzal%22+%22valle+del+cauca%22&hl=es-CO&gl=CO&ceid=CO:es,200,b61895d23850f4a91f094e2115e81fa3a5d95a8ca214dac2cb5fdf0b3926d879,115932,data/snapshots/2026-08-16/feed_googlenews-municipio-zarzal.xml,feed comunitario googlenews-municipio-zarzal
2026-08-16T13:32:02Z,https://news.google.com/rss/search?q=%28%22terremoto%22+OR+%22sismo%22+OR+%22temblor%22%29+%22cartago%22+%22valle+del+cauca%22&hl=es-CO&gl=CO&ceid=CO:es,200,ee56935bd1b428a5dfb4549bdf4866d3413a6324f85c83f3d830aaf9198fed4d,172373,data/snapshots/2026-08-16/feed_googlenews-municipio-cartago.xml,feed comunitario googlenews-municipio-cartago
2026-08-16T13:32:02Z,https://news.google.com/rss/search?q=%28%22terremoto%22+OR+%22sismo%22+OR+%22temblor%22%29+%22tulua%22+%22valle+del+cauca%22&hl=es-CO&gl=CO&ceid=CO:es,200,5623f37a1ca35dbd266638bbe6b6965efa722d912476727cc3e6f2125c58aa4a,92713,data/snapshots/2026-08-16/feed_googlenews-municipio-tulua.xml,feed comunitario googlenews-municipio-tulua
2026-08-16T13:32:03Z,https://news.google.com/rss/search?q=%28%22terremoto%22+OR+%22sismo%22+OR+%22temblor%22%29+%22buga%22+%22valle+del+cauca%22&hl=es-CO&gl=CO&ceid=CO:es,200,05af579a92d241a134c9c352af8cf3b119a7bc6cb1b31e237e68a1281f7d5793,167894,data/snapshots/2026-08-16/feed_googlenews-municipio-buga.xml,feed comunitario googlenews-municipio-buga
2026-08-16T13:32:03Z,https://news.google.com/rss/search?q=%28%22terremoto%22+OR+%22sismo%22+OR+%22temblor%22%29+%22palmira%22+%22valle+del+cauca%22&hl=es-CO&gl=CO&ceid=CO:es,200,cddb8c643d4bd33cc7f619613f2e6558af40ffd80b666e9973efe38f53b2c682,179427,data/snapshots/2026-08-16/feed_googlenews-municipio-palmira.xml,feed comunitario googlenews-municipio-palmira
2026-08-16T13:32:04Z,https://news.google.com/rss/search?q=%28%22terremoto%22+OR+%22sismo%22+OR+%22temblor%22%29+%22roldanillo%22+%22valle+del+cauca%22&hl=es-CO&gl=CO&ceid=CO:es,200,a2b41534cd7f53cc257d28d8dd02b6f8756e2a21832bd0ae7e94bd72c57e205a,222008,data/snapshots/2026-08-16/feed_googlenews-municipio-roldanillo.xml,feed comunitario googlenews-municipio-roldanillo
2026-08-16T13:32:04Z,https://news.google.com/rss/search?q=%28%22terremoto%22+OR+%22sismo%22+OR+%22temblor%22%29+%22sevilla%22+%22valle+del+cauca%22&hl=es-CO&gl=CO&ceid=CO:es,200,e44768b48cecc40f0bdabb138b8e60abc5ccd343d53dcc93642d528341514b1d,119424,data/snapshots/2026-08-16/feed_googlenews-municipio-sevilla.xml,feed comunitario googlenews-municipio-sevilla
2026-08-16T13:32:05Z,https://news.google.com/rss/search?q=%28%22terremoto%22+OR+%22sismo%22+OR+%22temblor%22%29+%22caicedonia%22+%22valle+del+cauca%22&hl=es-CO&gl=CO&ceid=CO:es,200,97d56b897652f4716fc682d9ede0dfbde628d4e0e63b34d1854c26357de76301,99528,data/snapshots/2026-08-16/feed_googlenews-municipio-caicedonia.xml,feed comunitario googlenews-municipio-caicedonia
2026-08-16T13:32:05Z,https://news.google.com/rss/search?q=%28%22terremoto%22+OR+%22sismo%22+OR+%22temblor%22%29+%22jamundi%22+%22valle+del+cauca%22&hl=es-CO&gl=CO&ceid=CO:es,200,96c41da8fd2510ee092f7befe9c90000eb8677fd0a8ebd5993bbbb7a5d5de045,117980,data/snapshots/2026-08-16/feed_googlenews-municipio-jamundi.xml,feed comunitario googlenews-municipio-jamundi
2026-08-16T13:32:06Z,https://news.google.com/rss/search?q=%28%22terremoto%22+OR+%22sismo%22+OR+%22temblor%22%29+%22dagua%22+%22valle+del+cauca%22&hl=es-CO&gl=CO&ceid=CO:es,200,8f67b93e9af4b430c622cfb7b81de8d91e75b20aaf5e06f03609c243a88ab74f,123890,data/snapshots/2026-08-16/feed_googlenews-municipio-dagua.xml,feed comunitario googlenews-municipio-dagua
2026-08-16T13:32:06Z,https://news.google.com/rss/search?q=%28%22terremoto%22+OR+%22sismo%22+OR+%22temblor%22%29+%22pereira%22+%22risaralda%22&hl=es-CO&gl=CO&ceid=CO:es,200,7176a3313aa87d4ef4ff4266159bfcf6cb945db5929752927c98eaa057425a4c,218492,data/snapshots/2026-08-16/feed_googlenews-municipio-pereira.xml,feed comunitario googlenews-municipio-pereira
2026-08-16T13:32:07Z,https://news.google.com/rss/search?q=%28%22terremoto%22+OR+%22sismo%22+OR+%22temblor%22%29+%22dosquebradas%22+%22risaralda%22&hl=es-CO&gl=CO&ceid=CO:es,200,7f2cb2c6c4719e4dac77c35e803afd4d64dd96d0655c11c76bb35406d3291d36,113156,data/snapshots/2026-08-16/feed_googlenews-municipio-dosquebradas.xml,feed comunitario googlenews-municipio-dosquebradas
2026-08-16T13:32:07Z,https://news.google.com/rss/search?q=%28%22terremoto%22+OR+%22sismo%22+OR+%22temblor%22%29+%22santa+rosa+de+cabal%22+%22risaralda%22&hl=es-CO&gl=CO&ceid=CO:es,200,e51b233655cb73d6a2a80f2a0183a17770e401ddffbb712a15f33f387abdbf9a,110017,data/snapshots/2026-08-16/feed_googlenews-municipio-santa-rosa-de-cabal.xml,feed comunitario googlenews-municipio-santa-rosa-de-cabal
2026-08-16T13:32:08Z,https://news.google.com/rss/search?q=%28%22terremoto%22+OR+%22sismo%22+OR+%22temblor%22%29+%22manizales%22+%22caldas%22&hl=es-CO&gl=CO&ceid=CO:es,200,d4ac59b87e7c3af27f4bf3082f54ce0318a818bedc08a8b7b881c2ef2f4c096b,190933,data/snapshots/2026-08-16/feed_googlenews-municipio-manizales.xml,feed comunitario googlenews-municipio-manizales
2026-08-16T13:32:09Z,https://news.google.com/rss/search?q=%28%22terremoto%22+OR+%22sismo%22+OR+%22temblor%22%29+%22villamaria%22+%22caldas%22&hl=es-CO&gl=CO&ceid=CO:es,200,246d09c8dac1bf5a4e65b5cdad7ebd04f69073b038a54661178903f2c93012f4,32304,data/snapshots/2026-08-16/feed_googlenews-municipio-villamaria.xml,feed comunitario googlenews-municipio-villamaria
2026-08-16T13:32:09Z,https://news.google.com/rss/search?q=%28%22terremoto%22+OR+%22sismo%22+OR+%22temblor%22%29+%22cali%22+%22valle+del+cauca%22&hl=es-CO&gl=CO&ceid=CO:es,200,42dddb6ed3873bec533dfe6c6e3eb69dfb4fdf63ef0f07a4a24ba19fe98ecdc9,219242,data/snapshots/2026-08-16/feed_googlenews-municipio-cali.xml,feed comunitario googlenews-municipio-cali
2026-08-16T13:32:10Z,https://news.google.com/rss/search?q=%28%22terremoto%22+OR+%22sismo%22+OR+%22temblor%22%29+%22buenaventura%22+%22valle+del+cauca%22&hl=es-CO&gl=CO&ceid=CO:es,200,b523c86fdf522667df361f7e9230f6960b81d2cc59731545afbd89b9fc793671,210855,data/snapshots/2026-08-16/feed_googlenews-municipio-buenaventura.xml,feed comunitario googlenews-municipio-buenaventura
2026-08-16T13:32:10Z,https://news.google.com/rss/search?q=%28%22terremoto%22+OR+%22sismo%22+OR+%22temblor%22%29+%22quibdo%22+%22choco%22&hl=es-CO&gl=CO&ceid=CO:es,200,2e6ef22cc2fe8ffca82a6cf97cdcf3bf7ad5076578bb3596d97d77a067eda03e,77802,data/snapshots/2026-08-16/feed_googlenews-municipio-quibdo.xml,feed comunitario googlenews-municipio-quibdo
2026-08-16T13:32:11Z,https://news.google.com/rss/search?q=%28%22terremoto%22+OR+%22sismo%22+OR+%22temblor%22%29+%22istmina%22+%22choco%22&hl=es-CO&gl=CO&ceid=CO:es,200,fbbd35f89460f974bbc671d621a8dc374904b1a2dfe9566e74ed08de033ebb8c,104615,data/snapshots/2026-08-16/feed_googlenews-municipio-istmina.xml,feed comunitario googlenews-municipio-istmina
2026-08-16T13:32:11Z,https://news.google.com/rss/search?q=%28%22terremoto%22+OR+%22sismo%22+OR+%22temblor%22%29+%22san+jose+del+palmar%22+%22choco%22&hl=es-CO&gl=CO&ceid=CO:es,200,ab9c1ba33a9519244db99722a2ae85d59221af2dceb27b5084d3baf0646cd8e2,205034,data/snapshots/2026-08-16/feed_googlenews-municipio-san-jose-del-palmar.xml,feed comunitario googlenews-municipio-san-jose-del-palmar
2026-08-16T13:32:12Z,https://monitor-terremoto-colombia-oficiales-ai.inforesidencias.workers.dev/oficiales.json,200,3d9ff3db199149a63c06a544702b918ef50e0d48f0914d18cdfd13b02a112401,62592,\N,alerts balances
2026-08-16T16:54:41Z,https://rud.gestiondelriesgo.gov.co/home/json.php?temp=2026T,200,ebdd1935ee579f983f4c58af5a88e7e81783b6593220191dd50caf1367bed8fd,15713,data/snapshots/2026-08-16/rud_2026T.json,rud 2026T
2026-08-16T16:56:18Z,https://monitor-terremoto-colombia-oficiales-ai.inforesidencias.workers.dev/oficiales.json,200,3d9ff3db199149a63c06a544702b918ef50e0d48f0914d18cdfd13b02a112401,62592,\N,alerts balances
2026-08-16T16:57:54Z,https://rapidmapping.emergency.copernicus.eu/backend/dashboard-api/public-activations/,200,1fee0691a0e23855c9e78aacbc91a2890a8f33a7d9470d4423b108672df8df72,49,\N,test supuesto
2026-08-16T16:57:54Z,https://rapidmapping.emergency.copernicus.eu/backend/dashboard-api/public-activations/?code=EMSR916,200,b32f3747d33567776814f8bca911daf960e0dbf06884222270651a97f598c854,41711,\N,test supuesto
2026-08-16T16:57:54Z,https://rapidmapping.emergency.copernicus.eu/backend/dashboard-api/public-activations/?code=EMSR700,403,dbff0849bc109eee7f9b7b1fe12e40fc8add21823b2f1fb600b37f620cbd7862,58,\N,test supuesto
2026-08-16T16:57:55Z,https://rapidmapping.emergency.copernicus.eu/backend/dashboard-api/public-activations/?code=EMSR916,200,b32f3747d33567776814f8bca911daf960e0dbf06884222270651a97f598c854,41711,\N,test supuesto
2026-08-16T16:57:55Z,https://rapidmapping.emergency.copernicus.eu/backend/dashboard-api/public-activations/?code=EMSR916,200,b32f3747d33567776814f8bca911daf960e0dbf06884222270651a97f598c854,41711,\N,test supuesto
2026-08-16T16:57:56Z,https://chatmap.hotosm.org/api/v1/map/89319bbb-a14a-4dfd-b9a1-c83b8b55785f,200,153c7cebee671e9e5c27d37bc38d4cfa48a49339177685155329c3574e116d14,193312,\N,test supuesto
2026-08-16T16:57:57Z,https://earthquake.usgs.gov/fdsnws/event/1/query?eventid=us6000tjl2&format=geojson,200,1d42c221ea6de75ec98e6a936b37fa2c5b39d9a501d73a59002af82d55bce6c0,67044,\N,test supuesto
2026-08-16T16:58:00Z,https://www.gdacs.org/gdacsapi/api/emm/getemmnewsbykey?eventtype=EQ&eventid=1557236,200,4105c96a1fe93cc866639fdb9edfbceefa91f7e4102ff28a54bb3bdc78158365,1832696,\N,test supuesto
2026-08-16T16:58:01Z,https://services2.arcgis.com/YVLx8xYoDXKccDfJ/arcgis/rest/services/REGISTRO_DE_EMERGENCIAS_EN_COLOMBIA/FeatureServer/0/query?where=1%3D1&f=json&resultRecordCount=1&outFields=MUERTOS%2CVIV_DESTRU%2CMUNICIPIO,200,3ef63243668bc2e5a8f8bcab749740625edf1fe451ff82e7c01ba5360471d382,792,\N,test supuesto
2026-08-16T16:58:02Z,https://www.datos.gov.co/resource/wwkg-r6te.json?%24select=max%28fecha%29,200,9e69438b2fabe535e37608812d936a433f81bc015a63069d8b9bfb9b24644dfa,42,\N,test supuesto
2026-08-16T16:58:05Z,https://rud.gestiondelriesgo.gov.co/home/json.php?temp=2026T,200,102b5908df70e66b1912a55598d303bbe4a8c85f8ae260cad4487e874924bfe5,15713,\N,test supuesto rud
2026-08-16T17:06:35Z,https://rud.gestiondelriesgo.gov.co/home/json.php?temp=2026T,200,99da239ede65d1f82d2bd405f3c965c6b4ee5e7e9263618b816bdccd8d25f864,15714,data/snapshots/2026-08-16/rud_2026T.json,rud 2026T
2026-08-17T13:38:22Z,https://rapidmapping.emergency.copernicus.eu/backend/dashboard-api/public-activations/,200,1fee0691a0e23855c9e78aacbc91a2890a8f33a7d9470d4423b108672df8df72,49,\N,test supuesto
2026-08-17T13:38:22Z,https://rapidmapping.emergency.copernicus.eu/backend/dashboard-api/public-activations/?code=EMSR916,200,168c0f8276380024f92a7f51014f4405b9614756477c198587317740d8d6437c,41783,\N,test supuesto
2026-08-17T13:38:22Z,https://rapidmapping.emergency.copernicus.eu/backend/dashboard-api/public-activations/?code=EMSR700,403,dbff0849bc109eee7f9b7b1fe12e40fc8add21823b2f1fb600b37f620cbd7862,58,\N,test supuesto
2026-08-17T13:38:23Z,https://rapidmapping.emergency.copernicus.eu/backend/dashboard-api/public-activations/?code=EMSR916,200,168c0f8276380024f92a7f51014f4405b9614756477c198587317740d8d6437c,41783,\N,test supuesto
2026-08-17T13:38:23Z,https://rapidmapping.emergency.copernicus.eu/backend/dashboard-api/public-activations/?code=EMSR916,200,168c0f8276380024f92a7f51014f4405b9614756477c198587317740d8d6437c,41783,\N,test supuesto
2026-08-17T13:38:24Z,https://chatmap.hotosm.org/api/v1/map/89319bbb-a14a-4dfd-b9a1-c83b8b55785f,200,153c7cebee671e9e5c27d37bc38d4cfa48a49339177685155329c3574e116d14,193312,\N,test supuesto
2026-08-17T13:38:25Z,https://earthquake.usgs.gov/fdsnws/event/1/query?eventid=us6000tjl2&format=geojson,200,1d42c221ea6de75ec98e6a936b37fa2c5b39d9a501d73a59002af82d55bce6c0,67044,\N,test supuesto
2026-08-17T13:38:28Z,https://www.gdacs.org/gdacsapi/api/emm/getemmnewsbykey?eventtype=EQ&eventid=1557236,200,4105c96a1fe93cc866639fdb9edfbceefa91f7e4102ff28a54bb3bdc78158365,1832696,\N,test supuesto
2026-08-17T13:38:31Z,https://services2.arcgis.com/YVLx8xYoDXKccDfJ/arcgis/rest/services/REGISTRO_DE_EMERGENCIAS_EN_COLOMBIA/FeatureServer/0/query?where=1%3D1&f=json&resultRecordCount=1&outFields=MUERTOS%2CVIV_DESTRU%2CMUNICIPIO,200,3ef63243668bc2e5a8f8bcab749740625edf1fe451ff82e7c01ba5360471d382,792,\N,test supuesto
2026-08-17T13:38:33Z,https://www.datos.gov.co/resource/wwkg-r6te.json?%24select=max%28fecha%29,200,9e69438b2fabe535e37608812d936a433f81bc015a63069d8b9bfb9b24644dfa,42,\N,test supuesto
2026-08-17T13:38:38Z,https://rud.gestiondelriesgo.gov.co/home/json.php?temp=2026T,200,ab6707038fd9fbb04eb14cc66794a75505c9cc3eabc2788489e48b86cb4d1f96,16982,\N,test supuesto rud
2026-08-17T13:39:09Z,https://rapidmapping.emergency.copernicus.eu/backend/dashboard-api/public-activations/,200,1fee0691a0e23855c9e78aacbc91a2890a8f33a7d9470d4423b108672df8df72,49,\N,test supuesto
2026-08-17T13:39:09Z,https://rapidmapping.emergency.copernicus.eu/backend/dashboard-api/public-activations/?code=EMSR916,200,168c0f8276380024f92a7f51014f4405b9614756477c198587317740d8d6437c,41783,\N,test supuesto
2026-08-17T13:39:09Z,https://rapidmapping.emergency.copernicus.eu/backend/dashboard-api/public-activations/?code=EMSR700,403,dbff0849bc109eee7f9b7b1fe12e40fc8add21823b2f1fb600b37f620cbd7862,58,\N,test supuesto
2026-08-17T13:39:10Z,https://rapidmapping.emergency.copernicus.eu/backend/dashboard-api/public-activations/?code=EMSR916,200,168c0f8276380024f92a7f51014f4405b9614756477c198587317740d8d6437c,41783,\N,test supuesto
2026-08-17T13:39:10Z,https://rapidmapping.emergency.copernicus.eu/backend/dashboard-api/public-activations/?code=EMSR916,200,168c0f8276380024f92a7f51014f4405b9614756477c198587317740d8d6437c,41783,\N,test supuesto
2026-08-17T13:39:11Z,https://chatmap.hotosm.org/api/v1/map/89319bbb-a14a-4dfd-b9a1-c83b8b55785f,200,153c7cebee671e9e5c27d37bc38d4cfa48a49339177685155329c3574e116d14,193312,\N,test supuesto
2026-08-17T13:39:11Z,https://earthquake.usgs.gov/fdsnws/event/1/query?eventid=us6000tjl2&format=geojson,200,1d42c221ea6de75ec98e6a936b37fa2c5b39d9a501d73a59002af82d55bce6c0,67044,\N,test supuesto
2026-08-17T13:39:13Z,https://www.gdacs.org/gdacsapi/api/emm/getemmnewsbykey?eventtype=EQ&eventid=1557236,200,4105c96a1fe93cc866639fdb9edfbceefa91f7e4102ff28a54bb3bdc78158365,1832696,\N,test supuesto
2026-08-17T13:39:14Z,https://services2.arcgis.com/YVLx8xYoDXKccDfJ/arcgis/rest/services/REGISTRO_DE_EMERGENCIAS_EN_COLOMBIA/FeatureServer/0/query?where=1%3D1&f=json&resultRecordCount=1&outFields=MUERTOS%2CVIV_DESTRU%2CMUNICIPIO,200,3ef63243668bc2e5a8f8bcab749740625edf1fe451ff82e7c01ba5360471d382,792,\N,test supuesto
2026-08-17T13:39:15Z,https://www.datos.gov.co/resource/wwkg-r6te.json?%24select=max%28fecha%29,200,9e69438b2fabe535e37608812d936a433f81bc015a63069d8b9bfb9b24644dfa,42,\N,test supuesto
2026-08-17T13:39:18Z,https://rud.gestiondelriesgo.gov.co/home/json.php?temp=2026T,200,6161d8ec61110882e41317d0cd3b4e7019cfc9ec6c4e9a8c93b6f85a535bc93b,16982,\N,test supuesto rud
2026-08-17T13:39:24Z,https://rapidmapping.emergency.copernicus.eu/backend/dashboard-api/public-activations/,200,1fee0691a0e23855c9e78aacbc91a2890a8f33a7d9470d4423b108672df8df72,49,\N,test supuesto
2026-08-17T13:39:25Z,https://rapidmapping.emergency.copernicus.eu/backend/dashboard-api/public-activations/?code=EMSR916,200,168c0f8276380024f92a7f51014f4405b9614756477c198587317740d8d6437c,41783,\N,test supuesto
2026-08-17T13:39:25Z,https://rapidmapping.emergency.copernicus.eu/backend/dashboard-api/public-activations/?code=EMSR700,403,dbff0849bc109eee7f9b7b1fe12e40fc8add21823b2f1fb600b37f620cbd7862,58,\N,test supuesto
2026-08-17T13:39:25Z,https://rapidmapping.emergency.copernicus.eu/backend/dashboard-api/public-activations/?code=EMSR916,200,168c0f8276380024f92a7f51014f4405b9614756477c198587317740d8d6437c,41783,\N,test supuesto
2026-08-17T13:39:26Z,https://rapidmapping.emergency.copernicus.eu/backend/dashboard-api/public-activations/?code=EMSR916,200,168c0f8276380024f92a7f51014f4405b9614756477c198587317740d8d6437c,41783,\N,test supuesto
2026-08-17T13:39:26Z,https://chatmap.hotosm.org/api/v1/map/89319bbb-a14a-4dfd-b9a1-c83b8b55785f,200,153c7cebee671e9e5c27d37bc38d4cfa48a49339177685155329c3574e116d14,193312,\N,test supuesto
2026-08-17T13:39:27Z,https://earthquake.usgs.gov/fdsnws/event/1/query?eventid=us6000tjl2&format=geojson,200,1d42c221ea6de75ec98e6a936b37fa2c5b39d9a501d73a59002af82d55bce6c0,67044,\N,test supuesto
2026-08-17T13:39:29Z,https://www.gdacs.org/gdacsapi/api/emm/getemmnewsbykey?eventtype=EQ&eventid=1557236,200,4105c96a1fe93cc866639fdb9edfbceefa91f7e4102ff28a54bb3bdc78158365,1832696,\N,test supuesto
2026-08-17T13:39:29Z,https://services2.arcgis.com/YVLx8xYoDXKccDfJ/arcgis/rest/services/REGISTRO_DE_EMERGENCIAS_EN_COLOMBIA/FeatureServer/0/query?where=1%3D1&f=json&resultRecordCount=1&outFields=MUERTOS%2CVIV_DESTRU%2CMUNICIPIO,200,3ef63243668bc2e5a8f8bcab749740625edf1fe451ff82e7c01ba5360471d382,792,\N,test supuesto
2026-08-17T13:39:36Z,https://www.datos.gov.co/resource/wwkg-r6te.json?%24select=max%28fecha%29,200,9e69438b2fabe535e37608812d936a433f81bc015a63069d8b9bfb9b24644dfa,42,\N,test supuesto
2026-08-17T13:39:39Z,https://rud.gestiondelriesgo.gov.co/home/json.php?temp=2026T,200,60e31b4bf62fe6ebe8865165dc1f5ff7f1da4ad446e2883d5de0a00ffd6dfbf2,16982,\N,test supuesto rud
2026-08-17T13:40:25Z,https://rapidmapping.emergency.copernicus.eu/backend/dashboard-api/public-activations/,200,1fee0691a0e23855c9e78aacbc91a2890a8f33a7d9470d4423b108672df8df72,49,\N,test supuesto
2026-08-17T13:40:26Z,https://rapidmapping.emergency.copernicus.eu/backend/dashboard-api/public-activations/?code=EMSR916,200,168c0f8276380024f92a7f51014f4405b9614756477c198587317740d8d6437c,41783,\N,test supuesto
2026-08-17T13:40:26Z,https://rapidmapping.emergency.copernicus.eu/backend/dashboard-api/public-activations/?code=EMSR700,403,dbff0849bc109eee7f9b7b1fe12e40fc8add21823b2f1fb600b37f620cbd7862,58,\N,test supuesto
2026-08-17T13:40:26Z,https://rapidmapping.emergency.copernicus.eu/backend/dashboard-api/public-activations/?code=EMSR916,200,168c0f8276380024f92a7f51014f4405b9614756477c198587317740d8d6437c,41783,\N,test supuesto
2026-08-17T13:40:27Z,https://rapidmapping.emergency.copernicus.eu/backend/dashboard-api/public-activations/?code=EMSR916,200,168c0f8276380024f92a7f51014f4405b9614756477c198587317740d8d6437c,41783,\N,test supuesto
2026-08-17T13:40:28Z,https://chatmap.hotosm.org/api/v1/map/89319bbb-a14a-4dfd-b9a1-c83b8b55785f,200,153c7cebee671e9e5c27d37bc38d4cfa48a49339177685155329c3574e116d14,193312,\N,test supuesto
2026-08-17T13:40:28Z,https://earthquake.usgs.gov/fdsnws/event/1/query?eventid=us6000tjl2&format=geojson,200,1d42c221ea6de75ec98e6a936b37fa2c5b39d9a501d73a59002af82d55bce6c0,67044,\N,test supuesto
2026-08-17T13:40:34Z,https://www.gdacs.org/gdacsapi/api/emm/getemmnewsbykey?eventtype=EQ&eventid=1557236,200,4105c96a1fe93cc866639fdb9edfbceefa91f7e4102ff28a54bb3bdc78158365,1832696,\N,test supuesto
2026-08-17T13:40:34Z,https://services2.arcgis.com/YVLx8xYoDXKccDfJ/arcgis/rest/services/REGISTRO_DE_EMERGENCIAS_EN_COLOMBIA/FeatureServer/0/query?where=1%3D1&f=json&resultRecordCount=1&outFields=MUERTOS%2CVIV_DESTRU%2CMUNICIPIO,200,3ef63243668bc2e5a8f8bcab749740625edf1fe451ff82e7c01ba5360471d382,792,\N,test supuesto
2026-08-17T13:40:36Z,https://www.datos.gov.co/resource/wwkg-r6te.json?%24select=max%28fecha%29,200,9e69438b2fabe535e37608812d936a433f81bc015a63069d8b9bfb9b24644dfa,42,\N,test supuesto
2026-08-17T13:40:40Z,https://rud.gestiondelriesgo.gov.co/home/json.php?temp=2026T,200,6513ce3b28dfdf2b8a3c83c7f72e81a5d2e6c289bce46f03cd1292a63f2a8cb3,16982,\N,test supuesto rud
2026-08-17T13:45:31Z,https://rapidmapping.emergency.copernicus.eu/backend/dashboard-api/public-activations/,200,1fee0691a0e23855c9e78aacbc91a2890a8f33a7d9470d4423b108672df8df72,49,\N,test supuesto
2026-08-17T13:45:32Z,https://rapidmapping.emergency.copernicus.eu/backend/dashboard-api/public-activations/?code=EMSR916,200,168c0f8276380024f92a7f51014f4405b9614756477c198587317740d8d6437c,41783,\N,test supuesto
2026-08-17T13:45:32Z,https://rapidmapping.emergency.copernicus.eu/backend/dashboard-api/public-activations/?code=EMSR700,403,dbff0849bc109eee7f9b7b1fe12e40fc8add21823b2f1fb600b37f620cbd7862,58,\N,test supuesto
2026-08-17T13:45:32Z,https://rapidmapping.emergency.copernicus.eu/backend/dashboard-api/public-activations/?code=EMSR916,200,168c0f8276380024f92a7f51014f4405b9614756477c198587317740d8d6437c,41783,\N,test supuesto
2026-08-17T13:45:33Z,https://rapidmapping.emergency.copernicus.eu/backend/dashboard-api/public-activations/?code=EMSR916,200,168c0f8276380024f92a7f51014f4405b9614756477c198587317740d8d6437c,41783,\N,test supuesto
2026-08-17T13:45:34Z,https://chatmap.hotosm.org/api/v1/map/89319bbb-a14a-4dfd-b9a1-c83b8b55785f,200,153c7cebee671e9e5c27d37bc38d4cfa48a49339177685155329c3574e116d14,193312,\N,test supuesto
2026-08-17T13:45:34Z,https://earthquake.usgs.gov/fdsnws/event/1/query?eventid=us6000tjl2&format=geojson,200,1d42c221ea6de75ec98e6a936b37fa2c5b39d9a501d73a59002af82d55bce6c0,67044,\N,test supuesto
2026-08-17T13:45:39Z,https://www.gdacs.org/gdacsapi/api/emm/getemmnewsbykey?eventtype=EQ&eventid=1557236,200,4105c96a1fe93cc866639fdb9edfbceefa91f7e4102ff28a54bb3bdc78158365,1832696,\N,test supuesto
2026-08-17T13:45:39Z,https://services2.arcgis.com/YVLx8xYoDXKccDfJ/arcgis/rest/services/REGISTRO_DE_EMERGENCIAS_EN_COLOMBIA/FeatureServer/0/query?where=1%3D1&f=json&resultRecordCount=1&outFields=MUERTOS%2CVIV_DESTRU%2CMUNICIPIO,200,3ef63243668bc2e5a8f8bcab749740625edf1fe451ff82e7c01ba5360471d382,792,\N,test supuesto
2026-08-17T13:45:40Z,https://www.datos.gov.co/resource/wwkg-r6te.json?%24select=max%28fecha%29,200,9e69438b2fabe535e37608812d936a433f81bc015a63069d8b9bfb9b24644dfa,42,\N,test supuesto
2026-08-17T13:45:43Z,https://rud.gestiondelriesgo.gov.co/home/json.php?temp=2026T,200,d74a7637fdf2640168ba2e214aebbf3d63a93af83202cbe739f821cf2c2f9ca1,16983,\N,test supuesto rud
2026-08-17T13:48:13Z,https://rapidmapping.emergency.copernicus.eu/backend/dashboard-api/public-activations/,200,1fee0691a0e23855c9e78aacbc91a2890a8f33a7d9470d4423b108672df8df72,49,\N,test supuesto
2026-08-17T13:48:14Z,https://rapidmapping.emergency.copernicus.eu/backend/dashboard-api/public-activations/?code=EMSR916,200,168c0f8276380024f92a7f51014f4405b9614756477c198587317740d8d6437c,41783,\N,test supuesto
2026-08-17T13:48:14Z,https://rapidmapping.emergency.copernicus.eu/backend/dashboard-api/public-activations/?code=EMSR700,403,dbff0849bc109eee7f9b7b1fe12e40fc8add21823b2f1fb600b37f620cbd7862,58,\N,test supuesto
2026-08-17T13:48:14Z,https://rapidmapping.emergency.copernicus.eu/backend/dashboard-api/public-activations/?code=EMSR916,200,168c0f8276380024f92a7f51014f4405b9614756477c198587317740d8d6437c,41783,\N,test supuesto
2026-08-17T13:48:15Z,https://rapidmapping.emergency.copernicus.eu/backend/dashboard-api/public-activations/?code=EMSR916,200,168c0f8276380024f92a7f51014f4405b9614756477c198587317740d8d6437c,41783,\N,test supuesto
2026-08-17T13:48:16Z,https://chatmap.hotosm.org/api/v1/map/89319bbb-a14a-4dfd-b9a1-c83b8b55785f,200,153c7cebee671e9e5c27d37bc38d4cfa48a49339177685155329c3574e116d14,193312,\N,test supuesto
2026-08-17T13:48:16Z,https://earthquake.usgs.gov/fdsnws/event/1/query?eventid=us6000tjl2&format=geojson,200,1d42c221ea6de75ec98e6a936b37fa2c5b39d9a501d73a59002af82d55bce6c0,67044,\N,test supuesto
2026-08-17T13:48:19Z,https://www.gdacs.org/gdacsapi/api/emm/getemmnewsbykey?eventtype=EQ&eventid=1557236,200,4105c96a1fe93cc866639fdb9edfbceefa91f7e4102ff28a54bb3bdc78158365,1832696,\N,test supuesto
2026-08-17T13:48:19Z,https://services2.arcgis.com/YVLx8xYoDXKccDfJ/arcgis/rest/services/REGISTRO_DE_EMERGENCIAS_EN_COLOMBIA/FeatureServer/0/query?where=1%3D1&f=json&resultRecordCount=1&outFields=MUERTOS%2CVIV_DESTRU%2CMUNICIPIO,200,3ef63243668bc2e5a8f8bcab749740625edf1fe451ff82e7c01ba5360471d382,792,\N,test supuesto
2026-08-17T13:48:20Z,https://www.datos.gov.co/resource/wwkg-r6te.json?%24select=max%28fecha%29,200,9e69438b2fabe535e37608812d936a433f81bc015a63069d8b9bfb9b24644dfa,42,\N,test supuesto
2026-08-17T13:48:23Z,https://rud.gestiondelriesgo.gov.co/home/json.php?temp=2026T,200,3a1e6d6521bcfb32070de54b55b36182ba25723470c9b3a16e52521449f83246,16983,\N,test supuesto rud
2026-08-17T14:05:51Z,https://www.datos.gov.co/resource/gdxc-w37w.json?%24limit=5000,200,1028ab04c10a08fa860dd89e621de1eb9246710a56102c915f0988ae9e10d63d,172803,data/snapshots/2026-08-17/divipola_gdxc_w37w.json,divipola municipios
2026-08-17T14:09:35Z,https://rapidmapping.emergency.copernicus.eu/backend/dashboard-api/public-activations/,200,1fee0691a0e23855c9e78aacbc91a2890a8f33a7d9470d4423b108672df8df72,49,\N,test supuesto
2026-08-17T14:09:35Z,https://rapidmapping.emergency.copernicus.eu/backend/dashboard-api/public-activations/?code=EMSR916,200,168c0f8276380024f92a7f51014f4405b9614756477c198587317740d8d6437c,41783,\N,test supuesto
2026-08-17T14:09:35Z,https://rapidmapping.emergency.copernicus.eu/backend/dashboard-api/public-activations/?code=EMSR700,403,dbff0849bc109eee7f9b7b1fe12e40fc8add21823b2f1fb600b37f620cbd7862,58,\N,test supuesto
2026-08-17T14:09:36Z,https://rapidmapping.emergency.copernicus.eu/backend/dashboard-api/public-activations/?code=EMSR916,200,168c0f8276380024f92a7f51014f4405b9614756477c198587317740d8d6437c,41783,\N,test supuesto
2026-08-17T14:09:36Z,https://rapidmapping.emergency.copernicus.eu/backend/dashboard-api/public-activations/?code=EMSR916,200,168c0f8276380024f92a7f51014f4405b9614756477c198587317740d8d6437c,41783,\N,test supuesto
2026-08-17T14:09:37Z,https://chatmap.hotosm.org/api/v1/map/89319bbb-a14a-4dfd-b9a1-c83b8b55785f,200,153c7cebee671e9e5c27d37bc38d4cfa48a49339177685155329c3574e116d14,193312,\N,test supuesto
2026-08-17T14:09:38Z,https://earthquake.usgs.gov/fdsnws/event/1/query?eventid=us6000tjl2&format=geojson,200,1d42c221ea6de75ec98e6a936b37fa2c5b39d9a501d73a59002af82d55bce6c0,67044,\N,test supuesto
2026-08-17T14:09:40Z,https://www.gdacs.org/gdacsapi/api/emm/getemmnewsbykey?eventtype=EQ&eventid=1557236,200,045a0f3be27e9c741367ebee2385bb3adc506b6986797ae9044ac631ead94342,1832696,\N,test supuesto
2026-08-17T14:09:41Z,https://services2.arcgis.com/YVLx8xYoDXKccDfJ/arcgis/rest/services/REGISTRO_DE_EMERGENCIAS_EN_COLOMBIA/FeatureServer/0/query?where=1%3D1&f=json&resultRecordCount=1&outFields=MUERTOS%2CVIV_DESTRU%2CMUNICIPIO,200,3ef63243668bc2e5a8f8bcab749740625edf1fe451ff82e7c01ba5360471d382,792,\N,test supuesto
2026-08-17T14:09:42Z,https://www.datos.gov.co/resource/wwkg-r6te.json?%24select=max%28fecha%29,200,9e69438b2fabe535e37608812d936a433f81bc015a63069d8b9bfb9b24644dfa,42,\N,test supuesto
2026-08-17T14:09:45Z,https://rud.gestiondelriesgo.gov.co/home/json.php?temp=2026T,200,3c926d09435cec0d06bc144d8122c1811857f37d611d0425b7a46e3f265bd010,17187,\N,test supuesto rud
2026-08-17T14:11:49Z,https://rapidmapping.emergency.copernicus.eu/backend/dashboard-api/public-activations/,200,1fee0691a0e23855c9e78aacbc91a2890a8f33a7d9470d4423b108672df8df72,49,\N,sonda de supuesto
2026-08-17T14:11:50Z,https://rapidmapping.emergency.copernicus.eu/backend/dashboard-api/public-activations/?code=EMSR916,200,168c0f8276380024f92a7f51014f4405b9614756477c198587317740d8d6437c,41783,\N,sonda de supuesto
2026-08-17T14:11:50Z,https://rapidmapping.emergency.copernicus.eu/backend/dashboard-api/public-activations/?code=EMSR700,403,dbff0849bc109eee7f9b7b1fe12e40fc8add21823b2f1fb600b37f620cbd7862,58,\N,sonda de supuesto
2026-08-17T14:11:50Z,https://rapidmapping.emergency.copernicus.eu/backend/dashboard-api/public-activations/?code=EMSR916,200,168c0f8276380024f92a7f51014f4405b9614756477c198587317740d8d6437c,41783,\N,sonda de supuesto
2026-08-17T14:11:51Z,https://rapidmapping.emergency.copernicus.eu/backend/dashboard-api/public-activations/?code=EMSR916,200,168c0f8276380024f92a7f51014f4405b9614756477c198587317740d8d6437c,41783,\N,sonda de supuesto
2026-08-17T14:11:52Z,https://chatmap.hotosm.org/api/v1/map/89319bbb-a14a-4dfd-b9a1-c83b8b55785f,200,153c7cebee671e9e5c27d37bc38d4cfa48a49339177685155329c3574e116d14,193312,\N,sonda de supuesto
2026-08-17T14:11:52Z,https://earthquake.usgs.gov/fdsnws/event/1/query?eventid=us6000tjl2&format=geojson,200,1d42c221ea6de75ec98e6a936b37fa2c5b39d9a501d73a59002af82d55bce6c0,67044,\N,sonda de supuesto
2026-08-17T14:11:54Z,https://www.gdacs.org/gdacsapi/api/emm/getemmnewsbykey?eventtype=EQ&eventid=1557236,200,4105c96a1fe93cc866639fdb9edfbceefa91f7e4102ff28a54bb3bdc78158365,1832696,\N,sonda de supuesto
2026-08-17T14:11:55Z,https://services2.arcgis.com/YVLx8xYoDXKccDfJ/arcgis/rest/services/REGISTRO_DE_EMERGENCIAS_EN_COLOMBIA/FeatureServer/0/query?where=1%3D1&f=json&resultRecordCount=1&outFields=MUERTOS%2CVIV_DESTRU%2CMUNICIPIO,200,3ef63243668bc2e5a8f8bcab749740625edf1fe451ff82e7c01ba5360471d382,792,\N,sonda de supuesto
2026-08-17T14:11:56Z,https://www.datos.gov.co/resource/wwkg-r6te.json?%24select=max%28fecha%29,200,9e69438b2fabe535e37608812d936a433f81bc015a63069d8b9bfb9b24644dfa,42,\N,sonda de supuesto
2026-08-17T14:11:59Z,https://rud.gestiondelriesgo.gov.co/home/json.php?temp=2026T,200,9934462fc09f1e9b4b3600583a6b417a4b515c68b0d1a7b93016ff3365a55a18,17187,\N,sonda de supuesto
2026-08-17T14:12:09Z,https://rapidmapping.emergency.copernicus.eu/backend/dashboard-api/public-activations/,200,1fee0691a0e23855c9e78aacbc91a2890a8f33a7d9470d4423b108672df8df72,49,\N,sonda de supuesto
2026-08-17T14:12:09Z,https://rapidmapping.emergency.copernicus.eu/backend/dashboard-api/public-activations/?code=EMSR916,200,168c0f8276380024f92a7f51014f4405b9614756477c198587317740d8d6437c,41783,\N,sonda de supuesto
2026-08-17T14:12:10Z,https://rapidmapping.emergency.copernicus.eu/backend/dashboard-api/public-activations/?code=EMSR700,403,dbff0849bc109eee7f9b7b1fe12e40fc8add21823b2f1fb600b37f620cbd7862,58,\N,sonda de supuesto
2026-08-17T14:12:10Z,https://rapidmapping.emergency.copernicus.eu/backend/dashboard-api/public-activations/?code=EMSR916,200,168c0f8276380024f92a7f51014f4405b9614756477c198587317740d8d6437c,41783,\N,sonda de supuesto
2026-08-17T14:12:10Z,https://rapidmapping.emergency.copernicus.eu/backend/dashboard-api/public-activations/?code=EMSR916,200,168c0f8276380024f92a7f51014f4405b9614756477c198587317740d8d6437c,41783,\N,sonda de supuesto
2026-08-17T14:12:11Z,https://chatmap.hotosm.org/api/v1/map/89319bbb-a14a-4dfd-b9a1-c83b8b55785f,200,153c7cebee671e9e5c27d37bc38d4cfa48a49339177685155329c3574e116d14,193312,\N,sonda de supuesto
2026-08-17T14:12:11Z,https://earthquake.usgs.gov/fdsnws/event/1/query?eventid=us6000tjl2&format=geojson,200,1d42c221ea6de75ec98e6a936b37fa2c5b39d9a501d73a59002af82d55bce6c0,67044,\N,sonda de supuesto
2026-08-17T14:12:13Z,https://www.gdacs.org/gdacsapi/api/emm/getemmnewsbykey?eventtype=EQ&eventid=1557236,200,4105c96a1fe93cc866639fdb9edfbceefa91f7e4102ff28a54bb3bdc78158365,1832696,\N,sonda de supuesto
2026-08-17T14:12:14Z,https://services2.arcgis.com/YVLx8xYoDXKccDfJ/arcgis/rest/services/REGISTRO_DE_EMERGENCIAS_EN_COLOMBIA/FeatureServer/0/query?where=1%3D1&f=json&resultRecordCount=1&outFields=MUERTOS%2CVIV_DESTRU%2CMUNICIPIO,200,3ef63243668bc2e5a8f8bcab749740625edf1fe451ff82e7c01ba5360471d382,792,\N,sonda de supuesto
2026-08-17T14:12:15Z,https://www.datos.gov.co/resource/wwkg-r6te.json?%24select=max%28fecha%29,200,9e69438b2fabe535e37608812d936a433f81bc015a63069d8b9bfb9b24644dfa,42,\N,sonda de supuesto
2026-08-17T14:12:18Z,https://rud.gestiondelriesgo.gov.co/home/json.php?temp=2026T,200,3a1e91eddc62626143bad7a5174d150bc007f7393b8ba792ed0c84c0a8fe4b03,17187,\N,sonda de supuesto
2026-08-17T14:12:58Z,https://rapidmapping.emergency.copernicus.eu/backend/dashboard-api/public-activations/,200,1fee0691a0e23855c9e78aacbc91a2890a8f33a7d9470d4423b108672df8df72,49,\N,sonda de supuesto
2026-08-17T14:12:59Z,https://rapidmapping.emergency.copernicus.eu/backend/dashboard-api/public-activations/?code=EMSR916,200,168c0f8276380024f92a7f51014f4405b9614756477c198587317740d8d6437c,41783,\N,sonda de supuesto
2026-08-17T14:12:59Z,https://rapidmapping.emergency.copernicus.eu/backend/dashboard-api/public-activations/?code=EMSR700,403,dbff0849bc109eee7f9b7b1fe12e40fc8add21823b2f1fb600b37f620cbd7862,58,\N,sonda de supuesto
2026-08-17T14:12:59Z,https://rapidmapping.emergency.copernicus.eu/backend/dashboard-api/public-activations/?code=EMSR916,200,168c0f8276380024f92a7f51014f4405b9614756477c198587317740d8d6437c,41783,\N,sonda de supuesto
2026-08-17T14:13:00Z,https://rapidmapping.emergency.copernicus.eu/backend/dashboard-api/public-activations/?code=EMSR916,200,168c0f8276380024f92a7f51014f4405b9614756477c198587317740d8d6437c,41783,\N,sonda de supuesto
2026-08-17T14:13:01Z,https://chatmap.hotosm.org/api/v1/map/89319bbb-a14a-4dfd-b9a1-c83b8b55785f,200,153c7cebee671e9e5c27d37bc38d4cfa48a49339177685155329c3574e116d14,193312,\N,sonda de supuesto
2026-08-17T14:13:01Z,https://earthquake.usgs.gov/fdsnws/event/1/query?eventid=us6000tjl2&format=geojson,200,1d42c221ea6de75ec98e6a936b37fa2c5b39d9a501d73a59002af82d55bce6c0,67044,\N,sonda de supuesto
2026-08-17T14:13:03Z,https://www.gdacs.org/gdacsapi/api/emm/getemmnewsbykey?eventtype=EQ&eventid=1557236,200,4105c96a1fe93cc866639fdb9edfbceefa91f7e4102ff28a54bb3bdc78158365,1832696,\N,sonda de supuesto
2026-08-17T14:13:04Z,https://services2.arcgis.com/YVLx8xYoDXKccDfJ/arcgis/rest/services/REGISTRO_DE_EMERGENCIAS_EN_COLOMBIA/FeatureServer/0/query?where=1%3D1&f=json&resultRecordCount=1&outFields=MUERTOS%2CVIV_DESTRU%2CMUNICIPIO,200,3ef63243668bc2e5a8f8bcab749740625edf1fe451ff82e7c01ba5360471d382,792,\N,sonda de supuesto
2026-08-17T14:13:04Z,https://www.datos.gov.co/resource/wwkg-r6te.json?%24select=max%28fecha%29,200,9e69438b2fabe535e37608812d936a433f81bc015a63069d8b9bfb9b24644dfa,42,\N,sonda de supuesto
2026-08-17T14:13:07Z,https://rud.gestiondelriesgo.gov.co/home/json.php?temp=2026T,200,2652ec215ddc70752548b3efbb76c37cd29f4396f2ca413fe169c60d0a84b0a2,17187,\N,sonda de supuesto
2026-08-17T14:17:22Z,https://rapidmapping.emergency.copernicus.eu/backend/dashboard-api/public-activations/,200,1fee0691a0e23855c9e78aacbc91a2890a8f33a7d9470d4423b108672df8df72,49,\N,sonda de supuesto
2026-08-17T14:17:22Z,https://rapidmapping.emergency.copernicus.eu/backend/dashboard-api/public-activations/?code=EMSR916,200,168c0f8276380024f92a7f51014f4405b9614756477c198587317740d8d6437c,41783,\N,sonda de supuesto
2026-08-17T14:17:22Z,https://rapidmapping.emergency.copernicus.eu/backend/dashboard-api/public-activations/?code=EMSR700,403,dbff0849bc109eee7f9b7b1fe12e40fc8add21823b2f1fb600b37f620cbd7862,58,\N,sonda de supuesto
2026-08-17T14:17:23Z,https://rapidmapping.emergency.copernicus.eu/backend/dashboard-api/public-activations/?code=EMSR916,200,168c0f8276380024f92a7f51014f4405b9614756477c198587317740d8d6437c,41783,\N,sonda de supuesto
2026-08-17T14:17:23Z,https://rapidmapping.emergency.copernicus.eu/backend/dashboard-api/public-activations/?code=EMSR916,200,168c0f8276380024f92a7f51014f4405b9614756477c198587317740d8d6437c,41783,\N,sonda de supuesto
2026-08-17T14:17:24Z,https://chatmap.hotosm.org/api/v1/map/89319bbb-a14a-4dfd-b9a1-c83b8b55785f,200,153c7cebee671e9e5c27d37bc38d4cfa48a49339177685155329c3574e116d14,193312,\N,sonda de supuesto
2026-08-17T14:17:25Z,https://earthquake.usgs.gov/fdsnws/event/1/query?eventid=us6000tjl2&format=geojson,200,1d42c221ea6de75ec98e6a936b37fa2c5b39d9a501d73a59002af82d55bce6c0,67044,\N,sonda de supuesto
2026-08-17T14:17:29Z,https://www.gdacs.org/gdacsapi/api/emm/getemmnewsbykey?eventtype=EQ&eventid=1557236,200,4105c96a1fe93cc866639fdb9edfbceefa91f7e4102ff28a54bb3bdc78158365,1832696,\N,sonda de supuesto
2026-08-17T14:17:29Z,https://services2.arcgis.com/YVLx8xYoDXKccDfJ/arcgis/rest/services/REGISTRO_DE_EMERGENCIAS_EN_COLOMBIA/FeatureServer/0/query?where=1%3D1&f=json&resultRecordCount=1&outFields=MUERTOS%2CVIV_DESTRU%2CMUNICIPIO,200,3ef63243668bc2e5a8f8bcab749740625edf1fe451ff82e7c01ba5360471d382,792,\N,sonda de supuesto
2026-08-17T14:17:30Z,https://www.datos.gov.co/resource/wwkg-r6te.json?%24select=max%28fecha%29,200,9e69438b2fabe535e37608812d936a433f81bc015a63069d8b9bfb9b24644dfa,42,\N,sonda de supuesto
2026-08-17T14:17:33Z,https://rud.gestiondelriesgo.gov.co/home/json.php?temp=2026T,200,5c0e6fa811f198500969ca8a9d062bec5ac3c3f963ce102245a1bcfff55df676,17187,\N,sonda de supuesto
2026-08-17T14:20:40Z,https://rapidmapping.emergency.copernicus.eu/backend/dashboard-api/public-activations/,200,1fee0691a0e23855c9e78aacbc91a2890a8f33a7d9470d4423b108672df8df72,49,\N,sonda de supuesto
2026-08-17T14:20:41Z,https://rapidmapping.emergency.copernicus.eu/backend/dashboard-api/public-activations/?code=EMSR916,200,168c0f8276380024f92a7f51014f4405b9614756477c198587317740d8d6437c,41783,\N,sonda de supuesto
2026-08-17T14:20:41Z,https://rapidmapping.emergency.copernicus.eu/backend/dashboard-api/public-activations/?code=EMSR700,403,dbff0849bc109eee7f9b7b1fe12e40fc8add21823b2f1fb600b37f620cbd7862,58,\N,sonda de supuesto
2026-08-17T14:20:41Z,https://rapidmapping.emergency.copernicus.eu/backend/dashboard-api/public-activations/?code=EMSR916,200,168c0f8276380024f92a7f51014f4405b9614756477c198587317740d8d6437c,41783,\N,sonda de supuesto
2026-08-17T14:20:42Z,https://rapidmapping.emergency.copernicus.eu/backend/dashboard-api/public-activations/?code=EMSR916,200,168c0f8276380024f92a7f51014f4405b9614756477c198587317740d8d6437c,41783,\N,sonda de supuesto
2026-08-17T14:20:42Z,https://chatmap.hotosm.org/api/v1/map/89319bbb-a14a-4dfd-b9a1-c83b8b55785f,200,153c7cebee671e9e5c27d37bc38d4cfa48a49339177685155329c3574e116d14,193312,\N,sonda de supuesto
2026-08-17T14:20:43Z,https://earthquake.usgs.gov/fdsnws/event/1/query?eventid=us6000tjl2&format=geojson,200,1d42c221ea6de75ec98e6a936b37fa2c5b39d9a501d73a59002af82d55bce6c0,67044,\N,sonda de supuesto
2026-08-17T14:20:46Z,https://www.gdacs.org/gdacsapi/api/emm/getemmnewsbykey?eventtype=EQ&eventid=1557236,200,4105c96a1fe93cc866639fdb9edfbceefa91f7e4102ff28a54bb3bdc78158365,1832696,\N,sonda de supuesto
2026-08-17T14:20:47Z,https://services2.arcgis.com/YVLx8xYoDXKccDfJ/arcgis/rest/services/REGISTRO_DE_EMERGENCIAS_EN_COLOMBIA/FeatureServer/0/query?where=1%3D1&f=json&resultRecordCount=1&outFields=MUERTOS%2CVIV_DESTRU%2CMUNICIPIO,200,3ef63243668bc2e5a8f8bcab749740625edf1fe451ff82e7c01ba5360471d382,792,\N,sonda de supuesto
2026-08-17T14:20:47Z,https://www.datos.gov.co/resource/wwkg-r6te.json?%24select=max%28fecha%29,200,9e69438b2fabe535e37608812d936a433f81bc015a63069d8b9bfb9b24644dfa,42,\N,sonda de supuesto
2026-08-17T14:20:50Z,https://rud.gestiondelriesgo.gov.co/home/json.php?temp=2026T,200,278d24c9cc6df05a49370fbd4bb0eea6a4466596bc23a0310aa9265e762a347a,17187,\N,sonda de supuesto
2026-08-17T14:30:40Z,https://rapidmapping.emergency.copernicus.eu/backend/dashboard-api/public-activations/,200,1fee0691a0e23855c9e78aacbc91a2890a8f33a7d9470d4423b108672df8df72,49,\N,sonda de supuesto
2026-08-17T14:30:41Z,https://rapidmapping.emergency.copernicus.eu/backend/dashboard-api/public-activations/?code=EMSR916,200,168c0f8276380024f92a7f51014f4405b9614756477c198587317740d8d6437c,41783,\N,sonda de supuesto
2026-08-17T14:30:41Z,https://rapidmapping.emergency.copernicus.eu/backend/dashboard-api/public-activations/?code=EMSR700,403,dbff0849bc109eee7f9b7b1fe12e40fc8add21823b2f1fb600b37f620cbd7862,58,\N,sonda de supuesto
2026-08-17T14:30:41Z,https://rapidmapping.emergency.copernicus.eu/backend/dashboard-api/public-activations/?code=EMSR916,200,168c0f8276380024f92a7f51014f4405b9614756477c198587317740d8d6437c,41783,\N,sonda de supuesto
2026-08-17T14:30:42Z,https://rapidmapping.emergency.copernicus.eu/backend/dashboard-api/public-activations/?code=EMSR916,200,168c0f8276380024f92a7f51014f4405b9614756477c198587317740d8d6437c,41783,\N,sonda de supuesto
2026-08-17T14:30:43Z,https://chatmap.hotosm.org/api/v1/map/89319bbb-a14a-4dfd-b9a1-c83b8b55785f,200,153c7cebee671e9e5c27d37bc38d4cfa48a49339177685155329c3574e116d14,193312,\N,sonda de supuesto
2026-08-17T14:30:43Z,https://earthquake.usgs.gov/fdsnws/event/1/query?eventid=us6000tjl2&format=geojson,200,1d42c221ea6de75ec98e6a936b37fa2c5b39d9a501d73a59002af82d55bce6c0,67044,\N,sonda de supuesto
2026-08-17T14:30:53Z,https://www.gdacs.org/gdacsapi/api/emm/getemmnewsbykey?eventtype=EQ&eventid=1557236,200,4105c96a1fe93cc866639fdb9edfbceefa91f7e4102ff28a54bb3bdc78158365,1832696,\N,sonda de supuesto
2026-08-17T14:30:53Z,https://services2.arcgis.com/YVLx8xYoDXKccDfJ/arcgis/rest/services/REGISTRO_DE_EMERGENCIAS_EN_COLOMBIA/FeatureServer/0/query?where=1%3D1&f=json&resultRecordCount=1&outFields=MUERTOS%2CVIV_DESTRU%2CMUNICIPIO,200,3ef63243668bc2e5a8f8bcab749740625edf1fe451ff82e7c01ba5360471d382,792,\N,sonda de supuesto
2026-08-17T14:30:54Z,https://www.datos.gov.co/resource/wwkg-r6te.json?%24select=max%28fecha%29,200,9e69438b2fabe535e37608812d936a433f81bc015a63069d8b9bfb9b24644dfa,42,\N,sonda de supuesto
2026-08-17T14:30:57Z,https://rud.gestiondelriesgo.gov.co/home/json.php?temp=2026T,200,a6e90cf0871a57a3240269e258b54404374b4b7733be100d324ef42418b9584f,17189,\N,sonda de supuesto
2026-08-17T14:31:30Z,https://rapidmapping.emergency.copernicus.eu/backend/dashboard-api/public-activations/,200,1fee0691a0e23855c9e78aacbc91a2890a8f33a7d9470d4423b108672df8df72,49,\N,sonda de supuesto
2026-08-17T14:31:30Z,https://rapidmapping.emergency.copernicus.eu/backend/dashboard-api/public-activations/?code=EMSR916,200,168c0f8276380024f92a7f51014f4405b9614756477c198587317740d8d6437c,41783,\N,sonda de supuesto
2026-08-17T14:31:30Z,https://rapidmapping.emergency.copernicus.eu/backend/dashboard-api/public-activations/?code=EMSR700,403,dbff0849bc109eee7f9b7b1fe12e40fc8add21823b2f1fb600b37f620cbd7862,58,\N,sonda de supuesto
2026-08-17T14:31:31Z,https://rapidmapping.emergency.copernicus.eu/backend/dashboard-api/public-activations/?code=EMSR916,200,168c0f8276380024f92a7f51014f4405b9614756477c198587317740d8d6437c,41783,\N,sonda de supuesto
2026-08-17T14:31:31Z,https://rapidmapping.emergency.copernicus.eu/backend/dashboard-api/public-activations/?code=EMSR916,200,168c0f8276380024f92a7f51014f4405b9614756477c198587317740d8d6437c,41783,\N,sonda de supuesto
2026-08-17T14:31:32Z,https://chatmap.hotosm.org/api/v1/map/89319bbb-a14a-4dfd-b9a1-c83b8b55785f,200,153c7cebee671e9e5c27d37bc38d4cfa48a49339177685155329c3574e116d14,193312,\N,sonda de supuesto
2026-08-17T14:31:32Z,https://earthquake.usgs.gov/fdsnws/event/1/query?eventid=us6000tjl2&format=geojson,200,1d42c221ea6de75ec98e6a936b37fa2c5b39d9a501d73a59002af82d55bce6c0,67044,\N,sonda de supuesto
2026-08-17T14:31:34Z,https://www.gdacs.org/gdacsapi/api/emm/getemmnewsbykey?eventtype=EQ&eventid=1557236,200,4105c96a1fe93cc866639fdb9edfbceefa91f7e4102ff28a54bb3bdc78158365,1832696,\N,sonda de supuesto
2026-08-17T14:31:35Z,https://services2.arcgis.com/YVLx8xYoDXKccDfJ/arcgis/rest/services/REGISTRO_DE_EMERGENCIAS_EN_COLOMBIA/FeatureServer/0/query?where=1%3D1&f=json&resultRecordCount=1&outFields=MUERTOS%2CVIV_DESTRU%2CMUNICIPIO,200,3ef63243668bc2e5a8f8bcab749740625edf1fe451ff82e7c01ba5360471d382,792,\N,sonda de supuesto
2026-08-17T14:31:35Z,https://www.datos.gov.co/resource/wwkg-r6te.json?%24select=max%28fecha%29,200,9e69438b2fabe535e37608812d936a433f81bc015a63069d8b9bfb9b24644dfa,42,\N,sonda de supuesto
2026-08-17T14:31:39Z,https://rud.gestiondelriesgo.gov.co/home/json.php?temp=2026T,200,aca88a1ee10b12c93e98d0c8f10ec88786f0b94ce9b2d90383368a8a469e8f45,17189,\N,sonda de supuesto
2026-08-17T14:35:43Z,https://rapidmapping.emergency.copernicus.eu/backend/dashboard-api/public-activations/,200,1fee0691a0e23855c9e78aacbc91a2890a8f33a7d9470d4423b108672df8df72,49,\N,sonda de supuesto
2026-08-17T14:35:43Z,https://rapidmapping.emergency.copernicus.eu/backend/dashboard-api/public-activations/?code=EMSR916,200,168c0f8276380024f92a7f51014f4405b9614756477c198587317740d8d6437c,41783,\N,sonda de supuesto
2026-08-17T14:35:43Z,https://rapidmapping.emergency.copernicus.eu/backend/dashboard-api/public-activations/?code=EMSR700,403,dbff0849bc109eee7f9b7b1fe12e40fc8add21823b2f1fb600b37f620cbd7862,58,\N,sonda de supuesto
2026-08-17T14:35:44Z,https://rapidmapping.emergency.copernicus.eu/backend/dashboard-api/public-activations/?code=EMSR916,200,168c0f8276380024f92a7f51014f4405b9614756477c198587317740d8d6437c,41783,\N,sonda de supuesto
2026-08-17T14:35:44Z,https://rapidmapping.emergency.copernicus.eu/backend/dashboard-api/public-activations/?code=EMSR916,200,168c0f8276380024f92a7f51014f4405b9614756477c198587317740d8d6437c,41783,\N,sonda de supuesto
2026-08-17T14:35:45Z,https://chatmap.hotosm.org/api/v1/map/89319bbb-a14a-4dfd-b9a1-c83b8b55785f,200,153c7cebee671e9e5c27d37bc38d4cfa48a49339177685155329c3574e116d14,193312,\N,sonda de supuesto
2026-08-17T14:35:45Z,https://earthquake.usgs.gov/fdsnws/event/1/query?eventid=us6000tjl2&format=geojson,200,1d42c221ea6de75ec98e6a936b37fa2c5b39d9a501d73a59002af82d55bce6c0,67044,\N,sonda de supuesto
2026-08-17T14:35:48Z,https://www.gdacs.org/gdacsapi/api/emm/getemmnewsbykey?eventtype=EQ&eventid=1557236,200,4105c96a1fe93cc866639fdb9edfbceefa91f7e4102ff28a54bb3bdc78158365,1832696,\N,sonda de supuesto
2026-08-17T14:35:48Z,https://services2.arcgis.com/YVLx8xYoDXKccDfJ/arcgis/rest/services/REGISTRO_DE_EMERGENCIAS_EN_COLOMBIA/FeatureServer/0/query?where=1%3D1&f=json&resultRecordCount=1&outFields=MUERTOS%2CVIV_DESTRU%2CMUNICIPIO,200,3ef63243668bc2e5a8f8bcab749740625edf1fe451ff82e7c01ba5360471d382,792,\N,sonda de supuesto
2026-08-17T14:35:50Z,https://www.datos.gov.co/resource/wwkg-r6te.json?%24select=max%28fecha%29,200,9e69438b2fabe535e37608812d936a433f81bc015a63069d8b9bfb9b24644dfa,42,\N,sonda de supuesto
2026-08-17T14:35:53Z,https://rud.gestiondelriesgo.gov.co/home/json.php?temp=2026T,200,dffd419bb9a06f0f9da3642899759eeac352a7945e8bc8288c93979f9d188e0b,17189,\N,sonda de supuesto
2026-08-17T14:41:22Z,https://rapidmapping.emergency.copernicus.eu/backend/dashboard-api/public-activations/,200,1fee0691a0e23855c9e78aacbc91a2890a8f33a7d9470d4423b108672df8df72,49,\N,sonda de supuesto
2026-08-17T14:41:23Z,https://rapidmapping.emergency.copernicus.eu/backend/dashboard-api/public-activations/?code=EMSR916,200,168c0f8276380024f92a7f51014f4405b9614756477c198587317740d8d6437c,41783,\N,sonda de supuesto
2026-08-17T14:41:23Z,https://rapidmapping.emergency.copernicus.eu/backend/dashboard-api/public-activations/?code=EMSR700,403,dbff0849bc109eee7f9b7b1fe12e40fc8add21823b2f1fb600b37f620cbd7862,58,\N,sonda de supuesto
2026-08-17T14:41:23Z,https://rapidmapping.emergency.copernicus.eu/backend/dashboard-api/public-activations/?code=EMSR916,200,168c0f8276380024f92a7f51014f4405b9614756477c198587317740d8d6437c,41783,\N,sonda de supuesto
2026-08-17T14:41:23Z,https://rapidmapping.emergency.copernicus.eu/backend/dashboard-api/public-activations/?code=EMSR916,200,168c0f8276380024f92a7f51014f4405b9614756477c198587317740d8d6437c,41783,\N,sonda de supuesto
2026-08-17T14:41:24Z,https://chatmap.hotosm.org/api/v1/map/89319bbb-a14a-4dfd-b9a1-c83b8b55785f,200,153c7cebee671e9e5c27d37bc38d4cfa48a49339177685155329c3574e116d14,193312,\N,sonda de supuesto
2026-08-17T14:41:25Z,https://earthquake.usgs.gov/fdsnws/event/1/query?eventid=us6000tjl2&format=geojson,200,1d42c221ea6de75ec98e6a936b37fa2c5b39d9a501d73a59002af82d55bce6c0,67044,\N,sonda de supuesto
2026-08-17T14:41:28Z,https://www.gdacs.org/gdacsapi/api/emm/getemmnewsbykey?eventtype=EQ&eventid=1557236,200,4105c96a1fe93cc866639fdb9edfbceefa91f7e4102ff28a54bb3bdc78158365,1832696,\N,sonda de supuesto
2026-08-17T14:41:29Z,https://services2.arcgis.com/YVLx8xYoDXKccDfJ/arcgis/rest/services/REGISTRO_DE_EMERGENCIAS_EN_COLOMBIA/FeatureServer/0/query?where=1%3D1&f=json&resultRecordCount=1&outFields=MUERTOS%2CVIV_DESTRU%2CMUNICIPIO,200,3ef63243668bc2e5a8f8bcab749740625edf1fe451ff82e7c01ba5360471d382,792,\N,sonda de supuesto
2026-08-17T14:41:31Z,https://www.datos.gov.co/resource/wwkg-r6te.json?%24select=max%28fecha%29,200,9e69438b2fabe535e37608812d936a433f81bc015a63069d8b9bfb9b24644dfa,42,\N,sonda de supuesto
2026-08-17T14:41:35Z,https://rud.gestiondelriesgo.gov.co/home/json.php?temp=2026T,200,47fad1d49b97cf71ad48fbe115e64dc8173adfae4411e62f89609014080b6bbc,17393,\N,sonda de supuesto
2026-08-17T14:41:43Z,https://rapidmapping.emergency.copernicus.eu/backend/dashboard-api/public-activations/,200,1fee0691a0e23855c9e78aacbc91a2890a8f33a7d9470d4423b108672df8df72,49,\N,sonda de supuesto
2026-08-17T14:41:43Z,https://rapidmapping.emergency.copernicus.eu/backend/dashboard-api/public-activations/?code=EMSR916,200,168c0f8276380024f92a7f51014f4405b9614756477c198587317740d8d6437c,41783,\N,sonda de supuesto
2026-08-17T14:41:43Z,https://rapidmapping.emergency.copernicus.eu/backend/dashboard-api/public-activations/?code=EMSR700,403,dbff0849bc109eee7f9b7b1fe12e40fc8add21823b2f1fb600b37f620cbd7862,58,\N,sonda de supuesto
2026-08-17T14:41:44Z,https://rapidmapping.emergency.copernicus.eu/backend/dashboard-api/public-activations/?code=EMSR916,200,168c0f8276380024f92a7f51014f4405b9614756477c198587317740d8d6437c,41783,\N,sonda de supuesto
2026-08-17T14:41:44Z,https://rapidmapping.emergency.copernicus.eu/backend/dashboard-api/public-activations/?code=EMSR916,200,168c0f8276380024f92a7f51014f4405b9614756477c198587317740d8d6437c,41783,\N,sonda de supuesto
2026-08-17T14:41:45Z,https://chatmap.hotosm.org/api/v1/map/89319bbb-a14a-4dfd-b9a1-c83b8b55785f,200,153c7cebee671e9e5c27d37bc38d4cfa48a49339177685155329c3574e116d14,193312,\N,sonda de supuesto
2026-08-17T14:41:45Z,https://earthquake.usgs.gov/fdsnws/event/1/query?eventid=us6000tjl2&format=geojson,200,1d42c221ea6de75ec98e6a936b37fa2c5b39d9a501d73a59002af82d55bce6c0,67044,\N,sonda de supuesto
2026-08-17T14:41:47Z,https://www.gdacs.org/gdacsapi/api/emm/getemmnewsbykey?eventtype=EQ&eventid=1557236,200,045a0f3be27e9c741367ebee2385bb3adc506b6986797ae9044ac631ead94342,1832696,\N,sonda de supuesto
2026-08-17T14:41:48Z,https://services2.arcgis.com/YVLx8xYoDXKccDfJ/arcgis/rest/services/REGISTRO_DE_EMERGENCIAS_EN_COLOMBIA/FeatureServer/0/query?where=1%3D1&f=json&resultRecordCount=1&outFields=MUERTOS%2CVIV_DESTRU%2CMUNICIPIO,200,3ef63243668bc2e5a8f8bcab749740625edf1fe451ff82e7c01ba5360471d382,792,\N,sonda de supuesto
2026-08-17T14:41:48Z,https://www.datos.gov.co/resource/wwkg-r6te.json?%24select=max%28fecha%29,200,9e69438b2fabe535e37608812d936a433f81bc015a63069d8b9bfb9b24644dfa,42,\N,sonda de supuesto
2026-08-17T14:41:52Z,https://rud.gestiondelriesgo.gov.co/home/json.php?temp=2026T,200,882828aff4b804300146ad90d7036678adf3428c1633d68102fb0188f0e2625e,17393,\N,sonda de supuesto
2026-08-17T14:42:46Z,https://rapidmapping.emergency.copernicus.eu/backend/dashboard-api/public-activations/,200,1fee0691a0e23855c9e78aacbc91a2890a8f33a7d9470d4423b108672df8df72,49,\N,sonda de supuesto
2026-08-17T14:42:47Z,https://rapidmapping.emergency.copernicus.eu/backend/dashboard-api/public-activations/?code=EMSR916,200,168c0f8276380024f92a7f51014f4405b9614756477c198587317740d8d6437c,41783,\N,sonda de supuesto
2026-08-17T14:42:47Z,https://rapidmapping.emergency.copernicus.eu/backend/dashboard-api/public-activations/?code=EMSR700,403,dbff0849bc109eee7f9b7b1fe12e40fc8add21823b2f1fb600b37f620cbd7862,58,\N,sonda de supuesto
2026-08-17T14:42:48Z,https://rapidmapping.emergency.copernicus.eu/backend/dashboard-api/public-activations/?code=EMSR916,200,168c0f8276380024f92a7f51014f4405b9614756477c198587317740d8d6437c,41783,\N,sonda de supuesto
2026-08-17T14:42:48Z,https://rapidmapping.emergency.copernicus.eu/backend/dashboard-api/public-activations/?code=EMSR916,200,168c0f8276380024f92a7f51014f4405b9614756477c198587317740d8d6437c,41783,\N,sonda de supuesto
2026-08-17T14:42:49Z,https://chatmap.hotosm.org/api/v1/map/89319bbb-a14a-4dfd-b9a1-c83b8b55785f,200,153c7cebee671e9e5c27d37bc38d4cfa48a49339177685155329c3574e116d14,193312,\N,sonda de supuesto
2026-08-17T14:42:49Z,https://earthquake.usgs.gov/fdsnws/event/1/query?eventid=us6000tjl2&format=geojson,200,1d42c221ea6de75ec98e6a936b37fa2c5b39d9a501d73a59002af82d55bce6c0,67044,\N,sonda de supuesto
2026-08-17T14:42:52Z,https://www.gdacs.org/gdacsapi/api/emm/getemmnewsbykey?eventtype=EQ&eventid=1557236,200,4105c96a1fe93cc866639fdb9edfbceefa91f7e4102ff28a54bb3bdc78158365,1832696,\N,sonda de supuesto
2026-08-17T14:42:52Z,https://services2.arcgis.com/YVLx8xYoDXKccDfJ/arcgis/rest/services/REGISTRO_DE_EMERGENCIAS_EN_COLOMBIA/FeatureServer/0/query?where=1%3D1&f=json&resultRecordCount=1&outFields=MUERTOS%2CVIV_DESTRU%2CMUNICIPIO,200,3ef63243668bc2e5a8f8bcab749740625edf1fe451ff82e7c01ba5360471d382,792,\N,sonda de supuesto
2026-08-17T14:42:53Z,https://www.datos.gov.co/resource/wwkg-r6te.json?%24select=max%28fecha%29,200,9e69438b2fabe535e37608812d936a433f81bc015a63069d8b9bfb9b24644dfa,42,\N,sonda de supuesto
2026-08-17T14:42:56Z,https://rud.gestiondelriesgo.gov.co/home/json.php?temp=2026T,200,6147a42498d1277b2cf472ab1996a4a2ac5d92ffeb67a4e9de69d4b640a1a75f,17393,\N,sonda de supuesto
2026-08-17T14:43:48Z,https://rapidmapping.emergency.copernicus.eu/backend/dashboard-api/public-activations/,200,1fee0691a0e23855c9e78aacbc91a2890a8f33a7d9470d4423b108672df8df72,49,\N,sonda de supuesto
2026-08-17T14:43:48Z,https://rapidmapping.emergency.copernicus.eu/backend/dashboard-api/public-activations/?code=EMSR916,200,168c0f8276380024f92a7f51014f4405b9614756477c198587317740d8d6437c,41783,\N,sonda de supuesto
2026-08-17T14:43:49Z,https://rapidmapping.emergency.copernicus.eu/backend/dashboard-api/public-activations/?code=EMSR700,403,dbff0849bc109eee7f9b7b1fe12e40fc8add21823b2f1fb600b37f620cbd7862,58,\N,sonda de supuesto
2026-08-17T14:43:49Z,https://rapidmapping.emergency.copernicus.eu/backend/dashboard-api/public-activations/?code=EMSR916,200,168c0f8276380024f92a7f51014f4405b9614756477c198587317740d8d6437c,41783,\N,sonda de supuesto
2026-08-17T14:43:49Z,https://rapidmapping.emergency.copernicus.eu/backend/dashboard-api/public-activations/?code=EMSR916,200,168c0f8276380024f92a7f51014f4405b9614756477c198587317740d8d6437c,41783,\N,sonda de supuesto
2026-08-17T14:43:50Z,https://chatmap.hotosm.org/api/v1/map/89319bbb-a14a-4dfd-b9a1-c83b8b55785f,200,153c7cebee671e9e5c27d37bc38d4cfa48a49339177685155329c3574e116d14,193312,\N,sonda de supuesto
2026-08-17T14:43:51Z,https://earthquake.usgs.gov/fdsnws/event/1/query?eventid=us6000tjl2&format=geojson,200,1d42c221ea6de75ec98e6a936b37fa2c5b39d9a501d73a59002af82d55bce6c0,67044,\N,sonda de supuesto
2026-08-17T14:43:53Z,https://www.gdacs.org/gdacsapi/api/emm/getemmnewsbykey?eventtype=EQ&eventid=1557236,200,4105c96a1fe93cc866639fdb9edfbceefa91f7e4102ff28a54bb3bdc78158365,1832696,\N,sonda de supuesto
2026-08-17T14:43:54Z,https://services2.arcgis.com/YVLx8xYoDXKccDfJ/arcgis/rest/services/REGISTRO_DE_EMERGENCIAS_EN_COLOMBIA/FeatureServer/0/query?where=1%3D1&f=json&resultRecordCount=1&outFields=MUERTOS%2CVIV_DESTRU%2CMUNICIPIO,200,3ef63243668bc2e5a8f8bcab749740625edf1fe451ff82e7c01ba5360471d382,792,\N,sonda de supuesto
2026-08-17T14:43:54Z,https://www.datos.gov.co/resource/wwkg-r6te.json?%24select=max%28fecha%29,200,9e69438b2fabe535e37608812d936a433f81bc015a63069d8b9bfb9b24644dfa,42,\N,sonda de supuesto
2026-08-17T14:43:58Z,https://rud.gestiondelriesgo.gov.co/home/json.php?temp=2026T,200,73f7a8f7d833306349900f34345021ce0a536ae7e1542399e343e2d9ec88b1f7,17393,\N,sonda de supuesto
2026-08-17T14:45:07Z,https://rapidmapping.emergency.copernicus.eu/backend/dashboard-api/public-activations/,200,1fee0691a0e23855c9e78aacbc91a2890a8f33a7d9470d4423b108672df8df72,49,\N,sonda de supuesto
2026-08-17T14:45:08Z,https://rapidmapping.emergency.copernicus.eu/backend/dashboard-api/public-activations/?code=EMSR916,200,168c0f8276380024f92a7f51014f4405b9614756477c198587317740d8d6437c,41783,\N,sonda de supuesto
2026-08-17T14:45:08Z,https://rapidmapping.emergency.copernicus.eu/backend/dashboard-api/public-activations/?code=EMSR700,403,dbff0849bc109eee7f9b7b1fe12e40fc8add21823b2f1fb600b37f620cbd7862,58,\N,sonda de supuesto
2026-08-17T14:45:08Z,https://rapidmapping.emergency.copernicus.eu/backend/dashboard-api/public-activations/?code=EMSR916,200,168c0f8276380024f92a7f51014f4405b9614756477c198587317740d8d6437c,41783,\N,sonda de supuesto
2026-08-17T14:45:09Z,https://rapidmapping.emergency.copernicus.eu/backend/dashboard-api/public-activations/?code=EMSR916,200,168c0f8276380024f92a7f51014f4405b9614756477c198587317740d8d6437c,41783,\N,sonda de supuesto
2026-08-17T14:45:09Z,https://chatmap.hotosm.org/api/v1/map/89319bbb-a14a-4dfd-b9a1-c83b8b55785f,200,153c7cebee671e9e5c27d37bc38d4cfa48a49339177685155329c3574e116d14,193312,\N,sonda de supuesto
2026-08-17T14:45:10Z,https://earthquake.usgs.gov/fdsnws/event/1/query?eventid=us6000tjl2&format=geojson,200,1d42c221ea6de75ec98e6a936b37fa2c5b39d9a501d73a59002af82d55bce6c0,67044,\N,sonda de supuesto
2026-08-17T14:45:13Z,https://www.gdacs.org/gdacsapi/api/emm/getemmnewsbykey?eventtype=EQ&eventid=1557236,200,045a0f3be27e9c741367ebee2385bb3adc506b6986797ae9044ac631ead94342,1832696,\N,sonda de supuesto
2026-08-17T14:45:14Z,https://services2.arcgis.com/YVLx8xYoDXKccDfJ/arcgis/rest/services/REGISTRO_DE_EMERGENCIAS_EN_COLOMBIA/FeatureServer/0/query?where=1%3D1&f=json&resultRecordCount=1&outFields=MUERTOS%2CVIV_DESTRU%2CMUNICIPIO,200,3ef63243668bc2e5a8f8bcab749740625edf1fe451ff82e7c01ba5360471d382,792,\N,sonda de supuesto
2026-08-17T14:45:16Z,https://www.datos.gov.co/resource/wwkg-r6te.json?%24select=max%28fecha%29,200,9e69438b2fabe535e37608812d936a433f81bc015a63069d8b9bfb9b24644dfa,42,\N,sonda de supuesto
2026-08-17T14:45:19Z,https://rud.gestiondelriesgo.gov.co/home/json.php?temp=2026T,200,54c200c6b6b6752d322908fa6dd33b75dc542e590996da17398340adaf35eef1,17394,\N,sonda de supuesto
2026-08-17T14:47:39Z,https://rapidmapping.emergency.copernicus.eu/backend/dashboard-api/public-activations/,200,1fee0691a0e23855c9e78aacbc91a2890a8f33a7d9470d4423b108672df8df72,49,\N,sonda de supuesto
2026-08-17T14:47:40Z,https://rapidmapping.emergency.copernicus.eu/backend/dashboard-api/public-activations/?code=EMSR916,200,168c0f8276380024f92a7f51014f4405b9614756477c198587317740d8d6437c,41783,\N,sonda de supuesto
2026-08-17T14:47:40Z,https://rapidmapping.emergency.copernicus.eu/backend/dashboard-api/public-activations/?code=EMSR700,403,dbff0849bc109eee7f9b7b1fe12e40fc8add21823b2f1fb600b37f620cbd7862,58,\N,sonda de supuesto
2026-08-17T14:47:40Z,https://rapidmapping.emergency.copernicus.eu/backend/dashboard-api/public-activations/?code=EMSR916,200,168c0f8276380024f92a7f51014f4405b9614756477c198587317740d8d6437c,41783,\N,sonda de supuesto
2026-08-17T14:47:41Z,https://rapidmapping.emergency.copernicus.eu/backend/dashboard-api/public-activations/?code=EMSR916,200,168c0f8276380024f92a7f51014f4405b9614756477c198587317740d8d6437c,41783,\N,sonda de supuesto
2026-08-17T14:47:42Z,https://chatmap.hotosm.org/api/v1/map/89319bbb-a14a-4dfd-b9a1-c83b8b55785f,200,153c7cebee671e9e5c27d37bc38d4cfa48a49339177685155329c3574e116d14,193312,\N,sonda de supuesto
2026-08-17T14:47:42Z,https://earthquake.usgs.gov/fdsnws/event/1/query?eventid=us6000tjl2&format=geojson,200,1d42c221ea6de75ec98e6a936b37fa2c5b39d9a501d73a59002af82d55bce6c0,67044,\N,sonda de supuesto
2026-08-17T14:47:44Z,https://www.gdacs.org/gdacsapi/api/emm/getemmnewsbykey?eventtype=EQ&eventid=1557236,200,4105c96a1fe93cc866639fdb9edfbceefa91f7e4102ff28a54bb3bdc78158365,1832696,\N,sonda de supuesto
2026-08-17T14:47:45Z,https://services2.arcgis.com/YVLx8xYoDXKccDfJ/arcgis/rest/services/REGISTRO_DE_EMERGENCIAS_EN_COLOMBIA/FeatureServer/0/query?where=1%3D1&f=json&resultRecordCount=1&outFields=MUERTOS%2CVIV_DESTRU%2CMUNICIPIO,200,3ef63243668bc2e5a8f8bcab749740625edf1fe451ff82e7c01ba5360471d382,792,\N,sonda de supuesto
2026-08-17T14:47:46Z,https://www.datos.gov.co/resource/wwkg-r6te.json?%24select=max%28fecha%29,200,9e69438b2fabe535e37608812d936a433f81bc015a63069d8b9bfb9b24644dfa,42,\N,sonda de supuesto
2026-08-17T14:47:49Z,https://rud.gestiondelriesgo.gov.co/home/json.php?temp=2026T,200,cdd92ff63425267f1e00e6e1a3ffee0a59e934c213f91ed037b95533faa41eee,17395,\N,sonda de supuesto
2026-08-17T14:49:04Z,https://rapidmapping.emergency.copernicus.eu/backend/dashboard-api/public-activations/,200,1fee0691a0e23855c9e78aacbc91a2890a8f33a7d9470d4423b108672df8df72,49,\N,sonda de supuesto
2026-08-17T14:49:04Z,https://rapidmapping.emergency.copernicus.eu/backend/dashboard-api/public-activations/?code=EMSR916,200,168c0f8276380024f92a7f51014f4405b9614756477c198587317740d8d6437c,41783,\N,sonda de supuesto
2026-08-17T14:49:04Z,https://rapidmapping.emergency.copernicus.eu/backend/dashboard-api/public-activations/?code=EMSR700,403,dbff0849bc109eee7f9b7b1fe12e40fc8add21823b2f1fb600b37f620cbd7862,58,\N,sonda de supuesto
2026-08-17T14:49:05Z,https://rapidmapping.emergency.copernicus.eu/backend/dashboard-api/public-activations/?code=EMSR916,200,168c0f8276380024f92a7f51014f4405b9614756477c198587317740d8d6437c,41783,\N,sonda de supuesto
2026-08-17T14:49:05Z,https://rapidmapping.emergency.copernicus.eu/backend/dashboard-api/public-activations/?code=EMSR916,200,168c0f8276380024f92a7f51014f4405b9614756477c198587317740d8d6437c,41783,\N,sonda de supuesto
2026-08-17T14:49:06Z,https://chatmap.hotosm.org/api/v1/map/89319bbb-a14a-4dfd-b9a1-c83b8b55785f,200,153c7cebee671e9e5c27d37bc38d4cfa48a49339177685155329c3574e116d14,193312,\N,sonda de supuesto
2026-08-17T14:49:06Z,https://earthquake.usgs.gov/fdsnws/event/1/query?eventid=us6000tjl2&format=geojson,200,1d42c221ea6de75ec98e6a936b37fa2c5b39d9a501d73a59002af82d55bce6c0,67044,\N,sonda de supuesto
2026-08-17T14:49:09Z,https://www.gdacs.org/gdacsapi/api/emm/getemmnewsbykey?eventtype=EQ&eventid=1557236,200,4105c96a1fe93cc866639fdb9edfbceefa91f7e4102ff28a54bb3bdc78158365,1832696,\N,sonda de supuesto
2026-08-17T14:49:09Z,https://services2.arcgis.com/YVLx8xYoDXKccDfJ/arcgis/rest/services/REGISTRO_DE_EMERGENCIAS_EN_COLOMBIA/FeatureServer/0/query?where=1%3D1&f=json&resultRecordCount=1&outFields=MUERTOS%2CVIV_DESTRU%2CMUNICIPIO,200,3ef63243668bc2e5a8f8bcab749740625edf1fe451ff82e7c01ba5360471d382,792,\N,sonda de supuesto
2026-08-17T14:49:10Z,https://www.datos.gov.co/resource/wwkg-r6te.json?%24select=max%28fecha%29,200,9e69438b2fabe535e37608812d936a433f81bc015a63069d8b9bfb9b24644dfa,42,\N,sonda de supuesto
2026-08-17T14:49:13Z,https://rud.gestiondelriesgo.gov.co/home/json.php?temp=2026T,200,75925676647444e87e92c617c3dcdf784f5aef9343a07573755e93d430e1da4a,17395,\N,sonda de supuesto
2026-08-17T14:51:04Z,https://rapidmapping.emergency.copernicus.eu/backend/dashboard-api/public-activations/,200,1fee0691a0e23855c9e78aacbc91a2890a8f33a7d9470d4423b108672df8df72,49,\N,sonda de supuesto
2026-08-17T14:51:04Z,https://rapidmapping.emergency.copernicus.eu/backend/dashboard-api/public-activations/?code=EMSR916,200,168c0f8276380024f92a7f51014f4405b9614756477c198587317740d8d6437c,41783,\N,sonda de supuesto
2026-08-17T14:51:05Z,https://rapidmapping.emergency.copernicus.eu/backend/dashboard-api/public-activations/?code=EMSR700,403,dbff0849bc109eee7f9b7b1fe12e40fc8add21823b2f1fb600b37f620cbd7862,58,\N,sonda de supuesto
2026-08-17T14:51:05Z,https://rapidmapping.emergency.copernicus.eu/backend/dashboard-api/public-activations/?code=EMSR916,200,168c0f8276380024f92a7f51014f4405b9614756477c198587317740d8d6437c,41783,\N,sonda de supuesto
2026-08-17T14:51:06Z,https://rapidmapping.emergency.copernicus.eu/backend/dashboard-api/public-activations/?code=EMSR916,200,168c0f8276380024f92a7f51014f4405b9614756477c198587317740d8d6437c,41783,\N,sonda de supuesto
2026-08-17T14:51:07Z,https://chatmap.hotosm.org/api/v1/map/89319bbb-a14a-4dfd-b9a1-c83b8b55785f,200,153c7cebee671e9e5c27d37bc38d4cfa48a49339177685155329c3574e116d14,193312,\N,sonda de supuesto
2026-08-17T14:51:08Z,https://earthquake.usgs.gov/fdsnws/event/1/query?eventid=us6000tjl2&format=geojson,200,1d42c221ea6de75ec98e6a936b37fa2c5b39d9a501d73a59002af82d55bce6c0,67044,\N,sonda de supuesto
2026-08-17T14:51:10Z,https://www.gdacs.org/gdacsapi/api/emm/getemmnewsbykey?eventtype=EQ&eventid=1557236,200,4105c96a1fe93cc866639fdb9edfbceefa91f7e4102ff28a54bb3bdc78158365,1832696,\N,sonda de supuesto
2026-08-17T14:51:10Z,https://services2.arcgis.com/YVLx8xYoDXKccDfJ/arcgis/rest/services/REGISTRO_DE_EMERGENCIAS_EN_COLOMBIA/FeatureServer/0/query?where=1%3D1&f=json&resultRecordCount=1&outFields=MUERTOS%2CVIV_DESTRU%2CMUNICIPIO,200,3ef63243668bc2e5a8f8bcab749740625edf1fe451ff82e7c01ba5360471d382,792,\N,sonda de supuesto
2026-08-17T14:51:11Z,https://www.datos.gov.co/resource/wwkg-r6te.json?%24select=max%28fecha%29,200,9e69438b2fabe535e37608812d936a433f81bc015a63069d8b9bfb9b24644dfa,42,\N,sonda de supuesto
2026-08-17T14:51:14Z,https://rud.gestiondelriesgo.gov.co/home/json.php?temp=2026T,200,cd1b884bbf58d1122d7b039abf5a296f9107af79aa359da51e33806704493cff,17395,\N,sonda de supuesto
2026-08-17T14:53:51Z,https://rapidmapping.emergency.copernicus.eu/backend/dashboard-api/public-activations/,200,1fee0691a0e23855c9e78aacbc91a2890a8f33a7d9470d4423b108672df8df72,49,\N,sonda de supuesto
2026-08-17T14:53:52Z,https://rapidmapping.emergency.copernicus.eu/backend/dashboard-api/public-activations/?code=EMSR916,200,168c0f8276380024f92a7f51014f4405b9614756477c198587317740d8d6437c,41783,\N,sonda de supuesto
2026-08-17T14:53:52Z,https://rapidmapping.emergency.copernicus.eu/backend/dashboard-api/public-activations/?code=EMSR700,403,dbff0849bc109eee7f9b7b1fe12e40fc8add21823b2f1fb600b37f620cbd7862,58,\N,sonda de supuesto
2026-08-17T14:53:52Z,https://rapidmapping.emergency.copernicus.eu/backend/dashboard-api/public-activations/?code=EMSR916,200,168c0f8276380024f92a7f51014f4405b9614756477c198587317740d8d6437c,41783,\N,sonda de supuesto
2026-08-17T14:53:53Z,https://rapidmapping.emergency.copernicus.eu/backend/dashboard-api/public-activations/?code=EMSR916,200,168c0f8276380024f92a7f51014f4405b9614756477c198587317740d8d6437c,41783,\N,sonda de supuesto
2026-08-17T14:53:53Z,https://chatmap.hotosm.org/api/v1/map/89319bbb-a14a-4dfd-b9a1-c83b8b55785f,200,153c7cebee671e9e5c27d37bc38d4cfa48a49339177685155329c3574e116d14,193312,\N,sonda de supuesto
2026-08-17T14:53:54Z,https://earthquake.usgs.gov/fdsnws/event/1/query?eventid=us6000tjl2&format=geojson,200,1d42c221ea6de75ec98e6a936b37fa2c5b39d9a501d73a59002af82d55bce6c0,67044,\N,sonda de supuesto
2026-08-17T14:53:56Z,https://www.gdacs.org/gdacsapi/api/emm/getemmnewsbykey?eventtype=EQ&eventid=1557236,200,4105c96a1fe93cc866639fdb9edfbceefa91f7e4102ff28a54bb3bdc78158365,1832696,\N,sonda de supuesto
2026-08-17T14:53:57Z,https://services2.arcgis.com/YVLx8xYoDXKccDfJ/arcgis/rest/services/REGISTRO_DE_EMERGENCIAS_EN_COLOMBIA/FeatureServer/0/query?where=1%3D1&f=json&resultRecordCount=1&outFields=MUERTOS%2CVIV_DESTRU%2CMUNICIPIO,200,3ef63243668bc2e5a8f8bcab749740625edf1fe451ff82e7c01ba5360471d382,792,\N,sonda de supuesto
2026-08-17T14:53:57Z,https://www.datos.gov.co/resource/wwkg-r6te.json?%24select=max%28fecha%29,200,9e69438b2fabe535e37608812d936a433f81bc015a63069d8b9bfb9b24644dfa,42,\N,sonda de supuesto
2026-08-17T14:54:01Z,https://rud.gestiondelriesgo.gov.co/home/json.php?temp=2026T,200,bf75bf127b65f7aebf7b0e9fb1be370e6e0d3036221b20ce288e7d7f2d348e40,17396,\N,sonda de supuesto
2026-08-17T14:55:00Z,https://rapidmapping.emergency.copernicus.eu/backend/dashboard-api/public-activations/,200,1fee0691a0e23855c9e78aacbc91a2890a8f33a7d9470d4423b108672df8df72,49,\N,sonda de supuesto
2026-08-17T14:55:00Z,https://rapidmapping.emergency.copernicus.eu/backend/dashboard-api/public-activations/?code=EMSR916,200,168c0f8276380024f92a7f51014f4405b9614756477c198587317740d8d6437c,41783,\N,sonda de supuesto
2026-08-17T14:55:01Z,https://rapidmapping.emergency.copernicus.eu/backend/dashboard-api/public-activations/?code=EMSR700,403,dbff0849bc109eee7f9b7b1fe12e40fc8add21823b2f1fb600b37f620cbd7862,58,\N,sonda de supuesto
2026-08-17T14:55:01Z,https://rapidmapping.emergency.copernicus.eu/backend/dashboard-api/public-activations/?code=EMSR916,200,168c0f8276380024f92a7f51014f4405b9614756477c198587317740d8d6437c,41783,\N,sonda de supuesto
2026-08-17T14:55:02Z,https://rapidmapping.emergency.copernicus.eu/backend/dashboard-api/public-activations/?code=EMSR916,200,168c0f8276380024f92a7f51014f4405b9614756477c198587317740d8d6437c,41783,\N,sonda de supuesto
2026-08-17T14:55:03Z,https://chatmap.hotosm.org/api/v1/map/89319bbb-a14a-4dfd-b9a1-c83b8b55785f,200,153c7cebee671e9e5c27d37bc38d4cfa48a49339177685155329c3574e116d14,193312,\N,sonda de supuesto
2026-08-17T14:55:03Z,https://earthquake.usgs.gov/fdsnws/event/1/query?eventid=us6000tjl2&format=geojson,200,1d42c221ea6de75ec98e6a936b37fa2c5b39d9a501d73a59002af82d55bce6c0,67044,\N,sonda de supuesto
2026-08-17T14:55:06Z,https://www.gdacs.org/gdacsapi/api/emm/getemmnewsbykey?eventtype=EQ&eventid=1557236,200,4105c96a1fe93cc866639fdb9edfbceefa91f7e4102ff28a54bb3bdc78158365,1832696,\N,sonda de supuesto
2026-08-17T14:55:06Z,https://rapidmapping.emergency.copernicus.eu/backend/dashboard-api/public-activations/,200,1fee0691a0e23855c9e78aacbc91a2890a8f33a7d9470d4423b108672df8df72,49,\N,sonda de supuesto
2026-08-17T14:55:06Z,https://services2.arcgis.com/YVLx8xYoDXKccDfJ/arcgis/rest/services/REGISTRO_DE_EMERGENCIAS_EN_COLOMBIA/FeatureServer/0/query?where=1%3D1&f=json&resultRecordCount=1&outFields=MUERTOS%2CVIV_DESTRU%2CMUNICIPIO,200,3ef63243668bc2e5a8f8bcab749740625edf1fe451ff82e7c01ba5360471d382,792,\N,sonda de supuesto
2026-08-17T14:55:06Z,https://rapidmapping.emergency.copernicus.eu/backend/dashboard-api/public-activations/?code=EMSR916,200,168c0f8276380024f92a7f51014f4405b9614756477c198587317740d8d6437c,41783,\N,sonda de supuesto
2026-08-17T14:55:06Z,https://rapidmapping.emergency.copernicus.eu/backend/dashboard-api/public-activations/?code=EMSR700,403,dbff0849bc109eee7f9b7b1fe12e40fc8add21823b2f1fb600b37f620cbd7862,58,\N,sonda de supuesto
2026-08-17T14:55:07Z,https://rapidmapping.emergency.copernicus.eu/backend/dashboard-api/public-activations/?code=EMSR916,200,168c0f8276380024f92a7f51014f4405b9614756477c198587317740d8d6437c,41783,\N,sonda de supuesto
2026-08-17T14:55:07Z,https://www.datos.gov.co/resource/wwkg-r6te.json?%24select=max%28fecha%29,200,9e69438b2fabe535e37608812d936a433f81bc015a63069d8b9bfb9b24644dfa,42,\N,sonda de supuesto
2026-08-17T14:55:07Z,https://rapidmapping.emergency.copernicus.eu/backend/dashboard-api/public-activations/?code=EMSR916,200,168c0f8276380024f92a7f51014f4405b9614756477c198587317740d8d6437c,41783,\N,sonda de supuesto
2026-08-17T14:55:08Z,https://chatmap.hotosm.org/api/v1/map/89319bbb-a14a-4dfd-b9a1-c83b8b55785f,200,153c7cebee671e9e5c27d37bc38d4cfa48a49339177685155329c3574e116d14,193312,\N,sonda de supuesto
2026-08-17T14:55:08Z,https://earthquake.usgs.gov/fdsnws/event/1/query?eventid=us6000tjl2&format=geojson,200,1d42c221ea6de75ec98e6a936b37fa2c5b39d9a501d73a59002af82d55bce6c0,67044,\N,sonda de supuesto
2026-08-17T14:55:10Z,https://rud.gestiondelriesgo.gov.co/home/json.php?temp=2026T,200,8e730d1d36b6d2403aad62e56757b133e4d60dcb80a26266a553134dd3503642,17396,\N,sonda de supuesto
2026-08-17T14:55:11Z,https://www.gdacs.org/gdacsapi/api/emm/getemmnewsbykey?eventtype=EQ&eventid=1557236,200,4105c96a1fe93cc866639fdb9edfbceefa91f7e4102ff28a54bb3bdc78158365,1832696,\N,sonda de supuesto
2026-08-17T14:55:11Z,https://services2.arcgis.com/YVLx8xYoDXKccDfJ/arcgis/rest/services/REGISTRO_DE_EMERGENCIAS_EN_COLOMBIA/FeatureServer/0/query?where=1%3D1&f=json&resultRecordCount=1&outFields=MUERTOS%2CVIV_DESTRU%2CMUNICIPIO,200,3ef63243668bc2e5a8f8bcab749740625edf1fe451ff82e7c01ba5360471d382,792,\N,sonda de supuesto
2026-08-17T14:55:12Z,https://www.datos.gov.co/resource/wwkg-r6te.json?%24select=max%28fecha%29,200,9e69438b2fabe535e37608812d936a433f81bc015a63069d8b9bfb9b24644dfa,42,\N,sonda de supuesto
2026-08-17T14:55:15Z,https://rud.gestiondelriesgo.gov.co/home/json.php?temp=2026T,200,c2797e2f4086e3b1ac21a280a35c0bc6731967e10a71f18355d4cf3060e9a9da,17396,\N,sonda de supuesto
2026-08-17T14:56:56Z,https://rapidmapping.emergency.copernicus.eu/backend/dashboard-api/public-activations/,200,1fee0691a0e23855c9e78aacbc91a2890a8f33a7d9470d4423b108672df8df72,49,\N,sonda de supuesto
2026-08-17T14:56:56Z,https://rapidmapping.emergency.copernicus.eu/backend/dashboard-api/public-activations/?code=EMSR916,200,168c0f8276380024f92a7f51014f4405b9614756477c198587317740d8d6437c,41783,\N,sonda de supuesto
2026-08-17T14:56:57Z,https://rapidmapping.emergency.copernicus.eu/backend/dashboard-api/public-activations/?code=EMSR700,403,dbff0849bc109eee7f9b7b1fe12e40fc8add21823b2f1fb600b37f620cbd7862,58,\N,sonda de supuesto
2026-08-17T14:56:57Z,https://rapidmapping.emergency.copernicus.eu/backend/dashboard-api/public-activations/?code=EMSR916,200,168c0f8276380024f92a7f51014f4405b9614756477c198587317740d8d6437c,41783,\N,sonda de supuesto
2026-08-17T14:56:57Z,https://rapidmapping.emergency.copernicus.eu/backend/dashboard-api/public-activations/?code=EMSR916,200,168c0f8276380024f92a7f51014f4405b9614756477c198587317740d8d6437c,41783,\N,sonda de supuesto
2026-08-17T14:56:58Z,https://chatmap.hotosm.org/api/v1/map/89319bbb-a14a-4dfd-b9a1-c83b8b55785f,200,153c7cebee671e9e5c27d37bc38d4cfa48a49339177685155329c3574e116d14,193312,\N,sonda de supuesto
2026-08-17T14:56:59Z,https://earthquake.usgs.gov/fdsnws/event/1/query?eventid=us6000tjl2&format=geojson,200,1d42c221ea6de75ec98e6a936b37fa2c5b39d9a501d73a59002af82d55bce6c0,67044,\N,sonda de supuesto
2026-08-17T14:57:02Z,https://www.gdacs.org/gdacsapi/api/emm/getemmnewsbykey?eventtype=EQ&eventid=1557236,200,4105c96a1fe93cc866639fdb9edfbceefa91f7e4102ff28a54bb3bdc78158365,1832696,\N,sonda de supuesto
2026-08-17T14:57:02Z,https://services2.arcgis.com/YVLx8xYoDXKccDfJ/arcgis/rest/services/REGISTRO_DE_EMERGENCIAS_EN_COLOMBIA/FeatureServer/0/query?where=1%3D1&f=json&resultRecordCount=1&outFields=MUERTOS%2CVIV_DESTRU%2CMUNICIPIO,200,3ef63243668bc2e5a8f8bcab749740625edf1fe451ff82e7c01ba5360471d382,792,\N,sonda de supuesto
2026-08-17T14:57:03Z,https://www.datos.gov.co/resource/wwkg-r6te.json?%24select=max%28fecha%29,200,9e69438b2fabe535e37608812d936a433f81bc015a63069d8b9bfb9b24644dfa,42,\N,sonda de supuesto
2026-08-17T14:57:06Z,https://rud.gestiondelriesgo.gov.co/home/json.php?temp=2026T,200,c30069d67b352a86c635574c8c354eb3899b20ff25549ac04089e390b423daca,17398,\N,sonda de supuesto
2026-08-17T14:57:30Z,https://rapidmapping.emergency.copernicus.eu/backend/dashboard-api/public-activations/,200,1fee0691a0e23855c9e78aacbc91a2890a8f33a7d9470d4423b108672df8df72,49,\N,sonda de supuesto
2026-08-17T14:57:31Z,https://rapidmapping.emergency.copernicus.eu/backend/dashboard-api/public-activations/?code=EMSR916,200,168c0f8276380024f92a7f51014f4405b9614756477c198587317740d8d6437c,41783,\N,sonda de supuesto
2026-08-17T14:57:31Z,https://rapidmapping.emergency.copernicus.eu/backend/dashboard-api/public-activations/?code=EMSR700,403,dbff0849bc109eee7f9b7b1fe12e40fc8add21823b2f1fb600b37f620cbd7862,58,\N,sonda de supuesto
2026-08-17T14:57:31Z,https://rapidmapping.emergency.copernicus.eu/backend/dashboard-api/public-activations/?code=EMSR916,200,168c0f8276380024f92a7f51014f4405b9614756477c198587317740d8d6437c,41783,\N,sonda de supuesto
2026-08-17T14:57:32Z,https://rapidmapping.emergency.copernicus.eu/backend/dashboard-api/public-activations/?code=EMSR916,200,168c0f8276380024f92a7f51014f4405b9614756477c198587317740d8d6437c,41783,\N,sonda de supuesto
2026-08-17T14:57:33Z,https://chatmap.hotosm.org/api/v1/map/89319bbb-a14a-4dfd-b9a1-c83b8b55785f,200,153c7cebee671e9e5c27d37bc38d4cfa48a49339177685155329c3574e116d14,193312,\N,sonda de supuesto
2026-08-17T14:57:33Z,https://earthquake.usgs.gov/fdsnws/event/1/query?eventid=us6000tjl2&format=geojson,200,1d42c221ea6de75ec98e6a936b37fa2c5b39d9a501d73a59002af82d55bce6c0,67044,\N,sonda de supuesto
2026-08-17T14:57:35Z,https://www.gdacs.org/gdacsapi/api/emm/getemmnewsbykey?eventtype=EQ&eventid=1557236,200,4105c96a1fe93cc866639fdb9edfbceefa91f7e4102ff28a54bb3bdc78158365,1832696,\N,sonda de supuesto
2026-08-17T14:57:36Z,https://services2.arcgis.com/YVLx8xYoDXKccDfJ/arcgis/rest/services/REGISTRO_DE_EMERGENCIAS_EN_COLOMBIA/FeatureServer/0/query?where=1%3D1&f=json&resultRecordCount=1&outFields=MUERTOS%2CVIV_DESTRU%2CMUNICIPIO,200,3ef63243668bc2e5a8f8bcab749740625edf1fe451ff82e7c01ba5360471d382,792,\N,sonda de supuesto
2026-08-17T14:57:36Z,https://www.datos.gov.co/resource/wwkg-r6te.json?%24select=max%28fecha%29,200,9e69438b2fabe535e37608812d936a433f81bc015a63069d8b9bfb9b24644dfa,42,\N,sonda de supuesto
2026-08-17T14:57:40Z,https://rud.gestiondelriesgo.gov.co/home/json.php?temp=2026T,200,5269caa38c153d78f70ba20752f66af878e44269409081ef9e89fae81079bceb,17399,\N,sonda de supuesto
2026-08-17T14:59:57Z,https://rapidmapping.emergency.copernicus.eu/backend/dashboard-api/public-activations/,200,1fee0691a0e23855c9e78aacbc91a2890a8f33a7d9470d4423b108672df8df72,49,\N,sonda de supuesto
2026-08-17T14:59:57Z,https://rapidmapping.emergency.copernicus.eu/backend/dashboard-api/public-activations/?code=EMSR916,200,168c0f8276380024f92a7f51014f4405b9614756477c198587317740d8d6437c,41783,\N,sonda de supuesto
2026-08-17T14:59:57Z,https://rapidmapping.emergency.copernicus.eu/backend/dashboard-api/public-activations/?code=EMSR700,403,dbff0849bc109eee7f9b7b1fe12e40fc8add21823b2f1fb600b37f620cbd7862,58,\N,sonda de supuesto
2026-08-17T14:59:57Z,https://rapidmapping.emergency.copernicus.eu/backend/dashboard-api/public-activations/?code=EMSR916,200,168c0f8276380024f92a7f51014f4405b9614756477c198587317740d8d6437c,41783,\N,sonda de supuesto
2026-08-17T14:59:58Z,https://rapidmapping.emergency.copernicus.eu/backend/dashboard-api/public-activations/?code=EMSR916,200,168c0f8276380024f92a7f51014f4405b9614756477c198587317740d8d6437c,41783,\N,sonda de supuesto
2026-08-17T14:59:59Z,https://chatmap.hotosm.org/api/v1/map/89319bbb-a14a-4dfd-b9a1-c83b8b55785f,200,153c7cebee671e9e5c27d37bc38d4cfa48a49339177685155329c3574e116d14,193312,\N,sonda de supuesto
2026-08-17T14:59:59Z,https://earthquake.usgs.gov/fdsnws/event/1/query?eventid=us6000tjl2&format=geojson,200,1d42c221ea6de75ec98e6a936b37fa2c5b39d9a501d73a59002af82d55bce6c0,67044,\N,sonda de supuesto
2026-08-17T15:00:01Z,https://www.gdacs.org/gdacsapi/api/emm/getemmnewsbykey?eventtype=EQ&eventid=1557236,200,4105c96a1fe93cc866639fdb9edfbceefa91f7e4102ff28a54bb3bdc78158365,1832696,\N,sonda de supuesto
2026-08-17T15:00:02Z,https://services2.arcgis.com/YVLx8xYoDXKccDfJ/arcgis/rest/services/REGISTRO_DE_EMERGENCIAS_EN_COLOMBIA/FeatureServer/0/query?where=1%3D1&f=json&resultRecordCount=1&outFields=MUERTOS%2CVIV_DESTRU%2CMUNICIPIO,200,3ef63243668bc2e5a8f8bcab749740625edf1fe451ff82e7c01ba5360471d382,792,\N,sonda de supuesto
2026-08-17T15:00:03Z,https://www.datos.gov.co/resource/wwkg-r6te.json?%24select=max%28fecha%29,200,9e69438b2fabe535e37608812d936a433f81bc015a63069d8b9bfb9b24644dfa,42,\N,sonda de supuesto
2026-08-17T15:00:06Z,https://rud.gestiondelriesgo.gov.co/home/json.php?temp=2026T,200,6370b61f8a067f9195f017faf913f0b17529b4f1ac5fdd0be21ab3f18244d6bd,17399,\N,sonda de supuesto
2026-08-17T15:02:45Z,https://rapidmapping.emergency.copernicus.eu/backend/dashboard-api/public-activations/,200,1fee0691a0e23855c9e78aacbc91a2890a8f33a7d9470d4423b108672df8df72,49,\N,sonda de supuesto
2026-08-17T15:02:46Z,https://rapidmapping.emergency.copernicus.eu/backend/dashboard-api/public-activations/?code=EMSR916,200,168c0f8276380024f92a7f51014f4405b9614756477c198587317740d8d6437c,41783,\N,sonda de supuesto
2026-08-17T15:02:46Z,https://rapidmapping.emergency.copernicus.eu/backend/dashboard-api/public-activations/?code=EMSR700,403,dbff0849bc109eee7f9b7b1fe12e40fc8add21823b2f1fb600b37f620cbd7862,58,\N,sonda de supuesto
2026-08-17T15:02:46Z,https://rapidmapping.emergency.copernicus.eu/backend/dashboard-api/public-activations/?code=EMSR916,200,168c0f8276380024f92a7f51014f4405b9614756477c198587317740d8d6437c,41783,\N,sonda de supuesto
2026-08-17T15:02:47Z,https://rapidmapping.emergency.copernicus.eu/backend/dashboard-api/public-activations/?code=EMSR916,200,168c0f8276380024f92a7f51014f4405b9614756477c198587317740d8d6437c,41783,\N,sonda de supuesto
2026-08-17T15:02:48Z,https://chatmap.hotosm.org/api/v1/map/89319bbb-a14a-4dfd-b9a1-c83b8b55785f,200,153c7cebee671e9e5c27d37bc38d4cfa48a49339177685155329c3574e116d14,193312,\N,sonda de supuesto
2026-08-17T15:02:48Z,https://earthquake.usgs.gov/fdsnws/event/1/query?eventid=us6000tjl2&format=geojson,200,1d42c221ea6de75ec98e6a936b37fa2c5b39d9a501d73a59002af82d55bce6c0,67044,\N,sonda de supuesto
2026-08-17T15:02:52Z,https://www.gdacs.org/gdacsapi/api/emm/getemmnewsbykey?eventtype=EQ&eventid=1557236,200,4105c96a1fe93cc866639fdb9edfbceefa91f7e4102ff28a54bb3bdc78158365,1832696,\N,sonda de supuesto
2026-08-17T15:02:53Z,https://services2.arcgis.com/YVLx8xYoDXKccDfJ/arcgis/rest/services/REGISTRO_DE_EMERGENCIAS_EN_COLOMBIA/FeatureServer/0/query?where=1%3D1&f=json&resultRecordCount=1&outFields=MUERTOS%2CVIV_DESTRU%2CMUNICIPIO,200,3ef63243668bc2e5a8f8bcab749740625edf1fe451ff82e7c01ba5360471d382,792,\N,sonda de supuesto
2026-08-17T15:02:54Z,https://www.datos.gov.co/resource/wwkg-r6te.json?%24select=max%28fecha%29,200,9e69438b2fabe535e37608812d936a433f81bc015a63069d8b9bfb9b24644dfa,42,\N,sonda de supuesto
2026-08-17T15:02:58Z,https://rud.gestiondelriesgo.gov.co/home/json.php?temp=2026T,200,0249853c58f757a18e15cc902dd18231290bd574d4e16a6a9b9883caab854c53,17399,\N,sonda de supuesto
2026-08-17T15:03:12Z,https://rapidmapping.emergency.copernicus.eu/backend/dashboard-api/public-activations/,200,1fee0691a0e23855c9e78aacbc91a2890a8f33a7d9470d4423b108672df8df72,49,\N,sonda de supuesto
2026-08-17T15:03:12Z,https://rapidmapping.emergency.copernicus.eu/backend/dashboard-api/public-activations/?code=EMSR916,200,168c0f8276380024f92a7f51014f4405b9614756477c198587317740d8d6437c,41783,\N,sonda de supuesto
2026-08-17T15:03:12Z,https://rapidmapping.emergency.copernicus.eu/backend/dashboard-api/public-activations/?code=EMSR700,403,dbff0849bc109eee7f9b7b1fe12e40fc8add21823b2f1fb600b37f620cbd7862,58,\N,sonda de supuesto
2026-08-17T15:03:13Z,https://rapidmapping.emergency.copernicus.eu/backend/dashboard-api/public-activations/?code=EMSR916,200,168c0f8276380024f92a7f51014f4405b9614756477c198587317740d8d6437c,41783,\N,sonda de supuesto
2026-08-17T15:03:13Z,https://rapidmapping.emergency.copernicus.eu/backend/dashboard-api/public-activations/?code=EMSR916,200,168c0f8276380024f92a7f51014f4405b9614756477c198587317740d8d6437c,41783,\N,sonda de supuesto
2026-08-17T15:03:14Z,https://chatmap.hotosm.org/api/v1/map/89319bbb-a14a-4dfd-b9a1-c83b8b55785f,200,153c7cebee671e9e5c27d37bc38d4cfa48a49339177685155329c3574e116d14,193312,\N,sonda de supuesto
2026-08-17T15:03:14Z,https://earthquake.usgs.gov/fdsnws/event/1/query?eventid=us6000tjl2&format=geojson,200,1d42c221ea6de75ec98e6a936b37fa2c5b39d9a501d73a59002af82d55bce6c0,67044,\N,sonda de supuesto
2026-08-17T15:03:16Z,https://www.gdacs.org/gdacsapi/api/emm/getemmnewsbykey?eventtype=EQ&eventid=1557236,200,4105c96a1fe93cc866639fdb9edfbceefa91f7e4102ff28a54bb3bdc78158365,1832696,\N,sonda de supuesto
2026-08-17T15:03:17Z,https://services2.arcgis.com/YVLx8xYoDXKccDfJ/arcgis/rest/services/REGISTRO_DE_EMERGENCIAS_EN_COLOMBIA/FeatureServer/0/query?where=1%3D1&f=json&resultRecordCount=1&outFields=MUERTOS%2CVIV_DESTRU%2CMUNICIPIO,200,3ef63243668bc2e5a8f8bcab749740625edf1fe451ff82e7c01ba5360471d382,792,\N,sonda de supuesto
2026-08-17T15:03:18Z,https://www.datos.gov.co/resource/wwkg-r6te.json?%24select=max%28fecha%29,200,9e69438b2fabe535e37608812d936a433f81bc015a63069d8b9bfb9b24644dfa,42,\N,sonda de supuesto
2026-08-17T15:03:21Z,https://rud.gestiondelriesgo.gov.co/home/json.php?temp=2026T,200,bf398dacf9c43b8e16633df3c4b0f4c423ea4eba22efaf46168150a49873b6ca,17399,\N,sonda de supuesto
2026-08-17T15:03:32Z,https://rapidmapping.emergency.copernicus.eu/backend/dashboard-api/public-activations/,200,1fee0691a0e23855c9e78aacbc91a2890a8f33a7d9470d4423b108672df8df72,49,\N,sonda de supuesto
2026-08-17T15:03:33Z,https://rapidmapping.emergency.copernicus.eu/backend/dashboard-api/public-activations/?code=EMSR916,200,168c0f8276380024f92a7f51014f4405b9614756477c198587317740d8d6437c,41783,\N,sonda de supuesto
2026-08-17T15:03:33Z,https://rapidmapping.emergency.copernicus.eu/backend/dashboard-api/public-activations/?code=EMSR700,403,dbff0849bc109eee7f9b7b1fe12e40fc8add21823b2f1fb600b37f620cbd7862,58,\N,sonda de supuesto
2026-08-17T15:03:33Z,https://rapidmapping.emergency.copernicus.eu/backend/dashboard-api/public-activations/?code=EMSR916,200,168c0f8276380024f92a7f51014f4405b9614756477c198587317740d8d6437c,41783,\N,sonda de supuesto
2026-08-17T15:03:34Z,https://rapidmapping.emergency.copernicus.eu/backend/dashboard-api/public-activations/?code=EMSR916,200,168c0f8276380024f92a7f51014f4405b9614756477c198587317740d8d6437c,41783,\N,sonda de supuesto
2026-08-17T15:03:34Z,https://chatmap.hotosm.org/api/v1/map/89319bbb-a14a-4dfd-b9a1-c83b8b55785f,200,153c7cebee671e9e5c27d37bc38d4cfa48a49339177685155329c3574e116d14,193312,\N,sonda de supuesto
2026-08-17T15:03:35Z,https://earthquake.usgs.gov/fdsnws/event/1/query?eventid=us6000tjl2&format=geojson,200,1d42c221ea6de75ec98e6a936b37fa2c5b39d9a501d73a59002af82d55bce6c0,67044,\N,sonda de supuesto
2026-08-17T15:03:37Z,https://www.gdacs.org/gdacsapi/api/emm/getemmnewsbykey?eventtype=EQ&eventid=1557236,200,045a0f3be27e9c741367ebee2385bb3adc506b6986797ae9044ac631ead94342,1832696,\N,sonda de supuesto
2026-08-17T15:03:38Z,https://services2.arcgis.com/YVLx8xYoDXKccDfJ/arcgis/rest/services/REGISTRO_DE_EMERGENCIAS_EN_COLOMBIA/FeatureServer/0/query?where=1%3D1&f=json&resultRecordCount=1&outFields=MUERTOS%2CVIV_DESTRU%2CMUNICIPIO,200,3ef63243668bc2e5a8f8bcab749740625edf1fe451ff82e7c01ba5360471d382,792,\N,sonda de supuesto
2026-08-17T15:03:38Z,https://www.datos.gov.co/resource/wwkg-r6te.json?%24select=max%28fecha%29,200,9e69438b2fabe535e37608812d936a433f81bc015a63069d8b9bfb9b24644dfa,42,\N,sonda de supuesto
2026-08-17T15:03:41Z,https://rud.gestiondelriesgo.gov.co/home/json.php?temp=2026T,200,76bf62d0bfccfd1966283f1abc785041d88854d18eb56568da4bb6a285035a79,17399,\N,sonda de supuesto
2026-08-17T15:06:27Z,https://rapidmapping.emergency.copernicus.eu/backend/dashboard-api/public-activations/,200,1fee0691a0e23855c9e78aacbc91a2890a8f33a7d9470d4423b108672df8df72,49,\N,sonda de supuesto
2026-08-17T15:06:27Z,https://rapidmapping.emergency.copernicus.eu/backend/dashboard-api/public-activations/?code=EMSR916,200,168c0f8276380024f92a7f51014f4405b9614756477c198587317740d8d6437c,41783,\N,sonda de supuesto
2026-08-17T15:06:28Z,https://rapidmapping.emergency.copernicus.eu/backend/dashboard-api/public-activations/?code=EMSR700,403,dbff0849bc109eee7f9b7b1fe12e40fc8add21823b2f1fb600b37f620cbd7862,58,\N,sonda de supuesto
2026-08-17T15:06:28Z,https://rapidmapping.emergency.copernicus.eu/backend/dashboard-api/public-activations/?code=EMSR916,200,168c0f8276380024f92a7f51014f4405b9614756477c198587317740d8d6437c,41783,\N,sonda de supuesto
2026-08-17T15:06:28Z,https://rapidmapping.emergency.copernicus.eu/backend/dashboard-api/public-activations/?code=EMSR916,200,168c0f8276380024f92a7f51014f4405b9614756477c198587317740d8d6437c,41783,\N,sonda de supuesto
2026-08-17T15:06:29Z,https://chatmap.hotosm.org/api/v1/map/89319bbb-a14a-4dfd-b9a1-c83b8b55785f,200,153c7cebee671e9e5c27d37bc38d4cfa48a49339177685155329c3574e116d14,193312,\N,sonda de supuesto
2026-08-17T15:06:30Z,https://earthquake.usgs.gov/fdsnws/event/1/query?eventid=us6000tjl2&format=geojson,200,1d42c221ea6de75ec98e6a936b37fa2c5b39d9a501d73a59002af82d55bce6c0,67044,\N,sonda de supuesto
2026-08-17T15:06:33Z,https://www.gdacs.org/gdacsapi/api/emm/getemmnewsbykey?eventtype=EQ&eventid=1557236,200,045a0f3be27e9c741367ebee2385bb3adc506b6986797ae9044ac631ead94342,1832696,\N,sonda de supuesto
2026-08-17T15:06:34Z,https://services2.arcgis.com/YVLx8xYoDXKccDfJ/arcgis/rest/services/REGISTRO_DE_EMERGENCIAS_EN_COLOMBIA/FeatureServer/0/query?where=1%3D1&f=json&resultRecordCount=1&outFields=MUERTOS%2CVIV_DESTRU%2CMUNICIPIO,200,3ef63243668bc2e5a8f8bcab749740625edf1fe451ff82e7c01ba5360471d382,792,\N,sonda de supuesto
2026-08-17T15:06:35Z,https://www.datos.gov.co/resource/wwkg-r6te.json?%24select=max%28fecha%29,200,9e69438b2fabe535e37608812d936a433f81bc015a63069d8b9bfb9b24644dfa,42,\N,sonda de supuesto
2026-08-17T15:06:38Z,https://rud.gestiondelriesgo.gov.co/home/json.php?temp=2026T,200,a0593380ea65a72782f1f0b514e00c429b6edbffa056dfa8837edd4ce85a60a6,17399,\N,sonda de supuesto
2026-08-17T15:07:05Z,https://rapidmapping.emergency.copernicus.eu/backend/dashboard-api/public-activations/,200,1fee0691a0e23855c9e78aacbc91a2890a8f33a7d9470d4423b108672df8df72,49,\N,sonda de supuesto
2026-08-17T15:07:06Z,https://rapidmapping.emergency.copernicus.eu/backend/dashboard-api/public-activations/?code=EMSR916,200,168c0f8276380024f92a7f51014f4405b9614756477c198587317740d8d6437c,41783,\N,sonda de supuesto
2026-08-17T15:07:06Z,https://rapidmapping.emergency.copernicus.eu/backend/dashboard-api/public-activations/?code=EMSR700,403,dbff0849bc109eee7f9b7b1fe12e40fc8add21823b2f1fb600b37f620cbd7862,58,\N,sonda de supuesto
2026-08-17T15:07:06Z,https://rapidmapping.emergency.copernicus.eu/backend/dashboard-api/public-activations/?code=EMSR916,200,168c0f8276380024f92a7f51014f4405b9614756477c198587317740d8d6437c,41783,\N,sonda de supuesto
2026-08-17T15:07:07Z,https://rapidmapping.emergency.copernicus.eu/backend/dashboard-api/public-activations/?code=EMSR916,200,168c0f8276380024f92a7f51014f4405b9614756477c198587317740d8d6437c,41783,\N,sonda de supuesto
2026-08-17T15:07:08Z,https://chatmap.hotosm.org/api/v1/map/89319bbb-a14a-4dfd-b9a1-c83b8b55785f,200,153c7cebee671e9e5c27d37bc38d4cfa48a49339177685155329c3574e116d14,193312,\N,sonda de supuesto
2026-08-17T15:07:08Z,https://earthquake.usgs.gov/fdsnws/event/1/query?eventid=us6000tjl2&format=geojson,200,1d42c221ea6de75ec98e6a936b37fa2c5b39d9a501d73a59002af82d55bce6c0,67044,\N,sonda de supuesto
2026-08-17T15:07:11Z,https://www.gdacs.org/gdacsapi/api/emm/getemmnewsbykey?eventtype=EQ&eventid=1557236,200,4105c96a1fe93cc866639fdb9edfbceefa91f7e4102ff28a54bb3bdc78158365,1832696,\N,sonda de supuesto
2026-08-17T15:07:12Z,https://services2.arcgis.com/YVLx8xYoDXKccDfJ/arcgis/rest/services/REGISTRO_DE_EMERGENCIAS_EN_COLOMBIA/FeatureServer/0/query?where=1%3D1&f=json&resultRecordCount=1&outFields=MUERTOS%2CVIV_DESTRU%2CMUNICIPIO,200,3ef63243668bc2e5a8f8bcab749740625edf1fe451ff82e7c01ba5360471d382,792,\N,sonda de supuesto
2026-08-17T15:07:12Z,https://www.datos.gov.co/resource/wwkg-r6te.json?%24select=max%28fecha%29,200,9e69438b2fabe535e37608812d936a433f81bc015a63069d8b9bfb9b24644dfa,42,\N,sonda de supuesto
2026-08-17T15:07:16Z,https://rud.gestiondelriesgo.gov.co/home/json.php?temp=2026T,200,64885506bdecd1fda8df4e6bfd0a145803b2db4183871b593e9a5965746399f0,17399,\N,sonda de supuesto
2026-08-17T15:08:25Z,https://rapidmapping.emergency.copernicus.eu/backend/dashboard-api/public-activations/,200,1fee0691a0e23855c9e78aacbc91a2890a8f33a7d9470d4423b108672df8df72,49,\N,sonda de supuesto
2026-08-17T15:08:25Z,https://rapidmapping.emergency.copernicus.eu/backend/dashboard-api/public-activations/?code=EMSR916,200,168c0f8276380024f92a7f51014f4405b9614756477c198587317740d8d6437c,41783,\N,sonda de supuesto
2026-08-17T15:08:25Z,https://rapidmapping.emergency.copernicus.eu/backend/dashboard-api/public-activations/?code=EMSR700,403,dbff0849bc109eee7f9b7b1fe12e40fc8add21823b2f1fb600b37f620cbd7862,58,\N,sonda de supuesto
2026-08-17T15:08:26Z,https://rapidmapping.emergency.copernicus.eu/backend/dashboard-api/public-activations/?code=EMSR916,200,168c0f8276380024f92a7f51014f4405b9614756477c198587317740d8d6437c,41783,\N,sonda de supuesto
2026-08-17T15:08:26Z,https://rapidmapping.emergency.copernicus.eu/backend/dashboard-api/public-activations/?code=EMSR916,200,168c0f8276380024f92a7f51014f4405b9614756477c198587317740d8d6437c,41783,\N,sonda de supuesto
2026-08-17T15:08:27Z,https://chatmap.hotosm.org/api/v1/map/89319bbb-a14a-4dfd-b9a1-c83b8b55785f,200,153c7cebee671e9e5c27d37bc38d4cfa48a49339177685155329c3574e116d14,193312,\N,sonda de supuesto
2026-08-17T15:08:27Z,https://earthquake.usgs.gov/fdsnws/event/1/query?eventid=us6000tjl2&format=geojson,200,1d42c221ea6de75ec98e6a936b37fa2c5b39d9a501d73a59002af82d55bce6c0,67044,\N,sonda de supuesto
2026-08-17T15:08:30Z,https://www.gdacs.org/gdacsapi/api/emm/getemmnewsbykey?eventtype=EQ&eventid=1557236,200,4105c96a1fe93cc866639fdb9edfbceefa91f7e4102ff28a54bb3bdc78158365,1832696,\N,sonda de supuesto
2026-08-17T15:08:30Z,https://services2.arcgis.com/YVLx8xYoDXKccDfJ/arcgis/rest/services/REGISTRO_DE_EMERGENCIAS_EN_COLOMBIA/FeatureServer/0/query?where=1%3D1&f=json&resultRecordCount=1&outFields=MUERTOS%2CVIV_DESTRU%2CMUNICIPIO,200,3ef63243668bc2e5a8f8bcab749740625edf1fe451ff82e7c01ba5360471d382,792,\N,sonda de supuesto
2026-08-17T15:08:31Z,https://www.datos.gov.co/resource/wwkg-r6te.json?%24select=max%28fecha%29,200,9e69438b2fabe535e37608812d936a433f81bc015a63069d8b9bfb9b24644dfa,42,\N,sonda de supuesto
2026-08-17T15:08:33Z,https://rud.gestiondelriesgo.gov.co/home/json.php?temp=2026T,200,6f93d55dcb71921355cc77ac670eb18fe24e277c0192a2411fcc1808b5d4756e,17399,\N,sonda de supuesto
2026-08-17T15:12:46Z,https://rapidmapping.emergency.copernicus.eu/backend/dashboard-api/public-activations/,200,1fee0691a0e23855c9e78aacbc91a2890a8f33a7d9470d4423b108672df8df72,49,\N,sonda de supuesto
2026-08-17T15:12:47Z,https://rapidmapping.emergency.copernicus.eu/backend/dashboard-api/public-activations/?code=EMSR916,200,168c0f8276380024f92a7f51014f4405b9614756477c198587317740d8d6437c,41783,\N,sonda de supuesto
2026-08-17T15:12:47Z,https://rapidmapping.emergency.copernicus.eu/backend/dashboard-api/public-activations/?code=EMSR700,403,dbff0849bc109eee7f9b7b1fe12e40fc8add21823b2f1fb600b37f620cbd7862,58,\N,sonda de supuesto
2026-08-17T15:12:47Z,https://rapidmapping.emergency.copernicus.eu/backend/dashboard-api/public-activations/?code=EMSR916,200,168c0f8276380024f92a7f51014f4405b9614756477c198587317740d8d6437c,41783,\N,sonda de supuesto
2026-08-17T15:12:48Z,https://rapidmapping.emergency.copernicus.eu/backend/dashboard-api/public-activations/?code=EMSR916,200,168c0f8276380024f92a7f51014f4405b9614756477c198587317740d8d6437c,41783,\N,sonda de supuesto
2026-08-17T15:12:49Z,https://chatmap.hotosm.org/api/v1/map/89319bbb-a14a-4dfd-b9a1-c83b8b55785f,200,153c7cebee671e9e5c27d37bc38d4cfa48a49339177685155329c3574e116d14,193312,\N,sonda de supuesto
2026-08-17T15:12:49Z,https://earthquake.usgs.gov/fdsnws/event/1/query?eventid=us6000tjl2&format=geojson,200,1d42c221ea6de75ec98e6a936b37fa2c5b39d9a501d73a59002af82d55bce6c0,67044,\N,sonda de supuesto
2026-08-17T15:12:52Z,https://www.gdacs.org/gdacsapi/api/emm/getemmnewsbykey?eventtype=EQ&eventid=1557236,200,4105c96a1fe93cc866639fdb9edfbceefa91f7e4102ff28a54bb3bdc78158365,1832696,\N,sonda de supuesto
2026-08-17T15:12:53Z,https://services2.arcgis.com/YVLx8xYoDXKccDfJ/arcgis/rest/services/REGISTRO_DE_EMERGENCIAS_EN_COLOMBIA/FeatureServer/0/query?where=1%3D1&f=json&resultRecordCount=1&outFields=MUERTOS%2CVIV_DESTRU%2CMUNICIPIO,200,3ef63243668bc2e5a8f8bcab749740625edf1fe451ff82e7c01ba5360471d382,792,\N,sonda de supuesto
2026-08-17T15:12:55Z,https://www.datos.gov.co/resource/wwkg-r6te.json?%24select=max%28fecha%29,200,9e69438b2fabe535e37608812d936a433f81bc015a63069d8b9bfb9b24644dfa,42,\N,sonda de supuesto
2026-08-17T15:12:58Z,https://rud.gestiondelriesgo.gov.co/home/json.php?temp=2026T,200,0ccf69f41328c220c3ffff0ae9a8813031bd7c285afbae53c6014eadad8d78c4,17600,\N,sonda de supuesto
2026-08-17T15:13:19Z,https://rapidmapping.emergency.copernicus.eu/backend/dashboard-api/public-activations/,200,1fee0691a0e23855c9e78aacbc91a2890a8f33a7d9470d4423b108672df8df72,49,\N,sonda de supuesto
2026-08-17T15:13:19Z,https://rapidmapping.emergency.copernicus.eu/backend/dashboard-api/public-activations/?code=EMSR916,200,168c0f8276380024f92a7f51014f4405b9614756477c198587317740d8d6437c,41783,\N,sonda de supuesto
2026-08-17T15:13:19Z,https://rapidmapping.emergency.copernicus.eu/backend/dashboard-api/public-activations/?code=EMSR700,403,dbff0849bc109eee7f9b7b1fe12e40fc8add21823b2f1fb600b37f620cbd7862,58,\N,sonda de supuesto
2026-08-17T15:13:20Z,https://rapidmapping.emergency.copernicus.eu/backend/dashboard-api/public-activations/?code=EMSR916,200,168c0f8276380024f92a7f51014f4405b9614756477c198587317740d8d6437c,41783,\N,sonda de supuesto
2026-08-17T15:13:20Z,https://rapidmapping.emergency.copernicus.eu/backend/dashboard-api/public-activations/?code=EMSR916,200,168c0f8276380024f92a7f51014f4405b9614756477c198587317740d8d6437c,41783,\N,sonda de supuesto
2026-08-17T15:13:21Z,https://chatmap.hotosm.org/api/v1/map/89319bbb-a14a-4dfd-b9a1-c83b8b55785f,200,153c7cebee671e9e5c27d37bc38d4cfa48a49339177685155329c3574e116d14,193312,\N,sonda de supuesto
2026-08-17T15:13:21Z,https://earthquake.usgs.gov/fdsnws/event/1/query?eventid=us6000tjl2&format=geojson,200,1d42c221ea6de75ec98e6a936b37fa2c5b39d9a501d73a59002af82d55bce6c0,67044,\N,sonda de supuesto
2026-08-17T15:13:23Z,https://www.gdacs.org/gdacsapi/api/emm/getemmnewsbykey?eventtype=EQ&eventid=1557236,200,045a0f3be27e9c741367ebee2385bb3adc506b6986797ae9044ac631ead94342,1832696,\N,sonda de supuesto
2026-08-17T15:13:24Z,https://services2.arcgis.com/YVLx8xYoDXKccDfJ/arcgis/rest/services/REGISTRO_DE_EMERGENCIAS_EN_COLOMBIA/FeatureServer/0/query?where=1%3D1&f=json&resultRecordCount=1&outFields=MUERTOS%2CVIV_DESTRU%2CMUNICIPIO,200,3ef63243668bc2e5a8f8bcab749740625edf1fe451ff82e7c01ba5360471d382,792,\N,sonda de supuesto
2026-08-17T15:13:24Z,https://www.datos.gov.co/resource/wwkg-r6te.json?%24select=max%28fecha%29,200,9e69438b2fabe535e37608812d936a433f81bc015a63069d8b9bfb9b24644dfa,42,\N,sonda de supuesto
2026-08-17T15:13:27Z,https://rud.gestiondelriesgo.gov.co/home/json.php?temp=2026T,200,2a194400ff127219f3aafd92cb80ebc963069fa1e6ba6dc21d90d3032c46115b,17600,\N,sonda de supuesto
2026-08-17T15:15:34Z,https://rapidmapping.emergency.copernicus.eu/backend/dashboard-api/public-activations/,200,1fee0691a0e23855c9e78aacbc91a2890a8f33a7d9470d4423b108672df8df72,49,\N,sonda de supuesto
2026-08-17T15:15:34Z,https://rapidmapping.emergency.copernicus.eu/backend/dashboard-api/public-activations/?code=EMSR916,200,168c0f8276380024f92a7f51014f4405b9614756477c198587317740d8d6437c,41783,\N,sonda de supuesto
2026-08-17T15:15:34Z,https://rapidmapping.emergency.copernicus.eu/backend/dashboard-api/public-activations/?code=EMSR700,403,dbff0849bc109eee7f9b7b1fe12e40fc8add21823b2f1fb600b37f620cbd7862,58,\N,sonda de supuesto
2026-08-17T15:15:34Z,https://rapidmapping.emergency.copernicus.eu/backend/dashboard-api/public-activations/?code=EMSR916,200,168c0f8276380024f92a7f51014f4405b9614756477c198587317740d8d6437c,41783,\N,sonda de supuesto
2026-08-17T15:15:35Z,https://rapidmapping.emergency.copernicus.eu/backend/dashboard-api/public-activations/?code=EMSR916,200,168c0f8276380024f92a7f51014f4405b9614756477c198587317740d8d6437c,41783,\N,sonda de supuesto
2026-08-17T15:15:36Z,https://chatmap.hotosm.org/api/v1/map/89319bbb-a14a-4dfd-b9a1-c83b8b55785f,200,153c7cebee671e9e5c27d37bc38d4cfa48a49339177685155329c3574e116d14,193312,\N,sonda de supuesto
2026-08-17T15:15:36Z,https://earthquake.usgs.gov/fdsnws/event/1/query?eventid=us6000tjl2&format=geojson,200,1d42c221ea6de75ec98e6a936b37fa2c5b39d9a501d73a59002af82d55bce6c0,67044,\N,sonda de supuesto
2026-08-17T15:15:52Z,https://www.gdacs.org/gdacsapi/api/emm/getemmnewsbykey?eventtype=EQ&eventid=1557236,200,4105c96a1fe93cc866639fdb9edfbceefa91f7e4102ff28a54bb3bdc78158365,1832696,\N,sonda de supuesto
2026-08-17T15:15:52Z,https://services2.arcgis.com/YVLx8xYoDXKccDfJ/arcgis/rest/services/REGISTRO_DE_EMERGENCIAS_EN_COLOMBIA/FeatureServer/0/query?where=1%3D1&f=json&resultRecordCount=1&outFields=MUERTOS%2CVIV_DESTRU%2CMUNICIPIO,200,3ef63243668bc2e5a8f8bcab749740625edf1fe451ff82e7c01ba5360471d382,792,\N,sonda de supuesto
2026-08-17T15:15:53Z,https://www.datos.gov.co/resource/wwkg-r6te.json?%24select=max%28fecha%29,200,9e69438b2fabe535e37608812d936a433f81bc015a63069d8b9bfb9b24644dfa,42,\N,sonda de supuesto
2026-08-17T15:15:57Z,https://rud.gestiondelriesgo.gov.co/home/json.php?temp=2026T,200,10814d3cf1a6b2ed9c69a0a8c2ef89dfdca0cb960a2ca49c1657c0d1d5c51bd0,17600,\N,sonda de supuesto
2026-08-17T15:16:04Z,https://rapidmapping.emergency.copernicus.eu/backend/dashboard-api/public-activations/,200,1fee0691a0e23855c9e78aacbc91a2890a8f33a7d9470d4423b108672df8df72,49,\N,sonda de supuesto
2026-08-17T15:16:05Z,https://rapidmapping.emergency.copernicus.eu/backend/dashboard-api/public-activations/?code=EMSR916,200,168c0f8276380024f92a7f51014f4405b9614756477c198587317740d8d6437c,41783,\N,sonda de supuesto
2026-08-17T15:16:05Z,https://rapidmapping.emergency.copernicus.eu/backend/dashboard-api/public-activations/?code=EMSR700,403,dbff0849bc109eee7f9b7b1fe12e40fc8add21823b2f1fb600b37f620cbd7862,58,\N,sonda de supuesto
2026-08-17T15:16:05Z,https://rapidmapping.emergency.copernicus.eu/backend/dashboard-api/public-activations/?code=EMSR916,200,168c0f8276380024f92a7f51014f4405b9614756477c198587317740d8d6437c,41783,\N,sonda de supuesto
2026-08-17T15:16:06Z,https://rapidmapping.emergency.copernicus.eu/backend/dashboard-api/public-activations/?code=EMSR916,200,168c0f8276380024f92a7f51014f4405b9614756477c198587317740d8d6437c,41783,\N,sonda de supuesto
2026-08-17T15:16:07Z,https://chatmap.hotosm.org/api/v1/map/89319bbb-a14a-4dfd-b9a1-c83b8b55785f,200,153c7cebee671e9e5c27d37bc38d4cfa48a49339177685155329c3574e116d14,193312,\N,sonda de supuesto
2026-08-17T15:16:07Z,https://earthquake.usgs.gov/fdsnws/event/1/query?eventid=us6000tjl2&format=geojson,200,1d42c221ea6de75ec98e6a936b37fa2c5b39d9a501d73a59002af82d55bce6c0,67044,\N,sonda de supuesto
2026-08-17T15:16:11Z,https://www.gdacs.org/gdacsapi/api/emm/getemmnewsbykey?eventtype=EQ&eventid=1557236,200,4105c96a1fe93cc866639fdb9edfbceefa91f7e4102ff28a54bb3bdc78158365,1832696,\N,sonda de supuesto
2026-08-17T15:16:11Z,https://services2.arcgis.com/YVLx8xYoDXKccDfJ/arcgis/rest/services/REGISTRO_DE_EMERGENCIAS_EN_COLOMBIA/FeatureServer/0/query?where=1%3D1&f=json&resultRecordCount=1&outFields=MUERTOS%2CVIV_DESTRU%2CMUNICIPIO,200,3ef63243668bc2e5a8f8bcab749740625edf1fe451ff82e7c01ba5360471d382,792,\N,sonda de supuesto
2026-08-17T15:16:12Z,https://www.datos.gov.co/resource/wwkg-r6te.json?%24select=max%28fecha%29,200,9e69438b2fabe535e37608812d936a433f81bc015a63069d8b9bfb9b24644dfa,42,\N,sonda de supuesto
2026-08-17T15:16:16Z,https://rud.gestiondelriesgo.gov.co/home/json.php?temp=2026T,200,0d5dcab4d60da874c9f0c6d75c3cc6920d8cfa764e207be5f4f23b6eae11e8e5,17600,\N,sonda de supuesto
2026-08-17T15:16:39Z,https://rapidmapping.emergency.copernicus.eu/backend/dashboard-api/public-activations/,200,1fee0691a0e23855c9e78aacbc91a2890a8f33a7d9470d4423b108672df8df72,49,\N,sonda de supuesto
2026-08-17T15:16:39Z,https://rapidmapping.emergency.copernicus.eu/backend/dashboard-api/public-activations/?code=EMSR916,200,168c0f8276380024f92a7f51014f4405b9614756477c198587317740d8d6437c,41783,\N,sonda de supuesto
2026-08-17T15:16:39Z,https://rapidmapping.emergency.copernicus.eu/backend/dashboard-api/public-activations/?code=EMSR700,403,dbff0849bc109eee7f9b7b1fe12e40fc8add21823b2f1fb600b37f620cbd7862,58,\N,sonda de supuesto
2026-08-17T15:16:40Z,https://rapidmapping.emergency.copernicus.eu/backend/dashboard-api/public-activations/?code=EMSR916,200,168c0f8276380024f92a7f51014f4405b9614756477c198587317740d8d6437c,41783,\N,sonda de supuesto
2026-08-17T15:16:40Z,https://rapidmapping.emergency.copernicus.eu/backend/dashboard-api/public-activations/?code=EMSR916,200,168c0f8276380024f92a7f51014f4405b9614756477c198587317740d8d6437c,41783,\N,sonda de supuesto
2026-08-17T15:16:41Z,https://chatmap.hotosm.org/api/v1/map/89319bbb-a14a-4dfd-b9a1-c83b8b55785f,200,153c7cebee671e9e5c27d37bc38d4cfa48a49339177685155329c3574e116d14,193312,\N,sonda de supuesto
2026-08-17T15:16:41Z,https://earthquake.usgs.gov/fdsnws/event/1/query?eventid=us6000tjl2&format=geojson,200,1d42c221ea6de75ec98e6a936b37fa2c5b39d9a501d73a59002af82d55bce6c0,67044,\N,sonda de supuesto
2026-08-17T15:16:44Z,https://www.gdacs.org/gdacsapi/api/emm/getemmnewsbykey?eventtype=EQ&eventid=1557236,200,4105c96a1fe93cc866639fdb9edfbceefa91f7e4102ff28a54bb3bdc78158365,1832696,\N,sonda de supuesto
2026-08-17T15:16:45Z,https://services2.arcgis.com/YVLx8xYoDXKccDfJ/arcgis/rest/services/REGISTRO_DE_EMERGENCIAS_EN_COLOMBIA/FeatureServer/0/query?where=1%3D1&f=json&resultRecordCount=1&outFields=MUERTOS%2CVIV_DESTRU%2CMUNICIPIO,200,3ef63243668bc2e5a8f8bcab749740625edf1fe451ff82e7c01ba5360471d382,792,\N,sonda de supuesto
2026-08-17T15:16:46Z,https://www.datos.gov.co/resource/wwkg-r6te.json?%24select=max%28fecha%29,200,9e69438b2fabe535e37608812d936a433f81bc015a63069d8b9bfb9b24644dfa,42,\N,sonda de supuesto
2026-08-17T15:16:49Z,https://rud.gestiondelriesgo.gov.co/home/json.php?temp=2026T,200,2ecd668a0514ec71c078ae15de86f2323eff582a9829dac2bb529a1688990a90,17600,\N,sonda de supuesto
2026-08-17T15:17:11Z,https://rapidmapping.emergency.copernicus.eu/backend/dashboard-api/public-activations/,200,1fee0691a0e23855c9e78aacbc91a2890a8f33a7d9470d4423b108672df8df72,49,\N,sonda de supuesto
2026-08-17T15:17:11Z,https://rapidmapping.emergency.copernicus.eu/backend/dashboard-api/public-activations/?code=EMSR916,200,168c0f8276380024f92a7f51014f4405b9614756477c198587317740d8d6437c,41783,\N,sonda de supuesto
2026-08-17T15:17:12Z,https://rapidmapping.emergency.copernicus.eu/backend/dashboard-api/public-activations/?code=EMSR700,403,dbff0849bc109eee7f9b7b1fe12e40fc8add21823b2f1fb600b37f620cbd7862,58,\N,sonda de supuesto
2026-08-17T15:17:12Z,https://rapidmapping.emergency.copernicus.eu/backend/dashboard-api/public-activations/?code=EMSR916,200,168c0f8276380024f92a7f51014f4405b9614756477c198587317740d8d6437c,41783,\N,sonda de supuesto
2026-08-17T15:17:12Z,https://rapidmapping.emergency.copernicus.eu/backend/dashboard-api/public-activations/?code=EMSR916,200,168c0f8276380024f92a7f51014f4405b9614756477c198587317740d8d6437c,41783,\N,sonda de supuesto
2026-08-17T15:17:13Z,https://chatmap.hotosm.org/api/v1/map/89319bbb-a14a-4dfd-b9a1-c83b8b55785f,200,153c7cebee671e9e5c27d37bc38d4cfa48a49339177685155329c3574e116d14,193312,\N,sonda de supuesto
2026-08-17T15:17:13Z,https://earthquake.usgs.gov/fdsnws/event/1/query?eventid=us6000tjl2&format=geojson,200,1d42c221ea6de75ec98e6a936b37fa2c5b39d9a501d73a59002af82d55bce6c0,67044,\N,sonda de supuesto
2026-08-17T15:17:16Z,https://www.gdacs.org/gdacsapi/api/emm/getemmnewsbykey?eventtype=EQ&eventid=1557236,200,4105c96a1fe93cc866639fdb9edfbceefa91f7e4102ff28a54bb3bdc78158365,1832696,\N,sonda de supuesto
2026-08-17T15:17:17Z,https://services2.arcgis.com/YVLx8xYoDXKccDfJ/arcgis/rest/services/REGISTRO_DE_EMERGENCIAS_EN_COLOMBIA/FeatureServer/0/query?where=1%3D1&f=json&resultRecordCount=1&outFields=MUERTOS%2CVIV_DESTRU%2CMUNICIPIO,200,3ef63243668bc2e5a8f8bcab749740625edf1fe451ff82e7c01ba5360471d382,792,\N,sonda de supuesto
2026-08-17T15:17:17Z,https://www.datos.gov.co/resource/wwkg-r6te.json?%24select=max%28fecha%29,200,9e69438b2fabe535e37608812d936a433f81bc015a63069d8b9bfb9b24644dfa,42,\N,sonda de supuesto
2026-08-17T15:17:20Z,https://rud.gestiondelriesgo.gov.co/home/json.php?temp=2026T,200,fce966bcb98bc263ac222c5c7e248730dc5974ec889a6a9f74cb6ab4527fd723,17600,\N,sonda de supuesto
2026-08-17T15:17:40Z,https://rapidmapping.emergency.copernicus.eu/backend/dashboard-api/public-activations/,200,1fee0691a0e23855c9e78aacbc91a2890a8f33a7d9470d4423b108672df8df72,49,\N,sonda de supuesto
2026-08-17T15:17:40Z,https://rapidmapping.emergency.copernicus.eu/backend/dashboard-api/public-activations/?code=EMSR916,200,168c0f8276380024f92a7f51014f4405b9614756477c198587317740d8d6437c,41783,\N,sonda de supuesto
2026-08-17T15:17:40Z,https://rapidmapping.emergency.copernicus.eu/backend/dashboard-api/public-activations/?code=EMSR700,403,dbff0849bc109eee7f9b7b1fe12e40fc8add21823b2f1fb600b37f620cbd7862,58,\N,sonda de supuesto
2026-08-17T15:17:41Z,https://rapidmapping.emergency.copernicus.eu/backend/dashboard-api/public-activations/?code=EMSR916,200,168c0f8276380024f92a7f51014f4405b9614756477c198587317740d8d6437c,41783,\N,sonda de supuesto
2026-08-17T15:17:41Z,https://rapidmapping.emergency.copernicus.eu/backend/dashboard-api/public-activations/?code=EMSR916,200,168c0f8276380024f92a7f51014f4405b9614756477c198587317740d8d6437c,41783,\N,sonda de supuesto
2026-08-17T15:17:42Z,https://chatmap.hotosm.org/api/v1/map/89319bbb-a14a-4dfd-b9a1-c83b8b55785f,200,153c7cebee671e9e5c27d37bc38d4cfa48a49339177685155329c3574e116d14,193312,\N,sonda de supuesto
2026-08-17T15:17:42Z,https://earthquake.usgs.gov/fdsnws/event/1/query?eventid=us6000tjl2&format=geojson,200,1d42c221ea6de75ec98e6a936b37fa2c5b39d9a501d73a59002af82d55bce6c0,67044,\N,sonda de supuesto
2026-08-17T15:17:45Z,https://www.gdacs.org/gdacsapi/api/emm/getemmnewsbykey?eventtype=EQ&eventid=1557236,200,4105c96a1fe93cc866639fdb9edfbceefa91f7e4102ff28a54bb3bdc78158365,1832696,\N,sonda de supuesto
2026-08-17T15:17:45Z,https://services2.arcgis.com/YVLx8xYoDXKccDfJ/arcgis/rest/services/REGISTRO_DE_EMERGENCIAS_EN_COLOMBIA/FeatureServer/0/query?where=1%3D1&f=json&resultRecordCount=1&outFields=MUERTOS%2CVIV_DESTRU%2CMUNICIPIO,200,3ef63243668bc2e5a8f8bcab749740625edf1fe451ff82e7c01ba5360471d382,792,\N,sonda de supuesto
2026-08-17T15:17:46Z,https://www.datos.gov.co/resource/wwkg-r6te.json?%24select=max%28fecha%29,200,9e69438b2fabe535e37608812d936a433f81bc015a63069d8b9bfb9b24644dfa,42,\N,sonda de supuesto
2026-08-17T15:17:49Z,https://rud.gestiondelriesgo.gov.co/home/json.php?temp=2026T,200,114c5031ca1f0e53a0c2dbad3c8f4b5ffac5da20835ec639eb5b909486944550,17600,\N,sonda de supuesto
2026-08-17T15:19:05Z,https://rapidmapping.emergency.copernicus.eu/backend/dashboard-api/public-activations/,200,1fee0691a0e23855c9e78aacbc91a2890a8f33a7d9470d4423b108672df8df72,49,\N,sonda de supuesto
2026-08-17T15:19:05Z,https://rapidmapping.emergency.copernicus.eu/backend/dashboard-api/public-activations/?code=EMSR916,200,168c0f8276380024f92a7f51014f4405b9614756477c198587317740d8d6437c,41783,\N,sonda de supuesto
2026-08-17T15:19:06Z,https://rapidmapping.emergency.copernicus.eu/backend/dashboard-api/public-activations/?code=EMSR700,403,dbff0849bc109eee7f9b7b1fe12e40fc8add21823b2f1fb600b37f620cbd7862,58,\N,sonda de supuesto
2026-08-17T15:19:06Z,https://rapidmapping.emergency.copernicus.eu/backend/dashboard-api/public-activations/?code=EMSR916,200,168c0f8276380024f92a7f51014f4405b9614756477c198587317740d8d6437c,41783,\N,sonda de supuesto
2026-08-17T15:19:06Z,https://rapidmapping.emergency.copernicus.eu/backend/dashboard-api/public-activations/?code=EMSR916,200,168c0f8276380024f92a7f51014f4405b9614756477c198587317740d8d6437c,41783,\N,sonda de supuesto
2026-08-17T15:19:07Z,https://chatmap.hotosm.org/api/v1/map/89319bbb-a14a-4dfd-b9a1-c83b8b55785f,200,153c7cebee671e9e5c27d37bc38d4cfa48a49339177685155329c3574e116d14,193312,\N,sonda de supuesto
2026-08-17T15:19:08Z,https://earthquake.usgs.gov/fdsnws/event/1/query?eventid=us6000tjl2&format=geojson,200,1d42c221ea6de75ec98e6a936b37fa2c5b39d9a501d73a59002af82d55bce6c0,67044,\N,sonda de supuesto
2026-08-17T15:19:12Z,https://www.gdacs.org/gdacsapi/api/emm/getemmnewsbykey?eventtype=EQ&eventid=1557236,200,4105c96a1fe93cc866639fdb9edfbceefa91f7e4102ff28a54bb3bdc78158365,1832696,\N,sonda de supuesto
2026-08-17T15:19:13Z,https://services2.arcgis.com/YVLx8xYoDXKccDfJ/arcgis/rest/services/REGISTRO_DE_EMERGENCIAS_EN_COLOMBIA/FeatureServer/0/query?where=1%3D1&f=json&resultRecordCount=1&outFields=MUERTOS%2CVIV_DESTRU%2CMUNICIPIO,200,3ef63243668bc2e5a8f8bcab749740625edf1fe451ff82e7c01ba5360471d382,792,\N,sonda de supuesto
2026-08-17T15:19:13Z,https://www.datos.gov.co/resource/wwkg-r6te.json?%24select=max%28fecha%29,200,9e69438b2fabe535e37608812d936a433f81bc015a63069d8b9bfb9b24644dfa,42,\N,sonda de supuesto
2026-08-17T15:19:17Z,https://rud.gestiondelriesgo.gov.co/home/json.php?temp=2026T,200,8b3f008caddcb672b02cd04f5bb5ad84be81fc5db616fb0ac108b3ac7663ef9f,17600,\N,sonda de supuesto
2026-08-17T15:20:51Z,https://rapidmapping.emergency.copernicus.eu/backend/dashboard-api/public-activations/,200,1fee0691a0e23855c9e78aacbc91a2890a8f33a7d9470d4423b108672df8df72,49,\N,sonda de supuesto
2026-08-17T15:20:51Z,https://rapidmapping.emergency.copernicus.eu/backend/dashboard-api/public-activations/?code=EMSR916,200,168c0f8276380024f92a7f51014f4405b9614756477c198587317740d8d6437c,41783,\N,sonda de supuesto
2026-08-17T15:20:51Z,https://rapidmapping.emergency.copernicus.eu/backend/dashboard-api/public-activations/?code=EMSR700,403,dbff0849bc109eee7f9b7b1fe12e40fc8add21823b2f1fb600b37f620cbd7862,58,\N,sonda de supuesto
2026-08-17T15:20:52Z,https://rapidmapping.emergency.copernicus.eu/backend/dashboard-api/public-activations/?code=EMSR916,200,168c0f8276380024f92a7f51014f4405b9614756477c198587317740d8d6437c,41783,\N,sonda de supuesto
2026-08-17T15:20:52Z,https://rapidmapping.emergency.copernicus.eu/backend/dashboard-api/public-activations/?code=EMSR916,200,168c0f8276380024f92a7f51014f4405b9614756477c198587317740d8d6437c,41783,\N,sonda de supuesto
2026-08-17T15:20:53Z,https://chatmap.hotosm.org/api/v1/map/89319bbb-a14a-4dfd-b9a1-c83b8b55785f,200,153c7cebee671e9e5c27d37bc38d4cfa48a49339177685155329c3574e116d14,193312,\N,sonda de supuesto
2026-08-17T15:20:53Z,https://earthquake.usgs.gov/fdsnws/event/1/query?eventid=us6000tjl2&format=geojson,200,1d42c221ea6de75ec98e6a936b37fa2c5b39d9a501d73a59002af82d55bce6c0,67044,\N,sonda de supuesto
2026-08-17T15:21:22Z,https://www.gdacs.org/gdacsapi/api/emm/getemmnewsbykey?eventtype=EQ&eventid=1557236,200,4105c96a1fe93cc866639fdb9edfbceefa91f7e4102ff28a54bb3bdc78158365,1832696,\N,sonda de supuesto
2026-08-17T15:21:23Z,https://services2.arcgis.com/YVLx8xYoDXKccDfJ/arcgis/rest/services/REGISTRO_DE_EMERGENCIAS_EN_COLOMBIA/FeatureServer/0/query?where=1%3D1&f=json&resultRecordCount=1&outFields=MUERTOS%2CVIV_DESTRU%2CMUNICIPIO,200,3ef63243668bc2e5a8f8bcab749740625edf1fe451ff82e7c01ba5360471d382,792,\N,sonda de supuesto
2026-08-17T15:21:24Z,https://www.datos.gov.co/resource/wwkg-r6te.json?%24select=max%28fecha%29,200,9e69438b2fabe535e37608812d936a433f81bc015a63069d8b9bfb9b24644dfa,42,\N,sonda de supuesto
2026-08-17T15:21:27Z,https://rud.gestiondelriesgo.gov.co/home/json.php?temp=2026T,200,1263e8bcb2ed73b85e8bb46f4c54a0cc450929d89416cca97485251f079b6d49,17601,\N,sonda de supuesto
2026-08-17T15:32:16Z,https://rapidmapping.emergency.copernicus.eu/backend/dashboard-api/public-activations/,200,1fee0691a0e23855c9e78aacbc91a2890a8f33a7d9470d4423b108672df8df72,49,\N,sonda de supuesto
2026-08-17T15:32:17Z,https://rapidmapping.emergency.copernicus.eu/backend/dashboard-api/public-activations/?code=EMSR916,200,168c0f8276380024f92a7f51014f4405b9614756477c198587317740d8d6437c,41783,\N,sonda de supuesto
2026-08-17T15:32:17Z,https://rapidmapping.emergency.copernicus.eu/backend/dashboard-api/public-activations/?code=EMSR700,403,dbff0849bc109eee7f9b7b1fe12e40fc8add21823b2f1fb600b37f620cbd7862,58,\N,sonda de supuesto
2026-08-17T15:32:17Z,https://rapidmapping.emergency.copernicus.eu/backend/dashboard-api/public-activations/?code=EMSR916,200,168c0f8276380024f92a7f51014f4405b9614756477c198587317740d8d6437c,41783,\N,sonda de supuesto
2026-08-17T15:32:18Z,https://rapidmapping.emergency.copernicus.eu/backend/dashboard-api/public-activations/?code=EMSR916,200,168c0f8276380024f92a7f51014f4405b9614756477c198587317740d8d6437c,41783,\N,sonda de supuesto
2026-08-17T15:32:19Z,https://chatmap.hotosm.org/api/v1/map/89319bbb-a14a-4dfd-b9a1-c83b8b55785f,200,153c7cebee671e9e5c27d37bc38d4cfa48a49339177685155329c3574e116d14,193312,\N,sonda de supuesto
2026-08-17T15:32:19Z,https://earthquake.usgs.gov/fdsnws/event/1/query?eventid=us6000tjl2&format=geojson,200,1d42c221ea6de75ec98e6a936b37fa2c5b39d9a501d73a59002af82d55bce6c0,67044,\N,sonda de supuesto
2026-08-17T15:32:24Z,https://www.gdacs.org/gdacsapi/api/emm/getemmnewsbykey?eventtype=EQ&eventid=1557236,200,4105c96a1fe93cc866639fdb9edfbceefa91f7e4102ff28a54bb3bdc78158365,1832696,\N,sonda de supuesto
2026-08-17T15:32:24Z,https://services2.arcgis.com/YVLx8xYoDXKccDfJ/arcgis/rest/services/REGISTRO_DE_EMERGENCIAS_EN_COLOMBIA/FeatureServer/0/query?where=1%3D1&f=json&resultRecordCount=1&outFields=MUERTOS%2CVIV_DESTRU%2CMUNICIPIO,200,3ef63243668bc2e5a8f8bcab749740625edf1fe451ff82e7c01ba5360471d382,792,\N,sonda de supuesto
2026-08-17T15:32:26Z,https://www.datos.gov.co/resource/wwkg-r6te.json?%24select=max%28fecha%29,200,9e69438b2fabe535e37608812d936a433f81bc015a63069d8b9bfb9b24644dfa,42,\N,sonda de supuesto
2026-08-17T15:32:29Z,https://rud.gestiondelriesgo.gov.co/home/json.php?temp=2026T,200,2599c8a8c0459fe77d41c78ca7c8dc297b03d3ffdeb8ea3760a5c1fa0ec0ff65,17603,\N,sonda de supuesto
2026-08-17T15:32:39Z,https://rapidmapping.emergency.copernicus.eu/backend/dashboard-api/public-activations/,200,1fee0691a0e23855c9e78aacbc91a2890a8f33a7d9470d4423b108672df8df72,49,\N,sonda de supuesto
2026-08-17T15:32:39Z,https://rapidmapping.emergency.copernicus.eu/backend/dashboard-api/public-activations/?code=EMSR916,200,168c0f8276380024f92a7f51014f4405b9614756477c198587317740d8d6437c,41783,\N,sonda de supuesto
2026-08-17T15:32:39Z,https://rapidmapping.emergency.copernicus.eu/backend/dashboard-api/public-activations/?code=EMSR700,403,dbff0849bc109eee7f9b7b1fe12e40fc8add21823b2f1fb600b37f620cbd7862,58,\N,sonda de supuesto
2026-08-17T15:32:40Z,https://rapidmapping.emergency.copernicus.eu/backend/dashboard-api/public-activations/?code=EMSR916,200,168c0f8276380024f92a7f51014f4405b9614756477c198587317740d8d6437c,41783,\N,sonda de supuesto
2026-08-17T15:32:40Z,https://rapidmapping.emergency.copernicus.eu/backend/dashboard-api/public-activations/?code=EMSR916,200,168c0f8276380024f92a7f51014f4405b9614756477c198587317740d8d6437c,41783,\N,sonda de supuesto
2026-08-17T15:32:41Z,https://chatmap.hotosm.org/api/v1/map/89319bbb-a14a-4dfd-b9a1-c83b8b55785f,200,153c7cebee671e9e5c27d37bc38d4cfa48a49339177685155329c3574e116d14,193312,\N,sonda de supuesto
2026-08-17T15:32:41Z,https://earthquake.usgs.gov/fdsnws/event/1/query?eventid=us6000tjl2&format=geojson,200,1d42c221ea6de75ec98e6a936b37fa2c5b39d9a501d73a59002af82d55bce6c0,67044,\N,sonda de supuesto
2026-08-17T15:32:45Z,https://www.gdacs.org/gdacsapi/api/emm/getemmnewsbykey?eventtype=EQ&eventid=1557236,200,4105c96a1fe93cc866639fdb9edfbceefa91f7e4102ff28a54bb3bdc78158365,1832696,\N,sonda de supuesto
2026-08-17T15:32:46Z,https://services2.arcgis.com/YVLx8xYoDXKccDfJ/arcgis/rest/services/REGISTRO_DE_EMERGENCIAS_EN_COLOMBIA/FeatureServer/0/query?where=1%3D1&f=json&resultRecordCount=1&outFields=MUERTOS%2CVIV_DESTRU%2CMUNICIPIO,200,3ef63243668bc2e5a8f8bcab749740625edf1fe451ff82e7c01ba5360471d382,792,\N,sonda de supuesto
2026-08-17T15:32:47Z,https://www.datos.gov.co/resource/wwkg-r6te.json?%24select=max%28fecha%29,200,9e69438b2fabe535e37608812d936a433f81bc015a63069d8b9bfb9b24644dfa,42,\N,sonda de supuesto
2026-08-17T15:32:50Z,https://rud.gestiondelriesgo.gov.co/home/json.php?temp=2026T,200,5cf321e659507a1462dd7613b0d46908f4a8c71a403254a951a2053de0f1c481,17603,\N,sonda de supuesto
2026-08-17T15:33:20Z,https://rapidmapping.emergency.copernicus.eu/backend/dashboard-api/public-activations/,200,1fee0691a0e23855c9e78aacbc91a2890a8f33a7d9470d4423b108672df8df72,49,\N,sonda de supuesto
2026-08-17T15:33:20Z,https://rapidmapping.emergency.copernicus.eu/backend/dashboard-api/public-activations/?code=EMSR916,200,168c0f8276380024f92a7f51014f4405b9614756477c198587317740d8d6437c,41783,\N,sonda de supuesto
2026-08-17T15:33:20Z,https://rapidmapping.emergency.copernicus.eu/backend/dashboard-api/public-activations/?code=EMSR700,403,dbff0849bc109eee7f9b7b1fe12e40fc8add21823b2f1fb600b37f620cbd7862,58,\N,sonda de supuesto
2026-08-17T15:33:21Z,https://rapidmapping.emergency.copernicus.eu/backend/dashboard-api/public-activations/?code=EMSR916,200,168c0f8276380024f92a7f51014f4405b9614756477c198587317740d8d6437c,41783,\N,sonda de supuesto
2026-08-17T15:33:21Z,https://rapidmapping.emergency.copernicus.eu/backend/dashboard-api/public-activations/?code=EMSR916,200,168c0f8276380024f92a7f51014f4405b9614756477c198587317740d8d6437c,41783,\N,sonda de supuesto
2026-08-17T15:33:22Z,https://chatmap.hotosm.org/api/v1/map/89319bbb-a14a-4dfd-b9a1-c83b8b55785f,200,153c7cebee671e9e5c27d37bc38d4cfa48a49339177685155329c3574e116d14,193312,\N,sonda de supuesto
2026-08-17T15:33:22Z,https://earthquake.usgs.gov/fdsnws/event/1/query?eventid=us6000tjl2&format=geojson,200,1d42c221ea6de75ec98e6a936b37fa2c5b39d9a501d73a59002af82d55bce6c0,67044,\N,sonda de supuesto
2026-08-17T15:33:25Z,https://www.gdacs.org/gdacsapi/api/emm/getemmnewsbykey?eventtype=EQ&eventid=1557236,200,4105c96a1fe93cc866639fdb9edfbceefa91f7e4102ff28a54bb3bdc78158365,1832696,\N,sonda de supuesto
2026-08-17T15:33:26Z,https://services2.arcgis.com/YVLx8xYoDXKccDfJ/arcgis/rest/services/REGISTRO_DE_EMERGENCIAS_EN_COLOMBIA/FeatureServer/0/query?where=1%3D1&f=json&resultRecordCount=1&outFields=MUERTOS%2CVIV_DESTRU%2CMUNICIPIO,200,3ef63243668bc2e5a8f8bcab749740625edf1fe451ff82e7c01ba5360471d382,792,\N,sonda de supuesto
2026-08-17T15:33:27Z,https://www.datos.gov.co/resource/wwkg-r6te.json?%24select=max%28fecha%29,200,9e69438b2fabe535e37608812d936a433f81bc015a63069d8b9bfb9b24644dfa,42,\N,sonda de supuesto
2026-08-17T15:33:31Z,https://rud.gestiondelriesgo.gov.co/home/json.php?temp=2026T,200,7d76b57d6c61467bf83c12871fbe442c35126e5b0bd4e46b38921351f873ab17,17603,\N,sonda de supuesto
2026-08-17T15:33:57Z,https://rapidmapping.emergency.copernicus.eu/backend/dashboard-api/public-activations/,200,1fee0691a0e23855c9e78aacbc91a2890a8f33a7d9470d4423b108672df8df72,49,\N,sonda de supuesto
2026-08-17T15:33:57Z,https://rapidmapping.emergency.copernicus.eu/backend/dashboard-api/public-activations/?code=EMSR916,200,168c0f8276380024f92a7f51014f4405b9614756477c198587317740d8d6437c,41783,\N,sonda de supuesto
2026-08-17T15:33:57Z,https://rapidmapping.emergency.copernicus.eu/backend/dashboard-api/public-activations/?code=EMSR700,403,dbff0849bc109eee7f9b7b1fe12e40fc8add21823b2f1fb600b37f620cbd7862,58,\N,sonda de supuesto
2026-08-17T15:33:58Z,https://rapidmapping.emergency.copernicus.eu/backend/dashboard-api/public-activations/?code=EMSR916,200,168c0f8276380024f92a7f51014f4405b9614756477c198587317740d8d6437c,41783,\N,sonda de supuesto
2026-08-17T15:33:58Z,https://rapidmapping.emergency.copernicus.eu/backend/dashboard-api/public-activations/?code=EMSR916,200,168c0f8276380024f92a7f51014f4405b9614756477c198587317740d8d6437c,41783,\N,sonda de supuesto
2026-08-17T15:33:59Z,https://chatmap.hotosm.org/api/v1/map/89319bbb-a14a-4dfd-b9a1-c83b8b55785f,200,153c7cebee671e9e5c27d37bc38d4cfa48a49339177685155329c3574e116d14,193312,\N,sonda de supuesto
2026-08-17T15:33:59Z,https://earthquake.usgs.gov/fdsnws/event/1/query?eventid=us6000tjl2&format=geojson,200,1d42c221ea6de75ec98e6a936b37fa2c5b39d9a501d73a59002af82d55bce6c0,67044,\N,sonda de supuesto
2026-08-17T15:34:02Z,https://www.gdacs.org/gdacsapi/api/emm/getemmnewsbykey?eventtype=EQ&eventid=1557236,200,045a0f3be27e9c741367ebee2385bb3adc506b6986797ae9044ac631ead94342,1832696,\N,sonda de supuesto
2026-08-17T15:34:02Z,https://services2.arcgis.com/YVLx8xYoDXKccDfJ/arcgis/rest/services/REGISTRO_DE_EMERGENCIAS_EN_COLOMBIA/FeatureServer/0/query?where=1%3D1&f=json&resultRecordCount=1&outFields=MUERTOS%2CVIV_DESTRU%2CMUNICIPIO,200,3ef63243668bc2e5a8f8bcab749740625edf1fe451ff82e7c01ba5360471d382,792,\N,sonda de supuesto
2026-08-17T15:34:03Z,https://www.datos.gov.co/resource/wwkg-r6te.json?%24select=max%28fecha%29,200,9e69438b2fabe535e37608812d936a433f81bc015a63069d8b9bfb9b24644dfa,42,\N,sonda de supuesto
2026-08-17T15:34:06Z,https://rud.gestiondelriesgo.gov.co/home/json.php?temp=2026T,200,dfe6c71a32a3f4cc31c475a4556da8875d6d6b804ebdec5cfcfdb106888464ec,17603,\N,sonda de supuesto
2026-08-17T15:35:36Z,https://rapidmapping.emergency.copernicus.eu/backend/dashboard-api/public-activations/,200,1fee0691a0e23855c9e78aacbc91a2890a8f33a7d9470d4423b108672df8df72,49,\N,sonda de supuesto
2026-08-17T15:35:36Z,https://rapidmapping.emergency.copernicus.eu/backend/dashboard-api/public-activations/?code=EMSR916,200,168c0f8276380024f92a7f51014f4405b9614756477c198587317740d8d6437c,41783,\N,sonda de supuesto
2026-08-17T15:35:36Z,https://rapidmapping.emergency.copernicus.eu/backend/dashboard-api/public-activations/?code=EMSR700,403,dbff0849bc109eee7f9b7b1fe12e40fc8add21823b2f1fb600b37f620cbd7862,58,\N,sonda de supuesto
2026-08-17T15:35:37Z,https://rapidmapping.emergency.copernicus.eu/backend/dashboard-api/public-activations/?code=EMSR916,200,168c0f8276380024f92a7f51014f4405b9614756477c198587317740d8d6437c,41783,\N,sonda de supuesto
2026-08-17T15:35:37Z,https://rapidmapping.emergency.copernicus.eu/backend/dashboard-api/public-activations/?code=EMSR916,200,168c0f8276380024f92a7f51014f4405b9614756477c198587317740d8d6437c,41783,\N,sonda de supuesto
2026-08-17T15:35:38Z,https://chatmap.hotosm.org/api/v1/map/89319bbb-a14a-4dfd-b9a1-c83b8b55785f,200,153c7cebee671e9e5c27d37bc38d4cfa48a49339177685155329c3574e116d14,193312,\N,sonda de supuesto
2026-08-17T15:35:38Z,https://earthquake.usgs.gov/fdsnws/event/1/query?eventid=us6000tjl2&format=geojson,200,1d42c221ea6de75ec98e6a936b37fa2c5b39d9a501d73a59002af82d55bce6c0,67044,\N,sonda de supuesto
2026-08-17T15:35:42Z,https://www.gdacs.org/gdacsapi/api/emm/getemmnewsbykey?eventtype=EQ&eventid=1557236,200,4105c96a1fe93cc866639fdb9edfbceefa91f7e4102ff28a54bb3bdc78158365,1832696,\N,sonda de supuesto
2026-08-17T15:35:43Z,https://services2.arcgis.com/YVLx8xYoDXKccDfJ/arcgis/rest/services/REGISTRO_DE_EMERGENCIAS_EN_COLOMBIA/FeatureServer/0/query?where=1%3D1&f=json&resultRecordCount=1&outFields=MUERTOS%2CVIV_DESTRU%2CMUNICIPIO,200,3ef63243668bc2e5a8f8bcab749740625edf1fe451ff82e7c01ba5360471d382,792,\N,sonda de supuesto
2026-08-17T15:35:43Z,https://www.datos.gov.co/resource/wwkg-r6te.json?%24select=max%28fecha%29,200,9e69438b2fabe535e37608812d936a433f81bc015a63069d8b9bfb9b24644dfa,42,\N,sonda de supuesto
2026-08-17T15:35:46Z,https://rud.gestiondelriesgo.gov.co/home/json.php?temp=2026T,200,8bb34ac6920924493ad42147f4f0aca46df939f236726627bc3127d4997eb58c,17603,\N,sonda de supuesto
2026-08-17T15:36:22Z,https://rapidmapping.emergency.copernicus.eu/backend/dashboard-api/public-activations/,200,1fee0691a0e23855c9e78aacbc91a2890a8f33a7d9470d4423b108672df8df72,49,\N,sonda de supuesto
2026-08-17T15:36:23Z,https://rapidmapping.emergency.copernicus.eu/backend/dashboard-api/public-activations/?code=EMSR916,200,168c0f8276380024f92a7f51014f4405b9614756477c198587317740d8d6437c,41783,\N,sonda de supuesto
2026-08-17T15:36:23Z,https://rapidmapping.emergency.copernicus.eu/backend/dashboard-api/public-activations/?code=EMSR700,403,dbff0849bc109eee7f9b7b1fe12e40fc8add21823b2f1fb600b37f620cbd7862,58,\N,sonda de supuesto
2026-08-17T15:36:23Z,https://rapidmapping.emergency.copernicus.eu/backend/dashboard-api/public-activations/?code=EMSR916,200,168c0f8276380024f92a7f51014f4405b9614756477c198587317740d8d6437c,41783,\N,sonda de supuesto
2026-08-17T15:36:24Z,https://rapidmapping.emergency.copernicus.eu/backend/dashboard-api/public-activations/?code=EMSR916,200,168c0f8276380024f92a7f51014f4405b9614756477c198587317740d8d6437c,41783,\N,sonda de supuesto
2026-08-17T15:36:25Z,https://chatmap.hotosm.org/api/v1/map/89319bbb-a14a-4dfd-b9a1-c83b8b55785f,200,153c7cebee671e9e5c27d37bc38d4cfa48a49339177685155329c3574e116d14,193312,\N,sonda de supuesto
2026-08-17T15:36:25Z,https://earthquake.usgs.gov/fdsnws/event/1/query?eventid=us6000tjl2&format=geojson,200,1d42c221ea6de75ec98e6a936b37fa2c5b39d9a501d73a59002af82d55bce6c0,67044,\N,sonda de supuesto
2026-08-17T15:36:27Z,https://www.gdacs.org/gdacsapi/api/emm/getemmnewsbykey?eventtype=EQ&eventid=1557236,200,4105c96a1fe93cc866639fdb9edfbceefa91f7e4102ff28a54bb3bdc78158365,1832696,\N,sonda de supuesto
2026-08-17T15:36:27Z,https://services2.arcgis.com/YVLx8xYoDXKccDfJ/arcgis/rest/services/REGISTRO_DE_EMERGENCIAS_EN_COLOMBIA/FeatureServer/0/query?where=1%3D1&f=json&resultRecordCount=1&outFields=MUERTOS%2CVIV_DESTRU%2CMUNICIPIO,200,3ef63243668bc2e5a8f8bcab749740625edf1fe451ff82e7c01ba5360471d382,792,\N,sonda de supuesto
2026-08-17T15:36:28Z,https://www.datos.gov.co/resource/wwkg-r6te.json?%24select=max%28fecha%29,200,9e69438b2fabe535e37608812d936a433f81bc015a63069d8b9bfb9b24644dfa,42,\N,sonda de supuesto
2026-08-17T15:36:31Z,https://rud.gestiondelriesgo.gov.co/home/json.php?temp=2026T,200,7ff2697ae81045b351356461a15580b35a3aab531ea17a8b6aba47d58a61ce94,17603,\N,sonda de supuesto
2026-08-17T15:43:38Z,https://rapidmapping.emergency.copernicus.eu/backend/dashboard-api/public-activations/,200,1fee0691a0e23855c9e78aacbc91a2890a8f33a7d9470d4423b108672df8df72,49,\N,sonda de supuesto
2026-08-17T15:43:38Z,https://rapidmapping.emergency.copernicus.eu/backend/dashboard-api/public-activations/?code=EMSR916,200,168c0f8276380024f92a7f51014f4405b9614756477c198587317740d8d6437c,41783,\N,sonda de supuesto
2026-08-17T15:43:39Z,https://rapidmapping.emergency.copernicus.eu/backend/dashboard-api/public-activations/?code=EMSR700,403,dbff0849bc109eee7f9b7b1fe12e40fc8add21823b2f1fb600b37f620cbd7862,58,\N,sonda de supuesto
2026-08-17T15:43:39Z,https://rapidmapping.emergency.copernicus.eu/backend/dashboard-api/public-activations/?code=EMSR916,200,168c0f8276380024f92a7f51014f4405b9614756477c198587317740d8d6437c,41783,\N,sonda de supuesto
2026-08-17T15:43:39Z,https://rapidmapping.emergency.copernicus.eu/backend/dashboard-api/public-activations/?code=EMSR916,200,168c0f8276380024f92a7f51014f4405b9614756477c198587317740d8d6437c,41783,\N,sonda de supuesto
2026-08-17T15:43:40Z,https://chatmap.hotosm.org/api/v1/map/89319bbb-a14a-4dfd-b9a1-c83b8b55785f,200,153c7cebee671e9e5c27d37bc38d4cfa48a49339177685155329c3574e116d14,193312,\N,sonda de supuesto
2026-08-17T15:43:41Z,https://earthquake.usgs.gov/fdsnws/event/1/query?eventid=us6000tjl2&format=geojson,200,1d42c221ea6de75ec98e6a936b37fa2c5b39d9a501d73a59002af82d55bce6c0,67044,\N,sonda de supuesto
2026-08-17T15:43:43Z,https://www.gdacs.org/gdacsapi/api/emm/getemmnewsbykey?eventtype=EQ&eventid=1557236,200,045a0f3be27e9c741367ebee2385bb3adc506b6986797ae9044ac631ead94342,1832696,\N,sonda de supuesto
2026-08-17T15:43:44Z,https://services2.arcgis.com/YVLx8xYoDXKccDfJ/arcgis/rest/services/REGISTRO_DE_EMERGENCIAS_EN_COLOMBIA/FeatureServer/0/query?where=1%3D1&f=json&resultRecordCount=1&outFields=MUERTOS%2CVIV_DESTRU%2CMUNICIPIO,200,3ef63243668bc2e5a8f8bcab749740625edf1fe451ff82e7c01ba5360471d382,792,\N,sonda de supuesto
2026-08-17T15:43:45Z,https://www.datos.gov.co/resource/wwkg-r6te.json?%24select=max%28fecha%29,200,9e69438b2fabe535e37608812d936a433f81bc015a63069d8b9bfb9b24644dfa,42,\N,sonda de supuesto
2026-08-17T15:43:49Z,https://rud.gestiondelriesgo.gov.co/home/json.php?temp=2026T,200,72067d2d1fb156402d251e14d9e389c7a47184383c8cbbff8fbfe9770ffbdedf,17605,\N,sonda de supuesto
2026-08-17T15:44:24Z,https://rapidmapping.emergency.copernicus.eu/backend/dashboard-api/public-activations/,200,1fee0691a0e23855c9e78aacbc91a2890a8f33a7d9470d4423b108672df8df72,49,\N,sonda de supuesto
2026-08-17T15:44:24Z,https://rapidmapping.emergency.copernicus.eu/backend/dashboard-api/public-activations/?code=EMSR916,200,168c0f8276380024f92a7f51014f4405b9614756477c198587317740d8d6437c,41783,\N,sonda de supuesto
2026-08-17T15:44:24Z,https://rapidmapping.emergency.copernicus.eu/backend/dashboard-api/public-activations/?code=EMSR700,403,dbff0849bc109eee7f9b7b1fe12e40fc8add21823b2f1fb600b37f620cbd7862,58,\N,sonda de supuesto
2026-08-17T15:44:25Z,https://rapidmapping.emergency.copernicus.eu/backend/dashboard-api/public-activations/?code=EMSR916,200,168c0f8276380024f92a7f51014f4405b9614756477c198587317740d8d6437c,41783,\N,sonda de supuesto
2026-08-17T15:44:25Z,https://rapidmapping.emergency.copernicus.eu/backend/dashboard-api/public-activations/?code=EMSR916,200,168c0f8276380024f92a7f51014f4405b9614756477c198587317740d8d6437c,41783,\N,sonda de supuesto
2026-08-17T15:44:26Z,https://chatmap.hotosm.org/api/v1/map/89319bbb-a14a-4dfd-b9a1-c83b8b55785f,200,153c7cebee671e9e5c27d37bc38d4cfa48a49339177685155329c3574e116d14,193312,\N,sonda de supuesto
2026-08-17T15:44:26Z,https://earthquake.usgs.gov/fdsnws/event/1/query?eventid=us6000tjl2&format=geojson,200,1d42c221ea6de75ec98e6a936b37fa2c5b39d9a501d73a59002af82d55bce6c0,67044,\N,sonda de supuesto
2026-08-17T15:44:28Z,https://www.gdacs.org/gdacsapi/api/emm/getemmnewsbykey?eventtype=EQ&eventid=1557236,200,4105c96a1fe93cc866639fdb9edfbceefa91f7e4102ff28a54bb3bdc78158365,1832696,\N,sonda de supuesto
2026-08-17T15:44:29Z,https://services2.arcgis.com/YVLx8xYoDXKccDfJ/arcgis/rest/services/REGISTRO_DE_EMERGENCIAS_EN_COLOMBIA/FeatureServer/0/query?where=1%3D1&f=json&resultRecordCount=1&outFields=MUERTOS%2CVIV_DESTRU%2CMUNICIPIO,200,3ef63243668bc2e5a8f8bcab749740625edf1fe451ff82e7c01ba5360471d382,792,\N,sonda de supuesto
2026-08-17T15:44:30Z,https://www.datos.gov.co/resource/wwkg-r6te.json?%24select=max%28fecha%29,200,9e69438b2fabe535e37608812d936a433f81bc015a63069d8b9bfb9b24644dfa,42,\N,sonda de supuesto
2026-08-17T15:44:33Z,https://rud.gestiondelriesgo.gov.co/home/json.php?temp=2026T,200,c06a741f771269cf8ec39e8415a296d71ca5cdcfd1d6b0e391889c20d9d78c1e,17605,\N,sonda de supuesto
2026-08-17T16:04:03Z,https://rapidmapping.emergency.copernicus.eu/backend/dashboard-api/public-activations/,200,1fee0691a0e23855c9e78aacbc91a2890a8f33a7d9470d4423b108672df8df72,49,\N,sonda de supuesto
2026-08-17T16:04:03Z,https://rapidmapping.emergency.copernicus.eu/backend/dashboard-api/public-activations/?code=EMSR916,200,168c0f8276380024f92a7f51014f4405b9614756477c198587317740d8d6437c,41783,\N,sonda de supuesto
2026-08-17T16:04:03Z,https://rapidmapping.emergency.copernicus.eu/backend/dashboard-api/public-activations/?code=EMSR700,403,dbff0849bc109eee7f9b7b1fe12e40fc8add21823b2f1fb600b37f620cbd7862,58,\N,sonda de supuesto
2026-08-17T16:04:04Z,https://rapidmapping.emergency.copernicus.eu/backend/dashboard-api/public-activations/?code=EMSR916,200,168c0f8276380024f92a7f51014f4405b9614756477c198587317740d8d6437c,41783,\N,sonda de supuesto
2026-08-17T16:04:04Z,https://rapidmapping.emergency.copernicus.eu/backend/dashboard-api/public-activations/?code=EMSR916,200,168c0f8276380024f92a7f51014f4405b9614756477c198587317740d8d6437c,41783,\N,sonda de supuesto
2026-08-17T16:04:05Z,https://chatmap.hotosm.org/api/v1/map/89319bbb-a14a-4dfd-b9a1-c83b8b55785f,200,153c7cebee671e9e5c27d37bc38d4cfa48a49339177685155329c3574e116d14,193312,\N,sonda de supuesto
2026-08-17T16:04:06Z,https://earthquake.usgs.gov/fdsnws/event/1/query?eventid=us6000tjl2&format=geojson,200,9fa841767f11ea13eebf7702645450d29d7bf84a5c2561ecb97bb32c511af373,67044,\N,sonda de supuesto
2026-08-17T16:04:09Z,https://www.gdacs.org/gdacsapi/api/emm/getemmnewsbykey?eventtype=EQ&eventid=1557236,200,045a0f3be27e9c741367ebee2385bb3adc506b6986797ae9044ac631ead94342,1832696,\N,sonda de supuesto
2026-08-17T16:04:10Z,https://services2.arcgis.com/YVLx8xYoDXKccDfJ/arcgis/rest/services/REGISTRO_DE_EMERGENCIAS_EN_COLOMBIA/FeatureServer/0/query?where=1%3D1&f=json&resultRecordCount=1&outFields=MUERTOS%2CVIV_DESTRU%2CMUNICIPIO,200,3ef63243668bc2e5a8f8bcab749740625edf1fe451ff82e7c01ba5360471d382,792,\N,sonda de supuesto
2026-08-17T16:04:11Z,https://www.datos.gov.co/resource/wwkg-r6te.json?%24select=max%28fecha%29,200,9e69438b2fabe535e37608812d936a433f81bc015a63069d8b9bfb9b24644dfa,42,\N,sonda de supuesto
2026-08-17T16:04:15Z,https://rud.gestiondelriesgo.gov.co/home/json.php?temp=2026T,200,aff4e44ffeac232fea6eec1289494ba2e0466c0d32d3af27751d771b5442fdd6,17608,\N,sonda de supuesto
2026-08-17T16:05:09Z,https://rapidmapping.emergency.copernicus.eu/backend/dashboard-api/public-activations/,200,1fee0691a0e23855c9e78aacbc91a2890a8f33a7d9470d4423b108672df8df72,49,\N,sonda de supuesto
2026-08-17T16:05:10Z,https://rapidmapping.emergency.copernicus.eu/backend/dashboard-api/public-activations/?code=EMSR916,200,168c0f8276380024f92a7f51014f4405b9614756477c198587317740d8d6437c,41783,\N,sonda de supuesto
2026-08-17T16:05:10Z,https://rapidmapping.emergency.copernicus.eu/backend/dashboard-api/public-activations/?code=EMSR700,403,dbff0849bc109eee7f9b7b1fe12e40fc8add21823b2f1fb600b37f620cbd7862,58,\N,sonda de supuesto
2026-08-17T16:05:10Z,https://rapidmapping.emergency.copernicus.eu/backend/dashboard-api/public-activations/?code=EMSR916,200,168c0f8276380024f92a7f51014f4405b9614756477c198587317740d8d6437c,41783,\N,sonda de supuesto
2026-08-17T16:05:11Z,https://rapidmapping.emergency.copernicus.eu/backend/dashboard-api/public-activations/?code=EMSR916,200,168c0f8276380024f92a7f51014f4405b9614756477c198587317740d8d6437c,41783,\N,sonda de supuesto
2026-08-17T16:05:12Z,https://chatmap.hotosm.org/api/v1/map/89319bbb-a14a-4dfd-b9a1-c83b8b55785f,200,153c7cebee671e9e5c27d37bc38d4cfa48a49339177685155329c3574e116d14,193312,\N,sonda de supuesto
2026-08-17T16:05:12Z,https://earthquake.usgs.gov/fdsnws/event/1/query?eventid=us6000tjl2&format=geojson,200,9fa841767f11ea13eebf7702645450d29d7bf84a5c2561ecb97bb32c511af373,67044,\N,sonda de supuesto
2026-08-17T16:05:21Z,https://www.gdacs.org/gdacsapi/api/emm/getemmnewsbykey?eventtype=EQ&eventid=1557236,200,045a0f3be27e9c741367ebee2385bb3adc506b6986797ae9044ac631ead94342,1832696,\N,sonda de supuesto
2026-08-17T16:05:22Z,https://services2.arcgis.com/YVLx8xYoDXKccDfJ/arcgis/rest/services/REGISTRO_DE_EMERGENCIAS_EN_COLOMBIA/FeatureServer/0/query?where=1%3D1&f=json&resultRecordCount=1&outFields=MUERTOS%2CVIV_DESTRU%2CMUNICIPIO,200,3ef63243668bc2e5a8f8bcab749740625edf1fe451ff82e7c01ba5360471d382,792,\N,sonda de supuesto
2026-08-17T16:05:23Z,https://www.datos.gov.co/resource/wwkg-r6te.json?%24select=max%28fecha%29,200,9e69438b2fabe535e37608812d936a433f81bc015a63069d8b9bfb9b24644dfa,42,\N,sonda de supuesto
2026-08-17T16:05:26Z,https://rud.gestiondelriesgo.gov.co/home/json.php?temp=2026T,200,21e648cfdb571ce3782c491d0ee44f68af301c54839e7a568fc1eaea6419dbf5,17608,\N,sonda de supuesto
2026-08-17T16:07:00Z,https://rapidmapping.emergency.copernicus.eu/backend/dashboard-api/public-activations/,200,1fee0691a0e23855c9e78aacbc91a2890a8f33a7d9470d4423b108672df8df72,49,\N,sonda de supuesto
2026-08-17T16:07:00Z,https://rapidmapping.emergency.copernicus.eu/backend/dashboard-api/public-activations/?code=EMSR916,200,168c0f8276380024f92a7f51014f4405b9614756477c198587317740d8d6437c,41783,\N,sonda de supuesto
2026-08-17T16:07:01Z,https://rapidmapping.emergency.copernicus.eu/backend/dashboard-api/public-activations/?code=EMSR700,403,dbff0849bc109eee7f9b7b1fe12e40fc8add21823b2f1fb600b37f620cbd7862,58,\N,sonda de supuesto
2026-08-17T16:07:01Z,https://rapidmapping.emergency.copernicus.eu/backend/dashboard-api/public-activations/?code=EMSR916,200,168c0f8276380024f92a7f51014f4405b9614756477c198587317740d8d6437c,41783,\N,sonda de supuesto
2026-08-17T16:07:02Z,https://rapidmapping.emergency.copernicus.eu/backend/dashboard-api/public-activations/?code=EMSR916,200,168c0f8276380024f92a7f51014f4405b9614756477c198587317740d8d6437c,41783,\N,sonda de supuesto
2026-08-17T16:07:03Z,https://chatmap.hotosm.org/api/v1/map/89319bbb-a14a-4dfd-b9a1-c83b8b55785f,200,153c7cebee671e9e5c27d37bc38d4cfa48a49339177685155329c3574e116d14,193312,\N,sonda de supuesto
2026-08-17T16:07:03Z,https://earthquake.usgs.gov/fdsnws/event/1/query?eventid=us6000tjl2&format=geojson,200,9fa841767f11ea13eebf7702645450d29d7bf84a5c2561ecb97bb32c511af373,67044,\N,sonda de supuesto
2026-08-17T16:07:06Z,https://www.gdacs.org/gdacsapi/api/emm/getemmnewsbykey?eventtype=EQ&eventid=1557236,200,4105c96a1fe93cc866639fdb9edfbceefa91f7e4102ff28a54bb3bdc78158365,1832696,\N,sonda de supuesto
2026-08-17T16:07:07Z,https://services2.arcgis.com/YVLx8xYoDXKccDfJ/arcgis/rest/services/REGISTRO_DE_EMERGENCIAS_EN_COLOMBIA/FeatureServer/0/query?where=1%3D1&f=json&resultRecordCount=1&outFields=MUERTOS%2CVIV_DESTRU%2CMUNICIPIO,200,3ef63243668bc2e5a8f8bcab749740625edf1fe451ff82e7c01ba5360471d382,792,\N,sonda de supuesto
2026-08-17T16:07:08Z,https://www.datos.gov.co/resource/wwkg-r6te.json?%24select=max%28fecha%29,200,9e69438b2fabe535e37608812d936a433f81bc015a63069d8b9bfb9b24644dfa,42,\N,sonda de supuesto
2026-08-17T16:07:12Z,https://rud.gestiondelriesgo.gov.co/home/json.php?temp=2026T,200,0bfc21ad720d88236dd98422971e14a119e1967171e9007acea7d36541322ff7,17609,\N,sonda de supuesto
2026-08-17T16:14:14Z,https://rapidmapping.emergency.copernicus.eu/backend/dashboard-api/public-activations/,200,1fee0691a0e23855c9e78aacbc91a2890a8f33a7d9470d4423b108672df8df72,49,\N,sonda de supuesto
2026-08-17T16:14:15Z,https://rapidmapping.emergency.copernicus.eu/backend/dashboard-api/public-activations/?code=EMSR916,200,168c0f8276380024f92a7f51014f4405b9614756477c198587317740d8d6437c,41783,\N,sonda de supuesto
2026-08-17T16:14:15Z,https://rapidmapping.emergency.copernicus.eu/backend/dashboard-api/public-activations/?code=EMSR700,403,dbff0849bc109eee7f9b7b1fe12e40fc8add21823b2f1fb600b37f620cbd7862,58,\N,sonda de supuesto
2026-08-17T16:14:15Z,https://rapidmapping.emergency.copernicus.eu/backend/dashboard-api/public-activations/?code=EMSR916,200,168c0f8276380024f92a7f51014f4405b9614756477c198587317740d8d6437c,41783,\N,sonda de supuesto
2026-08-17T16:14:16Z,https://rapidmapping.emergency.copernicus.eu/backend/dashboard-api/public-activations/?code=EMSR916,200,168c0f8276380024f92a7f51014f4405b9614756477c198587317740d8d6437c,41783,\N,sonda de supuesto
2026-08-17T16:14:17Z,https://chatmap.hotosm.org/api/v1/map/89319bbb-a14a-4dfd-b9a1-c83b8b55785f,200,153c7cebee671e9e5c27d37bc38d4cfa48a49339177685155329c3574e116d14,193312,\N,sonda de supuesto
2026-08-17T16:14:17Z,https://earthquake.usgs.gov/fdsnws/event/1/query?eventid=us6000tjl2&format=geojson,200,9fa841767f11ea13eebf7702645450d29d7bf84a5c2561ecb97bb32c511af373,67044,\N,sonda de supuesto
2026-08-17T16:14:19Z,https://www.gdacs.org/gdacsapi/api/emm/getemmnewsbykey?eventtype=EQ&eventid=1557236,200,4105c96a1fe93cc866639fdb9edfbceefa91f7e4102ff28a54bb3bdc78158365,1832696,\N,sonda de supuesto
2026-08-17T16:14:21Z,https://services2.arcgis.com/YVLx8xYoDXKccDfJ/arcgis/rest/services/REGISTRO_DE_EMERGENCIAS_EN_COLOMBIA/FeatureServer/0/query?where=1%3D1&f=json&resultRecordCount=1&outFields=MUERTOS%2CVIV_DESTRU%2CMUNICIPIO,200,3ef63243668bc2e5a8f8bcab749740625edf1fe451ff82e7c01ba5360471d382,792,\N,sonda de supuesto
2026-08-17T16:14:23Z,https://www.datos.gov.co/resource/wwkg-r6te.json?%24select=max%28fecha%29,200,9e69438b2fabe535e37608812d936a433f81bc015a63069d8b9bfb9b24644dfa,42,\N,sonda de supuesto
2026-08-17T16:14:26Z,https://rud.gestiondelriesgo.gov.co/home/json.php?temp=2026T,200,a3a8fdf77af5aa32fbf7749a9ac9283a1b4edab7d5c0150ac5a81c9d94051599,17610,\N,sonda de supuesto
2026-08-17T16:20:16Z,https://rapidmapping.emergency.copernicus.eu/backend/dashboard-api/public-activations/,200,1fee0691a0e23855c9e78aacbc91a2890a8f33a7d9470d4423b108672df8df72,49,\N,sonda de supuesto
2026-08-17T16:20:16Z,https://rapidmapping.emergency.copernicus.eu/backend/dashboard-api/public-activations/?code=EMSR916,200,168c0f8276380024f92a7f51014f4405b9614756477c198587317740d8d6437c,41783,\N,sonda de supuesto
2026-08-17T16:20:17Z,https://rapidmapping.emergency.copernicus.eu/backend/dashboard-api/public-activations/?code=EMSR700,403,dbff0849bc109eee7f9b7b1fe12e40fc8add21823b2f1fb600b37f620cbd7862,58,\N,sonda de supuesto
2026-08-17T16:20:17Z,https://rapidmapping.emergency.copernicus.eu/backend/dashboard-api/public-activations/?code=EMSR916,200,168c0f8276380024f92a7f51014f4405b9614756477c198587317740d8d6437c,41783,\N,sonda de supuesto
2026-08-17T16:20:17Z,https://rapidmapping.emergency.copernicus.eu/backend/dashboard-api/public-activations/?code=EMSR916,200,168c0f8276380024f92a7f51014f4405b9614756477c198587317740d8d6437c,41783,\N,sonda de supuesto
2026-08-17T16:20:18Z,https://chatmap.hotosm.org/api/v1/map/89319bbb-a14a-4dfd-b9a1-c83b8b55785f,200,153c7cebee671e9e5c27d37bc38d4cfa48a49339177685155329c3574e116d14,193312,\N,sonda de supuesto
2026-08-17T16:20:19Z,https://earthquake.usgs.gov/fdsnws/event/1/query?eventid=us6000tjl2&format=geojson,200,9fa841767f11ea13eebf7702645450d29d7bf84a5c2561ecb97bb32c511af373,67044,\N,sonda de supuesto
2026-08-17T16:20:23Z,https://www.gdacs.org/gdacsapi/api/emm/getemmnewsbykey?eventtype=EQ&eventid=1557236,200,045a0f3be27e9c741367ebee2385bb3adc506b6986797ae9044ac631ead94342,1832696,\N,sonda de supuesto
2026-08-17T16:20:23Z,https://services2.arcgis.com/YVLx8xYoDXKccDfJ/arcgis/rest/services/REGISTRO_DE_EMERGENCIAS_EN_COLOMBIA/FeatureServer/0/query?where=1%3D1&f=json&resultRecordCount=1&outFields=MUERTOS%2CVIV_DESTRU%2CMUNICIPIO,200,3ef63243668bc2e5a8f8bcab749740625edf1fe451ff82e7c01ba5360471d382,792,\N,sonda de supuesto
2026-08-17T16:20:24Z,https://www.datos.gov.co/resource/wwkg-r6te.json?%24select=max%28fecha%29,200,9e69438b2fabe535e37608812d936a433f81bc015a63069d8b9bfb9b24644dfa,42,\N,sonda de supuesto
2026-08-17T16:20:28Z,https://rud.gestiondelriesgo.gov.co/home/json.php?temp=2026T,200,f2e4fd1188ca7aeef05d1dd85e696db96d2c69215ed311677dde4fafd97e56c4,17610,\N,sonda de supuesto
2026-08-17T16:20:48Z,https://monitor-terremoto-colombia-oficiales-ai.inforesidencias.workers.dev/oficiales.json,200,c6ac2ee93cc61058b895fce2b8d5f36ba1fbf3b9768f3340be73c9648725393a,73331,data/snapshots/2026-08-17/oficiales_feed.json,feed de balances (frontera R10)
2026-08-17T16:21:47Z,https://rapidmapping.emergency.copernicus.eu/backend/dashboard-api/public-activations/,200,1fee0691a0e23855c9e78aacbc91a2890a8f33a7d9470d4423b108672df8df72,49,\N,sonda de supuesto
2026-08-17T16:21:47Z,https://rapidmapping.emergency.copernicus.eu/backend/dashboard-api/public-activations/?code=EMSR916,200,168c0f8276380024f92a7f51014f4405b9614756477c198587317740d8d6437c,41783,\N,sonda de supuesto
2026-08-17T16:21:48Z,https://rapidmapping.emergency.copernicus.eu/backend/dashboard-api/public-activations/?code=EMSR700,403,dbff0849bc109eee7f9b7b1fe12e40fc8add21823b2f1fb600b37f620cbd7862,58,\N,sonda de supuesto
2026-08-17T16:21:48Z,https://rapidmapping.emergency.copernicus.eu/backend/dashboard-api/public-activations/?code=EMSR916,200,168c0f8276380024f92a7f51014f4405b9614756477c198587317740d8d6437c,41783,\N,sonda de supuesto
2026-08-17T16:21:48Z,https://rapidmapping.emergency.copernicus.eu/backend/dashboard-api/public-activations/?code=EMSR916,200,168c0f8276380024f92a7f51014f4405b9614756477c198587317740d8d6437c,41783,\N,sonda de supuesto
2026-08-17T16:21:49Z,https://chatmap.hotosm.org/api/v1/map/89319bbb-a14a-4dfd-b9a1-c83b8b55785f,200,153c7cebee671e9e5c27d37bc38d4cfa48a49339177685155329c3574e116d14,193312,\N,sonda de supuesto
2026-08-17T16:21:49Z,https://earthquake.usgs.gov/fdsnws/event/1/query?eventid=us6000tjl2&format=geojson,200,9fa841767f11ea13eebf7702645450d29d7bf84a5c2561ecb97bb32c511af373,67044,\N,sonda de supuesto
2026-08-17T16:21:52Z,https://www.gdacs.org/gdacsapi/api/emm/getemmnewsbykey?eventtype=EQ&eventid=1557236,200,4105c96a1fe93cc866639fdb9edfbceefa91f7e4102ff28a54bb3bdc78158365,1832696,\N,sonda de supuesto
2026-08-17T16:21:52Z,https://services2.arcgis.com/YVLx8xYoDXKccDfJ/arcgis/rest/services/REGISTRO_DE_EMERGENCIAS_EN_COLOMBIA/FeatureServer/0/query?where=1%3D1&f=json&resultRecordCount=1&outFields=MUERTOS%2CVIV_DESTRU%2CMUNICIPIO,200,3ef63243668bc2e5a8f8bcab749740625edf1fe451ff82e7c01ba5360471d382,792,\N,sonda de supuesto
2026-08-17T16:21:54Z,https://www.datos.gov.co/resource/wwkg-r6te.json?%24select=max%28fecha%29,200,9e69438b2fabe535e37608812d936a433f81bc015a63069d8b9bfb9b24644dfa,42,\N,sonda de supuesto
2026-08-17T16:21:57Z,https://rud.gestiondelriesgo.gov.co/home/json.php?temp=2026T,200,547d4c14dd7e8a933af39be100af86fca1a4520704ae5558ef160721b9e1921a,17611,\N,sonda de supuesto
2026-08-17T16:23:47Z,https://rapidmapping.emergency.copernicus.eu/backend/dashboard-api/public-activations/,200,1fee0691a0e23855c9e78aacbc91a2890a8f33a7d9470d4423b108672df8df72,49,\N,sonda de supuesto
2026-08-17T16:23:47Z,https://rapidmapping.emergency.copernicus.eu/backend/dashboard-api/public-activations/?code=EMSR916,200,168c0f8276380024f92a7f51014f4405b9614756477c198587317740d8d6437c,41783,\N,sonda de supuesto
2026-08-17T16:23:47Z,https://rapidmapping.emergency.copernicus.eu/backend/dashboard-api/public-activations/?code=EMSR700,403,dbff0849bc109eee7f9b7b1fe12e40fc8add21823b2f1fb600b37f620cbd7862,58,\N,sonda de supuesto
2026-08-17T16:23:48Z,https://rapidmapping.emergency.copernicus.eu/backend/dashboard-api/public-activations/?code=EMSR916,200,168c0f8276380024f92a7f51014f4405b9614756477c198587317740d8d6437c,41783,\N,sonda de supuesto
2026-08-17T16:23:48Z,https://rapidmapping.emergency.copernicus.eu/backend/dashboard-api/public-activations/?code=EMSR916,200,168c0f8276380024f92a7f51014f4405b9614756477c198587317740d8d6437c,41783,\N,sonda de supuesto
2026-08-17T16:23:49Z,https://chatmap.hotosm.org/api/v1/map/89319bbb-a14a-4dfd-b9a1-c83b8b55785f,200,153c7cebee671e9e5c27d37bc38d4cfa48a49339177685155329c3574e116d14,193312,\N,sonda de supuesto
2026-08-17T16:23:50Z,https://earthquake.usgs.gov/fdsnws/event/1/query?eventid=us6000tjl2&format=geojson,200,9fa841767f11ea13eebf7702645450d29d7bf84a5c2561ecb97bb32c511af373,67044,\N,sonda de supuesto
2026-08-17T16:23:52Z,https://www.gdacs.org/gdacsapi/api/emm/getemmnewsbykey?eventtype=EQ&eventid=1557236,200,4105c96a1fe93cc866639fdb9edfbceefa91f7e4102ff28a54bb3bdc78158365,1832696,\N,sonda de supuesto
2026-08-17T16:23:53Z,https://services2.arcgis.com/YVLx8xYoDXKccDfJ/arcgis/rest/services/REGISTRO_DE_EMERGENCIAS_EN_COLOMBIA/FeatureServer/0/query?where=1%3D1&f=json&resultRecordCount=1&outFields=MUERTOS%2CVIV_DESTRU%2CMUNICIPIO,200,3ef63243668bc2e5a8f8bcab749740625edf1fe451ff82e7c01ba5360471d382,792,\N,sonda de supuesto
2026-08-17T16:23:55Z,https://www.datos.gov.co/resource/wwkg-r6te.json?%24select=max%28fecha%29,200,9e69438b2fabe535e37608812d936a433f81bc015a63069d8b9bfb9b24644dfa,42,\N,sonda de supuesto
2026-08-17T16:23:58Z,https://rud.gestiondelriesgo.gov.co/home/json.php?temp=2026T,200,f754557566ba85a6d565120a014ca0c591e0030e7da3dae9deaa4b29c6d5106e,17611,\N,sonda de supuesto
2026-08-17T16:28:15Z,https://rapidmapping.emergency.copernicus.eu/backend/dashboard-api/public-activations/,200,1fee0691a0e23855c9e78aacbc91a2890a8f33a7d9470d4423b108672df8df72,49,\N,sonda de supuesto
2026-08-17T16:28:16Z,https://rapidmapping.emergency.copernicus.eu/backend/dashboard-api/public-activations/?code=EMSR916,200,168c0f8276380024f92a7f51014f4405b9614756477c198587317740d8d6437c,41783,\N,sonda de supuesto
2026-08-17T16:28:16Z,https://rapidmapping.emergency.copernicus.eu/backend/dashboard-api/public-activations/?code=EMSR700,403,dbff0849bc109eee7f9b7b1fe12e40fc8add21823b2f1fb600b37f620cbd7862,58,\N,sonda de supuesto
2026-08-17T16:28:16Z,https://rapidmapping.emergency.copernicus.eu/backend/dashboard-api/public-activations/?code=EMSR916,200,168c0f8276380024f92a7f51014f4405b9614756477c198587317740d8d6437c,41783,\N,sonda de supuesto
2026-08-17T16:28:16Z,https://rapidmapping.emergency.copernicus.eu/backend/dashboard-api/public-activations/?code=EMSR916,200,168c0f8276380024f92a7f51014f4405b9614756477c198587317740d8d6437c,41783,\N,sonda de supuesto
2026-08-17T16:28:17Z,https://chatmap.hotosm.org/api/v1/map/89319bbb-a14a-4dfd-b9a1-c83b8b55785f,200,153c7cebee671e9e5c27d37bc38d4cfa48a49339177685155329c3574e116d14,193312,\N,sonda de supuesto
2026-08-17T16:28:18Z,https://earthquake.usgs.gov/fdsnws/event/1/query?eventid=us6000tjl2&format=geojson,200,9fa841767f11ea13eebf7702645450d29d7bf84a5c2561ecb97bb32c511af373,67044,\N,sonda de supuesto
2026-08-17T16:28:21Z,https://www.gdacs.org/gdacsapi/api/emm/getemmnewsbykey?eventtype=EQ&eventid=1557236,200,4105c96a1fe93cc866639fdb9edfbceefa91f7e4102ff28a54bb3bdc78158365,1832696,\N,sonda de supuesto
2026-08-17T16:28:22Z,https://services2.arcgis.com/YVLx8xYoDXKccDfJ/arcgis/rest/services/REGISTRO_DE_EMERGENCIAS_EN_COLOMBIA/FeatureServer/0/query?where=1%3D1&f=json&resultRecordCount=1&outFields=MUERTOS%2CVIV_DESTRU%2CMUNICIPIO,200,3ef63243668bc2e5a8f8bcab749740625edf1fe451ff82e7c01ba5360471d382,792,\N,sonda de supuesto
2026-08-17T16:28:23Z,https://www.datos.gov.co/resource/wwkg-r6te.json?%24select=max%28fecha%29,200,9e69438b2fabe535e37608812d936a433f81bc015a63069d8b9bfb9b24644dfa,42,\N,sonda de supuesto
2026-08-17T16:28:26Z,https://rud.gestiondelriesgo.gov.co/home/json.php?temp=2026T,200,b3bd0a8c820d09738cb1e7712a580a97943369c086da373c924e9edf55b9423e,17613,\N,sonda de supuesto
2026-08-17T16:32:30Z,https://rapidmapping.emergency.copernicus.eu/backend/dashboard-api/public-activations/,200,1fee0691a0e23855c9e78aacbc91a2890a8f33a7d9470d4423b108672df8df72,49,\N,sonda de supuesto
2026-08-17T16:32:31Z,https://rapidmapping.emergency.copernicus.eu/backend/dashboard-api/public-activations/?code=EMSR916,200,168c0f8276380024f92a7f51014f4405b9614756477c198587317740d8d6437c,41783,\N,sonda de supuesto
2026-08-17T16:32:31Z,https://rapidmapping.emergency.copernicus.eu/backend/dashboard-api/public-activations/?code=EMSR700,403,dbff0849bc109eee7f9b7b1fe12e40fc8add21823b2f1fb600b37f620cbd7862,58,\N,sonda de supuesto
2026-08-17T16:32:32Z,https://rapidmapping.emergency.copernicus.eu/backend/dashboard-api/public-activations/?code=EMSR916,200,168c0f8276380024f92a7f51014f4405b9614756477c198587317740d8d6437c,41783,\N,sonda de supuesto
2026-08-17T16:32:32Z,https://rapidmapping.emergency.copernicus.eu/backend/dashboard-api/public-activations/?code=EMSR916,200,168c0f8276380024f92a7f51014f4405b9614756477c198587317740d8d6437c,41783,\N,sonda de supuesto
2026-08-17T16:32:33Z,https://chatmap.hotosm.org/api/v1/map/89319bbb-a14a-4dfd-b9a1-c83b8b55785f,200,153c7cebee671e9e5c27d37bc38d4cfa48a49339177685155329c3574e116d14,193312,\N,sonda de supuesto
2026-08-17T16:32:34Z,https://earthquake.usgs.gov/fdsnws/event/1/query?eventid=us6000tjl2&format=geojson,200,9fa841767f11ea13eebf7702645450d29d7bf84a5c2561ecb97bb32c511af373,67044,\N,sonda de supuesto
2026-08-17T16:32:36Z,https://www.gdacs.org/gdacsapi/api/emm/getemmnewsbykey?eventtype=EQ&eventid=1557236,200,4105c96a1fe93cc866639fdb9edfbceefa91f7e4102ff28a54bb3bdc78158365,1832696,\N,sonda de supuesto
2026-08-17T16:32:36Z,https://services2.arcgis.com/YVLx8xYoDXKccDfJ/arcgis/rest/services/REGISTRO_DE_EMERGENCIAS_EN_COLOMBIA/FeatureServer/0/query?where=1%3D1&f=json&resultRecordCount=1&outFields=MUERTOS%2CVIV_DESTRU%2CMUNICIPIO,200,3ef63243668bc2e5a8f8bcab749740625edf1fe451ff82e7c01ba5360471d382,792,\N,sonda de supuesto
2026-08-17T16:32:38Z,https://www.datos.gov.co/resource/wwkg-r6te.json?%24select=max%28fecha%29,200,9e69438b2fabe535e37608812d936a433f81bc015a63069d8b9bfb9b24644dfa,42,\N,sonda de supuesto
2026-08-17T16:32:42Z,https://rud.gestiondelriesgo.gov.co/home/json.php?temp=2026T,200,6372d155eadf04ab0e6af090125c24692351de553f0d2a68f2f380db631ad7f8,17613,\N,sonda de supuesto
2026-08-17T16:37:28Z,https://rapidmapping.emergency.copernicus.eu/backend/dashboard-api/public-activations/,200,1fee0691a0e23855c9e78aacbc91a2890a8f33a7d9470d4423b108672df8df72,49,\N,sonda de supuesto
2026-08-17T16:37:28Z,https://rapidmapping.emergency.copernicus.eu/backend/dashboard-api/public-activations/?code=EMSR916,200,168c0f8276380024f92a7f51014f4405b9614756477c198587317740d8d6437c,41783,\N,sonda de supuesto
2026-08-17T16:37:28Z,https://rapidmapping.emergency.copernicus.eu/backend/dashboard-api/public-activations/?code=EMSR700,403,dbff0849bc109eee7f9b7b1fe12e40fc8add21823b2f1fb600b37f620cbd7862,58,\N,sonda de supuesto
2026-08-17T16:37:28Z,https://rapidmapping.emergency.copernicus.eu/backend/dashboard-api/public-activations/?code=EMSR916,200,168c0f8276380024f92a7f51014f4405b9614756477c198587317740d8d6437c,41783,\N,sonda de supuesto
2026-08-17T16:37:29Z,https://rapidmapping.emergency.copernicus.eu/backend/dashboard-api/public-activations/?code=EMSR916,200,168c0f8276380024f92a7f51014f4405b9614756477c198587317740d8d6437c,41783,\N,sonda de supuesto
2026-08-17T16:37:30Z,https://chatmap.hotosm.org/api/v1/map/89319bbb-a14a-4dfd-b9a1-c83b8b55785f,200,153c7cebee671e9e5c27d37bc38d4cfa48a49339177685155329c3574e116d14,193312,\N,sonda de supuesto
2026-08-17T16:37:30Z,https://earthquake.usgs.gov/fdsnws/event/1/query?eventid=us6000tjl2&format=geojson,200,9fa841767f11ea13eebf7702645450d29d7bf84a5c2561ecb97bb32c511af373,67044,\N,sonda de supuesto
2026-08-17T16:37:33Z,https://www.gdacs.org/gdacsapi/api/emm/getemmnewsbykey?eventtype=EQ&eventid=1557236,200,4105c96a1fe93cc866639fdb9edfbceefa91f7e4102ff28a54bb3bdc78158365,1832696,\N,sonda de supuesto
2026-08-17T16:37:33Z,https://services2.arcgis.com/YVLx8xYoDXKccDfJ/arcgis/rest/services/REGISTRO_DE_EMERGENCIAS_EN_COLOMBIA/FeatureServer/0/query?where=1%3D1&f=json&resultRecordCount=1&outFields=MUERTOS%2CVIV_DESTRU%2CMUNICIPIO,200,3ef63243668bc2e5a8f8bcab749740625edf1fe451ff82e7c01ba5360471d382,792,\N,sonda de supuesto
2026-08-17T16:37:35Z,https://www.datos.gov.co/resource/wwkg-r6te.json?%24select=max%28fecha%29,200,9e69438b2fabe535e37608812d936a433f81bc015a63069d8b9bfb9b24644dfa,42,\N,sonda de supuesto
2026-08-17T16:37:38Z,https://rud.gestiondelriesgo.gov.co/home/json.php?temp=2026T,200,fbd67f8961be3617f5df69525f2e1a3c510379e718fa4cc07e4d6f4136011e4b,17821,\N,sonda de supuesto
2026-08-17T16:37:49Z,https://rapidmapping.emergency.copernicus.eu/backend/dashboard-api/public-activations/,200,1fee0691a0e23855c9e78aacbc91a2890a8f33a7d9470d4423b108672df8df72,49,\N,sonda de supuesto
2026-08-17T16:37:49Z,https://rapidmapping.emergency.copernicus.eu/backend/dashboard-api/public-activations/?code=EMSR916,200,168c0f8276380024f92a7f51014f4405b9614756477c198587317740d8d6437c,41783,\N,sonda de supuesto
2026-08-17T16:37:49Z,https://rapidmapping.emergency.copernicus.eu/backend/dashboard-api/public-activations/?code=EMSR700,403,dbff0849bc109eee7f9b7b1fe12e40fc8add21823b2f1fb600b37f620cbd7862,58,\N,sonda de supuesto
2026-08-17T16:37:50Z,https://rapidmapping.emergency.copernicus.eu/backend/dashboard-api/public-activations/?code=EMSR916,200,168c0f8276380024f92a7f51014f4405b9614756477c198587317740d8d6437c,41783,\N,sonda de supuesto
2026-08-17T16:37:50Z,https://rapidmapping.emergency.copernicus.eu/backend/dashboard-api/public-activations/?code=EMSR916,200,168c0f8276380024f92a7f51014f4405b9614756477c198587317740d8d6437c,41783,\N,sonda de supuesto
2026-08-17T16:37:51Z,https://chatmap.hotosm.org/api/v1/map/89319bbb-a14a-4dfd-b9a1-c83b8b55785f,200,153c7cebee671e9e5c27d37bc38d4cfa48a49339177685155329c3574e116d14,193312,\N,sonda de supuesto
2026-08-17T16:37:51Z,https://earthquake.usgs.gov/fdsnws/event/1/query?eventid=us6000tjl2&format=geojson,200,9fa841767f11ea13eebf7702645450d29d7bf84a5c2561ecb97bb32c511af373,67044,\N,sonda de supuesto
2026-08-17T16:37:53Z,https://www.gdacs.org/gdacsapi/api/emm/getemmnewsbykey?eventtype=EQ&eventid=1557236,200,4105c96a1fe93cc866639fdb9edfbceefa91f7e4102ff28a54bb3bdc78158365,1832696,\N,sonda de supuesto
2026-08-17T16:37:54Z,https://services2.arcgis.com/YVLx8xYoDXKccDfJ/arcgis/rest/services/REGISTRO_DE_EMERGENCIAS_EN_COLOMBIA/FeatureServer/0/query?where=1%3D1&f=json&resultRecordCount=1&outFields=MUERTOS%2CVIV_DESTRU%2CMUNICIPIO,200,3ef63243668bc2e5a8f8bcab749740625edf1fe451ff82e7c01ba5360471d382,792,\N,sonda de supuesto
2026-08-17T16:37:55Z,https://www.datos.gov.co/resource/wwkg-r6te.json?%24select=max%28fecha%29,200,9e69438b2fabe535e37608812d936a433f81bc015a63069d8b9bfb9b24644dfa,42,\N,sonda de supuesto
2026-08-17T16:37:58Z,https://rud.gestiondelriesgo.gov.co/home/json.php?temp=2026T,200,14690f1164aac0fbddedf392f244228dfcd886fd3cdfeb7300bd6f28efe87a72,17821,\N,sonda de supuesto
2026-08-17T16:38:32Z,https://rapidmapping.emergency.copernicus.eu/backend/dashboard-api/public-activations/,200,1fee0691a0e23855c9e78aacbc91a2890a8f33a7d9470d4423b108672df8df72,49,\N,sonda de supuesto
2026-08-17T16:38:33Z,https://rapidmapping.emergency.copernicus.eu/backend/dashboard-api/public-activations/?code=EMSR916,200,168c0f8276380024f92a7f51014f4405b9614756477c198587317740d8d6437c,41783,\N,sonda de supuesto
2026-08-17T16:38:33Z,https://rapidmapping.emergency.copernicus.eu/backend/dashboard-api/public-activations/?code=EMSR700,403,dbff0849bc109eee7f9b7b1fe12e40fc8add21823b2f1fb600b37f620cbd7862,58,\N,sonda de supuesto
2026-08-17T16:38:33Z,https://rapidmapping.emergency.copernicus.eu/backend/dashboard-api/public-activations/?code=EMSR916,200,168c0f8276380024f92a7f51014f4405b9614756477c198587317740d8d6437c,41783,\N,sonda de supuesto
2026-08-17T16:38:33Z,https://rapidmapping.emergency.copernicus.eu/backend/dashboard-api/public-activations/?code=EMSR916,200,168c0f8276380024f92a7f51014f4405b9614756477c198587317740d8d6437c,41783,\N,sonda de supuesto
2026-08-17T16:38:34Z,https://chatmap.hotosm.org/api/v1/map/89319bbb-a14a-4dfd-b9a1-c83b8b55785f,200,153c7cebee671e9e5c27d37bc38d4cfa48a49339177685155329c3574e116d14,193312,\N,sonda de supuesto
2026-08-17T16:38:35Z,https://earthquake.usgs.gov/fdsnws/event/1/query?eventid=us6000tjl2&format=geojson,200,9fa841767f11ea13eebf7702645450d29d7bf84a5c2561ecb97bb32c511af373,67044,\N,sonda de supuesto
2026-08-17T16:38:37Z,https://www.gdacs.org/gdacsapi/api/emm/getemmnewsbykey?eventtype=EQ&eventid=1557236,200,4105c96a1fe93cc866639fdb9edfbceefa91f7e4102ff28a54bb3bdc78158365,1832696,\N,sonda de supuesto
2026-08-17T16:38:38Z,https://services2.arcgis.com/YVLx8xYoDXKccDfJ/arcgis/rest/services/REGISTRO_DE_EMERGENCIAS_EN_COLOMBIA/FeatureServer/0/query?where=1%3D1&f=json&resultRecordCount=1&outFields=MUERTOS%2CVIV_DESTRU%2CMUNICIPIO,200,3ef63243668bc2e5a8f8bcab749740625edf1fe451ff82e7c01ba5360471d382,792,\N,sonda de supuesto
2026-08-17T16:38:39Z,https://www.datos.gov.co/resource/wwkg-r6te.json?%24select=max%28fecha%29,200,9e69438b2fabe535e37608812d936a433f81bc015a63069d8b9bfb9b24644dfa,42,\N,sonda de supuesto
2026-08-17T16:38:42Z,https://rud.gestiondelriesgo.gov.co/home/json.php?temp=2026T,200,9256e46813b0cd99b02911b63096742f6541589851c201320ddffbe5017265d1,17821,\N,sonda de supuesto
2026-08-17T16:39:40Z,https://rapidmapping.emergency.copernicus.eu/backend/dashboard-api/public-activations/,200,1fee0691a0e23855c9e78aacbc91a2890a8f33a7d9470d4423b108672df8df72,49,\N,sonda de supuesto
2026-08-17T16:39:40Z,https://rapidmapping.emergency.copernicus.eu/backend/dashboard-api/public-activations/?code=EMSR916,200,168c0f8276380024f92a7f51014f4405b9614756477c198587317740d8d6437c,41783,\N,sonda de supuesto
2026-08-17T16:39:41Z,https://rapidmapping.emergency.copernicus.eu/backend/dashboard-api/public-activations/?code=EMSR700,403,dbff0849bc109eee7f9b7b1fe12e40fc8add21823b2f1fb600b37f620cbd7862,58,\N,sonda de supuesto
2026-08-17T16:39:41Z,https://rapidmapping.emergency.copernicus.eu/backend/dashboard-api/public-activations/?code=EMSR916,200,168c0f8276380024f92a7f51014f4405b9614756477c198587317740d8d6437c,41783,\N,sonda de supuesto
2026-08-17T16:39:41Z,https://rapidmapping.emergency.copernicus.eu/backend/dashboard-api/public-activations/?code=EMSR916,200,168c0f8276380024f92a7f51014f4405b9614756477c198587317740d8d6437c,41783,\N,sonda de supuesto
2026-08-17T16:39:42Z,https://chatmap.hotosm.org/api/v1/map/89319bbb-a14a-4dfd-b9a1-c83b8b55785f,200,153c7cebee671e9e5c27d37bc38d4cfa48a49339177685155329c3574e116d14,193312,\N,sonda de supuesto
2026-08-17T16:39:43Z,https://earthquake.usgs.gov/fdsnws/event/1/query?eventid=us6000tjl2&format=geojson,200,9fa841767f11ea13eebf7702645450d29d7bf84a5c2561ecb97bb32c511af373,67044,\N,sonda de supuesto
2026-08-17T16:39:46Z,https://www.gdacs.org/gdacsapi/api/emm/getemmnewsbykey?eventtype=EQ&eventid=1557236,200,4105c96a1fe93cc866639fdb9edfbceefa91f7e4102ff28a54bb3bdc78158365,1832696,\N,sonda de supuesto
2026-08-17T16:39:46Z,https://services2.arcgis.com/YVLx8xYoDXKccDfJ/arcgis/rest/services/REGISTRO_DE_EMERGENCIAS_EN_COLOMBIA/FeatureServer/0/query?where=1%3D1&f=json&resultRecordCount=1&outFields=MUERTOS%2CVIV_DESTRU%2CMUNICIPIO,200,3ef63243668bc2e5a8f8bcab749740625edf1fe451ff82e7c01ba5360471d382,792,\N,sonda de supuesto
2026-08-17T16:39:47Z,https://www.datos.gov.co/resource/wwkg-r6te.json?%24select=max%28fecha%29,200,9e69438b2fabe535e37608812d936a433f81bc015a63069d8b9bfb9b24644dfa,42,\N,sonda de supuesto
2026-08-17T16:39:50Z,https://rud.gestiondelriesgo.gov.co/home/json.php?temp=2026T,200,a26d8ecf86f2271f98adc81e043c49513ee28704e4a57a84831d52a2e0d52d50,17821,\N,sonda de supuesto
2026-08-18T04:51:53Z,https://www.dane.gov.co/files/censo2018/proyecciones-de-poblacion/Municipal/PPED-AreaMun-2018-2042_VP.xlsx,200,1ea83594ad308becff39934a3977c102919c25740f60439be95d797396d11283,3948350,data/snapshots/2026-08-18/dane_poblacion_municipal_2018_2042.xlsx,dane poblacion municipal 2018-2042
2026-08-17T10:50:05Z,https://api.github.com/repos/18orkidea/monitor-terremoto-colombia/actions/jobs/95362286090/logs,200,57c10c8524b00133c936cf60ef2d11bcc62153ae00fcfb140439716c61880851,18081,data/snapshots/2026-08-17/corrida_fallida_95362286090.log,"log de la corrida fallida del 17-ago (descargado con gh api, requiere auth)"
2026-08-18T04:58:57Z,https://rapidmapping.emergency.copernicus.eu/backend/dashboard-api/public-activations/,200,1fee0691a0e23855c9e78aacbc91a2890a8f33a7d9470d4423b108672df8df72,49,\N,sonda de supuesto
2026-08-18T04:58:58Z,https://rapidmapping.emergency.copernicus.eu/backend/dashboard-api/public-activations/?code=EMSR916,200,168c0f8276380024f92a7f51014f4405b9614756477c198587317740d8d6437c,41783,\N,sonda de supuesto
2026-08-18T04:58:58Z,https://rapidmapping.emergency.copernicus.eu/backend/dashboard-api/public-activations/?code=EMSR700,403,dbff0849bc109eee7f9b7b1fe12e40fc8add21823b2f1fb600b37f620cbd7862,58,\N,sonda de supuesto
2026-08-18T04:58:58Z,https://rapidmapping.emergency.copernicus.eu/backend/dashboard-api/public-activations/?code=EMSR916,200,168c0f8276380024f92a7f51014f4405b9614756477c198587317740d8d6437c,41783,\N,sonda de supuesto
2026-08-18T04:58:59Z,https://rapidmapping.emergency.copernicus.eu/backend/dashboard-api/public-activations/?code=EMSR916,200,168c0f8276380024f92a7f51014f4405b9614756477c198587317740d8d6437c,41783,\N,sonda de supuesto
2026-08-18T04:59:00Z,https://chatmap.hotosm.org/api/v1/map/89319bbb-a14a-4dfd-b9a1-c83b8b55785f,200,8b74291818f4d4b453a6ec22bc5a27eedc3dcabf72de42692cf81d93beda98ed,194724,\N,sonda de supuesto
2026-08-18T04:59:00Z,https://earthquake.usgs.gov/fdsnws/event/1/query?eventid=us6000tjl2&format=geojson,200,def28b749cecf6881edadbc9259fcf4bb258b805060a1687143fd8d26ed84404,67044,\N,sonda de supuesto
2026-08-18T04:59:04Z,https://www.gdacs.org/gdacsapi/api/emm/getemmnewsbykey?eventtype=EQ&eventid=1557236,200,4105c96a1fe93cc866639fdb9edfbceefa91f7e4102ff28a54bb3bdc78158365,1832696,\N,sonda de supuesto
2026-08-18T04:59:05Z,https://services2.arcgis.com/YVLx8xYoDXKccDfJ/arcgis/rest/services/REGISTRO_DE_EMERGENCIAS_EN_COLOMBIA/FeatureServer/0/query?where=1%3D1&f=json&resultRecordCount=1&outFields=MUERTOS%2CVIV_DESTRU%2CMUNICIPIO,200,3ef63243668bc2e5a8f8bcab749740625edf1fe451ff82e7c01ba5360471d382,792,\N,sonda de supuesto
2026-08-18T04:59:06Z,https://www.datos.gov.co/resource/wwkg-r6te.json?%24select=max%28fecha%29,200,9e69438b2fabe535e37608812d936a433f81bc015a63069d8b9bfb9b24644dfa,42,\N,sonda de supuesto
2026-08-18T04:59:11Z,https://rud.gestiondelriesgo.gov.co/home/json.php?temp=2026T,200,27c3ec3b125cf753c1a0077ad18d03c4af2f35398def4a70975b654a3fcd5ca0,18926,\N,sonda de supuesto
2026-08-18T04:59:51Z,https://rapidmapping.emergency.copernicus.eu/backend/dashboard-api/public-activations/,200,1fee0691a0e23855c9e78aacbc91a2890a8f33a7d9470d4423b108672df8df72,49,\N,sonda de supuesto
2026-08-18T04:59:51Z,https://rapidmapping.emergency.copernicus.eu/backend/dashboard-api/public-activations/?code=EMSR916,200,168c0f8276380024f92a7f51014f4405b9614756477c198587317740d8d6437c,41783,\N,sonda de supuesto
2026-08-18T04:59:52Z,https://rapidmapping.emergency.copernicus.eu/backend/dashboard-api/public-activations/?code=EMSR700,403,dbff0849bc109eee7f9b7b1fe12e40fc8add21823b2f1fb600b37f620cbd7862,58,\N,sonda de supuesto
2026-08-18T04:59:52Z,https://rapidmapping.emergency.copernicus.eu/backend/dashboard-api/public-activations/?code=EMSR916,200,168c0f8276380024f92a7f51014f4405b9614756477c198587317740d8d6437c,41783,\N,sonda de supuesto
2026-08-18T04:59:52Z,https://rapidmapping.emergency.copernicus.eu/backend/dashboard-api/public-activations/?code=EMSR916,200,168c0f8276380024f92a7f51014f4405b9614756477c198587317740d8d6437c,41783,\N,sonda de supuesto
2026-08-18T04:59:53Z,https://chatmap.hotosm.org/api/v1/map/89319bbb-a14a-4dfd-b9a1-c83b8b55785f,200,8b74291818f4d4b453a6ec22bc5a27eedc3dcabf72de42692cf81d93beda98ed,194724,\N,sonda de supuesto
2026-08-18T04:59:53Z,https://earthquake.usgs.gov/fdsnws/event/1/query?eventid=us6000tjl2&format=geojson,200,def28b749cecf6881edadbc9259fcf4bb258b805060a1687143fd8d26ed84404,67044,\N,sonda de supuesto
2026-08-18T04:59:56Z,https://www.gdacs.org/gdacsapi/api/emm/getemmnewsbykey?eventtype=EQ&eventid=1557236,200,4105c96a1fe93cc866639fdb9edfbceefa91f7e4102ff28a54bb3bdc78158365,1832696,\N,sonda de supuesto
2026-08-18T04:59:56Z,https://services2.arcgis.com/YVLx8xYoDXKccDfJ/arcgis/rest/services/REGISTRO_DE_EMERGENCIAS_EN_COLOMBIA/FeatureServer/0/query?where=1%3D1&f=json&resultRecordCount=1&outFields=MUERTOS%2CVIV_DESTRU%2CMUNICIPIO,200,3ef63243668bc2e5a8f8bcab749740625edf1fe451ff82e7c01ba5360471d382,792,\N,sonda de supuesto
2026-08-18T04:59:57Z,https://www.datos.gov.co/resource/wwkg-r6te.json?%24select=max%28fecha%29,200,9e69438b2fabe535e37608812d936a433f81bc015a63069d8b9bfb9b24644dfa,42,\N,sonda de supuesto
2026-08-18T05:00:02Z,https://rud.gestiondelriesgo.gov.co/home/json.php?temp=2026T,200,dd6ee901d50a96004e80098fc708eba9dd6dd7a150bae79830cb78213f22ccca,18926,\N,sonda de supuesto
2026-08-18T05:00:37Z,https://rud.gestiondelriesgo.gov.co/home/json.php?temp=2026T,200,5a00ff57a67fbdfe05783f8602ee4978d6ab809b7a3341d9fc2bed0ae3dfe6eb,18926,data/snapshots/2026-08-18/rud_2026T.json,rud 2026T (comprobación del hueco del 17)
2026-08-18T05:02:13Z,https://rud.gestiondelriesgo.gov.co/home/json.php?temp=2026T,200,720c88b528877a505e2fb3f48a202b659b42b08ee7db8000df29e7a1a2f57698,18926,data/snapshots/2026-08-18/rud_2026T_720c88b5.json,rud 2026T
2026-08-18T05:02:56Z,https://rapidmapping.emergency.copernicus.eu/backend/dashboard-api/public-activations/,200,1fee0691a0e23855c9e78aacbc91a2890a8f33a7d9470d4423b108672df8df72,49,\N,sonda de supuesto
2026-08-18T05:02:56Z,https://rapidmapping.emergency.copernicus.eu/backend/dashboard-api/public-activations/?code=EMSR916,200,168c0f8276380024f92a7f51014f4405b9614756477c198587317740d8d6437c,41783,\N,sonda de supuesto
2026-08-18T05:02:56Z,https://rapidmapping.emergency.copernicus.eu/backend/dashboard-api/public-activations/?code=EMSR700,403,dbff0849bc109eee7f9b7b1fe12e40fc8add21823b2f1fb600b37f620cbd7862,58,\N,sonda de supuesto
2026-08-18T05:02:57Z,https://rapidmapping.emergency.copernicus.eu/backend/dashboard-api/public-activations/?code=EMSR916,200,168c0f8276380024f92a7f51014f4405b9614756477c198587317740d8d6437c,41783,\N,sonda de supuesto
2026-08-18T05:02:57Z,https://rapidmapping.emergency.copernicus.eu/backend/dashboard-api/public-activations/?code=EMSR916,200,168c0f8276380024f92a7f51014f4405b9614756477c198587317740d8d6437c,41783,\N,sonda de supuesto
2026-08-18T05:02:58Z,https://chatmap.hotosm.org/api/v1/map/89319bbb-a14a-4dfd-b9a1-c83b8b55785f,200,8b74291818f4d4b453a6ec22bc5a27eedc3dcabf72de42692cf81d93beda98ed,194724,\N,sonda de supuesto
2026-08-18T05:02:59Z,https://earthquake.usgs.gov/fdsnws/event/1/query?eventid=us6000tjl2&format=geojson,200,def28b749cecf6881edadbc9259fcf4bb258b805060a1687143fd8d26ed84404,67044,\N,sonda de supuesto
2026-08-18T05:03:01Z,https://www.gdacs.org/gdacsapi/api/emm/getemmnewsbykey?eventtype=EQ&eventid=1557236,200,045a0f3be27e9c741367ebee2385bb3adc506b6986797ae9044ac631ead94342,1832696,\N,sonda de supuesto
2026-08-18T05:03:01Z,https://services2.arcgis.com/YVLx8xYoDXKccDfJ/arcgis/rest/services/REGISTRO_DE_EMERGENCIAS_EN_COLOMBIA/FeatureServer/0/query?where=1%3D1&f=json&resultRecordCount=1&outFields=MUERTOS%2CVIV_DESTRU%2CMUNICIPIO,200,3ef63243668bc2e5a8f8bcab749740625edf1fe451ff82e7c01ba5360471d382,792,\N,sonda de supuesto
2026-08-18T05:03:04Z,https://www.datos.gov.co/resource/wwkg-r6te.json?%24select=max%28fecha%29,200,9e69438b2fabe535e37608812d936a433f81bc015a63069d8b9bfb9b24644dfa,42,\N,sonda de supuesto
2026-08-18T05:03:07Z,https://rud.gestiondelriesgo.gov.co/home/json.php?temp=2026T,200,bca8f1fc974c727df98c665d810e5e6afafc8521cc5e26c7b4b75c072d125540,18926,\N,sonda de supuesto
2026-08-18T05:03:26Z,https://rapidmapping.emergency.copernicus.eu/backend/dashboard-api/public-activations/,200,1fee0691a0e23855c9e78aacbc91a2890a8f33a7d9470d4423b108672df8df72,49,\N,sonda de supuesto
2026-08-18T05:03:27Z,https://rapidmapping.emergency.copernicus.eu/backend/dashboard-api/public-activations/?code=EMSR916,200,168c0f8276380024f92a7f51014f4405b9614756477c198587317740d8d6437c,41783,\N,sonda de supuesto
2026-08-18T05:03:27Z,https://rapidmapping.emergency.copernicus.eu/backend/dashboard-api/public-activations/?code=EMSR700,403,dbff0849bc109eee7f9b7b1fe12e40fc8add21823b2f1fb600b37f620cbd7862,58,\N,sonda de supuesto
2026-08-18T05:03:27Z,https://rapidmapping.emergency.copernicus.eu/backend/dashboard-api/public-activations/?code=EMSR916,200,168c0f8276380024f92a7f51014f4405b9614756477c198587317740d8d6437c,41783,\N,sonda de supuesto
2026-08-18T05:03:28Z,https://rapidmapping.emergency.copernicus.eu/backend/dashboard-api/public-activations/?code=EMSR916,200,168c0f8276380024f92a7f51014f4405b9614756477c198587317740d8d6437c,41783,\N,sonda de supuesto
2026-08-18T05:03:29Z,https://chatmap.hotosm.org/api/v1/map/89319bbb-a14a-4dfd-b9a1-c83b8b55785f,200,8b74291818f4d4b453a6ec22bc5a27eedc3dcabf72de42692cf81d93beda98ed,194724,\N,sonda de supuesto
2026-08-18T05:03:29Z,https://earthquake.usgs.gov/fdsnws/event/1/query?eventid=us6000tjl2&format=geojson,200,def28b749cecf6881edadbc9259fcf4bb258b805060a1687143fd8d26ed84404,67044,\N,sonda de supuesto
2026-08-18T05:03:31Z,https://www.gdacs.org/gdacsapi/api/emm/getemmnewsbykey?eventtype=EQ&eventid=1557236,200,4105c96a1fe93cc866639fdb9edfbceefa91f7e4102ff28a54bb3bdc78158365,1832696,\N,sonda de supuesto
2026-08-18T05:03:32Z,https://services2.arcgis.com/YVLx8xYoDXKccDfJ/arcgis/rest/services/REGISTRO_DE_EMERGENCIAS_EN_COLOMBIA/FeatureServer/0/query?where=1%3D1&f=json&resultRecordCount=1&outFields=MUERTOS%2CVIV_DESTRU%2CMUNICIPIO,200,3ef63243668bc2e5a8f8bcab749740625edf1fe451ff82e7c01ba5360471d382,792,\N,sonda de supuesto
2026-08-18T05:03:32Z,https://www.datos.gov.co/resource/wwkg-r6te.json?%24select=max%28fecha%29,200,9e69438b2fabe535e37608812d936a433f81bc015a63069d8b9bfb9b24644dfa,42,\N,sonda de supuesto
2026-08-18T05:03:35Z,https://rud.gestiondelriesgo.gov.co/home/json.php?temp=2026T,200,0326f0b5a4287f3c328181cde6d77a207ad394319d694df8d85337baf9eea047,18926,\N,sonda de supuesto
2026-08-18T05:07:26Z,https://rapidmapping.emergency.copernicus.eu/backend/dashboard-api/public-activations/,200,1fee0691a0e23855c9e78aacbc91a2890a8f33a7d9470d4423b108672df8df72,49,\N,sonda de supuesto
2026-08-18T05:07:26Z,https://rapidmapping.emergency.copernicus.eu/backend/dashboard-api/public-activations/?code=EMSR916,200,168c0f8276380024f92a7f51014f4405b9614756477c198587317740d8d6437c,41783,\N,sonda de supuesto
2026-08-18T05:07:27Z,https://rapidmapping.emergency.copernicus.eu/backend/dashboard-api/public-activations/?code=EMSR700,403,dbff0849bc109eee7f9b7b1fe12e40fc8add21823b2f1fb600b37f620cbd7862,58,\N,sonda de supuesto
2026-08-18T05:07:27Z,https://rapidmapping.emergency.copernicus.eu/backend/dashboard-api/public-activations/?code=EMSR916,200,168c0f8276380024f92a7f51014f4405b9614756477c198587317740d8d6437c,41783,\N,sonda de supuesto
2026-08-18T05:07:27Z,https://rapidmapping.emergency.copernicus.eu/backend/dashboard-api/public-activations/?code=EMSR916,200,168c0f8276380024f92a7f51014f4405b9614756477c198587317740d8d6437c,41783,\N,sonda de supuesto
2026-08-18T05:07:28Z,https://chatmap.hotosm.org/api/v1/map/89319bbb-a14a-4dfd-b9a1-c83b8b55785f,200,8b74291818f4d4b453a6ec22bc5a27eedc3dcabf72de42692cf81d93beda98ed,194724,\N,sonda de supuesto
2026-08-18T05:07:29Z,https://earthquake.usgs.gov/fdsnws/event/1/query?eventid=us6000tjl2&format=geojson,200,def28b749cecf6881edadbc9259fcf4bb258b805060a1687143fd8d26ed84404,67044,\N,sonda de supuesto
2026-08-18T05:07:31Z,https://www.gdacs.org/gdacsapi/api/emm/getemmnewsbykey?eventtype=EQ&eventid=1557236,200,4105c96a1fe93cc866639fdb9edfbceefa91f7e4102ff28a54bb3bdc78158365,1832696,\N,sonda de supuesto
2026-08-18T05:07:32Z,https://services2.arcgis.com/YVLx8xYoDXKccDfJ/arcgis/rest/services/REGISTRO_DE_EMERGENCIAS_EN_COLOMBIA/FeatureServer/0/query?where=1%3D1&f=json&resultRecordCount=1&outFields=MUERTOS%2CVIV_DESTRU%2CMUNICIPIO,200,3ef63243668bc2e5a8f8bcab749740625edf1fe451ff82e7c01ba5360471d382,792,\N,sonda de supuesto
2026-08-18T05:07:34Z,https://www.datos.gov.co/resource/wwkg-r6te.json?%24select=max%28fecha%29,200,9e69438b2fabe535e37608812d936a433f81bc015a63069d8b9bfb9b24644dfa,42,\N,sonda de supuesto
2026-08-18T05:07:37Z,https://rud.gestiondelriesgo.gov.co/home/json.php?temp=2026T,200,eab700e6b3cc8ca1a8ae3dc43692cbd45480fc75d8aa7183d4b274544ec001e3,18926,\N,sonda de supuesto
2026-08-18T05:09:19Z,https://rapidmapping.emergency.copernicus.eu/backend/dashboard-api/public-activations/,200,1fee0691a0e23855c9e78aacbc91a2890a8f33a7d9470d4423b108672df8df72,49,\N,sonda de supuesto
2026-08-18T05:09:20Z,https://rapidmapping.emergency.copernicus.eu/backend/dashboard-api/public-activations/?code=EMSR916,200,168c0f8276380024f92a7f51014f4405b9614756477c198587317740d8d6437c,41783,\N,sonda de supuesto
2026-08-18T05:09:20Z,https://rapidmapping.emergency.copernicus.eu/backend/dashboard-api/public-activations/?code=EMSR700,403,dbff0849bc109eee7f9b7b1fe12e40fc8add21823b2f1fb600b37f620cbd7862,58,\N,sonda de supuesto
2026-08-18T05:09:20Z,https://rapidmapping.emergency.copernicus.eu/backend/dashboard-api/public-activations/?code=EMSR916,200,168c0f8276380024f92a7f51014f4405b9614756477c198587317740d8d6437c,41783,\N,sonda de supuesto
2026-08-18T05:09:21Z,https://rapidmapping.emergency.copernicus.eu/backend/dashboard-api/public-activations/?code=EMSR916,200,168c0f8276380024f92a7f51014f4405b9614756477c198587317740d8d6437c,41783,\N,sonda de supuesto
2026-08-18T05:09:22Z,https://chatmap.hotosm.org/api/v1/map/89319bbb-a14a-4dfd-b9a1-c83b8b55785f,200,8b74291818f4d4b453a6ec22bc5a27eedc3dcabf72de42692cf81d93beda98ed,194724,\N,sonda de supuesto
2026-08-18T05:09:22Z,https://earthquake.usgs.gov/fdsnws/event/1/query?eventid=us6000tjl2&format=geojson,200,def28b749cecf6881edadbc9259fcf4bb258b805060a1687143fd8d26ed84404,67044,\N,sonda de supuesto
2026-08-18T05:09:25Z,https://www.gdacs.org/gdacsapi/api/emm/getemmnewsbykey?eventtype=EQ&eventid=1557236,200,4105c96a1fe93cc866639fdb9edfbceefa91f7e4102ff28a54bb3bdc78158365,1832696,\N,sonda de supuesto
2026-08-18T05:09:26Z,https://services2.arcgis.com/YVLx8xYoDXKccDfJ/arcgis/rest/services/REGISTRO_DE_EMERGENCIAS_EN_COLOMBIA/FeatureServer/0/query?where=1%3D1&f=json&resultRecordCount=1&outFields=MUERTOS%2CVIV_DESTRU%2CMUNICIPIO,200,3ef63243668bc2e5a8f8bcab749740625edf1fe451ff82e7c01ba5360471d382,792,\N,sonda de supuesto
2026-08-18T05:09:28Z,https://www.datos.gov.co/resource/wwkg-r6te.json?%24select=max%28fecha%29,200,9e69438b2fabe535e37608812d936a433f81bc015a63069d8b9bfb9b24644dfa,42,\N,sonda de supuesto
2026-08-18T05:09:31Z,https://rud.gestiondelriesgo.gov.co/home/json.php?temp=2026T,200,95c27756c5d423c825488466bc8165ec56e00321832b971a35339b13a2e10014,18926,\N,sonda de supuesto
2026-08-18T09:31:03Z,https://rapidmapping.emergency.copernicus.eu/backend/dashboard-api/public-activations/,200,1fee0691a0e23855c9e78aacbc91a2890a8f33a7d9470d4423b108672df8df72,49,\N,sonda de supuesto
2026-08-18T09:31:04Z,https://rapidmapping.emergency.copernicus.eu/backend/dashboard-api/public-activations/?code=EMSR916,200,168c0f8276380024f92a7f51014f4405b9614756477c198587317740d8d6437c,41783,\N,sonda de supuesto
2026-08-18T09:31:04Z,https://rapidmapping.emergency.copernicus.eu/backend/dashboard-api/public-activations/?code=EMSR700,403,dbff0849bc109eee7f9b7b1fe12e40fc8add21823b2f1fb600b37f620cbd7862,58,\N,sonda de supuesto
2026-08-18T09:31:04Z,https://rapidmapping.emergency.copernicus.eu/backend/dashboard-api/public-activations/?code=EMSR916,200,168c0f8276380024f92a7f51014f4405b9614756477c198587317740d8d6437c,41783,\N,sonda de supuesto
2026-08-18T09:31:05Z,https://rapidmapping.emergency.copernicus.eu/backend/dashboard-api/public-activations/?code=EMSR916,200,168c0f8276380024f92a7f51014f4405b9614756477c198587317740d8d6437c,41783,\N,sonda de supuesto
2026-08-18T09:31:06Z,https://chatmap.hotosm.org/api/v1/map/89319bbb-a14a-4dfd-b9a1-c83b8b55785f,200,8b74291818f4d4b453a6ec22bc5a27eedc3dcabf72de42692cf81d93beda98ed,194724,\N,sonda de supuesto
2026-08-18T09:31:06Z,https://earthquake.usgs.gov/fdsnws/event/1/query?eventid=us6000tjl2&format=geojson,200,def28b749cecf6881edadbc9259fcf4bb258b805060a1687143fd8d26ed84404,67044,\N,sonda de supuesto
2026-08-18T09:31:10Z,https://www.gdacs.org/gdacsapi/api/emm/getemmnewsbykey?eventtype=EQ&eventid=1557236,200,4105c96a1fe93cc866639fdb9edfbceefa91f7e4102ff28a54bb3bdc78158365,1832696,\N,sonda de supuesto
2026-08-18T09:31:11Z,https://services2.arcgis.com/YVLx8xYoDXKccDfJ/arcgis/rest/services/REGISTRO_DE_EMERGENCIAS_EN_COLOMBIA/FeatureServer/0/query?where=1%3D1&f=json&resultRecordCount=1&outFields=MUERTOS%2CVIV_DESTRU%2CMUNICIPIO,200,3ef63243668bc2e5a8f8bcab749740625edf1fe451ff82e7c01ba5360471d382,792,\N,sonda de supuesto
2026-08-18T09:31:12Z,https://www.datos.gov.co/resource/wwkg-r6te.json?%24select=max%28fecha%29,200,9e69438b2fabe535e37608812d936a433f81bc015a63069d8b9bfb9b24644dfa,42,\N,sonda de supuesto
2026-08-18T09:31:16Z,https://rud.gestiondelriesgo.gov.co/home/json.php?temp=2026T,200,2f10abcd5046cfba60b31f83e1ebb8eaf160e8dad1a8a8635ce43f0c60b08b23,18927,\N,sonda de supuesto
2026-08-18T09:48:58Z,https://www.dane.gov.co/files/censo2018/proyecciones-de-poblacion/Municipal/PPED-AreaMun-2018-2042_VP.xlsx,-1,\N,0,\N,prueba dane
2026-08-18T09:51:11Z,https://rapidmapping.emergency.copernicus.eu/backend/dashboard-api/public-activations/,200,1fee0691a0e23855c9e78aacbc91a2890a8f33a7d9470d4423b108672df8df72,49,\N,sonda de supuesto
2026-08-18T09:51:11Z,https://rapidmapping.emergency.copernicus.eu/backend/dashboard-api/public-activations/?code=EMSR916,200,168c0f8276380024f92a7f51014f4405b9614756477c198587317740d8d6437c,41783,\N,sonda de supuesto
2026-08-18T09:51:11Z,https://rapidmapping.emergency.copernicus.eu/backend/dashboard-api/public-activations/?code=EMSR700,403,dbff0849bc109eee7f9b7b1fe12e40fc8add21823b2f1fb600b37f620cbd7862,58,\N,sonda de supuesto
2026-08-18T09:51:12Z,https://rapidmapping.emergency.copernicus.eu/backend/dashboard-api/public-activations/?code=EMSR916,200,168c0f8276380024f92a7f51014f4405b9614756477c198587317740d8d6437c,41783,\N,sonda de supuesto
2026-08-18T09:51:12Z,https://rapidmapping.emergency.copernicus.eu/backend/dashboard-api/public-activations/?code=EMSR916,200,168c0f8276380024f92a7f51014f4405b9614756477c198587317740d8d6437c,41783,\N,sonda de supuesto
2026-08-18T09:51:13Z,https://chatmap.hotosm.org/api/v1/map/89319bbb-a14a-4dfd-b9a1-c83b8b55785f,200,8b74291818f4d4b453a6ec22bc5a27eedc3dcabf72de42692cf81d93beda98ed,194724,\N,sonda de supuesto
2026-08-18T09:51:13Z,https://earthquake.usgs.gov/fdsnws/event/1/query?eventid=us6000tjl2&format=geojson,200,def28b749cecf6881edadbc9259fcf4bb258b805060a1687143fd8d26ed84404,67044,\N,sonda de supuesto
2026-08-18T09:51:16Z,https://www.gdacs.org/gdacsapi/api/emm/getemmnewsbykey?eventtype=EQ&eventid=1557236,200,4105c96a1fe93cc866639fdb9edfbceefa91f7e4102ff28a54bb3bdc78158365,1832696,\N,sonda de supuesto
2026-08-18T09:51:16Z,https://services2.arcgis.com/YVLx8xYoDXKccDfJ/arcgis/rest/services/REGISTRO_DE_EMERGENCIAS_EN_COLOMBIA/FeatureServer/0/query?where=1%3D1&f=json&resultRecordCount=1&outFields=MUERTOS%2CVIV_DESTRU%2CMUNICIPIO,200,3ef63243668bc2e5a8f8bcab749740625edf1fe451ff82e7c01ba5360471d382,792,\N,sonda de supuesto
2026-08-18T09:51:17Z,https://www.datos.gov.co/resource/wwkg-r6te.json?%24select=max%28fecha%29,200,9e69438b2fabe535e37608812d936a433f81bc015a63069d8b9bfb9b24644dfa,42,\N,sonda de supuesto
2026-08-18T09:51:21Z,https://rud.gestiondelriesgo.gov.co/home/json.php?temp=2026T,200,2f10abcd5046cfba60b31f83e1ebb8eaf160e8dad1a8a8635ce43f0c60b08b23,18927,\N,sonda de supuesto
2026-08-18T09:51:40Z,https://rapidmapping.emergency.copernicus.eu/backend/dashboard-api/public-activations/?code=EMSR865,200,9b814c5bea2380bc96a57251cb318aa7980415103daf177273cebc179c3f7a65,25160,data/snapshots/2026-08-18/copernicus_EMSR865.json,copernicus EMSR865
2026-08-18T09:51:41Z,https://rapidmapping.emergency.copernicus.eu/backend/dashboard-api/public-activations/?code=EMSR916,200,168c0f8276380024f92a7f51014f4405b9614756477c198587317740d8d6437c,41783,data/snapshots/2026-08-18/copernicus_EMSR916.json,copernicus EMSR916
2026-08-18T09:51:41Z,https://rapidmapping.emergency.copernicus.eu/backend/dashboard-api/public-activations/?code=EMSR925,403,dbff0849bc109eee7f9b7b1fe12e40fc8add21823b2f1fb600b37f620cbd7862,58,\N,copernicus EMSR925
2026-08-18T09:51:42Z,https://rapidmapping.emergency.copernicus.eu/backend/dashboard-api/public-activations/?code=EMSR926,403,dbff0849bc109eee7f9b7b1fe12e40fc8add21823b2f1fb600b37f620cbd7862,58,\N,copernicus EMSR926
2026-08-18T09:51:43Z,https://rapidmapping.emergency.copernicus.eu/backend/dashboard-api/public-activations/?code=EMSR927,403,dbff0849bc109eee7f9b7b1fe12e40fc8add21823b2f1fb600b37f620cbd7862,58,\N,copernicus EMSR927
2026-08-18T09:51:43Z,https://rapidmapping.emergency.copernicus.eu/backend/dashboard-api/public-activations/?code=EMSR928,403,dbff0849bc109eee7f9b7b1fe12e40fc8add21823b2f1fb600b37f620cbd7862,58,\N,copernicus EMSR928
2026-08-18T09:51:44Z,https://rapidmapping.emergency.copernicus.eu/backend/dashboard-api/public-activations/?code=EMSR929,403,dbff0849bc109eee7f9b7b1fe12e40fc8add21823b2f1fb600b37f620cbd7862,58,\N,copernicus EMSR929
2026-08-18T09:51:45Z,https://rapidmapping.emergency.copernicus.eu/backend/dashboard-api/public-activations/?code=EMSR930,403,dbff0849bc109eee7f9b7b1fe12e40fc8add21823b2f1fb600b37f620cbd7862,58,\N,copernicus EMSR930
2026-08-18T09:51:45Z,https://rapidmapping.emergency.copernicus.eu/backend/dashboard-api/public-activations/?code=EMSR931,403,dbff0849bc109eee7f9b7b1fe12e40fc8add21823b2f1fb600b37f620cbd7862,58,\N,copernicus EMSR931
2026-08-18T09:51:46Z,https://rapidmapping.emergency.copernicus.eu/backend/dashboard-api/public-activations/?code=EMSR932,403,dbff0849bc109eee7f9b7b1fe12e40fc8add21823b2f1fb600b37f620cbd7862,58,\N,copernicus EMSR932
2026-08-18T09:51:47Z,https://rapidmapping.emergency.copernicus.eu/backend/dashboard-api/public-activations/?code=EMSR933,403,dbff0849bc109eee7f9b7b1fe12e40fc8add21823b2f1fb600b37f620cbd7862,58,\N,copernicus EMSR933
2026-08-18T09:51:48Z,https://rapidmapping.emergency.copernicus.eu/backend/dashboard-api/public-activations/?code=EMSR934,403,dbff0849bc109eee7f9b7b1fe12e40fc8add21823b2f1fb600b37f620cbd7862,58,\N,copernicus EMSR934
2026-08-18T09:51:48Z,https://rapidmapping.emergency.copernicus.eu/backend/dashboard-api/public-activations/?code=EMSR935,403,dbff0849bc109eee7f9b7b1fe12e40fc8add21823b2f1fb600b37f620cbd7862,58,\N,copernicus EMSR935
2026-08-18T09:51:49Z,https://rapidmapping.emergency.copernicus.eu/backend/dashboard-api/public-activations/?code=EMSR936,403,dbff0849bc109eee7f9b7b1fe12e40fc8add21823b2f1fb600b37f620cbd7862,58,\N,copernicus EMSR936
2026-08-18T09:51:50Z,https://rapidmapping.emergency.copernicus.eu/backend/dashboard-api/public-activations/?code=EMSR937,403,dbff0849bc109eee7f9b7b1fe12e40fc8add21823b2f1fb600b37f620cbd7862,58,\N,copernicus EMSR937
2026-08-18T09:51:50Z,https://rapidmapping.emergency.copernicus.eu/backend/dashboard-api/public-activations/?code=EMSR938,403,dbff0849bc109eee7f9b7b1fe12e40fc8add21823b2f1fb600b37f620cbd7862,58,\N,copernicus EMSR938
2026-08-18T09:51:51Z,https://rapidmapping.emergency.copernicus.eu/backend/dashboard-api/public-activations/?code=EMSR939,403,dbff0849bc109eee7f9b7b1fe12e40fc8add21823b2f1fb600b37f620cbd7862,58,\N,copernicus EMSR939
2026-08-18T09:51:52Z,https://rapidmapping.emergency.copernicus.eu/backend/dashboard-api/public-activations/?code=EMSR940,403,dbff0849bc109eee7f9b7b1fe12e40fc8add21823b2f1fb600b37f620cbd7862,58,\N,copernicus EMSR940
2026-08-18T09:51:52Z,https://rapidmapping.emergency.copernicus.eu/backend/dashboard-api/public-activations/?code=EMSR941,403,dbff0849bc109eee7f9b7b1fe12e40fc8add21823b2f1fb600b37f620cbd7862,58,\N,copernicus EMSR941
2026-08-18T09:51:53Z,https://rapidmapping.emergency.copernicus.eu/backend/dashboard-api/public-activations/?code=EMSR942,403,dbff0849bc109eee7f9b7b1fe12e40fc8add21823b2f1fb600b37f620cbd7862,58,\N,copernicus EMSR942
2026-08-18T09:51:54Z,https://rapidmapping.emergency.copernicus.eu/backend/dashboard-api/public-activations/?code=EMSR943,403,dbff0849bc109eee7f9b7b1fe12e40fc8add21823b2f1fb600b37f620cbd7862,58,\N,copernicus EMSR943
2026-08-18T09:51:54Z,https://rapidmapping.emergency.copernicus.eu/backend/dashboard-api/public-activations/?code=EMSR944,403,dbff0849bc109eee7f9b7b1fe12e40fc8add21823b2f1fb600b37f620cbd7862,58,\N,copernicus EMSR944
2026-08-18T09:51:55Z,https://rapidmapping.emergency.copernicus.eu/backend/dashboard-api/public-activations/?code=EMSR945,403,dbff0849bc109eee7f9b7b1fe12e40fc8add21823b2f1fb600b37f620cbd7862,58,\N,copernicus EMSR945
2026-08-18T09:51:56Z,https://rapidmapping.emergency.copernicus.eu/backend/dashboard-api/public-activations/?code=EMSR946,403,dbff0849bc109eee7f9b7b1fe12e40fc8add21823b2f1fb600b37f620cbd7862,58,\N,copernicus EMSR946
2026-08-18T09:51:56Z,https://rapidmapping.emergency.copernicus.eu/backend/dashboard-api/public-activations/?code=EMSR947,403,dbff0849bc109eee7f9b7b1fe12e40fc8add21823b2f1fb600b37f620cbd7862,58,\N,copernicus EMSR947
2026-08-18T09:51:57Z,https://rapidmapping.emergency.copernicus.eu/backend/dashboard-api/public-activations/?code=EMSR948,403,dbff0849bc109eee7f9b7b1fe12e40fc8add21823b2f1fb600b37f620cbd7862,58,\N,copernicus EMSR948
2026-08-18T09:51:58Z,https://rapidmapping.emergency.copernicus.eu/backend/dashboard-api/public-activations/?code=EMSR949,403,dbff0849bc109eee7f9b7b1fe12e40fc8add21823b2f1fb600b37f620cbd7862,58,\N,copernicus EMSR949
2026-08-18T09:51:58Z,https://rapidmapping-viewer.s3.eu-west-1.amazonaws.com/EMSR916/AOI01/GRA_PRODUCT/EMSR916_AOI01_GRA_PRODUCT_builtUpP_v1.json,200,d2c876bed0fe855db3baf3eeed0068a543b8e5f1a53d4649d1469f0adcf12816,2967,data/snapshots/2026-08-18/layer_EMSR916_AOI01_GRA_PRODUCT_builtUpP_v1.json,capa EMSR916_AOI01_GRA_PRODUCT_builtUpP_v1.json
2026-08-18T09:51:59Z,https://rapidmapping-viewer.s3.eu-west-1.amazonaws.com/EMSR916/AOI01/GRA_PRODUCT/EMSR916_AOI01_GRA_PRODUCT_transportationL_v1.json,200,d7f4fac6a9ec135213d5a4b1e114be72d34858e61e49a2c10739a210e6936ec0,1841079,data/snapshots/2026-08-18/layer_EMSR916_AOI01_GRA_PRODUCT_transportationL_v1.json,capa EMSR916_AOI01_GRA_PRODUCT_transportationL_v1.json
2026-08-18T09:51:59Z,https://rapidmapping-viewer.s3.eu-west-1.amazonaws.com/EMSR916/AOI02/GRA_PRODUCT/EMSR916_AOI02_GRA_PRODUCT_ancillaryCrisisInfoP_v1.json,200,7da38d87aedf40cf564d92de9a68527596a4e0c8a5a0b9aa7e8966b76e632f30,3973,data/snapshots/2026-08-18/layer_EMSR916_AOI02_GRA_PRODUCT_ancillaryCrisisInfoP_v1.json,capa EMSR916_AOI02_GRA_PRODUCT_ancillaryCrisisInfoP_v1.json
2026-08-18T09:52:00Z,https://rapidmapping-viewer.s3.eu-west-1.amazonaws.com/EMSR916/AOI02/GRA_PRODUCT/EMSR916_AOI02_GRA_PRODUCT_builtUpP_v1.json,200,cff04c1b9be16aeff75dd9f8bc35a219db3b3f02e49b39f6d589f1a0bbf00e8b,72009,data/snapshots/2026-08-18/layer_EMSR916_AOI02_GRA_PRODUCT_builtUpP_v1.json,capa EMSR916_AOI02_GRA_PRODUCT_builtUpP_v1.json
2026-08-18T09:52:00Z,https://rapidmapping-viewer.s3.eu-west-1.amazonaws.com/EMSR916/AOI02/GRA_PRODUCT/EMSR916_AOI02_GRA_PRODUCT_transportationL_v1.json,200,be479547469835ca25edceacbced43eebee8578b03b64c35988c04ca168c089e,1436803,data/snapshots/2026-08-18/layer_EMSR916_AOI02_GRA_PRODUCT_transportationL_v1.json,capa EMSR916_AOI02_GRA_PRODUCT_transportationL_v1.json
2026-08-18T09:52:01Z,https://rapidmapping-viewer.s3.eu-west-1.amazonaws.com/EMSR916/AOI03/GRA_PRODUCT/EMSR916_AOI03_GRA_PRODUCT_builtUpP_v1.json,200,d5014233cfcda96b8a2de710065455facedd1b98f4393c820659b5739873ffcc,5726,data/snapshots/2026-08-18/layer_EMSR916_AOI03_GRA_PRODUCT_builtUpP_v1.json,capa EMSR916_AOI03_GRA_PRODUCT_builtUpP_v1.json
2026-08-18T09:52:01Z,https://rapidmapping-viewer.s3.eu-west-1.amazonaws.com/EMSR916/AOI03/GRA_PRODUCT/EMSR916_AOI03_GRA_PRODUCT_transportationL_v1.json,200,bf5c9447ad831362334eed9da8307922e07fba57f089ccaefc080b2d2ab641fd,429432,data/snapshots/2026-08-18/layer_EMSR916_AOI03_GRA_PRODUCT_transportationL_v1.json,capa EMSR916_AOI03_GRA_PRODUCT_transportationL_v1.json
2026-08-18T09:52:01Z,https://rapidmapping-viewer.s3.eu-west-1.amazonaws.com/EMSR916/AOI04/GRA_PRODUCT/EMSR916_AOI04_GRA_PRODUCT_ancillaryCrisisInfoP_v1.json,200,74235956a8307838befb48138d7867d9591f5baf36aef2f1eb12aa8794010fb8,883,data/snapshots/2026-08-18/layer_EMSR916_AOI04_GRA_PRODUCT_ancillaryCrisisInfoP_v1.json,capa EMSR916_AOI04_GRA_PRODUCT_ancillaryCrisisInfoP_v1.json
2026-08-18T09:52:02Z,https://rapidmapping-viewer.s3.eu-west-1.amazonaws.com/EMSR916/AOI04/GRA_PRODUCT/EMSR916_AOI04_GRA_PRODUCT_builtUpP_v1.json,200,b025e5711a2e223241d85b7051c231b84159a081fc9e9c9e11e33196dab89e56,29720,data/snapshots/2026-08-18/layer_EMSR916_AOI04_GRA_PRODUCT_builtUpP_v1.json,capa EMSR916_AOI04_GRA_PRODUCT_builtUpP_v1.json
2026-08-18T09:52:02Z,https://rapidmapping-viewer.s3.eu-west-1.amazonaws.com/EMSR916/AOI04/GRA_PRODUCT/EMSR916_AOI04_GRA_PRODUCT_transportationL_v1.json,200,f321eaa11f247bcc3eaf3ccfdd16847b3c0d36d16d367dd9a20265130ed4af9d,341651,data/snapshots/2026-08-18/layer_EMSR916_AOI04_GRA_PRODUCT_transportationL_v1.json,capa EMSR916_AOI04_GRA_PRODUCT_transportationL_v1.json
2026-08-18T09:52:02Z,https://rapidmapping-viewer.s3.eu-west-1.amazonaws.com/EMSR916/AOI05/GRA_PRODUCT/EMSR916_AOI05_GRA_PRODUCT_builtUpP_v1.json,200,a4f29ebf418368d636175d77fa3dfaa771f48a4a2a07ec1dbb4b5219cdb853ae,4131,data/snapshots/2026-08-18/layer_EMSR916_AOI05_GRA_PRODUCT_builtUpP_v1.json,capa EMSR916_AOI05_GRA_PRODUCT_builtUpP_v1.json
2026-08-18T09:52:03Z,https://rapidmapping-viewer.s3.eu-west-1.amazonaws.com/EMSR916/AOI05/GRA_PRODUCT/EMSR916_AOI05_GRA_PRODUCT_notAnalysedA_v1.json,200,1498f1d5ed81a1eec089d1c0301ad606e3344754adea6bc9104e7fc9af869df4,7942,data/snapshots/2026-08-18/layer_EMSR916_AOI05_GRA_PRODUCT_notAnalysedA_v1.json,capa EMSR916_AOI05_GRA_PRODUCT_notAnalysedA_v1.json
2026-08-18T09:52:03Z,https://rapidmapping-viewer.s3.eu-west-1.amazonaws.com/EMSR916/AOI05/GRA_PRODUCT/EMSR916_AOI05_GRA_PRODUCT_transportationL_v1.json,200,6e92765efd9d44659516e671e8313ca15a2db3eee5f65100994f20e5f2b1ecfd,125000,data/snapshots/2026-08-18/layer_EMSR916_AOI05_GRA_PRODUCT_transportationL_v1.json,capa EMSR916_AOI05_GRA_PRODUCT_transportationL_v1.json
2026-08-18T09:52:04Z,https://rapidmapping-viewer.s3.eu-west-1.amazonaws.com/EMSR916/AOI06/GRA_MONIT01/EMSR916_AOI06_GRA_MONIT01_builtUpP_v2.json,200,7a463f4000890cdba17d6191330ec7e9fc92ed5c01b10379d87a04280835176a,132688,data/snapshots/2026-08-18/layer_EMSR916_AOI06_GRA_MONIT01_builtUpP_v2.json,capa EMSR916_AOI06_GRA_MONIT01_builtUpP_v2.json
2026-08-18T09:52:04Z,https://rapidmapping-viewer.s3.eu-west-1.amazonaws.com/EMSR916/AOI06/GRA_MONIT01/EMSR916_AOI06_GRA_MONIT01_notAnalysedA_v2.json,200,add1491caef0ae73a816c015556aa6ad1e832ed23ec61c9dd5df8e00f497281e,2375722,data/snapshots/2026-08-18/layer_EMSR916_AOI06_GRA_MONIT01_notAnalysedA_v2.json,capa EMSR916_AOI06_GRA_MONIT01_notAnalysedA_v2.json
2026-08-18T09:52:05Z,https://rapidmapping-viewer.s3.eu-west-1.amazonaws.com/EMSR916/AOI06/GRA_MONIT01/EMSR916_AOI06_GRA_MONIT01_transportationL_v2.json,200,6c29b4f423a7e76579429778c782a914fd9569f55f1ab9a129ace385cf82b92e,1391811,data/snapshots/2026-08-18/layer_EMSR916_AOI06_GRA_MONIT01_transportationL_v2.json,capa EMSR916_AOI06_GRA_MONIT01_transportationL_v2.json
2026-08-18T09:52:05Z,https://earthquake.usgs.gov/fdsnws/event/1/query?eventid=us6000tjl2&format=geojson,200,def28b749cecf6881edadbc9259fcf4bb258b805060a1687143fd8d26ed84404,67044,data/snapshots/2026-08-18/usgs_us6000tjl2.json,usgs detail
2026-08-18T09:52:06Z,https://earthquake.usgs.gov/product/shakemap/us6000tjl2/us/1786452072000/download/coverage_mmi_low_res.covjson,200,f3b97ef0e94f8b9203a22f82f09f397f5c19dac416dfe87e373775fa30e13d44,118571,data/snapshots/2026-08-18/usgs_mmi_grid.covjson,usgs download/coverage_mmi_low_res.covjson
2026-08-18T09:52:06Z,https://earthquake.usgs.gov/product/shakemap/us6000tjl2/us/1786452072000/download/cont_mmi.json,200,56996f8c8a5bb0382a1bef3361b7433a15a0bbb9f5693b773958a71f5de9a353,109494,data/snapshots/2026-08-18/usgs_mmi_contours.json,usgs download/cont_mmi.json
2026-08-18T09:52:06Z,https://earthquake.usgs.gov/product/losspager/us6000tjl2/us/1786452203828/json/exposures.json,200,2bd2de5b48436e3c0a177cb3cd085d6a2f260a910f50de0f23f98df518242e8f,1091,data/snapshots/2026-08-18/usgs_pager_exposures.json,usgs pager exposures
2026-08-18T09:52:06Z,https://earthquake.usgs.gov/product/dyfi/us6000tjl2/us/1787009632704/dyfi_geo_10km.geojson,200,124942a8fe16496accbebc6c6ce446574d1f8edd0887730227ea263b45b461b4,203406,data/snapshots/2026-08-18/usgs_dyfi_10km.geojson,usgs dyfi 10km
2026-08-18T09:52:07Z,https://www.gdacs.org/gdacsapi/api/events/geteventdata?eventtype=EQ&eventid=1557236,200,d4dbee6349b7ba9365cbec131f87df74f156b8229f4cb718397f2d18b71e1009,6318,data/snapshots/2026-08-18/gdacs_event_d4dbee63.json,gdacs event
2026-08-18T09:52:07Z,https://www.gdacs.org/gdacsapi/api/news/getnewsbygdacskey?eventtype=EQ&eventid=1557236,200,5dc2a5e4448b1b1bec54e987d72e5921b07fe8ccb16baaf06ec7da45d7bc85fb,2575,data/snapshots/2026-08-18/gdacs_news_institucional.json,gdacs institucional
2026-08-18T09:52:10Z,https://www.gdacs.org/gdacsapi/api/emm/getemmnewsbykey?eventtype=EQ&eventid=1557236,200,045a0f3be27e9c741367ebee2385bb3adc506b6986797ae9044ac631ead94342,1832696,data/snapshots/2026-08-18/gdacs_emm_045a0f3b.json,gdacs emm
2026-08-18T09:52:45Z,https://api.gdeltproject.org/api/v2/doc/doc?query=%28terremoto+OR+sismo+OR+earthquake%29+Colombia&mode=timelinevol&startdatetime=20260808000000&format=json,200,1ca905ef9c991c18a5752388543598193d603f06e6e9aac93adface9949107f1,688,data/snapshots/2026-08-18/gdelt_timeline_1ca905ef.json,gdelt timelinevol
2026-08-18T09:52:46Z,https://services2.arcgis.com/YVLx8xYoDXKccDfJ/arcgis/rest/services/REGISTRO_DE_EMERGENCIAS_EN_COLOMBIA/FeatureServer/0/query?where=1%3D1&f=json&outStatistics=%5B%7B%22statisticType%22%3A+%22max%22%2C+%22onStatisticField%22%3A+%22FECHA%22%2C+%22outStatisticFieldName%22%3A+%22maxf%22%7D%2C+%7B%22statisticType%22%3A+%22count%22%2C+%22onStatisticField%22%3A+%22OBJECTID_1%22%2C+%22outStatisticFieldName%22%3A+%22n%22%7D%5D,200,7afe3240a23b13adbf1ae8082c18d40649d09209624c4d1ccef7f9c2f28546ed,534,data/snapshots/2026-08-18/ungrd_arcgis_agg.json,ungrd arcgis agregados
2026-08-18T09:52:47Z,https://www.datos.gov.co/resource/wwkg-r6te.json?%24select=count%28%2A%29+as+n%2C+min%28fecha%29+as+desde%2C+max%28fecha%29+as+hasta,200,e19d6f13141d3fe2b0e3d64dbc03bcc0dca3b6c677888ddb7a3ba04ba597afa9,84,data/snapshots/2026-08-18/ungrd_socrata_agg.json,socrata brecha
2026-08-18T09:52:51Z,https://rud.gestiondelriesgo.gov.co/home/json.php?temp=2026T,200,2f10abcd5046cfba60b31f83e1ebb8eaf160e8dad1a8a8635ce43f0c60b08b23,18927,data/snapshots/2026-08-18/rud_2026T_2f10abcd.json,rud 2026T
2026-08-18T09:52:51Z,https://chatmap.hotosm.org/api/v1/map/89319bbb-a14a-4dfd-b9a1-c83b8b55785f,200,8b74291818f4d4b453a6ec22bc5a27eedc3dcabf72de42692cf81d93beda98ed,194724,data/snapshots/2026-08-18/chatmap.json,chatmap
2026-08-18T09:52:53Z,https://www.seismicportal.eu/testimonies-ws/api/search?unids=20260810_0000177,200,f8e0ef472e53ac077541c5ded3843574d5f58ec8933e2cc3457cee76d6d1939b,456,data/snapshots/2026-08-18/emsc_testimonies.json,emsc testimonies
2026-08-18T09:52:53Z,https://www.eltiempo.com/rss/colombia.xml,200,8b559cbba3ac1265746bb8b704a5e399ec8cb1c02233f55303c23e01494eebd1,13062,data/snapshots/2026-08-18/feed_eltiempo-colombia_8b559cbb.xml,feed comunitario eltiempo-colombia
2026-08-18T09:52:56Z,https://www.eldiario.com.co/feed/,200,db5c444d14f7ee21f407c6d642938bce9bc39be608a4514a7c26fca02de9da77,240687,data/snapshots/2026-08-18/feed_eldiario-pereira.xml,feed comunitario eldiario-pereira
2026-08-18T09:52:57Z,https://choco7dias.com/feed/,200,59d6c2ee01af6bf79c0d86d83cdbe9af3a4004cd8d62bc151510231c995b9024,69721,data/snapshots/2026-08-18/feed_choco7dias.xml,feed comunitario choco7dias
2026-08-18T09:52:59Z,https://occidente.co/feed/,200,212298c4a8d298c2d3b096975614edd28bba1a33a8c3462568f3671abea1d3a7,76299,data/snapshots/2026-08-18/feed_diario-occidente.xml,feed comunitario diario-occidente
2026-08-18T09:53:00Z,https://www.qhubocali.com/feed/,200,a891b02ec54775b14825085c36abe9641e94178026478b51616582eb7b5e0039,100098,data/snapshots/2026-08-18/feed_qhubo-cali.xml,feed comunitario qhubo-cali
2026-08-18T09:53:01Z,https://www.lapatria.com/rss.xml,200,034d6e02696153efed67b1cb7eebb5a1dbea247d0d247a0590f4ca235d98767c,24047,data/snapshots/2026-08-18/feed_la-patria-caldas_034d6e02.xml,feed comunitario la-patria-caldas
2026-08-18T09:53:03Z,https://www.elcolombiano.com/rss/Colombia.xml,200,da885f3820689b9dad5024a92ea811957c60a1847994f032c81ce5f3ea18ec17,328671,data/snapshots/2026-08-18/feed_elcolombiano.xml,feed comunitario elcolombiano
2026-08-18T09:53:04Z,https://news.google.com/rss/search?q=terremoto+Colombia&hl=es-CO&gl=CO&ceid=CO:es,200,48f4c21ef201d9cb7a0de01ffc4fc143f947d3ff2bb8b7b7a65fdb8739ca71e8,217635,data/snapshots/2026-08-18/feed_googlenews-es_48f4c21e.xml,feed comunitario googlenews-es
2026-08-18T09:53:04Z,https://news.google.com/rss/search?q=site%3Aelpais.com.co+%28terremoto+OR+sismo+OR+temblor%29&hl=es-CO&gl=CO&ceid=CO:es,200,b37fc34c1b9e768472d2325c089c60f3033ff7edcd90e840a438e64dde66f0b6,242929,data/snapshots/2026-08-18/feed_googlenews-elpais-cali_b37fc34c.xml,feed comunitario googlenews-elpais-cali
2026-08-18T09:53:05Z,https://news.google.com/rss/search?q=site%3Acronicadelquindio.com+%28terremoto+OR+sismo+OR+temblor%29&hl=es-CO&gl=CO&ceid=CO:es,200,89192acafbc3dbc3c58aa1c096002e45c1b3cea6415eb35be7a6f92253f36f93,118030,data/snapshots/2026-08-18/feed_googlenews-cronica-quindio_89192aca.xml,feed comunitario googlenews-cronica-quindio
2026-08-18T09:53:06Z,https://news.google.com/rss/search?q=%28%22terremoto%22+OR+%22sismo%22+OR+%22temblor%22%29+%22armenia%22+%22quindio%22&hl=es-CO&gl=CO&ceid=CO:es,200,b6a354248b29135b3586d4d243ba94ac1fa2cf240496d8923feaaa9bd27f06ea,97923,data/snapshots/2026-08-18/feed_googlenews-municipio-armenia_b6a35424.xml,feed comunitario googlenews-municipio-armenia
2026-08-18T09:53:07Z,https://news.google.com/rss/search?q=%28%22terremoto%22+OR+%22sismo%22+OR+%22temblor%22%29+%22calarca%22+%22quindio%22&hl=es-CO&gl=CO&ceid=CO:es,200,f7a10add4ee9c6058ed5fea5b0855b6416def8bd6169315a57ef1cdb73515c36,67997,data/snapshots/2026-08-18/feed_googlenews-municipio-calarca_f7a10add.xml,feed comunitario googlenews-municipio-calarca
2026-08-18T09:53:07Z,https://news.google.com/rss/search?q=%28%22terremoto%22+OR+%22sismo%22+OR+%22temblor%22%29+%22la+tebaida%22+%22quindio%22&hl=es-CO&gl=CO&ceid=CO:es,200,d3dc980b44ed580a59e23caeb0f573fc5873a2621231c1d9cf58b81a0b94aa40,83675,data/snapshots/2026-08-18/feed_googlenews-municipio-la-tebaida_d3dc980b.xml,feed comunitario googlenews-municipio-la-tebaida
2026-08-18T09:53:08Z,https://news.google.com/rss/search?q=%28%22terremoto%22+OR+%22sismo%22+OR+%22temblor%22%29+%22montenegro%22+%22quindio%22&hl=es-CO&gl=CO&ceid=CO:es,200,2b638cf9ed8d19f06adeb9e4dacdd6b4333c28bd499dff8fb6d27edac07c3d20,88387,data/snapshots/2026-08-18/feed_googlenews-municipio-montenegro_2b638cf9.xml,feed comunitario googlenews-municipio-montenegro
2026-08-18T09:53:09Z,https://news.google.com/rss/search?q=%28%22terremoto%22+OR+%22sismo%22+OR+%22temblor%22%29+%22salento%22+%22quindio%22&hl=es-CO&gl=CO&ceid=CO:es,200,2de75c2e6f63fa1b536ee34ca79fab0454277329df5d2fb0c95574d52472e6a9,92262,data/snapshots/2026-08-18/feed_googlenews-municipio-salento_2de75c2e.xml,feed comunitario googlenews-municipio-salento
2026-08-18T09:53:09Z,https://news.google.com/rss/search?q=%28%22terremoto%22+OR+%22sismo%22+OR+%22temblor%22%29+%22zarzal%22+%22valle+del+cauca%22&hl=es-CO&gl=CO&ceid=CO:es,200,4ddb5869f39fa4b8a689804398f6a10453904083718e0f1806cf9a580832197d,113110,data/snapshots/2026-08-18/feed_googlenews-municipio-zarzal_4ddb5869.xml,feed comunitario googlenews-municipio-zarzal
2026-08-18T09:53:10Z,https://news.google.com/rss/search?q=%28%22terremoto%22+OR+%22sismo%22+OR+%22temblor%22%29+%22cartago%22+%22valle+del+cauca%22&hl=es-CO&gl=CO&ceid=CO:es,200,c9b75c5d07225e9fdb60d58e6cfb1c438df01d549e11f91dda071f9047255c51,167212,data/snapshots/2026-08-18/feed_googlenews-municipio-cartago_c9b75c5d.xml,feed comunitario googlenews-municipio-cartago
2026-08-18T09:53:11Z,https://news.google.com/rss/search?q=%28%22terremoto%22+OR+%22sismo%22+OR+%22temblor%22%29+%22tulua%22+%22valle+del+cauca%22&hl=es-CO&gl=CO&ceid=CO:es,200,46116a2600a1889135891ae07218cbdcf642940e3e79813d5161dbf1b1fd1972,85287,data/snapshots/2026-08-18/feed_googlenews-municipio-tulua_46116a26.xml,feed comunitario googlenews-municipio-tulua
2026-08-18T09:53:12Z,https://news.google.com/rss/search?q=%28%22terremoto%22+OR+%22sismo%22+OR+%22temblor%22%29+%22buga%22+%22valle+del+cauca%22&hl=es-CO&gl=CO&ceid=CO:es,200,30b7f005503d43c794b7c0b5f3281773ae184449d42b3ad7e67cdc02524e7deb,170313,data/snapshots/2026-08-18/feed_googlenews-municipio-buga_30b7f005.xml,feed comunitario googlenews-municipio-buga
2026-08-18T09:53:13Z,https://news.google.com/rss/search?q=%28%22terremoto%22+OR+%22sismo%22+OR+%22temblor%22%29+%22palmira%22+%22valle+del+cauca%22&hl=es-CO&gl=CO&ceid=CO:es,200,36c45f58221ff5fd6174b5c1f2f7eac054c5f9bf8db07716606c373d6a584bd7,163849,data/snapshots/2026-08-18/feed_googlenews-municipio-palmira_36c45f58.xml,feed comunitario googlenews-municipio-palmira
2026-08-18T09:53:14Z,https://news.google.com/rss/search?q=%28%22terremoto%22+OR+%22sismo%22+OR+%22temblor%22%29+%22roldanillo%22+%22valle+del+cauca%22&hl=es-CO&gl=CO&ceid=CO:es,200,e4be4e53780a67009785bfda7543277bfbb187421ca654dc6eb258286113bbd1,217885,data/snapshots/2026-08-18/feed_googlenews-municipio-roldanillo_e4be4e53.xml,feed comunitario googlenews-municipio-roldanillo
2026-08-18T09:53:15Z,https://news.google.com/rss/search?q=%28%22terremoto%22+OR+%22sismo%22+OR+%22temblor%22%29+%22sevilla%22+%22valle+del+cauca%22&hl=es-CO&gl=CO&ceid=CO:es,200,5e8bc16175de9c0eb257ccb108fda1377330697786e945847f2e653076fa6be9,122567,data/snapshots/2026-08-18/feed_googlenews-municipio-sevilla_5e8bc161.xml,feed comunitario googlenews-municipio-sevilla
2026-08-18T09:53:16Z,https://news.google.com/rss/search?q=%28%22terremoto%22+OR+%22sismo%22+OR+%22temblor%22%29+%22caicedonia%22+%22valle+del+cauca%22&hl=es-CO&gl=CO&ceid=CO:es,200,c72900b1f2dbc11e823d18635a488ebeec745191ad179d85ea20107ba1fdd65b,99085,data/snapshots/2026-08-18/feed_googlenews-municipio-caicedonia_c72900b1.xml,feed comunitario googlenews-municipio-caicedonia
2026-08-18T09:53:16Z,https://news.google.com/rss/search?q=%28%22terremoto%22+OR+%22sismo%22+OR+%22temblor%22%29+%22jamundi%22+%22valle+del+cauca%22&hl=es-CO&gl=CO&ceid=CO:es,200,0f89ff1580180884c715d35f55f579a5f15a0b0e595c12f920ea3c1c65ebe224,104079,data/snapshots/2026-08-18/feed_googlenews-municipio-jamundi_0f89ff15.xml,feed comunitario googlenews-municipio-jamundi
2026-08-18T09:53:17Z,https://news.google.com/rss/search?q=%28%22terremoto%22+OR+%22sismo%22+OR+%22temblor%22%29+%22dagua%22+%22valle+del+cauca%22&hl=es-CO&gl=CO&ceid=CO:es,200,0f00c762788a2bb853e524bf584bf089cd638c625213c34e5144a224d829df32,118489,data/snapshots/2026-08-18/feed_googlenews-municipio-dagua_0f00c762.xml,feed comunitario googlenews-municipio-dagua
2026-08-18T09:53:18Z,https://news.google.com/rss/search?q=%28%22terremoto%22+OR+%22sismo%22+OR+%22temblor%22%29+%22pereira%22+%22risaralda%22&hl=es-CO&gl=CO&ceid=CO:es,200,b4319bc33f315506dab8dc37df3854fd49566c277bf43ac2f3c56017db049104,216680,data/snapshots/2026-08-18/feed_googlenews-municipio-pereira_b4319bc3.xml,feed comunitario googlenews-municipio-pereira
2026-08-18T09:53:19Z,https://news.google.com/rss/search?q=%28%22terremoto%22+OR+%22sismo%22+OR+%22temblor%22%29+%22dos+quebradas%22+%22risaralda%22&hl=es-CO&gl=CO&ceid=CO:es,200,f5107057252a2d9083cde40df0178c4a70aecf3380a4d6802a30059788d4361e,31481,data/snapshots/2026-08-18/feed_googlenews-municipio-dosquebradas_f5107057.xml,feed comunitario googlenews-municipio-dosquebradas
2026-08-18T09:53:20Z,https://news.google.com/rss/search?q=%28%22terremoto%22+OR+%22sismo%22+OR+%22temblor%22%29+%22santa+rosa+de+cabal%22+%22risaralda%22&hl=es-CO&gl=CO&ceid=CO:es,200,a846aaa655b40737467f1c547f4db6db0a69feeed07a679a1e5cc4f4ea5f9915,113654,data/snapshots/2026-08-18/feed_googlenews-municipio-santa-rosa-de-cabal_a846aaa6.xml,feed comunitario googlenews-municipio-santa-rosa-de-cabal
2026-08-18T09:53:21Z,https://news.google.com/rss/search?q=%28%22terremoto%22+OR+%22sismo%22+OR+%22temblor%22%29+%22manizales%22+%22caldas%22&hl=es-CO&gl=CO&ceid=CO:es,200,693053fab75c967c35003cd9b09884b6346f68cde91b0f6a8889cdcab96b2a6d,188565,data/snapshots/2026-08-18/feed_googlenews-municipio-manizales_693053fa.xml,feed comunitario googlenews-municipio-manizales
2026-08-18T09:53:21Z,https://news.google.com/rss/search?q=%28%22terremoto%22+OR+%22sismo%22+OR+%22temblor%22%29+%22villamaria%22+%22caldas%22&hl=es-CO&gl=CO&ceid=CO:es,200,78005307b393a4717be87b10fa9bcc274e68d54f9a0e27746e89156518a8ca6c,37955,data/snapshots/2026-08-18/feed_googlenews-municipio-villamaria_78005307.xml,feed comunitario googlenews-municipio-villamaria
2026-08-18T09:53:22Z,https://news.google.com/rss/search?q=%28%22terremoto%22+OR+%22sismo%22+OR+%22temblor%22%29+%22cali%22+%22valle+del+cauca%22&hl=es-CO&gl=CO&ceid=CO:es,200,77d38b2e67d4ffe90030966b4f4ce90c4d55160920ff4d6540d7f2781459f534,207219,data/snapshots/2026-08-18/feed_googlenews-municipio-cali_77d38b2e.xml,feed comunitario googlenews-municipio-cali
2026-08-18T09:53:23Z,https://news.google.com/rss/search?q=%28%22terremoto%22+OR+%22sismo%22+OR+%22temblor%22%29+%22buenaventura%22+%22valle+del+cauca%22&hl=es-CO&gl=CO&ceid=CO:es,200,2ae616f3c168f2b24a10e2c5d75d27a9b23690dd342ecea45bc101181ffcecb0,213089,data/snapshots/2026-08-18/feed_googlenews-municipio-buenaventura_2ae616f3.xml,feed comunitario googlenews-municipio-buenaventura
2026-08-18T09:53:24Z,https://news.google.com/rss/search?q=%28%22terremoto%22+OR+%22sismo%22+OR+%22temblor%22%29+%22quibdo%22+%22choco%22&hl=es-CO&gl=CO&ceid=CO:es,200,a0d1e810c665dbb0db867127a6e00081b6b364cb8cc81114309cc2de0a61464e,94331,data/snapshots/2026-08-18/feed_googlenews-municipio-quibdo_a0d1e810.xml,feed comunitario googlenews-municipio-quibdo
2026-08-18T09:53:25Z,https://news.google.com/rss/search?q=%28%22terremoto%22+OR+%22sismo%22+OR+%22temblor%22%29+%22istmina%22+%22choco%22&hl=es-CO&gl=CO&ceid=CO:es,200,fd8f6a22c4e2c231c57c925e4b3f6456cb929dcbe9a5676275d04f088f15be66,107177,data/snapshots/2026-08-18/feed_googlenews-municipio-istmina_fd8f6a22.xml,feed comunitario googlenews-municipio-istmina
2026-08-18T09:53:26Z,https://news.google.com/rss/search?q=%28%22terremoto%22+OR+%22sismo%22+OR+%22temblor%22%29+%22san+jose+del+palmar%22+%22choco%22&hl=es-CO&gl=CO&ceid=CO:es,200,0ab777e27fa1815cea974be593ff627943ab61a46bea1c712d0184ac92031ea2,205741,data/snapshots/2026-08-18/feed_googlenews-municipio-san-jose-del-palmar_0ab777e2.xml,feed comunitario googlenews-municipio-san-jose-del-palmar
2026-08-18T09:53:27Z,https://news.google.com/rss/search?q=%28%22terremoto%22+OR+%22sismo%22+OR+%22temblor%22%29+%22anserma%22+%22caldas%22&hl=es-CO&gl=CO&ceid=CO:es,200,68367842d7e18022d75ef8a47fcd6856f2ceeab2c136f50bd81ad50d31b5bbcb,101916,data/snapshots/2026-08-18/feed_googlenews-municipio-anserma_68367842.xml,feed comunitario googlenews-municipio-anserma
2026-08-18T09:53:27Z,https://news.google.com/rss/search?q=%28%22terremoto%22+OR+%22sismo%22+OR+%22temblor%22%29+%22aranzazu%22+%22caldas%22&hl=es-CO&gl=CO&ceid=CO:es,200,a97ec1156d90e4bc532e24d55089feca7bd9bf449509371ebd581342401bec9a,67410,data/snapshots/2026-08-18/feed_googlenews-municipio-aranzazu_a97ec115.xml,feed comunitario googlenews-municipio-aranzazu
2026-08-18T09:53:28Z,https://news.google.com/rss/search?q=%28%22terremoto%22+OR+%22sismo%22+OR+%22temblor%22%29+%22belalcazar%22+%22caldas%22&hl=es-CO&gl=CO&ceid=CO:es,200,6c7dc5b8bdf210d0e622e83100b96173bf0aab1f4d25b72a9b6d0d0b5d09a822,13431,data/snapshots/2026-08-18/feed_googlenews-municipio-belalcazar_6c7dc5b8.xml,feed comunitario googlenews-municipio-belalcazar
2026-08-18T09:53:29Z,https://news.google.com/rss/search?q=%28%22terremoto%22+OR+%22sismo%22+OR+%22temblor%22%29+%22chinchina%22+%22caldas%22&hl=es-CO&gl=CO&ceid=CO:es,200,c1f05eda9b9c1dd59588bacdbcda892cb5feb331ea17118d57a7b55912f670d3,47007,data/snapshots/2026-08-18/feed_googlenews-municipio-chinchina_c1f05eda.xml,feed comunitario googlenews-municipio-chinchina
2026-08-18T09:53:29Z,https://news.google.com/rss/search?q=%28%22terremoto%22+OR+%22sismo%22+OR+%22temblor%22%29+%22filadelfia%22+%22caldas%22&hl=es-CO&gl=CO&ceid=CO:es,200,25e0b04ef609e7247bbf53e322514e49521caebc8d97c8075d24d89e6fd1b30e,58795,data/snapshots/2026-08-18/feed_googlenews-municipio-filadelfia_25e0b04e.xml,feed comunitario googlenews-municipio-filadelfia
2026-08-18T09:53:30Z,https://news.google.com/rss/search?q=%28%22terremoto%22+OR+%22sismo%22+OR+%22temblor%22%29+%22marulanda%22+%22caldas%22&hl=es-CO&gl=CO&ceid=CO:es,200,cac2128cae780d0ae20688f8e3a7d9004fe408adf6d4eb0621932a5d15468e38,69168,data/snapshots/2026-08-18/feed_googlenews-municipio-marulanda_cac2128c.xml,feed comunitario googlenews-municipio-marulanda
2026-08-18T09:53:31Z,https://news.google.com/rss/search?q=%28%22terremoto%22+OR+%22sismo%22+OR+%22temblor%22%29+%22palestina%22+%22caldas%22&hl=es-CO&gl=CO&ceid=CO:es,200,e35d6b3a6ee8e0e8236d4079a57aef9cf28cfa72829afc9a24aee9c86de18302,91364,data/snapshots/2026-08-18/feed_googlenews-municipio-palestina_e35d6b3a.xml,feed comunitario googlenews-municipio-palestina
2026-08-18T09:53:32Z,https://news.google.com/rss/search?q=%28%22terremoto%22+OR+%22sismo%22+OR+%22temblor%22%29+%22pensilvania%22+%22caldas%22&hl=es-CO&gl=CO&ceid=CO:es,200,35a7553491706bb4f76ea28dcb60b92c0bf07d0417c54bca3a481e47192421fd,92593,data/snapshots/2026-08-18/feed_googlenews-municipio-pensilvania_35a75534.xml,feed comunitario googlenews-municipio-pensilvania
2026-08-18T09:53:33Z,https://news.google.com/rss/search?q=%28%22terremoto%22+OR+%22sismo%22+OR+%22temblor%22%29+%22riosucio%22+%22caldas%22&hl=es-CO&gl=CO&ceid=CO:es,200,568b1416b07d0281eb2ac0684ad39b0db65fcdae4fff919349c26c4911b1a80a,97130,data/snapshots/2026-08-18/feed_googlenews-municipio-riosucio-caldas_568b1416.xml,feed comunitario googlenews-municipio-riosucio-caldas
2026-08-18T09:53:33Z,https://news.google.com/rss/search?q=%28%22terremoto%22+OR+%22sismo%22+OR+%22temblor%22%29+%22san+jose%2C+caldas%22+%22caldas%22&hl=es-CO&gl=CO&ceid=CO:es,200,c053e3c6b39d86b52bd0ae488dde8700b6b2b5215a9c1b31cc1811a092bdfbfc,16859,data/snapshots/2026-08-18/feed_googlenews-municipio-san-jose_c053e3c6.xml,feed comunitario googlenews-municipio-san-jose
2026-08-18T09:53:34Z,https://news.google.com/rss/search?q=%28%22terremoto%22+OR+%22sismo%22+OR+%22temblor%22%29+%22acandi%22+%22choco%22&hl=es-CO&gl=CO&ceid=CO:es,200,fd0f66328d0d5eca9fe0b9d7359991ec31385ced401882cec8b3fd6cd88bc551,16590,data/snapshots/2026-08-18/feed_googlenews-municipio-acandi_fd0f6632.xml,feed comunitario googlenews-municipio-acandi
2026-08-18T09:53:35Z,https://news.google.com/rss/search?q=%28%22terremoto%22+OR+%22sismo%22+OR+%22temblor%22%29+%22alto+baudo%22+%22choco%22&hl=es-CO&gl=CO&ceid=CO:es,200,24b512a3d1fa34f8a2f2d9c1dc1404afdfe6e2fef2970f7c540aa86b866e9017,54940,data/snapshots/2026-08-18/feed_googlenews-municipio-alto-baudo_24b512a3.xml,feed comunitario googlenews-municipio-alto-baudo
2026-08-18T09:53:35Z,https://news.google.com/rss/search?q=%28%22terremoto%22+OR+%22sismo%22+OR+%22temblor%22%29+%22bagado%22+%22choco%22&hl=es-CO&gl=CO&ceid=CO:es,200,5ae1da8c78d494b1761aa17e96315a2162a788c2d34516c767170b2d5b30bba0,20760,data/snapshots/2026-08-18/feed_googlenews-municipio-bagado_5ae1da8c.xml,feed comunitario googlenews-municipio-bagado
2026-08-18T09:53:36Z,https://news.google.com/rss/search?q=%28%22terremoto%22+OR+%22sismo%22+OR+%22temblor%22%29+%22bahia+solano%22+%22choco%22&hl=es-CO&gl=CO&ceid=CO:es,200,36b7f05c410d76002224e6c99ead92a4a79ced275311f10ddf94c015c1e92e8e,102918,data/snapshots/2026-08-18/feed_googlenews-municipio-bahia-solano_36b7f05c.xml,feed comunitario googlenews-municipio-bahia-solano
2026-08-18T09:53:37Z,https://news.google.com/rss/search?q=%28%22terremoto%22+OR+%22sismo%22+OR+%22temblor%22%29+%22bajo+baudo%22+%22choco%22&hl=es-CO&gl=CO&ceid=CO:es,200,96b7f4499655a85f88a7a00855fd0add335d237e791c87d09d51ddd25f03240a,82636,data/snapshots/2026-08-18/feed_googlenews-municipio-bajo-baudo_96b7f449.xml,feed comunitario googlenews-municipio-bajo-baudo
2026-08-18T09:53:38Z,https://news.google.com/rss/search?q=%28%22terremoto%22+OR+%22sismo%22+OR+%22temblor%22%29+%22condoto%22+%22choco%22&hl=es-CO&gl=CO&ceid=CO:es,200,1fb2765998d3f98cae93d4aa4b5f464b673ca4ae1b540e3239df43b503a2b9aa,59277,data/snapshots/2026-08-18/feed_googlenews-municipio-condoto_1fb27659.xml,feed comunitario googlenews-municipio-condoto
2026-08-18T09:53:38Z,https://news.google.com/rss/search?q=%28%22terremoto%22+OR+%22sismo%22+OR+%22temblor%22%29+%22el+carmen+de+atrato%22+%22choco%22&hl=es-CO&gl=CO&ceid=CO:es,200,db5961be9c08e4f9cdee8db9bddb3182c4ce3488bc8d545ce180f70fa631a25f,35340,data/snapshots/2026-08-18/feed_googlenews-municipio-el-carmen-de-atrato_db5961be.xml,feed comunitario googlenews-municipio-el-carmen-de-atrato
2026-08-18T09:53:39Z,https://news.google.com/rss/search?q=%28%22terremoto%22+OR+%22sismo%22+OR+%22temblor%22%29+%22el+litoral+del+san+juan%22+%22choco%22&hl=es-CO&gl=CO&ceid=CO:es,200,21274ec72fd23c5bc5319683d783b2e3d92a323baeb5b95f4b42ed72d6b13c4e,187977,data/snapshots/2026-08-18/feed_googlenews-municipio-el-litoral-del-san-juan_21274ec7.xml,feed comunitario googlenews-municipio-el-litoral-del-san-juan
2026-08-18T09:53:40Z,https://news.google.com/rss/search?q=%28%22terremoto%22+OR+%22sismo%22+OR+%22temblor%22%29+%22lloro%22+%22choco%22&hl=es-CO&gl=CO&ceid=CO:es,200,d2326d5d3311fdd8638a5ffc6853463b5eb119936e226fba5308a5a04b04ac6c,12094,data/snapshots/2026-08-18/feed_googlenews-municipio-lloro_d2326d5d.xml,feed comunitario googlenews-municipio-lloro
2026-08-18T09:53:40Z,https://news.google.com/rss/search?q=%28%22terremoto%22+OR+%22sismo%22+OR+%22temblor%22%29+%22medio+atrato%22+%22choco%22&hl=es-CO&gl=CO&ceid=CO:es,200,3331bd867d3fcc41f50bf28aecc4375ef254939a141e2f7d95474331514b9f1b,25603,data/snapshots/2026-08-18/feed_googlenews-municipio-medio-atrato_3331bd86.xml,feed comunitario googlenews-municipio-medio-atrato
2026-08-18T09:53:41Z,https://news.google.com/rss/search?q=%28%22terremoto%22+OR+%22sismo%22+OR+%22temblor%22%29+%22medio+baudo%22+%22choco%22&hl=es-CO&gl=CO&ceid=CO:es,200,80b15af90ffb30a780809a9e7ed176c7ac1de8449726f296efc49761adc66eed,36218,data/snapshots/2026-08-18/feed_googlenews-municipio-medio-baudo_80b15af9.xml,feed comunitario googlenews-municipio-medio-baudo
2026-08-18T09:53:42Z,https://news.google.com/rss/search?q=%28%22terremoto%22+OR+%22sismo%22+OR+%22temblor%22%29+%22medio+san+juan%22+%22choco%22&hl=es-CO&gl=CO&ceid=CO:es,200,2a058095be56d68ed5ebd7b6b101c6f3350adc5a0b0b917f1c7b7ae2a615c029,49308,data/snapshots/2026-08-18/feed_googlenews-municipio-medio-san-juan_2a058095.xml,feed comunitario googlenews-municipio-medio-san-juan
2026-08-18T09:53:42Z,https://news.google.com/rss/search?q=%28%22terremoto%22+OR+%22sismo%22+OR+%22temblor%22%29+%22nuqui%22+%22choco%22&hl=es-CO&gl=CO&ceid=CO:es,200,34ce48a0552457c78dae9b7a48a0f10aa33842b62d2e99e06f49dedfb8e21662,21138,data/snapshots/2026-08-18/feed_googlenews-municipio-nuqui_34ce48a0.xml,feed comunitario googlenews-municipio-nuqui
2026-08-18T09:53:43Z,https://news.google.com/rss/search?q=%28%22terremoto%22+OR+%22sismo%22+OR+%22temblor%22%29+%22novita%22+%22choco%22&hl=es-CO&gl=CO&ceid=CO:es,200,96d3fcfdf4953166869e0d5b67884e543c5d2603ca6365c61699724c68c1f6c8,27716,data/snapshots/2026-08-18/feed_googlenews-municipio-novita_96d3fcfd.xml,feed comunitario googlenews-municipio-novita
2026-08-18T09:53:43Z,https://news.google.com/rss/search?q=%28%22terremoto%22+OR+%22sismo%22+OR+%22temblor%22%29+%22riosucio%22+%22choco%22&hl=es-CO&gl=CO&ceid=CO:es,200,82d60e02505050c08190f3c57b46685a3f5cb8cf887748655f722c051b93ad85,67704,data/snapshots/2026-08-18/feed_googlenews-municipio-riosucio-choco_82d60e02.xml,feed comunitario googlenews-municipio-riosucio-choco
2026-08-18T09:53:44Z,https://news.google.com/rss/search?q=%28%22terremoto%22+OR+%22sismo%22+OR+%22temblor%22%29+%22rio+iro%22+%22choco%22&hl=es-CO&gl=CO&ceid=CO:es,200,683e2fd371572ad17924af8444161975f37e9c601140902503e4354e29b4a77d,42083,data/snapshots/2026-08-18/feed_googlenews-municipio-rio-iro_683e2fd3.xml,feed comunitario googlenews-municipio-rio-iro
2026-08-18T09:53:44Z,https://news.google.com/rss/search?q=%28%22terremoto%22+OR+%22sismo%22+OR+%22temblor%22%29+%22sipi%22+%22choco%22&hl=es-CO&gl=CO&ceid=CO:es,200,f48a2c85a2e88816555182feae8f7f04e9ced3f80cdcc43f5af0f1dcfd635221,19495,data/snapshots/2026-08-18/feed_googlenews-municipio-sipi_f48a2c85.xml,feed comunitario googlenews-municipio-sipi
2026-08-18T09:53:45Z,https://news.google.com/rss/search?q=%28%22terremoto%22+OR+%22sismo%22+OR+%22temblor%22%29+%22tado%22+%22choco%22&hl=es-CO&gl=CO&ceid=CO:es,200,bbf1639865ac886911eb36a0e037ca0da6e5aa67c0b761bf5069a9d257332848,47458,data/snapshots/2026-08-18/feed_googlenews-municipio-tado_bbf16398.xml,feed comunitario googlenews-municipio-tado
2026-08-18T09:53:45Z,https://news.google.com/rss/search?q=%28%22terremoto%22+OR+%22sismo%22+OR+%22temblor%22%29+%22apia%22+%22risaralda%22&hl=es-CO&gl=CO&ceid=CO:es,200,b048a1af39e7389643546bcb86483b38c22d85c90a18dc72697ad23eea8653f6,22837,data/snapshots/2026-08-18/feed_googlenews-municipio-apia_b048a1af.xml,feed comunitario googlenews-municipio-apia
2026-08-18T09:53:46Z,https://news.google.com/rss/search?q=%28%22terremoto%22+OR+%22sismo%22+OR+%22temblor%22%29+%22balboa%22+%22risaralda%22&hl=es-CO&gl=CO&ceid=CO:es,200,3304931028bf1d3e9035e7c4cc878bd2f4f9cb37156e94e3a382c83c02e7482b,63156,data/snapshots/2026-08-18/feed_googlenews-municipio-balboa_33049310.xml,feed comunitario googlenews-municipio-balboa
2026-08-18T09:53:47Z,https://news.google.com/rss/search?q=%28%22terremoto%22+OR+%22sismo%22+OR+%22temblor%22%29+%22belen+de+umbria%22+%22risaralda%22&hl=es-CO&gl=CO&ceid=CO:es,200,8891e2a6970f7c0a4d85f251eca2c40213ef383578d4fef2197e064c68bf9ed8,106676,data/snapshots/2026-08-18/feed_googlenews-municipio-belen-de-umbria_8891e2a6.xml,feed comunitario googlenews-municipio-belen-de-umbria
2026-08-18T09:53:47Z,https://news.google.com/rss/search?q=%28%22terremoto%22+OR+%22sismo%22+OR+%22temblor%22%29+%22guatica%22+%22risaralda%22&hl=es-CO&gl=CO&ceid=CO:es,200,06460d66bb01c8ce5dd67a53b50dd1025117a9f04d023e344f4c1e4f5372d700,14802,data/snapshots/2026-08-18/feed_googlenews-municipio-guatica_06460d66.xml,feed comunitario googlenews-municipio-guatica
2026-08-18T09:53:48Z,https://news.google.com/rss/search?q=%28%22terremoto%22+OR+%22sismo%22+OR+%22temblor%22%29+%22la+celia%22+%22risaralda%22&hl=es-CO&gl=CO&ceid=CO:es,200,1e174adb63a312e33f0c5f413942658346afa265805480afe1fda4c26bb5a3c2,40102,data/snapshots/2026-08-18/feed_googlenews-municipio-la-celia_1e174adb.xml,feed comunitario googlenews-municipio-la-celia
2026-08-18T09:53:48Z,https://news.google.com/rss/search?q=%28%22terremoto%22+OR+%22sismo%22+OR+%22temblor%22%29+%22la+virginia%22+%22risaralda%22&hl=es-CO&gl=CO&ceid=CO:es,200,e6c06ef74799200c64e520a105aae05d23e387cf07827fa5ec7321360399430d,99047,data/snapshots/2026-08-18/feed_googlenews-municipio-la-virginia_e6c06ef7.xml,feed comunitario googlenews-municipio-la-virginia
2026-08-18T09:53:49Z,https://news.google.com/rss/search?q=%28%22terremoto%22+OR+%22sismo%22+OR+%22temblor%22%29+%22marsella%22+%22risaralda%22&hl=es-CO&gl=CO&ceid=CO:es,200,58e99d5a0c99e760637073b91952edc2795788d4e6dc451b0cf3fd73f3e1169c,83034,data/snapshots/2026-08-18/feed_googlenews-municipio-marsella_58e99d5a.xml,feed comunitario googlenews-municipio-marsella
2026-08-18T09:53:50Z,https://news.google.com/rss/search?q=%28%22terremoto%22+OR+%22sismo%22+OR+%22temblor%22%29+%22mistrato%22+%22risaralda%22&hl=es-CO&gl=CO&ceid=CO:es,200,7990e2447dc7b39dba975f869d71e60f236c7314fbd70e2ddc3f7195cabf5894,15866,data/snapshots/2026-08-18/feed_googlenews-municipio-mistrato_7990e244.xml,feed comunitario googlenews-municipio-mistrato
2026-08-18T09:53:50Z,https://news.google.com/rss/search?q=%28%22terremoto%22+OR+%22sismo%22+OR+%22temblor%22%29+%22pueblo+rico%22+%22risaralda%22&hl=es-CO&gl=CO&ceid=CO:es,200,26df0aee333bd89a17189e3e3e206c17f1daff8a3e851411a6164c5907e457e3,99434,data/snapshots/2026-08-18/feed_googlenews-municipio-pueblo-rico_26df0aee.xml,feed comunitario googlenews-municipio-pueblo-rico
2026-08-18T09:53:51Z,https://news.google.com/rss/search?q=%28%22terremoto%22+OR+%22sismo%22+OR+%22temblor%22%29+%22quinchia%22+%22risaralda%22&hl=es-CO&gl=CO&ceid=CO:es,200,e8a073d495b6a80603dd635e5ec6a838b5aa82ebdb08a1d8fdd80847c4b62d1f,22291,data/snapshots/2026-08-18/feed_googlenews-municipio-quinchia_e8a073d4.xml,feed comunitario googlenews-municipio-quinchia
2026-08-18T09:53:52Z,https://news.google.com/rss/search?q=%28%22terremoto%22+OR+%22sismo%22+OR+%22temblor%22%29+%22santuario%22+%22risaralda%22&hl=es-CO&gl=CO&ceid=CO:es,200,5e7d58845b6758cb18992c8c773ad771fd59756c4259f9b59f0ceeb5526291b4,86864,data/snapshots/2026-08-18/feed_googlenews-municipio-santuario_5e7d5884.xml,feed comunitario googlenews-municipio-santuario
2026-08-18T09:53:52Z,https://news.google.com/rss/search?q=%28%22terremoto%22+OR+%22sismo%22+OR+%22temblor%22%29+%22alcala%22+%22valle+del+cauca%22&hl=es-CO&gl=CO&ceid=CO:es,200,dabf8f70eda55e273266f64b3d53da70375e7d3f399e587aae66c9e885b16175,20820,data/snapshots/2026-08-18/feed_googlenews-municipio-alcala_dabf8f70.xml,feed comunitario googlenews-municipio-alcala
2026-08-18T09:53:53Z,https://news.google.com/rss/search?q=%28%22terremoto%22+OR+%22sismo%22+OR+%22temblor%22%29+%22andalucia%22+%22valle+del+cauca%22&hl=es-CO&gl=CO&ceid=CO:es,200,88f5c44e311bf000eac9c24e7d664c0eec6c197ff8400fd047845fcf4aae3d73,41922,data/snapshots/2026-08-18/feed_googlenews-municipio-andalucia_88f5c44e.xml,feed comunitario googlenews-municipio-andalucia
2026-08-18T09:53:54Z,https://news.google.com/rss/search?q=%28%22terremoto%22+OR+%22sismo%22+OR+%22temblor%22%29+%22ansermanuevo%22+%22valle+del+cauca%22&hl=es-CO&gl=CO&ceid=CO:es,200,79d558339b564f884881628609ce33c98d8214879f5a88870dfaa2a5c9b5e506,115037,data/snapshots/2026-08-18/feed_googlenews-municipio-ansermanuevo_79d55833.xml,feed comunitario googlenews-municipio-ansermanuevo
2026-08-18T09:53:54Z,https://news.google.com/rss/search?q=%28%22terremoto%22+OR+%22sismo%22+OR+%22temblor%22%29+%22candelaria%22+%22valle+del+cauca%22&hl=es-CO&gl=CO&ceid=CO:es,200,911b40270f2e321a23736ca0d4f4d4b238d9b73847ad61c8a4a8c73cfc200931,114224,data/snapshots/2026-08-18/feed_googlenews-municipio-candelaria_911b4027.xml,feed comunitario googlenews-municipio-candelaria
2026-08-18T09:53:55Z,https://news.google.com/rss/search?q=%28%22terremoto%22+OR+%22sismo%22+OR+%22temblor%22%29+%22el+dovio%22+%22valle+del+cauca%22&hl=es-CO&gl=CO&ceid=CO:es,200,be55892494c9e6a80ca094747cd865f2d038d96ded8a4573c765a97892f92a05,140489,data/snapshots/2026-08-18/feed_googlenews-municipio-el-dovio_be558924.xml,feed comunitario googlenews-municipio-el-dovio
2026-08-18T09:53:56Z,https://news.google.com/rss/search?q=%28%22terremoto%22+OR+%22sismo%22+OR+%22temblor%22%29+%22el+aguila%22+%22valle+del+cauca%22&hl=es-CO&gl=CO&ceid=CO:es,200,5441408012ca65a1403d36021544e3572d9ae307f3ebbb6cad180e6cf05ab360,213893,data/snapshots/2026-08-18/feed_googlenews-municipio-el-aguila_54414080.xml,feed comunitario googlenews-municipio-el-aguila
2026-08-18T09:53:57Z,https://news.google.com/rss/search?q=%28%22terremoto%22+OR+%22sismo%22+OR+%22temblor%22%29+%22ginebra%22+%22valle+del+cauca%22&hl=es-CO&gl=CO&ceid=CO:es,200,bff92c1095b7eb5b6092c319d14293776862519a3377e2ca8649722d43b8d745,101645,data/snapshots/2026-08-18/feed_googlenews-municipio-ginebra_bff92c10.xml,feed comunitario googlenews-municipio-ginebra
2026-08-18T09:53:57Z,https://news.google.com/rss/search?q=%28%22terremoto%22+OR+%22sismo%22+OR+%22temblor%22%29+%22guacari%22+%22valle+del+cauca%22&hl=es-CO&gl=CO&ceid=CO:es,200,d25eb51e08d84b8a73c55325dbfcb995953b7d3cff3d7106ac00ff6b25dc958a,29333,data/snapshots/2026-08-18/feed_googlenews-municipio-guacari_d25eb51e.xml,feed comunitario googlenews-municipio-guacari
2026-08-18T09:53:58Z,https://news.google.com/rss/search?q=%28%22terremoto%22+OR+%22sismo%22+OR+%22temblor%22%29+%22la+cumbre%22+%22valle+del+cauca%22&hl=es-CO&gl=CO&ceid=CO:es,200,926f148f0b93b117302ccfb07d075d957e3c7990e3bcc45dad0e658f6b8d9d16,106346,data/snapshots/2026-08-18/feed_googlenews-municipio-la-cumbre_926f148f.xml,feed comunitario googlenews-municipio-la-cumbre
2026-08-18T09:53:59Z,https://news.google.com/rss/search?q=%28%22terremoto%22+OR+%22sismo%22+OR+%22temblor%22%29+%22la+victoria%22+%22valle+del+cauca%22&hl=es-CO&gl=CO&ceid=CO:es,200,688d897b9f136d5c50b82c432077acfb725fdb3ae32d05930d8768b46b2cafe0,167073,data/snapshots/2026-08-18/feed_googlenews-municipio-la-victoria_688d897b.xml,feed comunitario googlenews-municipio-la-victoria
2026-08-18T09:54:00Z,https://news.google.com/rss/search?q=%28%22terremoto%22+OR+%22sismo%22+OR+%22temblor%22%29+%22obando%22+%22valle+del+cauca%22&hl=es-CO&gl=CO&ceid=CO:es,200,8c1600f87a4c91a675aa175d81655cde3065f65db6a2a613ed021cab5aff9fdd,108329,data/snapshots/2026-08-18/feed_googlenews-municipio-obando_8c1600f8.xml,feed comunitario googlenews-municipio-obando
2026-08-18T09:54:00Z,https://news.google.com/rss/search?q=%28%22terremoto%22+OR+%22sismo%22+OR+%22temblor%22%29+%22restrepo%22+%22valle+del+cauca%22&hl=es-CO&gl=CO&ceid=CO:es,200,094bcc4fca82264e6893a38746d6f6b3c4b782e7d84c1c84fd82d7fea0432400,135648,data/snapshots/2026-08-18/feed_googlenews-municipio-restrepo_094bcc4f.xml,feed comunitario googlenews-municipio-restrepo
2026-08-18T09:54:01Z,https://news.google.com/rss/search?q=%28%22terremoto%22+OR+%22sismo%22+OR+%22temblor%22%29+%22san+pedro%22+%22valle+del+cauca%22&hl=es-CO&gl=CO&ceid=CO:es,200,59a76bf9013656e782c3e8ca840f1818abcc2ecf0163523e0becb309ea2bb323,117121,data/snapshots/2026-08-18/feed_googlenews-municipio-san-pedro_59a76bf9.xml,feed comunitario googlenews-municipio-san-pedro
2026-08-18T09:54:02Z,https://news.google.com/rss/search?q=%28%22terremoto%22+OR+%22sismo%22+OR+%22temblor%22%29+%22toro%22+%22valle+del+cauca%22&hl=es-CO&gl=CO&ceid=CO:es,200,dba9ce9fa62533857adb0627231547bf0a9d093c9814624cfa12a4ee0aa1de3d,193995,data/snapshots/2026-08-18/feed_googlenews-municipio-toro_dba9ce9f.xml,feed comunitario googlenews-municipio-toro
2026-08-18T09:54:03Z,https://news.google.com/rss/search?q=%28%22terremoto%22+OR+%22sismo%22+OR+%22temblor%22%29+%22ulloa%22+%22valle+del+cauca%22&hl=es-CO&gl=CO&ceid=CO:es,200,3920e8a95f9da119a4604b13c75dfaf9fcedefce73c0bf2592dd907959b035c9,106634,data/snapshots/2026-08-18/feed_googlenews-municipio-ulloa_3920e8a9.xml,feed comunitario googlenews-municipio-ulloa
2026-08-18T09:54:04Z,https://news.google.com/rss/search?q=%28%22terremoto%22+OR+%22sismo%22+OR+%22temblor%22%29+%22versalles%22+%22valle+del+cauca%22&hl=es-CO&gl=CO&ceid=CO:es,200,6c38e87461bc20bcb2c8ae08d2b849d78246c38e46fde91d3943ad8e11a2b60a,81280,data/snapshots/2026-08-18/feed_googlenews-municipio-versalles_6c38e874.xml,feed comunitario googlenews-municipio-versalles
2026-08-18T09:54:05Z,https://news.google.com/rss/search?q=%28%22terremoto%22+OR+%22sismo%22+OR+%22temblor%22%29+%22yotoco%22+%22valle+del+cauca%22&hl=es-CO&gl=CO&ceid=CO:es,200,985ef59cfd01a7663767d2de190f6b1ca59124c77c2036fb04ebecccde57d552,95256,data/snapshots/2026-08-18/feed_googlenews-municipio-yotoco_985ef59c.xml,feed comunitario googlenews-municipio-yotoco
2026-08-18T09:54:06Z,https://monitor-terremoto-colombia-oficiales-ai.inforesidencias.workers.dev/oficiales.json,200,17f0e25edd10363e3f14af4ec7688ae38f7729fb9aae7e471f7e1abd5850d6d7,80371,data/snapshots/2026-08-18/oficiales_feed.json,alerts balances
2026-08-18T10:43:39Z,https://rapidmapping.emergency.copernicus.eu/backend/dashboard-api/public-activations/?code=EMSR865,200,9b814c5bea2380bc96a57251cb318aa7980415103daf177273cebc179c3f7a65,25160,data/snapshots/2026-08-18/copernicus_EMSR865.json,copernicus EMSR865
2026-08-18T10:43:41Z,https://rapidmapping.emergency.copernicus.eu/backend/dashboard-api/public-activations/?code=EMSR916,200,168c0f8276380024f92a7f51014f4405b9614756477c198587317740d8d6437c,41783,data/snapshots/2026-08-18/copernicus_EMSR916.json,copernicus EMSR916
2026-08-18T10:43:41Z,https://rapidmapping.emergency.copernicus.eu/backend/dashboard-api/public-activations/?code=EMSR925,403,dbff0849bc109eee7f9b7b1fe12e40fc8add21823b2f1fb600b37f620cbd7862,58,\N,copernicus EMSR925
2026-08-18T10:43:42Z,https://rapidmapping.emergency.copernicus.eu/backend/dashboard-api/public-activations/?code=EMSR926,403,dbff0849bc109eee7f9b7b1fe12e40fc8add21823b2f1fb600b37f620cbd7862,58,\N,copernicus EMSR926
2026-08-18T10:43:43Z,https://rapidmapping.emergency.copernicus.eu/backend/dashboard-api/public-activations/?code=EMSR927,403,dbff0849bc109eee7f9b7b1fe12e40fc8add21823b2f1fb600b37f620cbd7862,58,\N,copernicus EMSR927
2026-08-18T10:43:44Z,https://rapidmapping.emergency.copernicus.eu/backend/dashboard-api/public-activations/?code=EMSR928,403,dbff0849bc109eee7f9b7b1fe12e40fc8add21823b2f1fb600b37f620cbd7862,58,\N,copernicus EMSR928
2026-08-18T10:43:45Z,https://rapidmapping.emergency.copernicus.eu/backend/dashboard-api/public-activations/?code=EMSR929,403,dbff0849bc109eee7f9b7b1fe12e40fc8add21823b2f1fb600b37f620cbd7862,58,\N,copernicus EMSR929
2026-08-18T10:43:46Z,https://rapidmapping.emergency.copernicus.eu/backend/dashboard-api/public-activations/?code=EMSR930,403,dbff0849bc109eee7f9b7b1fe12e40fc8add21823b2f1fb600b37f620cbd7862,58,\N,copernicus EMSR930
2026-08-18T10:43:47Z,https://rapidmapping.emergency.copernicus.eu/backend/dashboard-api/public-activations/?code=EMSR931,403,dbff0849bc109eee7f9b7b1fe12e40fc8add21823b2f1fb600b37f620cbd7862,58,\N,copernicus EMSR931
2026-08-18T10:43:48Z,https://rapidmapping.emergency.copernicus.eu/backend/dashboard-api/public-activations/?code=EMSR932,403,dbff0849bc109eee7f9b7b1fe12e40fc8add21823b2f1fb600b37f620cbd7862,58,\N,copernicus EMSR932
2026-08-18T10:43:49Z,https://rapidmapping.emergency.copernicus.eu/backend/dashboard-api/public-activations/?code=EMSR933,403,dbff0849bc109eee7f9b7b1fe12e40fc8add21823b2f1fb600b37f620cbd7862,58,\N,copernicus EMSR933
2026-08-18T10:43:50Z,https://rapidmapping.emergency.copernicus.eu/backend/dashboard-api/public-activations/?code=EMSR934,403,dbff0849bc109eee7f9b7b1fe12e40fc8add21823b2f1fb600b37f620cbd7862,58,\N,copernicus EMSR934
2026-08-18T10:43:51Z,https://rapidmapping.emergency.copernicus.eu/backend/dashboard-api/public-activations/?code=EMSR935,403,dbff0849bc109eee7f9b7b1fe12e40fc8add21823b2f1fb600b37f620cbd7862,58,\N,copernicus EMSR935
2026-08-18T10:43:52Z,https://rapidmapping.emergency.copernicus.eu/backend/dashboard-api/public-activations/?code=EMSR936,403,dbff0849bc109eee7f9b7b1fe12e40fc8add21823b2f1fb600b37f620cbd7862,58,\N,copernicus EMSR936
2026-08-18T10:43:53Z,https://rapidmapping.emergency.copernicus.eu/backend/dashboard-api/public-activations/?code=EMSR937,403,dbff0849bc109eee7f9b7b1fe12e40fc8add21823b2f1fb600b37f620cbd7862,58,\N,copernicus EMSR937
2026-08-18T10:43:54Z,https://rapidmapping.emergency.copernicus.eu/backend/dashboard-api/public-activations/?code=EMSR938,403,dbff0849bc109eee7f9b7b1fe12e40fc8add21823b2f1fb600b37f620cbd7862,58,\N,copernicus EMSR938
2026-08-18T10:43:54Z,https://rapidmapping.emergency.copernicus.eu/backend/dashboard-api/public-activations/?code=EMSR939,403,dbff0849bc109eee7f9b7b1fe12e40fc8add21823b2f1fb600b37f620cbd7862,58,\N,copernicus EMSR939
2026-08-18T10:43:55Z,https://rapidmapping.emergency.copernicus.eu/backend/dashboard-api/public-activations/?code=EMSR940,403,dbff0849bc109eee7f9b7b1fe12e40fc8add21823b2f1fb600b37f620cbd7862,58,\N,copernicus EMSR940
2026-08-18T10:43:56Z,https://rapidmapping.emergency.copernicus.eu/backend/dashboard-api/public-activations/?code=EMSR941,403,dbff0849bc109eee7f9b7b1fe12e40fc8add21823b2f1fb600b37f620cbd7862,58,\N,copernicus EMSR941
2026-08-18T10:43:57Z,https://rapidmapping.emergency.copernicus.eu/backend/dashboard-api/public-activations/?code=EMSR942,403,dbff0849bc109eee7f9b7b1fe12e40fc8add21823b2f1fb600b37f620cbd7862,58,\N,copernicus EMSR942
2026-08-18T10:43:58Z,https://rapidmapping.emergency.copernicus.eu/backend/dashboard-api/public-activations/?code=EMSR943,403,dbff0849bc109eee7f9b7b1fe12e40fc8add21823b2f1fb600b37f620cbd7862,58,\N,copernicus EMSR943
2026-08-18T10:43:59Z,https://rapidmapping.emergency.copernicus.eu/backend/dashboard-api/public-activations/?code=EMSR944,403,dbff0849bc109eee7f9b7b1fe12e40fc8add21823b2f1fb600b37f620cbd7862,58,\N,copernicus EMSR944
2026-08-18T10:44:00Z,https://rapidmapping.emergency.copernicus.eu/backend/dashboard-api/public-activations/?code=EMSR945,403,dbff0849bc109eee7f9b7b1fe12e40fc8add21823b2f1fb600b37f620cbd7862,58,\N,copernicus EMSR945
2026-08-18T10:44:01Z,https://rapidmapping.emergency.copernicus.eu/backend/dashboard-api/public-activations/?code=EMSR946,403,dbff0849bc109eee7f9b7b1fe12e40fc8add21823b2f1fb600b37f620cbd7862,58,\N,copernicus EMSR946
2026-08-18T10:44:02Z,https://rapidmapping.emergency.copernicus.eu/backend/dashboard-api/public-activations/?code=EMSR947,403,dbff0849bc109eee7f9b7b1fe12e40fc8add21823b2f1fb600b37f620cbd7862,58,\N,copernicus EMSR947
2026-08-18T10:44:03Z,https://rapidmapping.emergency.copernicus.eu/backend/dashboard-api/public-activations/?code=EMSR948,403,dbff0849bc109eee7f9b7b1fe12e40fc8add21823b2f1fb600b37f620cbd7862,58,\N,copernicus EMSR948
2026-08-18T10:44:03Z,https://rapidmapping.emergency.copernicus.eu/backend/dashboard-api/public-activations/?code=EMSR949,403,dbff0849bc109eee7f9b7b1fe12e40fc8add21823b2f1fb600b37f620cbd7862,58,\N,copernicus EMSR949
2026-08-18T10:44:04Z,https://rapidmapping-viewer.s3.eu-west-1.amazonaws.com/EMSR916/AOI01/GRA_PRODUCT/EMSR916_AOI01_GRA_PRODUCT_builtUpP_v1.json,200,d2c876bed0fe855db3baf3eeed0068a543b8e5f1a53d4649d1469f0adcf12816,2967,data/snapshots/2026-08-18/layer_EMSR916_AOI01_GRA_PRODUCT_builtUpP_v1.json,capa EMSR916_AOI01_GRA_PRODUCT_builtUpP_v1.json
2026-08-18T10:44:05Z,https://rapidmapping-viewer.s3.eu-west-1.amazonaws.com/EMSR916/AOI01/GRA_PRODUCT/EMSR916_AOI01_GRA_PRODUCT_transportationL_v1.json,200,d7f4fac6a9ec135213d5a4b1e114be72d34858e61e49a2c10739a210e6936ec0,1841079,data/snapshots/2026-08-18/layer_EMSR916_AOI01_GRA_PRODUCT_transportationL_v1.json,capa EMSR916_AOI01_GRA_PRODUCT_transportationL_v1.json
2026-08-18T10:44:05Z,https://rapidmapping-viewer.s3.eu-west-1.amazonaws.com/EMSR916/AOI02/GRA_PRODUCT/EMSR916_AOI02_GRA_PRODUCT_ancillaryCrisisInfoP_v1.json,200,7da38d87aedf40cf564d92de9a68527596a4e0c8a5a0b9aa7e8966b76e632f30,3973,data/snapshots/2026-08-18/layer_EMSR916_AOI02_GRA_PRODUCT_ancillaryCrisisInfoP_v1.json,capa EMSR916_AOI02_GRA_PRODUCT_ancillaryCrisisInfoP_v1.json
2026-08-18T10:44:06Z,https://rapidmapping-viewer.s3.eu-west-1.amazonaws.com/EMSR916/AOI02/GRA_PRODUCT/EMSR916_AOI02_GRA_PRODUCT_builtUpP_v1.json,200,cff04c1b9be16aeff75dd9f8bc35a219db3b3f02e49b39f6d589f1a0bbf00e8b,72009,data/snapshots/2026-08-18/layer_EMSR916_AOI02_GRA_PRODUCT_builtUpP_v1.json,capa EMSR916_AOI02_GRA_PRODUCT_builtUpP_v1.json
2026-08-18T10:44:07Z,https://rapidmapping-viewer.s3.eu-west-1.amazonaws.com/EMSR916/AOI02/GRA_PRODUCT/EMSR916_AOI02_GRA_PRODUCT_transportationL_v1.json,200,be479547469835ca25edceacbced43eebee8578b03b64c35988c04ca168c089e,1436803,data/snapshots/2026-08-18/layer_EMSR916_AOI02_GRA_PRODUCT_transportationL_v1.json,capa EMSR916_AOI02_GRA_PRODUCT_transportationL_v1.json
2026-08-18T10:44:07Z,https://rapidmapping-viewer.s3.eu-west-1.amazonaws.com/EMSR916/AOI03/GRA_PRODUCT/EMSR916_AOI03_GRA_PRODUCT_builtUpP_v1.json,200,d5014233cfcda96b8a2de710065455facedd1b98f4393c820659b5739873ffcc,5726,data/snapshots/2026-08-18/layer_EMSR916_AOI03_GRA_PRODUCT_builtUpP_v1.json,capa EMSR916_AOI03_GRA_PRODUCT_builtUpP_v1.json
2026-08-18T10:44:07Z,https://rapidmapping-viewer.s3.eu-west-1.amazonaws.com/EMSR916/AOI03/GRA_PRODUCT/EMSR916_AOI03_GRA_PRODUCT_transportationL_v1.json,200,bf5c9447ad831362334eed9da8307922e07fba57f089ccaefc080b2d2ab641fd,429432,data/snapshots/2026-08-18/layer_EMSR916_AOI03_GRA_PRODUCT_transportationL_v1.json,capa EMSR916_AOI03_GRA_PRODUCT_transportationL_v1.json
2026-08-18T10:44:08Z,https://rapidmapping-viewer.s3.eu-west-1.amazonaws.com/EMSR916/AOI04/GRA_PRODUCT/EMSR916_AOI04_GRA_PRODUCT_ancillaryCrisisInfoP_v1.json,200,74235956a8307838befb48138d7867d9591f5baf36aef2f1eb12aa8794010fb8,883,data/snapshots/2026-08-18/layer_EMSR916_AOI04_GRA_PRODUCT_ancillaryCrisisInfoP_v1.json,capa EMSR916_AOI04_GRA_PRODUCT_ancillaryCrisisInfoP_v1.json
2026-08-18T10:44:08Z,https://rapidmapping-viewer.s3.eu-west-1.amazonaws.com/EMSR916/AOI04/GRA_PRODUCT/EMSR916_AOI04_GRA_PRODUCT_builtUpP_v1.json,200,b025e5711a2e223241d85b7051c231b84159a081fc9e9c9e11e33196dab89e56,29720,data/snapshots/2026-08-18/layer_EMSR916_AOI04_GRA_PRODUCT_builtUpP_v1.json,capa EMSR916_AOI04_GRA_PRODUCT_builtUpP_v1.json
2026-08-18T10:44:09Z,https://rapidmapping-viewer.s3.eu-west-1.amazonaws.com/EMSR916/AOI04/GRA_PRODUCT/EMSR916_AOI04_GRA_PRODUCT_transportationL_v1.json,200,f321eaa11f247bcc3eaf3ccfdd16847b3c0d36d16d367dd9a20265130ed4af9d,341651,data/snapshots/2026-08-18/layer_EMSR916_AOI04_GRA_PRODUCT_transportationL_v1.json,capa EMSR916_AOI04_GRA_PRODUCT_transportationL_v1.json
2026-08-18T10:44:09Z,https://rapidmapping-viewer.s3.eu-west-1.amazonaws.com/EMSR916/AOI05/GRA_PRODUCT/EMSR916_AOI05_GRA_PRODUCT_builtUpP_v1.json,200,a4f29ebf418368d636175d77fa3dfaa771f48a4a2a07ec1dbb4b5219cdb853ae,4131,data/snapshots/2026-08-18/layer_EMSR916_AOI05_GRA_PRODUCT_builtUpP_v1.json,capa EMSR916_AOI05_GRA_PRODUCT_builtUpP_v1.json
2026-08-18T10:44:09Z,https://rapidmapping-viewer.s3.eu-west-1.amazonaws.com/EMSR916/AOI05/GRA_PRODUCT/EMSR916_AOI05_GRA_PRODUCT_notAnalysedA_v1.json,200,1498f1d5ed81a1eec089d1c0301ad606e3344754adea6bc9104e7fc9af869df4,7942,data/snapshots/2026-08-18/layer_EMSR916_AOI05_GRA_PRODUCT_notAnalysedA_v1.json,capa EMSR916_AOI05_GRA_PRODUCT_notAnalysedA_v1.json
2026-08-18T10:44:09Z,https://rapidmapping-viewer.s3.eu-west-1.amazonaws.com/EMSR916/AOI05/GRA_PRODUCT/EMSR916_AOI05_GRA_PRODUCT_transportationL_v1.json,200,6e92765efd9d44659516e671e8313ca15a2db3eee5f65100994f20e5f2b1ecfd,125000,data/snapshots/2026-08-18/layer_EMSR916_AOI05_GRA_PRODUCT_transportationL_v1.json,capa EMSR916_AOI05_GRA_PRODUCT_transportationL_v1.json
2026-08-18T10:44:10Z,https://rapidmapping-viewer.s3.eu-west-1.amazonaws.com/EMSR916/AOI06/GRA_MONIT01/EMSR916_AOI06_GRA_MONIT01_builtUpP_v2.json,200,7a463f4000890cdba17d6191330ec7e9fc92ed5c01b10379d87a04280835176a,132688,data/snapshots/2026-08-18/layer_EMSR916_AOI06_GRA_MONIT01_builtUpP_v2.json,capa EMSR916_AOI06_GRA_MONIT01_builtUpP_v2.json
2026-08-18T10:44:11Z,https://rapidmapping-viewer.s3.eu-west-1.amazonaws.com/EMSR916/AOI06/GRA_MONIT01/EMSR916_AOI06_GRA_MONIT01_notAnalysedA_v2.json,200,add1491caef0ae73a816c015556aa6ad1e832ed23ec61c9dd5df8e00f497281e,2375722,data/snapshots/2026-08-18/layer_EMSR916_AOI06_GRA_MONIT01_notAnalysedA_v2.json,capa EMSR916_AOI06_GRA_MONIT01_notAnalysedA_v2.json
2026-08-18T10:44:12Z,https://rapidmapping-viewer.s3.eu-west-1.amazonaws.com/EMSR916/AOI06/GRA_MONIT01/EMSR916_AOI06_GRA_MONIT01_transportationL_v2.json,200,6c29b4f423a7e76579429778c782a914fd9569f55f1ab9a129ace385cf82b92e,1391811,data/snapshots/2026-08-18/layer_EMSR916_AOI06_GRA_MONIT01_transportationL_v2.json,capa EMSR916_AOI06_GRA_MONIT01_transportationL_v2.json
2026-08-18T10:44:13Z,https://earthquake.usgs.gov/fdsnws/event/1/query?eventid=us6000tjl2&format=geojson,200,def28b749cecf6881edadbc9259fcf4bb258b805060a1687143fd8d26ed84404,67044,data/snapshots/2026-08-18/usgs_us6000tjl2.json,usgs detail
2026-08-18T10:44:13Z,https://earthquake.usgs.gov/product/shakemap/us6000tjl2/us/1786452072000/download/coverage_mmi_low_res.covjson,200,f3b97ef0e94f8b9203a22f82f09f397f5c19dac416dfe87e373775fa30e13d44,118571,data/snapshots/2026-08-18/usgs_mmi_grid.covjson,usgs download/coverage_mmi_low_res.covjson
2026-08-18T10:44:13Z,https://earthquake.usgs.gov/product/shakemap/us6000tjl2/us/1786452072000/download/cont_mmi.json,200,56996f8c8a5bb0382a1bef3361b7433a15a0bbb9f5693b773958a71f5de9a353,109494,data/snapshots/2026-08-18/usgs_mmi_contours.json,usgs download/cont_mmi.json
2026-08-18T10:44:13Z,https://earthquake.usgs.gov/product/losspager/us6000tjl2/us/1786452203828/json/exposures.json,200,2bd2de5b48436e3c0a177cb3cd085d6a2f260a910f50de0f23f98df518242e8f,1091,data/snapshots/2026-08-18/usgs_pager_exposures.json,usgs pager exposures
2026-08-18T10:44:13Z,https://earthquake.usgs.gov/product/dyfi/us6000tjl2/us/1787009632704/dyfi_geo_10km.geojson,200,124942a8fe16496accbebc6c6ce446574d1f8edd0887730227ea263b45b461b4,203406,data/snapshots/2026-08-18/usgs_dyfi_10km.geojson,usgs dyfi 10km
2026-08-18T10:44:13Z,https://www.gdacs.org/gdacsapi/api/events/geteventdata?eventtype=EQ&eventid=1557236,200,e291fc6dba669b1bb3b53dcff5a1d75692e9a3fac4955642cd6cdfcd9d3348c4,6318,data/snapshots/2026-08-18/gdacs_event_e291fc6d.json,gdacs event
2026-08-18T10:44:14Z,https://www.gdacs.org/gdacsapi/api/news/getnewsbygdacskey?eventtype=EQ&eventid=1557236,200,5dc2a5e4448b1b1bec54e987d72e5921b07fe8ccb16baaf06ec7da45d7bc85fb,2575,data/snapshots/2026-08-18/gdacs_news_institucional.json,gdacs institucional
2026-08-18T10:44:17Z,https://www.gdacs.org/gdacsapi/api/emm/getemmnewsbykey?eventtype=EQ&eventid=1557236,200,4105c96a1fe93cc866639fdb9edfbceefa91f7e4102ff28a54bb3bdc78158365,1832696,data/snapshots/2026-08-18/gdacs_emm.json,gdacs emm
2026-08-18T10:45:12Z,https://api.gdeltproject.org/api/v2/doc/doc?query=%28terremoto+OR+sismo+OR+earthquake%29+Colombia&mode=timelinevol&startdatetime=20260808000000&format=json,429,44c03f8dd984184218c90dc7e64aed9e6e2d8b17426feb5aa7933b3c44df64c6,444,\N,gdelt timelinevol
2026-08-18T10:45:12Z,https://services2.arcgis.com/YVLx8xYoDXKccDfJ/arcgis/rest/services/REGISTRO_DE_EMERGENCIAS_EN_COLOMBIA/FeatureServer/0/query?where=1%3D1&f=json&outStatistics=%5B%7B%22statisticType%22%3A+%22max%22%2C+%22onStatisticField%22%3A+%22FECHA%22%2C+%22outStatisticFieldName%22%3A+%22maxf%22%7D%2C+%7B%22statisticType%22%3A+%22count%22%2C+%22onStatisticField%22%3A+%22OBJECTID_1%22%2C+%22outStatisticFieldName%22%3A+%22n%22%7D%5D,200,7afe3240a23b13adbf1ae8082c18d40649d09209624c4d1ccef7f9c2f28546ed,534,data/snapshots/2026-08-18/ungrd_arcgis_agg.json,ungrd arcgis agregados
2026-08-18T10:45:13Z,https://www.datos.gov.co/resource/wwkg-r6te.json?%24select=count%28%2A%29+as+n%2C+min%28fecha%29+as+desde%2C+max%28fecha%29+as+hasta,200,e19d6f13141d3fe2b0e3d64dbc03bcc0dca3b6c677888ddb7a3ba04ba597afa9,84,data/snapshots/2026-08-18/ungrd_socrata_agg.json,socrata brecha
2026-08-18T10:45:16Z,https://rud.gestiondelriesgo.gov.co/home/json.php?temp=2026T,200,5f9b4df43261e58280a75e8374728a0173c287521b1b91bab4c6f427a74a1d04,18927,data/snapshots/2026-08-18/rud_2026T_5f9b4df4.json,rud 2026T
2026-08-18T10:45:16Z,https://chatmap.hotosm.org/api/v1/map/89319bbb-a14a-4dfd-b9a1-c83b8b55785f,200,8b74291818f4d4b453a6ec22bc5a27eedc3dcabf72de42692cf81d93beda98ed,194724,data/snapshots/2026-08-18/chatmap.json,chatmap
2026-08-18T10:45:19Z,https://chatmap.hotosm.org/api/v1/media/7e721d31-37d9-4d97-beb9-5e89fa562082.mp4,200,19a0205e551d8948a240eb92eb71ce21ae50641feab0ddd0a7ab82f65d854773,9047231,data/media/7e721d31-37d9-4d97-beb9-5e89fa562082.mp4,chatmap media 7e721d31-37d9-4d97-beb9-5e89fa562082.mp4
2026-08-18T10:45:19Z,https://chatmap.hotosm.org/api/v1/media/9e6730d8-32fb-4ad0-87aa-4ef6ebe055f5.mp4,200,1f203c385d9f78fcf41c09907e59eb801a5701121a83bed3a552f7ec79ed4837,1306338,data/media/9e6730d8-32fb-4ad0-87aa-4ef6ebe055f5.mp4,chatmap media 9e6730d8-32fb-4ad0-87aa-4ef6ebe055f5.mp4
2026-08-18T10:45:21Z,https://chatmap.hotosm.org/api/v1/media/d788d8bc-566d-4a15-8290-6266e6989812.mp4,200,953902214eec08be50d0d060b1b6e2af90e6dc3d5636f436430be2c19957d558,6087990,data/media/d788d8bc-566d-4a15-8290-6266e6989812.mp4,chatmap media d788d8bc-566d-4a15-8290-6266e6989812.mp4
2026-08-18T10:45:22Z,https://chatmap.hotosm.org/api/v1/media/3af55d9a-5e17-4e01-8553-dc4981c7bfe8.mp4,200,07d8a7c497bc9ec9d8771004bcd3fde348ee2eb7cd072825f557dd057d9ba4e4,2546756,data/media/3af55d9a-5e17-4e01-8553-dc4981c7bfe8.mp4,chatmap media 3af55d9a-5e17-4e01-8553-dc4981c7bfe8.mp4
2026-08-18T10:45:23Z,https://chatmap.hotosm.org/api/v1/media/23a19b43-fa0b-423b-8609-8b03a8498f35.mp4,200,ef3461d25fe5b22e301a5101c75722c629b47738e89c7f4aaacd787f58e56a7f,2007176,data/media/23a19b43-fa0b-423b-8609-8b03a8498f35.mp4,chatmap media 23a19b43-fa0b-423b-8609-8b03a8498f35.mp4
2026-08-18T10:45:24Z,https://chatmap.hotosm.org/api/v1/media/eb3e9a80-3c41-46ec-ad59-8314ecfc3df5.mp4,200,68e9a811eafdd75473343e96378b19ea592d4d8ba7cc0653ad2a3f9af5b30a9a,3826005,data/media/eb3e9a80-3c41-46ec-ad59-8314ecfc3df5.mp4,chatmap media eb3e9a80-3c41-46ec-ad59-8314ecfc3df5.mp4
2026-08-18T10:45:25Z,https://chatmap.hotosm.org/api/v1/media/90a2e539-deb5-4379-944c-a9cdfb085a30.mp4,200,5ba31a84d101ee83667fd6e9468225553c1474d0990e03d156d1dfb77f44a7d3,3224289,data/media/90a2e539-deb5-4379-944c-a9cdfb085a30.mp4,chatmap media 90a2e539-deb5-4379-944c-a9cdfb085a30.mp4
2026-08-18T10:45:39Z,https://chatmap.hotosm.org/api/v1/media/18928f89-c2d8-413c-9052-1830ddca01db.mp4,200,5e6a8beda8ba82a8ce8ce7c2403f3cbef075ce58b605506986d279412f78c26c,59611494,data/media/18928f89-c2d8-413c-9052-1830ddca01db.mp4,chatmap media 18928f89-c2d8-413c-9052-1830ddca01db.mp4
2026-08-18T10:45:40Z,https://chatmap.hotosm.org/api/v1/media/a831fdb1-14c6-4f10-9233-c734b301d7e6.mp4,200,0bae2d9ba1f91e87246a1303768533a194ed2f3344552983072bc2d92df97773,1364211,data/media/a831fdb1-14c6-4f10-9233-c734b301d7e6.mp4,chatmap media a831fdb1-14c6-4f10-9233-c734b301d7e6.mp4
2026-08-18T10:45:40Z,https://chatmap.hotosm.org/api/v1/media/c207867b-1f41-4c14-980c-7187b6f1c63a.mp4,200,0b9be4185e606e049d8d6d1bece879b4a4ce663934ac516b20bafe394058142f,1884220,data/media/c207867b-1f41-4c14-980c-7187b6f1c63a.mp4,chatmap media c207867b-1f41-4c14-980c-7187b6f1c63a.mp4
2026-08-18T10:45:41Z,https://chatmap.hotosm.org/api/v1/media/643fc510-2401-4b87-9d77-64ed88bcbb7d.mp4,200,77758bd0a62e9386715428df8b63b0ce1191561a3c02b7cda152fedff0b83280,2988033,data/media/643fc510-2401-4b87-9d77-64ed88bcbb7d.mp4,chatmap media 643fc510-2401-4b87-9d77-64ed88bcbb7d.mp4
2026-08-18T10:45:41Z,https://chatmap.hotosm.org/api/v1/media/700e4878-69a9-4696-8555-050ab4823e79.opus,200,74e4c6c82ff9143fabf845bd5b9d737ca0f7b6eb9f605278da9575e66143e2a5,14695,data/media/700e4878-69a9-4696-8555-050ab4823e79.opus,chatmap media 700e4878-69a9-4696-8555-050ab4823e79.opus
2026-08-18T10:45:42Z,https://chatmap.hotosm.org/api/v1/media/a3bcbde2-b206-4d75-a543-1c375566f223.mp4,200,b5e07345a67e549ae6755602c5e52b0789723378bdc06341f1914e75f8a68e0a,1025118,data/media/a3bcbde2-b206-4d75-a543-1c375566f223.mp4,chatmap media a3bcbde2-b206-4d75-a543-1c375566f223.mp4
2026-08-18T10:45:43Z,https://chatmap.hotosm.org/api/v1/media/c773fc21-433f-4c41-9813-db0400cb355d.mp4,200,fa10a43992cf0c99adbaecbde8d0652048205c1c9d958e45bbbe4576c7fed9a8,5384273,data/media/c773fc21-433f-4c41-9813-db0400cb355d.mp4,chatmap media c773fc21-433f-4c41-9813-db0400cb355d.mp4
2026-08-18T10:45:44Z,https://chatmap.hotosm.org/api/v1/media/05cb9771-b232-408d-a1cc-0a2d971edecd.mp4,200,4b318cef61bc0e54cee0b189236df206414709f3aa07e8d3edde52644831187b,582255,data/media/05cb9771-b232-408d-a1cc-0a2d971edecd.mp4,chatmap media 05cb9771-b232-408d-a1cc-0a2d971edecd.mp4
2026-08-18T10:45:46Z,https://chatmap.hotosm.org/api/v1/media/8537dd41-6a37-4cf2-bba5-cae0e980d9a7.mp4,200,2c44116726545e38fe8b87de987014ef897bef0e9a02fa2517c88de725995592,6411160,data/media/8537dd41-6a37-4cf2-bba5-cae0e980d9a7.mp4,chatmap media 8537dd41-6a37-4cf2-bba5-cae0e980d9a7.mp4
2026-08-18T10:45:49Z,https://chatmap.hotosm.org/api/v1/media/901027d8-6156-48f9-8c94-5fa2ea9f8009.mp4,200,344b656593268a3130b2ed0db3dbb7e4512a81b27ac03d0796f651c376b35b43,12514823,data/media/901027d8-6156-48f9-8c94-5fa2ea9f8009.mp4,chatmap media 901027d8-6156-48f9-8c94-5fa2ea9f8009.mp4
2026-08-18T10:45:52Z,https://chatmap.hotosm.org/api/v1/media/cc92e869-00e5-440a-978b-29997331ac9b.mp4,200,7b6a502bec3c290d15b32188e63aafa8ca64d773f9e46c291c6fb3a04717ee64,9213793,data/media/cc92e869-00e5-440a-978b-29997331ac9b.mp4,chatmap media cc92e869-00e5-440a-978b-29997331ac9b.mp4
2026-08-18T10:45:54Z,https://chatmap.hotosm.org/api/v1/media/971a9efb-6e8e-40f4-bd5c-6f9624720927.mp4,200,7b6a502bec3c290d15b32188e63aafa8ca64d773f9e46c291c6fb3a04717ee64,9213793,data/media/971a9efb-6e8e-40f4-bd5c-6f9624720927.mp4,chatmap media 971a9efb-6e8e-40f4-bd5c-6f9624720927.mp4
2026-08-18T10:45:55Z,https://chatmap.hotosm.org/api/v1/media/8afbb51d-2305-447d-ae5f-7fcd3de43327.mp4,200,353570ed866178f58264553da96c820ba4691904a0dee80718313e977c648084,4546405,data/media/8afbb51d-2305-447d-ae5f-7fcd3de43327.mp4,chatmap media 8afbb51d-2305-447d-ae5f-7fcd3de43327.mp4
2026-08-18T10:45:58Z,https://chatmap.hotosm.org/api/v1/media/170c8d27-d09f-45d8-9856-eb7879c4c87a.mp4,200,601c25992c26c16b3234b931f7f232ab4c3230723e40197ab549f4e04ce7950d,9655962,data/media/170c8d27-d09f-45d8-9856-eb7879c4c87a.mp4,chatmap media 170c8d27-d09f-45d8-9856-eb7879c4c87a.mp4
2026-08-18T10:45:58Z,https://chatmap.hotosm.org/api/v1/media/c9863db3-ffb7-4c42-886c-c911a59f11bb.mp4,200,5475a953ffadb2e30d76fe0cf56b11bd7810434bfd5ac703e094e138521f1ff4,1250891,data/media/c9863db3-ffb7-4c42-886c-c911a59f11bb.mp4,chatmap media c9863db3-ffb7-4c42-886c-c911a59f11bb.mp4
2026-08-18T10:46:00Z,https://chatmap.hotosm.org/api/v1/media/22773b75-9d51-41f1-b5a0-f70cd543954e.mp4,200,7e5ee4326d6cce66b25de7267de5af95ac6fb9a09ad4e881ce8a2f1e3a239f2a,6890458,data/media/22773b75-9d51-41f1-b5a0-f70cd543954e.mp4,chatmap media 22773b75-9d51-41f1-b5a0-f70cd543954e.mp4
2026-08-18T10:46:04Z,https://chatmap.hotosm.org/api/v1/media/6ca4ca98-6444-4045-a7b5-86ec20663275.mp4,200,5924de4f5be82d26a0a51fa8f3dabfa41e0a5105227ab9ddd16e9fdcecb5a34d,8374637,data/media/6ca4ca98-6444-4045-a7b5-86ec20663275.mp4,chatmap media 6ca4ca98-6444-4045-a7b5-86ec20663275.mp4
2026-08-18T10:46:16Z,https://chatmap.hotosm.org/api/v1/media/e796a30d-0916-481e-852c-b189fd8d4566.mp4,200,182d4e75c7487a37219908c4bf0e55953f96807e9d20404ce6962643da3a1181,52065376,data/media/e796a30d-0916-481e-852c-b189fd8d4566.mp4,chatmap media e796a30d-0916-481e-852c-b189fd8d4566.mp4
2026-08-18T10:46:18Z,https://chatmap.hotosm.org/api/v1/media/c5cfce1d-18dd-4c0d-a259-a594e72d06dc.mp4,200,94c10cfb050ba2b03871bf37425e99c2edf44cc9483ed06b4b73505fbd7252ba,8861422,data/media/c5cfce1d-18dd-4c0d-a259-a594e72d06dc.mp4,chatmap media c5cfce1d-18dd-4c0d-a259-a594e72d06dc.mp4
2026-08-18T10:46:19Z,https://chatmap.hotosm.org/api/v1/media/98d8766b-b9ee-4c8a-8d4d-f47f4960173f.mp4,200,b59c68825f9e1fe1cc402d24724007105a338bf6a93707a66f4b1719e62f3f93,2551251,data/media/98d8766b-b9ee-4c8a-8d4d-f47f4960173f.mp4,chatmap media 98d8766b-b9ee-4c8a-8d4d-f47f4960173f.mp4
2026-08-18T10:46:20Z,https://chatmap.hotosm.org/api/v1/media/3bf8426a-e380-408a-ac3e-52606f2b766f.mp4,200,92987f2ce0486a4b2b07624eacae5e8bb02c520e050467cf9d30714473cdaf80,5279537,data/media/3bf8426a-e380-408a-ac3e-52606f2b766f.mp4,chatmap media 3bf8426a-e380-408a-ac3e-52606f2b766f.mp4
2026-08-18T10:46:21Z,https://chatmap.hotosm.org/api/v1/media/627cb272-5b43-471a-bb93-53d283fc2f1a.mp4,200,b660e24def888cb4b89294188dd258ff4003a3db471f42ff628e27e7820b62fc,1640307,data/media/627cb272-5b43-471a-bb93-53d283fc2f1a.mp4,chatmap media 627cb272-5b43-471a-bb93-53d283fc2f1a.mp4
2026-08-18T10:46:23Z,https://chatmap.hotosm.org/api/v1/media/4290cbae-4de7-4143-93c2-9b162de0d88a.mp4,200,a7c7ba02ee89e317a951bc30c70180d627034aa526e3d8fa9b2290772d554d87,7967806,data/media/4290cbae-4de7-4143-93c2-9b162de0d88a.mp4,chatmap media 4290cbae-4de7-4143-93c2-9b162de0d88a.mp4
2026-08-18T10:46:24Z,https://chatmap.hotosm.org/api/v1/media/0ff1ff38-5b35-4a31-b3dd-5a041bc392c6.mp4,200,6e08d86fe9a1407cc968efe201cedf7f9e15a5ba602577bd5d625659a385e9ac,3918961,data/media/0ff1ff38-5b35-4a31-b3dd-5a041bc392c6.mp4,chatmap media 0ff1ff38-5b35-4a31-b3dd-5a041bc392c6.mp4
2026-08-18T10:46:25Z,https://chatmap.hotosm.org/api/v1/media/b50705df-ade5-4e58-a156-af35b5a9c992.mp4,200,7e4e1b82c36e8b00de5249d9fb23a1e81a4f9946aa9a68fd8538c68bcfe8c142,1926320,data/media/b50705df-ade5-4e58-a156-af35b5a9c992.mp4,chatmap media b50705df-ade5-4e58-a156-af35b5a9c992.mp4
2026-08-18T10:46:25Z,https://chatmap.hotosm.org/api/v1/media/1ae11f09-b7b0-4387-b88d-1a3f90ac1112.mp4,200,757223064af73eb51766fd4bb9305c6736bf5226146185c46236db1a29c38cde,757208,data/media/1ae11f09-b7b0-4387-b88d-1a3f90ac1112.mp4,chatmap media 1ae11f09-b7b0-4387-b88d-1a3f90ac1112.mp4
2026-08-18T10:46:28Z,https://chatmap.hotosm.org/api/v1/media/3fc32116-04c9-4e8d-986f-ca3a884d13f7.mp4,200,5341b7b67bc8eb022693976df52ab648840f20987280a5966a8ee7bbb0a4c14c,9988129,data/media/3fc32116-04c9-4e8d-986f-ca3a884d13f7.mp4,chatmap media 3fc32116-04c9-4e8d-986f-ca3a884d13f7.mp4
2026-08-18T10:46:33Z,https://chatmap.hotosm.org/api/v1/media/5f568d18-7a3e-4168-9e4d-dde5bc849010.mp4,200,a711f102aff25c562746e144c36c13e24608137cefccb9ed6951990047e5c4bd,24335214,data/media/5f568d18-7a3e-4168-9e4d-dde5bc849010.mp4,chatmap media 5f568d18-7a3e-4168-9e4d-dde5bc849010.mp4
2026-08-18T10:46:34Z,https://chatmap.hotosm.org/api/v1/media/9884e28b-7165-43af-bd02-9d545fddfb06.mp4,200,679b5adbf9912cff1a151c8a2177787bf846452d178c0ab7be2564b0c7438704,3993181,data/media/9884e28b-7165-43af-bd02-9d545fddfb06.mp4,chatmap media 9884e28b-7165-43af-bd02-9d545fddfb06.mp4
2026-08-18T10:46:36Z,https://chatmap.hotosm.org/api/v1/media/e9dfe7a8-73fd-41ad-bcd7-94ebb28084b0.mp4,200,b80aeeeef66b729a46043466da25b01953a256167bc6853381bb673c8f53192c,4538274,data/media/e9dfe7a8-73fd-41ad-bcd7-94ebb28084b0.mp4,chatmap media e9dfe7a8-73fd-41ad-bcd7-94ebb28084b0.mp4
2026-08-18T10:46:39Z,https://chatmap.hotosm.org/api/v1/media/65d0f519-405a-408b-a99d-0edd5caee5bc.mp4,200,e22701d1535057b316d704ef19872b18297636591d841460cad967b3c20982f0,12615286,data/media/65d0f519-405a-408b-a99d-0edd5caee5bc.mp4,chatmap media 65d0f519-405a-408b-a99d-0edd5caee5bc.mp4
2026-08-18T10:46:41Z,https://chatmap.hotosm.org/api/v1/media/cb004578-9acc-4cce-891f-e82ebe90c8f1.mp4,200,51a0e66d23e5894b9f657e3345788c8c41fbcae27c4eedace9648a06aab9e6d8,11085520,data/media/cb004578-9acc-4cce-891f-e82ebe90c8f1.mp4,chatmap media cb004578-9acc-4cce-891f-e82ebe90c8f1.mp4
2026-08-18T10:46:42Z,https://chatmap.hotosm.org/api/v1/media/b1b099c5-6114-4b97-b50a-0dd164763c92.mp4,200,8a8407ba3bc6fbd2c73d25c90347c1acc958b6bb0217d3e035ae7cf95b060ec3,1640900,data/media/b1b099c5-6114-4b97-b50a-0dd164763c92.mp4,chatmap media b1b099c5-6114-4b97-b50a-0dd164763c92.mp4
2026-08-18T10:46:43Z,https://chatmap.hotosm.org/api/v1/media/5e91e24f-0ea0-4f76-9459-f50bd1c65241.mp4,200,07bd8f702e97ca1f1c0a6ded1a7fdcf63a9ef2e7a51460d8d9188be83c20c33f,2677946,data/media/5e91e24f-0ea0-4f76-9459-f50bd1c65241.mp4,chatmap media 5e91e24f-0ea0-4f76-9459-f50bd1c65241.mp4
2026-08-18T10:46:45Z,https://chatmap.hotosm.org/api/v1/media/2c7ca58c-1bc8-4d95-9b7f-fad87ec1280a.mp4,200,d1d3008a73757718b1ec463f6550b9593f6a5aefb08e66670363cef9fcafbe5d,9434548,data/media/2c7ca58c-1bc8-4d95-9b7f-fad87ec1280a.mp4,chatmap media 2c7ca58c-1bc8-4d95-9b7f-fad87ec1280a.mp4
2026-08-18T10:46:46Z,https://chatmap.hotosm.org/api/v1/media/bdac0d49-1d97-4b25-9a4b-ff99d24139f6.mp4,200,a87707362bcb90270007de2ccec38432d6cd3e53d73d3e7e5edd61aa6ee61e65,3489472,data/media/bdac0d49-1d97-4b25-9a4b-ff99d24139f6.mp4,chatmap media bdac0d49-1d97-4b25-9a4b-ff99d24139f6.mp4
2026-08-18T10:46:47Z,https://chatmap.hotosm.org/api/v1/media/4a3c5360-6fed-4077-9d18-582867391a5d.mp4,200,0638a819c002ced456f952e9280449e627f7052b74dce53c733586fc8e5755b9,3874765,data/media/4a3c5360-6fed-4077-9d18-582867391a5d.mp4,chatmap media 4a3c5360-6fed-4077-9d18-582867391a5d.mp4
2026-08-18T10:46:48Z,https://chatmap.hotosm.org/api/v1/media/afd0bfca-77b3-4f66-9783-954f26fcdee8.mp4,200,0638a819c002ced456f952e9280449e627f7052b74dce53c733586fc8e5755b9,3874765,data/media/afd0bfca-77b3-4f66-9783-954f26fcdee8.mp4,chatmap media afd0bfca-77b3-4f66-9783-954f26fcdee8.mp4
2026-08-18T10:46:51Z,https://chatmap.hotosm.org/api/v1/media/51dcc496-00cb-43e1-833f-c9970a9957dd.mp4,200,d0c8fc3033c262b18586365ecde0a2bbdf8afb37c749d80e1be91cea21d4655c,12508365,data/media/51dcc496-00cb-43e1-833f-c9970a9957dd.mp4,chatmap media 51dcc496-00cb-43e1-833f-c9970a9957dd.mp4
2026-08-18T10:46:53Z,https://chatmap.hotosm.org/api/v1/media/2c1758f9-b396-4e31-a403-aca131b9a5ba.mp4,200,9103ace5b434cf8ca9261c1a90feccdf30d2fa6795654d7eb350b40e9540c590,5717079,data/media/2c1758f9-b396-4e31-a403-aca131b9a5ba.mp4,chatmap media 2c1758f9-b396-4e31-a403-aca131b9a5ba.mp4
2026-08-18T10:46:54Z,https://chatmap.hotosm.org/api/v1/media/21c80697-de79-4117-b484-3f8d852fc7cd.mp4,200,8e492e4407ba7aba23b6fc76bf9af03085f97856e8300b0298c42b5b2f5a1883,4789147,data/media/21c80697-de79-4117-b484-3f8d852fc7cd.mp4,chatmap media 21c80697-de79-4117-b484-3f8d852fc7cd.mp4
2026-08-18T10:46:55Z,https://chatmap.hotosm.org/api/v1/media/f728f8be-0194-4800-b43b-3cb8c9d3d9be.mp4,200,9e29f8ca7cd457ecf7dd090469b1118dc400fb8605199bfa6b682851aaae3f88,4458951,data/media/f728f8be-0194-4800-b43b-3cb8c9d3d9be.mp4,chatmap media f728f8be-0194-4800-b43b-3cb8c9d3d9be.mp4
2026-08-18T10:46:56Z,https://chatmap.hotosm.org/api/v1/media/74e01695-13ae-401c-a8b3-9e52f19c2964.mp4,200,c46c2bc2b904a0d9b95afcc473ad88d61883e2f4178490e3db93d48d77bcdcb9,3227188,data/media/74e01695-13ae-401c-a8b3-9e52f19c2964.mp4,chatmap media 74e01695-13ae-401c-a8b3-9e52f19c2964.mp4
2026-08-18T10:47:08Z,https://chatmap.hotosm.org/api/v1/media/05c3311f-a9a2-43b1-9aa0-415babc308d0.mp4,200,6c8e7ef157c594d07a3b01fc36b7ace8f3ae964e5b8af514127d74110475c7e8,46175034,data/media/05c3311f-a9a2-43b1-9aa0-415babc308d0.mp4,chatmap media 05c3311f-a9a2-43b1-9aa0-415babc308d0.mp4
2026-08-18T10:47:10Z,https://chatmap.hotosm.org/api/v1/media/4e6eb3c0-332b-4a91-81fe-f435c8e5c3de.mp4,200,639f18198379e5c9880459c78459b774cfa336ed0743b0ac580f97b7bed1a99e,5075384,data/media/4e6eb3c0-332b-4a91-81fe-f435c8e5c3de.mp4,chatmap media 4e6eb3c0-332b-4a91-81fe-f435c8e5c3de.mp4
2026-08-18T10:47:13Z,https://chatmap.hotosm.org/api/v1/media/394032c1-ada0-4951-86c2-b18d18d76a17.mp4,200,1a09dc1bfb7ccacde778cc4d41d0a6da7a1a3368e95051c987f481ba5b989497,15362583,data/media/394032c1-ada0-4951-86c2-b18d18d76a17.mp4,chatmap media 394032c1-ada0-4951-86c2-b18d18d76a17.mp4
2026-08-18T10:47:18Z,https://chatmap.hotosm.org/api/v1/media/40cae3fe-fcc9-4302-839c-3dc7cea73315.mp4,200,3c0f22dca0693db57bd166bf4e70d8f711418a1c341dcc2708516daf1d62b846,19529966,data/media/40cae3fe-fcc9-4302-839c-3dc7cea73315.mp4,chatmap media 40cae3fe-fcc9-4302-839c-3dc7cea73315.mp4
2026-08-18T10:47:29Z,https://chatmap.hotosm.org/api/v1/media/30d00822-6dcb-4357-89b1-851051b22907.mp4,200,6c8e7ef157c594d07a3b01fc36b7ace8f3ae964e5b8af514127d74110475c7e8,46175034,data/media/30d00822-6dcb-4357-89b1-851051b22907.mp4,chatmap media 30d00822-6dcb-4357-89b1-851051b22907.mp4
2026-08-18T10:47:31Z,https://chatmap.hotosm.org/api/v1/media/3e9f2563-de80-4cb4-b8ee-6b120c042997.mp4,200,ace2f834f03734dbf3d314b54f41f979a6c3025fa6ffb15f22128ca6f0c181b9,4656490,data/media/3e9f2563-de80-4cb4-b8ee-6b120c042997.mp4,chatmap media 3e9f2563-de80-4cb4-b8ee-6b120c042997.mp4
2026-08-18T10:47:34Z,https://chatmap.hotosm.org/api/v1/media/919a0172-e42d-492d-8927-1ee87899e5cd.mp4,200,437037d24d8624e4cfa21fbfe4276c72fcb37b5397c8c668855cebd6afe12f14,15479792,data/media/919a0172-e42d-492d-8927-1ee87899e5cd.mp4,chatmap media 919a0172-e42d-492d-8927-1ee87899e5cd.mp4
2026-08-18T10:47:36Z,https://chatmap.hotosm.org/api/v1/media/4773223d-df00-4e92-99f1-1bcde9e90b50.mp4,200,e16d534574c977e6940f95ab52d1078c09af7aa74ce3e03fd3a45c38e08829c8,5519960,data/media/4773223d-df00-4e92-99f1-1bcde9e90b50.mp4,chatmap media 4773223d-df00-4e92-99f1-1bcde9e90b50.mp4
2026-08-18T10:47:38Z,https://chatmap.hotosm.org/api/v1/media/a5c53333-3657-428c-b4d6-6de02328018a.mp4,200,476be371d4fca0d85743dafe667a45cd7ba1f604760818168c8f26b409cea83c,6545063,data/media/a5c53333-3657-428c-b4d6-6de02328018a.mp4,chatmap media a5c53333-3657-428c-b4d6-6de02328018a.mp4
2026-08-18T10:47:40Z,https://chatmap.hotosm.org/api/v1/media/e620c051-ead3-40ae-ab11-95a78339d1fd.mp4,200,a66a20e150206230b9d7749ece53223f12ace38f360fb892fc074540f294a00e,8508700,data/media/e620c051-ead3-40ae-ab11-95a78339d1fd.mp4,chatmap media e620c051-ead3-40ae-ab11-95a78339d1fd.mp4
2026-08-18T10:47:44Z,https://chatmap.hotosm.org/api/v1/media/dd6a52c4-4cbb-4829-9387-c7c13895cace.mp4,200,a7027eaff02c25e99087873e9fb1cf17f7ba14edd5565501b9df3dacc5a82c77,16744305,data/media/dd6a52c4-4cbb-4829-9387-c7c13895cace.mp4,chatmap media dd6a52c4-4cbb-4829-9387-c7c13895cace.mp4
2026-08-18T10:47:46Z,https://chatmap.hotosm.org/api/v1/media/fd211407-ce6e-4cdf-aa99-67e90bf72caf.mp4,200,6e98bb8dac5987044c7e7b9af89c02af93346905887ebf2d9b43426db175110f,8416212,data/media/fd211407-ce6e-4cdf-aa99-67e90bf72caf.mp4,chatmap media fd211407-ce6e-4cdf-aa99-67e90bf72caf.mp4
2026-08-18T10:47:47Z,https://chatmap.hotosm.org/api/v1/media/62b559ab-a574-4490-8fd2-645c2fb7c6f0.mp4,200,6fbb2cad9df51cb66f969a35c1513676c4d9c9ae968c7338a3e9415e107ead50,6382144,data/media/62b559ab-a574-4490-8fd2-645c2fb7c6f0.mp4,chatmap media 62b559ab-a574-4490-8fd2-645c2fb7c6f0.mp4
2026-08-18T10:47:48Z,https://chatmap.hotosm.org/api/v1/media/e7f4097a-5ca6-45de-823c-b34b2a8707f5.mp4,200,14eabaa74706242b9a09dc5bf01ad0bc2041a847ccdf2771a3d54bf30016302a,1036581,data/media/e7f4097a-5ca6-45de-823c-b34b2a8707f5.mp4,chatmap media e7f4097a-5ca6-45de-823c-b34b2a8707f5.mp4
2026-08-18T10:47:49Z,https://chatmap.hotosm.org/api/v1/media/5875d4b4-046d-4db7-962e-73ee926a49de.mp4,200,b72c4db1a6eaa0c9e6032e7619e84cd65d4af4573c017ecf65d3938816e8a5b0,4235454,data/media/5875d4b4-046d-4db7-962e-73ee926a49de.mp4,chatmap media 5875d4b4-046d-4db7-962e-73ee926a49de.mp4
2026-08-18T10:47:50Z,https://chatmap.hotosm.org/api/v1/media/b90c3db1-3b53-46c0-b558-79750430579d.mp4,200,0606446ddc567ea3978336042af15d92a0a91440f75457b1a73f61de2eb08b2d,3732758,data/media/b90c3db1-3b53-46c0-b558-79750430579d.mp4,chatmap media b90c3db1-3b53-46c0-b558-79750430579d.mp4
2026-08-18T10:47:51Z,https://chatmap.hotosm.org/api/v1/media/f281ddef-6961-4042-85d0-0473018484c3.mp4,200,f6b1443dbdba9362604fc60b3aecae4b57abf1545950e28a5ea60bf6a65bd09f,2940216,data/media/f281ddef-6961-4042-85d0-0473018484c3.mp4,chatmap media f281ddef-6961-4042-85d0-0473018484c3.mp4
2026-08-18T10:47:52Z,https://chatmap.hotosm.org/api/v1/media/0add867d-d89c-4f8c-b9c3-79e53eb8bc30.mp4,200,3de91e9f1651145d3068b7075de4f3d9355139d52f177cdbbbf2b710f0341d37,2303611,data/media/0add867d-d89c-4f8c-b9c3-79e53eb8bc30.mp4,chatmap media 0add867d-d89c-4f8c-b9c3-79e53eb8bc30.mp4
2026-08-18T10:47:53Z,https://chatmap.hotosm.org/api/v1/media/c7835641-0b00-4679-871a-45f88238696f.mp4,200,555bc58618709e731e3a43377c4b660e30103b303703df033d69ae98b1d11fdf,4526534,data/media/c7835641-0b00-4679-871a-45f88238696f.mp4,chatmap media c7835641-0b00-4679-871a-45f88238696f.mp4
2026-08-18T10:47:53Z,https://chatmap.hotosm.org/api/v1/media/83ec28cb-fe63-4f95-84d2-84856fa5792f.mp4,200,7a145825ea04bd2d66d861f1f8c8abe66d03d2442379fc806d760ec381bcd9b5,497839,data/media/83ec28cb-fe63-4f95-84d2-84856fa5792f.mp4,chatmap media 83ec28cb-fe63-4f95-84d2-84856fa5792f.mp4
2026-08-18T10:47:55Z,https://chatmap.hotosm.org/api/v1/media/176caca1-7226-467b-82aa-d61fb69e0b03.mp4,200,2151552721e9c8f9f0d0b6998e82a776e5b97ab80dbbb59e976f176049506483,6003388,data/media/176caca1-7226-467b-82aa-d61fb69e0b03.mp4,chatmap media 176caca1-7226-467b-82aa-d61fb69e0b03.mp4
2026-08-18T10:47:56Z,https://chatmap.hotosm.org/api/v1/media/70f07dcd-d3d3-4a62-a701-c0275a25df33.mp4,200,44f4489dffb981c255b0906c754c53bf08d2e9b2d4c753851f17a90aa3fe6809,2487764,data/media/70f07dcd-d3d3-4a62-a701-c0275a25df33.mp4,chatmap media 70f07dcd-d3d3-4a62-a701-c0275a25df33.mp4
2026-08-18T10:47:58Z,https://www.seismicportal.eu/testimonies-ws/api/search?unids=20260810_0000177,200,f8e0ef472e53ac077541c5ded3843574d5f58ec8933e2cc3457cee76d6d1939b,456,data/snapshots/2026-08-18/emsc_testimonies.json,emsc testimonies
2026-08-18T10:47:58Z,https://www.eltiempo.com/rss/colombia.xml,200,162502859b7398d1e88fcc0743c6fdd7d300a91dea59cbfd40b23d3a0bb50cc4,13062,data/snapshots/2026-08-18/feed_eltiempo-colombia_16250285.xml,feed comunitario eltiempo-colombia
2026-08-18T10:47:59Z,https://www.eldiario.com.co/feed/,200,db5c444d14f7ee21f407c6d642938bce9bc39be608a4514a7c26fca02de9da77,240687,data/snapshots/2026-08-18/feed_eldiario-pereira.xml,feed comunitario eldiario-pereira
2026-08-18T10:47:59Z,https://choco7dias.com/feed/,200,59d6c2ee01af6bf79c0d86d83cdbe9af3a4004cd8d62bc151510231c995b9024,69721,data/snapshots/2026-08-18/feed_choco7dias.xml,feed comunitario choco7dias
2026-08-18T10:47:59Z,https://occidente.co/feed/,200,212298c4a8d298c2d3b096975614edd28bba1a33a8c3462568f3671abea1d3a7,76299,data/snapshots/2026-08-18/feed_diario-occidente.xml,feed comunitario diario-occidente
2026-08-18T10:48:00Z,https://www.qhubocali.com/feed/,200,a891b02ec54775b14825085c36abe9641e94178026478b51616582eb7b5e0039,100098,data/snapshots/2026-08-18/feed_qhubo-cali.xml,feed comunitario qhubo-cali
2026-08-18T10:48:00Z,https://www.lapatria.com/rss.xml,200,3981cae27c60cfb502411e6fa794bdc6e902d7ce3bca69184481dc9742d44f1c,23632,data/snapshots/2026-08-18/feed_la-patria-caldas_3981cae2.xml,feed comunitario la-patria-caldas
2026-08-18T10:48:00Z,https://www.elcolombiano.com/rss/Colombia.xml,200,6ce8707eec8482b232bfcdafc9ef77aa95581e7152492057ea9f4fbeb4ff0ac3,371133,data/snapshots/2026-08-18/feed_elcolombiano_6ce8707e.xml,feed comunitario elcolombiano
2026-08-18T10:48:01Z,https://news.google.com/rss/search?q=terremoto+Colombia&hl=es-CO&gl=CO&ceid=CO:es,200,e1dcaee0f2a3aaae216489cf4322cae51938f0a694c12be2d6be36ed65f6ca88,218476,data/snapshots/2026-08-18/feed_googlenews-es_e1dcaee0.xml,feed comunitario googlenews-es
2026-08-18T10:48:01Z,https://news.google.com/rss/search?q=site%3Aelpais.com.co+%28terremoto+OR+sismo+OR+temblor%29&hl=es-CO&gl=CO&ceid=CO:es,200,079bf4a88b96bef0103dfd122bd541a4906a7ca96b37b52478de45d538ac457a,243504,data/snapshots/2026-08-18/feed_googlenews-elpais-cali_079bf4a8.xml,feed comunitario googlenews-elpais-cali
2026-08-18T10:48:02Z,https://news.google.com/rss/search?q=site%3Acronicadelquindio.com+%28terremoto+OR+sismo+OR+temblor%29&hl=es-CO&gl=CO&ceid=CO:es,200,0887194615139b0821ddd18386bc7bf1a0758e3726a07247f19178cc3f73c82e,117808,data/snapshots/2026-08-18/feed_googlenews-cronica-quindio_08871946.xml,feed comunitario googlenews-cronica-quindio
2026-08-18T10:48:02Z,https://news.google.com/rss/search?q=%28%22terremoto%22+OR+%22sismo%22+OR+%22temblor%22%29+%22armenia%22+%22quindio%22&hl=es-CO&gl=CO&ceid=CO:es,200,27523e6cee97eb0b1249187ab0d82b5bb66810e742b9ee438951ccd00a1b5354,97932,data/snapshots/2026-08-18/feed_googlenews-municipio-armenia_27523e6c.xml,feed comunitario googlenews-municipio-armenia
2026-08-18T10:48:03Z,https://news.google.com/rss/search?q=%28%22terremoto%22+OR+%22sismo%22+OR+%22temblor%22%29+%22calarca%22+%22quindio%22&hl=es-CO&gl=CO&ceid=CO:es,200,05ead7440b65522538f8fbf4228337778e592a800a58b1fe68454d2c8832f30e,67895,data/snapshots/2026-08-18/feed_googlenews-municipio-calarca_05ead744.xml,feed comunitario googlenews-municipio-calarca
2026-08-18T10:48:03Z,https://news.google.com/rss/search?q=%28%22terremoto%22+OR+%22sismo%22+OR+%22temblor%22%29+%22la+tebaida%22+%22quindio%22&hl=es-CO&gl=CO&ceid=CO:es,200,977fc80d654632a2ec05fd463c81103173a9ca718e132538dc1dc18e94e42b8c,83687,data/snapshots/2026-08-18/feed_googlenews-municipio-la-tebaida_977fc80d.xml,feed comunitario googlenews-municipio-la-tebaida
2026-08-18T10:48:03Z,https://news.google.com/rss/search?q=%28%22terremoto%22+OR+%22sismo%22+OR+%22temblor%22%29+%22montenegro%22+%22quindio%22&hl=es-CO&gl=CO&ceid=CO:es,200,374bcf974d6fed6b13f96965ad54ebf6d8f9d1d60cc1eaa845281a32ac30958d,88411,data/snapshots/2026-08-18/feed_googlenews-municipio-montenegro_374bcf97.xml,feed comunitario googlenews-municipio-montenegro
2026-08-18T10:48:04Z,https://news.google.com/rss/search?q=%28%22terremoto%22+OR+%22sismo%22+OR+%22temblor%22%29+%22salento%22+%22quindio%22&hl=es-CO&gl=CO&ceid=CO:es,200,8eaf96a8c37e085e4c844a206b68cbb9572fe5fffe57454dd60e66152e72c7f5,92160,data/snapshots/2026-08-18/feed_googlenews-municipio-salento_8eaf96a8.xml,feed comunitario googlenews-municipio-salento
2026-08-18T10:48:04Z,https://news.google.com/rss/search?q=%28%22terremoto%22+OR+%22sismo%22+OR+%22temblor%22%29+%22zarzal%22+%22valle+del+cauca%22&hl=es-CO&gl=CO&ceid=CO:es,200,64ed4ea6f1e84f75b92518ba3115c37fc763c4b1e8b6f62012348beddb506269,113116,data/snapshots/2026-08-18/feed_googlenews-municipio-zarzal_64ed4ea6.xml,feed comunitario googlenews-municipio-zarzal
2026-08-18T10:48:04Z,https://news.google.com/rss/search?q=%28%22terremoto%22+OR+%22sismo%22+OR+%22temblor%22%29+%22cartago%22+%22valle+del+cauca%22&hl=es-CO&gl=CO&ceid=CO:es,200,f4cffd489a50411e78760073daa0973509853e3003b07080cc07e7db6f2eda0c,167122,data/snapshots/2026-08-18/feed_googlenews-municipio-cartago_f4cffd48.xml,feed comunitario googlenews-municipio-cartago
2026-08-18T10:48:05Z,https://news.google.com/rss/search?q=%28%22terremoto%22+OR+%22sismo%22+OR+%22temblor%22%29+%22tulua%22+%22valle+del+cauca%22&hl=es-CO&gl=CO&ceid=CO:es,200,948db8d5142dcba35f553c7f6d02b15b537690605935e5bfee13c2b255ff7a7b,85287,data/snapshots/2026-08-18/feed_googlenews-municipio-tulua_948db8d5.xml,feed comunitario googlenews-municipio-tulua
2026-08-18T10:48:05Z,https://news.google.com/rss/search?q=%28%22terremoto%22+OR+%22sismo%22+OR+%22temblor%22%29+%22buga%22+%22valle+del+cauca%22&hl=es-CO&gl=CO&ceid=CO:es,200,f26bb797159f08889b5429ae9618113a1ad8327e27213f095358e8d24f02192c,170352,data/snapshots/2026-08-18/feed_googlenews-municipio-buga_f26bb797.xml,feed comunitario googlenews-municipio-buga
2026-08-18T10:48:05Z,https://news.google.com/rss/search?q=%28%22terremoto%22+OR+%22sismo%22+OR+%22temblor%22%29+%22palmira%22+%22valle+del+cauca%22&hl=es-CO&gl=CO&ceid=CO:es,200,9a7ff92d1792bdc6e64c26b7f03042e090bd9bc6348cec4c583d521569843ce0,171322,data/snapshots/2026-08-18/feed_googlenews-municipio-palmira_9a7ff92d.xml,feed comunitario googlenews-municipio-palmira
2026-08-18T10:48:06Z,https://news.google.com/rss/search?q=%28%22terremoto%22+OR+%22sismo%22+OR+%22temblor%22%29+%22roldanillo%22+%22valle+del+cauca%22&hl=es-CO&gl=CO&ceid=CO:es,200,4157e556e99ad97c49b6dd78edad167102952a742f1239ee737b42e0e79ffd49,217876,data/snapshots/2026-08-18/feed_googlenews-municipio-roldanillo_4157e556.xml,feed comunitario googlenews-municipio-roldanillo
2026-08-18T10:48:06Z,https://news.google.com/rss/search?q=%28%22terremoto%22+OR+%22sismo%22+OR+%22temblor%22%29+%22sevilla%22+%22valle+del+cauca%22&hl=es-CO&gl=CO&ceid=CO:es,200,d00d08af4b7fc440f294e7bf0c36127536e66922a79766a7295e7b4eb06618f6,122612,data/snapshots/2026-08-18/feed_googlenews-municipio-sevilla_d00d08af.xml,feed comunitario googlenews-municipio-sevilla
2026-08-18T10:48:07Z,https://news.google.com/rss/search?q=%28%22terremoto%22+OR+%22sismo%22+OR+%22temblor%22%29+%22caicedonia%22+%22valle+del+cauca%22&hl=es-CO&gl=CO&ceid=CO:es,200,8b3123b191f4e5b1f0f3e2a4532e19a373ba95908225f74882a17f6eeb693253,99236,data/snapshots/2026-08-18/feed_googlenews-municipio-caicedonia_8b3123b1.xml,feed comunitario googlenews-municipio-caicedonia
2026-08-18T10:48:07Z,https://news.google.com/rss/search?q=%28%22terremoto%22+OR+%22sismo%22+OR+%22temblor%22%29+%22jamundi%22+%22valle+del+cauca%22&hl=es-CO&gl=CO&ceid=CO:es,200,ac2847883aa30ab404b51c4115e92876be3a6208bcb1105adaf2fa949ac27c31,98517,data/snapshots/2026-08-18/feed_googlenews-municipio-jamundi_ac284788.xml,feed comunitario googlenews-municipio-jamundi
2026-08-18T10:48:07Z,https://news.google.com/rss/search?q=%28%22terremoto%22+OR+%22sismo%22+OR+%22temblor%22%29+%22dagua%22+%22valle+del+cauca%22&hl=es-CO&gl=CO&ceid=CO:es,200,85ca99584d1522e1d4249d481dec454eaecbfbc27c45a9109061200cce7155d9,119372,data/snapshots/2026-08-18/feed_googlenews-municipio-dagua_85ca9958.xml,feed comunitario googlenews-municipio-dagua
2026-08-18T10:48:08Z,https://news.google.com/rss/search?q=%28%22terremoto%22+OR+%22sismo%22+OR+%22temblor%22%29+%22pereira%22+%22risaralda%22&hl=es-CO&gl=CO&ceid=CO:es,200,6b9aa65ea0bb856e9eccc5d00e7f48af78dbf4a824ca994dbe9cfdceba952fdf,216632,data/snapshots/2026-08-18/feed_googlenews-municipio-pereira_6b9aa65e.xml,feed comunitario googlenews-municipio-pereira
2026-08-18T10:48:08Z,https://news.google.com/rss/search?q=%28%22terremoto%22+OR+%22sismo%22+OR+%22temblor%22%29+%22dos+quebradas%22+%22risaralda%22&hl=es-CO&gl=CO&ceid=CO:es,200,847ac1e67243f0a82b8dcd26ad0bbbd0f3faf00ba87d929f5c33dd0e1e886e71,28828,data/snapshots/2026-08-18/feed_googlenews-municipio-dosquebradas_847ac1e6.xml,feed comunitario googlenews-municipio-dosquebradas
2026-08-18T10:48:09Z,https://news.google.com/rss/search?q=%28%22terremoto%22+OR+%22sismo%22+OR+%22temblor%22%29+%22santa+rosa+de+cabal%22+%22risaralda%22&hl=es-CO&gl=CO&ceid=CO:es,200,a98fddce8bfa957931c9228d0712ea705efb2fcb39097eb173cfbc9fe1362e70,113134,data/snapshots/2026-08-18/feed_googlenews-municipio-santa-rosa-de-cabal_a98fddce.xml,feed comunitario googlenews-municipio-santa-rosa-de-cabal
2026-08-18T10:48:09Z,https://news.google.com/rss/search?q=%28%22terremoto%22+OR+%22sismo%22+OR+%22temblor%22%29+%22manizales%22+%22caldas%22&hl=es-CO&gl=CO&ceid=CO:es,200,fe4be5393c22e8860ff3c70ed9ab36304d848f7ef28217e6cf3c8aa71cdc7e11,188529,data/snapshots/2026-08-18/feed_googlenews-municipio-manizales_fe4be539.xml,feed comunitario googlenews-municipio-manizales
2026-08-18T10:48:09Z,https://news.google.com/rss/search?q=%28%22terremoto%22+OR+%22sismo%22+OR+%22temblor%22%29+%22villamaria%22+%22caldas%22&hl=es-CO&gl=CO&ceid=CO:es,200,5709525227aecdbb9c8fb3acc3c73fba0f216c82d231928d0cd55eeff4cedba1,37955,data/snapshots/2026-08-18/feed_googlenews-municipio-villamaria_57095252.xml,feed comunitario googlenews-municipio-villamaria
2026-08-18T10:48:10Z,https://news.google.com/rss/search?q=%28%22terremoto%22+OR+%22sismo%22+OR+%22temblor%22%29+%22cali%22+%22valle+del+cauca%22&hl=es-CO&gl=CO&ceid=CO:es,200,9239c5162906d895ed3443a8b8e1b36efa9866b353609b1d92d0eea720d4e6f9,208123,data/snapshots/2026-08-18/feed_googlenews-municipio-cali_9239c516.xml,feed comunitario googlenews-municipio-cali
2026-08-18T10:48:10Z,https://news.google.com/rss/search?q=%28%22terremoto%22+OR+%22sismo%22+OR+%22temblor%22%29+%22buenaventura%22+%22valle+del+cauca%22&hl=es-CO&gl=CO&ceid=CO:es,200,5eac2d13679c579b390bbf9059de048a8e51482c2340db112bde0baa77fa17c3,211995,data/snapshots/2026-08-18/feed_googlenews-municipio-buenaventura_5eac2d13.xml,feed comunitario googlenews-municipio-buenaventura
2026-08-18T10:48:11Z,https://news.google.com/rss/search?q=%28%22terremoto%22+OR+%22sismo%22+OR+%22temblor%22%29+%22quibdo%22+%22choco%22&hl=es-CO&gl=CO&ceid=CO:es,200,ca891381847341d32e8e4d9f31a2443cbae0379a963af81c600ce793db41f833,94349,data/snapshots/2026-08-18/feed_googlenews-municipio-quibdo_ca891381.xml,feed comunitario googlenews-municipio-quibdo
2026-08-18T10:48:11Z,https://news.google.com/rss/search?q=%28%22terremoto%22+OR+%22sismo%22+OR+%22temblor%22%29+%22istmina%22+%22choco%22&hl=es-CO&gl=CO&ceid=CO:es,200,ac737bf4486148deed4eb9023344689d97111229764840145f1378801f770c79,108092,data/snapshots/2026-08-18/feed_googlenews-municipio-istmina_ac737bf4.xml,feed comunitario googlenews-municipio-istmina
2026-08-18T10:48:11Z,https://news.google.com/rss/search?q=%28%22terremoto%22+OR+%22sismo%22+OR+%22temblor%22%29+%22san+jose+del+palmar%22+%22choco%22&hl=es-CO&gl=CO&ceid=CO:es,200,ebd230c20d6939b12bba838f903c4dd178009264a314600bcd1a1b42109af14c,205744,data/snapshots/2026-08-18/feed_googlenews-municipio-san-jose-del-palmar_ebd230c2.xml,feed comunitario googlenews-municipio-san-jose-del-palmar
2026-08-18T10:48:12Z,https://news.google.com/rss/search?q=%28%22terremoto%22+OR+%22sismo%22+OR+%22temblor%22%29+%22anserma%22+%22caldas%22&hl=es-CO&gl=CO&ceid=CO:es,200,0602aa8850f686fb21baa436de21258bac2ae0540f2131122d91b84ff9be5691,101480,data/snapshots/2026-08-18/feed_googlenews-municipio-anserma_0602aa88.xml,feed comunitario googlenews-municipio-anserma
2026-08-18T10:48:12Z,https://news.google.com/rss/search?q=%28%22terremoto%22+OR+%22sismo%22+OR+%22temblor%22%29+%22aranzazu%22+%22caldas%22&hl=es-CO&gl=CO&ceid=CO:es,200,1bab1b2196242fe47f10a2745ebadf9a227dafbed95e4c385b57cd3b6ed84188,67410,data/snapshots/2026-08-18/feed_googlenews-municipio-aranzazu_1bab1b21.xml,feed comunitario googlenews-municipio-aranzazu
2026-08-18T10:48:12Z,https://news.google.com/rss/search?q=%28%22terremoto%22+OR+%22sismo%22+OR+%22temblor%22%29+%22belalcazar%22+%22caldas%22&hl=es-CO&gl=CO&ceid=CO:es,200,fc686705dc51b6e2f75f7a318f0ec8bc1676ab400e5df25cf05acba167191a86,13431,data/snapshots/2026-08-18/feed_googlenews-municipio-belalcazar_fc686705.xml,feed comunitario googlenews-municipio-belalcazar
2026-08-18T10:48:13Z,https://news.google.com/rss/search?q=%28%22terremoto%22+OR+%22sismo%22+OR+%22temblor%22%29+%22chinchina%22+%22caldas%22&hl=es-CO&gl=CO&ceid=CO:es,200,8111ce04f04a892c8ce0ff0401ab0c056c1a07a319e76c270ab38b9d2d52cf7c,47169,data/snapshots/2026-08-18/feed_googlenews-municipio-chinchina_8111ce04.xml,feed comunitario googlenews-municipio-chinchina
2026-08-18T10:48:13Z,https://news.google.com/rss/search?q=%28%22terremoto%22+OR+%22sismo%22+OR+%22temblor%22%29+%22filadelfia%22+%22caldas%22&hl=es-CO&gl=CO&ceid=CO:es,200,2425632eb783a9817b0933149ba28ca32c1a62858c29202b87c2b721bd423596,58320,data/snapshots/2026-08-18/feed_googlenews-municipio-filadelfia_2425632e.xml,feed comunitario googlenews-municipio-filadelfia
2026-08-18T10:48:13Z,https://news.google.com/rss/search?q=%28%22terremoto%22+OR+%22sismo%22+OR+%22temblor%22%29+%22marulanda%22+%22caldas%22&hl=es-CO&gl=CO&ceid=CO:es,200,fa4530a1d71a744f91293837466f242384025d24ad7480665dfcc3c42887b64b,69168,data/snapshots/2026-08-18/feed_googlenews-municipio-marulanda_fa4530a1.xml,feed comunitario googlenews-municipio-marulanda
2026-08-18T10:48:14Z,https://news.google.com/rss/search?q=%28%22terremoto%22+OR+%22sismo%22+OR+%22temblor%22%29+%22palestina%22+%22caldas%22&hl=es-CO&gl=CO&ceid=CO:es,200,028af9019faa860a803d3eeaab4bc3e66759d43c09a6346930c65dde40198a22,91438,data/snapshots/2026-08-18/feed_googlenews-municipio-palestina_028af901.xml,feed comunitario googlenews-municipio-palestina
2026-08-18T10:48:14Z,https://news.google.com/rss/search?q=%28%22terremoto%22+OR+%22sismo%22+OR+%22temblor%22%29+%22pensilvania%22+%22caldas%22&hl=es-CO&gl=CO&ceid=CO:es,200,2e39274d4fb8c90eaada90d5998cd105ab0a8325e6a22396b7288a5f5f002768,91316,data/snapshots/2026-08-18/feed_googlenews-municipio-pensilvania_2e39274d.xml,feed comunitario googlenews-municipio-pensilvania
2026-08-18T10:48:15Z,https://news.google.com/rss/search?q=%28%22terremoto%22+OR+%22sismo%22+OR+%22temblor%22%29+%22riosucio%22+%22caldas%22&hl=es-CO&gl=CO&ceid=CO:es,200,fa2e5323705c17389fc594d3fa157f4b6bd1e53cd92993eaaa290dae162da711,96499,data/snapshots/2026-08-18/feed_googlenews-municipio-riosucio-caldas_fa2e5323.xml,feed comunitario googlenews-municipio-riosucio-caldas
2026-08-18T10:48:15Z,https://news.google.com/rss/search?q=%28%22terremoto%22+OR+%22sismo%22+OR+%22temblor%22%29+%22san+jose%2C+caldas%22+%22caldas%22&hl=es-CO&gl=CO&ceid=CO:es,200,04015575b874a6d9d3fa8d737c11c1d6d1c90a82451bb09ce04c674feda7319f,16868,data/snapshots/2026-08-18/feed_googlenews-municipio-san-jose_04015575.xml,feed comunitario googlenews-municipio-san-jose
2026-08-18T10:48:15Z,https://news.google.com/rss/search?q=%28%22terremoto%22+OR+%22sismo%22+OR+%22temblor%22%29+%22acandi%22+%22choco%22&hl=es-CO&gl=CO&ceid=CO:es,200,df36f52f0a7b6912e9ea8ecbef3463f1c9232984bc1127467905e47f3e583f38,15039,data/snapshots/2026-08-18/feed_googlenews-municipio-acandi_df36f52f.xml,feed comunitario googlenews-municipio-acandi
2026-08-18T10:48:15Z,https://news.google.com/rss/search?q=%28%22terremoto%22+OR+%22sismo%22+OR+%22temblor%22%29+%22alto+baudo%22+%22choco%22&hl=es-CO&gl=CO&ceid=CO:es,200,596bfe42b9d4c05821d891f90b01b3dd850cf5300c809cfafe7d46971b2af207,54940,data/snapshots/2026-08-18/feed_googlenews-municipio-alto-baudo_596bfe42.xml,feed comunitario googlenews-municipio-alto-baudo
2026-08-18T10:48:16Z,https://news.google.com/rss/search?q=%28%22terremoto%22+OR+%22sismo%22+OR+%22temblor%22%29+%22bagado%22+%22choco%22&hl=es-CO&gl=CO&ceid=CO:es,200,701c02dfc174e61afb871706df759ba10e0a4b42e2b8010916f0d1db74eca085,20760,data/snapshots/2026-08-18/feed_googlenews-municipio-bagado_701c02df.xml,feed comunitario googlenews-municipio-bagado
2026-08-18T10:48:16Z,https://news.google.com/rss/search?q=%28%22terremoto%22+OR+%22sismo%22+OR+%22temblor%22%29+%22bahia+solano%22+%22choco%22&hl=es-CO&gl=CO&ceid=CO:es,200,0b0ec1bab6a63772039fe964b063597c6fa5681449f9ed6c1692d6768358beb1,102981,data/snapshots/2026-08-18/feed_googlenews-municipio-bahia-solano_0b0ec1ba.xml,feed comunitario googlenews-municipio-bahia-solano
2026-08-18T10:48:16Z,https://news.google.com/rss/search?q=%28%22terremoto%22+OR+%22sismo%22+OR+%22temblor%22%29+%22bajo+baudo%22+%22choco%22&hl=es-CO&gl=CO&ceid=CO:es,200,82b760c0f19a6816a74514096040d5cc6bf9c07f95aaa83cc59ceafa9f035689,82636,data/snapshots/2026-08-18/feed_googlenews-municipio-bajo-baudo_82b760c0.xml,feed comunitario googlenews-municipio-bajo-baudo
2026-08-18T10:48:17Z,https://news.google.com/rss/search?q=%28%22terremoto%22+OR+%22sismo%22+OR+%22temblor%22%29+%22condoto%22+%22choco%22&hl=es-CO&gl=CO&ceid=CO:es,200,f42a4601b6f194fa3e4a155c275ae447bd870bc0b47ea87e6dd0da543e65acd4,59286,data/snapshots/2026-08-18/feed_googlenews-municipio-condoto_f42a4601.xml,feed comunitario googlenews-municipio-condoto
2026-08-18T10:48:17Z,https://news.google.com/rss/search?q=%28%22terremoto%22+OR+%22sismo%22+OR+%22temblor%22%29+%22el+carmen+de+atrato%22+%22choco%22&hl=es-CO&gl=CO&ceid=CO:es,200,103c3f5d7bb939d158f85808d8e394d47e7c09983e0b65dfff6bf22878f9c14e,33984,data/snapshots/2026-08-18/feed_googlenews-municipio-el-carmen-de-atrato_103c3f5d.xml,feed comunitario googlenews-municipio-el-carmen-de-atrato
2026-08-18T10:48:17Z,https://news.google.com/rss/search?q=%28%22terremoto%22+OR+%22sismo%22+OR+%22temblor%22%29+%22el+litoral+del+san+juan%22+%22choco%22&hl=es-CO&gl=CO&ceid=CO:es,200,ec020f11b0788f952a9a97c8613d1d888049c83abdfb63d2c3ed8472c7cd5157,188232,data/snapshots/2026-08-18/feed_googlenews-municipio-el-litoral-del-san-juan_ec020f11.xml,feed comunitario googlenews-municipio-el-litoral-del-san-juan
2026-08-18T10:48:18Z,https://news.google.com/rss/search?q=%28%22terremoto%22+OR+%22sismo%22+OR+%22temblor%22%29+%22lloro%22+%22choco%22&hl=es-CO&gl=CO&ceid=CO:es,200,1d46b109dac56953303d447e9e5623239167dd26ac991277b6fb611730eb0821,12094,data/snapshots/2026-08-18/feed_googlenews-municipio-lloro_1d46b109.xml,feed comunitario googlenews-municipio-lloro
2026-08-18T10:48:18Z,https://news.google.com/rss/search?q=%28%22terremoto%22+OR+%22sismo%22+OR+%22temblor%22%29+%22medio+atrato%22+%22choco%22&hl=es-CO&gl=CO&ceid=CO:es,200,e227dd7ea906f257b10f4ce76d99bc6bc3220c51a255f2aee11e4f8f369375e3,25603,data/snapshots/2026-08-18/feed_googlenews-municipio-medio-atrato_e227dd7e.xml,feed comunitario googlenews-municipio-medio-atrato
2026-08-18T10:48:18Z,https://news.google.com/rss/search?q=%28%22terremoto%22+OR+%22sismo%22+OR+%22temblor%22%29+%22medio+baudo%22+%22choco%22&hl=es-CO&gl=CO&ceid=CO:es,200,17999e7e4fc3e56e0dec35cf840e3b6bb57a11bff97f1052b76b611800dc79f9,36218,data/snapshots/2026-08-18/feed_googlenews-municipio-medio-baudo_17999e7e.xml,feed comunitario googlenews-municipio-medio-baudo
2026-08-18T10:48:19Z,https://news.google.com/rss/search?q=%28%22terremoto%22+OR+%22sismo%22+OR+%22temblor%22%29+%22medio+san+juan%22+%22choco%22&hl=es-CO&gl=CO&ceid=CO:es,200,18d97775cb099b720881441489154d26f82ffdc92fb624a64354026bc5747e70,50374,data/snapshots/2026-08-18/feed_googlenews-municipio-medio-san-juan_18d97775.xml,feed comunitario googlenews-municipio-medio-san-juan
2026-08-18T10:48:19Z,https://news.google.com/rss/search?q=%28%22terremoto%22+OR+%22sismo%22+OR+%22temblor%22%29+%22nuqui%22+%22choco%22&hl=es-CO&gl=CO&ceid=CO:es,200,d88384bd5d6f177af7c137a9c56cd5915811756e99497a9cd96503ef88829dd2,21150,data/snapshots/2026-08-18/feed_googlenews-municipio-nuqui_d88384bd.xml,feed comunitario googlenews-municipio-nuqui
2026-08-18T10:48:19Z,https://news.google.com/rss/search?q=%28%22terremoto%22+OR+%22sismo%22+OR+%22temblor%22%29+%22novita%22+%22choco%22&hl=es-CO&gl=CO&ceid=CO:es,200,fa160d3d4db1dc18fd6385a757d37c64369a02cb589411464668677864cbacfa,27716,data/snapshots/2026-08-18/feed_googlenews-municipio-novita_fa160d3d.xml,feed comunitario googlenews-municipio-novita
2026-08-18T10:48:20Z,https://news.google.com/rss/search?q=%28%22terremoto%22+OR+%22sismo%22+OR+%22temblor%22%29+%22riosucio%22+%22choco%22&hl=es-CO&gl=CO&ceid=CO:es,200,aa85c7d1e446f78442210589d269fcfc9057b9d77c43c7ea693f7c88afa6a2d5,67804,data/snapshots/2026-08-18/feed_googlenews-municipio-riosucio-choco_aa85c7d1.xml,feed comunitario googlenews-municipio-riosucio-choco
2026-08-18T10:48:20Z,https://news.google.com/rss/search?q=%28%22terremoto%22+OR+%22sismo%22+OR+%22temblor%22%29+%22rio+iro%22+%22choco%22&hl=es-CO&gl=CO&ceid=CO:es,200,905ff0217d45dd4e3454b16949d399dee2deb0012873b03486d812b7f56b01bb,42083,data/snapshots/2026-08-18/feed_googlenews-municipio-rio-iro_905ff021.xml,feed comunitario googlenews-municipio-rio-iro
2026-08-18T10:48:20Z,https://news.google.com/rss/search?q=%28%22terremoto%22+OR+%22sismo%22+OR+%22temblor%22%29+%22sipi%22+%22choco%22&hl=es-CO&gl=CO&ceid=CO:es,200,fb263726052cfa58b8487665d25891c3578e8e9ca219f76147f3c54018876623,19495,data/snapshots/2026-08-18/feed_googlenews-municipio-sipi_fb263726.xml,feed comunitario googlenews-municipio-sipi
2026-08-18T10:48:20Z,https://news.google.com/rss/search?q=%28%22terremoto%22+OR+%22sismo%22+OR+%22temblor%22%29+%22tado%22+%22choco%22&hl=es-CO&gl=CO&ceid=CO:es,200,2733eeb4e42d679dfdf08e58d24d9301ca7761254aea5f24e8800fe2bbe1f592,46488,data/snapshots/2026-08-18/feed_googlenews-municipio-tado_2733eeb4.xml,feed comunitario googlenews-municipio-tado
2026-08-18T10:48:21Z,https://news.google.com/rss/search?q=%28%22terremoto%22+OR+%22sismo%22+OR+%22temblor%22%29+%22apia%22+%22risaralda%22&hl=es-CO&gl=CO&ceid=CO:es,200,26f6e05881431084e5541648c59a96dc5bc4780f2ad15817ff7a6b15510023d3,22837,data/snapshots/2026-08-18/feed_googlenews-municipio-apia_26f6e058.xml,feed comunitario googlenews-municipio-apia
2026-08-18T10:48:21Z,https://news.google.com/rss/search?q=%28%22terremoto%22+OR+%22sismo%22+OR+%22temblor%22%29+%22balboa%22+%22risaralda%22&hl=es-CO&gl=CO&ceid=CO:es,200,8a198ff565fb292c589950a5344239ba6f47d9452d835195187df862bec8b959,62962,data/snapshots/2026-08-18/feed_googlenews-municipio-balboa_8a198ff5.xml,feed comunitario googlenews-municipio-balboa
2026-08-18T10:48:21Z,https://news.google.com/rss/search?q=%28%22terremoto%22+OR+%22sismo%22+OR+%22temblor%22%29+%22belen+de+umbria%22+%22risaralda%22&hl=es-CO&gl=CO&ceid=CO:es,200,8ae2770139b03b1e16f98843cce983345270dcd0125018288f5edb527600a1f2,107410,data/snapshots/2026-08-18/feed_googlenews-municipio-belen-de-umbria_8ae27701.xml,feed comunitario googlenews-municipio-belen-de-umbria
2026-08-18T10:48:22Z,https://news.google.com/rss/search?q=%28%22terremoto%22+OR+%22sismo%22+OR+%22temblor%22%29+%22guatica%22+%22risaralda%22&hl=es-CO&gl=CO&ceid=CO:es,200,52d4fa2ae0f277ea52fa0e5ca1abbceef9cfe8c7d278c9b28fb67f11c1439857,14802,data/snapshots/2026-08-18/feed_googlenews-municipio-guatica_52d4fa2a.xml,feed comunitario googlenews-municipio-guatica
2026-08-18T10:48:22Z,https://news.google.com/rss/search?q=%28%22terremoto%22+OR+%22sismo%22+OR+%22temblor%22%29+%22la+celia%22+%22risaralda%22&hl=es-CO&gl=CO&ceid=CO:es,200,2de91fd6f22fd14e97f3c74e9c77d78cec1d972fda836eab66830cf9cd84eb03,41841,data/snapshots/2026-08-18/feed_googlenews-municipio-la-celia_2de91fd6.xml,feed comunitario googlenews-municipio-la-celia
2026-08-18T10:48:22Z,https://news.google.com/rss/search?q=%28%22terremoto%22+OR+%22sismo%22+OR+%22temblor%22%29+%22la+virginia%22+%22risaralda%22&hl=es-CO&gl=CO&ceid=CO:es,200,68d7f3b4016b3bad8b27cc0a268d1e732cfc49ddb10015d97e8ded83dd3faa0e,96421,data/snapshots/2026-08-18/feed_googlenews-municipio-la-virginia_68d7f3b4.xml,feed comunitario googlenews-municipio-la-virginia
2026-08-18T10:48:23Z,https://news.google.com/rss/search?q=%28%22terremoto%22+OR+%22sismo%22+OR+%22temblor%22%29+%22marsella%22+%22risaralda%22&hl=es-CO&gl=CO&ceid=CO:es,200,fa7acdbc91c7d5d80b9a2d60dfe3c820e7eb9e7fcaa1e0fb3eb4d2d846605cfa,83894,data/snapshots/2026-08-18/feed_googlenews-municipio-marsella_fa7acdbc.xml,feed comunitario googlenews-municipio-marsella
2026-08-18T10:48:23Z,https://news.google.com/rss/search?q=%28%22terremoto%22+OR+%22sismo%22+OR+%22temblor%22%29+%22mistrato%22+%22risaralda%22&hl=es-CO&gl=CO&ceid=CO:es,200,16528013bc4ab160b0a351cbe6367965d96f6836543661b275da8656852a5d9e,15866,data/snapshots/2026-08-18/feed_googlenews-municipio-mistrato_16528013.xml,feed comunitario googlenews-municipio-mistrato
2026-08-18T10:48:23Z,https://news.google.com/rss/search?q=%28%22terremoto%22+OR+%22sismo%22+OR+%22temblor%22%29+%22pueblo+rico%22+%22risaralda%22&hl=es-CO&gl=CO&ceid=CO:es,200,3503ed5184da8aae147fdff5fb989c91be156b5484bbb5c007721b41d562b1fb,98527,data/snapshots/2026-08-18/feed_googlenews-municipio-pueblo-rico_3503ed51.xml,feed comunitario googlenews-municipio-pueblo-rico
2026-08-18T10:48:24Z,https://news.google.com/rss/search?q=%28%22terremoto%22+OR+%22sismo%22+OR+%22temblor%22%29+%22quinchia%22+%22risaralda%22&hl=es-CO&gl=CO&ceid=CO:es,200,02e4380d4d30df28906451a3b1aad9c2ac539cc11e382e52e3ba800c9e81a910,22189,data/snapshots/2026-08-18/feed_googlenews-municipio-quinchia_02e4380d.xml,feed comunitario googlenews-municipio-quinchia
2026-08-18T10:48:24Z,https://news.google.com/rss/search?q=%28%22terremoto%22+OR+%22sismo%22+OR+%22temblor%22%29+%22santuario%22+%22risaralda%22&hl=es-CO&gl=CO&ceid=CO:es,200,15da4cdaf283cfc3cce4683e222b8120d1718abc0d897a6a36e9fb3905976923,87080,data/snapshots/2026-08-18/feed_googlenews-municipio-santuario_15da4cda.xml,feed comunitario googlenews-municipio-santuario
2026-08-18T10:48:24Z,https://news.google.com/rss/search?q=%28%22terremoto%22+OR+%22sismo%22+OR+%22temblor%22%29+%22alcala%22+%22valle+del+cauca%22&hl=es-CO&gl=CO&ceid=CO:es,200,61b52a9cb365a104b554bc5afdd79fddf9b2b99ddec5c2d56a8eecb8227b6a36,20820,data/snapshots/2026-08-18/feed_googlenews-municipio-alcala_61b52a9c.xml,feed comunitario googlenews-municipio-alcala
2026-08-18T10:48:24Z,https://news.google.com/rss/search?q=%28%22terremoto%22+OR+%22sismo%22+OR+%22temblor%22%29+%22andalucia%22+%22valle+del+cauca%22&hl=es-CO&gl=CO&ceid=CO:es,200,fea74912c0f4e902e4dfcc51099fbb5bb0a49cc6c8dfa52e2fdf187159ca7dca,43395,data/snapshots/2026-08-18/feed_googlenews-municipio-andalucia_fea74912.xml,feed comunitario googlenews-municipio-andalucia
2026-08-18T10:48:25Z,https://news.google.com/rss/search?q=%28%22terremoto%22+OR+%22sismo%22+OR+%22temblor%22%29+%22ansermanuevo%22+%22valle+del+cauca%22&hl=es-CO&gl=CO&ceid=CO:es,200,751f01dc17d4f7d84fbe7ba06a24d0e4e2896ce5a7e8d6948d4f7ae1697f130d,116303,data/snapshots/2026-08-18/feed_googlenews-municipio-ansermanuevo_751f01dc.xml,feed comunitario googlenews-municipio-ansermanuevo
2026-08-18T10:48:25Z,https://news.google.com/rss/search?q=%28%22terremoto%22+OR+%22sismo%22+OR+%22temblor%22%29+%22candelaria%22+%22valle+del+cauca%22&hl=es-CO&gl=CO&ceid=CO:es,200,487d0779f597e8624bd5b338d0d4c6cc7e6ed218dd1693aa56b89c1133eb3a86,113002,data/snapshots/2026-08-18/feed_googlenews-municipio-candelaria_487d0779.xml,feed comunitario googlenews-municipio-candelaria
2026-08-18T10:48:26Z,https://news.google.com/rss/search?q=%28%22terremoto%22+OR+%22sismo%22+OR+%22temblor%22%29+%22el+dovio%22+%22valle+del+cauca%22&hl=es-CO&gl=CO&ceid=CO:es,200,4097c75e7f8820b0d9dcd65d0948613c0033c3aaa9e3686b26ccc82e0c75903f,141529,data/snapshots/2026-08-18/feed_googlenews-municipio-el-dovio_4097c75e.xml,feed comunitario googlenews-municipio-el-dovio
2026-08-18T10:48:26Z,https://news.google.com/rss/search?q=%28%22terremoto%22+OR+%22sismo%22+OR+%22temblor%22%29+%22el+aguila%22+%22valle+del+cauca%22&hl=es-CO&gl=CO&ceid=CO:es,200,a3f41a0918b4484ea5058f155ef468e5c88f32c939210725c24079d16da9fae1,213850,data/snapshots/2026-08-18/feed_googlenews-municipio-el-aguila_a3f41a09.xml,feed comunitario googlenews-municipio-el-aguila
2026-08-18T10:48:26Z,https://news.google.com/rss/search?q=%28%22terremoto%22+OR+%22sismo%22+OR+%22temblor%22%29+%22ginebra%22+%22valle+del+cauca%22&hl=es-CO&gl=CO&ceid=CO:es,200,38a90986b1a95dca123ba3fc77443a40a2310764ac2999e06fbb1017ffea8ac2,101633,data/snapshots/2026-08-18/feed_googlenews-municipio-ginebra_38a90986.xml,feed comunitario googlenews-municipio-ginebra
2026-08-18T10:48:27Z,https://news.google.com/rss/search?q=%28%22terremoto%22+OR+%22sismo%22+OR+%22temblor%22%29+%22guacari%22+%22valle+del+cauca%22&hl=es-CO&gl=CO&ceid=CO:es,200,13b19a97ca04d7533af0d9ad7b4eeb5a96fefed4d27088164d1a076db6bd38dd,28630,data/snapshots/2026-08-18/feed_googlenews-municipio-guacari_13b19a97.xml,feed comunitario googlenews-municipio-guacari
2026-08-18T10:48:27Z,https://news.google.com/rss/search?q=%28%22terremoto%22+OR+%22sismo%22+OR+%22temblor%22%29+%22la+cumbre%22+%22valle+del+cauca%22&hl=es-CO&gl=CO&ceid=CO:es,200,ca366243a741be096ceeda84a127c680e75dad082b1ad6edd0b466ff1c73cba9,108038,data/snapshots/2026-08-18/feed_googlenews-municipio-la-cumbre_ca366243.xml,feed comunitario googlenews-municipio-la-cumbre
2026-08-18T10:48:27Z,https://news.google.com/rss/search?q=%28%22terremoto%22+OR+%22sismo%22+OR+%22temblor%22%29+%22la+victoria%22+%22valle+del+cauca%22&hl=es-CO&gl=CO&ceid=CO:es,200,f174ecc7127519455c746fca0dbafb35a181e7ab93c3443d9753aa77eab02584,167121,data/snapshots/2026-08-18/feed_googlenews-municipio-la-victoria_f174ecc7.xml,feed comunitario googlenews-municipio-la-victoria
2026-08-18T10:48:28Z,https://news.google.com/rss/search?q=%28%22terremoto%22+OR+%22sismo%22+OR+%22temblor%22%29+%22obando%22+%22valle+del+cauca%22&hl=es-CO&gl=CO&ceid=CO:es,200,e8c7b37394b37934e1a3830793ed3da2268f75e2162495b5d5219a4f7d580ad2,108329,data/snapshots/2026-08-18/feed_googlenews-municipio-obando_e8c7b373.xml,feed comunitario googlenews-municipio-obando
2026-08-18T10:48:28Z,https://news.google.com/rss/search?q=%28%22terremoto%22+OR+%22sismo%22+OR+%22temblor%22%29+%22restrepo%22+%22valle+del+cauca%22&hl=es-CO&gl=CO&ceid=CO:es,200,21c88fc28dda9586a9f06e33b4f7bbc5858c1dcdd53a87355f9999f767043b63,136242,data/snapshots/2026-08-18/feed_googlenews-municipio-restrepo_21c88fc2.xml,feed comunitario googlenews-municipio-restrepo
2026-08-18T10:48:29Z,https://news.google.com/rss/search?q=%28%22terremoto%22+OR+%22sismo%22+OR+%22temblor%22%29+%22san+pedro%22+%22valle+del+cauca%22&hl=es-CO&gl=CO&ceid=CO:es,200,c24ec907d9ccd077cfe956430b770092fefc193c171072729a4803b0b3747f52,117091,data/snapshots/2026-08-18/feed_googlenews-municipio-san-pedro_c24ec907.xml,feed comunitario googlenews-municipio-san-pedro
2026-08-18T10:48:29Z,https://news.google.com/rss/search?q=%28%22terremoto%22+OR+%22sismo%22+OR+%22temblor%22%29+%22toro%22+%22valle+del+cauca%22&hl=es-CO&gl=CO&ceid=CO:es,200,dcadbdd1c0a22477e8fdad4c3b1c439be2ed34bfad090c7ad56080d33b50ac77,194067,data/snapshots/2026-08-18/feed_googlenews-municipio-toro_dcadbdd1.xml,feed comunitario googlenews-municipio-toro
2026-08-18T10:48:29Z,https://news.google.com/rss/search?q=%28%22terremoto%22+OR+%22sismo%22+OR+%22temblor%22%29+%22ulloa%22+%22valle+del+cauca%22&hl=es-CO&gl=CO&ceid=CO:es,200,32cd57ee39082fdd30f9f2f64b9b8a0fd9f647bdadc018e5ce6183ebf0d8472d,106646,data/snapshots/2026-08-18/feed_googlenews-municipio-ulloa_32cd57ee.xml,feed comunitario googlenews-municipio-ulloa
2026-08-18T10:48:30Z,https://news.google.com/rss/search?q=%28%22terremoto%22+OR+%22sismo%22+OR+%22temblor%22%29+%22versalles%22+%22valle+del+cauca%22&hl=es-CO&gl=CO&ceid=CO:es,200,5c3ccf90a08eb57fee437ba804a5082ef3fb8379a7c4b542820e3aaa10278d7c,81187,data/snapshots/2026-08-18/feed_googlenews-municipio-versalles_5c3ccf90.xml,feed comunitario googlenews-municipio-versalles
2026-08-18T10:48:30Z,https://news.google.com/rss/search?q=%28%22terremoto%22+OR+%22sismo%22+OR+%22temblor%22%29+%22yotoco%22+%22valle+del+cauca%22&hl=es-CO&gl=CO&ceid=CO:es,200,76c0ed31f152c3fb6d3b85695e5767014f21e7226e196457cdeb59a858b9aa23,95256,data/snapshots/2026-08-18/feed_googlenews-municipio-yotoco_76c0ed31.xml,feed comunitario googlenews-municipio-yotoco
2026-08-18T10:48:31Z,https://monitor-terremoto-colombia-oficiales-ai.inforesidencias.workers.dev/oficiales.json,200,17f0e25edd10363e3f14af4ec7688ae38f7729fb9aae7e471f7e1abd5850d6d7,80371,data/snapshots/2026-08-18/oficiales_feed.json,alerts balances
2026-08-18T14:26:01Z,https://rapidmapping.emergency.copernicus.eu/backend/dashboard-api/public-activations/,200,1fee0691a0e23855c9e78aacbc91a2890a8f33a7d9470d4423b108672df8df72,49,\N,sonda de supuesto
2026-08-18T14:26:02Z,https://rapidmapping.emergency.copernicus.eu/backend/dashboard-api/public-activations/?code=EMSR916,200,168c0f8276380024f92a7f51014f4405b9614756477c198587317740d8d6437c,41783,\N,sonda de supuesto
2026-08-18T14:26:02Z,https://rapidmapping.emergency.copernicus.eu/backend/dashboard-api/public-activations/?code=EMSR700,403,dbff0849bc109eee7f9b7b1fe12e40fc8add21823b2f1fb600b37f620cbd7862,58,\N,sonda de supuesto
2026-08-18T14:26:03Z,https://rapidmapping.emergency.copernicus.eu/backend/dashboard-api/public-activations/?code=EMSR916,200,168c0f8276380024f92a7f51014f4405b9614756477c198587317740d8d6437c,41783,\N,sonda de supuesto
2026-08-18T14:26:03Z,https://rapidmapping.emergency.copernicus.eu/backend/dashboard-api/public-activations/?code=EMSR916,200,168c0f8276380024f92a7f51014f4405b9614756477c198587317740d8d6437c,41783,\N,sonda de supuesto
2026-08-18T14:26:04Z,https://chatmap.hotosm.org/api/v1/map/89319bbb-a14a-4dfd-b9a1-c83b8b55785f,200,8b74291818f4d4b453a6ec22bc5a27eedc3dcabf72de42692cf81d93beda98ed,194724,\N,sonda de supuesto
2026-08-18T14:26:05Z,https://earthquake.usgs.gov/fdsnws/event/1/query?eventid=us6000tjl2&format=geojson,200,def28b749cecf6881edadbc9259fcf4bb258b805060a1687143fd8d26ed84404,67044,\N,sonda de supuesto
2026-08-18T14:26:07Z,https://www.gdacs.org/gdacsapi/api/emm/getemmnewsbykey?eventtype=EQ&eventid=1557236,200,4105c96a1fe93cc866639fdb9edfbceefa91f7e4102ff28a54bb3bdc78158365,1832696,\N,sonda de supuesto
2026-08-18T14:26:08Z,https://services2.arcgis.com/YVLx8xYoDXKccDfJ/arcgis/rest/services/REGISTRO_DE_EMERGENCIAS_EN_COLOMBIA/FeatureServer/0/query?where=1%3D1&f=json&resultRecordCount=1&outFields=MUERTOS%2CVIV_DESTRU%2CMUNICIPIO,200,3ef63243668bc2e5a8f8bcab749740625edf1fe451ff82e7c01ba5360471d382,792,\N,sonda de supuesto
2026-08-18T14:26:09Z,https://www.datos.gov.co/resource/wwkg-r6te.json?%24select=max%28fecha%29,200,9e69438b2fabe535e37608812d936a433f81bc015a63069d8b9bfb9b24644dfa,42,\N,sonda de supuesto
2026-08-18T14:26:13Z,https://rud.gestiondelriesgo.gov.co/home/json.php?temp=2026T,200,6fe3f3d5948768a40254815c33c040ba29aa018243e5fe3e2bc213cae15031b9,19531,\N,sonda de supuesto
2026-08-19T18:07:58Z,https://rapidmapping.emergency.copernicus.eu/backend/dashboard-api/public-activations/,200,1fee0691a0e23855c9e78aacbc91a2890a8f33a7d9470d4423b108672df8df72,49,\N,sonda de supuesto
2026-08-19T18:07:58Z,https://rapidmapping.emergency.copernicus.eu/backend/dashboard-api/public-activations/?code=EMSR916,200,168c0f8276380024f92a7f51014f4405b9614756477c198587317740d8d6437c,41783,\N,sonda de supuesto
2026-08-19T18:07:58Z,https://rapidmapping.emergency.copernicus.eu/backend/dashboard-api/public-activations/?code=EMSR700,403,dbff0849bc109eee7f9b7b1fe12e40fc8add21823b2f1fb600b37f620cbd7862,58,\N,sonda de supuesto
2026-08-19T18:07:59Z,https://rapidmapping.emergency.copernicus.eu/backend/dashboard-api/public-activations/?code=EMSR916,200,168c0f8276380024f92a7f51014f4405b9614756477c198587317740d8d6437c,41783,\N,sonda de supuesto
2026-08-19T18:07:59Z,https://rapidmapping.emergency.copernicus.eu/backend/dashboard-api/public-activations/?code=EMSR916,200,168c0f8276380024f92a7f51014f4405b9614756477c198587317740d8d6437c,41783,\N,sonda de supuesto
2026-08-19T18:08:00Z,https://chatmap.hotosm.org/api/v1/map/89319bbb-a14a-4dfd-b9a1-c83b8b55785f,200,d6ed4cfefcb326540f6769450669d982063c2640bc52b41586bc2d143f8306f4,206561,\N,sonda de supuesto
2026-08-19T18:08:01Z,https://earthquake.usgs.gov/fdsnws/event/1/query?eventid=us6000tjl2&format=geojson,200,139bd1bee002544f9fb049b7cceb6a5f7b3370c272f9900a8ed031160c31e3d8,67044,\N,sonda de supuesto
2026-08-19T18:08:03Z,https://www.gdacs.org/gdacsapi/api/emm/getemmnewsbykey?eventtype=EQ&eventid=1557236,200,aa7a9d5babdd820d0c916c86a8f91b6ce87ada33a6e704b69847e6bf2b1853c4,1175678,\N,sonda de supuesto
2026-08-19T18:08:06Z,https://services2.arcgis.com/YVLx8xYoDXKccDfJ/arcgis/rest/services/REGISTRO_DE_EMERGENCIAS_EN_COLOMBIA/FeatureServer/0/query?where=1%3D1&f=json&resultRecordCount=1&outFields=MUERTOS%2CVIV_DESTRU%2CMUNICIPIO,200,3ef63243668bc2e5a8f8bcab749740625edf1fe451ff82e7c01ba5360471d382,792,\N,sonda de supuesto
2026-08-19T18:08:08Z,https://www.datos.gov.co/resource/wwkg-r6te.json?%24select=max%28fecha%29,200,9e69438b2fabe535e37608812d936a433f81bc015a63069d8b9bfb9b24644dfa,42,\N,sonda de supuesto
2026-08-19T18:08:11Z,https://rud.gestiondelriesgo.gov.co/home/json.php?temp=2026T,200,4ff246d0abb301972a706f2a514282ff9b55393e625e2543c5d2f36825cb87ca,23565,\N,sonda de supuesto
2026-08-19T18:23:50Z,https://rapidmapping.emergency.copernicus.eu/backend/dashboard-api/public-activations/,200,1fee0691a0e23855c9e78aacbc91a2890a8f33a7d9470d4423b108672df8df72,49,\N,sonda de supuesto
2026-08-19T18:23:50Z,https://rapidmapping.emergency.copernicus.eu/backend/dashboard-api/public-activations/?code=EMSR916,200,168c0f8276380024f92a7f51014f4405b9614756477c198587317740d8d6437c,41783,\N,sonda de supuesto
2026-08-19T18:23:50Z,https://rapidmapping.emergency.copernicus.eu/backend/dashboard-api/public-activations/?code=EMSR700,403,dbff0849bc109eee7f9b7b1fe12e40fc8add21823b2f1fb600b37f620cbd7862,58,\N,sonda de supuesto
2026-08-19T18:23:51Z,https://rapidmapping.emergency.copernicus.eu/backend/dashboard-api/public-activations/?code=EMSR916,200,168c0f8276380024f92a7f51014f4405b9614756477c198587317740d8d6437c,41783,\N,sonda de supuesto
2026-08-19T18:23:51Z,https://rapidmapping.emergency.copernicus.eu/backend/dashboard-api/public-activations/?code=EMSR916,200,168c0f8276380024f92a7f51014f4405b9614756477c198587317740d8d6437c,41783,\N,sonda de supuesto
2026-08-19T18:23:52Z,https://chatmap.hotosm.org/api/v1/map/89319bbb-a14a-4dfd-b9a1-c83b8b55785f,200,d6ed4cfefcb326540f6769450669d982063c2640bc52b41586bc2d143f8306f4,206561,\N,sonda de supuesto
2026-08-19T18:23:53Z,https://earthquake.usgs.gov/fdsnws/event/1/query?eventid=us6000tjl2&format=geojson,200,139bd1bee002544f9fb049b7cceb6a5f7b3370c272f9900a8ed031160c31e3d8,67044,\N,sonda de supuesto
2026-08-19T18:23:55Z,https://www.gdacs.org/gdacsapi/api/emm/getemmnewsbykey?eventtype=EQ&eventid=1557236,200,aa7a9d5babdd820d0c916c86a8f91b6ce87ada33a6e704b69847e6bf2b1853c4,1175678,\N,sonda de supuesto
2026-08-19T18:23:56Z,https://services2.arcgis.com/YVLx8xYoDXKccDfJ/arcgis/rest/services/REGISTRO_DE_EMERGENCIAS_EN_COLOMBIA/FeatureServer/0/query?where=1%3D1&f=json&resultRecordCount=1&outFields=MUERTOS%2CVIV_DESTRU%2CMUNICIPIO,200,3ef63243668bc2e5a8f8bcab749740625edf1fe451ff82e7c01ba5360471d382,792,\N,sonda de supuesto
2026-08-19T18:23:57Z,https://www.datos.gov.co/resource/wwkg-r6te.json?%24select=max%28fecha%29,200,9e69438b2fabe535e37608812d936a433f81bc015a63069d8b9bfb9b24644dfa,42,\N,sonda de supuesto
2026-08-19T18:24:00Z,https://rud.gestiondelriesgo.gov.co/home/json.php?temp=2026T,200,c0bc9906f430a485d050a7b4007e6dbc58cf8e9ce541c6ba9056227b1c2048ab,23565,\N,sonda de supuesto
2026-08-19T18:24:48Z,https://rapidmapping.emergency.copernicus.eu/backend/dashboard-api/public-activations/,200,1fee0691a0e23855c9e78aacbc91a2890a8f33a7d9470d4423b108672df8df72,49,\N,sonda de supuesto
2026-08-19T18:24:49Z,https://rapidmapping.emergency.copernicus.eu/backend/dashboard-api/public-activations/?code=EMSR916,200,168c0f8276380024f92a7f51014f4405b9614756477c198587317740d8d6437c,41783,\N,sonda de supuesto
2026-08-19T18:24:49Z,https://rapidmapping.emergency.copernicus.eu/backend/dashboard-api/public-activations/?code=EMSR700,403,dbff0849bc109eee7f9b7b1fe12e40fc8add21823b2f1fb600b37f620cbd7862,58,\N,sonda de supuesto
2026-08-19T18:24:49Z,https://rapidmapping.emergency.copernicus.eu/backend/dashboard-api/public-activations/?code=EMSR916,200,168c0f8276380024f92a7f51014f4405b9614756477c198587317740d8d6437c,41783,\N,sonda de supuesto
2026-08-19T18:24:50Z,https://rapidmapping.emergency.copernicus.eu/backend/dashboard-api/public-activations/?code=EMSR916,200,168c0f8276380024f92a7f51014f4405b9614756477c198587317740d8d6437c,41783,\N,sonda de supuesto
2026-08-19T18:24:50Z,https://chatmap.hotosm.org/api/v1/map/89319bbb-a14a-4dfd-b9a1-c83b8b55785f,200,d6ed4cfefcb326540f6769450669d982063c2640bc52b41586bc2d143f8306f4,206561,\N,sonda de supuesto
2026-08-19T18:24:51Z,https://earthquake.usgs.gov/fdsnws/event/1/query?eventid=us6000tjl2&format=geojson,200,139bd1bee002544f9fb049b7cceb6a5f7b3370c272f9900a8ed031160c31e3d8,67044,\N,sonda de supuesto
2026-08-19T18:24:53Z,https://www.gdacs.org/gdacsapi/api/emm/getemmnewsbykey?eventtype=EQ&eventid=1557236,200,aa7a9d5babdd820d0c916c86a8f91b6ce87ada33a6e704b69847e6bf2b1853c4,1175678,\N,sonda de supuesto
2026-08-19T18:24:53Z,https://services2.arcgis.com/YVLx8xYoDXKccDfJ/arcgis/rest/services/REGISTRO_DE_EMERGENCIAS_EN_COLOMBIA/FeatureServer/0/query?where=1%3D1&f=json&resultRecordCount=1&outFields=MUERTOS%2CVIV_DESTRU%2CMUNICIPIO,200,3ef63243668bc2e5a8f8bcab749740625edf1fe451ff82e7c01ba5360471d382,792,\N,sonda de supuesto
2026-08-19T18:24:55Z,https://www.datos.gov.co/resource/wwkg-r6te.json?%24select=max%28fecha%29,200,9e69438b2fabe535e37608812d936a433f81bc015a63069d8b9bfb9b24644dfa,42,\N,sonda de supuesto
2026-08-19T18:24:59Z,https://rud.gestiondelriesgo.gov.co/home/json.php?temp=2026T,200,debbaa6f5539bfafc176f65839c8415535af87dccb1b7b5b2cc1882bf47ad275,23565,\N,sonda de supuesto
2026-08-19T18:31:02Z,https://rapidmapping.emergency.copernicus.eu/backend/dashboard-api/public-activations/,200,1fee0691a0e23855c9e78aacbc91a2890a8f33a7d9470d4423b108672df8df72,49,\N,sonda de supuesto
2026-08-19T18:31:03Z,https://rapidmapping.emergency.copernicus.eu/backend/dashboard-api/public-activations/?code=EMSR916,200,168c0f8276380024f92a7f51014f4405b9614756477c198587317740d8d6437c,41783,\N,sonda de supuesto
2026-08-19T18:31:03Z,https://rapidmapping.emergency.copernicus.eu/backend/dashboard-api/public-activations/?code=EMSR700,403,dbff0849bc109eee7f9b7b1fe12e40fc8add21823b2f1fb600b37f620cbd7862,58,\N,sonda de supuesto
2026-08-19T18:31:04Z,https://rapidmapping.emergency.copernicus.eu/backend/dashboard-api/public-activations/?code=EMSR916,200,168c0f8276380024f92a7f51014f4405b9614756477c198587317740d8d6437c,41783,\N,sonda de supuesto
2026-08-19T18:31:04Z,https://rapidmapping.emergency.copernicus.eu/backend/dashboard-api/public-activations/?code=EMSR916,200,168c0f8276380024f92a7f51014f4405b9614756477c198587317740d8d6437c,41783,\N,sonda de supuesto
2026-08-19T18:31:06Z,https://chatmap.hotosm.org/api/v1/map/89319bbb-a14a-4dfd-b9a1-c83b8b55785f,200,d6ed4cfefcb326540f6769450669d982063c2640bc52b41586bc2d143f8306f4,206561,\N,sonda de supuesto
2026-08-19T18:31:07Z,https://earthquake.usgs.gov/fdsnws/event/1/query?eventid=us6000tjl2&format=geojson,200,139bd1bee002544f9fb049b7cceb6a5f7b3370c272f9900a8ed031160c31e3d8,67044,\N,sonda de supuesto
2026-08-19T18:31:15Z,https://www.gdacs.org/gdacsapi/api/emm/getemmnewsbykey?eventtype=EQ&eventid=1557236,200,e7cf1135643d1ec530c2b29e28d2d9933418f234a82719404d5a3820d92a5bd3,1175678,\N,sonda de supuesto
2026-08-19T18:31:15Z,https://services2.arcgis.com/YVLx8xYoDXKccDfJ/arcgis/rest/services/REGISTRO_DE_EMERGENCIAS_EN_COLOMBIA/FeatureServer/0/query?where=1%3D1&f=json&resultRecordCount=1&outFields=MUERTOS%2CVIV_DESTRU%2CMUNICIPIO,200,3ef63243668bc2e5a8f8bcab749740625edf1fe451ff82e7c01ba5360471d382,792,\N,sonda de supuesto
2026-08-19T18:31:17Z,https://www.datos.gov.co/resource/wwkg-r6te.json?%24select=max%28fecha%29,200,9e69438b2fabe535e37608812d936a433f81bc015a63069d8b9bfb9b24644dfa,42,\N,sonda de supuesto
2026-08-19T18:31:21Z,https://rud.gestiondelriesgo.gov.co/home/json.php?temp=2026T,200,41ec935ed7eaaf30261c45567fc1b933ef7421a46dff28eae0f555185eeb465c,23566,\N,sonda de supuesto
2026-08-19T18:36:40Z,https://rapidmapping.emergency.copernicus.eu/backend/dashboard-api/public-activations/,200,1fee0691a0e23855c9e78aacbc91a2890a8f33a7d9470d4423b108672df8df72,49,\N,sonda de supuesto
2026-08-19T18:36:40Z,https://rapidmapping.emergency.copernicus.eu/backend/dashboard-api/public-activations/?code=EMSR916,200,168c0f8276380024f92a7f51014f4405b9614756477c198587317740d8d6437c,41783,\N,sonda de supuesto
2026-08-19T18:36:40Z,https://rapidmapping.emergency.copernicus.eu/backend/dashboard-api/public-activations/?code=EMSR700,403,dbff0849bc109eee7f9b7b1fe12e40fc8add21823b2f1fb600b37f620cbd7862,58,\N,sonda de supuesto
2026-08-19T18:36:41Z,https://rapidmapping.emergency.copernicus.eu/backend/dashboard-api/public-activations/?code=EMSR916,200,168c0f8276380024f92a7f51014f4405b9614756477c198587317740d8d6437c,41783,\N,sonda de supuesto
2026-08-19T18:36:41Z,https://rapidmapping.emergency.copernicus.eu/backend/dashboard-api/public-activations/?code=EMSR916,200,168c0f8276380024f92a7f51014f4405b9614756477c198587317740d8d6437c,41783,\N,sonda de supuesto
2026-08-19T18:36:42Z,https://chatmap.hotosm.org/api/v1/map/89319bbb-a14a-4dfd-b9a1-c83b8b55785f,200,d6ed4cfefcb326540f6769450669d982063c2640bc52b41586bc2d143f8306f4,206561,\N,sonda de supuesto
2026-08-19T18:36:42Z,https://earthquake.usgs.gov/fdsnws/event/1/query?eventid=us6000tjl2&format=geojson,200,139bd1bee002544f9fb049b7cceb6a5f7b3370c272f9900a8ed031160c31e3d8,67044,\N,sonda de supuesto
2026-08-19T18:36:45Z,https://www.gdacs.org/gdacsapi/api/emm/getemmnewsbykey?eventtype=EQ&eventid=1557236,200,aa7a9d5babdd820d0c916c86a8f91b6ce87ada33a6e704b69847e6bf2b1853c4,1175678,\N,sonda de supuesto
2026-08-19T18:36:45Z,https://services2.arcgis.com/YVLx8xYoDXKccDfJ/arcgis/rest/services/REGISTRO_DE_EMERGENCIAS_EN_COLOMBIA/FeatureServer/0/query?where=1%3D1&f=json&resultRecordCount=1&outFields=MUERTOS%2CVIV_DESTRU%2CMUNICIPIO,200,3ef63243668bc2e5a8f8bcab749740625edf1fe451ff82e7c01ba5360471d382,792,\N,sonda de supuesto
2026-08-19T18:36:46Z,https://www.datos.gov.co/resource/wwkg-r6te.json?%24select=max%28fecha%29,200,9e69438b2fabe535e37608812d936a433f81bc015a63069d8b9bfb9b24644dfa,42,\N,sonda de supuesto
2026-08-19T18:36:50Z,https://rud.gestiondelriesgo.gov.co/home/json.php?temp=2026T,200,106751d8c371ea0f5950d6d637e74f970c3bdfe5ef4ca9564120d3ffc8b25998,23566,\N,sonda de supuesto
2026-08-19T18:53:01Z,https://rapidmapping.emergency.copernicus.eu/backend/dashboard-api/public-activations/,200,1fee0691a0e23855c9e78aacbc91a2890a8f33a7d9470d4423b108672df8df72,49,\N,sonda de supuesto
2026-08-19T18:53:01Z,https://rapidmapping.emergency.copernicus.eu/backend/dashboard-api/public-activations/?code=EMSR916,200,168c0f8276380024f92a7f51014f4405b9614756477c198587317740d8d6437c,41783,\N,sonda de supuesto
2026-08-19T18:53:01Z,https://rapidmapping.emergency.copernicus.eu/backend/dashboard-api/public-activations/?code=EMSR700,403,dbff0849bc109eee7f9b7b1fe12e40fc8add21823b2f1fb600b37f620cbd7862,58,\N,sonda de supuesto
2026-08-19T18:53:02Z,https://rapidmapping.emergency.copernicus.eu/backend/dashboard-api/public-activations/?code=EMSR916,200,168c0f8276380024f92a7f51014f4405b9614756477c198587317740d8d6437c,41783,\N,sonda de supuesto
2026-08-19T18:53:02Z,https://rapidmapping.emergency.copernicus.eu/backend/dashboard-api/public-activations/?code=EMSR916,200,168c0f8276380024f92a7f51014f4405b9614756477c198587317740d8d6437c,41783,\N,sonda de supuesto
2026-08-19T18:53:03Z,https://chatmap.hotosm.org/api/v1/map/89319bbb-a14a-4dfd-b9a1-c83b8b55785f,200,d6ed4cfefcb326540f6769450669d982063c2640bc52b41586bc2d143f8306f4,206561,\N,sonda de supuesto
2026-08-19T18:53:04Z,https://earthquake.usgs.gov/fdsnws/event/1/query?eventid=us6000tjl2&format=geojson,200,139bd1bee002544f9fb049b7cceb6a5f7b3370c272f9900a8ed031160c31e3d8,67044,\N,sonda de supuesto
2026-08-19T18:53:06Z,https://www.gdacs.org/gdacsapi/api/emm/getemmnewsbykey?eventtype=EQ&eventid=1557236,200,aa7a9d5babdd820d0c916c86a8f91b6ce87ada33a6e704b69847e6bf2b1853c4,1175678,\N,sonda de supuesto
2026-08-19T18:53:06Z,https://services2.arcgis.com/YVLx8xYoDXKccDfJ/arcgis/rest/services/REGISTRO_DE_EMERGENCIAS_EN_COLOMBIA/FeatureServer/0/query?where=1%3D1&f=json&resultRecordCount=1&outFields=MUERTOS%2CVIV_DESTRU%2CMUNICIPIO,200,3ef63243668bc2e5a8f8bcab749740625edf1fe451ff82e7c01ba5360471d382,792,\N,sonda de supuesto
2026-08-19T18:53:07Z,https://www.datos.gov.co/resource/wwkg-r6te.json?%24select=max%28fecha%29,200,9e69438b2fabe535e37608812d936a433f81bc015a63069d8b9bfb9b24644dfa,42,\N,sonda de supuesto
2026-08-19T18:53:11Z,https://rud.gestiondelriesgo.gov.co/home/json.php?temp=2026T,200,26f0096ba0e6f38fc0578759cd11460889a0a8715c54ab2dbbe0384dc64e8bc0,23567,\N,sonda de supuesto
2026-08-19T19:08:27Z,https://rapidmapping.emergency.copernicus.eu/backend/dashboard-api/public-activations/,200,1fee0691a0e23855c9e78aacbc91a2890a8f33a7d9470d4423b108672df8df72,49,\N,sonda de supuesto
2026-08-19T19:08:28Z,https://rapidmapping.emergency.copernicus.eu/backend/dashboard-api/public-activations/?code=EMSR916,200,168c0f8276380024f92a7f51014f4405b9614756477c198587317740d8d6437c,41783,\N,sonda de supuesto
2026-08-19T19:08:28Z,https://rapidmapping.emergency.copernicus.eu/backend/dashboard-api/public-activations/?code=EMSR700,403,dbff0849bc109eee7f9b7b1fe12e40fc8add21823b2f1fb600b37f620cbd7862,58,\N,sonda de supuesto
2026-08-19T19:08:29Z,https://rapidmapping.emergency.copernicus.eu/backend/dashboard-api/public-activations/?code=EMSR916,200,168c0f8276380024f92a7f51014f4405b9614756477c198587317740d8d6437c,41783,\N,sonda de supuesto
2026-08-19T19:08:29Z,https://rapidmapping.emergency.copernicus.eu/backend/dashboard-api/public-activations/?code=EMSR916,200,168c0f8276380024f92a7f51014f4405b9614756477c198587317740d8d6437c,41783,\N,sonda de supuesto
2026-08-19T19:08:30Z,https://chatmap.hotosm.org/api/v1/map/89319bbb-a14a-4dfd-b9a1-c83b8b55785f,200,d6ed4cfefcb326540f6769450669d982063c2640bc52b41586bc2d143f8306f4,206561,\N,sonda de supuesto
2026-08-19T19:08:31Z,https://earthquake.usgs.gov/fdsnws/event/1/query?eventid=us6000tjl2&format=geojson,200,139bd1bee002544f9fb049b7cceb6a5f7b3370c272f9900a8ed031160c31e3d8,67044,\N,sonda de supuesto
2026-08-19T19:08:33Z,https://www.gdacs.org/gdacsapi/api/emm/getemmnewsbykey?eventtype=EQ&eventid=1557236,200,aa7a9d5babdd820d0c916c86a8f91b6ce87ada33a6e704b69847e6bf2b1853c4,1175678,\N,sonda de supuesto
2026-08-19T19:08:34Z,https://services2.arcgis.com/YVLx8xYoDXKccDfJ/arcgis/rest/services/REGISTRO_DE_EMERGENCIAS_EN_COLOMBIA/FeatureServer/0/query?where=1%3D1&f=json&resultRecordCount=1&outFields=MUERTOS%2CVIV_DESTRU%2CMUNICIPIO,200,3ef63243668bc2e5a8f8bcab749740625edf1fe451ff82e7c01ba5360471d382,792,\N,sonda de supuesto
2026-08-19T19:08:35Z,https://www.datos.gov.co/resource/wwkg-r6te.json?%24select=max%28fecha%29,200,9e69438b2fabe535e37608812d936a433f81bc015a63069d8b9bfb9b24644dfa,42,\N,sonda de supuesto
2026-08-19T19:08:40Z,https://rud.gestiondelriesgo.gov.co/home/json.php?temp=2026T,200,44c7208d99d798c687e30db3853d8f50633af96d6d6e2ce2762078f3b0127b71,23567,\N,sonda de supuesto
2026-08-19T19:23:06Z,https://rapidmapping.emergency.copernicus.eu/backend/dashboard-api/public-activations/,200,1fee0691a0e23855c9e78aacbc91a2890a8f33a7d9470d4423b108672df8df72,49,\N,sonda de supuesto
2026-08-19T19:23:06Z,https://rapidmapping.emergency.copernicus.eu/backend/dashboard-api/public-activations/?code=EMSR916,200,168c0f8276380024f92a7f51014f4405b9614756477c198587317740d8d6437c,41783,\N,sonda de supuesto
2026-08-19T19:23:07Z,https://rapidmapping.emergency.copernicus.eu/backend/dashboard-api/public-activations/?code=EMSR700,403,dbff0849bc109eee7f9b7b1fe12e40fc8add21823b2f1fb600b37f620cbd7862,58,\N,sonda de supuesto
2026-08-19T19:23:07Z,https://rapidmapping.emergency.copernicus.eu/backend/dashboard-api/public-activations/?code=EMSR916,200,168c0f8276380024f92a7f51014f4405b9614756477c198587317740d8d6437c,41783,\N,sonda de supuesto
2026-08-19T19:23:07Z,https://rapidmapping.emergency.copernicus.eu/backend/dashboard-api/public-activations/?code=EMSR916,200,168c0f8276380024f92a7f51014f4405b9614756477c198587317740d8d6437c,41783,\N,sonda de supuesto
2026-08-19T19:23:09Z,https://chatmap.hotosm.org/api/v1/map/89319bbb-a14a-4dfd-b9a1-c83b8b55785f,200,d6ed4cfefcb326540f6769450669d982063c2640bc52b41586bc2d143f8306f4,206561,\N,sonda de supuesto
2026-08-19T19:23:09Z,https://earthquake.usgs.gov/fdsnws/event/1/query?eventid=us6000tjl2&format=geojson,200,b901ba6bd763a0274693cf179b7f2e7b9253febffc44f837176dbff9b97abe61,67044,\N,sonda de supuesto
2026-08-19T19:23:11Z,https://www.gdacs.org/gdacsapi/api/emm/getemmnewsbykey?eventtype=EQ&eventid=1557236,200,aa7a9d5babdd820d0c916c86a8f91b6ce87ada33a6e704b69847e6bf2b1853c4,1175678,\N,sonda de supuesto
2026-08-19T19:23:12Z,https://services2.arcgis.com/YVLx8xYoDXKccDfJ/arcgis/rest/services/REGISTRO_DE_EMERGENCIAS_EN_COLOMBIA/FeatureServer/0/query?where=1%3D1&f=json&resultRecordCount=1&outFields=MUERTOS%2CVIV_DESTRU%2CMUNICIPIO,200,3ef63243668bc2e5a8f8bcab749740625edf1fe451ff82e7c01ba5360471d382,792,\N,sonda de supuesto
2026-08-19T19:23:12Z,https://www.datos.gov.co/resource/wwkg-r6te.json?%24select=max%28fecha%29,200,9e69438b2fabe535e37608812d936a433f81bc015a63069d8b9bfb9b24644dfa,42,\N,sonda de supuesto
2026-08-19T19:23:16Z,https://rud.gestiondelriesgo.gov.co/home/json.php?temp=2026T,200,ab78eebf3922ed0eb9c74db935b6da484fcaef0758792e35b829c1cde4a6a790,23759,\N,sonda de supuesto
2026-08-19T19:34:44Z,https://rapidmapping.emergency.copernicus.eu/backend/dashboard-api/public-activations/,200,1fee0691a0e23855c9e78aacbc91a2890a8f33a7d9470d4423b108672df8df72,49,\N,sonda de supuesto
2026-08-19T19:34:44Z,https://rapidmapping.emergency.copernicus.eu/backend/dashboard-api/public-activations/?code=EMSR916,200,168c0f8276380024f92a7f51014f4405b9614756477c198587317740d8d6437c,41783,\N,sonda de supuesto
2026-08-19T19:34:45Z,https://rapidmapping.emergency.copernicus.eu/backend/dashboard-api/public-activations/?code=EMSR700,403,dbff0849bc109eee7f9b7b1fe12e40fc8add21823b2f1fb600b37f620cbd7862,58,\N,sonda de supuesto
2026-08-19T19:34:45Z,https://rapidmapping.emergency.copernicus.eu/backend/dashboard-api/public-activations/?code=EMSR916,200,168c0f8276380024f92a7f51014f4405b9614756477c198587317740d8d6437c,41783,\N,sonda de supuesto
2026-08-19T19:34:46Z,https://rapidmapping.emergency.copernicus.eu/backend/dashboard-api/public-activations/?code=EMSR916,200,168c0f8276380024f92a7f51014f4405b9614756477c198587317740d8d6437c,41783,\N,sonda de supuesto
2026-08-19T19:34:46Z,https://chatmap.hotosm.org/api/v1/map/89319bbb-a14a-4dfd-b9a1-c83b8b55785f,200,d6ed4cfefcb326540f6769450669d982063c2640bc52b41586bc2d143f8306f4,206561,\N,sonda de supuesto
2026-08-19T19:34:47Z,https://earthquake.usgs.gov/fdsnws/event/1/query?eventid=us6000tjl2&format=geojson,200,b901ba6bd763a0274693cf179b7f2e7b9253febffc44f837176dbff9b97abe61,67044,\N,sonda de supuesto
2026-08-19T19:34:52Z,https://www.gdacs.org/gdacsapi/api/emm/getemmnewsbykey?eventtype=EQ&eventid=1557236,200,aa7a9d5babdd820d0c916c86a8f91b6ce87ada33a6e704b69847e6bf2b1853c4,1175678,\N,sonda de supuesto
2026-08-19T19:34:53Z,https://services2.arcgis.com/YVLx8xYoDXKccDfJ/arcgis/rest/services/REGISTRO_DE_EMERGENCIAS_EN_COLOMBIA/FeatureServer/0/query?where=1%3D1&f=json&resultRecordCount=1&outFields=MUERTOS%2CVIV_DESTRU%2CMUNICIPIO,200,3ef63243668bc2e5a8f8bcab749740625edf1fe451ff82e7c01ba5360471d382,792,\N,sonda de supuesto
2026-08-19T19:35:00Z,https://www.datos.gov.co/resource/wwkg-r6te.json?%24select=max%28fecha%29,200,9e69438b2fabe535e37608812d936a433f81bc015a63069d8b9bfb9b24644dfa,42,\N,sonda de supuesto
2026-08-19T19:35:04Z,https://rud.gestiondelriesgo.gov.co/home/json.php?temp=2026T,200,1f487a789d922b99ce9e172d32de7c60f5be1a1dc18fb16adc260067c8f1a38a,23951,\N,sonda de supuesto
2026-08-19T19:48:53Z,https://rapidmapping.emergency.copernicus.eu/backend/dashboard-api/public-activations/,200,1fee0691a0e23855c9e78aacbc91a2890a8f33a7d9470d4423b108672df8df72,49,\N,sonda de supuesto
2026-08-19T19:48:53Z,https://rapidmapping.emergency.copernicus.eu/backend/dashboard-api/public-activations/?code=EMSR916,200,168c0f8276380024f92a7f51014f4405b9614756477c198587317740d8d6437c,41783,\N,sonda de supuesto
2026-08-19T19:48:53Z,https://rapidmapping.emergency.copernicus.eu/backend/dashboard-api/public-activations/?code=EMSR700,403,dbff0849bc109eee7f9b7b1fe12e40fc8add21823b2f1fb600b37f620cbd7862,58,\N,sonda de supuesto
2026-08-19T19:48:54Z,https://rapidmapping.emergency.copernicus.eu/backend/dashboard-api/public-activations/?code=EMSR916,200,168c0f8276380024f92a7f51014f4405b9614756477c198587317740d8d6437c,41783,\N,sonda de supuesto
2026-08-19T19:48:54Z,https://rapidmapping.emergency.copernicus.eu/backend/dashboard-api/public-activations/?code=EMSR916,200,168c0f8276380024f92a7f51014f4405b9614756477c198587317740d8d6437c,41783,\N,sonda de supuesto
2026-08-19T19:48:55Z,https://chatmap.hotosm.org/api/v1/map/89319bbb-a14a-4dfd-b9a1-c83b8b55785f,200,d6ed4cfefcb326540f6769450669d982063c2640bc52b41586bc2d143f8306f4,206561,\N,sonda de supuesto
2026-08-19T19:48:56Z,https://earthquake.usgs.gov/fdsnws/event/1/query?eventid=us6000tjl2&format=geojson,200,b901ba6bd763a0274693cf179b7f2e7b9253febffc44f837176dbff9b97abe61,67044,\N,sonda de supuesto
2026-08-19T19:48:59Z,https://www.gdacs.org/gdacsapi/api/emm/getemmnewsbykey?eventtype=EQ&eventid=1557236,200,aa7a9d5babdd820d0c916c86a8f91b6ce87ada33a6e704b69847e6bf2b1853c4,1175678,\N,sonda de supuesto
2026-08-19T19:49:00Z,https://services2.arcgis.com/YVLx8xYoDXKccDfJ/arcgis/rest/services/REGISTRO_DE_EMERGENCIAS_EN_COLOMBIA/FeatureServer/0/query?where=1%3D1&f=json&resultRecordCount=1&outFields=MUERTOS%2CVIV_DESTRU%2CMUNICIPIO,200,3ef63243668bc2e5a8f8bcab749740625edf1fe451ff82e7c01ba5360471d382,792,\N,sonda de supuesto
2026-08-19T19:49:00Z,https://www.datos.gov.co/resource/wwkg-r6te.json?%24select=max%28fecha%29,200,9e69438b2fabe535e37608812d936a433f81bc015a63069d8b9bfb9b24644dfa,42,\N,sonda de supuesto
2026-08-19T19:49:04Z,https://rud.gestiondelriesgo.gov.co/home/json.php?temp=2026T,200,067f48464817ec9347dd2ae92dcecfb0f89378efc5522b75602de6978952e1c9,23954,\N,sonda de supuesto
2026-08-19T20:18:20Z,https://rapidmapping.emergency.copernicus.eu/backend/dashboard-api/public-activations/,200,1fee0691a0e23855c9e78aacbc91a2890a8f33a7d9470d4423b108672df8df72,49,\N,sonda de supuesto
2026-08-19T20:18:21Z,https://rapidmapping.emergency.copernicus.eu/backend/dashboard-api/public-activations/?code=EMSR916,200,168c0f8276380024f92a7f51014f4405b9614756477c198587317740d8d6437c,41783,\N,sonda de supuesto
2026-08-19T20:18:21Z,https://rapidmapping.emergency.copernicus.eu/backend/dashboard-api/public-activations/?code=EMSR700,403,dbff0849bc109eee7f9b7b1fe12e40fc8add21823b2f1fb600b37f620cbd7862,58,\N,sonda de supuesto
2026-08-19T20:18:22Z,https://rapidmapping.emergency.copernicus.eu/backend/dashboard-api/public-activations/?code=EMSR916,200,168c0f8276380024f92a7f51014f4405b9614756477c198587317740d8d6437c,41783,\N,sonda de supuesto
2026-08-19T20:18:22Z,https://rapidmapping.emergency.copernicus.eu/backend/dashboard-api/public-activations/?code=EMSR916,200,168c0f8276380024f92a7f51014f4405b9614756477c198587317740d8d6437c,41783,\N,sonda de supuesto
2026-08-19T20:18:23Z,https://chatmap.hotosm.org/api/v1/map/89319bbb-a14a-4dfd-b9a1-c83b8b55785f,200,d6ed4cfefcb326540f6769450669d982063c2640bc52b41586bc2d143f8306f4,206561,\N,sonda de supuesto
2026-08-19T20:18:24Z,https://earthquake.usgs.gov/fdsnws/event/1/query?eventid=us6000tjl2&format=geojson,200,b901ba6bd763a0274693cf179b7f2e7b9253febffc44f837176dbff9b97abe61,67044,\N,sonda de supuesto
2026-08-19T20:18:27Z,https://www.gdacs.org/gdacsapi/api/emm/getemmnewsbykey?eventtype=EQ&eventid=1557236,200,aa7a9d5babdd820d0c916c86a8f91b6ce87ada33a6e704b69847e6bf2b1853c4,1175678,\N,sonda de supuesto
2026-08-19T20:18:27Z,https://services2.arcgis.com/YVLx8xYoDXKccDfJ/arcgis/rest/services/REGISTRO_DE_EMERGENCIAS_EN_COLOMBIA/FeatureServer/0/query?where=1%3D1&f=json&resultRecordCount=1&outFields=MUERTOS%2CVIV_DESTRU%2CMUNICIPIO,200,3ef63243668bc2e5a8f8bcab749740625edf1fe451ff82e7c01ba5360471d382,792,\N,sonda de supuesto
2026-08-19T20:18:30Z,https://www.datos.gov.co/resource/wwkg-r6te.json?%24select=max%28fecha%29,200,9e69438b2fabe535e37608812d936a433f81bc015a63069d8b9bfb9b24644dfa,42,\N,sonda de supuesto
2026-08-19T20:18:35Z,https://rud.gestiondelriesgo.gov.co/home/json.php?temp=2026T,200,a683ee4e74b525df6e3e9de5d2e3ec262e17a5e0b272b7bb360f62c105f7a73e,23962,\N,sonda de supuesto
2026-08-19T20:22:01Z,https://rapidmapping.emergency.copernicus.eu/backend/dashboard-api/public-activations/,200,1fee0691a0e23855c9e78aacbc91a2890a8f33a7d9470d4423b108672df8df72,49,\N,sonda de supuesto
2026-08-19T20:22:01Z,https://rapidmapping.emergency.copernicus.eu/backend/dashboard-api/public-activations/?code=EMSR916,200,168c0f8276380024f92a7f51014f4405b9614756477c198587317740d8d6437c,41783,\N,sonda de supuesto
2026-08-19T20:22:02Z,https://rapidmapping.emergency.copernicus.eu/backend/dashboard-api/public-activations/?code=EMSR700,403,dbff0849bc109eee7f9b7b1fe12e40fc8add21823b2f1fb600b37f620cbd7862,58,\N,sonda de supuesto
2026-08-19T20:22:02Z,https://rapidmapping.emergency.copernicus.eu/backend/dashboard-api/public-activations/?code=EMSR916,200,168c0f8276380024f92a7f51014f4405b9614756477c198587317740d8d6437c,41783,\N,sonda de supuesto
2026-08-19T20:22:03Z,https://rapidmapping.emergency.copernicus.eu/backend/dashboard-api/public-activations/?code=EMSR916,200,168c0f8276380024f92a7f51014f4405b9614756477c198587317740d8d6437c,41783,\N,sonda de supuesto
2026-08-19T20:22:03Z,https://chatmap.hotosm.org/api/v1/map/89319bbb-a14a-4dfd-b9a1-c83b8b55785f,200,d6ed4cfefcb326540f6769450669d982063c2640bc52b41586bc2d143f8306f4,206561,\N,sonda de supuesto
2026-08-19T20:22:04Z,https://earthquake.usgs.gov/fdsnws/event/1/query?eventid=us6000tjl2&format=geojson,200,b901ba6bd763a0274693cf179b7f2e7b9253febffc44f837176dbff9b97abe61,67044,\N,sonda de supuesto
2026-08-19T20:22:08Z,https://www.gdacs.org/gdacsapi/api/emm/getemmnewsbykey?eventtype=EQ&eventid=1557236,200,aa7a9d5babdd820d0c916c86a8f91b6ce87ada33a6e704b69847e6bf2b1853c4,1175678,\N,sonda de supuesto
2026-08-19T20:22:08Z,https://services2.arcgis.com/YVLx8xYoDXKccDfJ/arcgis/rest/services/REGISTRO_DE_EMERGENCIAS_EN_COLOMBIA/FeatureServer/0/query?where=1%3D1&f=json&resultRecordCount=1&outFields=MUERTOS%2CVIV_DESTRU%2CMUNICIPIO,200,3ef63243668bc2e5a8f8bcab749740625edf1fe451ff82e7c01ba5360471d382,792,\N,sonda de supuesto
2026-08-19T20:22:10Z,https://www.datos.gov.co/resource/wwkg-r6te.json?%24select=max%28fecha%29,200,9e69438b2fabe535e37608812d936a433f81bc015a63069d8b9bfb9b24644dfa,42,\N,sonda de supuesto
2026-08-19T20:22:15Z,https://rud.gestiondelriesgo.gov.co/home/json.php?temp=2026T,200,74e7ba27e60e6719dc1a29530d92e9e436db4baf4d9cf3727fd6d0081476dd59,23963,\N,sonda de supuesto
2026-08-19T20:22:16Z,https://unosat.org/our_products/4253,200,87fd60757432bb378a6f9692a0ced4ef0dd134d28de0f0e18ed4455a2ee0ff1e,2896,\N,sonda de supuesto
2026-08-19T20:22:16Z,https://unosat.org/our_products/,200,2c1713871d9c1573c7cccdf821858ce22a13b74c6815ea5b52901172567d9b2d,7613,\N,sonda de supuesto
2026-08-19T20:22:17Z,https://unosat.org/our_products/?glide=EQ20260810COL,200,2c1713871d9c1573c7cccdf821858ce22a13b74c6815ea5b52901172567d9b2d,7613,\N,sonda de supuesto
2026-08-19T20:22:17Z,https://unosat.org/our_products/,200,2c1713871d9c1573c7cccdf821858ce22a13b74c6815ea5b52901172567d9b2d,7613,\N,sonda de supuesto
2026-08-19T20:22:18Z,https://unosat.org/static/unosat_filesystem/4251/EQ20260810COL_SHP.zip,200,b37d2d786854a896f40021ac437702fd56223e59592b7fae534d1a37e8969fbc,56369,\N,sonda de supuesto
2026-08-19T20:22:18Z,https://unosat.org/static/unosat_filesystem/4253/EQ20260810COL_SHP.zip,200,b37d2d786854a896f40021ac437702fd56223e59592b7fae534d1a37e8969fbc,56369,\N,sonda de supuesto
2026-08-19T20:27:12Z,repo:data/snapshots/feed_*.xml,\N,\N,\N,\N,reconstrucción de medios desde snapshots: 2964 de 3169 noticias sin cabecera
2026-08-20T10:44:29Z,https://rapidmapping.emergency.copernicus.eu/backend/dashboard-api/public-activations/?code=EMSR865,200,9b814c5bea2380bc96a57251cb318aa7980415103daf177273cebc179c3f7a65,25160,data/snapshots/2026-08-20/copernicus_EMSR865.json,copernicus EMSR865
2026-08-20T10:44:30Z,https://rapidmapping.emergency.copernicus.eu/backend/dashboard-api/public-activations/?code=EMSR916,200,168c0f8276380024f92a7f51014f4405b9614756477c198587317740d8d6437c,41783,data/snapshots/2026-08-20/copernicus_EMSR916.json,copernicus EMSR916
2026-08-20T10:44:31Z,https://rapidmapping.emergency.copernicus.eu/backend/dashboard-api/public-activations/?code=EMSR925,403,dbff0849bc109eee7f9b7b1fe12e40fc8add21823b2f1fb600b37f620cbd7862,58,\N,copernicus EMSR925
2026-08-20T10:44:32Z,https://rapidmapping.emergency.copernicus.eu/backend/dashboard-api/public-activations/?code=EMSR926,403,dbff0849bc109eee7f9b7b1fe12e40fc8add21823b2f1fb600b37f620cbd7862,58,\N,copernicus EMSR926
2026-08-20T10:44:33Z,https://rapidmapping.emergency.copernicus.eu/backend/dashboard-api/public-activations/?code=EMSR927,403,dbff0849bc109eee7f9b7b1fe12e40fc8add21823b2f1fb600b37f620cbd7862,58,\N,copernicus EMSR927
2026-08-20T10:44:34Z,https://rapidmapping.emergency.copernicus.eu/backend/dashboard-api/public-activations/?code=EMSR928,403,dbff0849bc109eee7f9b7b1fe12e40fc8add21823b2f1fb600b37f620cbd7862,58,\N,copernicus EMSR928
2026-08-20T10:44:35Z,https://rapidmapping.emergency.copernicus.eu/backend/dashboard-api/public-activations/?code=EMSR929,403,dbff0849bc109eee7f9b7b1fe12e40fc8add21823b2f1fb600b37f620cbd7862,58,\N,copernicus EMSR929
2026-08-20T10:44:36Z,https://rapidmapping.emergency.copernicus.eu/backend/dashboard-api/public-activations/?code=EMSR930,403,dbff0849bc109eee7f9b7b1fe12e40fc8add21823b2f1fb600b37f620cbd7862,58,\N,copernicus EMSR930
2026-08-20T10:44:37Z,https://rapidmapping.emergency.copernicus.eu/backend/dashboard-api/public-activations/?code=EMSR931,403,dbff0849bc109eee7f9b7b1fe12e40fc8add21823b2f1fb600b37f620cbd7862,58,\N,copernicus EMSR931
2026-08-20T10:44:38Z,https://rapidmapping.emergency.copernicus.eu/backend/dashboard-api/public-activations/?code=EMSR932,403,dbff0849bc109eee7f9b7b1fe12e40fc8add21823b2f1fb600b37f620cbd7862,58,\N,copernicus EMSR932
2026-08-20T10:44:38Z,https://rapidmapping.emergency.copernicus.eu/backend/dashboard-api/public-activations/?code=EMSR933,403,dbff0849bc109eee7f9b7b1fe12e40fc8add21823b2f1fb600b37f620cbd7862,58,\N,copernicus EMSR933
2026-08-20T10:44:40Z,https://rapidmapping.emergency.copernicus.eu/backend/dashboard-api/public-activations/?code=EMSR934,403,dbff0849bc109eee7f9b7b1fe12e40fc8add21823b2f1fb600b37f620cbd7862,58,\N,copernicus EMSR934
2026-08-20T10:44:41Z,https://rapidmapping.emergency.copernicus.eu/backend/dashboard-api/public-activations/?code=EMSR935,403,dbff0849bc109eee7f9b7b1fe12e40fc8add21823b2f1fb600b37f620cbd7862,58,\N,copernicus EMSR935
2026-08-20T10:44:41Z,https://rapidmapping.emergency.copernicus.eu/backend/dashboard-api/public-activations/?code=EMSR936,403,dbff0849bc109eee7f9b7b1fe12e40fc8add21823b2f1fb600b37f620cbd7862,58,\N,copernicus EMSR936
2026-08-20T10:44:42Z,https://rapidmapping.emergency.copernicus.eu/backend/dashboard-api/public-activations/?code=EMSR937,403,dbff0849bc109eee7f9b7b1fe12e40fc8add21823b2f1fb600b37f620cbd7862,58,\N,copernicus EMSR937
2026-08-20T10:44:43Z,https://rapidmapping.emergency.copernicus.eu/backend/dashboard-api/public-activations/?code=EMSR938,403,dbff0849bc109eee7f9b7b1fe12e40fc8add21823b2f1fb600b37f620cbd7862,58,\N,copernicus EMSR938
2026-08-20T10:44:44Z,https://rapidmapping.emergency.copernicus.eu/backend/dashboard-api/public-activations/?code=EMSR939,403,dbff0849bc109eee7f9b7b1fe12e40fc8add21823b2f1fb600b37f620cbd7862,58,\N,copernicus EMSR939
2026-08-20T10:44:45Z,https://rapidmapping.emergency.copernicus.eu/backend/dashboard-api/public-activations/?code=EMSR940,403,dbff0849bc109eee7f9b7b1fe12e40fc8add21823b2f1fb600b37f620cbd7862,58,\N,copernicus EMSR940
2026-08-20T10:44:46Z,https://rapidmapping.emergency.copernicus.eu/backend/dashboard-api/public-activations/?code=EMSR941,403,dbff0849bc109eee7f9b7b1fe12e40fc8add21823b2f1fb600b37f620cbd7862,58,\N,copernicus EMSR941
2026-08-20T10:44:47Z,https://rapidmapping.emergency.copernicus.eu/backend/dashboard-api/public-activations/?code=EMSR942,403,dbff0849bc109eee7f9b7b1fe12e40fc8add21823b2f1fb600b37f620cbd7862,58,\N,copernicus EMSR942
2026-08-20T10:44:48Z,https://rapidmapping.emergency.copernicus.eu/backend/dashboard-api/public-activations/?code=EMSR943,403,dbff0849bc109eee7f9b7b1fe12e40fc8add21823b2f1fb600b37f620cbd7862,58,\N,copernicus EMSR943
2026-08-20T10:44:49Z,https://rapidmapping.emergency.copernicus.eu/backend/dashboard-api/public-activations/?code=EMSR944,403,dbff0849bc109eee7f9b7b1fe12e40fc8add21823b2f1fb600b37f620cbd7862,58,\N,copernicus EMSR944
2026-08-20T10:44:50Z,https://rapidmapping.emergency.copernicus.eu/backend/dashboard-api/public-activations/?code=EMSR945,403,dbff0849bc109eee7f9b7b1fe12e40fc8add21823b2f1fb600b37f620cbd7862,58,\N,copernicus EMSR945
2026-08-20T10:44:51Z,https://rapidmapping.emergency.copernicus.eu/backend/dashboard-api/public-activations/?code=EMSR946,403,dbff0849bc109eee7f9b7b1fe12e40fc8add21823b2f1fb600b37f620cbd7862,58,\N,copernicus EMSR946
2026-08-20T10:44:52Z,https://rapidmapping.emergency.copernicus.eu/backend/dashboard-api/public-activations/?code=EMSR947,403,dbff0849bc109eee7f9b7b1fe12e40fc8add21823b2f1fb600b37f620cbd7862,58,\N,copernicus EMSR947
2026-08-20T10:44:52Z,https://rapidmapping.emergency.copernicus.eu/backend/dashboard-api/public-activations/?code=EMSR948,403,dbff0849bc109eee7f9b7b1fe12e40fc8add21823b2f1fb600b37f620cbd7862,58,\N,copernicus EMSR948
2026-08-20T10:44:54Z,https://rapidmapping.emergency.copernicus.eu/backend/dashboard-api/public-activations/?code=EMSR949,403,dbff0849bc109eee7f9b7b1fe12e40fc8add21823b2f1fb600b37f620cbd7862,58,\N,copernicus EMSR949
2026-08-20T10:44:54Z,https://rapidmapping-viewer.s3.eu-west-1.amazonaws.com/EMSR916/AOI01/GRA_PRODUCT/EMSR916_AOI01_GRA_PRODUCT_builtUpP_v1.json,200,d2c876bed0fe855db3baf3eeed0068a543b8e5f1a53d4649d1469f0adcf12816,2967,data/snapshots/2026-08-20/layer_EMSR916_AOI01_GRA_PRODUCT_builtUpP_v1.json,capa EMSR916_AOI01_GRA_PRODUCT_builtUpP_v1.json
2026-08-20T10:44:56Z,https://rapidmapping-viewer.s3.eu-west-1.amazonaws.com/EMSR916/AOI01/GRA_PRODUCT/EMSR916_AOI01_GRA_PRODUCT_transportationL_v1.json,200,d7f4fac6a9ec135213d5a4b1e114be72d34858e61e49a2c10739a210e6936ec0,1841079,data/snapshots/2026-08-20/layer_EMSR916_AOI01_GRA_PRODUCT_transportationL_v1.json,capa EMSR916_AOI01_GRA_PRODUCT_transportationL_v1.json
2026-08-20T10:44:56Z,https://rapidmapping-viewer.s3.eu-west-1.amazonaws.com/EMSR916/AOI02/GRA_PRODUCT/EMSR916_AOI02_GRA_PRODUCT_ancillaryCrisisInfoP_v1.json,200,7da38d87aedf40cf564d92de9a68527596a4e0c8a5a0b9aa7e8966b76e632f30,3973,data/snapshots/2026-08-20/layer_EMSR916_AOI02_GRA_PRODUCT_ancillaryCrisisInfoP_v1.json,capa EMSR916_AOI02_GRA_PRODUCT_ancillaryCrisisInfoP_v1.json
2026-08-20T10:44:56Z,https://rapidmapping-viewer.s3.eu-west-1.amazonaws.com/EMSR916/AOI02/GRA_PRODUCT/EMSR916_AOI02_GRA_PRODUCT_builtUpP_v1.json,200,cff04c1b9be16aeff75dd9f8bc35a219db3b3f02e49b39f6d589f1a0bbf00e8b,72009,data/snapshots/2026-08-20/layer_EMSR916_AOI02_GRA_PRODUCT_builtUpP_v1.json,capa EMSR916_AOI02_GRA_PRODUCT_builtUpP_v1.json
2026-08-20T10:44:57Z,https://rapidmapping-viewer.s3.eu-west-1.amazonaws.com/EMSR916/AOI02/GRA_PRODUCT/EMSR916_AOI02_GRA_PRODUCT_transportationL_v1.json,200,be479547469835ca25edceacbced43eebee8578b03b64c35988c04ca168c089e,1436803,data/snapshots/2026-08-20/layer_EMSR916_AOI02_GRA_PRODUCT_transportationL_v1.json,capa EMSR916_AOI02_GRA_PRODUCT_transportationL_v1.json
2026-08-20T10:44:57Z,https://rapidmapping-viewer.s3.eu-west-1.amazonaws.com/EMSR916/AOI03/GRA_PRODUCT/EMSR916_AOI03_GRA_PRODUCT_builtUpP_v1.json,200,d5014233cfcda96b8a2de710065455facedd1b98f4393c820659b5739873ffcc,5726,data/snapshots/2026-08-20/layer_EMSR916_AOI03_GRA_PRODUCT_builtUpP_v1.json,capa EMSR916_AOI03_GRA_PRODUCT_builtUpP_v1.json
2026-08-20T10:44:58Z,https://rapidmapping-viewer.s3.eu-west-1.amazonaws.com/EMSR916/AOI03/GRA_PRODUCT/EMSR916_AOI03_GRA_PRODUCT_transportationL_v1.json,200,bf5c9447ad831362334eed9da8307922e07fba57f089ccaefc080b2d2ab641fd,429432,data/snapshots/2026-08-20/layer_EMSR916_AOI03_GRA_PRODUCT_transportationL_v1.json,capa EMSR916_AOI03_GRA_PRODUCT_transportationL_v1.json
2026-08-20T10:44:58Z,https://rapidmapping-viewer.s3.eu-west-1.amazonaws.com/EMSR916/AOI04/GRA_PRODUCT/EMSR916_AOI04_GRA_PRODUCT_ancillaryCrisisInfoP_v1.json,200,74235956a8307838befb48138d7867d9591f5baf36aef2f1eb12aa8794010fb8,883,data/snapshots/2026-08-20/layer_EMSR916_AOI04_GRA_PRODUCT_ancillaryCrisisInfoP_v1.json,capa EMSR916_AOI04_GRA_PRODUCT_ancillaryCrisisInfoP_v1.json
2026-08-20T10:44:59Z,https://rapidmapping-viewer.s3.eu-west-1.amazonaws.com/EMSR916/AOI04/GRA_PRODUCT/EMSR916_AOI04_GRA_PRODUCT_builtUpP_v1.json,200,b025e5711a2e223241d85b7051c231b84159a081fc9e9c9e11e33196dab89e56,29720,data/snapshots/2026-08-20/layer_EMSR916_AOI04_GRA_PRODUCT_builtUpP_v1.json,capa EMSR916_AOI04_GRA_PRODUCT_builtUpP_v1.json
2026-08-20T10:44:59Z,https://rapidmapping-viewer.s3.eu-west-1.amazonaws.com/EMSR916/AOI04/GRA_PRODUCT/EMSR916_AOI04_GRA_PRODUCT_transportationL_v1.json,200,f321eaa11f247bcc3eaf3ccfdd16847b3c0d36d16d367dd9a20265130ed4af9d,341651,data/snapshots/2026-08-20/layer_EMSR916_AOI04_GRA_PRODUCT_transportationL_v1.json,capa EMSR916_AOI04_GRA_PRODUCT_transportationL_v1.json
2026-08-20T10:45:00Z,https://rapidmapping-viewer.s3.eu-west-1.amazonaws.com/EMSR916/AOI05/GRA_PRODUCT/EMSR916_AOI05_GRA_PRODUCT_builtUpP_v1.json,200,a4f29ebf418368d636175d77fa3dfaa771f48a4a2a07ec1dbb4b5219cdb853ae,4131,data/snapshots/2026-08-20/layer_EMSR916_AOI05_GRA_PRODUCT_builtUpP_v1.json,capa EMSR916_AOI05_GRA_PRODUCT_builtUpP_v1.json
2026-08-20T10:45:00Z,https://rapidmapping-viewer.s3.eu-west-1.amazonaws.com/EMSR916/AOI05/GRA_PRODUCT/EMSR916_AOI05_GRA_PRODUCT_notAnalysedA_v1.json,200,1498f1d5ed81a1eec089d1c0301ad606e3344754adea6bc9104e7fc9af869df4,7942,data/snapshots/2026-08-20/layer_EMSR916_AOI05_GRA_PRODUCT_notAnalysedA_v1.json,capa EMSR916_AOI05_GRA_PRODUCT_notAnalysedA_v1.json
2026-08-20T10:45:00Z,https://rapidmapping-viewer.s3.eu-west-1.amazonaws.com/EMSR916/AOI05/GRA_PRODUCT/EMSR916_AOI05_GRA_PRODUCT_transportationL_v1.json,200,6e92765efd9d44659516e671e8313ca15a2db3eee5f65100994f20e5f2b1ecfd,125000,data/snapshots/2026-08-20/layer_EMSR916_AOI05_GRA_PRODUCT_transportationL_v1.json,capa EMSR916_AOI05_GRA_PRODUCT_transportationL_v1.json
2026-08-20T10:45:01Z,https://rapidmapping-viewer.s3.eu-west-1.amazonaws.com/EMSR916/AOI06/GRA_MONIT01/EMSR916_AOI06_GRA_MONIT01_builtUpP_v2.json,200,7a463f4000890cdba17d6191330ec7e9fc92ed5c01b10379d87a04280835176a,132688,data/snapshots/2026-08-20/layer_EMSR916_AOI06_GRA_MONIT01_builtUpP_v2.json,capa EMSR916_AOI06_GRA_MONIT01_builtUpP_v2.json
2026-08-20T10:45:02Z,https://rapidmapping-viewer.s3.eu-west-1.amazonaws.com/EMSR916/AOI06/GRA_MONIT01/EMSR916_AOI06_GRA_MONIT01_notAnalysedA_v2.json,200,add1491caef0ae73a816c015556aa6ad1e832ed23ec61c9dd5df8e00f497281e,2375722,data/snapshots/2026-08-20/layer_EMSR916_AOI06_GRA_MONIT01_notAnalysedA_v2.json,capa EMSR916_AOI06_GRA_MONIT01_notAnalysedA_v2.json
2026-08-20T10:45:03Z,https://rapidmapping-viewer.s3.eu-west-1.amazonaws.com/EMSR916/AOI06/GRA_MONIT01/EMSR916_AOI06_GRA_MONIT01_transportationL_v2.json,200,6c29b4f423a7e76579429778c782a914fd9569f55f1ab9a129ace385cf82b92e,1391811,data/snapshots/2026-08-20/layer_EMSR916_AOI06_GRA_MONIT01_transportationL_v2.json,capa EMSR916_AOI06_GRA_MONIT01_transportationL_v2.json
2026-08-20T10:45:04Z,https://unosat.org/our_products/,200,2c1713871d9c1573c7cccdf821858ce22a13b74c6815ea5b52901172567d9b2d,7613,data/snapshots/2026-08-20/unosat_products.json,unosat listado
2026-08-20T10:45:04Z,https://unosat.org/our_products/1,200,47810f82b56bf240f617687d1f2c967b4821b710e59262eff860b1a494a4051a,1872,data/snapshots/2026-08-20/unosat_product_1.json,unosat producto 1
2026-08-20T10:45:04Z,https://unosat.org/our_products/2,200,ed243dde1977a4bfac19b691b9c444bd9f1182833ca3d22743a2a098b73759e1,633,data/snapshots/2026-08-20/unosat_product_2.json,unosat producto 2
2026-08-20T10:45:05Z,https://unosat.org/our_products/3,200,12cfe5df6feb5168e40e6bd0a5b8eb706bbb2d31d26b00c11071ae2c77fa91ab,584,data/snapshots/2026-08-20/unosat_product_3.json,unosat producto 3
2026-08-20T10:45:05Z,https://unosat.org/our_products/4,200,c896e2b2441b2f5e980db0496f08a5a25e73d20b6c6d0524e148548a8f173bc1,584,data/snapshots/2026-08-20/unosat_product_4.json,unosat producto 4
2026-08-20T10:45:05Z,https://unosat.org/our_products/4250,200,5852ffb250de0e4a3914c23c63bb9988d5c17baae15c8e004c39c0fca00b6013,2575,data/snapshots/2026-08-20/unosat_product_4250.json,unosat producto 4250
2026-08-20T10:45:06Z,https://unosat.org/our_products/4251,200,2fac21a9fb3b85e90002f859e36d581eec363a5b777ecb24567ab45efe76cdba,3068,data/snapshots/2026-08-20/unosat_product_4251.json,unosat producto 4251
2026-08-20T10:45:06Z,https://unosat.org/static/unosat_filesystem/4251/EQ20260810COL_SHP.zip,200,b37d2d786854a896f40021ac437702fd56223e59592b7fae534d1a37e8969fbc,56369,data/snapshots/2026-08-20/unosat_shapefiles.zip,unosat shapefiles 4251
2026-08-20T10:45:07Z,https://unosat.org/our_products/4252,200,c2dd87ccc2a5869e240deb02970f6da56df182741847c36172c094fddb6b5886,3071,data/snapshots/2026-08-20/unosat_product_4252.json,unosat producto 4252
2026-08-20T10:45:07Z,https://unosat.org/static/unosat_filesystem/4252/EQ20260810COL_SHP.zip,200,b37d2d786854a896f40021ac437702fd56223e59592b7fae534d1a37e8969fbc,56369,data/snapshots/2026-08-20/unosat_shapefiles.zip,unosat shapefiles 4252
2026-08-20T10:45:07Z,https://unosat.org/our_products/4253,200,87fd60757432bb378a6f9692a0ced4ef0dd134d28de0f0e18ed4455a2ee0ff1e,2896,data/snapshots/2026-08-20/unosat_product_4253.json,unosat producto 4253
2026-08-20T10:45:08Z,https://unosat.org/static/unosat_filesystem/4253/EQ20260810COL_SHP.zip,200,b37d2d786854a896f40021ac437702fd56223e59592b7fae534d1a37e8969fbc,56369,data/snapshots/2026-08-20/unosat_shapefiles.zip,unosat shapefiles 4253
2026-08-20T10:45:08Z,https://earthquake.usgs.gov/fdsnws/event/1/query?eventid=us6000tjl2&format=geojson,200,cd426f870f50fa193792d5bb38d539df6a80c6c4052afbc7abfe718dd84e4da0,67044,data/snapshots/2026-08-20/usgs_us6000tjl2.json,usgs detail
2026-08-20T10:45:08Z,https://earthquake.usgs.gov/product/shakemap/us6000tjl2/us/1786452072000/download/coverage_mmi_low_res.covjson,200,f3b97ef0e94f8b9203a22f82f09f397f5c19dac416dfe87e373775fa30e13d44,118571,data/snapshots/2026-08-20/usgs_mmi_grid.covjson,usgs download/coverage_mmi_low_res.covjson
2026-08-20T10:45:08Z,https://earthquake.usgs.gov/product/shakemap/us6000tjl2/us/1786452072000/download/cont_mmi.json,200,56996f8c8a5bb0382a1bef3361b7433a15a0bbb9f5693b773958a71f5de9a353,109494,data/snapshots/2026-08-20/usgs_mmi_contours.json,usgs download/cont_mmi.json
2026-08-20T10:45:08Z,https://earthquake.usgs.gov/product/losspager/us6000tjl2/us/1786452203828/json/exposures.json,200,2bd2de5b48436e3c0a177cb3cd085d6a2f260a910f50de0f23f98df518242e8f,1091,data/snapshots/2026-08-20/usgs_pager_exposures.json,usgs pager exposures
2026-08-20T10:45:08Z,https://earthquake.usgs.gov/product/dyfi/us6000tjl2/us/1787198196877/dyfi_geo_10km.geojson,200,4ecc0821e0f62cff8302972f3aaa452ba3a210bc185831bb9564fa0107f3554d,203409,data/snapshots/2026-08-20/usgs_dyfi_10km.geojson,usgs dyfi 10km
2026-08-20T10:45:14Z,https://www.gdacs.org/gdacsapi/api/events/geteventdata?eventtype=EQ&eventid=1557236,200,2e2a7d8aa3fe920284e49a8bf5e2387fa70b411389bb4451fff06c73570f9641,6318,data/snapshots/2026-08-20/gdacs_event.json,gdacs event
2026-08-20T10:45:15Z,https://www.gdacs.org/gdacsapi/api/news/getnewsbygdacskey?eventtype=EQ&eventid=1557236,200,8babe7455d984431af7e76215085835fdb3eebdc6b8c3561c3296c72d780de10,3002,data/snapshots/2026-08-20/gdacs_news_institucional.json,gdacs institucional
2026-08-20T10:45:20Z,https://www.gdacs.org/gdacsapi/api/emm/getemmnewsbykey?eventtype=EQ&eventid=1557236,200,e7cf1135643d1ec530c2b29e28d2d9933418f234a82719404d5a3820d92a5bd3,1175678,data/snapshots/2026-08-20/gdacs_emm.json,gdacs emm
2026-08-20T10:46:21Z,https://api.gdeltproject.org/api/v2/doc/doc?query=%28terremoto+OR+sismo+OR+earthquake%29+Colombia&mode=timelinevol&startdatetime=20260808000000&format=json,429,44c03f8dd984184218c90dc7e64aed9e6e2d8b17426feb5aa7933b3c44df64c6,444,\N,gdelt timelinevol
2026-08-20T10:46:21Z,https://services2.arcgis.com/YVLx8xYoDXKccDfJ/arcgis/rest/services/REGISTRO_DE_EMERGENCIAS_EN_COLOMBIA/FeatureServer/0/query?where=1%3D1&f=json&outStatistics=%5B%7B%22statisticType%22%3A+%22max%22%2C+%22onStatisticField%22%3A+%22FECHA%22%2C+%22outStatisticFieldName%22%3A+%22maxf%22%7D%2C+%7B%22statisticType%22%3A+%22count%22%2C+%22onStatisticField%22%3A+%22OBJECTID_1%22%2C+%22outStatisticFieldName%22%3A+%22n%22%7D%5D,200,7afe3240a23b13adbf1ae8082c18d40649d09209624c4d1ccef7f9c2f28546ed,534,data/snapshots/2026-08-20/ungrd_arcgis_agg.json,ungrd arcgis agregados
2026-08-20T10:46:23Z,https://www.datos.gov.co/resource/wwkg-r6te.json?%24select=count%28%2A%29+as+n%2C+min%28fecha%29+as+desde%2C+max%28fecha%29+as+hasta,200,e19d6f13141d3fe2b0e3d64dbc03bcc0dca3b6c677888ddb7a3ba04ba597afa9,84,data/snapshots/2026-08-20/ungrd_socrata_agg.json,socrata brecha
2026-08-20T10:46:27Z,https://rud.gestiondelriesgo.gov.co/home/json.php?temp=2026T,200,4d085f09459ed79c8a48e6d86c157369fc36ab5693b6019aa269d589dd784eb4,25219,data/snapshots/2026-08-20/rud_2026T.json,rud 2026T
2026-08-20T10:46:27Z,https://chatmap.hotosm.org/api/v1/map/89319bbb-a14a-4dfd-b9a1-c83b8b55785f,200,d6ed4cfefcb326540f6769450669d982063c2640bc52b41586bc2d143f8306f4,206561,data/snapshots/2026-08-20/chatmap.json,chatmap
2026-08-20T10:46:29Z,https://chatmap.hotosm.org/api/v1/media/7e721d31-37d9-4d97-beb9-5e89fa562082.mp4,200,19a0205e551d8948a240eb92eb71ce21ae50641feab0ddd0a7ab82f65d854773,9047231,data/media/7e721d31-37d9-4d97-beb9-5e89fa562082.mp4,chatmap media 7e721d31-37d9-4d97-beb9-5e89fa562082.mp4
2026-08-20T10:46:30Z,https://chatmap.hotosm.org/api/v1/media/9e6730d8-32fb-4ad0-87aa-4ef6ebe055f5.mp4,200,1f203c385d9f78fcf41c09907e59eb801a5701121a83bed3a552f7ec79ed4837,1306338,data/media/9e6730d8-32fb-4ad0-87aa-4ef6ebe055f5.mp4,chatmap media 9e6730d8-32fb-4ad0-87aa-4ef6ebe055f5.mp4
2026-08-20T10:46:32Z,https://chatmap.hotosm.org/api/v1/media/d788d8bc-566d-4a15-8290-6266e6989812.mp4,200,953902214eec08be50d0d060b1b6e2af90e6dc3d5636f436430be2c19957d558,6087990,data/media/d788d8bc-566d-4a15-8290-6266e6989812.mp4,chatmap media d788d8bc-566d-4a15-8290-6266e6989812.mp4
2026-08-20T10:46:33Z,https://chatmap.hotosm.org/api/v1/media/3af55d9a-5e17-4e01-8553-dc4981c7bfe8.mp4,200,07d8a7c497bc9ec9d8771004bcd3fde348ee2eb7cd072825f557dd057d9ba4e4,2546756,data/media/3af55d9a-5e17-4e01-8553-dc4981c7bfe8.mp4,chatmap media 3af55d9a-5e17-4e01-8553-dc4981c7bfe8.mp4
2026-08-20T10:46:34Z,https://chatmap.hotosm.org/api/v1/media/23a19b43-fa0b-423b-8609-8b03a8498f35.mp4,200,ef3461d25fe5b22e301a5101c75722c629b47738e89c7f4aaacd787f58e56a7f,2007176,data/media/23a19b43-fa0b-423b-8609-8b03a8498f35.mp4,chatmap media 23a19b43-fa0b-423b-8609-8b03a8498f35.mp4
2026-08-20T10:46:35Z,https://chatmap.hotosm.org/api/v1/media/eb3e9a80-3c41-46ec-ad59-8314ecfc3df5.mp4,200,68e9a811eafdd75473343e96378b19ea592d4d8ba7cc0653ad2a3f9af5b30a9a,3826005,data/media/eb3e9a80-3c41-46ec-ad59-8314ecfc3df5.mp4,chatmap media eb3e9a80-3c41-46ec-ad59-8314ecfc3df5.mp4
2026-08-20T10:46:36Z,https://chatmap.hotosm.org/api/v1/media/90a2e539-deb5-4379-944c-a9cdfb085a30.mp4,200,5ba31a84d101ee83667fd6e9468225553c1474d0990e03d156d1dfb77f44a7d3,3224289,data/media/90a2e539-deb5-4379-944c-a9cdfb085a30.mp4,chatmap media 90a2e539-deb5-4379-944c-a9cdfb085a30.mp4
2026-08-20T10:46:49Z,https://chatmap.hotosm.org/api/v1/media/18928f89-c2d8-413c-9052-1830ddca01db.mp4,200,5e6a8beda8ba82a8ce8ce7c2403f3cbef075ce58b605506986d279412f78c26c,59611494,data/media/18928f89-c2d8-413c-9052-1830ddca01db.mp4,chatmap media 18928f89-c2d8-413c-9052-1830ddca01db.mp4
2026-08-20T10:46:50Z,https://chatmap.hotosm.org/api/v1/media/a831fdb1-14c6-4f10-9233-c734b301d7e6.mp4,200,0bae2d9ba1f91e87246a1303768533a194ed2f3344552983072bc2d92df97773,1364211,data/media/a831fdb1-14c6-4f10-9233-c734b301d7e6.mp4,chatmap media a831fdb1-14c6-4f10-9233-c734b301d7e6.mp4
2026-08-20T10:46:51Z,https://chatmap.hotosm.org/api/v1/media/c207867b-1f41-4c14-980c-7187b6f1c63a.mp4,200,0b9be4185e606e049d8d6d1bece879b4a4ce663934ac516b20bafe394058142f,1884220,data/media/c207867b-1f41-4c14-980c-7187b6f1c63a.mp4,chatmap media c207867b-1f41-4c14-980c-7187b6f1c63a.mp4
2026-08-20T10:46:52Z,https://chatmap.hotosm.org/api/v1/media/643fc510-2401-4b87-9d77-64ed88bcbb7d.mp4,200,77758bd0a62e9386715428df8b63b0ce1191561a3c02b7cda152fedff0b83280,2988033,data/media/643fc510-2401-4b87-9d77-64ed88bcbb7d.mp4,chatmap media 643fc510-2401-4b87-9d77-64ed88bcbb7d.mp4
2026-08-20T10:46:52Z,https://chatmap.hotosm.org/api/v1/media/700e4878-69a9-4696-8555-050ab4823e79.opus,200,74e4c6c82ff9143fabf845bd5b9d737ca0f7b6eb9f605278da9575e66143e2a5,14695,data/media/700e4878-69a9-4696-8555-050ab4823e79.opus,chatmap media 700e4878-69a9-4696-8555-050ab4823e79.opus
2026-08-20T10:46:53Z,https://chatmap.hotosm.org/api/v1/media/a3bcbde2-b206-4d75-a543-1c375566f223.mp4,200,b5e07345a67e549ae6755602c5e52b0789723378bdc06341f1914e75f8a68e0a,1025118,data/media/a3bcbde2-b206-4d75-a543-1c375566f223.mp4,chatmap media a3bcbde2-b206-4d75-a543-1c375566f223.mp4
2026-08-20T10:46:54Z,https://chatmap.hotosm.org/api/v1/media/c773fc21-433f-4c41-9813-db0400cb355d.mp4,200,fa10a43992cf0c99adbaecbde8d0652048205c1c9d958e45bbbe4576c7fed9a8,5384273,data/media/c773fc21-433f-4c41-9813-db0400cb355d.mp4,chatmap media c773fc21-433f-4c41-9813-db0400cb355d.mp4
2026-08-20T10:46:55Z,https://chatmap.hotosm.org/api/v1/media/05cb9771-b232-408d-a1cc-0a2d971edecd.mp4,200,4b318cef61bc0e54cee0b189236df206414709f3aa07e8d3edde52644831187b,582255,data/media/05cb9771-b232-408d-a1cc-0a2d971edecd.mp4,chatmap media 05cb9771-b232-408d-a1cc-0a2d971edecd.mp4
2026-08-20T10:46:57Z,https://chatmap.hotosm.org/api/v1/media/8537dd41-6a37-4cf2-bba5-cae0e980d9a7.mp4,200,2c44116726545e38fe8b87de987014ef897bef0e9a02fa2517c88de725995592,6411160,data/media/8537dd41-6a37-4cf2-bba5-cae0e980d9a7.mp4,chatmap media 8537dd41-6a37-4cf2-bba5-cae0e980d9a7.mp4
2026-08-20T10:47:00Z,https://chatmap.hotosm.org/api/v1/media/901027d8-6156-48f9-8c94-5fa2ea9f8009.mp4,200,344b656593268a3130b2ed0db3dbb7e4512a81b27ac03d0796f651c376b35b43,12514823,data/media/901027d8-6156-48f9-8c94-5fa2ea9f8009.mp4,chatmap media 901027d8-6156-48f9-8c94-5fa2ea9f8009.mp4
2026-08-20T10:47:03Z,https://chatmap.hotosm.org/api/v1/media/cc92e869-00e5-440a-978b-29997331ac9b.mp4,200,7b6a502bec3c290d15b32188e63aafa8ca64d773f9e46c291c6fb3a04717ee64,9213793,data/media/cc92e869-00e5-440a-978b-29997331ac9b.mp4,chatmap media cc92e869-00e5-440a-978b-29997331ac9b.mp4
2026-08-20T10:47:06Z,https://chatmap.hotosm.org/api/v1/media/971a9efb-6e8e-40f4-bd5c-6f9624720927.mp4,200,7b6a502bec3c290d15b32188e63aafa8ca64d773f9e46c291c6fb3a04717ee64,9213793,data/media/971a9efb-6e8e-40f4-bd5c-6f9624720927.mp4,chatmap media 971a9efb-6e8e-40f4-bd5c-6f9624720927.mp4
2026-08-20T10:47:07Z,https://chatmap.hotosm.org/api/v1/media/8afbb51d-2305-447d-ae5f-7fcd3de43327.mp4,200,353570ed866178f58264553da96c820ba4691904a0dee80718313e977c648084,4546405,data/media/8afbb51d-2305-447d-ae5f-7fcd3de43327.mp4,chatmap media 8afbb51d-2305-447d-ae5f-7fcd3de43327.mp4
2026-08-20T10:47:10Z,https://chatmap.hotosm.org/api/v1/media/170c8d27-d09f-45d8-9856-eb7879c4c87a.mp4,200,601c25992c26c16b3234b931f7f232ab4c3230723e40197ab549f4e04ce7950d,9655962,data/media/170c8d27-d09f-45d8-9856-eb7879c4c87a.mp4,chatmap media 170c8d27-d09f-45d8-9856-eb7879c4c87a.mp4
2026-08-20T10:47:10Z,https://chatmap.hotosm.org/api/v1/media/c9863db3-ffb7-4c42-886c-c911a59f11bb.mp4,200,5475a953ffadb2e30d76fe0cf56b11bd7810434bfd5ac703e094e138521f1ff4,1250891,data/media/c9863db3-ffb7-4c42-886c-c911a59f11bb.mp4,chatmap media c9863db3-ffb7-4c42-886c-c911a59f11bb.mp4
2026-08-20T10:47:12Z,https://chatmap.hotosm.org/api/v1/media/22773b75-9d51-41f1-b5a0-f70cd543954e.mp4,200,7e5ee4326d6cce66b25de7267de5af95ac6fb9a09ad4e881ce8a2f1e3a239f2a,6890458,data/media/22773b75-9d51-41f1-b5a0-f70cd543954e.mp4,chatmap media 22773b75-9d51-41f1-b5a0-f70cd543954e.mp4
2026-08-20T10:47:15Z,https://chatmap.hotosm.org/api/v1/media/6ca4ca98-6444-4045-a7b5-86ec20663275.mp4,200,5924de4f5be82d26a0a51fa8f3dabfa41e0a5105227ab9ddd16e9fdcecb5a34d,8374637,data/media/6ca4ca98-6444-4045-a7b5-86ec20663275.mp4,chatmap media 6ca4ca98-6444-4045-a7b5-86ec20663275.mp4
2026-08-20T10:47:27Z,https://chatmap.hotosm.org/api/v1/media/e796a30d-0916-481e-852c-b189fd8d4566.mp4,200,182d4e75c7487a37219908c4bf0e55953f96807e9d20404ce6962643da3a1181,52065376,data/media/e796a30d-0916-481e-852c-b189fd8d4566.mp4,chatmap media e796a30d-0916-481e-852c-b189fd8d4566.mp4
2026-08-20T10:47:29Z,https://chatmap.hotosm.org/api/v1/media/c5cfce1d-18dd-4c0d-a259-a594e72d06dc.mp4,200,94c10cfb050ba2b03871bf37425e99c2edf44cc9483ed06b4b73505fbd7252ba,8861422,data/media/c5cfce1d-18dd-4c0d-a259-a594e72d06dc.mp4,chatmap media c5cfce1d-18dd-4c0d-a259-a594e72d06dc.mp4
2026-08-20T10:47:30Z,https://chatmap.hotosm.org/api/v1/media/98d8766b-b9ee-4c8a-8d4d-f47f4960173f.mp4,200,b59c68825f9e1fe1cc402d24724007105a338bf6a93707a66f4b1719e62f3f93,2551251,data/media/98d8766b-b9ee-4c8a-8d4d-f47f4960173f.mp4,chatmap media 98d8766b-b9ee-4c8a-8d4d-f47f4960173f.mp4
2026-08-20T10:47:32Z,https://chatmap.hotosm.org/api/v1/media/3bf8426a-e380-408a-ac3e-52606f2b766f.mp4,200,92987f2ce0486a4b2b07624eacae5e8bb02c520e050467cf9d30714473cdaf80,5279537,data/media/3bf8426a-e380-408a-ac3e-52606f2b766f.mp4,chatmap media 3bf8426a-e380-408a-ac3e-52606f2b766f.mp4
2026-08-20T10:47:32Z,https://chatmap.hotosm.org/api/v1/media/627cb272-5b43-471a-bb93-53d283fc2f1a.mp4,200,b660e24def888cb4b89294188dd258ff4003a3db471f42ff628e27e7820b62fc,1640307,data/media/627cb272-5b43-471a-bb93-53d283fc2f1a.mp4,chatmap media 627cb272-5b43-471a-bb93-53d283fc2f1a.mp4
2026-08-20T10:47:34Z,https://chatmap.hotosm.org/api/v1/media/4290cbae-4de7-4143-93c2-9b162de0d88a.mp4,200,a7c7ba02ee89e317a951bc30c70180d627034aa526e3d8fa9b2290772d554d87,7967806,data/media/4290cbae-4de7-4143-93c2-9b162de0d88a.mp4,chatmap media 4290cbae-4de7-4143-93c2-9b162de0d88a.mp4
2026-08-20T10:47:36Z,https://chatmap.hotosm.org/api/v1/media/0ff1ff38-5b35-4a31-b3dd-5a041bc392c6.mp4,200,6e08d86fe9a1407cc968efe201cedf7f9e15a5ba602577bd5d625659a385e9ac,3918961,data/media/0ff1ff38-5b35-4a31-b3dd-5a041bc392c6.mp4,chatmap media 0ff1ff38-5b35-4a31-b3dd-5a041bc392c6.mp4
2026-08-20T10:47:36Z,https://chatmap.hotosm.org/api/v1/media/b50705df-ade5-4e58-a156-af35b5a9c992.mp4,200,7e4e1b82c36e8b00de5249d9fb23a1e81a4f9946aa9a68fd8538c68bcfe8c142,1926320,data/media/b50705df-ade5-4e58-a156-af35b5a9c992.mp4,chatmap media b50705df-ade5-4e58-a156-af35b5a9c992.mp4
2026-08-20T10:47:37Z,https://chatmap.hotosm.org/api/v1/media/1ae11f09-b7b0-4387-b88d-1a3f90ac1112.mp4,200,757223064af73eb51766fd4bb9305c6736bf5226146185c46236db1a29c38cde,757208,data/media/1ae11f09-b7b0-4387-b88d-1a3f90ac1112.mp4,chatmap media 1ae11f09-b7b0-4387-b88d-1a3f90ac1112.mp4
2026-08-20T10:47:40Z,https://chatmap.hotosm.org/api/v1/media/3fc32116-04c9-4e8d-986f-ca3a884d13f7.mp4,200,5341b7b67bc8eb022693976df52ab648840f20987280a5966a8ee7bbb0a4c14c,9988129,data/media/3fc32116-04c9-4e8d-986f-ca3a884d13f7.mp4,chatmap media 3fc32116-04c9-4e8d-986f-ca3a884d13f7.mp4
2026-08-20T10:47:45Z,https://chatmap.hotosm.org/api/v1/media/5f568d18-7a3e-4168-9e4d-dde5bc849010.mp4,200,a711f102aff25c562746e144c36c13e24608137cefccb9ed6951990047e5c4bd,24335214,data/media/5f568d18-7a3e-4168-9e4d-dde5bc849010.mp4,chatmap media 5f568d18-7a3e-4168-9e4d-dde5bc849010.mp4
2026-08-20T10:47:47Z,https://chatmap.hotosm.org/api/v1/media/9884e28b-7165-43af-bd02-9d545fddfb06.mp4,200,679b5adbf9912cff1a151c8a2177787bf846452d178c0ab7be2564b0c7438704,3993181,data/media/9884e28b-7165-43af-bd02-9d545fddfb06.mp4,chatmap media 9884e28b-7165-43af-bd02-9d545fddfb06.mp4
2026-08-20T10:47:48Z,https://chatmap.hotosm.org/api/v1/media/e9dfe7a8-73fd-41ad-bcd7-94ebb28084b0.mp4,200,b80aeeeef66b729a46043466da25b01953a256167bc6853381bb673c8f53192c,4538274,data/media/e9dfe7a8-73fd-41ad-bcd7-94ebb28084b0.mp4,chatmap media e9dfe7a8-73fd-41ad-bcd7-94ebb28084b0.mp4
2026-08-20T10:47:51Z,https://chatmap.hotosm.org/api/v1/media/65d0f519-405a-408b-a99d-0edd5caee5bc.mp4,200,e22701d1535057b316d704ef19872b18297636591d841460cad967b3c20982f0,12615286,data/media/65d0f519-405a-408b-a99d-0edd5caee5bc.mp4,chatmap media 65d0f519-405a-408b-a99d-0edd5caee5bc.mp4
2026-08-20T10:47:54Z,https://chatmap.hotosm.org/api/v1/media/cb004578-9acc-4cce-891f-e82ebe90c8f1.mp4,200,51a0e66d23e5894b9f657e3345788c8c41fbcae27c4eedace9648a06aab9e6d8,11085520,data/media/cb004578-9acc-4cce-891f-e82ebe90c8f1.mp4,chatmap media cb004578-9acc-4cce-891f-e82ebe90c8f1.mp4
2026-08-20T10:47:55Z,https://chatmap.hotosm.org/api/v1/media/b1b099c5-6114-4b97-b50a-0dd164763c92.mp4,200,8a8407ba3bc6fbd2c73d25c90347c1acc958b6bb0217d3e035ae7cf95b060ec3,1640900,data/media/b1b099c5-6114-4b97-b50a-0dd164763c92.mp4,chatmap media b1b099c5-6114-4b97-b50a-0dd164763c92.mp4
2026-08-20T10:47:55Z,https://chatmap.hotosm.org/api/v1/media/5e91e24f-0ea0-4f76-9459-f50bd1c65241.mp4,200,07bd8f702e97ca1f1c0a6ded1a7fdcf63a9ef2e7a51460d8d9188be83c20c33f,2677946,data/media/5e91e24f-0ea0-4f76-9459-f50bd1c65241.mp4,chatmap media 5e91e24f-0ea0-4f76-9459-f50bd1c65241.mp4
2026-08-20T10:47:58Z,https://chatmap.hotosm.org/api/v1/media/2c7ca58c-1bc8-4d95-9b7f-fad87ec1280a.mp4,200,d1d3008a73757718b1ec463f6550b9593f6a5aefb08e66670363cef9fcafbe5d,9434548,data/media/2c7ca58c-1bc8-4d95-9b7f-fad87ec1280a.mp4,chatmap media 2c7ca58c-1bc8-4d95-9b7f-fad87ec1280a.mp4
2026-08-20T10:47:59Z,https://chatmap.hotosm.org/api/v1/media/bdac0d49-1d97-4b25-9a4b-ff99d24139f6.mp4,200,a87707362bcb90270007de2ccec38432d6cd3e53d73d3e7e5edd61aa6ee61e65,3489472,data/media/bdac0d49-1d97-4b25-9a4b-ff99d24139f6.mp4,chatmap media bdac0d49-1d97-4b25-9a4b-ff99d24139f6.mp4
2026-08-20T10:48:00Z,https://chatmap.hotosm.org/api/v1/media/4a3c5360-6fed-4077-9d18-582867391a5d.mp4,200,0638a819c002ced456f952e9280449e627f7052b74dce53c733586fc8e5755b9,3874765,data/media/4a3c5360-6fed-4077-9d18-582867391a5d.mp4,chatmap media 4a3c5360-6fed-4077-9d18-582867391a5d.mp4
2026-08-20T10:48:04Z,https://chatmap.hotosm.org/api/v1/media/afd0bfca-77b3-4f66-9783-954f26fcdee8.mp4,200,0638a819c002ced456f952e9280449e627f7052b74dce53c733586fc8e5755b9,3874765,data/media/afd0bfca-77b3-4f66-9783-954f26fcdee8.mp4,chatmap media afd0bfca-77b3-4f66-9783-954f26fcdee8.mp4
2026-08-20T10:48:07Z,https://chatmap.hotosm.org/api/v1/media/51dcc496-00cb-43e1-833f-c9970a9957dd.mp4,200,d0c8fc3033c262b18586365ecde0a2bbdf8afb37c749d80e1be91cea21d4655c,12508365,data/media/51dcc496-00cb-43e1-833f-c9970a9957dd.mp4,chatmap media 51dcc496-00cb-43e1-833f-c9970a9957dd.mp4
2026-08-20T10:48:09Z,https://chatmap.hotosm.org/api/v1/media/2c1758f9-b396-4e31-a403-aca131b9a5ba.mp4,200,9103ace5b434cf8ca9261c1a90feccdf30d2fa6795654d7eb350b40e9540c590,5717079,data/media/2c1758f9-b396-4e31-a403-aca131b9a5ba.mp4,chatmap media 2c1758f9-b396-4e31-a403-aca131b9a5ba.mp4
2026-08-20T10:48:10Z,https://chatmap.hotosm.org/api/v1/media/21c80697-de79-4117-b484-3f8d852fc7cd.mp4,200,8e492e4407ba7aba23b6fc76bf9af03085f97856e8300b0298c42b5b2f5a1883,4789147,data/media/21c80697-de79-4117-b484-3f8d852fc7cd.mp4,chatmap media 21c80697-de79-4117-b484-3f8d852fc7cd.mp4
2026-08-20T10:48:12Z,https://chatmap.hotosm.org/api/v1/media/f728f8be-0194-4800-b43b-3cb8c9d3d9be.mp4,200,9e29f8ca7cd457ecf7dd090469b1118dc400fb8605199bfa6b682851aaae3f88,4458951,data/media/f728f8be-0194-4800-b43b-3cb8c9d3d9be.mp4,chatmap media f728f8be-0194-4800-b43b-3cb8c9d3d9be.mp4
2026-08-20T10:48:13Z,https://chatmap.hotosm.org/api/v1/media/74e01695-13ae-401c-a8b3-9e52f19c2964.mp4,200,c46c2bc2b904a0d9b95afcc473ad88d61883e2f4178490e3db93d48d77bcdcb9,3227188,data/media/74e01695-13ae-401c-a8b3-9e52f19c2964.mp4,chatmap media 74e01695-13ae-401c-a8b3-9e52f19c2964.mp4
2026-08-20T10:48:23Z,https://chatmap.hotosm.org/api/v1/media/05c3311f-a9a2-43b1-9aa0-415babc308d0.mp4,200,6c8e7ef157c594d07a3b01fc36b7ace8f3ae964e5b8af514127d74110475c7e8,46175034,data/media/05c3311f-a9a2-43b1-9aa0-415babc308d0.mp4,chatmap media 05c3311f-a9a2-43b1-9aa0-415babc308d0.mp4
2026-08-20T10:48:25Z,https://chatmap.hotosm.org/api/v1/media/4e6eb3c0-332b-4a91-81fe-f435c8e5c3de.mp4,200,639f18198379e5c9880459c78459b774cfa336ed0743b0ac580f97b7bed1a99e,5075384,data/media/4e6eb3c0-332b-4a91-81fe-f435c8e5c3de.mp4,chatmap media 4e6eb3c0-332b-4a91-81fe-f435c8e5c3de.mp4
2026-08-20T10:48:28Z,https://chatmap.hotosm.org/api/v1/media/394032c1-ada0-4951-86c2-b18d18d76a17.mp4,200,1a09dc1bfb7ccacde778cc4d41d0a6da7a1a3368e95051c987f481ba5b989497,15362583,data/media/394032c1-ada0-4951-86c2-b18d18d76a17.mp4,chatmap media 394032c1-ada0-4951-86c2-b18d18d76a17.mp4
2026-08-20T10:48:33Z,https://chatmap.hotosm.org/api/v1/media/40cae3fe-fcc9-4302-839c-3dc7cea73315.mp4,200,3c0f22dca0693db57bd166bf4e70d8f711418a1c341dcc2708516daf1d62b846,19529966,data/media/40cae3fe-fcc9-4302-839c-3dc7cea73315.mp4,chatmap media 40cae3fe-fcc9-4302-839c-3dc7cea73315.mp4
2026-08-20T10:48:44Z,https://chatmap.hotosm.org/api/v1/media/30d00822-6dcb-4357-89b1-851051b22907.mp4,200,6c8e7ef157c594d07a3b01fc36b7ace8f3ae964e5b8af514127d74110475c7e8,46175034,data/media/30d00822-6dcb-4357-89b1-851051b22907.mp4,chatmap media 30d00822-6dcb-4357-89b1-851051b22907.mp4
2026-08-20T10:48:45Z,https://chatmap.hotosm.org/api/v1/media/3e9f2563-de80-4cb4-b8ee-6b120c042997.mp4,200,ace2f834f03734dbf3d314b54f41f979a6c3025fa6ffb15f22128ca6f0c181b9,4656490,data/media/3e9f2563-de80-4cb4-b8ee-6b120c042997.mp4,chatmap media 3e9f2563-de80-4cb4-b8ee-6b120c042997.mp4
2026-08-20T10:48:49Z,https://chatmap.hotosm.org/api/v1/media/919a0172-e42d-492d-8927-1ee87899e5cd.mp4,200,437037d24d8624e4cfa21fbfe4276c72fcb37b5397c8c668855cebd6afe12f14,15479792,data/media/919a0172-e42d-492d-8927-1ee87899e5cd.mp4,chatmap media 919a0172-e42d-492d-8927-1ee87899e5cd.mp4
2026-08-20T10:48:50Z,https://chatmap.hotosm.org/api/v1/media/4773223d-df00-4e92-99f1-1bcde9e90b50.mp4,200,e16d534574c977e6940f95ab52d1078c09af7aa74ce3e03fd3a45c38e08829c8,5519960,data/media/4773223d-df00-4e92-99f1-1bcde9e90b50.mp4,chatmap media 4773223d-df00-4e92-99f1-1bcde9e90b50.mp4
2026-08-20T10:48:52Z,https://chatmap.hotosm.org/api/v1/media/a5c53333-3657-428c-b4d6-6de02328018a.mp4,200,476be371d4fca0d85743dafe667a45cd7ba1f604760818168c8f26b409cea83c,6545063,data/media/a5c53333-3657-428c-b4d6-6de02328018a.mp4,chatmap media a5c53333-3657-428c-b4d6-6de02328018a.mp4
2026-08-20T10:48:54Z,https://chatmap.hotosm.org/api/v1/media/e620c051-ead3-40ae-ab11-95a78339d1fd.mp4,200,a66a20e150206230b9d7749ece53223f12ace38f360fb892fc074540f294a00e,8508700,data/media/e620c051-ead3-40ae-ab11-95a78339d1fd.mp4,chatmap media e620c051-ead3-40ae-ab11-95a78339d1fd.mp4
2026-08-20T10:48:58Z,https://chatmap.hotosm.org/api/v1/media/dd6a52c4-4cbb-4829-9387-c7c13895cace.mp4,200,a7027eaff02c25e99087873e9fb1cf17f7ba14edd5565501b9df3dacc5a82c77,16744305,data/media/dd6a52c4-4cbb-4829-9387-c7c13895cace.mp4,chatmap media dd6a52c4-4cbb-4829-9387-c7c13895cace.mp4
2026-08-20T10:49:01Z,https://chatmap.hotosm.org/api/v1/media/fd211407-ce6e-4cdf-aa99-67e90bf72caf.mp4,200,6e98bb8dac5987044c7e7b9af89c02af93346905887ebf2d9b43426db175110f,8416212,data/media/fd211407-ce6e-4cdf-aa99-67e90bf72caf.mp4,chatmap media fd211407-ce6e-4cdf-aa99-67e90bf72caf.mp4
2026-08-20T10:49:03Z,https://chatmap.hotosm.org/api/v1/media/62b559ab-a574-4490-8fd2-645c2fb7c6f0.mp4,200,6fbb2cad9df51cb66f969a35c1513676c4d9c9ae968c7338a3e9415e107ead50,6382144,data/media/62b559ab-a574-4490-8fd2-645c2fb7c6f0.mp4,chatmap media 62b559ab-a574-4490-8fd2-645c2fb7c6f0.mp4
2026-08-20T10:49:04Z,https://chatmap.hotosm.org/api/v1/media/e7f4097a-5ca6-45de-823c-b34b2a8707f5.mp4,200,14eabaa74706242b9a09dc5bf01ad0bc2041a847ccdf2771a3d54bf30016302a,1036581,data/media/e7f4097a-5ca6-45de-823c-b34b2a8707f5.mp4,chatmap media e7f4097a-5ca6-45de-823c-b34b2a8707f5.mp4
2026-08-20T10:49:05Z,https://chatmap.hotosm.org/api/v1/media/5875d4b4-046d-4db7-962e-73ee926a49de.mp4,200,b72c4db1a6eaa0c9e6032e7619e84cd65d4af4573c017ecf65d3938816e8a5b0,4235454,data/media/5875d4b4-046d-4db7-962e-73ee926a49de.mp4,chatmap media 5875d4b4-046d-4db7-962e-73ee926a49de.mp4
2026-08-20T10:49:06Z,https://chatmap.hotosm.org/api/v1/media/b90c3db1-3b53-46c0-b558-79750430579d.mp4,200,0606446ddc567ea3978336042af15d92a0a91440f75457b1a73f61de2eb08b2d,3732758,data/media/b90c3db1-3b53-46c0-b558-79750430579d.mp4,chatmap media b90c3db1-3b53-46c0-b558-79750430579d.mp4
2026-08-20T10:49:07Z,https://chatmap.hotosm.org/api/v1/media/f281ddef-6961-4042-85d0-0473018484c3.mp4,200,f6b1443dbdba9362604fc60b3aecae4b57abf1545950e28a5ea60bf6a65bd09f,2940216,data/media/f281ddef-6961-4042-85d0-0473018484c3.mp4,chatmap media f281ddef-6961-4042-85d0-0473018484c3.mp4
2026-08-20T10:49:08Z,https://chatmap.hotosm.org/api/v1/media/0add867d-d89c-4f8c-b9c3-79e53eb8bc30.mp4,200,3de91e9f1651145d3068b7075de4f3d9355139d52f177cdbbbf2b710f0341d37,2303611,data/media/0add867d-d89c-4f8c-b9c3-79e53eb8bc30.mp4,chatmap media 0add867d-d89c-4f8c-b9c3-79e53eb8bc30.mp4
2026-08-20T10:49:09Z,https://chatmap.hotosm.org/api/v1/media/c7835641-0b00-4679-871a-45f88238696f.mp4,200,555bc58618709e731e3a43377c4b660e30103b303703df033d69ae98b1d11fdf,4526534,data/media/c7835641-0b00-4679-871a-45f88238696f.mp4,chatmap media c7835641-0b00-4679-871a-45f88238696f.mp4
2026-08-20T10:49:10Z,https://chatmap.hotosm.org/api/v1/media/83ec28cb-fe63-4f95-84d2-84856fa5792f.mp4,200,7a145825ea04bd2d66d861f1f8c8abe66d03d2442379fc806d760ec381bcd9b5,497839,data/media/83ec28cb-fe63-4f95-84d2-84856fa5792f.mp4,chatmap media 83ec28cb-fe63-4f95-84d2-84856fa5792f.mp4
2026-08-20T10:49:11Z,https://chatmap.hotosm.org/api/v1/media/176caca1-7226-467b-82aa-d61fb69e0b03.mp4,200,2151552721e9c8f9f0d0b6998e82a776e5b97ab80dbbb59e976f176049506483,6003388,data/media/176caca1-7226-467b-82aa-d61fb69e0b03.mp4,chatmap media 176caca1-7226-467b-82aa-d61fb69e0b03.mp4
2026-08-20T10:49:12Z,https://chatmap.hotosm.org/api/v1/media/70f07dcd-d3d3-4a62-a701-c0275a25df33.mp4,200,44f4489dffb981c255b0906c754c53bf08d2e9b2d4c753851f17a90aa3fe6809,2487764,data/media/70f07dcd-d3d3-4a62-a701-c0275a25df33.mp4,chatmap media 70f07dcd-d3d3-4a62-a701-c0275a25df33.mp4
2026-08-20T10:49:14Z,https://www.seismicportal.eu/testimonies-ws/api/search?unids=20260810_0000177,200,2ed77798f013cc359484bd201b39834c4d077249d9031f3bd2231b1fb3ddbc68,456,data/snapshots/2026-08-20/emsc_testimonies.json,emsc testimonies
2026-08-20T10:49:14Z,https://www.eltiempo.com/rss/colombia.xml,200,693bcdeb44338520dcbbc08ff8d0711f3d12e7cc1f17c78a83b1f405369b36b5,13333,data/snapshots/2026-08-20/feed_eltiempo-colombia.xml,feed comunitario eltiempo-colombia
2026-08-20T10:49:15Z,https://www.eldiario.com.co/feed/,200,3e14bf94f7d3742c43b4966cd0dd58f22a6d16cbe8836ec16d9b6c643edf3480,229840,data/snapshots/2026-08-20/feed_eldiario-pereira.xml,feed comunitario eldiario-pereira
2026-08-20T10:49:15Z,https://choco7dias.com/feed/,200,89cd54c5b30624d508e5996760666ffc99c8013ff8cea65eef1c7da3a3cd06e8,71418,data/snapshots/2026-08-20/feed_choco7dias.xml,feed comunitario choco7dias
2026-08-20T10:49:15Z,https://occidente.co/feed/,200,52a507d833dd4e515a2c29177aa9f64c1fbce26cb41ae1b0e5c03ddb8d701241,74327,data/snapshots/2026-08-20/feed_diario-occidente.xml,feed comunitario diario-occidente
2026-08-20T10:49:16Z,https://www.qhubocali.com/feed/,200,0c567c1896e4e5915f756a0fb92a6fa1db18d7ee8f0c9aa5c50dbdd6f18d651e,100532,data/snapshots/2026-08-20/feed_qhubo-cali.xml,feed comunitario qhubo-cali
2026-08-20T10:49:16Z,https://www.lapatria.com/rss.xml,200,4c2f695726a4ed4e0028b92e4792977b4c0444e995c04ffa4683bda84e0677bf,24200,data/snapshots/2026-08-20/feed_la-patria-caldas.xml,feed comunitario la-patria-caldas
2026-08-20T10:49:16Z,https://www.elcolombiano.com/rss/Colombia.xml,200,cd0e40d056fdb9a36dc827cbb2f8bb5b2ea4bc7d52f567d0d7f9915de681dd17,765236,data/snapshots/2026-08-20/feed_elcolombiano.xml,feed comunitario elcolombiano
2026-08-20T10:49:17Z,https://news.google.com/rss/search?q=terremoto+Colombia&hl=es-CO&gl=CO&ceid=CO:es,200,51f88dea384bd56e64e50d52435c74935773e70b024842890f87f468bd831fa4,206927,data/snapshots/2026-08-20/feed_googlenews-es.xml,feed comunitario googlenews-es
2026-08-20T10:49:17Z,https://news.google.com/rss/search?q=site%3Aelpais.com.co+%28terremoto+OR+sismo+OR+temblor%29&hl=es-CO&gl=CO&ceid=CO:es,200,9880acbc53b75055694fb124b8c91a481804ea8fce473d63e1c94d8e7a03127f,244950,data/snapshots/2026-08-20/feed_googlenews-elpais-cali.xml,feed comunitario googlenews-elpais-cali
2026-08-20T10:49:18Z,https://news.google.com/rss/search?q=site%3Acronicadelquindio.com+%28terremoto+OR+sismo+OR+temblor%29&hl=es-CO&gl=CO&ceid=CO:es,200,815259c59fba8fcf68a9837d1aa413f7aa0ea2617c02ca5c60b14ed620d5fc78,119125,data/snapshots/2026-08-20/feed_googlenews-cronica-quindio.xml,feed comunitario googlenews-cronica-quindio
2026-08-20T10:49:18Z,https://news.google.com/rss/search?q=%28%22terremoto%22+OR+%22sismo%22+OR+%22temblor%22%29+%22armenia%22+%22quindio%22&hl=es-CO&gl=CO&ceid=CO:es,200,1d6df835be218cfe28d8212bb858026b21ebd52869daf86dd1aa6f2178433a94,99971,data/snapshots/2026-08-20/feed_googlenews-municipio-armenia.xml,feed comunitario googlenews-municipio-armenia
2026-08-20T10:49:18Z,https://news.google.com/rss/search?q=%28%22terremoto%22+OR+%22sismo%22+OR+%22temblor%22%29+%22calarca%22+%22quindio%22&hl=es-CO&gl=CO&ceid=CO:es,200,cd3dd528b20e2d71183a2ad5d7d260be653a589884bff28653e82a1f8e831ccc,81647,data/snapshots/2026-08-20/feed_googlenews-municipio-calarca.xml,feed comunitario googlenews-municipio-calarca
2026-08-20T10:49:19Z,https://news.google.com/rss/search?q=%28%22terremoto%22+OR+%22sismo%22+OR+%22temblor%22%29+%22la+tebaida%22+%22quindio%22&hl=es-CO&gl=CO&ceid=CO:es,200,46f5ced1171d6fe24170102dbe8f44a4949e7255213ea4f8329c16b927f595a3,86964,data/snapshots/2026-08-20/feed_googlenews-municipio-la-tebaida.xml,feed comunitario googlenews-municipio-la-tebaida
2026-08-20T10:49:19Z,https://news.google.com/rss/search?q=%28%22terremoto%22+OR+%22sismo%22+OR+%22temblor%22%29+%22montenegro%22+%22quindio%22&hl=es-CO&gl=CO&ceid=CO:es,200,59822dfbf0bafccece4d3b63837d9ade7f7743173ee72070dca067304099e678,96647,data/snapshots/2026-08-20/feed_googlenews-municipio-montenegro.xml,feed comunitario googlenews-municipio-montenegro
2026-08-20T10:49:20Z,https://news.google.com/rss/search?q=%28%22terremoto%22+OR+%22sismo%22+OR+%22temblor%22%29+%22salento%22+%22quindio%22&hl=es-CO&gl=CO&ceid=CO:es,200,6309185f07831f9267deef8a3e14bc57917d2bf4204308d756bb7c67ecb30ec1,88832,data/snapshots/2026-08-20/feed_googlenews-municipio-salento.xml,feed comunitario googlenews-municipio-salento
2026-08-20T10:49:20Z,https://news.google.com/rss/search?q=%28%22terremoto%22+OR+%22sismo%22+OR+%22temblor%22%29+%22zarzal%22+%22valle+del+cauca%22&hl=es-CO&gl=CO&ceid=CO:es,200,75337fefd0db3dec8faec8f0298d537771bb0c0a0f8a60e2fab935c34518afa8,105918,data/snapshots/2026-08-20/feed_googlenews-municipio-zarzal.xml,feed comunitario googlenews-municipio-zarzal
2026-08-20T10:49:20Z,https://news.google.com/rss/search?q=%28%22terremoto%22+OR+%22sismo%22+OR+%22temblor%22%29+%22cartago%22+%22valle+del+cauca%22&hl=es-CO&gl=CO&ceid=CO:es,200,466a372395af1377eddede3e4513e707c4b6a5e59006a48cfb881e990a9f8144,164207,data/snapshots/2026-08-20/feed_googlenews-municipio-cartago.xml,feed comunitario googlenews-municipio-cartago
2026-08-20T10:49:21Z,https://news.google.com/rss/search?q=%28%22terremoto%22+OR+%22sismo%22+OR+%22temblor%22%29+%22tulua%22+%22valle+del+cauca%22&hl=es-CO&gl=CO&ceid=CO:es,200,e334ad0fce14d89d91f12e94e129788196d4cc01ce29cc5c66fbd364924da9e2,89437,data/snapshots/2026-08-20/feed_googlenews-municipio-tulua.xml,feed comunitario googlenews-municipio-tulua
2026-08-20T10:49:21Z,https://news.google.com/rss/search?q=%28%22terremoto%22+OR+%22sismo%22+OR+%22temblor%22%29+%22buga%22+%22valle+del+cauca%22&hl=es-CO&gl=CO&ceid=CO:es,200,c5ae4d6030d93b3e34777c6b32f853dc4c523aa25e66ea826951d8bcf5e894ec,212957,data/snapshots/2026-08-20/feed_googlenews-municipio-buga.xml,feed comunitario googlenews-municipio-buga
2026-08-20T10:49:22Z,https://news.google.com/rss/search?q=%28%22terremoto%22+OR+%22sismo%22+OR+%22temblor%22%29+%22palmira%22+%22valle+del+cauca%22&hl=es-CO&gl=CO&ceid=CO:es,200,7fcd59d2ab5a375c6d75d2f610dd58e9c221443870d15221c33d03bcebe2f66f,222027,data/snapshots/2026-08-20/feed_googlenews-municipio-palmira.xml,feed comunitario googlenews-municipio-palmira
2026-08-20T10:49:22Z,https://news.google.com/rss/search?q=%28%22terremoto%22+OR+%22sismo%22+OR+%22temblor%22%29+%22roldanillo%22+%22valle+del+cauca%22&hl=es-CO&gl=CO&ceid=CO:es,200,75a55c0d9731b99be2c168ef693274f241856092d00900b3772a70eeef2fce73,220555,data/snapshots/2026-08-20/feed_googlenews-municipio-roldanillo.xml,feed comunitario googlenews-municipio-roldanillo
2026-08-20T10:49:23Z,https://news.google.com/rss/search?q=%28%22terremoto%22+OR+%22sismo%22+OR+%22temblor%22%29+%22sevilla%22+%22valle+del+cauca%22&hl=es-CO&gl=CO&ceid=CO:es,200,d5ecb9c7d9f2ffb76c56490405a5607556b592dc6c200fe6fc5a60cc1498c197,127908,data/snapshots/2026-08-20/feed_googlenews-municipio-sevilla.xml,feed comunitario googlenews-municipio-sevilla
2026-08-20T10:49:23Z,https://news.google.com/rss/search?q=%28%22terremoto%22+OR+%22sismo%22+OR+%22temblor%22%29+%22caicedonia%22+%22valle+del+cauca%22&hl=es-CO&gl=CO&ceid=CO:es,200,39a767f7ce55a958eefd8265ed536e3ad1496fbf82542bff6059fdeb073f5809,101431,data/snapshots/2026-08-20/feed_googlenews-municipio-caicedonia.xml,feed comunitario googlenews-municipio-caicedonia
2026-08-20T10:49:23Z,https://news.google.com/rss/search?q=%28%22terremoto%22+OR+%22sismo%22+OR+%22temblor%22%29+%22jamundi%22+%22valle+del+cauca%22&hl=es-CO&gl=CO&ceid=CO:es,200,1e8e0146050049b6874109ed015ed4593e06f75d44e5b8a9be399bbc0582485e,110396,data/snapshots/2026-08-20/feed_googlenews-municipio-jamundi.xml,feed comunitario googlenews-municipio-jamundi
2026-08-20T10:49:24Z,https://news.google.com/rss/search?q=%28%22terremoto%22+OR+%22sismo%22+OR+%22temblor%22%29+%22dagua%22+%22valle+del+cauca%22&hl=es-CO&gl=CO&ceid=CO:es,200,7adba8b459e4f40362c5c6b28a0001be4df8edd1bcd8925b526f2235198268aa,114859,data/snapshots/2026-08-20/feed_googlenews-municipio-dagua.xml,feed comunitario googlenews-municipio-dagua
2026-08-20T10:49:24Z,https://news.google.com/rss/search?q=%28%22terremoto%22+OR+%22sismo%22+OR+%22temblor%22%29+%22pereira%22+%22risaralda%22&hl=es-CO&gl=CO&ceid=CO:es,200,65c4742b67de14d71163a8c87692d3b48fd031e658f87f7ee66f32d62dc089c3,214285,data/snapshots/2026-08-20/feed_googlenews-municipio-pereira.xml,feed comunitario googlenews-municipio-pereira
2026-08-20T10:49:24Z,https://news.google.com/rss/search?q=%28%22terremoto%22+OR+%22sismo%22+OR+%22temblor%22%29+%22dos+quebradas%22+%22risaralda%22&hl=es-CO&gl=CO&ceid=CO:es,200,85a586ec4c29114e1fa77e8f43b7f4c42977bac4d3dd698bcb8e102eb280841e,34154,data/snapshots/2026-08-20/feed_googlenews-municipio-dosquebradas.xml,feed comunitario googlenews-municipio-dosquebradas
2026-08-20T10:49:25Z,https://news.google.com/rss/search?q=%28%22terremoto%22+OR+%22sismo%22+OR+%22temblor%22%29+%22santa+rosa+de+cabal%22+%22risaralda%22&hl=es-CO&gl=CO&ceid=CO:es,200,941a04bd2478b9442b98fe16dcb59584d272678d0f6bf71f87f462db4532881f,114203,data/snapshots/2026-08-20/feed_googlenews-municipio-santa-rosa-de-cabal.xml,feed comunitario googlenews-municipio-santa-rosa-de-cabal
2026-08-20T10:49:25Z,https://news.google.com/rss/search?q=%28%22terremoto%22+OR+%22sismo%22+OR+%22temblor%22%29+%22manizales%22+%22caldas%22&hl=es-CO&gl=CO&ceid=CO:es,200,990c5b086f85427ef0c3db7c1e34eaa515cfdd4b0eb9591a86b5971a906a1236,180237,data/snapshots/2026-08-20/feed_googlenews-municipio-manizales.xml,feed comunitario googlenews-municipio-manizales
2026-08-20T10:49:26Z,https://news.google.com/rss/search?q=%28%22terremoto%22+OR+%22sismo%22+OR+%22temblor%22%29+%22villamaria%22+%22caldas%22&hl=es-CO&gl=CO&ceid=CO:es,200,b1f3a3eba28e2b361ccdb3b4eb1497673ab1e305e4eb7677b6e74fe57de02d53,41984,data/snapshots/2026-08-20/feed_googlenews-municipio-villamaria.xml,feed comunitario googlenews-municipio-villamaria
2026-08-20T10:49:26Z,https://news.google.com/rss/search?q=%28%22terremoto%22+OR+%22sismo%22+OR+%22temblor%22%29+%22cali%22+%22valle+del+cauca%22&hl=es-CO&gl=CO&ceid=CO:es,200,28fe3674a0dcd5243fc0edbfa767ebebc3aa0b1bc074bbb7995e8527be49d0b6,213058,data/snapshots/2026-08-20/feed_googlenews-municipio-cali.xml,feed comunitario googlenews-municipio-cali
2026-08-20T10:49:27Z,https://news.google.com/rss/search?q=%28%22terremoto%22+OR+%22sismo%22+OR+%22temblor%22%29+%22buenaventura%22+%22valle+del+cauca%22&hl=es-CO&gl=CO&ceid=CO:es,200,1eb58c649a38ea560b7aa34a7b3c3c1bdb4a19f3fccd751e3fe004fe242005a2,209130,data/snapshots/2026-08-20/feed_googlenews-municipio-buenaventura.xml,feed comunitario googlenews-municipio-buenaventura
2026-08-20T10:49:27Z,https://news.google.com/rss/search?q=%28%22terremoto%22+OR+%22sismo%22+OR+%22temblor%22%29+%22quibdo%22+%22choco%22&hl=es-CO&gl=CO&ceid=CO:es,200,19178e3921e84043cc607f9445da626bed12ea3f853c93d386c1bff89341ce07,100225,data/snapshots/2026-08-20/feed_googlenews-municipio-quibdo.xml,feed comunitario googlenews-municipio-quibdo
2026-08-20T10:49:27Z,https://news.google.com/rss/search?q=%28%22terremoto%22+OR+%22sismo%22+OR+%22temblor%22%29+%22istmina%22+%22choco%22&hl=es-CO&gl=CO&ceid=CO:es,200,8c249e6c910a3480c0eb82ad9861c0a301352ab171900b54e504cf5c748f9132,103296,data/snapshots/2026-08-20/feed_googlenews-municipio-istmina.xml,feed comunitario googlenews-municipio-istmina
2026-08-20T10:49:28Z,https://news.google.com/rss/search?q=%28%22terremoto%22+OR+%22sismo%22+OR+%22temblor%22%29+%22san+jose+del+palmar%22+%22choco%22&hl=es-CO&gl=CO&ceid=CO:es,200,0436385616f796efa9443ee13476ebfeb6bee2b3ed000a2062f60395a451c795,176507,data/snapshots/2026-08-20/feed_googlenews-municipio-san-jose-del-palmar.xml,feed comunitario googlenews-municipio-san-jose-del-palmar
2026-08-20T10:49:28Z,https://news.google.com/rss/search?q=%28%22terremoto%22+OR+%22sismo%22+OR+%22temblor%22%29+%22anserma%22+%22caldas%22&hl=es-CO&gl=CO&ceid=CO:es,200,f5997f9ec7857c1229474fd7fd992766658bb9409174d047fa6a44b4c5dda034,92501,data/snapshots/2026-08-20/feed_googlenews-municipio-anserma.xml,feed comunitario googlenews-municipio-anserma
2026-08-20T10:49:28Z,https://news.google.com/rss/search?q=%28%22terremoto%22+OR+%22sismo%22+OR+%22temblor%22%29+%22aranzazu%22+%22caldas%22&hl=es-CO&gl=CO&ceid=CO:es,200,a81c0a1081d6e8fb8e6e5ee69d46d2b4473f696da970eef69967fc2fe7496da0,76987,data/snapshots/2026-08-20/feed_googlenews-municipio-aranzazu.xml,feed comunitario googlenews-municipio-aranzazu
2026-08-20T10:49:29Z,https://news.google.com/rss/search?q=%28%22terremoto%22+OR+%22sismo%22+OR+%22temblor%22%29+%22belalcazar%22+%22caldas%22&hl=es-CO&gl=CO&ceid=CO:es,200,7d2162eabe85e6ab8649cc5adf28709ed3c5d222bb8920a3d945b434c531eef6,16765,data/snapshots/2026-08-20/feed_googlenews-municipio-belalcazar.xml,feed comunitario googlenews-municipio-belalcazar
2026-08-20T10:49:29Z,https://news.google.com/rss/search?q=%28%22terremoto%22+OR+%22sismo%22+OR+%22temblor%22%29+%22chinchina%22+%22caldas%22&hl=es-CO&gl=CO&ceid=CO:es,200,e7501f0b797ffa89f5c44c9980f002794bd25f454c31383b8204c20bcabb96ff,48686,data/snapshots/2026-08-20/feed_googlenews-municipio-chinchina.xml,feed comunitario googlenews-municipio-chinchina
2026-08-20T10:49:29Z,https://news.google.com/rss/search?q=%28%22terremoto%22+OR+%22sismo%22+OR+%22temblor%22%29+%22filadelfia%22+%22caldas%22&hl=es-CO&gl=CO&ceid=CO:es,200,9f65f7dc493ebaa8078ba9130c26cf03649c0b3653af04fae4301cb70ea12df6,65635,data/snapshots/2026-08-20/feed_googlenews-municipio-filadelfia.xml,feed comunitario googlenews-municipio-filadelfia
2026-08-20T10:49:30Z,https://news.google.com/rss/search?q=%28%22terremoto%22+OR+%22sismo%22+OR+%22temblor%22%29+%22marulanda%22+%22caldas%22&hl=es-CO&gl=CO&ceid=CO:es,200,3480190069867b13991bb5ba631224ec5f9f5b2c9a9dbf1bad719805d79932fb,81141,data/snapshots/2026-08-20/feed_googlenews-municipio-marulanda.xml,feed comunitario googlenews-municipio-marulanda
2026-08-20T10:49:30Z,https://news.google.com/rss/search?q=%28%22terremoto%22+OR+%22sismo%22+OR+%22temblor%22%29+%22palestina%22+%22caldas%22&hl=es-CO&gl=CO&ceid=CO:es,200,938bbf89eb5d30f28be5e7e441e5c25c49fe8e4729d5ce7f234457c492ddcf6c,90995,data/snapshots/2026-08-20/feed_googlenews-municipio-palestina.xml,feed comunitario googlenews-municipio-palestina
2026-08-20T10:49:30Z,https://news.google.com/rss/search?q=%28%22terremoto%22+OR+%22sismo%22+OR+%22temblor%22%29+%22pensilvania%22+%22caldas%22&hl=es-CO&gl=CO&ceid=CO:es,200,7a09fe609251bbdca9a2ea57771736ecb069eea7c775449a0aff49f16267398a,86762,data/snapshots/2026-08-20/feed_googlenews-municipio-pensilvania.xml,feed comunitario googlenews-municipio-pensilvania
2026-08-20T10:49:31Z,https://news.google.com/rss/search?q=%28%22terremoto%22+OR+%22sismo%22+OR+%22temblor%22%29+%22riosucio%22+%22caldas%22&hl=es-CO&gl=CO&ceid=CO:es,200,e695fc170e09c3d5f59eb499f3b36d3a9b1f37f0b1a8d6847b320aebee719cd7,92660,data/snapshots/2026-08-20/feed_googlenews-municipio-riosucio-caldas.xml,feed comunitario googlenews-municipio-riosucio-caldas
2026-08-20T10:49:31Z,https://news.google.com/rss/search?q=%28%22terremoto%22+OR+%22sismo%22+OR+%22temblor%22%29+%22san+jose%2C+caldas%22+%22caldas%22&hl=es-CO&gl=CO&ceid=CO:es,200,f7c085e5f61e8d37872bc7e7960725ff9573392589d1a1bf07d23573ad562a45,21123,data/snapshots/2026-08-20/feed_googlenews-municipio-san-jose.xml,feed comunitario googlenews-municipio-san-jose
2026-08-20T10:49:31Z,https://news.google.com/rss/search?q=%28%22terremoto%22+OR+%22sismo%22+OR+%22temblor%22%29+%22viterbo%22+%22caldas%22&hl=es-CO&gl=CO&ceid=CO:es,200,37660939ca70ba89ffd12fc48fb4e5a8423bcacf3863c2513a49e9f78d9dcf47,85567,data/snapshots/2026-08-20/feed_googlenews-municipio-viterbo.xml,feed comunitario googlenews-municipio-viterbo
2026-08-20T10:49:32Z,https://news.google.com/rss/search?q=%28%22terremoto%22+OR+%22sismo%22+OR+%22temblor%22%29+%22acandi%22+%22choco%22&hl=es-CO&gl=CO&ceid=CO:es,200,14e8db48d1fcbd79b76783114e47910ec7ebe87c611400544bd84a6bcf59bbe5,14492,data/snapshots/2026-08-20/feed_googlenews-municipio-acandi.xml,feed comunitario googlenews-municipio-acandi
2026-08-20T10:49:32Z,https://news.google.com/rss/search?q=%28%22terremoto%22+OR+%22sismo%22+OR+%22temblor%22%29+%22alto+baudo%22+%22choco%22&hl=es-CO&gl=CO&ceid=CO:es,200,51faacffa35a69cef0a57187d0e4de45eb4669fed962430fac211e733c32998a,53893,data/snapshots/2026-08-20/feed_googlenews-municipio-alto-baudo.xml,feed comunitario googlenews-municipio-alto-baudo
2026-08-20T10:49:32Z,https://news.google.com/rss/search?q=%28%22terremoto%22+OR+%22sismo%22+OR+%22temblor%22%29+%22bagado%22+%22choco%22&hl=es-CO&gl=CO&ceid=CO:es,200,108ee9200e0c58ce0418aa6df2a4114dee2fbc9b1af092d68810423cc99a7608,19774,data/snapshots/2026-08-20/feed_googlenews-municipio-bagado.xml,feed comunitario googlenews-municipio-bagado
2026-08-20T10:49:33Z,https://news.google.com/rss/search?q=%28%22terremoto%22+OR+%22sismo%22+OR+%22temblor%22%29+%22bahia+solano%22+%22choco%22&hl=es-CO&gl=CO&ceid=CO:es,200,d57431666a1f43ac0d7bc86e43a67e419dade1a901a72664c48cd21bb3247895,103397,data/snapshots/2026-08-20/feed_googlenews-municipio-bahia-solano.xml,feed comunitario googlenews-municipio-bahia-solano
2026-08-20T10:49:33Z,https://news.google.com/rss/search?q=%28%22terremoto%22+OR+%22sismo%22+OR+%22temblor%22%29+%22bajo+baudo%22+%22choco%22&hl=es-CO&gl=CO&ceid=CO:es,200,fa5acdc24756d4240aebd312eeca95038994f654f791ad8d88ee8e8ca1e8241a,90440,data/snapshots/2026-08-20/feed_googlenews-municipio-bajo-baudo.xml,feed comunitario googlenews-municipio-bajo-baudo
2026-08-20T10:49:33Z,https://news.google.com/rss/search?q=%28%22terremoto%22+OR+%22sismo%22+OR+%22temblor%22%29+%22condoto%22+%22choco%22&hl=es-CO&gl=CO&ceid=CO:es,200,312a646ccc0bd1b33dd4110f1d59f92739f91eade0cc736a080949b37e76ebed,69716,data/snapshots/2026-08-20/feed_googlenews-municipio-condoto.xml,feed comunitario googlenews-municipio-condoto
2026-08-20T10:49:34Z,https://news.google.com/rss/search?q=%28%22terremoto%22+OR+%22sismo%22+OR+%22temblor%22%29+%22el+carmen+de+atrato%22+%22choco%22&hl=es-CO&gl=CO&ceid=CO:es,200,65e79daadbc0e77b926f0393f00618692d8c8d96ccf8628613da4229fbecb555,36970,data/snapshots/2026-08-20/feed_googlenews-municipio-el-carmen-de-atrato.xml,feed comunitario googlenews-municipio-el-carmen-de-atrato
2026-08-20T10:49:34Z,https://news.google.com/rss/search?q=%28%22terremoto%22+OR+%22sismo%22+OR+%22temblor%22%29+%22el+litoral+del+san+juan%22+%22choco%22&hl=es-CO&gl=CO&ceid=CO:es,200,51b5d5d20219f7db0b152cee39fce396182000caa949e2c779648ee1e24a98b3,188464,data/snapshots/2026-08-20/feed_googlenews-municipio-el-litoral-del-san-juan.xml,feed comunitario googlenews-municipio-el-litoral-del-san-juan
2026-08-20T10:49:34Z,https://news.google.com/rss/search?q=%28%22terremoto%22+OR+%22sismo%22+OR+%22temblor%22%29+%22lloro%22+%22choco%22&hl=es-CO&gl=CO&ceid=CO:es,200,de827463821f32d89a95f329099be5a24800a0b7cd3467334c578dddde3bb69a,17062,data/snapshots/2026-08-20/feed_googlenews-municipio-lloro.xml,feed comunitario googlenews-municipio-lloro
2026-08-20T10:49:35Z,https://news.google.com/rss/search?q=%28%22terremoto%22+OR+%22sismo%22+OR+%22temblor%22%29+%22medio+atrato%22+%22choco%22&hl=es-CO&gl=CO&ceid=CO:es,200,762e08e5305fe1922c61a68a04d30cbaa72fe2914a0f8f319bd4de4472b16035,32914,data/snapshots/2026-08-20/feed_googlenews-municipio-medio-atrato.xml,feed comunitario googlenews-municipio-medio-atrato
2026-08-20T10:49:35Z,https://news.google.com/rss/search?q=%28%22terremoto%22+OR+%22sismo%22+OR+%22temblor%22%29+%22medio+baudo%22+%22choco%22&hl=es-CO&gl=CO&ceid=CO:es,200,cee5b04251a9e69023bd108858a45463884773d5a981ac3028129c6291fa986a,39522,data/snapshots/2026-08-20/feed_googlenews-municipio-medio-baudo.xml,feed comunitario googlenews-municipio-medio-baudo
2026-08-20T10:49:35Z,https://news.google.com/rss/search?q=%28%22terremoto%22+OR+%22sismo%22+OR+%22temblor%22%29+%22medio+san+juan%22+%22choco%22&hl=es-CO&gl=CO&ceid=CO:es,200,fac2ab85bc2aae249c3931179ba329782aa1118644a1c135d1254a4f41a696ce,59882,data/snapshots/2026-08-20/feed_googlenews-municipio-medio-san-juan.xml,feed comunitario googlenews-municipio-medio-san-juan
2026-08-20T10:49:35Z,https://news.google.com/rss/search?q=%28%22terremoto%22+OR+%22sismo%22+OR+%22temblor%22%29+%22nuqui%22+%22choco%22&hl=es-CO&gl=CO&ceid=CO:es,200,8bb8e671f68088b9ec3318979a930b7e1df030922f92a03af5fa124925931224,20458,data/snapshots/2026-08-20/feed_googlenews-municipio-nuqui.xml,feed comunitario googlenews-municipio-nuqui
2026-08-20T10:49:36Z,https://news.google.com/rss/search?q=%28%22terremoto%22+OR+%22sismo%22+OR+%22temblor%22%29+%22novita%22+%22choco%22&hl=es-CO&gl=CO&ceid=CO:es,200,28d00220131fec05e2197d5240e8c7e3481e195f7452707166a7148378888099,32035,data/snapshots/2026-08-20/feed_googlenews-municipio-novita.xml,feed comunitario googlenews-municipio-novita
2026-08-20T10:49:36Z,https://news.google.com/rss/search?q=%28%22terremoto%22+OR+%22sismo%22+OR+%22temblor%22%29+%22riosucio%22+%22choco%22&hl=es-CO&gl=CO&ceid=CO:es,200,504fb7fa26546ff07629d886fff325c8a066edea3ac8b1b5f7e777ab82d61967,68464,data/snapshots/2026-08-20/feed_googlenews-municipio-riosucio-choco.xml,feed comunitario googlenews-municipio-riosucio-choco
2026-08-20T10:49:36Z,https://news.google.com/rss/search?q=%28%22terremoto%22+OR+%22sismo%22+OR+%22temblor%22%29+%22rio+iro%22+%22choco%22&hl=es-CO&gl=CO&ceid=CO:es,200,0094011d3945cd3b99f3d95eae2c8c97813189943097311cf5194f4ff42b6871,44112,data/snapshots/2026-08-20/feed_googlenews-municipio-rio-iro.xml,feed comunitario googlenews-municipio-rio-iro
2026-08-20T10:49:37Z,https://news.google.com/rss/search?q=%28%22terremoto%22+OR+%22sismo%22+OR+%22temblor%22%29+%22sipi%22+%22choco%22&hl=es-CO&gl=CO&ceid=CO:es,200,2e5cc2702acf2be5decb81fe0822fec338b9cf4eb10ffc76d61315507e42796b,21287,data/snapshots/2026-08-20/feed_googlenews-municipio-sipi.xml,feed comunitario googlenews-municipio-sipi
2026-08-20T10:49:37Z,https://news.google.com/rss/search?q=%28%22terremoto%22+OR+%22sismo%22+OR+%22temblor%22%29+%22tado%22+%22choco%22&hl=es-CO&gl=CO&ceid=CO:es,200,0efa516b780239b2d7922d9b3600fd5aa83438ce920d5aabf286e7f759b6638c,45180,data/snapshots/2026-08-20/feed_googlenews-municipio-tado.xml,feed comunitario googlenews-municipio-tado
2026-08-20T10:49:37Z,https://news.google.com/rss/search?q=%28%22terremoto%22+OR+%22sismo%22+OR+%22temblor%22%29+%22apia%22+%22risaralda%22&hl=es-CO&gl=CO&ceid=CO:es,200,38bfb980031c73cbd1182b706fc462c60cda4b288263fa6fd654761b281c47f9,22523,data/snapshots/2026-08-20/feed_googlenews-municipio-apia.xml,feed comunitario googlenews-municipio-apia
2026-08-20T10:49:38Z,https://news.google.com/rss/search?q=%28%22terremoto%22+OR+%22sismo%22+OR+%22temblor%22%29+%22balboa%22+%22risaralda%22&hl=es-CO&gl=CO&ceid=CO:es,200,0fbabbc8d3daaa7cecce1b9c8df46422ed3949002bb0b8284088ad09a1d62852,67086,data/snapshots/2026-08-20/feed_googlenews-municipio-balboa.xml,feed comunitario googlenews-municipio-balboa
2026-08-20T10:49:38Z,https://news.google.com/rss/search?q=%28%22terremoto%22+OR+%22sismo%22+OR+%22temblor%22%29+%22belen+de+umbria%22+%22risaralda%22&hl=es-CO&gl=CO&ceid=CO:es,200,659c9cb720f63b8a454ce5671cfa1e727419113b1604ebbab3f8536ec7c2b1f9,107302,data/snapshots/2026-08-20/feed_googlenews-municipio-belen-de-umbria.xml,feed comunitario googlenews-municipio-belen-de-umbria
2026-08-20T10:49:38Z,https://news.google.com/rss/search?q=%28%22terremoto%22+OR+%22sismo%22+OR+%22temblor%22%29+%22guatica%22+%22risaralda%22&hl=es-CO&gl=CO&ceid=CO:es,200,65704ed5366fd0924c707d740bd7086c9a4cbe5c09f24e00b287a41f0e6be40b,18513,data/snapshots/2026-08-20/feed_googlenews-municipio-guatica.xml,feed comunitario googlenews-municipio-guatica
2026-08-20T10:49:39Z,https://news.google.com/rss/search?q=%28%22terremoto%22+OR+%22sismo%22+OR+%22temblor%22%29+%22la+celia%22+%22risaralda%22&hl=es-CO&gl=CO&ceid=CO:es,200,e3647d956b28c1cabd25858203efc11e41fab863abf4dce9f094a894d250c039,43470,data/snapshots/2026-08-20/feed_googlenews-municipio-la-celia.xml,feed comunitario googlenews-municipio-la-celia
2026-08-20T10:49:39Z,https://news.google.com/rss/search?q=%28%22terremoto%22+OR+%22sismo%22+OR+%22temblor%22%29+%22la+virginia%22+%22risaralda%22&hl=es-CO&gl=CO&ceid=CO:es,200,7450da15633f0f6043933e46bea6e699e9e07db160904ff48fc4cb71b79e342f,111953,data/snapshots/2026-08-20/feed_googlenews-municipio-la-virginia.xml,feed comunitario googlenews-municipio-la-virginia
2026-08-20T10:49:39Z,https://news.google.com/rss/search?q=%28%22terremoto%22+OR+%22sismo%22+OR+%22temblor%22%29+%22marsella%22+%22risaralda%22&hl=es-CO&gl=CO&ceid=CO:es,200,c7a6f170b4566bd63b29641a263c133d34f965befbe5ffca568a9ee7fe468f03,88757,data/snapshots/2026-08-20/feed_googlenews-municipio-marsella.xml,feed comunitario googlenews-municipio-marsella
2026-08-20T10:49:40Z,https://news.google.com/rss/search?q=%28%22terremoto%22+OR+%22sismo%22+OR+%22temblor%22%29+%22mistrato%22+%22risaralda%22&hl=es-CO&gl=CO&ceid=CO:es,200,397a9e4574db24fa9fae1f1f710a8ef82612a45a61bf67af5057b8dbb49f9408,17864,data/snapshots/2026-08-20/feed_googlenews-municipio-mistrato.xml,feed comunitario googlenews-municipio-mistrato
2026-08-20T10:49:40Z,https://news.google.com/rss/search?q=%28%22terremoto%22+OR+%22sismo%22+OR+%22temblor%22%29+%22pueblo+rico%22+%22risaralda%22&hl=es-CO&gl=CO&ceid=CO:es,200,de376f9aaaf81a788aab16082a505ff27b26abbdce10ac1b7cf7b0b371183d3a,95826,data/snapshots/2026-08-20/feed_googlenews-municipio-pueblo-rico.xml,feed comunitario googlenews-municipio-pueblo-rico
2026-08-20T10:49:40Z,https://news.google.com/rss/search?q=%28%22terremoto%22+OR+%22sismo%22+OR+%22temblor%22%29+%22quinchia%22+%22risaralda%22&hl=es-CO&gl=CO&ceid=CO:es,200,cde1852913498a498776d7189d1f7c2a8e709b53c6919ea5ed09428742a78e66,22544,data/snapshots/2026-08-20/feed_googlenews-municipio-quinchia.xml,feed comunitario googlenews-municipio-quinchia
2026-08-20T10:49:40Z,https://news.google.com/rss/search?q=%28%22terremoto%22+OR+%22sismo%22+OR+%22temblor%22%29+%22santuario%22+%22risaralda%22&hl=es-CO&gl=CO&ceid=CO:es,200,aba93d2684ee201ed859a0ffab89cf7051448757aa722450069a333c611f0ddc,92112,data/snapshots/2026-08-20/feed_googlenews-municipio-santuario.xml,feed comunitario googlenews-municipio-santuario
2026-08-20T10:49:41Z,https://news.google.com/rss/search?q=%28%22terremoto%22+OR+%22sismo%22+OR+%22temblor%22%29+%22alcala%22+%22valle+del+cauca%22&hl=es-CO&gl=CO&ceid=CO:es,200,66217243b4a7dc9f6277842376eb046bd0d35906b0784e56240886afb70c7e73,23321,data/snapshots/2026-08-20/feed_googlenews-municipio-alcala.xml,feed comunitario googlenews-municipio-alcala
2026-08-20T10:49:41Z,https://news.google.com/rss/search?q=%28%22terremoto%22+OR+%22sismo%22+OR+%22temblor%22%29+%22andalucia%22+%22valle+del+cauca%22&hl=es-CO&gl=CO&ceid=CO:es,200,20a66131247d2e159a79d6cfeae670fe092e6ed9dd3f5891dc45fc90783dd108,41907,data/snapshots/2026-08-20/feed_googlenews-municipio-andalucia.xml,feed comunitario googlenews-municipio-andalucia
2026-08-20T10:49:41Z,https://news.google.com/rss/search?q=%28%22terremoto%22+OR+%22sismo%22+OR+%22temblor%22%29+%22ansermanuevo%22+%22valle+del+cauca%22&hl=es-CO&gl=CO&ceid=CO:es,200,5a01e0172f067e5ec06a21f194544be47649de701d0928e9ca7be42c4d814684,124605,data/snapshots/2026-08-20/feed_googlenews-municipio-ansermanuevo.xml,feed comunitario googlenews-municipio-ansermanuevo
2026-08-20T10:49:42Z,https://news.google.com/rss/search?q=%28%22terremoto%22+OR+%22sismo%22+OR+%22temblor%22%29+%22candelaria%22+%22valle+del+cauca%22&hl=es-CO&gl=CO&ceid=CO:es,200,efd80eecec20c748868209b57336f132a74ad167aa37c398033fc589ef3ea378,114975,data/snapshots/2026-08-20/feed_googlenews-municipio-candelaria.xml,feed comunitario googlenews-municipio-candelaria
2026-08-20T10:49:42Z,https://news.google.com/rss/search?q=%28%22terremoto%22+OR+%22sismo%22+OR+%22temblor%22%29+%22el+dovio%22+%22valle+del+cauca%22&hl=es-CO&gl=CO&ceid=CO:es,200,d898b7bf13386ae82931b24d2fcc6a008df279b261f971a111cc481bf5b4183d,168674,data/snapshots/2026-08-20/feed_googlenews-municipio-el-dovio.xml,feed comunitario googlenews-municipio-el-dovio
2026-08-20T10:49:42Z,https://news.google.com/rss/search?q=%28%22terremoto%22+OR+%22sismo%22+OR+%22temblor%22%29+%22el+aguila%22+%22valle+del+cauca%22&hl=es-CO&gl=CO&ceid=CO:es,200,d74ed40d117d5a5b5a2e99c70f4db99edd6fb6c7fa31dfca6ec2812b6cdce6b5,214507,data/snapshots/2026-08-20/feed_googlenews-municipio-el-aguila.xml,feed comunitario googlenews-municipio-el-aguila
2026-08-20T10:49:43Z,https://news.google.com/rss/search?q=%28%22terremoto%22+OR+%22sismo%22+OR+%22temblor%22%29+%22ginebra%22+%22valle+del+cauca%22&hl=es-CO&gl=CO&ceid=CO:es,200,b26de627a8c327ea3c7bd5a147f372cfa6dab8098982cb4f4a0b53d0e5b57318,114474,data/snapshots/2026-08-20/feed_googlenews-municipio-ginebra.xml,feed comunitario googlenews-municipio-ginebra
2026-08-20T10:49:43Z,https://news.google.com/rss/search?q=%28%22terremoto%22+OR+%22sismo%22+OR+%22temblor%22%29+%22guacari%22+%22valle+del+cauca%22&hl=es-CO&gl=CO&ceid=CO:es,200,c970e3f2215d076471186310fd360fb3735fd9379f295420dcc0becc60f70098,34395,data/snapshots/2026-08-20/feed_googlenews-municipio-guacari.xml,feed comunitario googlenews-municipio-guacari
2026-08-20T10:49:43Z,https://news.google.com/rss/search?q=%28%22terremoto%22+OR+%22sismo%22+OR+%22temblor%22%29+%22la+cumbre%22+%22valle+del+cauca%22&hl=es-CO&gl=CO&ceid=CO:es,200,bfacb17a3550f5931199198eb0848b4105a8480fd1bc2a615973e4fa9bb224e5,104103,data/snapshots/2026-08-20/feed_googlenews-municipio-la-cumbre.xml,feed comunitario googlenews-municipio-la-cumbre
2026-08-20T10:49:44Z,https://news.google.com/rss/search?q=%28%22terremoto%22+OR+%22sismo%22+OR+%22temblor%22%29+%22la+victoria%22+%22valle+del+cauca%22&hl=es-CO&gl=CO&ceid=CO:es,200,3ab0c25a0a9c68c2b80019551c3563fed926b3a0ebfe2c3666ec032e368f619d,183285,data/snapshots/2026-08-20/feed_googlenews-municipio-la-victoria.xml,feed comunitario googlenews-municipio-la-victoria
2026-08-20T10:49:44Z,https://news.google.com/rss/search?q=%28%22terremoto%22+OR+%22sismo%22+OR+%22temblor%22%29+%22obando%22+%22valle+del+cauca%22&hl=es-CO&gl=CO&ceid=CO:es,200,a02a19cae8731761f21a907def12c89e58e7488e7f69b9b52bfecf4efa84d0b5,108065,data/snapshots/2026-08-20/feed_googlenews-municipio-obando.xml,feed comunitario googlenews-municipio-obando
2026-08-20T10:49:45Z,https://news.google.com/rss/search?q=%28%22terremoto%22+OR+%22sismo%22+OR+%22temblor%22%29+%22restrepo%22+%22valle+del+cauca%22&hl=es-CO&gl=CO&ceid=CO:es,200,d38d020649f94bc9eafa55990419f1a08751977a245890d75fc8049b3bbc6100,122834,data/snapshots/2026-08-20/feed_googlenews-municipio-restrepo.xml,feed comunitario googlenews-municipio-restrepo
2026-08-20T10:49:45Z,https://news.google.com/rss/search?q=%28%22terremoto%22+OR+%22sismo%22+OR+%22temblor%22%29+%22san+pedro%22+%22valle+del+cauca%22&hl=es-CO&gl=CO&ceid=CO:es,200,d08c1b318202487ad473214f3e6c4ace30080d5baa4cd4a31a84392f3af82cda,106506,data/snapshots/2026-08-20/feed_googlenews-municipio-san-pedro.xml,feed comunitario googlenews-municipio-san-pedro
2026-08-20T10:49:46Z,https://news.google.com/rss/search?q=%28%22terremoto%22+OR+%22sismo%22+OR+%22temblor%22%29+%22toro%22+%22valle+del+cauca%22&hl=es-CO&gl=CO&ceid=CO:es,200,b3581e22c8b4624cb1106fa4d18f44e625403b512c31bac36bb527fab67c2990,202888,data/snapshots/2026-08-20/feed_googlenews-municipio-toro.xml,feed comunitario googlenews-municipio-toro
2026-08-20T10:49:46Z,https://news.google.com/rss/search?q=%28%22terremoto%22+OR+%22sismo%22+OR+%22temblor%22%29+%22ulloa%22+%22valle+del+cauca%22&hl=es-CO&gl=CO&ceid=CO:es,200,09e310092803ab363717732892a956e7b5ba1b8214c2cde819ab56a35c823573,97660,data/snapshots/2026-08-20/feed_googlenews-municipio-ulloa.xml,feed comunitario googlenews-municipio-ulloa
2026-08-20T10:49:46Z,https://news.google.com/rss/search?q=%28%22terremoto%22+OR+%22sismo%22+OR+%22temblor%22%29+%22versalles%22+%22valle+del+cauca%22&hl=es-CO&gl=CO&ceid=CO:es,200,e1364e32a1a8c8b6a3268abf569bdc92905b612b64fd863f312510afd42f71f8,86874,data/snapshots/2026-08-20/feed_googlenews-municipio-versalles.xml,feed comunitario googlenews-municipio-versalles
2026-08-20T10:49:47Z,https://news.google.com/rss/search?q=%28%22terremoto%22+OR+%22sismo%22+OR+%22temblor%22%29+%22yotoco%22+%22valle+del+cauca%22&hl=es-CO&gl=CO&ceid=CO:es,200,c52dc096b38342a1c3184be827657dba40e56a500020a2c6b242eea43c2df2a1,93422,data/snapshots/2026-08-20/feed_googlenews-municipio-yotoco.xml,feed comunitario googlenews-municipio-yotoco
2026-08-20T10:49:48Z,https://monitor-terremoto-colombia-oficiales-ai.inforesidencias.workers.dev/oficiales.json,200,47eedaee54dad5493220a15fe16b191d9c302032aafe2eeb2147512e7e4f30bb,101169,data/snapshots/2026-08-20/oficiales_feed.json,alerts balances
2026-08-21T07:10:56Z,https://sertit.unistra.fr/cartographie-rapide/cartoaction/845/,200,c2d512cf0568e8fe2a180b4f71457a974344a860c66d6078faaa82b09e7acdb7,127475,data/snapshots/2026-08-21/sertit_cartoaction_845.html,sertit acción 845
2026-08-21T07:10:56Z,https://sertit.unistra.fr/cartographie-rapide/cartoproduct/3247/,\N,eacfe51d221d16912605deb349bfc006c24421879aa8db1d5ad7967f4cea92f5,20892,data/documentos/sertit/20260812_CHARTER_Call1202_ID1048_AOI15_Colombia_LaVirginia_ImpactMap_ICube-SERTIT_vectors.zip,"entrega fuera de banda: vectores de ICube-SERTIT recibidos por correo el 2026-08-21, tras solicitud del 2026-08-20"
2026-08-21T07:10:56Z,https://sertit.unistra.fr/cartographie-rapide/cartoproduct/3245/,\N,45652401331b05936c218c4fe29777f061da600daaef6e63f46c5cb7665043e9,69938,data/documentos/sertit/CHARTER_CALL1202_ID1048_AOI05_COLOMBIA_MANIZALES_IMPACTMAP_20260810_SCALE3000_A1_ICube-SERTIT_en_vectors.zip,"entrega fuera de banda: vectores de ICube-SERTIT recibidos por correo el 2026-08-21, tras solicitud del 2026-08-20"
2026-08-21T07:10:56Z,https://sertit.unistra.fr/cartographie-rapide/cartoproduct/3244/,\N,1bb3d8ca195d626bea942b16e6e64ca8ef606cd2ce85c2d120081ebaacba6aba,47539,data/documentos/sertit/CHARTER_CALL1202_ID1048_AOI05_COLOMBIA_PEREIRA_IMPACTMAP_20260810_SCALE3000_A1_ICube-SERTIT_en_vectors.zip,"entrega fuera de banda: vectores de ICube-SERTIT recibidos por correo el 2026-08-21, tras solicitud del 2026-08-20"
2026-08-21T07:10:56Z,https://sertit.unistra.fr/cartographie-rapide/cartoproduct/3246/,\N,30f81bb1cf985789e6cd8a53f964f75e19203f150ab65e91589800a7ba3f0db3,63952,data/documentos/sertit/CHARTER_CALL1202_ID1048_AOI07_COLOMBIA_CALI_IMPACTMAP_20260810_SCALE7500_A1_ICube-SERTIT_en_vectors.zip,"entrega fuera de banda: vectores de ICube-SERTIT recibidos por correo el 2026-08-21, tras solicitud del 2026-08-20"
2026-08-21T07:10:56Z,https://sertit.unistra.fr/cartographie-rapide/cartoproduct/3248/,\N,b715b82f5fa554cd6084941926015596c2b1fb356f51cc7cdb6bffd450a0c160,39768,data/documentos/sertit/CHARTER_CALL1202_ID1048_AOI19_COLOMBIA_ROLDANILLO_IMPACTMAP_20260813_SCALE5000_A1_ICube-SERTIT_en_vectors.zip,"entrega fuera de banda: vectores de ICube-SERTIT recibidos por correo el 2026-08-21, tras solicitud del 2026-08-20"
2026-08-21T07:11:14Z,https://monitor-terremoto-colombia-oficiales-ai.inforesidencias.workers.dev/oficiales.json,200,2f216679b7ae7069a72c29afd5b3f6f4118004d6bf3680022f23a3f024bae2ab,107957,data/snapshots/2026-08-21/oficiales_feed.json,alerts balances
2026-08-21T07:12:00Z,https://unosat.org/our_products/,200,034bb930d73199c6fab5d994392b18b61e5d5683b3c2c7cc5c6c46616d8d8084,8085,data/snapshots/2026-08-21/unosat_products.json,unosat listado
2026-08-21T07:12:01Z,https://unosat.org/our_products/4250,200,9b323c0e6886ed953792e5906274bb90b8f5538b4f8d66dff0b89ca77ce33b79,3002,data/snapshots/2026-08-21/unosat_product_4250.json,unosat producto 4250
2026-08-21T07:12:01Z,https://unosat.org/static/unosat_filesystem/4250/EQ20260810COL_SHP.zip,200,a92d568163cacf20af8f012f00c25d147c8cdd2f14364e66b8a4b49e715abd0d,75153,data/snapshots/2026-08-21/unosat_shapefiles.zip,unosat shapefiles 4250
2026-08-21T07:12:01Z,https://unosat.org/our_products/4251,200,8a47fe3cbacec794808291eabd279917355710a28d8eefc3c885f59ca4181b33,3169,data/snapshots/2026-08-21/unosat_product_4251.json,unosat producto 4251
2026-08-21T07:12:02Z,https://unosat.org/static/unosat_filesystem/4251/EQ20260810COL_SHP.zip,200,a92d568163cacf20af8f012f00c25d147c8cdd2f14364e66b8a4b49e715abd0d,75153,data/snapshots/2026-08-21/unosat_shapefiles.zip,unosat shapefiles 4251
2026-08-21T07:12:02Z,https://unosat.org/our_products/4252,200,c021fa3246655d87ad59a4c8535d4e0b023dba044c79413ae927f7d5f0485c57,3172,data/snapshots/2026-08-21/unosat_product_4252.json,unosat producto 4252
2026-08-21T07:12:02Z,https://unosat.org/static/unosat_filesystem/4252/EQ20260810COL_SHP.zip,200,a92d568163cacf20af8f012f00c25d147c8cdd2f14364e66b8a4b49e715abd0d,75153,data/snapshots/2026-08-21/unosat_shapefiles.zip,unosat shapefiles 4252
2026-08-21T07:12:03Z,https://unosat.org/our_products/4253,200,7dea3f4dba17bc9c6b97f5ea132eeac79071d564f6c3704e37d0a2aa09f04158,2985,data/snapshots/2026-08-21/unosat_product_4253.json,unosat producto 4253
2026-08-21T07:12:03Z,https://unosat.org/static/unosat_filesystem/4253/EQ20260810COL_SHP.zip,200,a92d568163cacf20af8f012f00c25d147c8cdd2f14364e66b8a4b49e715abd0d,75153,data/snapshots/2026-08-21/unosat_shapefiles.zip,unosat shapefiles 4253
2026-08-21T07:12:03Z,https://unosat.org/our_products/4254,200,94eb9584ae3eb133211eb8e932342bfca5e29f53f3d5ffb98e3004d86e138461,3263,data/snapshots/2026-08-21/unosat_product_4254.json,unosat producto 4254
2026-08-21T07:12:04Z,https://unosat.org/static/unosat_filesystem/4254/EQ20260810COL_SHP.zip,200,a92d568163cacf20af8f012f00c25d147c8cdd2f14364e66b8a4b49e715abd0d,75153,data/snapshots/2026-08-21/unosat_shapefiles.zip,unosat shapefiles 4254
2026-08-21T07:12:53Z,https://sertit.unistra.fr/cartographie-rapide/cartoaction/845/,200,c2d512cf0568e8fe2a180b4f71457a974344a860c66d6078faaa82b09e7acdb7,127475,data/snapshots/2026-08-21/sertit_cartoaction_845.html,sertit acción 845
2026-08-21T07:13:12Z,https://monitor-terremoto-colombia-oficiales-ai.inforesidencias.workers.dev/oficiales.json,200,2f216679b7ae7069a72c29afd5b3f6f4118004d6bf3680022f23a3f024bae2ab,107957,data/snapshots/2026-08-21/oficiales_feed.json,alerts balances
2026-08-21T07:24:40Z,https://news.google.com/rss/search?q=%22terremoto%22+%22colombia%22&hl=es-CO&gl=CO&ceid=CO:es,200,eeb939c952b6b0cd8571c2b7a0ba29520ba2b9ddbf75b29a9a377d34be70b7c0,222159,\N,sonda de supuesto
2026-08-21T07:24:40Z,https://news.google.com/rss/search?q=%22terremoto%22+%22colombia%22&hl=es-CO&gl=CO&ceid=CO:es,200,eeb939c952b6b0cd8571c2b7a0ba29520ba2b9ddbf75b29a9a377d34be70b7c0,222159,\N,sonda de supuesto
2026-08-21T07:24:41Z,https://rapidmapping.emergency.copernicus.eu/backend/dashboard-api/public-activations/,200,1fee0691a0e23855c9e78aacbc91a2890a8f33a7d9470d4423b108672df8df72,49,\N,sonda de supuesto
2026-08-21T07:24:41Z,https://rapidmapping.emergency.copernicus.eu/backend/dashboard-api/public-activations/?code=EMSR916,200,168c0f8276380024f92a7f51014f4405b9614756477c198587317740d8d6437c,41783,\N,sonda de supuesto
2026-08-21T07:24:41Z,https://rapidmapping.emergency.copernicus.eu/backend/dashboard-api/public-activations/?code=EMSR700,403,dbff0849bc109eee7f9b7b1fe12e40fc8add21823b2f1fb600b37f620cbd7862,58,\N,sonda de supuesto
2026-08-21T07:24:42Z,https://rapidmapping.emergency.copernicus.eu/backend/dashboard-api/public-activations/?code=EMSR916,200,168c0f8276380024f92a7f51014f4405b9614756477c198587317740d8d6437c,41783,\N,sonda de supuesto
2026-08-21T07:24:42Z,https://rapidmapping.emergency.copernicus.eu/backend/dashboard-api/public-activations/?code=EMSR916,200,168c0f8276380024f92a7f51014f4405b9614756477c198587317740d8d6437c,41783,\N,sonda de supuesto
2026-08-21T07:24:43Z,https://chatmap.hotosm.org/api/v1/map/89319bbb-a14a-4dfd-b9a1-c83b8b55785f,200,e2209616358f19b60f7befab9d6721747467ffe8c8413136d0ad990d707cf68f,230143,\N,sonda de supuesto
2026-08-21T07:24:44Z,https://earthquake.usgs.gov/fdsnws/event/1/query?eventid=us6000tjl2&format=geojson,200,9d9cdecb620491ca9cbe064e908ccd83d5fd2834fa02de0c80d83c4219ae9cd5,67044,\N,sonda de supuesto
2026-08-21T07:24:47Z,https://www.gdacs.org/gdacsapi/api/emm/getemmnewsbykey?eventtype=EQ&eventid=1557236,200,aa7a9d5babdd820d0c916c86a8f91b6ce87ada33a6e704b69847e6bf2b1853c4,1175678,\N,sonda de supuesto
2026-08-21T07:24:48Z,https://services2.arcgis.com/YVLx8xYoDXKccDfJ/arcgis/rest/services/REGISTRO_DE_EMERGENCIAS_EN_COLOMBIA/FeatureServer/0/query?where=1%3D1&f=json&resultRecordCount=1&outFields=MUERTOS%2CVIV_DESTRU%2CMUNICIPIO,200,3ef63243668bc2e5a8f8bcab749740625edf1fe451ff82e7c01ba5360471d382,792,\N,sonda de supuesto
2026-08-21T07:24:50Z,https://www.datos.gov.co/resource/wwkg-r6te.json?%24select=max%28fecha%29,200,9e69438b2fabe535e37608812d936a433f81bc015a63069d8b9bfb9b24644dfa,42,\N,sonda de supuesto
2026-08-21T07:24:54Z,https://rud.gestiondelriesgo.gov.co/home/json.php?temp=2026T,200,50657328b61c60f1607fc92486e1487aea2492f15b2be4236c2a1e28b7f31418,32843,\N,sonda de supuesto
2026-08-21T07:24:57Z,https://sertit.unistra.fr/cartographie-rapide/cartoaction/845/,200,c2d512cf0568e8fe2a180b4f71457a974344a860c66d6078faaa82b09e7acdb7,127475,\N,sonda de supuesto
2026-08-21T07:25:00Z,https://sertit.unistra.fr/wp-json/rms/v1/actions,404,cdc172d4a405ed4970eb9d2519f6806565d71efb70a326c30152b0183db7622d,183,\N,sonda de supuesto
2026-08-21T07:25:00Z,https://unosat.org/our_products/4253,200,7dea3f4dba17bc9c6b97f5ea132eeac79071d564f6c3704e37d0a2aa09f04158,2985,\N,sonda de supuesto
2026-08-21T07:25:00Z,https://unosat.org/our_products/,200,034bb930d73199c6fab5d994392b18b61e5d5683b3c2c7cc5c6c46616d8d8084,8085,\N,sonda de supuesto
2026-08-21T07:25:01Z,https://unosat.org/our_products/?glide=EQ20260810COL,200,034bb930d73199c6fab5d994392b18b61e5d5683b3c2c7cc5c6c46616d8d8084,8085,\N,sonda de supuesto
2026-08-21T07:25:01Z,https://unosat.org/our_products/,200,034bb930d73199c6fab5d994392b18b61e5d5683b3c2c7cc5c6c46616d8d8084,8085,\N,sonda de supuesto
2026-08-21T07:25:02Z,https://unosat.org/static/unosat_filesystem/4251/EQ20260810COL_SHP.zip,200,a92d568163cacf20af8f012f00c25d147c8cdd2f14364e66b8a4b49e715abd0d,75153,\N,sonda de supuesto
2026-08-21T07:25:02Z,https://unosat.org/static/unosat_filesystem/4253/EQ20260810COL_SHP.zip,200,a92d568163cacf20af8f012f00c25d147c8cdd2f14364e66b8a4b49e715abd0d,75153,\N,sonda de supuesto
2026-08-21T07:25:09Z,https://news.google.com/rss/search?q=%22terremoto%22+%22colombia%22&hl=es-CO&gl=CO&ceid=CO:es,200,eeb939c952b6b0cd8571c2b7a0ba29520ba2b9ddbf75b29a9a377d34be70b7c0,222159,\N,sonda de supuesto
2026-08-21T07:25:09Z,https://news.google.com/rss/search?q=%22terremoto%22+%22colombia%22&hl=es-CO&gl=CO&ceid=CO:es,200,eeb939c952b6b0cd8571c2b7a0ba29520ba2b9ddbf75b29a9a377d34be70b7c0,222159,\N,sonda de supuesto
2026-08-21T07:25:10Z,https://rapidmapping.emergency.copernicus.eu/backend/dashboard-api/public-activations/,200,1fee0691a0e23855c9e78aacbc91a2890a8f33a7d9470d4423b108672df8df72,49,\N,sonda de supuesto
2026-08-21T07:25:10Z,https://rapidmapping.emergency.copernicus.eu/backend/dashboard-api/public-activations/?code=EMSR916,200,168c0f8276380024f92a7f51014f4405b9614756477c198587317740d8d6437c,41783,\N,sonda de supuesto
2026-08-21T07:25:11Z,https://rapidmapping.emergency.copernicus.eu/backend/dashboard-api/public-activations/?code=EMSR700,403,dbff0849bc109eee7f9b7b1fe12e40fc8add21823b2f1fb600b37f620cbd7862,58,\N,sonda de supuesto
2026-08-21T07:25:12Z,https://rapidmapping.emergency.copernicus.eu/backend/dashboard-api/public-activations/?code=EMSR916,200,168c0f8276380024f92a7f51014f4405b9614756477c198587317740d8d6437c,41783,\N,sonda de supuesto
2026-08-21T07:25:12Z,https://rapidmapping.emergency.copernicus.eu/backend/dashboard-api/public-activations/?code=EMSR916,200,168c0f8276380024f92a7f51014f4405b9614756477c198587317740d8d6437c,41783,\N,sonda de supuesto
2026-08-21T07:25:13Z,https://chatmap.hotosm.org/api/v1/map/89319bbb-a14a-4dfd-b9a1-c83b8b55785f,200,e2209616358f19b60f7befab9d6721747467ffe8c8413136d0ad990d707cf68f,230143,\N,sonda de supuesto
2026-08-21T07:25:13Z,https://earthquake.usgs.gov/fdsnws/event/1/query?eventid=us6000tjl2&format=geojson,200,9d9cdecb620491ca9cbe064e908ccd83d5fd2834fa02de0c80d83c4219ae9cd5,67044,\N,sonda de supuesto
2026-08-21T07:25:35Z,https://www.gdacs.org/gdacsapi/api/emm/getemmnewsbykey?eventtype=EQ&eventid=1557236,200,aa7a9d5babdd820d0c916c86a8f91b6ce87ada33a6e704b69847e6bf2b1853c4,1175678,\N,sonda de supuesto
2026-08-21T07:25:36Z,https://services2.arcgis.com/YVLx8xYoDXKccDfJ/arcgis/rest/services/REGISTRO_DE_EMERGENCIAS_EN_COLOMBIA/FeatureServer/0/query?where=1%3D1&f=json&resultRecordCount=1&outFields=MUERTOS%2CVIV_DESTRU%2CMUNICIPIO,200,3ef63243668bc2e5a8f8bcab749740625edf1fe451ff82e7c01ba5360471d382,792,\N,sonda de supuesto
2026-08-21T07:25:36Z,https://www.datos.gov.co/resource/wwkg-r6te.json?%24select=max%28fecha%29,200,9e69438b2fabe535e37608812d936a433f81bc015a63069d8b9bfb9b24644dfa,42,\N,sonda de supuesto
2026-08-21T07:25:41Z,https://rud.gestiondelriesgo.gov.co/home/json.php?temp=2026T,200,50657328b61c60f1607fc92486e1487aea2492f15b2be4236c2a1e28b7f31418,32843,\N,sonda de supuesto
2026-08-21T07:25:45Z,https://sertit.unistra.fr/cartographie-rapide/cartoaction/845/,200,c2d512cf0568e8fe2a180b4f71457a974344a860c66d6078faaa82b09e7acdb7,127475,\N,sonda de supuesto
2026-08-21T07:25:47Z,https://sertit.unistra.fr/wp-json/rms/v1/actions,404,cdc172d4a405ed4970eb9d2519f6806565d71efb70a326c30152b0183db7622d,183,\N,sonda de supuesto
2026-08-21T07:25:48Z,https://unosat.org/our_products/4253,200,7dea3f4dba17bc9c6b97f5ea132eeac79071d564f6c3704e37d0a2aa09f04158,2985,\N,sonda de supuesto
2026-08-21T07:25:48Z,https://unosat.org/our_products/,200,034bb930d73199c6fab5d994392b18b61e5d5683b3c2c7cc5c6c46616d8d8084,8085,\N,sonda de supuesto
2026-08-21T07:25:48Z,https://unosat.org/our_products/?glide=EQ20260810COL,200,034bb930d73199c6fab5d994392b18b61e5d5683b3c2c7cc5c6c46616d8d8084,8085,\N,sonda de supuesto
2026-08-21T07:25:49Z,https://unosat.org/our_products/,200,034bb930d73199c6fab5d994392b18b61e5d5683b3c2c7cc5c6c46616d8d8084,8085,\N,sonda de supuesto
2026-08-21T07:25:49Z,https://unosat.org/static/unosat_filesystem/4251/EQ20260810COL_SHP.zip,200,a92d568163cacf20af8f012f00c25d147c8cdd2f14364e66b8a4b49e715abd0d,75153,\N,sonda de supuesto
2026-08-21T07:25:49Z,https://unosat.org/static/unosat_filesystem/4253/EQ20260810COL_SHP.zip,200,a92d568163cacf20af8f012f00c25d147c8cdd2f14364e66b8a4b49e715abd0d,75153,\N,sonda de supuesto
2026-08-21T07:26:53Z,https://news.google.com/rss/search?q=%22terremoto%22+%22colombia%22&hl=es-CO&gl=CO&ceid=CO:es,200,130b046bcbad6248d4e5b4f1e9cf07df4f5782229f639c5834da6cc3a3966b89,225730,\N,sonda de supuesto
2026-08-21T07:26:53Z,https://news.google.com/rss/search?q=%22terremoto%22+%22colombia%22&hl=es-CO&gl=CO&ceid=CO:es,200,130b046bcbad6248d4e5b4f1e9cf07df4f5782229f639c5834da6cc3a3966b89,225730,\N,sonda de supuesto
2026-08-21T07:26:59Z,https://rapidmapping.emergency.copernicus.eu/backend/dashboard-api/public-activations/,200,1fee0691a0e23855c9e78aacbc91a2890a8f33a7d9470d4423b108672df8df72,49,\N,sonda de supuesto
2026-08-21T07:27:07Z,https://rapidmapping.emergency.copernicus.eu/backend/dashboard-api/public-activations/?code=EMSR916,200,168c0f8276380024f92a7f51014f4405b9614756477c198587317740d8d6437c,41783,\N,sonda de supuesto
2026-08-21T07:27:18Z,https://rapidmapping.emergency.copernicus.eu/backend/dashboard-api/public-activations/?code=EMSR700,403,dbff0849bc109eee7f9b7b1fe12e40fc8add21823b2f1fb600b37f620cbd7862,58,\N,sonda de supuesto
2026-08-21T07:27:30Z,https://rapidmapping.emergency.copernicus.eu/backend/dashboard-api/public-activations/?code=EMSR916,200,168c0f8276380024f92a7f51014f4405b9614756477c198587317740d8d6437c,41783,\N,sonda de supuesto
2026-08-21T07:27:43Z,https://rapidmapping.emergency.copernicus.eu/backend/dashboard-api/public-activations/?code=EMSR916,200,168c0f8276380024f92a7f51014f4405b9614756477c198587317740d8d6437c,41783,\N,sonda de supuesto
2026-08-21T07:27:44Z,https://chatmap.hotosm.org/api/v1/map/89319bbb-a14a-4dfd-b9a1-c83b8b55785f,200,e2209616358f19b60f7befab9d6721747467ffe8c8413136d0ad990d707cf68f,230143,\N,sonda de supuesto
2026-08-21T07:27:45Z,https://earthquake.usgs.gov/fdsnws/event/1/query?eventid=us6000tjl2&format=geojson,200,9d9cdecb620491ca9cbe064e908ccd83d5fd2834fa02de0c80d83c4219ae9cd5,67044,\N,sonda de supuesto
2026-08-21T07:27:49Z,https://www.gdacs.org/gdacsapi/api/emm/getemmnewsbykey?eventtype=EQ&eventid=1557236,200,aa7a9d5babdd820d0c916c86a8f91b6ce87ada33a6e704b69847e6bf2b1853c4,1175678,\N,sonda de supuesto
2026-08-21T07:27:50Z,https://services2.arcgis.com/YVLx8xYoDXKccDfJ/arcgis/rest/services/REGISTRO_DE_EMERGENCIAS_EN_COLOMBIA/FeatureServer/0/query?where=1%3D1&f=json&resultRecordCount=1&outFields=MUERTOS%2CVIV_DESTRU%2CMUNICIPIO,200,3ef63243668bc2e5a8f8bcab749740625edf1fe451ff82e7c01ba5360471d382,792,\N,sonda de supuesto
2026-08-21T07:27:50Z,https://www.datos.gov.co/resource/wwkg-r6te.json?%24select=max%28fecha%29,200,9e69438b2fabe535e37608812d936a433f81bc015a63069d8b9bfb9b24644dfa,42,\N,sonda de supuesto
2026-08-21T07:27:54Z,https://rud.gestiondelriesgo.gov.co/home/json.php?temp=2026T,200,7d5e65cee2949c1c0bd1c5a21bf020f0282a80ec7fb212ab4e2f088fb150e427,32843,\N,sonda de supuesto
2026-08-21T07:27:58Z,https://sertit.unistra.fr/cartographie-rapide/cartoaction/845/,200,c2d512cf0568e8fe2a180b4f71457a974344a860c66d6078faaa82b09e7acdb7,127475,\N,sonda de supuesto
2026-08-21T07:28:01Z,https://sertit.unistra.fr/wp-json/rms/v1/actions,404,cdc172d4a405ed4970eb9d2519f6806565d71efb70a326c30152b0183db7622d,183,\N,sonda de supuesto
2026-08-21T07:28:01Z,https://unosat.org/our_products/4253,200,7dea3f4dba17bc9c6b97f5ea132eeac79071d564f6c3704e37d0a2aa09f04158,2985,\N,sonda de supuesto
2026-08-21T07:28:02Z,https://unosat.org/our_products/,200,034bb930d73199c6fab5d994392b18b61e5d5683b3c2c7cc5c6c46616d8d8084,8085,\N,sonda de supuesto
2026-08-21T07:28:02Z,https://unosat.org/our_products/?glide=EQ20260810COL,200,034bb930d73199c6fab5d994392b18b61e5d5683b3c2c7cc5c6c46616d8d8084,8085,\N,sonda de supuesto
2026-08-21T07:28:03Z,https://unosat.org/our_products/,200,034bb930d73199c6fab5d994392b18b61e5d5683b3c2c7cc5c6c46616d8d8084,8085,\N,sonda de supuesto
2026-08-21T07:28:03Z,https://unosat.org/static/unosat_filesystem/4251/EQ20260810COL_SHP.zip,200,a92d568163cacf20af8f012f00c25d147c8cdd2f14364e66b8a4b49e715abd0d,75153,\N,sonda de supuesto
2026-08-21T07:28:03Z,https://unosat.org/static/unosat_filesystem/4253/EQ20260810COL_SHP.zip,200,a92d568163cacf20af8f012f00c25d147c8cdd2f14364e66b8a4b49e715abd0d,75153,\N,sonda de supuesto
2026-08-21T07:28:18Z,https://news.google.com/rss/search?q=%22terremoto%22+%22colombia%22&hl=es-CO&gl=CO&ceid=CO:es,200,130b046bcbad6248d4e5b4f1e9cf07df4f5782229f639c5834da6cc3a3966b89,225730,\N,sonda de supuesto
2026-08-21T07:28:18Z,https://news.google.com/rss/search?q=%22terremoto%22+%22colombia%22&hl=es-CO&gl=CO&ceid=CO:es,200,130b046bcbad6248d4e5b4f1e9cf07df4f5782229f639c5834da6cc3a3966b89,225730,\N,sonda de supuesto
2026-08-21T07:28:22Z,https://rapidmapping.emergency.copernicus.eu/backend/dashboard-api/public-activations/,200,1fee0691a0e23855c9e78aacbc91a2890a8f33a7d9470d4423b108672df8df72,49,\N,sonda de supuesto
2026-08-21T07:28:25Z,https://rapidmapping.emergency.copernicus.eu/backend/dashboard-api/public-activations/?code=EMSR916,200,168c0f8276380024f92a7f51014f4405b9614756477c198587317740d8d6437c,41783,\N,sonda de supuesto
2026-08-21T07:28:25Z,https://rapidmapping.emergency.copernicus.eu/backend/dashboard-api/public-activations/?code=EMSR700,403,dbff0849bc109eee7f9b7b1fe12e40fc8add21823b2f1fb600b37f620cbd7862,58,\N,sonda de supuesto
2026-08-21T07:28:25Z,https://rapidmapping.emergency.copernicus.eu/backend/dashboard-api/public-activations/?code=EMSR916,200,168c0f8276380024f92a7f51014f4405b9614756477c198587317740d8d6437c,41783,\N,sonda de supuesto
2026-08-21T07:28:26Z,https://rapidmapping.emergency.copernicus.eu/backend/dashboard-api/public-activations/?code=EMSR916,200,168c0f8276380024f92a7f51014f4405b9614756477c198587317740d8d6437c,41783,\N,sonda de supuesto
2026-08-21T07:28:27Z,https://chatmap.hotosm.org/api/v1/map/89319bbb-a14a-4dfd-b9a1-c83b8b55785f,200,e2209616358f19b60f7befab9d6721747467ffe8c8413136d0ad990d707cf68f,230143,\N,sonda de supuesto
2026-08-21T07:28:27Z,https://earthquake.usgs.gov/fdsnws/event/1/query?eventid=us6000tjl2&format=geojson,200,9d9cdecb620491ca9cbe064e908ccd83d5fd2834fa02de0c80d83c4219ae9cd5,67044,\N,sonda de supuesto
2026-08-21T07:28:38Z,https://www.gdacs.org/gdacsapi/api/emm/getemmnewsbykey?eventtype=EQ&eventid=1557236,200,aa7a9d5babdd820d0c916c86a8f91b6ce87ada33a6e704b69847e6bf2b1853c4,1175678,\N,sonda de supuesto
2026-08-21T07:28:38Z,https://services2.arcgis.com/YVLx8xYoDXKccDfJ/arcgis/rest/services/REGISTRO_DE_EMERGENCIAS_EN_COLOMBIA/FeatureServer/0/query?where=1%3D1&f=json&resultRecordCount=1&outFields=MUERTOS%2CVIV_DESTRU%2CMUNICIPIO,200,3ef63243668bc2e5a8f8bcab749740625edf1fe451ff82e7c01ba5360471d382,792,\N,sonda de supuesto
2026-08-21T07:28:39Z,https://www.datos.gov.co/resource/wwkg-r6te.json?%24select=max%28fecha%29,200,9e69438b2fabe535e37608812d936a433f81bc015a63069d8b9bfb9b24644dfa,42,\N,sonda de supuesto
2026-08-21T07:28:44Z,https://rud.gestiondelriesgo.gov.co/home/json.php?temp=2026T,200,63609b6541af889abd4d834dd3ed3992ac42246d0014b37254bfd789f25082ad,32843,\N,sonda de supuesto
2026-08-21T07:28:47Z,https://sertit.unistra.fr/cartographie-rapide/cartoaction/845/,200,c2d512cf0568e8fe2a180b4f71457a974344a860c66d6078faaa82b09e7acdb7,127475,\N,sonda de supuesto
2026-08-21T07:28:49Z,https://sertit.unistra.fr/wp-json/rms/v1/actions,404,cdc172d4a405ed4970eb9d2519f6806565d71efb70a326c30152b0183db7622d,183,\N,sonda de supuesto
2026-08-21T07:28:50Z,https://unosat.org/our_products/4253,200,7dea3f4dba17bc9c6b97f5ea132eeac79071d564f6c3704e37d0a2aa09f04158,2985,\N,sonda de supuesto
2026-08-21T07:28:50Z,https://unosat.org/our_products/,200,034bb930d73199c6fab5d994392b18b61e5d5683b3c2c7cc5c6c46616d8d8084,8085,\N,sonda de supuesto
2026-08-21T07:28:50Z,https://unosat.org/our_products/?glide=EQ20260810COL,200,034bb930d73199c6fab5d994392b18b61e5d5683b3c2c7cc5c6c46616d8d8084,8085,\N,sonda de supuesto
2026-08-21T07:28:51Z,https://unosat.org/our_products/,200,034bb930d73199c6fab5d994392b18b61e5d5683b3c2c7cc5c6c46616d8d8084,8085,\N,sonda de supuesto
2026-08-21T07:28:51Z,https://unosat.org/static/unosat_filesystem/4251/EQ20260810COL_SHP.zip,200,a92d568163cacf20af8f012f00c25d147c8cdd2f14364e66b8a4b49e715abd0d,75153,\N,sonda de supuesto
2026-08-21T07:28:51Z,https://unosat.org/static/unosat_filesystem/4253/EQ20260810COL_SHP.zip,200,a92d568163cacf20af8f012f00c25d147c8cdd2f14364e66b8a4b49e715abd0d,75153,\N,sonda de supuesto
2026-08-21T07:29:30Z,https://news.google.com/rss/search?q=%22terremoto%22+%22colombia%22&hl=es-CO&gl=CO&ceid=CO:es,200,9ac68e3f0cd08bf3e31c033f8d1313fac92f2bff34747657887cd6fb199b23b9,225730,\N,sonda de supuesto
2026-08-21T07:29:31Z,https://news.google.com/rss/search?q=%22terremoto%22+%22colombia%22&hl=es-CO&gl=CO&ceid=CO:es,200,9ac68e3f0cd08bf3e31c033f8d1313fac92f2bff34747657887cd6fb199b23b9,225730,\N,sonda de supuesto
2026-08-21T07:29:31Z,https://rapidmapping.emergency.copernicus.eu/backend/dashboard-api/public-activations/,200,1fee0691a0e23855c9e78aacbc91a2890a8f33a7d9470d4423b108672df8df72,49,\N,sonda de supuesto
2026-08-21T07:29:31Z,https://rapidmapping.emergency.copernicus.eu/backend/dashboard-api/public-activations/?code=EMSR916,200,168c0f8276380024f92a7f51014f4405b9614756477c198587317740d8d6437c,41783,\N,sonda de supuesto
2026-08-21T07:29:32Z,https://rapidmapping.emergency.copernicus.eu/backend/dashboard-api/public-activations/?code=EMSR700,403,dbff0849bc109eee7f9b7b1fe12e40fc8add21823b2f1fb600b37f620cbd7862,58,\N,sonda de supuesto
2026-08-21T07:29:32Z,https://rapidmapping.emergency.copernicus.eu/backend/dashboard-api/public-activations/?code=EMSR916,200,168c0f8276380024f92a7f51014f4405b9614756477c198587317740d8d6437c,41783,\N,sonda de supuesto
2026-08-21T07:29:33Z,https://rapidmapping.emergency.copernicus.eu/backend/dashboard-api/public-activations/?code=EMSR916,200,168c0f8276380024f92a7f51014f4405b9614756477c198587317740d8d6437c,41783,\N,sonda de supuesto
2026-08-21T07:29:34Z,https://chatmap.hotosm.org/api/v1/map/89319bbb-a14a-4dfd-b9a1-c83b8b55785f,200,e2209616358f19b60f7befab9d6721747467ffe8c8413136d0ad990d707cf68f,230143,\N,sonda de supuesto
2026-08-21T07:29:34Z,https://earthquake.usgs.gov/fdsnws/event/1/query?eventid=us6000tjl2&format=geojson,200,9d9cdecb620491ca9cbe064e908ccd83d5fd2834fa02de0c80d83c4219ae9cd5,67044,\N,sonda de supuesto
2026-08-21T07:29:37Z,https://www.gdacs.org/gdacsapi/api/emm/getemmnewsbykey?eventtype=EQ&eventid=1557236,200,aa7a9d5babdd820d0c916c86a8f91b6ce87ada33a6e704b69847e6bf2b1853c4,1175678,\N,sonda de supuesto
2026-08-21T07:29:37Z,https://services2.arcgis.com/YVLx8xYoDXKccDfJ/arcgis/rest/services/REGISTRO_DE_EMERGENCIAS_EN_COLOMBIA/FeatureServer/0/query?where=1%3D1&f=json&resultRecordCount=1&outFields=MUERTOS%2CVIV_DESTRU%2CMUNICIPIO,200,3ef63243668bc2e5a8f8bcab749740625edf1fe451ff82e7c01ba5360471d382,792,\N,sonda de supuesto
2026-08-21T07:29:38Z,https://www.datos.gov.co/resource/wwkg-r6te.json?%24select=max%28fecha%29,200,9e69438b2fabe535e37608812d936a433f81bc015a63069d8b9bfb9b24644dfa,42,\N,sonda de supuesto
2026-08-21T07:29:42Z,https://rud.gestiondelriesgo.gov.co/home/json.php?temp=2026T,200,a4fa206a9b3791c4e88021883f7ce7cc64fc7c015bd35c8df573057a81ef5e4a,32843,\N,sonda de supuesto
2026-08-21T07:29:46Z,https://sertit.unistra.fr/cartographie-rapide/cartoaction/845/,200,c2d512cf0568e8fe2a180b4f71457a974344a860c66d6078faaa82b09e7acdb7,127475,\N,sonda de supuesto
2026-08-21T07:29:48Z,https://sertit.unistra.fr/wp-json/rms/v1/actions,404,cdc172d4a405ed4970eb9d2519f6806565d71efb70a326c30152b0183db7622d,183,\N,sonda de supuesto
2026-08-21T07:29:48Z,https://unosat.org/our_products/4253,200,7dea3f4dba17bc9c6b97f5ea132eeac79071d564f6c3704e37d0a2aa09f04158,2985,\N,sonda de supuesto
2026-08-21T07:29:49Z,https://unosat.org/our_products/,200,034bb930d73199c6fab5d994392b18b61e5d5683b3c2c7cc5c6c46616d8d8084,8085,\N,sonda de supuesto
2026-08-21T07:29:49Z,https://unosat.org/our_products/?glide=EQ20260810COL,200,034bb930d73199c6fab5d994392b18b61e5d5683b3c2c7cc5c6c46616d8d8084,8085,\N,sonda de supuesto
2026-08-21T07:29:49Z,https://unosat.org/our_products/,200,034bb930d73199c6fab5d994392b18b61e5d5683b3c2c7cc5c6c46616d8d8084,8085,\N,sonda de supuesto
2026-08-21T07:29:50Z,https://unosat.org/static/unosat_filesystem/4251/EQ20260810COL_SHP.zip,200,a92d568163cacf20af8f012f00c25d147c8cdd2f14364e66b8a4b49e715abd0d,75153,\N,sonda de supuesto
2026-08-21T07:29:50Z,https://unosat.org/static/unosat_filesystem/4253/EQ20260810COL_SHP.zip,200,a92d568163cacf20af8f012f00c25d147c8cdd2f14364e66b8a4b49e715abd0d,75153,\N,sonda de supuesto
2026-08-21T07:37:52Z,https://news.google.com/rss/search?q=%22terremoto%22+%22colombia%22&hl=es-CO&gl=CO&ceid=CO:es,200,6eca23ced8f25c09e34f2ac38d4395f3069555ecbe356b0566b2f7cebf3e1fe9,226882,\N,sonda de supuesto
2026-08-21T07:37:53Z,https://news.google.com/rss/search?q=%22terremoto%22+%22colombia%22&hl=es-CO&gl=CO&ceid=CO:es,200,6eca23ced8f25c09e34f2ac38d4395f3069555ecbe356b0566b2f7cebf3e1fe9,226882,\N,sonda de supuesto
2026-08-21T07:37:53Z,https://rapidmapping.emergency.copernicus.eu/backend/dashboard-api/public-activations/,200,1fee0691a0e23855c9e78aacbc91a2890a8f33a7d9470d4423b108672df8df72,49,\N,sonda de supuesto
2026-08-21T07:37:53Z,https://rapidmapping.emergency.copernicus.eu/backend/dashboard-api/public-activations/?code=EMSR916,200,168c0f8276380024f92a7f51014f4405b9614756477c198587317740d8d6437c,41783,\N,sonda de supuesto
2026-08-21T07:37:54Z,https://rapidmapping.emergency.copernicus.eu/backend/dashboard-api/public-activations/?code=EMSR700,403,dbff0849bc109eee7f9b7b1fe12e40fc8add21823b2f1fb600b37f620cbd7862,58,\N,sonda de supuesto
2026-08-21T07:37:54Z,https://rapidmapping.emergency.copernicus.eu/backend/dashboard-api/public-activations/?code=EMSR916,200,168c0f8276380024f92a7f51014f4405b9614756477c198587317740d8d6437c,41783,\N,sonda de supuesto
2026-08-21T07:37:54Z,https://rapidmapping.emergency.copernicus.eu/backend/dashboard-api/public-activations/?code=EMSR916,200,168c0f8276380024f92a7f51014f4405b9614756477c198587317740d8d6437c,41783,\N,sonda de supuesto
2026-08-21T07:37:55Z,https://chatmap.hotosm.org/api/v1/map/89319bbb-a14a-4dfd-b9a1-c83b8b55785f,200,e2209616358f19b60f7befab9d6721747467ffe8c8413136d0ad990d707cf68f,230143,\N,sonda de supuesto
2026-08-21T07:37:56Z,https://earthquake.usgs.gov/fdsnws/event/1/query?eventid=us6000tjl2&format=geojson,200,9d9cdecb620491ca9cbe064e908ccd83d5fd2834fa02de0c80d83c4219ae9cd5,67044,\N,sonda de supuesto
2026-08-21T07:37:59Z,https://www.gdacs.org/gdacsapi/api/emm/getemmnewsbykey?eventtype=EQ&eventid=1557236,200,aa7a9d5babdd820d0c916c86a8f91b6ce87ada33a6e704b69847e6bf2b1853c4,1175678,\N,sonda de supuesto
2026-08-21T07:38:00Z,https://services2.arcgis.com/YVLx8xYoDXKccDfJ/arcgis/rest/services/REGISTRO_DE_EMERGENCIAS_EN_COLOMBIA/FeatureServer/0/query?where=1%3D1&f=json&resultRecordCount=1&outFields=MUERTOS%2CVIV_DESTRU%2CMUNICIPIO,200,3ef63243668bc2e5a8f8bcab749740625edf1fe451ff82e7c01ba5360471d382,792,\N,sonda de supuesto
2026-08-21T07:38:01Z,https://www.datos.gov.co/resource/wwkg-r6te.json?%24select=max%28fecha%29,200,9e69438b2fabe535e37608812d936a433f81bc015a63069d8b9bfb9b24644dfa,42,\N,sonda de supuesto
2026-08-21T07:38:06Z,https://rud.gestiondelriesgo.gov.co/home/json.php?temp=2026T,200,d09642d88624aec011e4b3deb3d7cf0226ca488747eb453c5a2530c246efc149,32843,\N,sonda de supuesto
2026-08-21T07:38:10Z,https://sertit.unistra.fr/cartographie-rapide/cartoaction/845/,200,c2d512cf0568e8fe2a180b4f71457a974344a860c66d6078faaa82b09e7acdb7,127475,\N,sonda de supuesto
2026-08-21T07:38:13Z,https://sertit.unistra.fr/wp-json/rms/v1/actions,404,cdc172d4a405ed4970eb9d2519f6806565d71efb70a326c30152b0183db7622d,183,\N,sonda de supuesto
2026-08-21T07:38:14Z,https://unosat.org/our_products/4253,200,7dea3f4dba17bc9c6b97f5ea132eeac79071d564f6c3704e37d0a2aa09f04158,2985,\N,sonda de supuesto
2026-08-21T07:38:14Z,https://unosat.org/our_products/,200,034bb930d73199c6fab5d994392b18b61e5d5683b3c2c7cc5c6c46616d8d8084,8085,\N,sonda de supuesto
2026-08-21T07:38:15Z,https://unosat.org/our_products/?glide=EQ20260810COL,200,034bb930d73199c6fab5d994392b18b61e5d5683b3c2c7cc5c6c46616d8d8084,8085,\N,sonda de supuesto
2026-08-21T07:38:15Z,https://unosat.org/our_products/,200,034bb930d73199c6fab5d994392b18b61e5d5683b3c2c7cc5c6c46616d8d8084,8085,\N,sonda de supuesto
2026-08-21T07:38:15Z,https://unosat.org/static/unosat_filesystem/4251/EQ20260810COL_SHP.zip,200,a92d568163cacf20af8f012f00c25d147c8cdd2f14364e66b8a4b49e715abd0d,75153,\N,sonda de supuesto
2026-08-21T07:38:16Z,https://unosat.org/static/unosat_filesystem/4253/EQ20260810COL_SHP.zip,200,a92d568163cacf20af8f012f00c25d147c8cdd2f14364e66b8a4b49e715abd0d,75153,\N,sonda de supuesto
2026-08-21T07:40:04Z,https://news.google.com/rss/search?q=%22terremoto%22+%22colombia%22&hl=es-CO&gl=CO&ceid=CO:es,200,c2a7e95843f9ec5d2f60e0f3ea3d101e923d439f3ee5f67ab9b699a9072b9b79,224351,\N,sonda de supuesto
2026-08-21T07:40:04Z,https://news.google.com/rss/search?q=%22terremoto%22+%22colombia%22&hl=es-CO&gl=CO&ceid=CO:es,200,c2a7e95843f9ec5d2f60e0f3ea3d101e923d439f3ee5f67ab9b699a9072b9b79,224351,\N,sonda de supuesto
2026-08-21T07:40:05Z,https://rapidmapping.emergency.copernicus.eu/backend/dashboard-api/public-activations/,200,1fee0691a0e23855c9e78aacbc91a2890a8f33a7d9470d4423b108672df8df72,49,\N,sonda de supuesto
2026-08-21T07:40:05Z,https://rapidmapping.emergency.copernicus.eu/backend/dashboard-api/public-activations/?code=EMSR916,200,168c0f8276380024f92a7f51014f4405b9614756477c198587317740d8d6437c,41783,\N,sonda de supuesto
2026-08-21T07:40:05Z,https://rapidmapping.emergency.copernicus.eu/backend/dashboard-api/public-activations/?code=EMSR700,403,dbff0849bc109eee7f9b7b1fe12e40fc8add21823b2f1fb600b37f620cbd7862,58,\N,sonda de supuesto
2026-08-21T07:40:06Z,https://rapidmapping.emergency.copernicus.eu/backend/dashboard-api/public-activations/?code=EMSR916,200,168c0f8276380024f92a7f51014f4405b9614756477c198587317740d8d6437c,41783,\N,sonda de supuesto
2026-08-21T07:40:06Z,https://rapidmapping.emergency.copernicus.eu/backend/dashboard-api/public-activations/?code=EMSR916,200,168c0f8276380024f92a7f51014f4405b9614756477c198587317740d8d6437c,41783,\N,sonda de supuesto
2026-08-21T07:40:07Z,https://chatmap.hotosm.org/api/v1/map/89319bbb-a14a-4dfd-b9a1-c83b8b55785f,200,e2209616358f19b60f7befab9d6721747467ffe8c8413136d0ad990d707cf68f,230143,\N,sonda de supuesto
2026-08-21T07:40:07Z,https://earthquake.usgs.gov/fdsnws/event/1/query?eventid=us6000tjl2&format=geojson,200,9d9cdecb620491ca9cbe064e908ccd83d5fd2834fa02de0c80d83c4219ae9cd5,67044,\N,sonda de supuesto
2026-08-21T07:40:10Z,https://www.gdacs.org/gdacsapi/api/emm/getemmnewsbykey?eventtype=EQ&eventid=1557236,200,aa7a9d5babdd820d0c916c86a8f91b6ce87ada33a6e704b69847e6bf2b1853c4,1175678,\N,sonda de supuesto
2026-08-21T07:40:11Z,https://services2.arcgis.com/YVLx8xYoDXKccDfJ/arcgis/rest/services/REGISTRO_DE_EMERGENCIAS_EN_COLOMBIA/FeatureServer/0/query?where=1%3D1&f=json&resultRecordCount=1&outFields=MUERTOS%2CVIV_DESTRU%2CMUNICIPIO,200,3ef63243668bc2e5a8f8bcab749740625edf1fe451ff82e7c01ba5360471d382,792,\N,sonda de supuesto
2026-08-21T07:40:11Z,https://www.datos.gov.co/resource/wwkg-r6te.json?%24select=max%28fecha%29,200,9e69438b2fabe535e37608812d936a433f81bc015a63069d8b9bfb9b24644dfa,42,\N,sonda de supuesto
2026-08-21T07:40:16Z,https://rud.gestiondelriesgo.gov.co/home/json.php?temp=2026T,200,5963d199f73828ec55fb2b2c0c8e689f52b685f69ca2d5cfe0b1a7b0df7046d1,32843,\N,sonda de supuesto
2026-08-21T07:40:18Z,https://sertit.unistra.fr/cartographie-rapide/cartoaction/845/,200,c2d512cf0568e8fe2a180b4f71457a974344a860c66d6078faaa82b09e7acdb7,127475,\N,sonda de supuesto
2026-08-21T07:40:20Z,https://sertit.unistra.fr/wp-json/rms/v1/actions,404,cdc172d4a405ed4970eb9d2519f6806565d71efb70a326c30152b0183db7622d,183,\N,sonda de supuesto
2026-08-21T07:40:20Z,https://unosat.org/our_products/4253,200,7dea3f4dba17bc9c6b97f5ea132eeac79071d564f6c3704e37d0a2aa09f04158,2985,\N,sonda de supuesto
2026-08-21T07:40:21Z,https://unosat.org/our_products/,200,034bb930d73199c6fab5d994392b18b61e5d5683b3c2c7cc5c6c46616d8d8084,8085,\N,sonda de supuesto
2026-08-21T07:40:21Z,https://unosat.org/our_products/?glide=EQ20260810COL,200,034bb930d73199c6fab5d994392b18b61e5d5683b3c2c7cc5c6c46616d8d8084,8085,\N,sonda de supuesto
2026-08-21T07:40:21Z,https://unosat.org/our_products/,200,034bb930d73199c6fab5d994392b18b61e5d5683b3c2c7cc5c6c46616d8d8084,8085,\N,sonda de supuesto
2026-08-21T07:40:22Z,https://unosat.org/static/unosat_filesystem/4251/EQ20260810COL_SHP.zip,200,a92d568163cacf20af8f012f00c25d147c8cdd2f14364e66b8a4b49e715abd0d,75153,\N,sonda de supuesto
2026-08-21T07:40:22Z,https://unosat.org/static/unosat_filesystem/4253/EQ20260810COL_SHP.zip,200,a92d568163cacf20af8f012f00c25d147c8cdd2f14364e66b8a4b49e715abd0d,75153,\N,sonda de supuesto
2026-08-21T07:42:57Z,https://news.google.com/rss/search?q=%22terremoto%22+%22colombia%22&hl=es-CO&gl=CO&ceid=CO:es,200,7ccfb6747399c48809665f89473086f9814d3ac5f9393972aaabd12b22df8124,227935,\N,sonda de supuesto
2026-08-21T07:42:57Z,https://news.google.com/rss/search?q=%22terremoto%22+%22colombia%22&hl=es-CO&gl=CO&ceid=CO:es,200,7ccfb6747399c48809665f89473086f9814d3ac5f9393972aaabd12b22df8124,227935,\N,sonda de supuesto
2026-08-21T07:42:58Z,https://rapidmapping.emergency.copernicus.eu/backend/dashboard-api/public-activations/,200,1fee0691a0e23855c9e78aacbc91a2890a8f33a7d9470d4423b108672df8df72,49,\N,sonda de supuesto
2026-08-21T07:42:58Z,https://rapidmapping.emergency.copernicus.eu/backend/dashboard-api/public-activations/?code=EMSR916,200,168c0f8276380024f92a7f51014f4405b9614756477c198587317740d8d6437c,41783,\N,sonda de supuesto
2026-08-21T07:42:58Z,https://rapidmapping.emergency.copernicus.eu/backend/dashboard-api/public-activations/?code=EMSR700,403,dbff0849bc109eee7f9b7b1fe12e40fc8add21823b2f1fb600b37f620cbd7862,58,\N,sonda de supuesto
2026-08-21T07:42:59Z,https://rapidmapping.emergency.copernicus.eu/backend/dashboard-api/public-activations/?code=EMSR916,200,168c0f8276380024f92a7f51014f4405b9614756477c198587317740d8d6437c,41783,\N,sonda de supuesto
2026-08-21T07:42:59Z,https://rapidmapping.emergency.copernicus.eu/backend/dashboard-api/public-activations/?code=EMSR916,200,168c0f8276380024f92a7f51014f4405b9614756477c198587317740d8d6437c,41783,\N,sonda de supuesto
2026-08-21T07:43:00Z,https://chatmap.hotosm.org/api/v1/map/89319bbb-a14a-4dfd-b9a1-c83b8b55785f,200,e2209616358f19b60f7befab9d6721747467ffe8c8413136d0ad990d707cf68f,230143,\N,sonda de supuesto
2026-08-21T07:43:01Z,https://earthquake.usgs.gov/fdsnws/event/1/query?eventid=us6000tjl2&format=geojson,200,9d9cdecb620491ca9cbe064e908ccd83d5fd2834fa02de0c80d83c4219ae9cd5,67044,\N,sonda de supuesto
2026-08-21T07:43:03Z,https://www.gdacs.org/gdacsapi/api/emm/getemmnewsbykey?eventtype=EQ&eventid=1557236,200,aa7a9d5babdd820d0c916c86a8f91b6ce87ada33a6e704b69847e6bf2b1853c4,1175678,\N,sonda de supuesto
2026-08-21T07:43:03Z,https://services2.arcgis.com/YVLx8xYoDXKccDfJ/arcgis/rest/services/REGISTRO_DE_EMERGENCIAS_EN_COLOMBIA/FeatureServer/0/query?where=1%3D1&f=json&resultRecordCount=1&outFields=MUERTOS%2CVIV_DESTRU%2CMUNICIPIO,200,3ef63243668bc2e5a8f8bcab749740625edf1fe451ff82e7c01ba5360471d382,792,\N,sonda de supuesto
2026-08-21T07:43:04Z,https://www.datos.gov.co/resource/wwkg-r6te.json?%24select=max%28fecha%29,200,9e69438b2fabe535e37608812d936a433f81bc015a63069d8b9bfb9b24644dfa,42,\N,sonda de supuesto
2026-08-21T07:43:08Z,https://rud.gestiondelriesgo.gov.co/home/json.php?temp=2026T,200,ad6968ca80617fbbc70bb1127fa993847708160a1989fd86c69cfcfffdf0681b,32843,\N,sonda de supuesto
2026-08-21T07:43:13Z,https://sertit.unistra.fr/cartographie-rapide/cartoaction/845/,200,c2d512cf0568e8fe2a180b4f71457a974344a860c66d6078faaa82b09e7acdb7,127475,\N,sonda de supuesto
2026-08-21T07:43:16Z,https://sertit.unistra.fr/wp-json/rms/v1/actions,404,cdc172d4a405ed4970eb9d2519f6806565d71efb70a326c30152b0183db7622d,183,\N,sonda de supuesto
2026-08-21T07:43:16Z,https://unosat.org/our_products/4253,200,7dea3f4dba17bc9c6b97f5ea132eeac79071d564f6c3704e37d0a2aa09f04158,2985,\N,sonda de supuesto
2026-08-21T07:43:17Z,https://unosat.org/our_products/,200,034bb930d73199c6fab5d994392b18b61e5d5683b3c2c7cc5c6c46616d8d8084,8085,\N,sonda de supuesto
2026-08-21T07:43:17Z,https://unosat.org/our_products/?glide=EQ20260810COL,200,034bb930d73199c6fab5d994392b18b61e5d5683b3c2c7cc5c6c46616d8d8084,8085,\N,sonda de supuesto
2026-08-21T07:43:17Z,https://unosat.org/our_products/,200,034bb930d73199c6fab5d994392b18b61e5d5683b3c2c7cc5c6c46616d8d8084,8085,\N,sonda de supuesto
2026-08-21T07:43:18Z,https://unosat.org/static/unosat_filesystem/4251/EQ20260810COL_SHP.zip,200,a92d568163cacf20af8f012f00c25d147c8cdd2f14364e66b8a4b49e715abd0d,75153,\N,sonda de supuesto
2026-08-21T07:43:18Z,https://unosat.org/static/unosat_filesystem/4253/EQ20260810COL_SHP.zip,200,a92d568163cacf20af8f012f00c25d147c8cdd2f14364e66b8a4b49e715abd0d,75153,\N,sonda de supuesto
2026-08-21T07:46:00Z,https://news.google.com/rss/search?q=%22terremoto%22+%22colombia%22&hl=es-CO&gl=CO&ceid=CO:es,200,824dac8ca885b339538a3ef0ab0cbeb304f7ac51b661d9aaf81ae5b8d67aadf7,225279,\N,sonda de supuesto
2026-08-21T07:46:00Z,https://news.google.com/rss/search?q=%22terremoto%22+%22colombia%22&hl=es-CO&gl=CO&ceid=CO:es,200,824dac8ca885b339538a3ef0ab0cbeb304f7ac51b661d9aaf81ae5b8d67aadf7,225279,\N,sonda de supuesto
2026-08-21T07:46:00Z,https://rapidmapping.emergency.copernicus.eu/backend/dashboard-api/public-activations/,200,1fee0691a0e23855c9e78aacbc91a2890a8f33a7d9470d4423b108672df8df72,49,\N,sonda de supuesto
2026-08-21T07:46:01Z,https://rapidmapping.emergency.copernicus.eu/backend/dashboard-api/public-activations/?code=EMSR916,200,168c0f8276380024f92a7f51014f4405b9614756477c198587317740d8d6437c,41783,\N,sonda de supuesto
2026-08-21T07:46:01Z,https://rapidmapping.emergency.copernicus.eu/backend/dashboard-api/public-activations/?code=EMSR700,403,dbff0849bc109eee7f9b7b1fe12e40fc8add21823b2f1fb600b37f620cbd7862,58,\N,sonda de supuesto
2026-08-21T07:46:02Z,https://rapidmapping.emergency.copernicus.eu/backend/dashboard-api/public-activations/?code=EMSR916,200,168c0f8276380024f92a7f51014f4405b9614756477c198587317740d8d6437c,41783,\N,sonda de supuesto
2026-08-21T07:46:02Z,https://rapidmapping.emergency.copernicus.eu/backend/dashboard-api/public-activations/?code=EMSR916,200,168c0f8276380024f92a7f51014f4405b9614756477c198587317740d8d6437c,41783,\N,sonda de supuesto
2026-08-21T07:46:03Z,https://chatmap.hotosm.org/api/v1/map/89319bbb-a14a-4dfd-b9a1-c83b8b55785f,200,e2209616358f19b60f7befab9d6721747467ffe8c8413136d0ad990d707cf68f,230143,\N,sonda de supuesto
2026-08-21T07:46:04Z,https://earthquake.usgs.gov/fdsnws/event/1/query?eventid=us6000tjl2&format=geojson,200,9d9cdecb620491ca9cbe064e908ccd83d5fd2834fa02de0c80d83c4219ae9cd5,67044,\N,sonda de supuesto
2026-08-21T07:46:10Z,https://www.gdacs.org/gdacsapi/api/emm/getemmnewsbykey?eventtype=EQ&eventid=1557236,200,e7cf1135643d1ec530c2b29e28d2d9933418f234a82719404d5a3820d92a5bd3,1175678,\N,sonda de supuesto
2026-08-21T07:46:11Z,https://services2.arcgis.com/YVLx8xYoDXKccDfJ/arcgis/rest/services/REGISTRO_DE_EMERGENCIAS_EN_COLOMBIA/FeatureServer/0/query?where=1%3D1&f=json&resultRecordCount=1&outFields=MUERTOS%2CVIV_DESTRU%2CMUNICIPIO,200,3ef63243668bc2e5a8f8bcab749740625edf1fe451ff82e7c01ba5360471d382,792,\N,sonda de supuesto
2026-08-21T07:46:12Z,https://www.datos.gov.co/resource/wwkg-r6te.json?%24select=max%28fecha%29,200,9e69438b2fabe535e37608812d936a433f81bc015a63069d8b9bfb9b24644dfa,42,\N,sonda de supuesto
2026-08-21T07:46:16Z,https://rud.gestiondelriesgo.gov.co/home/json.php?temp=2026T,200,a57d851b98b91de9f91f36cb10f6273d206b300687fffefa7b06d37f6a9a4a8a,32843,\N,sonda de supuesto
2026-08-21T07:46:20Z,https://sertit.unistra.fr/cartographie-rapide/cartoaction/845/,200,c2d512cf0568e8fe2a180b4f71457a974344a860c66d6078faaa82b09e7acdb7,127475,\N,sonda de supuesto
2026-08-21T07:46:23Z,https://sertit.unistra.fr/wp-json/rms/v1/actions,404,cdc172d4a405ed4970eb9d2519f6806565d71efb70a326c30152b0183db7622d,183,\N,sonda de supuesto
2026-08-21T07:46:23Z,https://unosat.org/our_products/4253,200,7dea3f4dba17bc9c6b97f5ea132eeac79071d564f6c3704e37d0a2aa09f04158,2985,\N,sonda de supuesto
2026-08-21T07:46:24Z,https://unosat.org/our_products/,200,034bb930d73199c6fab5d994392b18b61e5d5683b3c2c7cc5c6c46616d8d8084,8085,\N,sonda de supuesto
2026-08-21T07:46:24Z,https://unosat.org/our_products/?glide=EQ20260810COL,200,034bb930d73199c6fab5d994392b18b61e5d5683b3c2c7cc5c6c46616d8d8084,8085,\N,sonda de supuesto
2026-08-21T07:46:24Z,https://unosat.org/our_products/,200,034bb930d73199c6fab5d994392b18b61e5d5683b3c2c7cc5c6c46616d8d8084,8085,\N,sonda de supuesto
2026-08-21T07:46:25Z,https://unosat.org/static/unosat_filesystem/4251/EQ20260810COL_SHP.zip,200,a92d568163cacf20af8f012f00c25d147c8cdd2f14364e66b8a4b49e715abd0d,75153,\N,sonda de supuesto
2026-08-21T07:46:25Z,https://unosat.org/static/unosat_filesystem/4253/EQ20260810COL_SHP.zip,200,a92d568163cacf20af8f012f00c25d147c8cdd2f14364e66b8a4b49e715abd0d,75153,\N,sonda de supuesto
2026-08-21T07:46:33Z,https://news.google.com/rss/search?q=%22terremoto%22+%22colombia%22&hl=es-CO&gl=CO&ceid=CO:es,200,824dac8ca885b339538a3ef0ab0cbeb304f7ac51b661d9aaf81ae5b8d67aadf7,225279,\N,sonda de supuesto
2026-08-21T07:46:34Z,https://news.google.com/rss/search?q=%22terremoto%22+%22colombia%22&hl=es-CO&gl=CO&ceid=CO:es,200,824dac8ca885b339538a3ef0ab0cbeb304f7ac51b661d9aaf81ae5b8d67aadf7,225279,\N,sonda de supuesto
2026-08-21T07:46:34Z,https://rapidmapping.emergency.copernicus.eu/backend/dashboard-api/public-activations/,200,1fee0691a0e23855c9e78aacbc91a2890a8f33a7d9470d4423b108672df8df72,49,\N,sonda de supuesto
2026-08-21T07:46:35Z,https://rapidmapping.emergency.copernicus.eu/backend/dashboard-api/public-activations/?code=EMSR916,200,168c0f8276380024f92a7f51014f4405b9614756477c198587317740d8d6437c,41783,\N,sonda de supuesto
2026-08-21T07:46:35Z,https://rapidmapping.emergency.copernicus.eu/backend/dashboard-api/public-activations/?code=EMSR700,403,dbff0849bc109eee7f9b7b1fe12e40fc8add21823b2f1fb600b37f620cbd7862,58,\N,sonda de supuesto
2026-08-21T07:46:36Z,https://rapidmapping.emergency.copernicus.eu/backend/dashboard-api/public-activations/?code=EMSR916,200,168c0f8276380024f92a7f51014f4405b9614756477c198587317740d8d6437c,41783,\N,sonda de supuesto
2026-08-21T07:46:36Z,https://rapidmapping.emergency.copernicus.eu/backend/dashboard-api/public-activations/?code=EMSR916,200,168c0f8276380024f92a7f51014f4405b9614756477c198587317740d8d6437c,41783,\N,sonda de supuesto
2026-08-21T07:46:37Z,https://chatmap.hotosm.org/api/v1/map/89319bbb-a14a-4dfd-b9a1-c83b8b55785f,200,e2209616358f19b60f7befab9d6721747467ffe8c8413136d0ad990d707cf68f,230143,\N,sonda de supuesto
2026-08-21T07:46:37Z,https://earthquake.usgs.gov/fdsnws/event/1/query?eventid=us6000tjl2&format=geojson,200,9d9cdecb620491ca9cbe064e908ccd83d5fd2834fa02de0c80d83c4219ae9cd5,67044,\N,sonda de supuesto
2026-08-21T07:46:40Z,https://www.gdacs.org/gdacsapi/api/emm/getemmnewsbykey?eventtype=EQ&eventid=1557236,200,aa7a9d5babdd820d0c916c86a8f91b6ce87ada33a6e704b69847e6bf2b1853c4,1175678,\N,sonda de supuesto
2026-08-21T07:46:41Z,https://services2.arcgis.com/YVLx8xYoDXKccDfJ/arcgis/rest/services/REGISTRO_DE_EMERGENCIAS_EN_COLOMBIA/FeatureServer/0/query?where=1%3D1&f=json&resultRecordCount=1&outFields=MUERTOS%2CVIV_DESTRU%2CMUNICIPIO,200,3ef63243668bc2e5a8f8bcab749740625edf1fe451ff82e7c01ba5360471d382,792,\N,sonda de supuesto
2026-08-21T07:46:41Z,https://www.datos.gov.co/resource/wwkg-r6te.json?%24select=max%28fecha%29,200,9e69438b2fabe535e37608812d936a433f81bc015a63069d8b9bfb9b24644dfa,42,\N,sonda de supuesto
2026-08-21T07:46:45Z,https://rud.gestiondelriesgo.gov.co/home/json.php?temp=2026T,200,a57d851b98b91de9f91f36cb10f6273d206b300687fffefa7b06d37f6a9a4a8a,32843,\N,sonda de supuesto
2026-08-21T07:46:48Z,https://sertit.unistra.fr/cartographie-rapide/cartoaction/845/,200,c2d512cf0568e8fe2a180b4f71457a974344a860c66d6078faaa82b09e7acdb7,127475,\N,sonda de supuesto
2026-08-21T07:46:50Z,https://sertit.unistra.fr/wp-json/rms/v1/actions,404,cdc172d4a405ed4970eb9d2519f6806565d71efb70a326c30152b0183db7622d,183,\N,sonda de supuesto
2026-08-21T07:46:51Z,https://unosat.org/our_products/4253,200,7dea3f4dba17bc9c6b97f5ea132eeac79071d564f6c3704e37d0a2aa09f04158,2985,\N,sonda de supuesto
2026-08-21T07:46:51Z,https://unosat.org/our_products/,200,034bb930d73199c6fab5d994392b18b61e5d5683b3c2c7cc5c6c46616d8d8084,8085,\N,sonda de supuesto
2026-08-21T07:46:51Z,https://unosat.org/our_products/?glide=EQ20260810COL,200,034bb930d73199c6fab5d994392b18b61e5d5683b3c2c7cc5c6c46616d8d8084,8085,\N,sonda de supuesto
2026-08-21T07:46:52Z,https://unosat.org/our_products/,200,034bb930d73199c6fab5d994392b18b61e5d5683b3c2c7cc5c6c46616d8d8084,8085,\N,sonda de supuesto
2026-08-21T07:46:52Z,https://unosat.org/static/unosat_filesystem/4251/EQ20260810COL_SHP.zip,200,a92d568163cacf20af8f012f00c25d147c8cdd2f14364e66b8a4b49e715abd0d,75153,\N,sonda de supuesto
2026-08-21T07:46:53Z,https://unosat.org/static/unosat_filesystem/4253/EQ20260810COL_SHP.zip,200,a92d568163cacf20af8f012f00c25d147c8cdd2f14364e66b8a4b49e715abd0d,75153,\N,sonda de supuesto
2026-08-21T07:48:18Z,https://sertit.unistra.fr/cartographie-rapide/cartoproduct/3244/,200,8261eabcb877ef70989d308b78d9d5518bbea3e2a99f4edddc1b123b5ae52452,59528,data/snapshots/2026-08-21/sertit_producto_3244.html,sertit producto 3244
2026-08-21T07:48:21Z,https://sertit.unistra.fr/cartographie-rapide/cartoproduct/3245/,200,5208b496ecc70817fa1af5aee66dbc1671151e272b5eeff65cb5da1e0983fd1b,59524,data/snapshots/2026-08-21/sertit_producto_3245.html,sertit producto 3245
2026-08-21T07:48:23Z,https://sertit.unistra.fr/cartographie-rapide/cartoproduct/3246/,200,4bb7227d3c3969e3cb20466f7dbcea533577cda8181fff41c031d88dcf78dbf1,59507,data/snapshots/2026-08-21/sertit_producto_3246.html,sertit producto 3246
2026-08-21T07:48:26Z,https://sertit.unistra.fr/cartographie-rapide/cartoproduct/3247/,200,2d2f2df8e8fbc9391b919d3d815375c9ac34ce01b3fedc20023e862717f49f34,59461,data/snapshots/2026-08-21/sertit_producto_3247.html,sertit producto 3247
2026-08-21T07:48:28Z,https://sertit.unistra.fr/cartographie-rapide/cartoproduct/3248/,200,74d3c8122a10ece69b6eb47ca7da212e2b2974671160c21732eaab65a66e37b4,59439,data/snapshots/2026-08-21/sertit_producto_3248.html,sertit producto 3248
2026-08-21T07:48:43Z,https://news.google.com/rss/search?q=%22terremoto%22+%22colombia%22&hl=es-CO&gl=CO&ceid=CO:es,200,da8240226928ce943e9bf936085baa89ba92a13933046c02041941a6bd967782,219439,\N,sonda de supuesto
2026-08-21T07:48:43Z,https://news.google.com/rss/search?q=%22terremoto%22+%22colombia%22&hl=es-CO&gl=CO&ceid=CO:es,200,da8240226928ce943e9bf936085baa89ba92a13933046c02041941a6bd967782,219439,\N,sonda de supuesto
2026-08-21T07:48:44Z,https://rapidmapping.emergency.copernicus.eu/backend/dashboard-api/public-activations/,200,1fee0691a0e23855c9e78aacbc91a2890a8f33a7d9470d4423b108672df8df72,49,\N,sonda de supuesto
2026-08-21T07:48:44Z,https://rapidmapping.emergency.copernicus.eu/backend/dashboard-api/public-activations/?code=EMSR916,200,168c0f8276380024f92a7f51014f4405b9614756477c198587317740d8d6437c,41783,\N,sonda de supuesto
2026-08-21T07:48:44Z,https://rapidmapping.emergency.copernicus.eu/backend/dashboard-api/public-activations/?code=EMSR700,403,dbff0849bc109eee7f9b7b1fe12e40fc8add21823b2f1fb600b37f620cbd7862,58,\N,sonda de supuesto
2026-08-21T07:48:45Z,https://rapidmapping.emergency.copernicus.eu/backend/dashboard-api/public-activations/?code=EMSR916,200,168c0f8276380024f92a7f51014f4405b9614756477c198587317740d8d6437c,41783,\N,sonda de supuesto
2026-08-21T07:48:45Z,https://rapidmapping.emergency.copernicus.eu/backend/dashboard-api/public-activations/?code=EMSR916,200,168c0f8276380024f92a7f51014f4405b9614756477c198587317740d8d6437c,41783,\N,sonda de supuesto
2026-08-21T07:48:46Z,https://chatmap.hotosm.org/api/v1/map/89319bbb-a14a-4dfd-b9a1-c83b8b55785f,200,e2209616358f19b60f7befab9d6721747467ffe8c8413136d0ad990d707cf68f,230143,\N,sonda de supuesto
2026-08-21T07:48:46Z,https://earthquake.usgs.gov/fdsnws/event/1/query?eventid=us6000tjl2&format=geojson,200,9d9cdecb620491ca9cbe064e908ccd83d5fd2834fa02de0c80d83c4219ae9cd5,67044,\N,sonda de supuesto
2026-08-21T07:48:50Z,https://www.gdacs.org/gdacsapi/api/emm/getemmnewsbykey?eventtype=EQ&eventid=1557236,200,aa7a9d5babdd820d0c916c86a8f91b6ce87ada33a6e704b69847e6bf2b1853c4,1175678,\N,sonda de supuesto
2026-08-21T07:48:50Z,https://services2.arcgis.com/YVLx8xYoDXKccDfJ/arcgis/rest/services/REGISTRO_DE_EMERGENCIAS_EN_COLOMBIA/FeatureServer/0/query?where=1%3D1&f=json&resultRecordCount=1&outFields=MUERTOS%2CVIV_DESTRU%2CMUNICIPIO,200,3ef63243668bc2e5a8f8bcab749740625edf1fe451ff82e7c01ba5360471d382,792,\N,sonda de supuesto
2026-08-21T07:48:51Z,https://www.datos.gov.co/resource/wwkg-r6te.json?%24select=max%28fecha%29,200,9e69438b2fabe535e37608812d936a433f81bc015a63069d8b9bfb9b24644dfa,42,\N,sonda de supuesto
2026-08-21T07:48:56Z,https://rud.gestiondelriesgo.gov.co/home/json.php?temp=2026T,200,3c84ef8212ccc78780c4b66eb9466a089f4615206fbba6a0a8a6fd29b81de141,32843,\N,sonda de supuesto
2026-08-21T07:48:59Z,https://sertit.unistra.fr/cartographie-rapide/cartoaction/845/,200,c2d512cf0568e8fe2a180b4f71457a974344a860c66d6078faaa82b09e7acdb7,127475,\N,sonda de supuesto
2026-08-21T07:49:02Z,https://sertit.unistra.fr/wp-json/rms/v1/actions,404,cdc172d4a405ed4970eb9d2519f6806565d71efb70a326c30152b0183db7622d,183,\N,sonda de supuesto
2026-08-21T07:49:02Z,https://unosat.org/our_products/4253,200,7dea3f4dba17bc9c6b97f5ea132eeac79071d564f6c3704e37d0a2aa09f04158,2985,\N,sonda de supuesto
2026-08-21T07:49:03Z,https://unosat.org/our_products/,200,034bb930d73199c6fab5d994392b18b61e5d5683b3c2c7cc5c6c46616d8d8084,8085,\N,sonda de supuesto
2026-08-21T07:49:03Z,https://unosat.org/our_products/?glide=EQ20260810COL,200,034bb930d73199c6fab5d994392b18b61e5d5683b3c2c7cc5c6c46616d8d8084,8085,\N,sonda de supuesto
2026-08-21T07:49:04Z,https://unosat.org/our_products/,200,034bb930d73199c6fab5d994392b18b61e5d5683b3c2c7cc5c6c46616d8d8084,8085,\N,sonda de supuesto
2026-08-21T07:49:04Z,https://unosat.org/static/unosat_filesystem/4251/EQ20260810COL_SHP.zip,200,a92d568163cacf20af8f012f00c25d147c8cdd2f14364e66b8a4b49e715abd0d,75153,\N,sonda de supuesto
2026-08-21T07:49:04Z,https://unosat.org/static/unosat_filesystem/4253/EQ20260810COL_SHP.zip,200,a92d568163cacf20af8f012f00c25d147c8cdd2f14364e66b8a4b49e715abd0d,75153,\N,sonda de supuesto
2026-08-21T07:49:13Z,https://sertit.unistra.fr/cartographie-rapide/cartoaction/845/,200,c2d512cf0568e8fe2a180b4f71457a974344a860c66d6078faaa82b09e7acdb7,127475,data/snapshots/2026-08-21/sertit_cartoaction_845.html,sertit acción 845
2026-08-21T07:49:33Z,https://monitor-terremoto-colombia-oficiales-ai.inforesidencias.workers.dev/oficiales.json,200,2f216679b7ae7069a72c29afd5b3f6f4118004d6bf3680022f23a3f024bae2ab,107957,data/snapshots/2026-08-21/oficiales_feed.json,alerts balances
2026-08-21T07:49:39Z,https://news.google.com/rss/search?q=%22terremoto%22+%22colombia%22&hl=es-CO&gl=CO&ceid=CO:es,200,da8240226928ce943e9bf936085baa89ba92a13933046c02041941a6bd967782,219439,\N,sonda de supuesto
2026-08-21T07:49:39Z,https://news.google.com/rss/search?q=%22terremoto%22+%22colombia%22&hl=es-CO&gl=CO&ceid=CO:es,200,da8240226928ce943e9bf936085baa89ba92a13933046c02041941a6bd967782,219439,\N,sonda de supuesto
2026-08-21T07:49:40Z,https://rapidmapping.emergency.copernicus.eu/backend/dashboard-api/public-activations/,200,1fee0691a0e23855c9e78aacbc91a2890a8f33a7d9470d4423b108672df8df72,49,\N,sonda de supuesto
2026-08-21T07:49:40Z,https://rapidmapping.emergency.copernicus.eu/backend/dashboard-api/public-activations/?code=EMSR916,200,168c0f8276380024f92a7f51014f4405b9614756477c198587317740d8d6437c,41783,\N,sonda de supuesto
2026-08-21T07:49:40Z,https://rapidmapping.emergency.copernicus.eu/backend/dashboard-api/public-activations/?code=EMSR700,403,dbff0849bc109eee7f9b7b1fe12e40fc8add21823b2f1fb600b37f620cbd7862,58,\N,sonda de supuesto
2026-08-21T07:49:41Z,https://rapidmapping.emergency.copernicus.eu/backend/dashboard-api/public-activations/?code=EMSR916,200,168c0f8276380024f92a7f51014f4405b9614756477c198587317740d8d6437c,41783,\N,sonda de supuesto
2026-08-21T07:49:41Z,https://rapidmapping.emergency.copernicus.eu/backend/dashboard-api/public-activations/?code=EMSR916,200,168c0f8276380024f92a7f51014f4405b9614756477c198587317740d8d6437c,41783,\N,sonda de supuesto
2026-08-21T07:49:42Z,https://chatmap.hotosm.org/api/v1/map/89319bbb-a14a-4dfd-b9a1-c83b8b55785f,200,e2209616358f19b60f7befab9d6721747467ffe8c8413136d0ad990d707cf68f,230143,\N,sonda de supuesto
2026-08-21T07:49:42Z,https://earthquake.usgs.gov/fdsnws/event/1/query?eventid=us6000tjl2&format=geojson,200,9d9cdecb620491ca9cbe064e908ccd83d5fd2834fa02de0c80d83c4219ae9cd5,67044,\N,sonda de supuesto
2026-08-21T07:49:46Z,https://www.gdacs.org/gdacsapi/api/emm/getemmnewsbykey?eventtype=EQ&eventid=1557236,200,aa7a9d5babdd820d0c916c86a8f91b6ce87ada33a6e704b69847e6bf2b1853c4,1175678,\N,sonda de supuesto
2026-08-21T07:49:46Z,https://services2.arcgis.com/YVLx8xYoDXKccDfJ/arcgis/rest/services/REGISTRO_DE_EMERGENCIAS_EN_COLOMBIA/FeatureServer/0/query?where=1%3D1&f=json&resultRecordCount=1&outFields=MUERTOS%2CVIV_DESTRU%2CMUNICIPIO,200,3ef63243668bc2e5a8f8bcab749740625edf1fe451ff82e7c01ba5360471d382,792,\N,sonda de supuesto
2026-08-21T07:49:47Z,https://www.datos.gov.co/resource/wwkg-r6te.json?%24select=max%28fecha%29,200,9e69438b2fabe535e37608812d936a433f81bc015a63069d8b9bfb9b24644dfa,42,\N,sonda de supuesto
2026-08-21T07:49:51Z,https://rud.gestiondelriesgo.gov.co/home/json.php?temp=2026T,200,5fb8361ad9767df12971afd17f5f295b02c33c56555481f27e68fbc4b1bd3483,32843,\N,sonda de supuesto
2026-08-21T07:49:54Z,https://sertit.unistra.fr/cartographie-rapide/cartoaction/845/,200,c2d512cf0568e8fe2a180b4f71457a974344a860c66d6078faaa82b09e7acdb7,127475,\N,sonda de supuesto
2026-08-21T07:49:57Z,https://sertit.unistra.fr/wp-json/rms/v1/actions,404,cdc172d4a405ed4970eb9d2519f6806565d71efb70a326c30152b0183db7622d,183,\N,sonda de supuesto
2026-08-21T07:49:57Z,https://unosat.org/our_products/4253,200,7dea3f4dba17bc9c6b97f5ea132eeac79071d564f6c3704e37d0a2aa09f04158,2985,\N,sonda de supuesto
2026-08-21T07:49:57Z,https://unosat.org/our_products/,200,034bb930d73199c6fab5d994392b18b61e5d5683b3c2c7cc5c6c46616d8d8084,8085,\N,sonda de supuesto
2026-08-21T07:49:58Z,https://unosat.org/our_products/?glide=EQ20260810COL,200,034bb930d73199c6fab5d994392b18b61e5d5683b3c2c7cc5c6c46616d8d8084,8085,\N,sonda de supuesto
2026-08-21T07:49:58Z,https://unosat.org/our_products/,200,034bb930d73199c6fab5d994392b18b61e5d5683b3c2c7cc5c6c46616d8d8084,8085,\N,sonda de supuesto
2026-08-21T07:49:58Z,https://unosat.org/static/unosat_filesystem/4251/EQ20260810COL_SHP.zip,200,a92d568163cacf20af8f012f00c25d147c8cdd2f14364e66b8a4b49e715abd0d,75153,\N,sonda de supuesto
2026-08-21T07:49:59Z,https://unosat.org/static/unosat_filesystem/4253/EQ20260810COL_SHP.zip,200,a92d568163cacf20af8f012f00c25d147c8cdd2f14364e66b8a4b49e715abd0d,75153,\N,sonda de supuesto
2026-08-21T07:51:13Z,https://news.google.com/rss/search?q=%22terremoto%22+%22colombia%22&hl=es-CO&gl=CO&ceid=CO:es,200,f762ec571e6e609388cfd01dcd5376c9fc531dd00e8d129e14035441a887b7f0,222424,\N,sonda de supuesto
2026-08-21T07:51:13Z,https://news.google.com/rss/search?q=%22terremoto%22+%22colombia%22&hl=es-CO&gl=CO&ceid=CO:es,200,f762ec571e6e609388cfd01dcd5376c9fc531dd00e8d129e14035441a887b7f0,222424,\N,sonda de supuesto
2026-08-21T07:51:14Z,https://rapidmapping.emergency.copernicus.eu/backend/dashboard-api/public-activations/,200,1fee0691a0e23855c9e78aacbc91a2890a8f33a7d9470d4423b108672df8df72,49,\N,sonda de supuesto
2026-08-21T07:51:14Z,https://rapidmapping.emergency.copernicus.eu/backend/dashboard-api/public-activations/?code=EMSR916,200,168c0f8276380024f92a7f51014f4405b9614756477c198587317740d8d6437c,41783,\N,sonda de supuesto
2026-08-21T07:51:14Z,https://rapidmapping.emergency.copernicus.eu/backend/dashboard-api/public-activations/?code=EMSR700,403,dbff0849bc109eee7f9b7b1fe12e40fc8add21823b2f1fb600b37f620cbd7862,58,\N,sonda de supuesto
2026-08-21T07:51:15Z,https://rapidmapping.emergency.copernicus.eu/backend/dashboard-api/public-activations/?code=EMSR916,200,168c0f8276380024f92a7f51014f4405b9614756477c198587317740d8d6437c,41783,\N,sonda de supuesto
2026-08-21T07:51:15Z,https://rapidmapping.emergency.copernicus.eu/backend/dashboard-api/public-activations/?code=EMSR916,200,168c0f8276380024f92a7f51014f4405b9614756477c198587317740d8d6437c,41783,\N,sonda de supuesto
2026-08-21T07:51:16Z,https://chatmap.hotosm.org/api/v1/map/89319bbb-a14a-4dfd-b9a1-c83b8b55785f,200,e2209616358f19b60f7befab9d6721747467ffe8c8413136d0ad990d707cf68f,230143,\N,sonda de supuesto
2026-08-21T07:51:17Z,https://earthquake.usgs.gov/fdsnws/event/1/query?eventid=us6000tjl2&format=geojson,200,9d9cdecb620491ca9cbe064e908ccd83d5fd2834fa02de0c80d83c4219ae9cd5,67044,\N,sonda de supuesto
2026-08-21T07:51:21Z,https://www.gdacs.org/gdacsapi/api/emm/getemmnewsbykey?eventtype=EQ&eventid=1557236,200,aa7a9d5babdd820d0c916c86a8f91b6ce87ada33a6e704b69847e6bf2b1853c4,1175678,\N,sonda de supuesto
2026-08-21T07:51:22Z,https://services2.arcgis.com/YVLx8xYoDXKccDfJ/arcgis/rest/services/REGISTRO_DE_EMERGENCIAS_EN_COLOMBIA/FeatureServer/0/query?where=1%3D1&f=json&resultRecordCount=1&outFields=MUERTOS%2CVIV_DESTRU%2CMUNICIPIO,200,3ef63243668bc2e5a8f8bcab749740625edf1fe451ff82e7c01ba5360471d382,792,\N,sonda de supuesto
2026-08-21T07:51:23Z,https://www.datos.gov.co/resource/wwkg-r6te.json?%24select=max%28fecha%29,200,9e69438b2fabe535e37608812d936a433f81bc015a63069d8b9bfb9b24644dfa,42,\N,sonda de supuesto
2026-08-21T07:51:27Z,https://rud.gestiondelriesgo.gov.co/home/json.php?temp=2026T,200,453465df5100f054ca9dff0923aed62038499cb6ad3a8acd70eb552c7ecbfb7d,32843,\N,sonda de supuesto
2026-08-21T07:51:32Z,https://sertit.unistra.fr/cartographie-rapide/cartoaction/845/,200,c2d512cf0568e8fe2a180b4f71457a974344a860c66d6078faaa82b09e7acdb7,127475,\N,sonda de supuesto
2026-08-21T07:51:35Z,https://sertit.unistra.fr/wp-json/rms/v1/actions,404,cdc172d4a405ed4970eb9d2519f6806565d71efb70a326c30152b0183db7622d,183,\N,sonda de supuesto
2026-08-21T07:51:35Z,https://unosat.org/our_products/4253,200,7dea3f4dba17bc9c6b97f5ea132eeac79071d564f6c3704e37d0a2aa09f04158,2985,\N,sonda de supuesto
2026-08-21T07:51:35Z,https://unosat.org/our_products/,200,034bb930d73199c6fab5d994392b18b61e5d5683b3c2c7cc5c6c46616d8d8084,8085,\N,sonda de supuesto
2026-08-21T07:51:36Z,https://unosat.org/our_products/?glide=EQ20260810COL,200,034bb930d73199c6fab5d994392b18b61e5d5683b3c2c7cc5c6c46616d8d8084,8085,\N,sonda de supuesto
2026-08-21T07:51:36Z,https://unosat.org/our_products/,200,034bb930d73199c6fab5d994392b18b61e5d5683b3c2c7cc5c6c46616d8d8084,8085,\N,sonda de supuesto
2026-08-21T07:51:37Z,https://unosat.org/static/unosat_filesystem/4251/EQ20260810COL_SHP.zip,200,a92d568163cacf20af8f012f00c25d147c8cdd2f14364e66b8a4b49e715abd0d,75153,\N,sonda de supuesto
2026-08-21T07:51:38Z,https://unosat.org/static/unosat_filesystem/4253/EQ20260810COL_SHP.zip,200,a92d568163cacf20af8f012f00c25d147c8cdd2f14364e66b8a4b49e715abd0d,75153,\N,sonda de supuesto
2026-08-21T07:52:41Z,https://news.google.com/rss/search?q=%22terremoto%22+%22colombia%22&hl=es-CO&gl=CO&ceid=CO:es,200,f762ec571e6e609388cfd01dcd5376c9fc531dd00e8d129e14035441a887b7f0,222424,\N,sonda de supuesto
2026-08-21T07:52:41Z,https://news.google.com/rss/search?q=%22terremoto%22+%22colombia%22&hl=es-CO&gl=CO&ceid=CO:es,200,f762ec571e6e609388cfd01dcd5376c9fc531dd00e8d129e14035441a887b7f0,222424,\N,sonda de supuesto
2026-08-21T07:52:42Z,https://rapidmapping.emergency.copernicus.eu/backend/dashboard-api/public-activations/,200,1fee0691a0e23855c9e78aacbc91a2890a8f33a7d9470d4423b108672df8df72,49,\N,sonda de supuesto
2026-08-21T07:52:43Z,https://rapidmapping.emergency.copernicus.eu/backend/dashboard-api/public-activations/?code=EMSR916,200,168c0f8276380024f92a7f51014f4405b9614756477c198587317740d8d6437c,41783,\N,sonda de supuesto
2026-08-21T07:52:43Z,https://rapidmapping.emergency.copernicus.eu/backend/dashboard-api/public-activations/?code=EMSR700,403,dbff0849bc109eee7f9b7b1fe12e40fc8add21823b2f1fb600b37f620cbd7862,58,\N,sonda de supuesto
2026-08-21T07:52:43Z,https://rapidmapping.emergency.copernicus.eu/backend/dashboard-api/public-activations/?code=EMSR916,200,168c0f8276380024f92a7f51014f4405b9614756477c198587317740d8d6437c,41783,\N,sonda de supuesto
2026-08-21T07:52:44Z,https://rapidmapping.emergency.copernicus.eu/backend/dashboard-api/public-activations/?code=EMSR916,200,168c0f8276380024f92a7f51014f4405b9614756477c198587317740d8d6437c,41783,\N,sonda de supuesto
2026-08-21T07:52:45Z,https://chatmap.hotosm.org/api/v1/map/89319bbb-a14a-4dfd-b9a1-c83b8b55785f,200,e2209616358f19b60f7befab9d6721747467ffe8c8413136d0ad990d707cf68f,230143,\N,sonda de supuesto
2026-08-21T07:52:46Z,https://earthquake.usgs.gov/fdsnws/event/1/query?eventid=us6000tjl2&format=geojson,200,9d9cdecb620491ca9cbe064e908ccd83d5fd2834fa02de0c80d83c4219ae9cd5,67044,\N,sonda de supuesto
2026-08-21T07:52:52Z,https://www.gdacs.org/gdacsapi/api/emm/getemmnewsbykey?eventtype=EQ&eventid=1557236,200,e7cf1135643d1ec530c2b29e28d2d9933418f234a82719404d5a3820d92a5bd3,1175678,\N,sonda de supuesto
2026-08-21T07:52:53Z,https://services2.arcgis.com/YVLx8xYoDXKccDfJ/arcgis/rest/services/REGISTRO_DE_EMERGENCIAS_EN_COLOMBIA/FeatureServer/0/query?where=1%3D1&f=json&resultRecordCount=1&outFields=MUERTOS%2CVIV_DESTRU%2CMUNICIPIO,200,3ef63243668bc2e5a8f8bcab749740625edf1fe451ff82e7c01ba5360471d382,792,\N,sonda de supuesto
2026-08-21T07:52:54Z,https://www.datos.gov.co/resource/wwkg-r6te.json?%24select=max%28fecha%29,200,9e69438b2fabe535e37608812d936a433f81bc015a63069d8b9bfb9b24644dfa,42,\N,sonda de supuesto
2026-08-21T07:52:59Z,https://rud.gestiondelriesgo.gov.co/home/json.php?temp=2026T,200,af6e8e0395cd35d27d28ab244381b6809e907e76ee3a591651582487328f5545,32843,\N,sonda de supuesto
2026-08-21T07:53:03Z,https://sertit.unistra.fr/cartographie-rapide/cartoaction/845/,200,c2d512cf0568e8fe2a180b4f71457a974344a860c66d6078faaa82b09e7acdb7,127475,\N,sonda de supuesto
2026-08-21T07:53:06Z,https://sertit.unistra.fr/wp-json/rms/v1/actions,404,cdc172d4a405ed4970eb9d2519f6806565d71efb70a326c30152b0183db7622d,183,\N,sonda de supuesto
2026-08-21T07:53:06Z,https://unosat.org/our_products/4253,200,7dea3f4dba17bc9c6b97f5ea132eeac79071d564f6c3704e37d0a2aa09f04158,2985,\N,sonda de supuesto
2026-08-21T07:53:07Z,https://unosat.org/our_products/,200,034bb930d73199c6fab5d994392b18b61e5d5683b3c2c7cc5c6c46616d8d8084,8085,\N,sonda de supuesto
2026-08-21T07:53:07Z,https://unosat.org/our_products/?glide=EQ20260810COL,200,034bb930d73199c6fab5d994392b18b61e5d5683b3c2c7cc5c6c46616d8d8084,8085,\N,sonda de supuesto
2026-08-21T07:53:08Z,https://unosat.org/our_products/,200,034bb930d73199c6fab5d994392b18b61e5d5683b3c2c7cc5c6c46616d8d8084,8085,\N,sonda de supuesto
2026-08-21T07:53:08Z,https://unosat.org/static/unosat_filesystem/4251/EQ20260810COL_SHP.zip,200,a92d568163cacf20af8f012f00c25d147c8cdd2f14364e66b8a4b49e715abd0d,75153,\N,sonda de supuesto
2026-08-21T07:53:08Z,https://unosat.org/static/unosat_filesystem/4253/EQ20260810COL_SHP.zip,200,a92d568163cacf20af8f012f00c25d147c8cdd2f14364e66b8a4b49e715abd0d,75153,\N,sonda de supuesto
2026-08-21T07:56:31Z,https://monitor-terremoto-colombia-oficiales-ai.inforesidencias.workers.dev/oficiales.json,200,2f216679b7ae7069a72c29afd5b3f6f4118004d6bf3680022f23a3f024bae2ab,107957,data/snapshots/2026-08-21/oficiales_feed.json,alerts balances
2026-08-21T07:58:02Z,https://monitor-terremoto-colombia-oficiales-ai.inforesidencias.workers.dev/oficiales.json,200,2f216679b7ae7069a72c29afd5b3f6f4118004d6bf3680022f23a3f024bae2ab,107957,data/snapshots/2026-08-21/oficiales_feed.json,alerts balances
