paquete_sha,capa,idx,productos,municipio,departamento,sensor,sensor_date,dano,dano_agrupado,confianza,validacion_campo,event_code,notas,lat,lon,first_seen,snapshot_date
b37d2d786854a896f40021ac437702fd56223e59592b7fae534d1a37e8969fbc,PHR_20260812_BuildingDamageAsessment_Anserma,0,"4251,4252,4253",Anserma,Caldas,Pleiades,20260812,Damage,Damaged Buildings,To Be Evaluated,Not yet field validated,EQ20260810COL,\N,5.2495694390000835,-75.77879185799992,2026-08-19T16:48:49Z,2026-08-19
b37d2d786854a896f40021ac437702fd56223e59592b7fae534d1a37e8969fbc,PHR_20260812_BuildingDamageAsessment_Anserma,1,"4251,4252,4253",Anserma,Caldas,Pleiades,20260812,Possible Damage,Damaged Buildings,To Be Evaluated,Not yet field validated,EQ20260810COL,\N,5.249641172000054,-75.77875344199992,2026-08-19T16:48:49Z,2026-08-19
b37d2d786854a896f40021ac437702fd56223e59592b7fae534d1a37e8969fbc,PHR_20260812_BuildingDamageAsessment_Anserma,2,"4251,4252,4253",Anserma,Caldas,Pleiades,20260812,Possible Damage,Damaged Buildings,To Be Evaluated,Not yet field validated,EQ20260810COL,\N,5.248857616000066,-75.7791815249999,2026-08-19T16:48:49Z,2026-08-19
b37d2d786854a896f40021ac437702fd56223e59592b7fae534d1a37e8969fbc,PHR_20260812_BuildingDamageAsessment_Anserma,3,"4251,4252,4253",Anserma,Caldas,Pleiades,20260812,Possible Damage,Damaged Buildings,To Be Evaluated,Not yet field validated,EQ20260810COL,\N,5.248901654000065,-75.77924208699994,2026-08-19T16:48:49Z,2026-08-19
b37d2d786854a896f40021ac437702fd56223e59592b7fae534d1a37e8969fbc,PHR_20260812_BuildingDamageAsessment_Anserma,4,"4251,4252,4253",Anserma,Caldas,Pleiades,20260812,Possible Damage,Damaged Buildings,To Be Evaluated,Not yet field validated,EQ20260810COL,\N,5.249450732000071,-75.77891272699992,2026-08-19T16:48:49Z,2026-08-19
b37d2d786854a896f40021ac437702fd56223e59592b7fae534d1a37e8969fbc,PHR_20260812_BuildingDamageAsessment_Anserma,5,"4251,4252,4253",Anserma,Caldas,Pleiades,20260812,Possible Damage,Damaged Buildings,To Be Evaluated,Not yet field validated,EQ20260810COL,\N,5.2490507650000495,-75.77906074899994,2026-08-19T16:48:49Z,2026-08-19
b37d2d786854a896f40021ac437702fd56223e59592b7fae534d1a37e8969fbc,PHR_20260812_BuildingDamageAsessment_Anserma,6,"4251,4252,4253",Anserma,Caldas,Pleiades,20260812,Possible Damage,Damaged Buildings,To Be Evaluated,Not yet field validated,EQ20260810COL,\N,5.248758732000056,-75.78066483299995,2026-08-19T16:48:49Z,2026-08-19
b37d2d786854a896f40021ac437702fd56223e59592b7fae534d1a37e8969fbc,PHR_20260812_BuildingDamageAsessment_Anserma,7,"4251,4252,4253",Anserma,Caldas,Pleiades,20260812,Damage,Damaged Buildings,To Be Evaluated,Not yet field validated,EQ20260810COL,\N,5.248204400000077,-75.78078515899995,2026-08-19T16:48:49Z,2026-08-19
b37d2d786854a896f40021ac437702fd56223e59592b7fae534d1a37e8969fbc,PHR_20260812_BuildingDamageAsessment_Anserma,8,"4251,4252,4253",Anserma,Caldas,Pleiades,20260812,Possible Damage,Damaged Buildings,To Be Evaluated,Not yet field validated,EQ20260810COL,\N,5.248185427000067,-75.78052385299992,2026-08-19T16:48:49Z,2026-08-19
b37d2d786854a896f40021ac437702fd56223e59592b7fae534d1a37e8969fbc,PHR_20260812_BuildingDamageAsessment_Anserma,9,"4251,4252,4253",Anserma,Caldas,Pleiades,20260812,Possible Damage,Damaged Buildings,To Be Evaluated,Not yet field validated,EQ20260810COL,\N,5.248290142000087,-75.78056798799992,2026-08-19T16:48:49Z,2026-08-19
b37d2d786854a896f40021ac437702fd56223e59592b7fae534d1a37e8969fbc,PHR_20260812_BuildingDamageAsessment_Anserma,10,"4251,4252,4253",Anserma,Caldas,Pleiades,20260812,Possible Damage,Damaged Buildings,To Be Evaluated,Not yet field validated,EQ20260810COL,\N,5.248205640000037,-75.77979228599992,2026-08-19T16:48:49Z,2026-08-19
b37d2d786854a896f40021ac437702fd56223e59592b7fae534d1a37e8969fbc,PHR_20260812_BuildingDamageAsessment_Anserma,11,"4251,4252,4253",Anserma,Caldas,Pleiades,20260812,Possible Damage,Damaged Buildings,To Be Evaluated,Not yet field validated,EQ20260810COL,\N,5.248376715000063,-75.77968523399994,2026-08-19T16:48:49Z,2026-08-19
b37d2d786854a896f40021ac437702fd56223e59592b7fae534d1a37e8969fbc,PHR_20260812_BuildingDamageAsessment_Anserma,12,"4251,4252,4253",Anserma,Caldas,Pleiades,20260812,Possible Damage,Damaged Buildings,To Be Evaluated,Not yet field validated,EQ20260810COL,\N,5.2485129700000925,-75.7809670659999,2026-08-19T16:48:49Z,2026-08-19
b37d2d786854a896f40021ac437702fd56223e59592b7fae534d1a37e8969fbc,PHR_20260812_BuildingDamageAsessment_Anserma,13,"4251,4252,4253",Anserma,Caldas,Pleiades,20260812,Possible Damage,Damaged Buildings,To Be Evaluated,Not yet field validated,EQ20260810COL,\N,5.247277387000054,-75.78128181799991,2026-08-19T16:48:49Z,2026-08-19
b37d2d786854a896f40021ac437702fd56223e59592b7fae534d1a37e8969fbc,PHR_20260812_BuildingDamageAsessment_Anserma,14,"4251,4252,4253",Anserma,Caldas,Pleiades,20260812,Possible Damage,Damaged Buildings,To Be Evaluated,Not yet field validated,EQ20260810COL,\N,5.246837935000087,-75.77993085399993,2026-08-19T16:48:49Z,2026-08-19
b37d2d786854a896f40021ac437702fd56223e59592b7fae534d1a37e8969fbc,PHR_20260812_BuildingDamageAsessment_Anserma,15,"4251,4252,4253",Anserma,Caldas,Pleiades,20260812,Possible Damage,Damaged Buildings,To Be Evaluated,Not yet field validated,EQ20260810COL,\N,5.247705776000089,-75.77833324699992,2026-08-19T16:48:49Z,2026-08-19
b37d2d786854a896f40021ac437702fd56223e59592b7fae534d1a37e8969fbc,PHR_20260812_BuildingDamageAsessment_Anserma,16,"4251,4252,4253",Anserma,Caldas,Pleiades,20260812,Damage,Damaged Buildings,To Be Evaluated,Not yet field validated,EQ20260810COL,\N,5.242971229000091,-75.78100069599992,2026-08-19T16:48:49Z,2026-08-19
b37d2d786854a896f40021ac437702fd56223e59592b7fae534d1a37e8969fbc,PHR_20260812_BuildingDamageAsessment_Anserma,17,"4251,4252,4253",Anserma,Caldas,Pleiades,20260812,Damage,Damaged Buildings,To Be Evaluated,Not yet field validated,EQ20260810COL,\N,5.243051285000092,-75.78092103599994,2026-08-19T16:48:49Z,2026-08-19
b37d2d786854a896f40021ac437702fd56223e59592b7fae534d1a37e8969fbc,PHR_20260812_BuildingDamageAsessment_Anserma,18,"4251,4252,4253",Anserma,Caldas,Pleiades,20260812,Damage,Damaged Buildings,To Be Evaluated,Not yet field validated,EQ20260810COL,\N,5.246938489000058,-75.77898137699992,2026-08-19T16:48:49Z,2026-08-19
b37d2d786854a896f40021ac437702fd56223e59592b7fae534d1a37e8969fbc,PHR_20260812_BuildingDamageAsessment_Anserma,19,"4251,4252,4253",Anserma,Caldas,Pleiades,20260812,Possible Damage,Damaged Buildings,To Be Evaluated,Not yet field validated,EQ20260810COL,\N,5.247382560000062,-75.7809601589999,2026-08-19T16:48:49Z,2026-08-19
b37d2d786854a896f40021ac437702fd56223e59592b7fae534d1a37e8969fbc,PHR_20260812_BuildingDamageAsessment_Anserma,20,"4251,4252,4253",Anserma,Caldas,Pleiades,20260812,Possible Damage,Damaged Buildings,To Be Evaluated,Not yet field validated,EQ20260810COL,\N,5.248105499000076,-75.78238122599993,2026-08-19T16:48:49Z,2026-08-19
b37d2d786854a896f40021ac437702fd56223e59592b7fae534d1a37e8969fbc,PHR_20260812_BuildingDamageAsessment_Anserma,21,"4251,4252,4253",Anserma,Caldas,Pleiades,20260812,Possible Damage,Damaged Buildings,To Be Evaluated,Not yet field validated,EQ20260810COL,\N,5.246130348000065,-75.7792251539999,2026-08-19T16:48:49Z,2026-08-19
b37d2d786854a896f40021ac437702fd56223e59592b7fae534d1a37e8969fbc,PHR_20260812_BuildingDamageAsessment_Anserma,22,"4251,4252,4253",Anserma,Caldas,Pleiades,20260812,Possible Damage,Damaged Buildings,To Be Evaluated,Not yet field validated,EQ20260810COL,\N,5.24621139900006,-75.78102680099994,2026-08-19T16:48:49Z,2026-08-19
b37d2d786854a896f40021ac437702fd56223e59592b7fae534d1a37e8969fbc,PHR_20260812_BuildingDamageAsessment_Anserma,23,"4251,4252,4253",Anserma,Caldas,Pleiades,20260812,Damage,Damaged Buildings,To Be Evaluated,Not yet field validated,EQ20260810COL,\N,5.2468142850000845,-75.77908848599992,2026-08-19T16:48:49Z,2026-08-19
b37d2d786854a896f40021ac437702fd56223e59592b7fae534d1a37e8969fbc,PHR_20260812_BuildingDamageAsessment_Anserma,24,"4251,4252,4253",Anserma,Caldas,Pleiades,20260812,Possible Damage,Damaged Buildings,To Be Evaluated,Not yet field validated,EQ20260810COL,\N,5.245809479000059,-75.78053124099995,2026-08-19T16:48:49Z,2026-08-19
b37d2d786854a896f40021ac437702fd56223e59592b7fae534d1a37e8969fbc,PHR_20260812_BuildingDamageAsessment_Anserma,25,"4251,4252,4253",Anserma,Caldas,Pleiades,20260812,Possible Damage,Damaged Buildings,To Be Evaluated,Not yet field validated,EQ20260810COL,\N,5.2461130730000605,-75.77981275399992,2026-08-19T16:48:49Z,2026-08-19
b37d2d786854a896f40021ac437702fd56223e59592b7fae534d1a37e8969fbc,PHR_20260812_BuildingDamageAsessment_Anserma,26,"4251,4252,4253",Anserma,Caldas,Pleiades,20260812,Possible Damage,Damaged Buildings,To Be Evaluated,Not yet field validated,EQ20260810COL,\N,5.244148623000058,-75.78312266199993,2026-08-19T16:48:49Z,2026-08-19
b37d2d786854a896f40021ac437702fd56223e59592b7fae534d1a37e8969fbc,PHR_20260812_BuildingDamageAsessment_Anserma,27,"4251,4252,4253",Anserma,Caldas,Pleiades,20260812,Possible Damage,Damaged Buildings,To Be Evaluated,Not yet field validated,EQ20260810COL,\N,5.243861680000066,-75.78328457399994,2026-08-19T16:48:49Z,2026-08-19
b37d2d786854a896f40021ac437702fd56223e59592b7fae534d1a37e8969fbc,PHR_20260812_BuildingDamageAsessment_Anserma,28,"4251,4252,4253",Anserma,Caldas,Pleiades,20260812,Possible Damage,Damaged Buildings,To Be Evaluated,Not yet field validated,EQ20260810COL,\N,5.24401062600009,-75.78323525299993,2026-08-19T16:48:49Z,2026-08-19
b37d2d786854a896f40021ac437702fd56223e59592b7fae534d1a37e8969fbc,PHR_20260812_BuildingDamageAsessment_Anserma,29,"4251,4252,4253",Anserma,Caldas,Pleiades,20260812,Possible Damage,Damaged Buildings,To Be Evaluated,Not yet field validated,EQ20260810COL,\N,5.242394095000066,-75.7824202839999,2026-08-19T16:48:49Z,2026-08-19
b37d2d786854a896f40021ac437702fd56223e59592b7fae534d1a37e8969fbc,PHR_20260812_BuildingDamageAsessment_Anserma,30,"4251,4252,4253",Anserma,Caldas,Pleiades,20260812,Possible Damage,Damaged Buildings,To Be Evaluated,Not yet field validated,EQ20260810COL,\N,5.24234711400004,-75.7825082359999,2026-08-19T16:48:49Z,2026-08-19
b37d2d786854a896f40021ac437702fd56223e59592b7fae534d1a37e8969fbc,PHR_20260812_BuildingDamageAsessment_Anserma,31,"4251,4252,4253",Anserma,Caldas,Pleiades,20260812,Possible Damage,Damaged Buildings,To Be Evaluated,Not yet field validated,EQ20260810COL,\N,5.240466220000087,-75.78155663199993,2026-08-19T16:48:49Z,2026-08-19
b37d2d786854a896f40021ac437702fd56223e59592b7fae534d1a37e8969fbc,PHR_20260812_BuildingDamageAsessment_Anserma,32,"4251,4252,4253",Anserma,Caldas,Pleiades,20260812,Possible Damage,Damaged Buildings,To Be Evaluated,Not yet field validated,EQ20260810COL,\N,5.2404109650000805,-75.7816473229999,2026-08-19T16:48:49Z,2026-08-19
b37d2d786854a896f40021ac437702fd56223e59592b7fae534d1a37e8969fbc,PHR_20260812_BuildingDamageAsessment_Anserma,33,"4251,4252,4253",Anserma,Caldas,Pleiades,20260812,Possible Damage,Damaged Buildings,To Be Evaluated,Not yet field validated,EQ20260810COL,\N,5.240532573000053,-75.78141094799992,2026-08-19T16:48:49Z,2026-08-19
b37d2d786854a896f40021ac437702fd56223e59592b7fae534d1a37e8969fbc,PHR_20260812_BuildingDamageAsessment_Anserma,34,"4251,4252,4253",Anserma,Caldas,Pleiades,20260812,Possible Damage,Damaged Buildings,To Be Evaluated,Not yet field validated,EQ20260810COL,\N,5.247756644000049,-75.7796412969999,2026-08-19T16:48:49Z,2026-08-19
b37d2d786854a896f40021ac437702fd56223e59592b7fae534d1a37e8969fbc,PHR_20260812_BuildingDamageAsessment_Anserma,35,"4251,4252,4253",Anserma,Caldas,Pleiades,20260812,Possible Damage,Damaged Buildings,To Be Evaluated,Not yet field validated,EQ20260810COL,\N,5.247939761000055,-75.77987600199992,2026-08-19T16:48:49Z,2026-08-19
b37d2d786854a896f40021ac437702fd56223e59592b7fae534d1a37e8969fbc,PHR_20260812_BuildingDamageAsessment_Anserma,36,"4251,4252,4253",Anserma,Caldas,Pleiades,20260812,Possible Damage,Damaged Buildings,To Be Evaluated,Not yet field validated,EQ20260810COL,\N,5.247485850000089,-75.77818000799994,2026-08-19T16:48:49Z,2026-08-19
b37d2d786854a896f40021ac437702fd56223e59592b7fae534d1a37e8969fbc,PHR_20260812_BuildingDamageAsessment_Anserma,37,"4251,4252,4253",Anserma,Caldas,Pleiades,20260812,Possible Damage,Damaged Buildings,To Be Evaluated,Not yet field validated,EQ20260810COL,\N,5.2477327380000816,-75.77840753999993,2026-08-19T16:48:49Z,2026-08-19
b37d2d786854a896f40021ac437702fd56223e59592b7fae534d1a37e8969fbc,PHR_20260812_BuildingDamageAsessment_Anserma,38,"4251,4252,4253",Anserma,Caldas,Pleiades,20260812,Possible Damage,Damaged Buildings,To Be Evaluated,Not yet field validated,EQ20260810COL,\N,5.246728583000049,-75.77915323799994,2026-08-19T16:48:49Z,2026-08-19
b37d2d786854a896f40021ac437702fd56223e59592b7fae534d1a37e8969fbc,PHR_20260812_BuildingDamageAsessment_Anserma,39,"4251,4252,4253",Anserma,Caldas,Pleiades,20260812,Possible Damage,Damaged Buildings,To Be Evaluated,Not yet field validated,EQ20260810COL,\N,5.246670407000067,-75.77916766999994,2026-08-19T16:48:49Z,2026-08-19
b37d2d786854a896f40021ac437702fd56223e59592b7fae534d1a37e8969fbc,PHR_20260812_BuildingDamageAsessment_Anserma,40,"4251,4252,4253",Anserma,Caldas,Pleiades,20260812,Possible Damage,Damaged Buildings,To Be Evaluated,Not yet field validated,EQ20260810COL,\N,5.247243266000055,-75.77838759499991,2026-08-19T16:48:49Z,2026-08-19
b37d2d786854a896f40021ac437702fd56223e59592b7fae534d1a37e8969fbc,PHR_20260812_BuildingDamageAsessment_Anserma,41,"4251,4252,4253",Anserma,Caldas,Pleiades,20260812,Possible Damage,Damaged Buildings,To Be Evaluated,Not yet field validated,EQ20260810COL,\N,5.246454958000072,-75.77899093999991,2026-08-19T16:48:49Z,2026-08-19
b37d2d786854a896f40021ac437702fd56223e59592b7fae534d1a37e8969fbc,PHR_20260812_BuildingDamageAsessment_Anserma,42,"4251,4252,4253",Anserma,Caldas,Pleiades,20260812,Possible Damage,Damaged Buildings,To Be Evaluated,Not yet field validated,EQ20260810COL,\N,5.246308690000092,-75.77969041299991,2026-08-19T16:48:49Z,2026-08-19
b37d2d786854a896f40021ac437702fd56223e59592b7fae534d1a37e8969fbc,PHR_20260812_BuildingDamageAsessment_Anserma,43,"4251,4252,4253",Anserma,Caldas,Pleiades,20260812,Possible Damage,Damaged Buildings,To Be Evaluated,Not yet field validated,EQ20260810COL,\N,5.246403239000074,-75.77965668899992,2026-08-19T16:48:49Z,2026-08-19
b37d2d786854a896f40021ac437702fd56223e59592b7fae534d1a37e8969fbc,PHR_20260812_BuildingDamageAsessment_Anserma,44,"4251,4252,4253",Anserma,Caldas,Pleiades,20260812,Possible Damage,Damaged Buildings,To Be Evaluated,Not yet field validated,EQ20260810COL,\N,5.247511940000038,-75.78154582099995,2026-08-19T16:48:49Z,2026-08-19
b37d2d786854a896f40021ac437702fd56223e59592b7fae534d1a37e8969fbc,PHR_20260812_BuildingDamageAsessment_Anserma,45,"4251,4252,4253",Anserma,Caldas,Pleiades,20260812,Possible Damage,Damaged Buildings,To Be Evaluated,Not yet field validated,EQ20260810COL,\N,5.247460925000041,-75.78164728299993,2026-08-19T16:48:49Z,2026-08-19
b37d2d786854a896f40021ac437702fd56223e59592b7fae534d1a37e8969fbc,PHR_20260812_BuildingDamageAsessment_Anserma,46,"4251,4252,4253",Anserma,Caldas,Pleiades,20260812,Damage,Damaged Buildings,To Be Evaluated,Not yet field validated,EQ20260810COL,\N,5.247446307000075,-75.78171011499995,2026-08-19T16:48:49Z,2026-08-19
b37d2d786854a896f40021ac437702fd56223e59592b7fae534d1a37e8969fbc,PHR_20260812_BuildingDamageAsessment_Anserma,47,"4251,4252,4253",Anserma,Caldas,Pleiades,20260812,Possible Damage,Damaged Buildings,To Be Evaluated,Not yet field validated,EQ20260810COL,\N,5.245028147000085,-75.78127350499994,2026-08-19T16:48:49Z,2026-08-19
b37d2d786854a896f40021ac437702fd56223e59592b7fae534d1a37e8969fbc,PHR_20260812_BuildingDamageAsessment_Anserma,48,"4251,4252,4253",Anserma,Caldas,Pleiades,20260812,Possible Damage,Damaged Buildings,To Be Evaluated,Not yet field validated,EQ20260810COL,\N,5.243086706000042,-75.78087949199994,2026-08-19T16:48:49Z,2026-08-19
b37d2d786854a896f40021ac437702fd56223e59592b7fae534d1a37e8969fbc,PHR_20260812_BuildingDamageAsessment_Anserma,49,"4251,4252,4253",Anserma,Caldas,Pleiades,20260812,Possible Damage,Damaged Buildings,To Be Evaluated,Not yet field validated,EQ20260810COL,\N,5.2434917960000575,-75.78055366299992,2026-08-19T16:48:49Z,2026-08-19
b37d2d786854a896f40021ac437702fd56223e59592b7fae534d1a37e8969fbc,PHR_20260812_BuildingDamageAsessment_Anserma,50,"4251,4252,4253",Anserma,Caldas,Pleiades,20260812,Possible Damage,Damaged Buildings,To Be Evaluated,Not yet field validated,EQ20260810COL,\N,5.241654305000054,-75.78217835599992,2026-08-19T16:48:49Z,2026-08-19
b37d2d786854a896f40021ac437702fd56223e59592b7fae534d1a37e8969fbc,PHR_20260812_BuildingDamageAsessment_Anserma,51,"4251,4252,4253",Anserma,Caldas,Pleiades,20260812,Possible Damage,Damaged Buildings,To Be Evaluated,Not yet field validated,EQ20260810COL,\N,5.241934585000081,-75.7828313679999,2026-08-19T16:48:49Z,2026-08-19
b37d2d786854a896f40021ac437702fd56223e59592b7fae534d1a37e8969fbc,PHR_20260812_BuildingDamageAsessment_Anserma,52,"4251,4252,4253",Anserma,Caldas,Pleiades,20260812,Possible Damage,Damaged Buildings,To Be Evaluated,Not yet field validated,EQ20260810COL,\N,5.242019456000094,-75.78278554499991,2026-08-19T16:48:49Z,2026-08-19
b37d2d786854a896f40021ac437702fd56223e59592b7fae534d1a37e8969fbc,PHR_20260812_BuildingDamageAsessment_Anserma,53,"4251,4252,4253",Anserma,Caldas,Pleiades,20260812,Possible Damage,Damaged Buildings,To Be Evaluated,Not yet field validated,EQ20260810COL,\N,5.242080098000088,-75.78273727499993,2026-08-19T16:48:49Z,2026-08-19
b37d2d786854a896f40021ac437702fd56223e59592b7fae534d1a37e8969fbc,PHR_20260812_BuildingDamageAsessment_Anserma,54,"4251,4252,4253",Anserma,Caldas,Pleiades,20260812,Possible Damage,Damaged Buildings,To Be Evaluated,Not yet field validated,EQ20260810COL,\N,5.2407142180000506,-75.78340349599995,2026-08-19T16:48:49Z,2026-08-19
b37d2d786854a896f40021ac437702fd56223e59592b7fae534d1a37e8969fbc,PHR_20260812_BuildingDamageAsessment_Anserma,55,"4251,4252,4253",Anserma,Caldas,Pleiades,20260812,Possible Damage,Damaged Buildings,To Be Evaluated,Not yet field validated,EQ20260810COL,\N,5.240619766000066,-75.78335986699994,2026-08-19T16:48:49Z,2026-08-19
b37d2d786854a896f40021ac437702fd56223e59592b7fae534d1a37e8969fbc,PHR_20260812_BuildingDamageAsessment_Anserma,56,"4251,4252,4253",Anserma,Caldas,Pleiades,20260812,Damage,Damaged Buildings,To Be Evaluated,Not yet field validated,EQ20260810COL,\N,5.243350135000071,-75.78531310499994,2026-08-19T16:48:49Z,2026-08-19
b37d2d786854a896f40021ac437702fd56223e59592b7fae534d1a37e8969fbc,PHR_20260812_BuildingDamageAsessment_Anserma,57,"4251,4252,4253",Anserma,Caldas,Pleiades,20260812,Possible Damage,Damaged Buildings,To Be Evaluated,Not yet field validated,EQ20260810COL,\N,5.2432000910000625,-75.78515579499992,2026-08-19T16:48:49Z,2026-08-19
b37d2d786854a896f40021ac437702fd56223e59592b7fae534d1a37e8969fbc,PHR_20260812_BuildingDamageAsessment_Anserma,58,"4251,4252,4253",Anserma,Caldas,Pleiades,20260812,Possible Damage,Damaged Buildings,To Be Evaluated,Not yet field validated,EQ20260810COL,\N,5.243090963000043,-75.78522092499992,2026-08-19T16:48:49Z,2026-08-19
b37d2d786854a896f40021ac437702fd56223e59592b7fae534d1a37e8969fbc,PHR_20260812_BuildingDamageAsessment_Anserma,59,"4251,4252,4253",Anserma,Caldas,Pleiades,20260812,Possible Damage,Damaged Buildings,To Be Evaluated,Not yet field validated,EQ20260810COL,\N,5.243006083000068,-75.78527399899991,2026-08-19T16:48:49Z,2026-08-19
b37d2d786854a896f40021ac437702fd56223e59592b7fae534d1a37e8969fbc,PHR_20260812_BuildingDamageAsessment_Anserma,60,"4251,4252,4253",Anserma,Caldas,Pleiades,20260812,Possible Damage,Damaged Buildings,To Be Evaluated,Not yet field validated,EQ20260810COL,\N,5.240471009000089,-75.7855584859999,2026-08-19T16:48:49Z,2026-08-19
b37d2d786854a896f40021ac437702fd56223e59592b7fae534d1a37e8969fbc,PHR_20260812_BuildingDamageAsessment_Anserma,61,"4251,4252,4253",Anserma,Caldas,Pleiades,20260812,Damage,Damaged Buildings,To Be Evaluated,Not yet field validated,EQ20260810COL,\N,5.2408435000000395,-75.78381323199994,2026-08-19T16:48:49Z,2026-08-19
b37d2d786854a896f40021ac437702fd56223e59592b7fae534d1a37e8969fbc,PHR_20260812_BuildingDamageAsessment_Anserma,62,"4251,4252,4253",Anserma,Caldas,Pleiades,20260812,Possible Damage,Damaged Buildings,To Be Evaluated,Not yet field validated,EQ20260810COL,\N,5.240219881000087,-75.78448687199995,2026-08-19T16:48:49Z,2026-08-19
b37d2d786854a896f40021ac437702fd56223e59592b7fae534d1a37e8969fbc,PHR_20260812_BuildingDamageAsessment_Anserma,63,"4251,4252,4253",Anserma,Caldas,Pleiades,20260812,Damage,Damaged Buildings,To Be Evaluated,Not yet field validated,EQ20260810COL,\N,5.2402198090000525,-75.78321433399992,2026-08-19T16:48:49Z,2026-08-19
b37d2d786854a896f40021ac437702fd56223e59592b7fae534d1a37e8969fbc,PHR_20260812_BuildingDamageAsessment_Anserma,64,"4251,4252,4253",Anserma,Caldas,Pleiades,20260812,Damage,Damaged Buildings,To Be Evaluated,Not yet field validated,EQ20260810COL,\N,5.23962759200009,-75.78360609799995,2026-08-19T16:48:49Z,2026-08-19
b37d2d786854a896f40021ac437702fd56223e59592b7fae534d1a37e8969fbc,PHR_20260812_BuildingDamageAsessment_Anserma,65,"4251,4252,4253",Anserma,Caldas,Pleiades,20260812,Possible Damage,Damaged Buildings,To Be Evaluated,Not yet field validated,EQ20260810COL,\N,5.238994327000057,-75.7829106499999,2026-08-19T16:48:49Z,2026-08-19
b37d2d786854a896f40021ac437702fd56223e59592b7fae534d1a37e8969fbc,PHR_20260812_BuildingDamageAsessment_Anserma,66,"4251,4252,4253",Anserma,Caldas,Pleiades,20260812,Damage,Damaged Buildings,To Be Evaluated,Not yet field validated,EQ20260810COL,\N,5.238652444000081,-75.78040760499994,2026-08-19T16:48:49Z,2026-08-19
b37d2d786854a896f40021ac437702fd56223e59592b7fae534d1a37e8969fbc,PHR_20260812_BuildingDamageAsessment_Anserma,67,"4251,4252,4253",Anserma,Caldas,Pleiades,20260812,Possible Damage,Damaged Buildings,To Be Evaluated,Not yet field validated,EQ20260810COL,\N,5.2386769470000445,-75.78019008199993,2026-08-19T16:48:49Z,2026-08-19
b37d2d786854a896f40021ac437702fd56223e59592b7fae534d1a37e8969fbc,PHR_20260812_BuildingDamageAsessment_Anserma,68,"4251,4252,4253",Anserma,Caldas,Pleiades,20260812,Possible Damage,Damaged Buildings,To Be Evaluated,Not yet field validated,EQ20260810COL,\N,5.238860722000084,-75.78050455399995,2026-08-19T16:48:49Z,2026-08-19
b37d2d786854a896f40021ac437702fd56223e59592b7fae534d1a37e8969fbc,PHR_20260812_BuildingDamageAsessment_Anserma,69,"4251,4252,4253",Anserma,Caldas,Pleiades,20260812,Damage,Damaged Buildings,To Be Evaluated,Not yet field validated,EQ20260810COL,\N,5.236429046000069,-75.78228002999992,2026-08-19T16:48:49Z,2026-08-19
b37d2d786854a896f40021ac437702fd56223e59592b7fae534d1a37e8969fbc,PHR_20260812_BuildingDamageAsessment_Anserma,70,"4251,4252,4253",Anserma,Caldas,Pleiades,20260812,Possible Damage,Damaged Buildings,To Be Evaluated,Not yet field validated,EQ20260810COL,\N,5.236438473000078,-75.78249275999991,2026-08-19T16:48:49Z,2026-08-19
b37d2d786854a896f40021ac437702fd56223e59592b7fae534d1a37e8969fbc,PHR_20260812_BuildingDamageAsessment_Anserma,71,"4251,4252,4253",Anserma,Caldas,Pleiades,20260812,Possible Damage,Damaged Buildings,To Be Evaluated,Not yet field validated,EQ20260810COL,\N,5.2358616620000475,-75.7825548909999,2026-08-19T16:48:49Z,2026-08-19
b37d2d786854a896f40021ac437702fd56223e59592b7fae534d1a37e8969fbc,PHR_20260812_BuildingDamageAsessment_Anserma,72,"4251,4252,4253",Anserma,Caldas,Pleiades,20260812,Possible Damage,Damaged Buildings,To Be Evaluated,Not yet field validated,EQ20260810COL,\N,5.2359852140000385,-75.78258163499993,2026-08-19T16:48:49Z,2026-08-19
b37d2d786854a896f40021ac437702fd56223e59592b7fae534d1a37e8969fbc,PHR_20260812_BuildingDamageAsessment_Anserma,73,"4251,4252,4253",Anserma,Caldas,Pleiades,20260812,Possible Damage,Damaged Buildings,To Be Evaluated,Not yet field validated,EQ20260810COL,\N,5.23498038300005,-75.78301851099991,2026-08-19T16:48:49Z,2026-08-19
b37d2d786854a896f40021ac437702fd56223e59592b7fae534d1a37e8969fbc,PHR_20260812_BuildingDamageAsessment_Anserma,74,"4251,4252,4253",Anserma,Caldas,Pleiades,20260812,Possible Damage,Damaged Buildings,To Be Evaluated,Not yet field validated,EQ20260810COL,\N,5.233440752000092,-75.78685290199991,2026-08-19T16:48:49Z,2026-08-19
b37d2d786854a896f40021ac437702fd56223e59592b7fae534d1a37e8969fbc,PHR_20260812_BuildingDamageAsessment_Anserma,75,"4251,4252,4253",Anserma,Caldas,Pleiades,20260812,Possible Damage,Damaged Buildings,To Be Evaluated,Not yet field validated,EQ20260810COL,\N,5.230210154000076,-75.78258272799991,2026-08-19T16:48:49Z,2026-08-19
b37d2d786854a896f40021ac437702fd56223e59592b7fae534d1a37e8969fbc,PHR_20260812_BuildingDamageAsessment_Anserma,76,"4251,4252,4253",Anserma,Caldas,Pleiades,20260812,Possible Damage,Damaged Buildings,To Be Evaluated,Not yet field validated,EQ20260810COL,\N,5.2301594830000795,-75.7824086249999,2026-08-19T16:48:49Z,2026-08-19
b37d2d786854a896f40021ac437702fd56223e59592b7fae534d1a37e8969fbc,PHR_20260812_BuildingDamageAsessment_Anserma,77,"4251,4252,4253",Anserma,Caldas,Pleiades,20260812,Possible Damage,Damaged Buildings,To Be Evaluated,Not yet field validated,EQ20260810COL,\N,5.230137839000065,-75.7822756509999,2026-08-19T16:48:49Z,2026-08-19
b37d2d786854a896f40021ac437702fd56223e59592b7fae534d1a37e8969fbc,PHR_20260812_BuildingDamageAsessment_Anserma,78,"4251,4252,4253",Anserma,Caldas,Pleiades,20260812,Damage,Damaged Buildings,To Be Evaluated,Not yet field validated,EQ20260810COL,\N,5.2320130400000835,-75.7886326169999,2026-08-19T16:48:49Z,2026-08-19
b37d2d786854a896f40021ac437702fd56223e59592b7fae534d1a37e8969fbc,PHR_20260812_BuildingDamageAsessment_Anserma,79,"4251,4252,4253",Anserma,Caldas,Pleiades,20260812,Possible Damage,Damaged Buildings,To Be Evaluated,Not yet field validated,EQ20260810COL,\N,5.230117550000045,-75.78891849799993,2026-08-19T16:48:49Z,2026-08-19
b37d2d786854a896f40021ac437702fd56223e59592b7fae534d1a37e8969fbc,PHR_20260812_BuildingDamageAsessment_Anserma,80,"4251,4252,4253",Anserma,Caldas,Pleiades,20260812,Possible Damage,Damaged Buildings,To Be Evaluated,Not yet field validated,EQ20260810COL,\N,5.230007680000085,-75.78897123699994,2026-08-19T16:48:49Z,2026-08-19
b37d2d786854a896f40021ac437702fd56223e59592b7fae534d1a37e8969fbc,PHR_20260812_BuildingDamageAsessment_Anserma,81,"4251,4252,4253",Anserma,Caldas,Pleiades,20260812,Possible Damage,Damaged Buildings,To Be Evaluated,Not yet field validated,EQ20260810COL,\N,5.230034346000082,-75.78884285599992,2026-08-19T16:48:49Z,2026-08-19
b37d2d786854a896f40021ac437702fd56223e59592b7fae534d1a37e8969fbc,PHR_20260812_BuildingDamageAsessment_Anserma,82,"4251,4252,4253",Anserma,Caldas,Pleiades,20260812,Possible Damage,Damaged Buildings,To Be Evaluated,Not yet field validated,EQ20260810COL,\N,5.229083738000043,-75.78903428799993,2026-08-19T16:48:49Z,2026-08-19
b37d2d786854a896f40021ac437702fd56223e59592b7fae534d1a37e8969fbc,PHR_20260812_BuildingDamageAsessment_Anserma,83,"4251,4252,4253",Anserma,Caldas,Pleiades,20260812,Possible Damage,Damaged Buildings,To Be Evaluated,Not yet field validated,EQ20260810COL,\N,5.2281486440000435,-75.78591717499995,2026-08-19T16:48:49Z,2026-08-19
b37d2d786854a896f40021ac437702fd56223e59592b7fae534d1a37e8969fbc,PHR_20260812_BuildingDamageAsessment_Anserma,84,"4251,4252,4253",Anserma,Caldas,Pleiades,20260812,Damage,Damaged Buildings,To Be Evaluated,Not yet field validated,EQ20260810COL,\N,5.227006088000053,-75.78699971999993,2026-08-19T16:48:49Z,2026-08-19
b37d2d786854a896f40021ac437702fd56223e59592b7fae534d1a37e8969fbc,PHR_20260812_BuildingDamageAsessment_Anserma,85,"4251,4252,4253",Anserma,Caldas,Pleiades,20260812,Damage,Damaged Buildings,To Be Evaluated,Not yet field validated,EQ20260810COL,\N,5.227083510000057,-75.78709650499991,2026-08-19T16:48:49Z,2026-08-19
b37d2d786854a896f40021ac437702fd56223e59592b7fae534d1a37e8969fbc,PHR_20260812_BuildingDamageAsessment_Anserma,86,"4251,4252,4253",Anserma,Caldas,Pleiades,20260812,Damage,Damaged Buildings,To Be Evaluated,Not yet field validated,EQ20260810COL,\N,5.227335761000063,-75.78691069399991,2026-08-19T16:48:49Z,2026-08-19
b37d2d786854a896f40021ac437702fd56223e59592b7fae534d1a37e8969fbc,PHR_20260812_BuildingDamageAsessment_Anserma,87,"4251,4252,4253",Anserma,Caldas,Pleiades,20260812,Damage,Damaged Buildings,To Be Evaluated,Not yet field validated,EQ20260810COL,\N,5.227195168000037,-75.78694677699991,2026-08-19T16:48:49Z,2026-08-19
b37d2d786854a896f40021ac437702fd56223e59592b7fae534d1a37e8969fbc,PHR_20260812_BuildingDamageAsessment_Anserma,88,"4251,4252,4253",Anserma,Caldas,Pleiades,20260812,Possible Damage,Damaged Buildings,To Be Evaluated,Not yet field validated,EQ20260810COL,\N,5.227367169000047,-75.7869856669999,2026-08-19T16:48:49Z,2026-08-19
b37d2d786854a896f40021ac437702fd56223e59592b7fae534d1a37e8969fbc,PHR_20260812_BuildingDamageAsessment_Anserma,89,"4251,4252,4253",Anserma,Caldas,Pleiades,20260812,Possible Damage,Damaged Buildings,To Be Evaluated,Not yet field validated,EQ20260810COL,\N,5.227250763000086,-75.78705803799994,2026-08-19T16:48:49Z,2026-08-19
b37d2d786854a896f40021ac437702fd56223e59592b7fae534d1a37e8969fbc,PHR_20260812_BuildingDamageAsessment_Anserma,90,"4251,4252,4253",Anserma,Caldas,Pleiades,20260812,Damage,Damaged Buildings,To Be Evaluated,Not yet field validated,EQ20260810COL,\N,5.227100610000093,-75.7869877519999,2026-08-19T16:48:49Z,2026-08-19
b37d2d786854a896f40021ac437702fd56223e59592b7fae534d1a37e8969fbc,PHR_20260812_BuildingDamageAsessment_Anserma,91,"4251,4252,4253",Anserma,Caldas,Pleiades,20260812,Possible Damage,Damaged Buildings,To Be Evaluated,Not yet field validated,EQ20260810COL,\N,5.227180452000084,-75.78708695699993,2026-08-19T16:48:49Z,2026-08-19
b37d2d786854a896f40021ac437702fd56223e59592b7fae534d1a37e8969fbc,PHR_20260812_BuildingDamageAsessment_Anserma,92,"4251,4252,4253",Anserma,Caldas,Pleiades,20260812,Damage,Damaged Buildings,To Be Evaluated,Not yet field validated,EQ20260810COL,\N,5.228040063000037,-75.7902471779999,2026-08-19T16:48:49Z,2026-08-19
b37d2d786854a896f40021ac437702fd56223e59592b7fae534d1a37e8969fbc,PHR_20260812_BuildingDamageAsessment_Anserma,93,"4251,4252,4253",Anserma,Caldas,Pleiades,20260812,Damage,Damaged Buildings,To Be Evaluated,Not yet field validated,EQ20260810COL,\N,5.226430656000048,-75.78789382199994,2026-08-19T16:48:49Z,2026-08-19
b37d2d786854a896f40021ac437702fd56223e59592b7fae534d1a37e8969fbc,PHR_20260812_BuildingDamageAsessment_Anserma,94,"4251,4252,4253",Anserma,Caldas,Pleiades,20260812,Possible Damage,Damaged Buildings,To Be Evaluated,Not yet field validated,EQ20260810COL,\N,5.226292461000071,-75.78794924499994,2026-08-19T16:48:49Z,2026-08-19
b37d2d786854a896f40021ac437702fd56223e59592b7fae534d1a37e8969fbc,PHR_20260812_BuildingDamageAsessment_Anserma,95,"4251,4252,4253",Anserma,Caldas,Pleiades,20260812,Possible Damage,Damaged Buildings,To Be Evaluated,Not yet field validated,EQ20260810COL,\N,5.226547051000068,-75.78783111999991,2026-08-19T16:48:49Z,2026-08-19
b37d2d786854a896f40021ac437702fd56223e59592b7fae534d1a37e8969fbc,PHR_20260812_BuildingDamageAsessment_Anserma,96,"4251,4252,4253",Anserma,Caldas,Pleiades,20260812,Possible Damage,Damaged Buildings,To Be Evaluated,Not yet field validated,EQ20260810COL,\N,5.226339004000067,-75.78755046399993,2026-08-19T16:48:49Z,2026-08-19
b37d2d786854a896f40021ac437702fd56223e59592b7fae534d1a37e8969fbc,PHR_20260812_BuildingDamageAsessment_Anserma,97,"4251,4252,4253",Anserma,Caldas,Pleiades,20260812,Possible Damage,Damaged Buildings,To Be Evaluated,Not yet field validated,EQ20260810COL,\N,5.227200365000044,-75.79016122099995,2026-08-19T16:48:49Z,2026-08-19
b37d2d786854a896f40021ac437702fd56223e59592b7fae534d1a37e8969fbc,PHR_20260812_BuildingDamageAsessment_Anserma,98,"4251,4252,4253",Anserma,Caldas,Pleiades,20260812,Possible Damage,Damaged Buildings,To Be Evaluated,Not yet field validated,EQ20260810COL,\N,5.227292546000058,-75.7900839859999,2026-08-19T16:48:49Z,2026-08-19
b37d2d786854a896f40021ac437702fd56223e59592b7fae534d1a37e8969fbc,PHR_20260812_BuildingDamageAsessment_Anserma,99,"4251,4252,4253",Anserma,Caldas,Pleiades,20260812,Possible Damage,Damaged Buildings,To Be Evaluated,Not yet field validated,EQ20260810COL,\N,5.226222814000039,-75.78901665699993,2026-08-19T16:48:49Z,2026-08-19
b37d2d786854a896f40021ac437702fd56223e59592b7fae534d1a37e8969fbc,PHR_20260812_BuildingDamageAsessment_Anserma,100,"4251,4252,4253",Anserma,Caldas,Pleiades,20260812,Possible Damage,Damaged Buildings,To Be Evaluated,Not yet field validated,EQ20260810COL,\N,5.22629797400009,-75.78898532699992,2026-08-19T16:48:49Z,2026-08-19
b37d2d786854a896f40021ac437702fd56223e59592b7fae534d1a37e8969fbc,PHR_20260812_BuildingDamageAsessment_Anserma,101,"4251,4252,4253",Anserma,Caldas,Pleiades,20260812,Possible Damage,Damaged Buildings,To Be Evaluated,Not yet field validated,EQ20260810COL,\N,5.22645084800007,-75.78881873099994,2026-08-19T16:48:49Z,2026-08-19
b37d2d786854a896f40021ac437702fd56223e59592b7fae534d1a37e8969fbc,PHR_20260812_BuildingDamageAsessment_Anserma,102,"4251,4252,4253",Anserma,Caldas,Pleiades,20260812,Possible Damage,Damaged Buildings,To Be Evaluated,Not yet field validated,EQ20260810COL,\N,5.226534714000081,-75.78957300499991,2026-08-19T16:48:49Z,2026-08-19
b37d2d786854a896f40021ac437702fd56223e59592b7fae534d1a37e8969fbc,PHR_20260812_BuildingDamageAsessment_Anserma,103,"4251,4252,4253",Anserma,Caldas,Pleiades,20260812,Possible Damage,Damaged Buildings,To Be Evaluated,Not yet field validated,EQ20260810COL,\N,5.226445005000073,-75.78961156799994,2026-08-19T16:48:49Z,2026-08-19
b37d2d786854a896f40021ac437702fd56223e59592b7fae534d1a37e8969fbc,PNEO3_STD_20260811_BuildingDamageAsessment_Manizales,0,"4251,4252,4253",Manizales,Caldas,Pleiades NEO,20260811,Possible Damage,Damaged Buildings,To Be Evaluated,Not yet field validated,EQ20260822COL,\N,5.07792472400007,-75.5250867979999,2026-08-19T16:48:49Z,2026-08-19
b37d2d786854a896f40021ac437702fd56223e59592b7fae534d1a37e8969fbc,PNEO3_STD_20260811_BuildingDamageAsessment_Manizales,1,"4251,4252,4253",Manizales,Caldas,Pleiades NEO,20260811,Possible Damage,Damaged Buildings,To Be Evaluated,Not yet field validated,EQ20260822COL,\N,5.071562517000075,-75.51638753899994,2026-08-19T16:48:49Z,2026-08-19
b37d2d786854a896f40021ac437702fd56223e59592b7fae534d1a37e8969fbc,PNEO3_STD_20260811_BuildingDamageAsessment_Manizales,2,"4251,4252,4253",Manizales,Caldas,Pleiades NEO,20260811,Possible Damage,Damaged Buildings,To Be Evaluated,Not yet field validated,EQ20260822COL,\N,5.0709746410000776,-75.51966129599992,2026-08-19T16:48:49Z,2026-08-19
b37d2d786854a896f40021ac437702fd56223e59592b7fae534d1a37e8969fbc,PNEO3_STD_20260811_BuildingDamageAsessment_Manizales,3,"4251,4252,4253",Manizales,Caldas,Pleiades NEO,20260811,Possible Damage,Damaged Buildings,To Be Evaluated,Not yet field validated,EQ20260822COL,\N,5.071720897000091,-75.51772542399993,2026-08-19T16:48:49Z,2026-08-19
b37d2d786854a896f40021ac437702fd56223e59592b7fae534d1a37e8969fbc,PNEO3_STD_20260811_BuildingDamageAsessment_Manizales,4,"4251,4252,4253",Manizales,Caldas,Pleiades NEO,20260811,Possible Damage,Damaged Buildings,To Be Evaluated,Not yet field validated,EQ20260822COL,\N,5.072183033000044,-75.51760833999992,2026-08-19T16:48:49Z,2026-08-19
b37d2d786854a896f40021ac437702fd56223e59592b7fae534d1a37e8969fbc,PNEO3_STD_20260811_BuildingDamageAsessment_Manizales,5,"4251,4252,4253",Manizales,Caldas,Pleiades NEO,20260811,Damaged,Damaged Buildings,To Be Evaluated,Not yet field validated,EQ20260822COL,\N,5.073316632000058,-75.5154228049999,2026-08-19T16:48:49Z,2026-08-19
b37d2d786854a896f40021ac437702fd56223e59592b7fae534d1a37e8969fbc,PNEO3_STD_20260811_BuildingDamageAsessment_Manizales,6,"4251,4252,4253",Manizales,Caldas,Pleiades NEO,20260811,Possible Damage,Damaged Buildings,To Be Evaluated,Not yet field validated,EQ20260822COL,\N,5.088028442000052,-75.5259756239999,2026-08-19T16:48:49Z,2026-08-19
b37d2d786854a896f40021ac437702fd56223e59592b7fae534d1a37e8969fbc,PNEO3_STD_20260811_BuildingDamageAsessment_Manizales,7,"4251,4252,4253",Manizales,Caldas,Pleiades NEO,20260811,Possible Damage,Damaged Buildings,To Be Evaluated,Not yet field validated,EQ20260822COL,\N,5.079317382000056,-75.52625984699995,2026-08-19T16:48:49Z,2026-08-19
b37d2d786854a896f40021ac437702fd56223e59592b7fae534d1a37e8969fbc,PNEO3_STD_20260811_BuildingDamageAsessment_Manizales,8,"4251,4252,4253",Manizales,Caldas,Pleiades NEO,20260811,Possible Damage,Damaged Buildings,To Be Evaluated,Not yet field validated,EQ20260810COL,\N,5.064650265000068,-75.5044375139999,2026-08-19T16:48:49Z,2026-08-19
b37d2d786854a896f40021ac437702fd56223e59592b7fae534d1a37e8969fbc,PNEO3_STD_20260811_BuildingDamageAsessment_Manizales,9,"4251,4252,4253",Manizales,Caldas,Pleiades NEO,20260811,Possible Damage,Damaged Buildings,To Be Evaluated,Not yet field validated,EQ20260810COL,\N,5.06464647100006,-75.50247917899992,2026-08-19T16:48:49Z,2026-08-19
b37d2d786854a896f40021ac437702fd56223e59592b7fae534d1a37e8969fbc,PNEO3_STD_20260811_BuildingDamageAsessment_Manizales,10,"4251,4252,4253",Manizales,Caldas,Pleiades NEO,20260811,Possible Damage,Damaged Buildings,To Be Evaluated,Not yet field validated,EQ20260810COL,\N,5.064246905000061,-75.50121691299995,2026-08-19T16:48:49Z,2026-08-19
b37d2d786854a896f40021ac437702fd56223e59592b7fae534d1a37e8969fbc,PNEO3_STD_20260811_BuildingDamageAsessment_Manizales,11,"4251,4252,4253",Manizales,Caldas,Pleiades NEO,20260811,Damaged,Damaged Buildings,To Be Evaluated,Not yet field validated,EQ20260810COL,\N,5.063701881000043,-75.49781769399993,2026-08-19T16:48:49Z,2026-08-19
b37d2d786854a896f40021ac437702fd56223e59592b7fae534d1a37e8969fbc,PNEO3_STD_20260811_BuildingDamageAsessment_Manizales,12,"4251,4252,4253",Manizales,Caldas,Pleiades NEO,20260811,Possible Damage,Damaged Buildings,To Be Evaluated,Not yet field validated,EQ20260810COL,\N,5.064001492000045,-75.49770303899993,2026-08-19T16:48:49Z,2026-08-19
b37d2d786854a896f40021ac437702fd56223e59592b7fae534d1a37e8969fbc,PNEO3_STD_20260811_BuildingDamageAsessment_Manizales,13,"4251,4252,4253",Manizales,Caldas,Pleiades NEO,20260811,Damaged,Damaged Buildings,To Be Evaluated,Not yet field validated,EQ20260810COL,\N,5.063645459000043,-75.49743764899995,2026-08-19T16:48:49Z,2026-08-19
b37d2d786854a896f40021ac437702fd56223e59592b7fae534d1a37e8969fbc,PNEO3_STD_20260811_BuildingDamageAsessment_Manizales,14,"4251,4252,4253",Manizales,Caldas,Pleiades NEO,20260811,Possible Damage,Damaged Buildings,To Be Evaluated,Not yet field validated,EQ20260810COL,\N,5.06370041200006,-75.49742355199993,2026-08-19T16:48:49Z,2026-08-19
b37d2d786854a896f40021ac437702fd56223e59592b7fae534d1a37e8969fbc,PNEO3_STD_20260811_BuildingDamageAsessment_Manizales,15,"4251,4252,4253",Manizales,Caldas,Pleiades NEO,20260811,Damaged,Damaged Buildings,To Be Evaluated,Not yet field validated,EQ20260810COL,\N,5.06536002100006,-75.49649160599995,2026-08-19T16:48:49Z,2026-08-19
b37d2d786854a896f40021ac437702fd56223e59592b7fae534d1a37e8969fbc,PNEO3_STD_20260811_BuildingDamageAsessment_Manizales,16,"4251,4252,4253",Manizales,Caldas,Pleiades NEO,20260811,Possible Damage,Damaged Buildings,To Be Evaluated,Not yet field validated,EQ20260810COL,\N,5.065205978000051,-75.49629706899992,2026-08-19T16:48:49Z,2026-08-19
b37d2d786854a896f40021ac437702fd56223e59592b7fae534d1a37e8969fbc,PNEO3_STD_20260811_BuildingDamageAsessment_Manizales,17,"4251,4252,4253",Manizales,Caldas,Pleiades NEO,20260811,Possible Damage,Damaged Buildings,To Be Evaluated,Not yet field validated,EQ20260810COL,\N,5.067103900000063,-75.49890728199995,2026-08-19T16:48:49Z,2026-08-19
b37d2d786854a896f40021ac437702fd56223e59592b7fae534d1a37e8969fbc,PNEO3_STD_20260811_BuildingDamageAsessment_Manizales,18,"4251,4252,4253",Manizales,Caldas,Pleiades NEO,20260811,Possible Damage,Damaged Buildings,To Be Evaluated,Not yet field validated,EQ20260810COL,\N,5.067144738000081,-75.49881010299993,2026-08-19T16:48:49Z,2026-08-19
b37d2d786854a896f40021ac437702fd56223e59592b7fae534d1a37e8969fbc,PNEO3_STD_20260811_BuildingDamageAsessment_Manizales,19,"4251,4252,4253",Manizales,Caldas,Pleiades NEO,20260811,Possible Damage,Damaged Buildings,To Be Evaluated,Not yet field validated,EQ20260810COL,\N,5.066944125000077,-75.49925181299994,2026-08-19T16:48:49Z,2026-08-19
b37d2d786854a896f40021ac437702fd56223e59592b7fae534d1a37e8969fbc,PNEO3_STD_20260811_BuildingDamageAsessment_Manizales,20,"4251,4252,4253",Manizales,Caldas,Pleiades NEO,20260811,Possible Damage,Damaged Buildings,To Be Evaluated,Not yet field validated,EQ20260810COL,\N,5.066878520000046,-75.49928887899995,2026-08-19T16:48:49Z,2026-08-19
b37d2d786854a896f40021ac437702fd56223e59592b7fae534d1a37e8969fbc,PNEO3_STD_20260811_BuildingDamageAsessment_Manizales,21,"4251,4252,4253",Manizales,Caldas,Pleiades NEO,20260811,Possible Damage,Damaged Buildings,To Be Evaluated,Not yet field validated,EQ20260810COL,\N,5.066788077000069,-75.49935950799994,2026-08-19T16:48:49Z,2026-08-19
b37d2d786854a896f40021ac437702fd56223e59592b7fae534d1a37e8969fbc,PNEO3_STD_20260811_BuildingDamageAsessment_Manizales,22,"4251,4252,4253",Manizales,Caldas,Pleiades NEO,20260811,Possible Damage,Damaged Buildings,To Be Evaluated,Not yet field validated,EQ20260810COL,\N,5.066592392000075,-75.50030494599991,2026-08-19T16:48:49Z,2026-08-19
b37d2d786854a896f40021ac437702fd56223e59592b7fae534d1a37e8969fbc,PNEO3_STD_20260811_BuildingDamageAsessment_Manizales,23,"4251,4252,4253",Manizales,Caldas,Pleiades NEO,20260811,Possible Damage,Damaged Buildings,To Be Evaluated,Not yet field validated,EQ20260810COL,\N,5.06649707400004,-75.49980291599991,2026-08-19T16:48:49Z,2026-08-19
b37d2d786854a896f40021ac437702fd56223e59592b7fae534d1a37e8969fbc,PNEO3_STD_20260811_BuildingDamageAsessment_Manizales,24,"4251,4252,4253",Manizales,Caldas,Pleiades NEO,20260811,Possible Damage,Damaged Buildings,To Be Evaluated,Not yet field validated,EQ20260810COL,\N,5.066534374000071,-75.49969866499993,2026-08-19T16:48:49Z,2026-08-19
b37d2d786854a896f40021ac437702fd56223e59592b7fae534d1a37e8969fbc,PNEO3_STD_20260811_BuildingDamageAsessment_Manizales,25,"4251,4252,4253",Manizales,Caldas,Pleiades NEO,20260811,Damaged,Damaged Buildings,To Be Evaluated,Not yet field validated,EQ20260810COL,\N,5.064282454000079,-75.49304383599991,2026-08-19T16:48:49Z,2026-08-19
b37d2d786854a896f40021ac437702fd56223e59592b7fae534d1a37e8969fbc,PNEO3_STD_20260811_BuildingDamageAsessment_Manizales,26,"4251,4252,4253",Manizales,Caldas,Pleiades NEO,20260811,Possible Damage,Damaged Buildings,To Be Evaluated,Not yet field validated,EQ20260810COL,\N,5.064627663000067,-75.49383323699993,2026-08-19T16:48:49Z,2026-08-19
b37d2d786854a896f40021ac437702fd56223e59592b7fae534d1a37e8969fbc,PNEO3_STD_20260811_BuildingDamageAsessment_Manizales,27,"4251,4252,4253",Manizales,Caldas,Pleiades NEO,20260811,Damaged,Damaged Buildings,To Be Evaluated,Not yet field validated,EQ20260810COL,\N,5.065114563000066,-75.49469886399993,2026-08-19T16:48:49Z,2026-08-19
b37d2d786854a896f40021ac437702fd56223e59592b7fae534d1a37e8969fbc,PNEO3_STD_20260811_BuildingDamageAsessment_Manizales,28,"4251,4252,4253",Manizales,Caldas,Pleiades NEO,20260811,Damaged,Damaged Buildings,To Be Evaluated,Not yet field validated,EQ20260810COL,\N,5.065144101000044,-75.4947750039999,2026-08-19T16:48:49Z,2026-08-19
b37d2d786854a896f40021ac437702fd56223e59592b7fae534d1a37e8969fbc,PNEO3_STD_20260811_BuildingDamageAsessment_Manizales,29,"4251,4252,4253",Manizales,Caldas,Pleiades NEO,20260811,Damaged,Damaged Buildings,To Be Evaluated,Not yet field validated,EQ20260810COL,\N,5.066576575000056,-75.49354111799994,2026-08-19T16:48:49Z,2026-08-19
b37d2d786854a896f40021ac437702fd56223e59592b7fae534d1a37e8969fbc,PNEO3_STD_20260811_BuildingDamageAsessment_Manizales,30,"4251,4252,4253",Manizales,Caldas,Pleiades NEO,20260811,Damaged,Damaged Buildings,To Be Evaluated,Not yet field validated,EQ20260810COL,\N,5.066575060000048,-75.4934851939999,2026-08-19T16:48:49Z,2026-08-19
b37d2d786854a896f40021ac437702fd56223e59592b7fae534d1a37e8969fbc,PNEO3_STD_20260811_BuildingDamageAsessment_Manizales,31,"4251,4252,4253",Manizales,Caldas,Pleiades NEO,20260811,Possible Damage,Damaged Buildings,To Be Evaluated,Not yet field validated,EQ20260810COL,\N,5.066316197000049,-75.4938578199999,2026-08-19T16:48:49Z,2026-08-19
b37d2d786854a896f40021ac437702fd56223e59592b7fae534d1a37e8969fbc,PNEO3_STD_20260811_BuildingDamageAsessment_Manizales,32,"4251,4252,4253",Manizales,Caldas,Pleiades NEO,20260811,Possible Damage,Damaged Buildings,To Be Evaluated,Not yet field validated,EQ20260810COL,\N,5.066519146000076,-75.49327077799995,2026-08-19T16:48:49Z,2026-08-19
b37d2d786854a896f40021ac437702fd56223e59592b7fae534d1a37e8969fbc,PNEO3_STD_20260811_BuildingDamageAsessment_Manizales,33,"4251,4252,4253",Manizales,Caldas,Pleiades NEO,20260811,Damaged,Damaged Buildings,To Be Evaluated,Not yet field validated,EQ20260810COL,\N,5.066213503000085,-75.49587088599992,2026-08-19T16:48:49Z,2026-08-19
b37d2d786854a896f40021ac437702fd56223e59592b7fae534d1a37e8969fbc,PNEO3_STD_20260811_BuildingDamageAsessment_Manizales,34,"4251,4252,4253",Manizales,Caldas,Pleiades NEO,20260811,Possible Damage,Damaged Buildings,To Be Evaluated,Not yet field validated,EQ20260810COL,\N,5.066094191000047,-75.49593632999995,2026-08-19T16:48:49Z,2026-08-19
b37d2d786854a896f40021ac437702fd56223e59592b7fae534d1a37e8969fbc,PNEO3_STD_20260811_BuildingDamageAsessment_Manizales,35,"4251,4252,4253",Manizales,Caldas,Pleiades NEO,20260811,Possible Damage,Damaged Buildings,To Be Evaluated,Not yet field validated,EQ20260810COL,\N,5.065252810000061,-75.49495266199995,2026-08-19T16:48:49Z,2026-08-19
b37d2d786854a896f40021ac437702fd56223e59592b7fae534d1a37e8969fbc,PNEO3_STD_20260811_BuildingDamageAsessment_Manizales,36,"4251,4252,4253",Manizales,Caldas,Pleiades NEO,20260811,Possible Damage,Damaged Buildings,To Be Evaluated,Not yet field validated,EQ20260810COL,\N,5.065330566000057,-75.49512262699994,2026-08-19T16:48:49Z,2026-08-19
b37d2d786854a896f40021ac437702fd56223e59592b7fae534d1a37e8969fbc,PNEO3_STD_20260811_BuildingDamageAsessment_Manizales,37,"4251,4252,4253",Manizales,Caldas,Pleiades NEO,20260811,Possible Damage,Damaged Buildings,To Be Evaluated,Not yet field validated,EQ20260810COL,\N,5.065371870000092,-75.49521732099993,2026-08-19T16:48:49Z,2026-08-19
b37d2d786854a896f40021ac437702fd56223e59592b7fae534d1a37e8969fbc,PNEO3_STD_20260811_BuildingDamageAsessment_Manizales,38,"4251,4252,4253",Manizales,Caldas,Pleiades NEO,20260811,Possible Damage,Damaged Buildings,To Be Evaluated,Not yet field validated,EQ20260810COL,\N,5.066840207000041,-75.49711420299991,2026-08-19T16:48:49Z,2026-08-19
b37d2d786854a896f40021ac437702fd56223e59592b7fae534d1a37e8969fbc,PNEO3_STD_20260811_BuildingDamageAsessment_Manizales,39,"4251,4252,4253",Manizales,Caldas,Pleiades NEO,20260811,Possible Damage,Damaged Buildings,To Be Evaluated,Not yet field validated,EQ20260810COL,\N,5.066922877000081,-75.4969682439999,2026-08-19T16:48:49Z,2026-08-19
b37d2d786854a896f40021ac437702fd56223e59592b7fae534d1a37e8969fbc,PNEO3_STD_20260811_BuildingDamageAsessment_Manizales,40,"4251,4252,4253",Manizales,Caldas,Pleiades NEO,20260811,Possible Damage,Damaged Buildings,To Be Evaluated,Not yet field validated,EQ20260810COL,\N,5.06692915800005,-75.49690300499992,2026-08-19T16:48:49Z,2026-08-19
b37d2d786854a896f40021ac437702fd56223e59592b7fae534d1a37e8969fbc,PNEO3_STD_20260811_BuildingDamageAsessment_Manizales,41,"4251,4252,4253",Manizales,Caldas,Pleiades NEO,20260811,Possible Damage,Damaged Buildings,To Be Evaluated,Not yet field validated,EQ20260810COL,\N,5.066710416000092,-75.49776654399994,2026-08-19T16:48:49Z,2026-08-19
b37d2d786854a896f40021ac437702fd56223e59592b7fae534d1a37e8969fbc,PNEO3_STD_20260811_BuildingDamageAsessment_Manizales,42,"4251,4252,4253",Manizales,Caldas,Pleiades NEO,20260811,Possible Damage,Damaged Buildings,To Be Evaluated,Not yet field validated,EQ20260810COL,\N,5.066764987000056,-75.49769978799992,2026-08-19T16:48:49Z,2026-08-19
b37d2d786854a896f40021ac437702fd56223e59592b7fae534d1a37e8969fbc,PNEO3_STD_20260811_BuildingDamageAsessment_Manizales,43,"4251,4252,4253",Manizales,Caldas,Pleiades NEO,20260811,Possible Damage,Damaged Buildings,To Be Evaluated,Not yet field validated,EQ20260810COL,\N,5.063784559000055,-75.49024108599991,2026-08-19T16:48:49Z,2026-08-19
b37d2d786854a896f40021ac437702fd56223e59592b7fae534d1a37e8969fbc,PNEO3_STD_20260811_BuildingDamageAsessment_Manizales,44,"4251,4252,4253",Manizales,Caldas,Pleiades NEO,20260811,Possible Damage,Damaged Buildings,To Be Evaluated,Not yet field validated,EQ20260810COL,\N,5.0649713150000935,-75.49052625699994,2026-08-19T16:48:49Z,2026-08-19
b37d2d786854a896f40021ac437702fd56223e59592b7fae534d1a37e8969fbc,PNEO3_STD_20260811_BuildingDamageAsessment_Manizales,45,"4251,4252,4253",Manizales,Caldas,Pleiades NEO,20260811,Possible Damage,Damaged Buildings,To Be Evaluated,Not yet field validated,EQ20260810COL,\N,5.065025854000055,-75.49050144299991,2026-08-19T16:48:49Z,2026-08-19
b37d2d786854a896f40021ac437702fd56223e59592b7fae534d1a37e8969fbc,PNEO3_STD_20260811_BuildingDamageAsessment_Manizales,46,"4251,4252,4253",Manizales,Caldas,Pleiades NEO,20260811,Damaged,Damaged Buildings,To Be Evaluated,Not yet field validated,EQ20260810COL,\N,5.065315724000072,-75.49031991099992,2026-08-19T16:48:49Z,2026-08-19
b37d2d786854a896f40021ac437702fd56223e59592b7fae534d1a37e8969fbc,PNEO3_STD_20260811_BuildingDamageAsessment_Manizales,47,"4251,4252,4253",Manizales,Caldas,Pleiades NEO,20260811,Possible Damage,Damaged Buildings,To Be Evaluated,Not yet field validated,EQ20260810COL,\N,5.067759773000091,-75.49440261599995,2026-08-19T16:48:49Z,2026-08-19
b37d2d786854a896f40021ac437702fd56223e59592b7fae534d1a37e8969fbc,PNEO3_STD_20260811_BuildingDamageAsessment_Manizales,48,"4251,4252,4253",Manizales,Caldas,Pleiades NEO,20260811,Possible Damage,Damaged Buildings,To Be Evaluated,Not yet field validated,EQ20260810COL,\N,5.06801676200007,-75.49444475399991,2026-08-19T16:48:49Z,2026-08-19
b37d2d786854a896f40021ac437702fd56223e59592b7fae534d1a37e8969fbc,PNEO3_STD_20260811_BuildingDamageAsessment_Manizales,49,"4251,4252,4253",Manizales,Caldas,Pleiades NEO,20260811,Possible Damage,Damaged Buildings,To Be Evaluated,Not yet field validated,EQ20260810COL,\N,5.066394201000094,-75.47893621999992,2026-08-19T16:48:49Z,2026-08-19
b37d2d786854a896f40021ac437702fd56223e59592b7fae534d1a37e8969fbc,PNEO3_STD_20260811_BuildingDamageAsessment_Manizales,50,"4251,4252,4253",Manizales,Caldas,Pleiades NEO,20260811,Possible Damage,Damaged Buildings,To Be Evaluated,Not yet field validated,EQ20260810COL,\N,5.06641858100005,-75.47888041099992,2026-08-19T16:48:49Z,2026-08-19
b37d2d786854a896f40021ac437702fd56223e59592b7fae534d1a37e8969fbc,PNEO3_STD_20260811_BuildingDamageAsessment_Manizales,51,"4251,4252,4253",Manizales,Caldas,Pleiades NEO,20260811,Possible Damage,Damaged Buildings,To Be Evaluated,Not yet field validated,EQ20260810COL,\N,5.066352767000069,-75.47901386099994,2026-08-19T16:48:49Z,2026-08-19
b37d2d786854a896f40021ac437702fd56223e59592b7fae534d1a37e8969fbc,PNEO3_STD_20260811_BuildingDamageAsessment_Manizales,52,"4251,4252,4253",Manizales,Caldas,Pleiades NEO,20260811,Possible Damage,Damaged Buildings,To Be Evaluated,Not yet field validated,EQ20260810COL,\N,5.066338131000066,-75.47905753999993,2026-08-19T16:48:49Z,2026-08-19
b37d2d786854a896f40021ac437702fd56223e59592b7fae534d1a37e8969fbc,PNEO3_STD_20260811_BuildingDamageAsessment_Manizales,53,"4251,4252,4253",Manizales,Caldas,Pleiades NEO,20260811,Possible Damage,Damaged Buildings,To Be Evaluated,Not yet field validated,EQ20260810COL,\N,5.065596044000074,-75.47870747299993,2026-08-19T16:48:49Z,2026-08-19
b37d2d786854a896f40021ac437702fd56223e59592b7fae534d1a37e8969fbc,PNEO3_STD_20260811_BuildingDamageAsessment_Manizales,54,"4251,4252,4253",Manizales,Caldas,Pleiades NEO,20260811,Possible Damage,Damaged Buildings,To Be Evaluated,Not yet field validated,EQ20260810COL,\N,5.065622886000085,-75.47861525699994,2026-08-19T16:48:49Z,2026-08-19
b37d2d786854a896f40021ac437702fd56223e59592b7fae534d1a37e8969fbc,PNEO3_STD_20260811_BuildingDamageAsessment_Manizales,55,"4251,4252,4253",Manizales,Caldas,Pleiades NEO,20260811,Possible Damage,Damaged Buildings,To Be Evaluated,Not yet field validated,EQ20260810COL,\N,5.064826691000064,-75.47572383999994,2026-08-19T16:48:49Z,2026-08-19
b37d2d786854a896f40021ac437702fd56223e59592b7fae534d1a37e8969fbc,PNEO3_STD_20260811_BuildingDamageAsessment_Manizales,56,"4251,4252,4253",Manizales,Caldas,Pleiades NEO,20260811,Possible Damage,Damaged Buildings,To Be Evaluated,Not yet field validated,EQ20260810COL,\N,5.065256905000069,-75.47520191099994,2026-08-19T16:48:49Z,2026-08-19
b37d2d786854a896f40021ac437702fd56223e59592b7fae534d1a37e8969fbc,PNEO3_STD_20260811_BuildingDamageAsessment_Manizales,57,"4251,4252,4253",Manizales,Caldas,Pleiades NEO,20260811,Possible Damage,Damaged Buildings,To Be Evaluated,Not yet field validated,EQ20260810COL,\N,5.067036614000074,-75.47410648699991,2026-08-19T16:48:49Z,2026-08-19
b37d2d786854a896f40021ac437702fd56223e59592b7fae534d1a37e8969fbc,PNEO3_STD_20260811_BuildingDamageAsessment_Manizales,58,"4251,4252,4253",Manizales,Caldas,Pleiades NEO,20260811,Possible Damage,Damaged Buildings,To Be Evaluated,Not yet field validated,EQ20260810COL,\N,5.06699455100005,-75.4741126699999,2026-08-19T16:48:49Z,2026-08-19
b37d2d786854a896f40021ac437702fd56223e59592b7fae534d1a37e8969fbc,PNEO3_STD_20260811_BuildingDamageAsessment_Manizales,59,"4251,4252,4253",Manizales,Caldas,Pleiades NEO,20260811,Possible Damage,Damaged Buildings,To Be Evaluated,Not yet field validated,EQ20260810COL,\N,5.068847246000075,-75.47332332099995,2026-08-19T16:48:49Z,2026-08-19
b37d2d786854a896f40021ac437702fd56223e59592b7fae534d1a37e8969fbc,PNEO3_STD_20260811_BuildingDamageAsessment_Manizales,60,"4251,4252,4253",Manizales,Caldas,Pleiades NEO,20260811,Damaged,Damaged Buildings,To Be Evaluated,Not yet field validated,EQ20260810COL,\N,5.068873616000076,-75.47134270599992,2026-08-19T16:48:49Z,2026-08-19
b37d2d786854a896f40021ac437702fd56223e59592b7fae534d1a37e8969fbc,PNEO3_STD_20260811_BuildingDamageAsessment_Manizales,61,"4251,4252,4253",Manizales,Caldas,Pleiades NEO,20260811,Possible Damage,Damaged Buildings,To Be Evaluated,Not yet field validated,EQ20260810COL,\N,5.068826740000077,-75.47154151199993,2026-08-19T16:48:49Z,2026-08-19
b37d2d786854a896f40021ac437702fd56223e59592b7fae534d1a37e8969fbc,PNEO3_STD_20260811_BuildingDamageAsessment_Manizales,62,"4251,4252,4253",Manizales,Caldas,Pleiades NEO,20260811,Possible Damage,Damaged Buildings,To Be Evaluated,Not yet field validated,EQ20260810COL,\N,5.0688443740000935,-75.47299088299991,2026-08-19T16:48:49Z,2026-08-19
b37d2d786854a896f40021ac437702fd56223e59592b7fae534d1a37e8969fbc,PNEO3_STD_20260811_BuildingDamageAsessment_Manizales,63,"4251,4252,4253",Manizales,Caldas,Pleiades NEO,20260811,Possible Damage,Damaged Buildings,To Be Evaluated,Not yet field validated,EQ20260810COL,\N,5.068880229000058,-75.47295362699992,2026-08-19T16:48:49Z,2026-08-19
b37d2d786854a896f40021ac437702fd56223e59592b7fae534d1a37e8969fbc,PNEO3_STD_20260811_BuildingDamageAsessment_Manizales,64,"4251,4252,4253",Manizales,Caldas,Pleiades NEO,20260811,Possible Damage,Damaged Buildings,To Be Evaluated,Not yet field validated,EQ20260810COL,\N,5.068922020000059,-75.47331871499995,2026-08-19T16:48:49Z,2026-08-19
b37d2d786854a896f40021ac437702fd56223e59592b7fae534d1a37e8969fbc,PNEO3_STD_20260811_BuildingDamageAsessment_Manizales,65,"4251,4252,4253",Manizales,Caldas,Pleiades NEO,20260811,Possible Damage,Damaged Buildings,To Be Evaluated,Not yet field validated,EQ20260810COL,\N,5.068902266000066,-75.47263984799991,2026-08-19T16:48:49Z,2026-08-19
b37d2d786854a896f40021ac437702fd56223e59592b7fae534d1a37e8969fbc,PNEO3_STD_20260811_BuildingDamageAsessment_Manizales,66,"4251,4252,4253",Manizales,Caldas,Pleiades NEO,20260811,Possible Damage,Damaged Buildings,To Be Evaluated,Not yet field validated,EQ20260810COL,\N,5.068945899000084,-75.47261657799993,2026-08-19T16:48:49Z,2026-08-19
b37d2d786854a896f40021ac437702fd56223e59592b7fae534d1a37e8969fbc,PNEO3_STD_20260811_BuildingDamageAsessment_Manizales,67,"4251,4252,4253",Manizales,Caldas,Pleiades NEO,20260811,Possible Damage,Damaged Buildings,To Be Evaluated,Not yet field validated,EQ20260810COL,\N,5.068995772000051,-75.4725808849999,2026-08-19T16:48:49Z,2026-08-19
b37d2d786854a896f40021ac437702fd56223e59592b7fae534d1a37e8969fbc,PNEO3_STD_20260811_BuildingDamageAsessment_Manizales,68,"4251,4252,4253",Manizales,Caldas,Pleiades NEO,20260811,Possible Damage,Damaged Buildings,To Be Evaluated,Not yet field validated,EQ20260810COL,\N,5.069020728000055,-75.47253585399994,2026-08-19T16:48:49Z,2026-08-19
b37d2d786854a896f40021ac437702fd56223e59592b7fae534d1a37e8969fbc,PNEO3_STD_20260811_BuildingDamageAsessment_Manizales,69,"4251,4252,4253",Manizales,Caldas,Pleiades NEO,20260811,Possible Damage,Damaged Buildings,To Be Evaluated,Not yet field validated,EQ20260810COL,\N,5.070865777000051,-75.47368052899992,2026-08-19T16:48:49Z,2026-08-19
b37d2d786854a896f40021ac437702fd56223e59592b7fae534d1a37e8969fbc,PNEO3_STD_20260811_BuildingDamageAsessment_Manizales,70,"4251,4252,4253",Manizales,Caldas,Pleiades NEO,20260811,Possible Damage,Damaged Buildings,To Be Evaluated,Not yet field validated,EQ20260810COL,\N,5.070932749000065,-75.47369300499992,2026-08-19T16:48:49Z,2026-08-19
b37d2d786854a896f40021ac437702fd56223e59592b7fae534d1a37e8969fbc,PNEO3_STD_20260811_BuildingDamageAsessment_Manizales,71,"4251,4252,4253",Manizales,Caldas,Pleiades NEO,20260811,Possible Damage,Damaged Buildings,To Be Evaluated,Not yet field validated,EQ20260810COL,\N,5.070805805000077,-75.47381310999992,2026-08-19T16:48:49Z,2026-08-19
b37d2d786854a896f40021ac437702fd56223e59592b7fae534d1a37e8969fbc,PNEO3_STD_20260811_BuildingDamageAsessment_Manizales,72,"4251,4252,4253",Manizales,Caldas,Pleiades NEO,20260811,Possible Damage,Damaged Buildings,To Be Evaluated,Not yet field validated,EQ20260810COL,\N,5.07078127200009,-75.47407766299995,2026-08-19T16:48:49Z,2026-08-19
b37d2d786854a896f40021ac437702fd56223e59592b7fae534d1a37e8969fbc,PNEO3_STD_20260811_BuildingDamageAsessment_Manizales,73,"4251,4252,4253",Manizales,Caldas,Pleiades NEO,20260811,Possible Damage,Damaged Buildings,To Be Evaluated,Not yet field validated,EQ20260810COL,\N,5.065615551000064,-75.47865894199992,2026-08-19T16:48:49Z,2026-08-19
b37d2d786854a896f40021ac437702fd56223e59592b7fae534d1a37e8969fbc,PNEO3_STD_20260811_BuildingDamageAsessment_Manizales,74,"4251,4252,4253",Manizales,Caldas,Pleiades NEO,20260811,Possible Damage,Damaged Buildings,To Be Evaluated,Not yet field validated,EQ20260810COL,\N,5.065484651000077,-75.47899399799991,2026-08-19T16:48:49Z,2026-08-19
b37d2d786854a896f40021ac437702fd56223e59592b7fae534d1a37e8969fbc,PNEO3_STD_20260811_BuildingDamageAsessment_Manizales,75,"4251,4252,4253",Manizales,Caldas,Pleiades NEO,20260811,Possible Damage,Damaged Buildings,To Be Evaluated,Not yet field validated,EQ20260810COL,\N,5.065458139000043,-75.47903592099993,2026-08-19T16:48:49Z,2026-08-19
b37d2d786854a896f40021ac437702fd56223e59592b7fae534d1a37e8969fbc,PNEO3_STD_20260811_BuildingDamageAsessment_Manizales,76,"4251,4252,4253",Manizales,Caldas,Pleiades NEO,20260811,Possible Damage,Damaged Buildings,To Be Evaluated,Not yet field validated,EQ20260810COL,\N,5.065414464000071,-75.47911511399991,2026-08-19T16:48:49Z,2026-08-19
b37d2d786854a896f40021ac437702fd56223e59592b7fae534d1a37e8969fbc,PNEO3_STD_20260811_BuildingDamageAsessment_Manizales,77,"4251,4252,4253",Manizales,Caldas,Pleiades NEO,20260811,Possible Damage,Damaged Buildings,To Be Evaluated,Not yet field validated,EQ20260810COL,\N,5.066692118000049,-75.4870152499999,2026-08-19T16:48:49Z,2026-08-19
b37d2d786854a896f40021ac437702fd56223e59592b7fae534d1a37e8969fbc,PNEO3_STD_20260811_BuildingDamageAsessment_Manizales,78,"4251,4252,4253",Manizales,Caldas,Pleiades NEO,20260811,Possible Damage,Damaged Buildings,To Be Evaluated,Not yet field validated,EQ20260810COL,\N,5.065432360000045,-75.48644730599995,2026-08-19T16:48:49Z,2026-08-19
b37d2d786854a896f40021ac437702fd56223e59592b7fae534d1a37e8969fbc,PNEO3_STD_20260811_BuildingDamageAsessment_Manizales,79,"4251,4252,4253",Manizales,Caldas,Pleiades NEO,20260811,Possible Damage,Damaged Buildings,To Be Evaluated,Not yet field validated,EQ20260810COL,\N,5.065421508000043,-75.48637739399993,2026-08-19T16:48:49Z,2026-08-19
b37d2d786854a896f40021ac437702fd56223e59592b7fae534d1a37e8969fbc,PNEO3_STD_20260811_BuildingDamageAsessment_Manizales,80,"4251,4252,4253",Manizales,Caldas,Pleiades NEO,20260811,Damaged,Damaged Buildings,To Be Evaluated,Not yet field validated,EQ20260810COL,\N,5.066441945000065,-75.48619329899992,2026-08-19T16:48:49Z,2026-08-19
b37d2d786854a896f40021ac437702fd56223e59592b7fae534d1a37e8969fbc,PNEO3_STD_20260811_BuildingDamageAsessment_Manizales,81,"4251,4252,4253",Manizales,Caldas,Pleiades NEO,20260811,Possible Damage,Damaged Buildings,To Be Evaluated,Not yet field validated,EQ20260810COL,\N,5.067361488000074,-75.48966590499992,2026-08-19T16:48:49Z,2026-08-19
b37d2d786854a896f40021ac437702fd56223e59592b7fae534d1a37e8969fbc,PNEO3_STD_20260811_BuildingDamageAsessment_Manizales,82,"4251,4252,4253",Manizales,Caldas,Pleiades NEO,20260811,Possible Damage,Damaged Buildings,To Be Evaluated,Not yet field validated,EQ20260810COL,\N,5.067405142000041,-75.48961622799993,2026-08-19T16:48:49Z,2026-08-19
b37d2d786854a896f40021ac437702fd56223e59592b7fae534d1a37e8969fbc,PNEO3_STD_20260811_BuildingDamageAsessment_Manizales,83,"4251,4252,4253",Manizales,Caldas,Pleiades NEO,20260811,Damaged,Damaged Buildings,To Be Evaluated,Not yet field validated,EQ20260810COL,\N,5.0676329670000655,-75.48702216799995,2026-08-19T16:48:49Z,2026-08-19
b37d2d786854a896f40021ac437702fd56223e59592b7fae534d1a37e8969fbc,PNEO3_STD_20260811_BuildingDamageAsessment_Manizales,84,"4251,4252,4253",Manizales,Caldas,Pleiades NEO,20260811,Possible Damage,Damaged Buildings,To Be Evaluated,Not yet field validated,EQ20260810COL,\N,5.0681660920000695,-75.48857133999991,2026-08-19T16:48:49Z,2026-08-19
b37d2d786854a896f40021ac437702fd56223e59592b7fae534d1a37e8969fbc,PNEO3_STD_20260811_BuildingDamageAsessment_Manizales,85,"4251,4252,4253",Manizales,Caldas,Pleiades NEO,20260811,Damaged,Damaged Buildings,To Be Evaluated,Not yet field validated,EQ20260810COL,\N,5.068729636000057,-75.49313264499995,2026-08-19T16:48:49Z,2026-08-19
b37d2d786854a896f40021ac437702fd56223e59592b7fae534d1a37e8969fbc,PNEO3_STD_20260811_BuildingDamageAsessment_Manizales,86,"4251,4252,4253",Manizales,Caldas,Pleiades NEO,20260811,Possible Damage,Damaged Buildings,To Be Evaluated,Not yet field validated,EQ20260810COL,\N,5.068600935000063,-75.49301361699992,2026-08-19T16:48:49Z,2026-08-19
b37d2d786854a896f40021ac437702fd56223e59592b7fae534d1a37e8969fbc,PNEO3_STD_20260811_BuildingDamageAsessment_Manizales,87,"4251,4252,4253",Manizales,Caldas,Pleiades NEO,20260811,Possible Damage,Damaged Buildings,To Be Evaluated,Not yet field validated,EQ20260810COL,\N,5.069548910000037,-75.49323579399993,2026-08-19T16:48:49Z,2026-08-19
b37d2d786854a896f40021ac437702fd56223e59592b7fae534d1a37e8969fbc,PNEO3_STD_20260811_BuildingDamageAsessment_Manizales,88,"4251,4252,4253",Manizales,Caldas,Pleiades NEO,20260811,Possible Damage,Damaged Buildings,To Be Evaluated,Not yet field validated,EQ20260810COL,\N,5.0696461450000925,-75.49237371099991,2026-08-19T16:48:49Z,2026-08-19
b37d2d786854a896f40021ac437702fd56223e59592b7fae534d1a37e8969fbc,PNEO3_STD_20260811_BuildingDamageAsessment_Manizales,89,"4251,4252,4253",Manizales,Caldas,Pleiades NEO,20260811,Possible Damage,Damaged Buildings,To Be Evaluated,Not yet field validated,EQ20260810COL,\N,5.069653995000067,-75.49229293799993,2026-08-19T16:48:49Z,2026-08-19
b37d2d786854a896f40021ac437702fd56223e59592b7fae534d1a37e8969fbc,PNEO3_STD_20260811_BuildingDamageAsessment_Manizales,90,"4251,4252,4253",Manizales,Caldas,Pleiades NEO,20260811,Possible Damage,Damaged Buildings,To Be Evaluated,Not yet field validated,EQ20260810COL,\N,5.069650953000064,-75.49219662299993,2026-08-19T16:48:49Z,2026-08-19
b37d2d786854a896f40021ac437702fd56223e59592b7fae534d1a37e8969fbc,PNEO3_STD_20260811_BuildingDamageAsessment_Manizales,91,"4251,4252,4253",Manizales,Caldas,Pleiades NEO,20260811,Possible Damage,Damaged Buildings,To Be Evaluated,Not yet field validated,EQ20260810COL,\N,5.069130743000073,-75.4925967339999,2026-08-19T16:48:49Z,2026-08-19
b37d2d786854a896f40021ac437702fd56223e59592b7fae534d1a37e8969fbc,PNEO3_STD_20260811_BuildingDamageAsessment_Manizales,92,"4251,4252,4253",Manizales,Caldas,Pleiades NEO,20260811,Possible Damage,Damaged Buildings,To Be Evaluated,Not yet field validated,EQ20260810COL,\N,5.069144171000062,-75.49255856699995,2026-08-19T16:48:49Z,2026-08-19
b37d2d786854a896f40021ac437702fd56223e59592b7fae534d1a37e8969fbc,PNEO3_STD_20260811_BuildingDamageAsessment_Manizales,93,"4251,4252,4253",Manizales,Caldas,Pleiades NEO,20260811,Possible Damage,Damaged Buildings,To Be Evaluated,Not yet field validated,EQ20260810COL,\N,5.06945834000004,-75.49164724399992,2026-08-19T16:48:49Z,2026-08-19
b37d2d786854a896f40021ac437702fd56223e59592b7fae534d1a37e8969fbc,PNEO3_STD_20260811_BuildingDamageAsessment_Manizales,94,"4251,4252,4253",Manizales,Caldas,Pleiades NEO,20260811,Possible Damage,Damaged Buildings,To Be Evaluated,Not yet field validated,EQ20260810COL,\N,5.069454295000071,-75.49172180599993,2026-08-19T16:48:49Z,2026-08-19
b37d2d786854a896f40021ac437702fd56223e59592b7fae534d1a37e8969fbc,PNEO3_STD_20260811_BuildingDamageAsessment_Manizales,95,"4251,4252,4253",Manizales,Caldas,Pleiades NEO,20260811,Possible Damage,Damaged Buildings,To Be Evaluated,Not yet field validated,EQ20260810COL,\N,5.069447278000041,-75.49177349899992,2026-08-19T16:48:49Z,2026-08-19
b37d2d786854a896f40021ac437702fd56223e59592b7fae534d1a37e8969fbc,PNEO3_STD_20260811_BuildingDamageAsessment_Manizales,96,"4251,4252,4253",Manizales,Caldas,Pleiades NEO,20260811,Possible Damage,Damaged Buildings,To Be Evaluated,Not yet field validated,EQ20260810COL,\N,5.069439257000056,-75.49183314499993,2026-08-19T16:48:49Z,2026-08-19
b37d2d786854a896f40021ac437702fd56223e59592b7fae534d1a37e8969fbc,PNEO3_STD_20260811_BuildingDamageAsessment_Manizales,97,"4251,4252,4253",Manizales,Caldas,Pleiades NEO,20260811,Possible Damage,Damaged Buildings,To Be Evaluated,Not yet field validated,EQ20260810COL,\N,5.069432230000075,-75.49189676799995,2026-08-19T16:48:49Z,2026-08-19
b37d2d786854a896f40021ac437702fd56223e59592b7fae534d1a37e8969fbc,PNEO3_STD_20260811_BuildingDamageAsessment_Manizales,98,"4251,4252,4253",Manizales,Caldas,Pleiades NEO,20260811,Possible Damage,Damaged Buildings,To Be Evaluated,Not yet field validated,EQ20260810COL,\N,5.069427172000076,-75.49199320199995,2026-08-19T16:48:49Z,2026-08-19
b37d2d786854a896f40021ac437702fd56223e59592b7fae534d1a37e8969fbc,PNEO3_STD_20260811_BuildingDamageAsessment_Manizales,99,"4251,4252,4253",Manizales,Caldas,Pleiades NEO,20260811,Possible Damage,Damaged Buildings,To Be Evaluated,Not yet field validated,EQ20260810COL,\N,5.069423117000042,-75.49208168199993,2026-08-19T16:48:49Z,2026-08-19
b37d2d786854a896f40021ac437702fd56223e59592b7fae534d1a37e8969fbc,PNEO3_STD_20260811_BuildingDamageAsessment_Manizales,100,"4251,4252,4253",Manizales,Caldas,Pleiades NEO,20260811,Possible Damage,Damaged Buildings,To Be Evaluated,Not yet field validated,EQ20260810COL,\N,5.06970861800005,-75.49158380499995,2026-08-19T16:48:49Z,2026-08-19
b37d2d786854a896f40021ac437702fd56223e59592b7fae534d1a37e8969fbc,PNEO3_STD_20260811_BuildingDamageAsessment_Manizales,101,"4251,4252,4253",Manizales,Caldas,Pleiades NEO,20260811,Possible Damage,Damaged Buildings,To Be Evaluated,Not yet field validated,EQ20260810COL,\N,5.069709551000074,-75.49166731799994,2026-08-19T16:48:49Z,2026-08-19
b37d2d786854a896f40021ac437702fd56223e59592b7fae534d1a37e8969fbc,PNEO3_STD_20260811_BuildingDamageAsessment_Manizales,102,"4251,4252,4253",Manizales,Caldas,Pleiades NEO,20260811,Possible Damage,Damaged Buildings,To Be Evaluated,Not yet field validated,EQ20260810COL,\N,5.069706487000076,-75.49176375299993,2026-08-19T16:48:49Z,2026-08-19
b37d2d786854a896f40021ac437702fd56223e59592b7fae534d1a37e8969fbc,PNEO3_STD_20260811_BuildingDamageAsessment_Manizales,103,"4251,4252,4253",Manizales,Caldas,Pleiades NEO,20260811,Possible Damage,Damaged Buildings,To Be Evaluated,Not yet field validated,EQ20260810COL,\N,5.0697064280000745,-75.49184130099991,2026-08-19T16:48:49Z,2026-08-19
b37d2d786854a896f40021ac437702fd56223e59592b7fae534d1a37e8969fbc,PNEO3_STD_20260811_BuildingDamageAsessment_Manizales,104,"4251,4252,4253",Manizales,Caldas,Pleiades NEO,20260811,Possible Damage,Damaged Buildings,To Be Evaluated,Not yet field validated,EQ20260810COL,\N,5.069700386000079,-75.49192083199995,2026-08-19T16:48:49Z,2026-08-19
b37d2d786854a896f40021ac437702fd56223e59592b7fae534d1a37e8969fbc,PNEO3_STD_20260811_BuildingDamageAsessment_Manizales,105,"4251,4252,4253",Manizales,Caldas,Pleiades NEO,20260811,Possible Damage,Damaged Buildings,To Be Evaluated,Not yet field validated,EQ20260810COL,\N,5.069177884000055,-75.49206558999992,2026-08-19T16:48:49Z,2026-08-19
b37d2d786854a896f40021ac437702fd56223e59592b7fae534d1a37e8969fbc,PNEO3_STD_20260811_BuildingDamageAsessment_Manizales,106,"4251,4252,4253",Manizales,Caldas,Pleiades NEO,20260811,Possible Damage,Damaged Buildings,To Be Evaluated,Not yet field validated,EQ20260810COL,\N,5.0691819460000715,-75.49196716699993,2026-08-19T16:48:49Z,2026-08-19
b37d2d786854a896f40021ac437702fd56223e59592b7fae534d1a37e8969fbc,PNEO3_STD_20260811_BuildingDamageAsessment_Manizales,107,"4251,4252,4253",Manizales,Caldas,Pleiades NEO,20260811,Possible Damage,Damaged Buildings,To Be Evaluated,Not yet field validated,EQ20260810COL,\N,5.069188992000079,-75.49187868899992,2026-08-19T16:48:49Z,2026-08-19
b37d2d786854a896f40021ac437702fd56223e59592b7fae534d1a37e8969fbc,PNEO3_STD_20260811_BuildingDamageAsessment_Manizales,108,"4251,4252,4253",Manizales,Caldas,Pleiades NEO,20260811,Possible Damage,Damaged Buildings,To Be Evaluated,Not yet field validated,EQ20260810COL,\N,5.071529139000063,-75.49213212099994,2026-08-19T16:48:49Z,2026-08-19
b37d2d786854a896f40021ac437702fd56223e59592b7fae534d1a37e8969fbc,PNEO3_STD_20260811_BuildingDamageAsessment_Manizales,109,"4251,4252,4253",Manizales,Caldas,Pleiades NEO,20260811,Possible Damage,Damaged Buildings,To Be Evaluated,Not yet field validated,EQ20260810COL,\N,5.071526344000063,-75.49220584599993,2026-08-19T16:48:49Z,2026-08-19
b37d2d786854a896f40021ac437702fd56223e59592b7fae534d1a37e8969fbc,PNEO3_STD_20260811_BuildingDamageAsessment_Manizales,110,"4251,4252,4253",Manizales,Caldas,Pleiades NEO,20260811,Possible Damage,Damaged Buildings,To Be Evaluated,Not yet field validated,EQ20260810COL,\N,5.071513973000037,-75.49227137299994,2026-08-19T16:48:49Z,2026-08-19
b37d2d786854a896f40021ac437702fd56223e59592b7fae534d1a37e8969fbc,PNEO3_STD_20260811_BuildingDamageAsessment_Manizales,111,"4251,4252,4253",Manizales,Caldas,Pleiades NEO,20260811,Possible Damage,Damaged Buildings,To Be Evaluated,Not yet field validated,EQ20260810COL,\N,5.07149875500005,-75.4924788909999,2026-08-19T16:48:49Z,2026-08-19
b37d2d786854a896f40021ac437702fd56223e59592b7fae534d1a37e8969fbc,PNEO3_STD_20260811_BuildingDamageAsessment_Manizales,112,"4251,4252,4253",Manizales,Caldas,Pleiades NEO,20260811,Possible Damage,Damaged Buildings,To Be Evaluated,Not yet field validated,EQ20260810COL,\N,5.071038273000056,-75.49130026499995,2026-08-19T16:48:49Z,2026-08-19
b37d2d786854a896f40021ac437702fd56223e59592b7fae534d1a37e8969fbc,PNEO3_STD_20260811_BuildingDamageAsessment_Manizales,113,"4251,4252,4253",Manizales,Caldas,Pleiades NEO,20260811,Possible Damage,Damaged Buildings,To Be Evaluated,Not yet field validated,EQ20260810COL,\N,5.071601291000093,-75.48906291599991,2026-08-19T16:48:49Z,2026-08-19
b37d2d786854a896f40021ac437702fd56223e59592b7fae534d1a37e8969fbc,PNEO3_STD_20260811_BuildingDamageAsessment_Manizales,114,"4251,4252,4253",Manizales,Caldas,Pleiades NEO,20260811,Damaged,Damaged Buildings,To Be Evaluated,Not yet field validated,EQ20260810COL,\N,5.072194912000043,-75.48980064099993,2026-08-19T16:48:49Z,2026-08-19
b37d2d786854a896f40021ac437702fd56223e59592b7fae534d1a37e8969fbc,PNEO3_STD_20260811_BuildingDamageAsessment_Manizales,115,"4251,4252,4253",Manizales,Caldas,Pleiades NEO,20260811,Possible Damage,Damaged Buildings,To Be Evaluated,Not yet field validated,EQ20260810COL,\N,5.0717281020000655,-75.48974021499993,2026-08-19T16:48:49Z,2026-08-19
b37d2d786854a896f40021ac437702fd56223e59592b7fae534d1a37e8969fbc,PNEO3_STD_20260811_BuildingDamageAsessment_Manizales,116,"4251,4252,4253",Manizales,Caldas,Pleiades NEO,20260811,Damaged,Damaged Buildings,To Be Evaluated,Not yet field validated,EQ20260810COL,\N,5.070388276000074,-75.48907838699995,2026-08-19T16:48:49Z,2026-08-19
b37d2d786854a896f40021ac437702fd56223e59592b7fae534d1a37e8969fbc,PNEO3_STD_20260811_BuildingDamageAsessment_Manizales,117,"4251,4252,4253",Manizales,Caldas,Pleiades NEO,20260811,Possible Damage,Damaged Buildings,To Be Evaluated,Not yet field validated,EQ20260810COL,\N,5.070414260000064,-75.48911663599995,2026-08-19T16:48:49Z,2026-08-19
b37d2d786854a896f40021ac437702fd56223e59592b7fae534d1a37e8969fbc,PNEO3_STD_20260811_BuildingDamageAsessment_Manizales,118,"4251,4252,4253",Manizales,Caldas,Pleiades NEO,20260811,Possible Damage,Damaged Buildings,To Be Evaluated,Not yet field validated,EQ20260810COL,\N,5.072874413000079,-75.48922225299992,2026-08-19T16:48:49Z,2026-08-19
b37d2d786854a896f40021ac437702fd56223e59592b7fae534d1a37e8969fbc,PNEO3_STD_20260811_BuildingDamageAsessment_Manizales,119,"4251,4252,4253",Manizales,Caldas,Pleiades NEO,20260811,Possible Damage,Damaged Buildings,To Be Evaluated,Not yet field validated,EQ20260810COL,\N,5.072240721000071,-75.48642929199991,2026-08-19T16:48:49Z,2026-08-19
b37d2d786854a896f40021ac437702fd56223e59592b7fae534d1a37e8969fbc,PNEO3_STD_20260811_BuildingDamageAsessment_Manizales,120,"4251,4252,4253",Manizales,Caldas,Pleiades NEO,20260811,Possible Damage,Damaged Buildings,To Be Evaluated,Not yet field validated,EQ20260810COL,\N,5.072896901000092,-75.48663769599995,2026-08-19T16:48:49Z,2026-08-19
b37d2d786854a896f40021ac437702fd56223e59592b7fae534d1a37e8969fbc,PNEO3_STD_20260811_BuildingDamageAsessment_Manizales,121,"4251,4252,4253",Manizales,Caldas,Pleiades NEO,20260811,Possible Damage,Damaged Buildings,To Be Evaluated,Not yet field validated,EQ20260810COL,\N,5.072567784000057,-75.48735151799991,2026-08-19T16:48:49Z,2026-08-19
b37d2d786854a896f40021ac437702fd56223e59592b7fae534d1a37e8969fbc,PNEO3_STD_20260811_BuildingDamageAsessment_Manizales,122,"4251,4252,4253",Manizales,Caldas,Pleiades NEO,20260811,Possible Damage,Damaged Buildings,To Be Evaluated,Not yet field validated,EQ20260810COL,\N,5.072468228000048,-75.48865260399992,2026-08-19T16:48:49Z,2026-08-19
b37d2d786854a896f40021ac437702fd56223e59592b7fae534d1a37e8969fbc,PNEO3_STD_20260811_BuildingDamageAsessment_Manizales,123,"4251,4252,4253",Manizales,Caldas,Pleiades NEO,20260811,Damaged,Damaged Buildings,To Be Evaluated,Not yet field validated,EQ20260810COL,\N,5.0743034590000775,-75.48777061299995,2026-08-19T16:48:49Z,2026-08-19
b37d2d786854a896f40021ac437702fd56223e59592b7fae534d1a37e8969fbc,PNEO3_STD_20260811_BuildingDamageAsessment_Manizales,124,"4251,4252,4253",Manizales,Caldas,Pleiades NEO,20260811,Damaged,Damaged Buildings,To Be Evaluated,Not yet field validated,EQ20260810COL,\N,5.07431996300005,-75.48767095599993,2026-08-19T16:48:49Z,2026-08-19
b37d2d786854a896f40021ac437702fd56223e59592b7fae534d1a37e8969fbc,PNEO3_STD_20260811_BuildingDamageAsessment_Manizales,125,"4251,4252,4253",Manizales,Caldas,Pleiades NEO,20260811,Damaged,Damaged Buildings,To Be Evaluated,Not yet field validated,EQ20260810COL,\N,5.074237835000076,-75.48764904899991,2026-08-19T16:48:49Z,2026-08-19
b37d2d786854a896f40021ac437702fd56223e59592b7fae534d1a37e8969fbc,PNEO3_STD_20260811_BuildingDamageAsessment_Manizales,126,"4251,4252,4253",Manizales,Caldas,Pleiades NEO,20260811,Possible Damage,Damaged Buildings,To Be Evaluated,Not yet field validated,EQ20260810COL,\N,5.073770841000055,-75.48783165299994,2026-08-19T16:48:49Z,2026-08-19
b37d2d786854a896f40021ac437702fd56223e59592b7fae534d1a37e8969fbc,PNEO3_STD_20260811_BuildingDamageAsessment_Manizales,127,"4251,4252,4253",Manizales,Caldas,Pleiades NEO,20260811,Possible Damage,Damaged Buildings,To Be Evaluated,Not yet field validated,EQ20260810COL,\N,5.073832500000037,-75.48776479799994,2026-08-19T16:48:49Z,2026-08-19
b37d2d786854a896f40021ac437702fd56223e59592b7fae534d1a37e8969fbc,PNEO3_STD_20260811_BuildingDamageAsessment_Manizales,128,"4251,4252,4253",Manizales,Caldas,Pleiades NEO,20260811,Possible Damage,Damaged Buildings,To Be Evaluated,Not yet field validated,EQ20260810COL,\N,5.073693074000062,-75.4874738769999,2026-08-19T16:48:49Z,2026-08-19
b37d2d786854a896f40021ac437702fd56223e59592b7fae534d1a37e8969fbc,PNEO3_STD_20260811_BuildingDamageAsessment_Manizales,129,"4251,4252,4253",Manizales,Caldas,Pleiades NEO,20260811,Possible Damage,Damaged Buildings,To Be Evaluated,Not yet field validated,EQ20260810COL,\N,5.073658791000071,-75.48754757899991,2026-08-19T16:48:49Z,2026-08-19
b37d2d786854a896f40021ac437702fd56223e59592b7fae534d1a37e8969fbc,PNEO3_STD_20260811_BuildingDamageAsessment_Manizales,130,"4251,4252,4253",Manizales,Caldas,Pleiades NEO,20260811,Possible Damage,Damaged Buildings,To Be Evaluated,Not yet field validated,EQ20260810COL,\N,5.072838593000085,-75.48770670699992,2026-08-19T16:48:49Z,2026-08-19
b37d2d786854a896f40021ac437702fd56223e59592b7fae534d1a37e8969fbc,PNEO3_STD_20260811_BuildingDamageAsessment_Manizales,131,"4251,4252,4253",Manizales,Caldas,Pleiades NEO,20260811,Possible Damage,Damaged Buildings,To Be Evaluated,Not yet field validated,EQ20260810COL,\N,5.073573224000086,-75.4902617969999,2026-08-19T16:48:49Z,2026-08-19
b37d2d786854a896f40021ac437702fd56223e59592b7fae534d1a37e8969fbc,PNEO3_STD_20260811_BuildingDamageAsessment_Manizales,132,"4251,4252,4253",Manizales,Caldas,Pleiades NEO,20260811,Possible Damage,Damaged Buildings,To Be Evaluated,Not yet field validated,EQ20260810COL,\N,5.073392358000092,-75.49067251699995,2026-08-19T16:48:49Z,2026-08-19
b37d2d786854a896f40021ac437702fd56223e59592b7fae534d1a37e8969fbc,PNEO3_STD_20260811_BuildingDamageAsessment_Manizales,133,"4251,4252,4253",Manizales,Caldas,Pleiades NEO,20260811,Damaged,Damaged Buildings,To Be Evaluated,Not yet field validated,EQ20260810COL,\N,5.073726824000062,-75.4917159929999,2026-08-19T16:48:49Z,2026-08-19
b37d2d786854a896f40021ac437702fd56223e59592b7fae534d1a37e8969fbc,PNEO3_STD_20260811_BuildingDamageAsessment_Manizales,134,"4251,4252,4253",Manizales,Caldas,Pleiades NEO,20260811,Possible Damage,Damaged Buildings,To Be Evaluated,Not yet field validated,EQ20260810COL,\N,5.0724064950000525,-75.49421764399995,2026-08-19T16:48:49Z,2026-08-19
b37d2d786854a896f40021ac437702fd56223e59592b7fae534d1a37e8969fbc,Pleiades_20260812_BuildingDamageAsessment_Viterbo,0,"4251,4252,4253",Viterbo,Caldas,Pleiades,20260812,Possible Damage,Damaged Buildings,\N,Not yet field validated,EQ20260810COL,\N,5.068365676000042,-75.87824582399992,2026-08-19T16:48:49Z,2026-08-19
b37d2d786854a896f40021ac437702fd56223e59592b7fae534d1a37e8969fbc,Pleiades_20260812_BuildingDamageAsessment_Viterbo,1,"4251,4252,4253",Viterbo,Caldas,Pleiades,20260812,Damage,Damaged Buildings,\N,Not yet field validated,EQ20260810COL,\N,5.067592010000055,-75.87736164799992,2026-08-19T16:48:49Z,2026-08-19
b37d2d786854a896f40021ac437702fd56223e59592b7fae534d1a37e8969fbc,Pleiades_20260812_BuildingDamageAsessment_Viterbo,2,"4251,4252,4253",Viterbo,Caldas,Pleiades,20260812,Possible Damage,Damaged Buildings,\N,Not yet field validated,EQ20260810COL,\N,5.067666265000071,-75.87770396099995,2026-08-19T16:48:49Z,2026-08-19
b37d2d786854a896f40021ac437702fd56223e59592b7fae534d1a37e8969fbc,Pleiades_20260812_BuildingDamageAsessment_Viterbo,3,"4251,4252,4253",Viterbo,Caldas,Pleiades,20260812,Possible Damage,Damaged Buildings,\N,Not yet field validated,EQ20260810COL,\N,5.06781286100005,-75.87775935499991,2026-08-19T16:48:49Z,2026-08-19
b37d2d786854a896f40021ac437702fd56223e59592b7fae534d1a37e8969fbc,Pleiades_20260812_BuildingDamageAsessment_Viterbo,4,"4251,4252,4253",Viterbo,Caldas,Pleiades,20260812,Damage,Damaged Buildings,\N,Not yet field validated,EQ20260810COL,\N,5.068354869000075,-75.8780526239999,2026-08-19T16:48:49Z,2026-08-19
b37d2d786854a896f40021ac437702fd56223e59592b7fae534d1a37e8969fbc,Pleiades_20260812_BuildingDamageAsessment_Viterbo,5,"4251,4252,4253",Viterbo,Caldas,Pleiades,20260812,Possible Damage,Damaged Buildings,\N,Not yet field validated,EQ20260810COL,\N,5.068277457000079,-75.87799732399992,2026-08-19T16:48:49Z,2026-08-19
b37d2d786854a896f40021ac437702fd56223e59592b7fae534d1a37e8969fbc,Pleiades_20260812_BuildingDamageAsessment_Viterbo,6,"4251,4252,4253",Viterbo,Caldas,Pleiades,20260812,Possible Damage,Damaged Buildings,\N,Not yet field validated,EQ20260810COL,\N,5.0682080220000785,-75.87818213599991,2026-08-19T16:48:49Z,2026-08-19
b37d2d786854a896f40021ac437702fd56223e59592b7fae534d1a37e8969fbc,Pleiades_20260812_BuildingDamageAsessment_Viterbo,7,"4251,4252,4253",Viterbo,Caldas,Pleiades,20260812,Possible Damage,Damaged Buildings,\N,Not yet field validated,EQ20260810COL,\N,5.06349576000008,-75.87366079499992,2026-08-19T16:48:49Z,2026-08-19
b37d2d786854a896f40021ac437702fd56223e59592b7fae534d1a37e8969fbc,Pleiades_20260812_BuildingDamageAsessment_Viterbo,8,"4251,4252,4253",Viterbo,Caldas,Pleiades,20260812,Damage,Damaged Buildings,\N,Not yet field validated,EQ20260810COL,\N,5.067942751000089,-75.87788923999994,2026-08-19T16:48:49Z,2026-08-19
b37d2d786854a896f40021ac437702fd56223e59592b7fae534d1a37e8969fbc,Pleiades_20260812_BuildingDamageAsessment_Viterbo,9,"4251,4252,4253",Viterbo,Caldas,Pleiades,20260812,Possible Damage,Damaged Buildings,\N,Not yet field validated,EQ20260810COL,\N,5.067486951000092,-75.87728699199994,2026-08-19T16:48:49Z,2026-08-19
b37d2d786854a896f40021ac437702fd56223e59592b7fae534d1a37e8969fbc,Pleiades_20260812_BuildingDamageAsessment_Viterbo,10,"4251,4252,4253",Viterbo,Caldas,Pleiades,20260812,Possible Damage,Damaged Buildings,\N,Not yet field validated,EQ20260810COL,\N,5.067747705000045,-75.87756420499994,2026-08-19T16:48:49Z,2026-08-19
b37d2d786854a896f40021ac437702fd56223e59592b7fae534d1a37e8969fbc,Pleiades_20260812_BuildingDamageAsessment_Viterbo,11,"4251,4252,4253",Viterbo,Caldas,Pleiades,20260812,Possible Damage,Damaged Buildings,\N,Not yet field validated,EQ20260810COL,\N,5.067671671000085,-75.87747225699991,2026-08-19T16:48:49Z,2026-08-19
b37d2d786854a896f40021ac437702fd56223e59592b7fae534d1a37e8969fbc,Pleiades_20260812_BuildingDamageAsessment_Viterbo,12,"4251,4252,4253",Viterbo,Caldas,Pleiades,20260812,Possible Damage,Damaged Buildings,\N,Not yet field validated,EQ20260810COL,\N,5.066822540000089,-75.87672928299992,2026-08-19T16:48:49Z,2026-08-19
b37d2d786854a896f40021ac437702fd56223e59592b7fae534d1a37e8969fbc,Pleiades_20260812_BuildingDamageAsessment_Viterbo,13,"4251,4252,4253",Viterbo,Caldas,Pleiades,20260812,Damage,Damaged Buildings,\N,Not yet field validated,EQ20260810COL,\N,5.064421917000061,-75.87466659599994,2026-08-19T16:48:49Z,2026-08-19
b37d2d786854a896f40021ac437702fd56223e59592b7fae534d1a37e8969fbc,Pleiades_20260812_BuildingDamageAsessment_Viterbo,14,"4251,4252,4253",Viterbo,Caldas,Pleiades,20260812,Possible Damage,Damaged Buildings,\N,Not yet field validated,EQ20260810COL,\N,5.066796490000058,-75.87634773499991,2026-08-19T16:48:49Z,2026-08-19
b37d2d786854a896f40021ac437702fd56223e59592b7fae534d1a37e8969fbc,Pleiades_20260812_BuildingDamageAsessment_Viterbo,15,"4251,4252,4253",Viterbo,Caldas,Pleiades,20260812,Damage,Damaged Buildings,\N,Not yet field validated,EQ20260810COL,\N,5.066905525000038,-75.87561135199991,2026-08-19T16:48:49Z,2026-08-19
b37d2d786854a896f40021ac437702fd56223e59592b7fae534d1a37e8969fbc,Pleiades_20260812_BuildingDamageAsessment_Viterbo,16,"4251,4252,4253",Viterbo,Caldas,Pleiades,20260812,Damage,Damaged Buildings,\N,Not yet field validated,EQ20260810COL,\N,5.066756780000048,-75.87558995599994,2026-08-19T16:48:49Z,2026-08-19
b37d2d786854a896f40021ac437702fd56223e59592b7fae534d1a37e8969fbc,Pleiades_20260812_BuildingDamageAsessment_Viterbo,17,"4251,4252,4253",Viterbo,Caldas,Pleiades,20260812,Possible Damage,Damaged Buildings,\N,Not yet field validated,EQ20260810COL,\N,5.066816666000079,-75.87583554699995,2026-08-19T16:48:49Z,2026-08-19
b37d2d786854a896f40021ac437702fd56223e59592b7fae534d1a37e8969fbc,Pleiades_20260812_BuildingDamageAsessment_Viterbo,18,"4251,4252,4253",Viterbo,Caldas,Pleiades,20260812,Possible Damage,Damaged Buildings,\N,Not yet field validated,EQ20260810COL,\N,5.0652766920000545,-75.87647639099993,2026-08-19T16:48:49Z,2026-08-19
b37d2d786854a896f40021ac437702fd56223e59592b7fae534d1a37e8969fbc,Pleiades_20260812_BuildingDamageAsessment_Viterbo,19,"4251,4252,4253",Viterbo,Caldas,Pleiades,20260812,Damage,Damaged Buildings,\N,Not yet field validated,EQ20260810COL,\N,5.06554053900004,-75.87651383799994,2026-08-19T16:48:49Z,2026-08-19
b37d2d786854a896f40021ac437702fd56223e59592b7fae534d1a37e8969fbc,Pleiades_20260812_BuildingDamageAsessment_Viterbo,20,"4251,4252,4253",Viterbo,Caldas,Pleiades,20260812,Damage,Damaged Buildings,\N,Not yet field validated,EQ20260810COL,\N,5.065411170000061,-75.87657018399995,2026-08-19T16:48:49Z,2026-08-19
b37d2d786854a896f40021ac437702fd56223e59592b7fae534d1a37e8969fbc,Pleiades_20260812_BuildingDamageAsessment_Viterbo,21,"4251,4252,4253",Viterbo,Caldas,Pleiades,20260812,Damage,Damaged Buildings,\N,Not yet field validated,EQ20260810COL,\N,5.0656775460000745,-75.87473893399994,2026-08-19T16:48:49Z,2026-08-19
b37d2d786854a896f40021ac437702fd56223e59592b7fae534d1a37e8969fbc,Pleiades_20260812_BuildingDamageAsessment_Viterbo,22,"4251,4252,4253",Viterbo,Caldas,Pleiades,20260812,Possible Damage,Damaged Buildings,\N,Not yet field validated,EQ20260810COL,\N,5.065917049000063,-75.87575132199993,2026-08-19T16:48:49Z,2026-08-19
b37d2d786854a896f40021ac437702fd56223e59592b7fae534d1a37e8969fbc,Pleiades_20260812_BuildingDamageAsessment_Viterbo,23,"4251,4252,4253",Viterbo,Caldas,Pleiades,20260812,Possible Damage,Damaged Buildings,\N,Not yet field validated,EQ20260810COL,\N,5.0655489140000896,-75.87556006999995,2026-08-19T16:48:49Z,2026-08-19
b37d2d786854a896f40021ac437702fd56223e59592b7fae534d1a37e8969fbc,Pleiades_20260812_BuildingDamageAsessment_Viterbo,24,"4251,4252,4253",Viterbo,Caldas,Pleiades,20260812,Possible Damage,Damaged Buildings,\N,Not yet field validated,EQ20260810COL,\N,5.065757413000085,-75.87461540299995,2026-08-19T16:48:49Z,2026-08-19
b37d2d786854a896f40021ac437702fd56223e59592b7fae534d1a37e8969fbc,Pleiades_20260812_BuildingDamageAsessment_Viterbo,25,"4251,4252,4253",Viterbo,Caldas,Pleiades,20260812,Possible Damage,Damaged Buildings,\N,Not yet field validated,EQ20260810COL,\N,5.065840678000086,-75.87459961899992,2026-08-19T16:48:49Z,2026-08-19
b37d2d786854a896f40021ac437702fd56223e59592b7fae534d1a37e8969fbc,Pleiades_20260812_BuildingDamageAsessment_Viterbo,26,"4251,4252,4253",Viterbo,Caldas,Pleiades,20260812,Possible Damage,Damaged Buildings,\N,Not yet field validated,EQ20260810COL,\N,5.065504644000043,-75.87383459799992,2026-08-19T16:48:49Z,2026-08-19
b37d2d786854a896f40021ac437702fd56223e59592b7fae534d1a37e8969fbc,Pleiades_20260812_BuildingDamageAsessment_Viterbo,27,"4251,4252,4253",Viterbo,Caldas,Pleiades,20260812,Possible Damage,Damaged Buildings,\N,Not yet field validated,EQ20260810COL,\N,5.06535518000004,-75.87385371599993,2026-08-19T16:48:49Z,2026-08-19
b37d2d786854a896f40021ac437702fd56223e59592b7fae534d1a37e8969fbc,Pleiades_20260812_BuildingDamageAsessment_Viterbo,28,"4251,4252,4253",Viterbo,Caldas,Pleiades,20260812,Damage,Damaged Buildings,\N,Not yet field validated,EQ20260810COL,\N,5.064876173000073,-75.87198746399991,2026-08-19T16:48:49Z,2026-08-19
b37d2d786854a896f40021ac437702fd56223e59592b7fae534d1a37e8969fbc,Pleiades_20260812_BuildingDamageAsessment_Viterbo,29,"4251,4252,4253",Viterbo,Caldas,Pleiades,20260812,Possible Damage,Damaged Buildings,\N,Not yet field validated,EQ20260810COL,\N,5.064407895000045,-75.87036960799992,2026-08-19T16:48:49Z,2026-08-19
b37d2d786854a896f40021ac437702fd56223e59592b7fae534d1a37e8969fbc,Pleiades_20260812_BuildingDamageAsessment_Viterbo,30,"4251,4252,4253",Viterbo,Caldas,Pleiades,20260812,Possible Damage,Damaged Buildings,\N,Not yet field validated,EQ20260810COL,\N,5.064105667000092,-75.8687436969999,2026-08-19T16:48:49Z,2026-08-19
b37d2d786854a896f40021ac437702fd56223e59592b7fae534d1a37e8969fbc,Pleiades_20260812_BuildingDamageAsessment_Viterbo,31,"4251,4252,4253",Viterbo,Caldas,Pleiades,20260812,Damage,Damaged Buildings,\N,Not yet field validated,EQ20260810COL,\N,5.064210642000091,-75.86888182599995,2026-08-19T16:48:49Z,2026-08-19
b37d2d786854a896f40021ac437702fd56223e59592b7fae534d1a37e8969fbc,Pleiades_20260812_BuildingDamageAsessment_Viterbo,32,"4251,4252,4253",Viterbo,Caldas,Pleiades,20260812,Damage,Damaged Buildings,\N,Not yet field validated,EQ20260810COL,\N,5.065779578000047,-75.86999843099994,2026-08-19T16:48:49Z,2026-08-19
b37d2d786854a896f40021ac437702fd56223e59592b7fae534d1a37e8969fbc,Pleiades_20260812_BuildingDamageAsessment_Viterbo,33,"4251,4252,4253",Viterbo,Caldas,Pleiades,20260812,Damage,Damaged Buildings,\N,Not yet field validated,EQ20260810COL,\N,5.066202239000063,-75.8704723539999,2026-08-19T16:48:49Z,2026-08-19
b37d2d786854a896f40021ac437702fd56223e59592b7fae534d1a37e8969fbc,Pleiades_20260812_BuildingDamageAsessment_Viterbo,34,"4251,4252,4253",Viterbo,Caldas,Pleiades,20260812,Possible Damage,Damaged Buildings,\N,Not yet field validated,EQ20260810COL,\N,5.064651744000059,-75.86942396599994,2026-08-19T16:48:49Z,2026-08-19
b37d2d786854a896f40021ac437702fd56223e59592b7fae534d1a37e8969fbc,Pleiades_20260812_BuildingDamageAsessment_Viterbo,35,"4251,4252,4253",Viterbo,Caldas,Pleiades,20260812,Possible Damage,Damaged Buildings,\N,Not yet field validated,EQ20260810COL,\N,5.064451781000059,-75.86890295699993,2026-08-19T16:48:49Z,2026-08-19
b37d2d786854a896f40021ac437702fd56223e59592b7fae534d1a37e8969fbc,Pleiades_20260812_BuildingDamageAsessment_Viterbo,36,"4251,4252,4253",Viterbo,Caldas,Pleiades,20260812,Possible Damage,Damaged Buildings,\N,Not yet field validated,EQ20260810COL,\N,5.0644835340000895,-75.86903034199992,2026-08-19T16:48:49Z,2026-08-19
b37d2d786854a896f40021ac437702fd56223e59592b7fae534d1a37e8969fbc,Pleiades_20260812_BuildingDamageAsessment_Viterbo,37,"4251,4252,4253",Viterbo,Caldas,Pleiades,20260812,Possible Damage,Damaged Buildings,\N,Not yet field validated,EQ20260810COL,\N,5.06478381800008,-75.86785963999995,2026-08-19T16:48:49Z,2026-08-19
b37d2d786854a896f40021ac437702fd56223e59592b7fae534d1a37e8969fbc,Pleiades_20260812_BuildingDamageAsessment_Viterbo,38,"4251,4252,4253",Viterbo,Caldas,Pleiades,20260812,Possible Damage,Damaged Buildings,\N,Not yet field validated,EQ20260810COL,\N,5.064352985000085,-75.86775900999993,2026-08-19T16:48:49Z,2026-08-19
b37d2d786854a896f40021ac437702fd56223e59592b7fae534d1a37e8969fbc,Pleiades_20260812_BuildingDamageAsessment_Viterbo,39,"4251,4252,4253",Viterbo,Caldas,Pleiades,20260812,Damage,Damaged Buildings,\N,Not yet field validated,EQ20260810COL,\N,5.064707627000075,-75.86686125699993,2026-08-19T16:48:49Z,2026-08-19
b37d2d786854a896f40021ac437702fd56223e59592b7fae534d1a37e8969fbc,Pleiades_20260812_BuildingDamageAsessment_Viterbo,40,"4251,4252,4253",Viterbo,Caldas,Pleiades,20260812,Possible Damage,Damaged Buildings,\N,Not yet field validated,EQ20260810COL,\N,5.064428335000059,-75.86598085199995,2026-08-19T16:48:49Z,2026-08-19
b37d2d786854a896f40021ac437702fd56223e59592b7fae534d1a37e8969fbc,Pleiades_20260812_BuildingDamageAsessment_Viterbo,41,"4251,4252,4253",Viterbo,Caldas,Pleiades,20260812,Possible Damage,Damaged Buildings,\N,Not yet field validated,EQ20260810COL,\N,5.064827753000088,-75.86570168299994,2026-08-19T16:48:49Z,2026-08-19
b37d2d786854a896f40021ac437702fd56223e59592b7fae534d1a37e8969fbc,Pleiades_20260812_BuildingDamageAsessment_Viterbo,42,"4251,4252,4253",Viterbo,Caldas,Pleiades,20260812,Possible Damage,Damaged Buildings,\N,Not yet field validated,EQ20260810COL,\N,5.0649828530000605,-75.86567005299992,2026-08-19T16:48:49Z,2026-08-19
b37d2d786854a896f40021ac437702fd56223e59592b7fae534d1a37e8969fbc,Pleiades_20260812_BuildingDamageAsessment_Viterbo,43,"4251,4252,4253",Viterbo,Caldas,Pleiades,20260812,Damage,Damaged Buildings,\N,Not yet field validated,EQ20260810COL,\N,5.065103444000044,-75.86756899499994,2026-08-19T16:48:49Z,2026-08-19
b37d2d786854a896f40021ac437702fd56223e59592b7fae534d1a37e8969fbc,Pleiades_20260812_BuildingDamageAsessment_Viterbo,44,"4251,4252,4253",Viterbo,Caldas,Pleiades,20260812,Damage,Damaged Buildings,\N,Not yet field validated,EQ20260810COL,\N,5.065463400000056,-75.86781051799994,2026-08-19T16:48:49Z,2026-08-19
b37d2d786854a896f40021ac437702fd56223e59592b7fae534d1a37e8969fbc,Pleiades_20260812_BuildingDamageAsessment_Viterbo,45,"4251,4252,4253",Viterbo,Caldas,Pleiades,20260812,Damage,Damaged Buildings,\N,Not yet field validated,EQ20260810COL,\N,5.0653653160000545,-75.86783540099992,2026-08-19T16:48:49Z,2026-08-19
b37d2d786854a896f40021ac437702fd56223e59592b7fae534d1a37e8969fbc,Pleiades_20260812_BuildingDamageAsessment_Viterbo,46,"4251,4252,4253",Viterbo,Caldas,Pleiades,20260812,Possible Damage,Damaged Buildings,\N,Not yet field validated,EQ20260810COL,\N,5.065342669000074,-75.8677193979999,2026-08-19T16:48:49Z,2026-08-19
b37d2d786854a896f40021ac437702fd56223e59592b7fae534d1a37e8969fbc,Pleiades_20260812_BuildingDamageAsessment_Viterbo,47,"4251,4252,4253",Viterbo,Caldas,Pleiades,20260812,Possible Damage,Damaged Buildings,\N,Not yet field validated,EQ20260810COL,\N,5.064984505000041,-75.86784171499994,2026-08-19T16:48:49Z,2026-08-19
b37d2d786854a896f40021ac437702fd56223e59592b7fae534d1a37e8969fbc,Pleiades_20260812_BuildingDamageAsessment_Viterbo,48,"4251,4252,4253",Viterbo,Caldas,Pleiades,20260812,Possible Damage,Damaged Buildings,\N,Not yet field validated,EQ20260810COL,\N,5.065773780000086,-75.86761309499991,2026-08-19T16:48:49Z,2026-08-19
b37d2d786854a896f40021ac437702fd56223e59592b7fae534d1a37e8969fbc,Pleiades_20260812_BuildingDamageAsessment_Viterbo,49,"4251,4252,4253",Viterbo,Caldas,Pleiades,20260812,Possible Damage,Damaged Buildings,\N,Not yet field validated,EQ20260810COL,\N,5.065999604000069,-75.86755427199995,2026-08-19T16:48:49Z,2026-08-19
b37d2d786854a896f40021ac437702fd56223e59592b7fae534d1a37e8969fbc,Pleiades_20260812_BuildingDamageAsessment_Viterbo,50,"4251,4252,4253",Viterbo,Caldas,Pleiades,20260812,Possible Damage,Damaged Buildings,\N,Not yet field validated,EQ20260810COL,\N,5.06602674700008,-75.86771803599993,2026-08-19T16:48:49Z,2026-08-19
b37d2d786854a896f40021ac437702fd56223e59592b7fae534d1a37e8969fbc,Pleiades_20260812_BuildingDamageAsessment_Viterbo,51,"4251,4252,4253",Viterbo,Caldas,Pleiades,20260812,Possible Damage,Damaged Buildings,\N,Not yet field validated,EQ20260810COL,\N,5.065941759000054,-75.86817954299994,2026-08-19T16:48:49Z,2026-08-19
b37d2d786854a896f40021ac437702fd56223e59592b7fae534d1a37e8969fbc,Pleiades_20260812_BuildingDamageAsessment_Viterbo,52,"4251,4252,4253",Viterbo,Caldas,Pleiades,20260812,Damage,Damaged Buildings,\N,Not yet field validated,EQ20260810COL,\N,5.066366923000089,-75.8674069519999,2026-08-19T16:48:49Z,2026-08-19
b37d2d786854a896f40021ac437702fd56223e59592b7fae534d1a37e8969fbc,Pleiades_20260812_BuildingDamageAsessment_Viterbo,53,"4251,4252,4253",Viterbo,Caldas,Pleiades,20260812,Damage,Damaged Buildings,\N,Not yet field validated,EQ20260810COL,\N,5.066332054000043,-75.86790263599994,2026-08-19T16:48:49Z,2026-08-19
b37d2d786854a896f40021ac437702fd56223e59592b7fae534d1a37e8969fbc,Pleiades_20260812_BuildingDamageAsessment_Viterbo,54,"4251,4252,4253",Viterbo,Caldas,Pleiades,20260812,Possible Damage,Damaged Buildings,\N,Not yet field validated,EQ20260810COL,\N,5.066196577000085,-75.86690417299991,2026-08-19T16:48:49Z,2026-08-19
b37d2d786854a896f40021ac437702fd56223e59592b7fae534d1a37e8969fbc,Pleiades_20260812_BuildingDamageAsessment_Viterbo,55,"4251,4252,4253",Viterbo,Caldas,Pleiades,20260812,Possible Damage,Damaged Buildings,\N,Not yet field validated,EQ20260810COL,\N,5.066248557000051,-75.86725216299993,2026-08-19T16:48:49Z,2026-08-19
b37d2d786854a896f40021ac437702fd56223e59592b7fae534d1a37e8969fbc,Pleiades_20260812_BuildingDamageAsessment_Viterbo,56,"4251,4252,4253",Viterbo,Caldas,Pleiades,20260812,Possible Damage,Damaged Buildings,\N,Not yet field validated,EQ20260810COL,\N,5.066054653000037,-75.8673133019999,2026-08-19T16:48:49Z,2026-08-19
b37d2d786854a896f40021ac437702fd56223e59592b7fae534d1a37e8969fbc,Pleiades_20260812_BuildingDamageAsessment_Viterbo,57,"4251,4252,4253",Viterbo,Caldas,Pleiades,20260812,Possible Damage,Damaged Buildings,\N,Not yet field validated,EQ20260810COL,\N,5.066442942000037,-75.86683173299991,2026-08-19T16:48:49Z,2026-08-19
b37d2d786854a896f40021ac437702fd56223e59592b7fae534d1a37e8969fbc,Pleiades_20260812_BuildingDamageAsessment_Viterbo,58,"4251,4252,4253",Viterbo,Caldas,Pleiades,20260812,Damage,Damaged Buildings,\N,Not yet field validated,EQ20260810COL,\N,5.066438778000077,-75.86653610899992,2026-08-19T16:48:49Z,2026-08-19
b37d2d786854a896f40021ac437702fd56223e59592b7fae534d1a37e8969fbc,Pleiades_20260812_BuildingDamageAsessment_Viterbo,59,"4251,4252,4253",Viterbo,Caldas,Pleiades,20260812,Damage,Damaged Buildings,\N,Not yet field validated,EQ20260810COL,\N,5.065527736000092,-75.86574354599992,2026-08-19T16:48:49Z,2026-08-19
b37d2d786854a896f40021ac437702fd56223e59592b7fae534d1a37e8969fbc,Pleiades_20260812_BuildingDamageAsessment_Viterbo,60,"4251,4252,4253",Viterbo,Caldas,Pleiades,20260812,Possible Damage,Damaged Buildings,\N,Not yet field validated,EQ20260810COL,\N,5.064864485000044,-75.86380977199991,2026-08-19T16:48:49Z,2026-08-19
b37d2d786854a896f40021ac437702fd56223e59592b7fae534d1a37e8969fbc,Pleiades_20260812_BuildingDamageAsessment_Viterbo,61,"4251,4252,4253",Viterbo,Caldas,Pleiades,20260812,Possible Damage,Damaged Buildings,\N,Not yet field validated,EQ20260810COL,\N,5.067079172000092,-75.86680301899992,2026-08-19T16:48:49Z,2026-08-19
b37d2d786854a896f40021ac437702fd56223e59592b7fae534d1a37e8969fbc,Pleiades_20260812_BuildingDamageAsessment_Viterbo,62,"4251,4252,4253",Viterbo,Caldas,Pleiades,20260812,Possible Damage,Damaged Buildings,\N,Not yet field validated,EQ20260810COL,\N,5.067574258000093,-75.86660129299992,2026-08-19T16:48:49Z,2026-08-19
b37d2d786854a896f40021ac437702fd56223e59592b7fae534d1a37e8969fbc,Pleiades_20260812_BuildingDamageAsessment_Viterbo,63,"4251,4252,4253",Viterbo,Caldas,Pleiades,20260812,Damage,Damaged Buildings,\N,Not yet field validated,EQ20260810COL,\N,5.0676452890000405,-75.86464119999994,2026-08-19T16:48:49Z,2026-08-19
b37d2d786854a896f40021ac437702fd56223e59592b7fae534d1a37e8969fbc,Pleiades_20260812_BuildingDamageAsessment_Viterbo,64,"4251,4252,4253",Viterbo,Caldas,Pleiades,20260812,Damage,Damaged Buildings,\N,Not yet field validated,EQ20260810COL,\N,5.067643203000046,-75.86449566199991,2026-08-19T16:48:49Z,2026-08-19
b37d2d786854a896f40021ac437702fd56223e59592b7fae534d1a37e8969fbc,Pleiades_20260812_BuildingDamageAsessment_Viterbo,65,"4251,4252,4253",Viterbo,Caldas,Pleiades,20260812,Possible Damage,Damaged Buildings,\N,Not yet field validated,EQ20260810COL,\N,5.068755200000055,-75.8633646859999,2026-08-19T16:48:49Z,2026-08-19
b37d2d786854a896f40021ac437702fd56223e59592b7fae534d1a37e8969fbc,Pleiades_20260812_BuildingDamageAsessment_Viterbo,66,"4251,4252,4253",Viterbo,Caldas,Pleiades,20260812,Damage,Damaged Buildings,\N,Not yet field validated,EQ20260810COL,\N,5.068257172000074,-75.8640621429999,2026-08-19T16:48:49Z,2026-08-19
b37d2d786854a896f40021ac437702fd56223e59592b7fae534d1a37e8969fbc,Pleiades_20260812_BuildingDamageAsessment_Viterbo,67,"4251,4252,4253",Viterbo,Caldas,Pleiades,20260812,Possible Damage,Damaged Buildings,\N,Not yet field validated,EQ20260810COL,\N,5.06807475800008,-75.86405735299991,2026-08-19T16:48:49Z,2026-08-19
b37d2d786854a896f40021ac437702fd56223e59592b7fae534d1a37e8969fbc,Pleiades_20260812_BuildingDamageAsessment_Viterbo,68,"4251,4252,4253",Viterbo,Caldas,Pleiades,20260812,Possible Damage,Damaged Buildings,\N,Not yet field validated,EQ20260810COL,\N,5.066520929000092,-75.86478524199993,2026-08-19T16:48:49Z,2026-08-19
b37d2d786854a896f40021ac437702fd56223e59592b7fae534d1a37e8969fbc,Pleiades_20260812_BuildingDamageAsessment_Viterbo,69,"4251,4252,4253",Viterbo,Caldas,Pleiades,20260812,Possible Damage,Damaged Buildings,\N,Not yet field validated,EQ20260810COL,\N,5.066733227000043,-75.8646104259999,2026-08-19T16:48:49Z,2026-08-19
b37d2d786854a896f40021ac437702fd56223e59592b7fae534d1a37e8969fbc,Pleiades_20260812_BuildingDamageAsessment_Viterbo,70,"4251,4252,4253",Viterbo,Caldas,Pleiades,20260812,Damage,Damaged Buildings,\N,Not yet field validated,EQ20260810COL,\N,5.066792903000078,-75.86431943399992,2026-08-19T16:48:49Z,2026-08-19
b37d2d786854a896f40021ac437702fd56223e59592b7fae534d1a37e8969fbc,Pleiades_20260812_BuildingDamageAsessment_Viterbo,71,"4251,4252,4253",Viterbo,Caldas,Pleiades,20260812,Damage,Damaged Buildings,\N,Not yet field validated,EQ20260810COL,\N,5.066776449000088,-75.86468779899991,2026-08-19T16:48:49Z,2026-08-19
b37d2d786854a896f40021ac437702fd56223e59592b7fae534d1a37e8969fbc,Pleiades_20260812_BuildingDamageAsessment_Viterbo,72,"4251,4252,4253",Viterbo,Caldas,Pleiades,20260812,Damage,Damaged Buildings,\N,Not yet field validated,EQ20260810COL,\N,5.065083176000087,-75.87584400599991,2026-08-19T16:48:49Z,2026-08-19
b37d2d786854a896f40021ac437702fd56223e59592b7fae534d1a37e8969fbc,Pleiades_20260812_BuildingDamageAsessment_Viterbo,73,"4251,4252,4253",Viterbo,Caldas,Pleiades,20260812,Possible Damage,Damaged Buildings,\N,Not yet field validated,EQ20260810COL,\N,5.064877504000037,-75.87617572999994,2026-08-19T16:48:49Z,2026-08-19
b37d2d786854a896f40021ac437702fd56223e59592b7fae534d1a37e8969fbc,Pleiades_20260812_BuildingDamageAsessment_Viterbo,74,"4251,4252,4253",Viterbo,Caldas,Pleiades,20260812,Possible Damage,Damaged Buildings,\N,Not yet field validated,EQ20260810COL,\N,5.063747535000061,-75.87372285899994,2026-08-19T16:48:49Z,2026-08-19
b37d2d786854a896f40021ac437702fd56223e59592b7fae534d1a37e8969fbc,Pleiades_20260812_BuildingDamageAsessment_Viterbo,75,"4251,4252,4253",Viterbo,Caldas,Pleiades,20260812,Damage,Damaged Buildings,\N,Not yet field validated,EQ20260810COL,\N,5.0635245010000745,-75.87171235999995,2026-08-19T16:48:49Z,2026-08-19
b37d2d786854a896f40021ac437702fd56223e59592b7fae534d1a37e8969fbc,Pleiades_20260812_BuildingDamageAsessment_Viterbo,76,"4251,4252,4253",Viterbo,Caldas,Pleiades,20260812,Damage,Damaged Buildings,\N,Not yet field validated,EQ20260810COL,\N,5.063559134000059,-75.86969765899994,2026-08-19T16:48:49Z,2026-08-19
b37d2d786854a896f40021ac437702fd56223e59592b7fae534d1a37e8969fbc,Pleiades_20260812_BuildingDamageAsessment_Viterbo,77,"4251,4252,4253",Viterbo,Caldas,Pleiades,20260812,Possible Damage,Damaged Buildings,\N,Not yet field validated,EQ20260810COL,\N,5.063491008000085,-75.86948836099992,2026-08-19T16:48:49Z,2026-08-19
b37d2d786854a896f40021ac437702fd56223e59592b7fae534d1a37e8969fbc,Pleiades_20260812_BuildingDamageAsessment_Viterbo,78,"4251,4252,4253",Viterbo,Caldas,Pleiades,20260812,Possible Damage,Damaged Buildings,\N,Not yet field validated,EQ20260810COL,\N,5.062024767000082,-75.86951596499995,2026-08-19T16:48:49Z,2026-08-19
b37d2d786854a896f40021ac437702fd56223e59592b7fae534d1a37e8969fbc,Pleiades_20260812_BuildingDamageAsessment_Viterbo,79,"4251,4252,4253",Viterbo,Caldas,Pleiades,20260812,Possible Damage,Damaged Buildings,\N,Not yet field validated,EQ20260810COL,\N,5.06263711400004,-75.87536545299992,2026-08-19T16:48:49Z,2026-08-19
b37d2d786854a896f40021ac437702fd56223e59592b7fae534d1a37e8969fbc,Pleiades_20260812_BuildingDamageAsessment_Viterbo,80,"4251,4252,4253",Viterbo,Caldas,Pleiades,20260812,Possible Damage,Damaged Buildings,\N,Not yet field validated,EQ20260810COL,\N,5.062689289000048,-75.87556563299995,2026-08-19T16:48:49Z,2026-08-19
b37d2d786854a896f40021ac437702fd56223e59592b7fae534d1a37e8969fbc,Pleiades_20260812_BuildingDamageAsessment_Viterbo,81,"4251,4252,4253",Viterbo,Caldas,Pleiades,20260812,Possible Damage,Damaged Buildings,\N,Not yet field validated,EQ20260810COL,\N,5.062915086000089,-75.87552727899993,2026-08-19T16:48:49Z,2026-08-19
b37d2d786854a896f40021ac437702fd56223e59592b7fae534d1a37e8969fbc,Pleiades_20260812_BuildingDamageAsessment_Viterbo,82,"4251,4252,4253",Viterbo,Caldas,Pleiades,20260812,Possible Damage,Damaged Buildings,\N,Not yet field validated,EQ20260810COL,\N,5.063095357000066,-75.87542974099995,2026-08-19T16:48:49Z,2026-08-19
b37d2d786854a896f40021ac437702fd56223e59592b7fae534d1a37e8969fbc,Pleiades_20260812_BuildingDamageAsessment_Viterbo,83,"4251,4252,4253",Viterbo,Caldas,Pleiades,20260812,Damage,Damaged Buildings,\N,Not yet field validated,EQ20260810COL,\N,5.063200301000052,-75.87539122399994,2026-08-19T16:48:49Z,2026-08-19
b37d2d786854a896f40021ac437702fd56223e59592b7fae534d1a37e8969fbc,Pleiades_20260812_BuildingDamageAsessment_Viterbo,84,"4251,4252,4253",Viterbo,Caldas,Pleiades,20260812,Damage,Damaged Buildings,\N,Not yet field validated,EQ20260810COL,\N,5.061180162000085,-75.8718888649999,2026-08-19T16:48:49Z,2026-08-19
b37d2d786854a896f40021ac437702fd56223e59592b7fae534d1a37e8969fbc,Pleiades_20260812_BuildingDamageAsessment_Viterbo,85,"4251,4252,4253",Viterbo,Caldas,Pleiades,20260812,Possible Damage,Damaged Buildings,\N,Not yet field validated,EQ20260810COL,\N,5.061932267000088,-75.87047545899992,2026-08-19T16:48:49Z,2026-08-19
b37d2d786854a896f40021ac437702fd56223e59592b7fae534d1a37e8969fbc,Pleiades_20260812_BuildingDamageAsessment_Viterbo,86,"4251,4252,4253",Viterbo,Caldas,Pleiades,20260812,Possible Damage,Damaged Buildings,\N,Not yet field validated,EQ20260810COL,\N,5.061482835000049,-75.87064085899993,2026-08-19T16:48:49Z,2026-08-19
b37d2d786854a896f40021ac437702fd56223e59592b7fae534d1a37e8969fbc,Pleiades_20260812_BuildingDamageAsessment_Viterbo,87,"4251,4252,4253",Viterbo,Caldas,Pleiades,20260812,Possible Damage,Damaged Buildings,\N,Not yet field validated,EQ20260810COL,\N,5.060127163000061,-75.86813767899991,2026-08-19T16:48:49Z,2026-08-19
b37d2d786854a896f40021ac437702fd56223e59592b7fae534d1a37e8969fbc,Pleiades_20260812_BuildingDamageAsessment_Viterbo,88,"4251,4252,4253",Viterbo,Caldas,Pleiades,20260812,Damage,Damaged Buildings,\N,Not yet field validated,EQ20260810COL,\N,5.059915328000045,-75.86796684799992,2026-08-19T16:48:49Z,2026-08-19
b37d2d786854a896f40021ac437702fd56223e59592b7fae534d1a37e8969fbc,Pleiades_20260812_BuildingDamageAsessment_Viterbo,89,"4251,4252,4253",Viterbo,Caldas,Pleiades,20260812,Damage,Damaged Buildings,\N,Not yet field validated,EQ20260810COL,\N,5.060021106000079,-75.86730526399992,2026-08-19T16:48:49Z,2026-08-19
b37d2d786854a896f40021ac437702fd56223e59592b7fae534d1a37e8969fbc,Pleiades_20260812_BuildingDamageAsessment_Viterbo,90,"4251,4252,4253",Viterbo,Caldas,Pleiades,20260812,Damage,Damaged Buildings,\N,Not yet field validated,EQ20260810COL,\N,5.060082087000069,-75.86603874199994,2026-08-19T16:48:49Z,2026-08-19
b37d2d786854a896f40021ac437702fd56223e59592b7fae534d1a37e8969fbc,Pleiades_20260812_BuildingDamageAsessment_Viterbo,91,"4251,4252,4253",Viterbo,Caldas,Pleiades,20260812,Damage,Damaged Buildings,\N,Not yet field validated,EQ20260810COL,\N,5.058878034000088,-75.8711990459999,2026-08-19T16:48:49Z,2026-08-19
b37d2d786854a896f40021ac437702fd56223e59592b7fae534d1a37e8969fbc,Pleiades_20260812_BuildingDamageAsessment_Viterbo,92,"4251,4252,4253",Viterbo,Caldas,Pleiades,20260812,Damage,Damaged Buildings,\N,Not yet field validated,EQ20260810COL,\N,5.060421258000076,-75.87157631499991,2026-08-19T16:48:49Z,2026-08-19
b37d2d786854a896f40021ac437702fd56223e59592b7fae534d1a37e8969fbc,Pleiades_20260812_BuildingDamageAsessment_Viterbo,93,"4251,4252,4253",Viterbo,Caldas,Pleiades,20260812,Damage,Damaged Buildings,\N,Not yet field validated,EQ20260810COL,\N,5.05942284200006,-75.87302122199992,2026-08-19T16:48:49Z,2026-08-19
b37d2d786854a896f40021ac437702fd56223e59592b7fae534d1a37e8969fbc,Pleiades_20260812_BuildingDamageAsessment_Viterbo,94,"4251,4252,4253",Viterbo,Caldas,Pleiades,20260812,Damage,Damaged Buildings,\N,Not yet field validated,EQ20260810COL,\N,5.060159050000038,-75.87325415399994,2026-08-19T16:48:49Z,2026-08-19
b37d2d786854a896f40021ac437702fd56223e59592b7fae534d1a37e8969fbc,Pleiades_20260812_BuildingDamageAsessment_Viterbo,95,"4251,4252,4253",Viterbo,Caldas,Pleiades,20260812,Possible Damage,Damaged Buildings,\N,Not yet field validated,EQ20260810COL,\N,5.061277603000065,-75.87403335199991,2026-08-19T16:48:49Z,2026-08-19
b37d2d786854a896f40021ac437702fd56223e59592b7fae534d1a37e8969fbc,Pleiades_20260812_BuildingDamageAsessment_Viterbo,96,"4251,4252,4253",Viterbo,Caldas,Pleiades,20260812,Possible Damage,Damaged Buildings,\N,Not yet field validated,EQ20260810COL,\N,5.060014701000057,-75.87376787699992,2026-08-19T16:48:49Z,2026-08-19
b37d2d786854a896f40021ac437702fd56223e59592b7fae534d1a37e8969fbc,Pleiades_20260812_BuildingDamageAsessment_Viterbo,97,"4251,4252,4253",Viterbo,Caldas,Pleiades,20260812,Damage,Damaged Buildings,\N,Not yet field validated,EQ20260810COL,\N,5.060612936000041,-75.87485791099994,2026-08-19T16:48:49Z,2026-08-19
b37d2d786854a896f40021ac437702fd56223e59592b7fae534d1a37e8969fbc,Pleiades_20260812_BuildingDamageAsessment_Viterbo,98,"4251,4252,4253",Viterbo,Caldas,Pleiades,20260812,Damage,Damaged Buildings,\N,Not yet field validated,EQ20260810COL,\N,5.06053363400008,-75.87448259899992,2026-08-19T16:48:49Z,2026-08-19
b37d2d786854a896f40021ac437702fd56223e59592b7fae534d1a37e8969fbc,Pleiades_20260812_BuildingDamageAsessment_Viterbo,99,"4251,4252,4253",Viterbo,Caldas,Pleiades,20260812,Possible Damage,Damaged Buildings,\N,Not yet field validated,EQ20260810COL,\N,5.060572193000041,-75.87463500699994,2026-08-19T16:48:49Z,2026-08-19
b37d2d786854a896f40021ac437702fd56223e59592b7fae534d1a37e8969fbc,Pleiades_20260812_BuildingDamageAsessment_Viterbo,100,"4251,4252,4253",Viterbo,Caldas,Pleiades,20260812,Damage,Damaged Buildings,\N,Not yet field validated,EQ20260810COL,\N,5.061336561000076,-75.87427674599991,2026-08-19T16:48:49Z,2026-08-19
b37d2d786854a896f40021ac437702fd56223e59592b7fae534d1a37e8969fbc,Pleiades_20260812_BuildingDamageAsessment_Viterbo,101,"4251,4252,4253",Viterbo,Caldas,Pleiades,20260812,Possible Damage,Damaged Buildings,\N,Not yet field validated,EQ20260810COL,\N,5.062301407000064,-75.87910796199992,2026-08-19T16:48:49Z,2026-08-19
b37d2d786854a896f40021ac437702fd56223e59592b7fae534d1a37e8969fbc,Pleiades_20260812_BuildingDamageAsessment_Viterbo,102,"4251,4252,4253",Viterbo,Caldas,Pleiades,20260812,Possible Damage,Damaged Buildings,\N,Not yet field validated,EQ20260810COL,\N,5.058411532000093,-75.87218759699994,2026-08-19T16:48:49Z,2026-08-19
b37d2d786854a896f40021ac437702fd56223e59592b7fae534d1a37e8969fbc,Pleiades_20260812_BuildingDamageAsessment_Viterbo,103,"4251,4252,4253",Viterbo,Caldas,Pleiades,20260812,Possible Damage,Damaged Buildings,\N,Not yet field validated,EQ20260810COL,\N,5.06222856800008,-75.87395958699994,2026-08-19T16:48:49Z,2026-08-19
b37d2d786854a896f40021ac437702fd56223e59592b7fae534d1a37e8969fbc,Pleiades_20260812_BuildingDamageAsessment_Viterbo,104,"4251,4252,4253",Viterbo,Caldas,Pleiades,20260812,Damage,Damaged Buildings,\N,Not yet field validated,EQ20260810COL,\N,5.067762033000065,-75.86307465999994,2026-08-19T16:48:49Z,2026-08-19
b37d2d786854a896f40021ac437702fd56223e59592b7fae534d1a37e8969fbc,Pleiades_20260812_BuildingDamageAsessment_Viterbo,105,"4251,4252,4253",Viterbo,Caldas,Pleiades,20260812,Possible Damage,Damaged Buildings,\N,Not yet field validated,EQ20260810COL,\N,5.065688169000055,-75.87699090899991,2026-08-19T16:48:49Z,2026-08-19
b37d2d786854a896f40021ac437702fd56223e59592b7fae534d1a37e8969fbc,Pleiades_20260812_BuildingDamageAsessment_Viterbo,106,"4251,4252,4253",Viterbo,Caldas,Pleiades,20260812,Possible Damage,Damaged Buildings,\N,Not yet field validated,EQ20260810COL,\N,5.065234941000085,-75.87571541099993,2026-08-19T16:48:49Z,2026-08-19
b37d2d786854a896f40021ac437702fd56223e59592b7fae534d1a37e8969fbc,Pleiades_20260812_BuildingDamageAsessment_Viterbo,107,"4251,4252,4253",Viterbo,Caldas,Pleiades,20260812,Possible Damage,Damaged Buildings,\N,Not yet field validated,EQ20260810COL,\N,5.065211708000049,-75.87562951399991,2026-08-19T16:48:49Z,2026-08-19
b37d2d786854a896f40021ac437702fd56223e59592b7fae534d1a37e8969fbc,Pleiades_20260812_BuildingDamageAsessment_Viterbo,108,"4251,4252,4253",Viterbo,Caldas,Pleiades,20260812,Possible Damage,Damaged Buildings,\N,Not yet field validated,EQ20260810COL,\N,5.074543333000065,-75.87628881499995,2026-08-19T16:48:49Z,2026-08-19
b37d2d786854a896f40021ac437702fd56223e59592b7fae534d1a37e8969fbc,Pleiades_20260812_BuildingDamageAsessment_Viterbo,109,"4251,4252,4253",Viterbo,Caldas,Pleiades,20260812,Possible Damage,Damaged Buildings,\N,Not yet field validated,EQ20260810COL,\N,5.074277657000039,-75.87546753599992,2026-08-19T16:48:49Z,2026-08-19
b37d2d786854a896f40021ac437702fd56223e59592b7fae534d1a37e8969fbc,Pleiades_20260812_BuildingDamageAsessment_Viterbo,110,"4251,4252,4253",Viterbo,Caldas,Pleiades,20260812,Possible Damage,Damaged Buildings,\N,Not yet field validated,EQ20260810COL,\N,5.074709763000044,-75.87630950499994,2026-08-19T16:48:49Z,2026-08-19
b37d2d786854a896f40021ac437702fd56223e59592b7fae534d1a37e8969fbc,Pleiades_20260812_BuildingDamageAsessment_Viterbo,111,"4251,4252,4253",Viterbo,Caldas,Pleiades,20260812,Damage,Damaged Buildings,\N,Not yet field validated,EQ20260810COL,\N,5.075243782000086,-75.87430226599992,2026-08-19T16:48:49Z,2026-08-19
b37d2d786854a896f40021ac437702fd56223e59592b7fae534d1a37e8969fbc,Pleiades_20260812_BuildingDamageAsessment_Viterbo,112,"4251,4252,4253",Viterbo,Caldas,Pleiades,20260812,Possible Damage,Damaged Buildings,\N,Not yet field validated,EQ20260810COL,\N,5.07479647200006,-75.87458364199995,2026-08-19T16:48:49Z,2026-08-19
b37d2d786854a896f40021ac437702fd56223e59592b7fae534d1a37e8969fbc,Pleiades_20260812_BuildingDamageAsessment_Viterbo,113,"4251,4252,4253",Viterbo,Caldas,Pleiades,20260812,Damage,Damaged Buildings,\N,Not yet field validated,EQ20260810COL,\N,5.074782780000078,-75.8729053969999,2026-08-19T16:48:49Z,2026-08-19
b37d2d786854a896f40021ac437702fd56223e59592b7fae534d1a37e8969fbc,Pleiades_20260812_BuildingDamageAsessment_Viterbo,114,"4251,4252,4253",Viterbo,Caldas,Pleiades,20260812,Possible Damage,Damaged Buildings,\N,Not yet field validated,EQ20260810COL,\N,5.073880478000092,-75.87577399299994,2026-08-19T16:48:49Z,2026-08-19
b37d2d786854a896f40021ac437702fd56223e59592b7fae534d1a37e8969fbc,Pleiades_20260812_BuildingDamageAsessment_Viterbo,115,"4251,4252,4253",Viterbo,Caldas,Pleiades,20260812,Possible Damage,Damaged Buildings,\N,Not yet field validated,EQ20260810COL,\N,5.07377669300007,-75.87495748099991,2026-08-19T16:48:49Z,2026-08-19
b37d2d786854a896f40021ac437702fd56223e59592b7fae534d1a37e8969fbc,Pleiades_20260812_BuildingDamageAsessment_Viterbo,116,"4251,4252,4253",Viterbo,Caldas,Pleiades,20260812,Possible Damage,Damaged Buildings,\N,Not yet field validated,EQ20260810COL,\N,5.073185099000057,-75.87570256099991,2026-08-19T16:48:49Z,2026-08-19
b37d2d786854a896f40021ac437702fd56223e59592b7fae534d1a37e8969fbc,Pleiades_20260812_BuildingDamageAsessment_Viterbo,117,"4251,4252,4253",Viterbo,Caldas,Pleiades,20260812,Damage,Damaged Buildings,\N,Not yet field validated,EQ20260810COL,\N,5.074401087000069,-75.87356434999992,2026-08-19T16:48:49Z,2026-08-19
b37d2d786854a896f40021ac437702fd56223e59592b7fae534d1a37e8969fbc,Pleiades_20260812_BuildingDamageAsessment_Viterbo,118,"4251,4252,4253",Viterbo,Caldas,Pleiades,20260812,Damage,Damaged Buildings,\N,Not yet field validated,EQ20260810COL,\N,5.0737639390000595,-75.8725856659999,2026-08-19T16:48:49Z,2026-08-19
b37d2d786854a896f40021ac437702fd56223e59592b7fae534d1a37e8969fbc,Pleiades_20260812_BuildingDamageAsessment_Viterbo,119,"4251,4252,4253",Viterbo,Caldas,Pleiades,20260812,Possible Damage,Damaged Buildings,\N,Not yet field validated,EQ20260810COL,\N,5.0740745660000925,-75.8722063219999,2026-08-19T16:48:49Z,2026-08-19
b37d2d786854a896f40021ac437702fd56223e59592b7fae534d1a37e8969fbc,Pleiades_20260812_BuildingDamageAsessment_Viterbo,120,"4251,4252,4253",Viterbo,Caldas,Pleiades,20260812,Possible Damage,Damaged Buildings,\N,Not yet field validated,EQ20260810COL,\N,5.073870838000062,-75.87278819699992,2026-08-19T16:48:49Z,2026-08-19
b37d2d786854a896f40021ac437702fd56223e59592b7fae534d1a37e8969fbc,Pleiades_20260812_BuildingDamageAsessment_Viterbo,121,"4251,4252,4253",Viterbo,Caldas,Pleiades,20260812,Possible Damage,Damaged Buildings,\N,Not yet field validated,EQ20260810COL,\N,5.073827620000088,-75.87270854799993,2026-08-19T16:48:49Z,2026-08-19
b37d2d786854a896f40021ac437702fd56223e59592b7fae534d1a37e8969fbc,Pleiades_20260812_BuildingDamageAsessment_Viterbo,122,"4251,4252,4253",Viterbo,Caldas,Pleiades,20260812,Possible Damage,Damaged Buildings,\N,Not yet field validated,EQ20260810COL,\N,5.074205315000086,-75.87332076599995,2026-08-19T16:48:49Z,2026-08-19
b37d2d786854a896f40021ac437702fd56223e59592b7fae534d1a37e8969fbc,Pleiades_20260812_BuildingDamageAsessment_Viterbo,123,"4251,4252,4253",Viterbo,Caldas,Pleiades,20260812,Damage,Damaged Buildings,\N,Not yet field validated,EQ20260810COL,\N,5.073910726000065,-75.87195595999992,2026-08-19T16:48:49Z,2026-08-19
b37d2d786854a896f40021ac437702fd56223e59592b7fae534d1a37e8969fbc,Pleiades_20260812_BuildingDamageAsessment_Viterbo,124,"4251,4252,4253",Viterbo,Caldas,Pleiades,20260812,Possible Damage,Damaged Buildings,\N,Not yet field validated,EQ20260810COL,\N,5.073766812000088,-75.87214678399994,2026-08-19T16:48:49Z,2026-08-19
b37d2d786854a896f40021ac437702fd56223e59592b7fae534d1a37e8969fbc,Pleiades_20260812_BuildingDamageAsessment_Viterbo,125,"4251,4252,4253",Viterbo,Caldas,Pleiades,20260812,Possible Damage,Damaged Buildings,\N,Not yet field validated,EQ20260810COL,\N,5.073711804000084,-75.8723559199999,2026-08-19T16:48:49Z,2026-08-19
b37d2d786854a896f40021ac437702fd56223e59592b7fae534d1a37e8969fbc,Pleiades_20260812_BuildingDamageAsessment_Viterbo,126,"4251,4252,4253",Viterbo,Caldas,Pleiades,20260812,Possible Damage,Damaged Buildings,\N,Not yet field validated,EQ20260810COL,\N,5.073615910000058,-75.87244675199992,2026-08-19T16:48:49Z,2026-08-19
b37d2d786854a896f40021ac437702fd56223e59592b7fae534d1a37e8969fbc,Pleiades_20260812_BuildingDamageAsessment_Viterbo,127,"4251,4252,4253",Viterbo,Caldas,Pleiades,20260812,Possible Damage,Damaged Buildings,\N,Not yet field validated,EQ20260810COL,\N,5.07383365000004,-75.8733088969999,2026-08-19T16:48:49Z,2026-08-19
b37d2d786854a896f40021ac437702fd56223e59592b7fae534d1a37e8969fbc,Pleiades_20260812_BuildingDamageAsessment_Viterbo,128,"4251,4252,4253",Viterbo,Caldas,Pleiades,20260812,Possible Damage,Damaged Buildings,\N,Not yet field validated,EQ20260810COL,\N,5.073638092000067,-75.8729061329999,2026-08-19T16:48:49Z,2026-08-19
b37d2d786854a896f40021ac437702fd56223e59592b7fae534d1a37e8969fbc,Pleiades_20260812_BuildingDamageAsessment_Viterbo,129,"4251,4252,4253",Viterbo,Caldas,Pleiades,20260812,Possible Damage,Damaged Buildings,\N,Not yet field validated,EQ20260810COL,\N,5.074260021000043,-75.87164716199993,2026-08-19T16:48:49Z,2026-08-19
b37d2d786854a896f40021ac437702fd56223e59592b7fae534d1a37e8969fbc,Pleiades_20260812_BuildingDamageAsessment_Viterbo,130,"4251,4252,4253",Viterbo,Caldas,Pleiades,20260812,Possible Damage,Damaged Buildings,\N,Not yet field validated,EQ20260810COL,\N,5.072880263000059,-75.87348726199991,2026-08-19T16:48:49Z,2026-08-19
b37d2d786854a896f40021ac437702fd56223e59592b7fae534d1a37e8969fbc,Pleiades_20260812_BuildingDamageAsessment_Viterbo,131,"4251,4252,4253",Viterbo,Caldas,Pleiades,20260812,Possible Damage,Damaged Buildings,\N,Not yet field validated,EQ20260810COL,\N,5.072352008000053,-75.8729225969999,2026-08-19T16:48:49Z,2026-08-19
b37d2d786854a896f40021ac437702fd56223e59592b7fae534d1a37e8969fbc,Pleiades_20260812_BuildingDamageAsessment_Viterbo,132,"4251,4252,4253",Viterbo,Caldas,Pleiades,20260812,Possible Damage,Damaged Buildings,\N,Not yet field validated,EQ20260810COL,\N,5.071962190000079,-75.87284475699994,2026-08-19T16:48:49Z,2026-08-19
b37d2d786854a896f40021ac437702fd56223e59592b7fae534d1a37e8969fbc,Pleiades_20260812_BuildingDamageAsessment_Viterbo,133,"4251,4252,4253",Viterbo,Caldas,Pleiades,20260812,Damage,Damaged Buildings,\N,Not yet field validated,EQ20260810COL,\N,5.071710252000059,-75.87028615699995,2026-08-19T16:48:49Z,2026-08-19
b37d2d786854a896f40021ac437702fd56223e59592b7fae534d1a37e8969fbc,Pleiades_20260812_BuildingDamageAsessment_Viterbo,134,"4251,4252,4253",Viterbo,Caldas,Pleiades,20260812,Possible Damage,Damaged Buildings,\N,Not yet field validated,EQ20260810COL,\N,5.072111245000087,-75.87053228799994,2026-08-19T16:48:49Z,2026-08-19
b37d2d786854a896f40021ac437702fd56223e59592b7fae534d1a37e8969fbc,Pleiades_20260812_BuildingDamageAsessment_Viterbo,135,"4251,4252,4253",Viterbo,Caldas,Pleiades,20260812,Possible Damage,Damaged Buildings,\N,Not yet field validated,EQ20260810COL,\N,5.071967948000065,-75.87026603599992,2026-08-19T16:48:49Z,2026-08-19
b37d2d786854a896f40021ac437702fd56223e59592b7fae534d1a37e8969fbc,Pleiades_20260812_BuildingDamageAsessment_Viterbo,136,"4251,4252,4253",Viterbo,Caldas,Pleiades,20260812,Damage,Damaged Buildings,\N,Not yet field validated,EQ20260810COL,\N,5.070526896000047,-75.87401763699995,2026-08-19T16:48:49Z,2026-08-19
b37d2d786854a896f40021ac437702fd56223e59592b7fae534d1a37e8969fbc,Pleiades_20260812_BuildingDamageAsessment_Viterbo,137,"4251,4252,4253",Viterbo,Caldas,Pleiades,20260812,Damage,Damaged Buildings,\N,Not yet field validated,EQ20260810COL,\N,5.069400914000084,-75.87409784499994,2026-08-19T16:48:49Z,2026-08-19
b37d2d786854a896f40021ac437702fd56223e59592b7fae534d1a37e8969fbc,Pleiades_20260812_BuildingDamageAsessment_Viterbo,138,"4251,4252,4253",Viterbo,Caldas,Pleiades,20260812,Damage,Damaged Buildings,\N,Not yet field validated,EQ20260810COL,\N,5.070405955000069,-75.87387179599995,2026-08-19T16:48:49Z,2026-08-19
b37d2d786854a896f40021ac437702fd56223e59592b7fae534d1a37e8969fbc,Pleiades_20260812_BuildingDamageAsessment_Viterbo,139,"4251,4252,4253",Viterbo,Caldas,Pleiades,20260812,Damage,Damaged Buildings,\N,Not yet field validated,EQ20260810COL,\N,5.071291049000081,-75.87276440699992,2026-08-19T16:48:49Z,2026-08-19
b37d2d786854a896f40021ac437702fd56223e59592b7fae534d1a37e8969fbc,Pleiades_20260812_BuildingDamageAsessment_Viterbo,140,"4251,4252,4253",Viterbo,Caldas,Pleiades,20260812,Possible Damage,Damaged Buildings,\N,Not yet field validated,EQ20260810COL,\N,5.0696095100000775,-75.87265555599993,2026-08-19T16:48:49Z,2026-08-19
b37d2d786854a896f40021ac437702fd56223e59592b7fae534d1a37e8969fbc,Pleiades_20260812_BuildingDamageAsessment_Viterbo,141,"4251,4252,4253",Viterbo,Caldas,Pleiades,20260812,Possible Damage,Damaged Buildings,\N,Not yet field validated,EQ20260810COL,\N,5.072653607000063,-75.8639883969999,2026-08-19T16:48:49Z,2026-08-19
b37d2d786854a896f40021ac437702fd56223e59592b7fae534d1a37e8969fbc,Pleiades_20260812_BuildingDamageAsessment_Viterbo,142,"4251,4252,4253",Viterbo,Caldas,Pleiades,20260812,Damage,Damaged Buildings,\N,Not yet field validated,EQ20260810COL,\N,5.071190022000053,-75.86373403599993,2026-08-19T16:48:49Z,2026-08-19
b37d2d786854a896f40021ac437702fd56223e59592b7fae534d1a37e8969fbc,Pleiades_20260812_BuildingDamageAsessment_Viterbo,143,"4251,4252,4253",Viterbo,Caldas,Pleiades,20260812,Possible Damage,Damaged Buildings,\N,Not yet field validated,EQ20260810COL,\N,5.072051186000067,-75.86431277999992,2026-08-19T16:48:49Z,2026-08-19
b37d2d786854a896f40021ac437702fd56223e59592b7fae534d1a37e8969fbc,Pleiades_20260812_BuildingDamageAsessment_Viterbo,144,"4251,4252,4253",Viterbo,Caldas,Pleiades,20260812,Possible Damage,Damaged Buildings,\N,Not yet field validated,EQ20260810COL,\N,5.069986035000056,-75.8620337509999,2026-08-19T16:48:49Z,2026-08-19
b37d2d786854a896f40021ac437702fd56223e59592b7fae534d1a37e8969fbc,Pleiades_20260812_BuildingDamageAsessment_Viterbo,145,"4251,4252,4253",Viterbo,Caldas,Pleiades,20260812,Possible Damage,Damaged Buildings,\N,Not yet field validated,EQ20260810COL,\N,5.07401475000006,-75.86240976099992,2026-08-19T16:48:49Z,2026-08-19
b37d2d786854a896f40021ac437702fd56223e59592b7fae534d1a37e8969fbc,Pleiades_20260812_BuildingDamageAsessment_Viterbo,146,"4251,4252,4253",Viterbo,Caldas,Pleiades,20260812,Possible Damage,Damaged Buildings,\N,Not yet field validated,EQ20260810COL,\N,5.073788808000074,-75.86255727299994,2026-08-19T16:48:49Z,2026-08-19
b37d2d786854a896f40021ac437702fd56223e59592b7fae534d1a37e8969fbc,Pleiades_20260812_BuildingDamageAsessment_Viterbo,147,"4251,4252,4253",Viterbo,Caldas,Pleiades,20260812,Possible Damage,Damaged Buildings,\N,Not yet field validated,EQ20260810COL,\N,5.080162063000046,-75.86260709999993,2026-08-19T16:48:49Z,2026-08-19
b37d2d786854a896f40021ac437702fd56223e59592b7fae534d1a37e8969fbc,Pleiades_20260812_BuildingDamageAsessment_Viterbo,148,"4251,4252,4253",Viterbo,Caldas,Pleiades,20260812,Possible Damage,Damaged Buildings,\N,Not yet field validated,EQ20260810COL,\N,5.079778988000044,-75.86398522899992,2026-08-19T16:48:49Z,2026-08-19
b37d2d786854a896f40021ac437702fd56223e59592b7fae534d1a37e8969fbc,Pleiades_20260812_BuildingDamageAsessment_Viterbo,149,"4251,4252,4253",Viterbo,Caldas,Pleiades,20260812,Possible Damage,Damaged Buildings,\N,Not yet field validated,EQ20260810COL,\N,5.081528116000072,-75.86757501199992,2026-08-19T16:48:49Z,2026-08-19
b37d2d786854a896f40021ac437702fd56223e59592b7fae534d1a37e8969fbc,Pleiades_20260812_BuildingDamageAsessment_Viterbo,150,"4251,4252,4253",Viterbo,Caldas,Pleiades,20260812,Damage,Damaged Buildings,\N,Not yet field validated,EQ20260810COL,\N,5.086303078000071,-75.86632839299995,2026-08-19T16:48:49Z,2026-08-19
b37d2d786854a896f40021ac437702fd56223e59592b7fae534d1a37e8969fbc,Pleiades_20260812_BuildingDamageAsessment_Viterbo,151,"4251,4252,4253",Viterbo,Caldas,Pleiades,20260812,Possible Damage,Damaged Buildings,\N,Not yet field validated,EQ20260810COL,\N,5.084807750000039,-75.88389800599992,2026-08-19T16:48:49Z,2026-08-19
b37d2d786854a896f40021ac437702fd56223e59592b7fae534d1a37e8969fbc,Pleiades_20260812_BuildingDamageAsessment_Viterbo,152,"4251,4252,4253",Viterbo,Caldas,Pleiades,20260812,Damage,Damaged Buildings,\N,Not yet field validated,EQ20260810COL,\N,5.084621948000063,-75.8880183249999,2026-08-19T16:48:49Z,2026-08-19
b37d2d786854a896f40021ac437702fd56223e59592b7fae534d1a37e8969fbc,Pleiades_20260812_BuildingDamageAsessment_Viterbo,153,"4251,4252,4253",Viterbo,Caldas,Pleiades,20260812,Possible Damage,Damaged Buildings,\N,Not yet field validated,EQ20260810COL,\N,5.072447046000093,-75.88206807799992,2026-08-19T16:48:49Z,2026-08-19
