{"type": "FeatureCollection", "features": [{"type": "Feature", "geometry": {"type": "Point", "coordinates": [-76.553, 3.408]}, "properties": {"id": "0063fc17-6714-44e8-ad19-c14de5ba8f3d", "time": "2026-08-13T14:18:00", "media": "../data/media/d4a73178-523c-4011-bf46-625f9b7199b9.jpg", "score": 5, "estado": "coherente", "aoi": "Western Colombia", "mmi": 6.3, "mensaje": ""}}, {"type": "Feature", "geometry": {"type": "Point", "coordinates": [-76.481, 3.931]}, "properties": {"id": "009eeb1c-6bed-4735-8665-62045067cec4", "time": "2026-08-13T14:14:00", "media": "../data/media/7ed8bf44-5c18-4779-ad79-440af9ed2979.jpg", "score": 5, "estado": "coherente", "aoi": "Western Colombia", "mmi": 5.7, "mensaje": ""}}, {"type": "Feature", "geometry": {"type": "Point", "coordinates": [-76.547, 3.421]}, "properties": {"id": "01d7e14a-5818-4f84-9fe0-53dd255d58d4", "time": "2026-08-17T19:51:00", "media": "../data/media/577915ed-3c98-45a0-b70d-f62ef7fd5b2c.jpg", "score": 5, "estado": "coherente", "aoi": "Western Colombia", "mmi": 6.3, "mensaje": "<attached: 00000003-PHOTO-2026-08-17-19-51-12.jpg>"}}, {"type": "Feature", "geometry": {"type": "Point", "coordinates": [-76.486, 3.933]}, "properties": {"id": "01fb3dd7-37b9-44c4-a391-165ab4d9f9aa", "time": "2026-08-12T21:13:00", "media": "https://pub-ca7861342f67400d94b3cb8ae8300a58.r2.dev/4e6eb3c0-332b-4a91-81fe-f435c8e5c3de.mp4", "score": 5, "estado": "coherente", "aoi": "Western Colombia", "mmi": 5.7, "mensaje": ""}}, {"type": "Feature", "geometry": {"type": "Point", "coordinates": [-76.657, 5.685]}, "properties": {"id": "023c8ae7-0075-4895-85a1-d045c3702fa3", "time": "2026-08-14T19:47:00", "media": "../data/media/d3186512-3281-4424-a8eb-bc71e6fd3b95.jpg", "score": 5, "estado": "coherente", "aoi": "Quibdo Centre", "mmi": 7.5, "mensaje": ""}}, {"type": "Feature", "geometry": {"type": "Point", "coordinates": [-76.646, 5.681]}, "properties": {"id": "02680068-1045-4dd1-bc80-1dc59df9f640", "time": "2026-08-14T19:47:00", "media": "../data/media/110f7fbe-1986-4578-875f-7b847dd09894.jpg", "score": 5, "estado": "coherente", "aoi": "Quibdo Centre", "mmi": 7.4, "mensaje": ""}}, {"type": "Feature", "geometry": {"type": "Point", "coordinates": [-76.414, 5.413]}, "properties": {"id": "036a5333-39d2-4430-9b2e-8c51984c8f1d", "time": "2026-08-13T13:15:00", "media": "../data/media/550fc9dd-dcf3-44d4-aa1e-0fb9dbba5c32.jpg", "score": 4, "estado": "coherente", "aoi": null, "mmi": 6.8, "mensaje": ""}}, {"type": "Feature", "geometry": {"type": "Point", "coordinates": [-75.807, 4.453]}, "properties": {"id": "0387c37b-23a0-4fa0-a2de-65b1864e6924", "time": "2026-08-13T13:00:00", "media": "../data/media/cf942fb6-4883-431e-8479-93c05b6d959f.jpg", "score": 5, "estado": "coherente", "aoi": "Western Colombia", "mmi": 7.3, "mensaje": ""}}, {"type": "Feature", "geometry": {"type": "Point", "coordinates": [-76.55, 3.404]}, "properties": {"id": "03ca446a-a13d-48fc-bb82-81bf0c3777fb", "time": "2026-08-12T23:02:00", "media": "../data/media/7b9ee6fa-5a95-4a5f-bb9f-94435f0408f8.jpg", "score": 5, "estado": "coherente", "aoi": "Western Colombia", "mmi": 6.3, "mensaje": ""}}, {"type": "Feature", "geometry": {"type": "Point", "coordinates": [-76.653, 2.996]}, "properties": {"id": "03ed0f98-6769-4628-ab3a-fa249326c58c", "time": "2026-08-20T08:09:00", "media": "../data/media/7bc584a6-1b7f-43ad-9877-454f7df2322e.jpg", "score": 5, "estado": "coherente", "aoi": "Western Colombia", "mmi": 5.2, "mensaje": "IMG-20260819-WA0117.jpg (file attached)"}}, {"type": "Feature", "geometry": {"type": "Point", "coordinates": [-76.487, 3.932]}, "properties": {"id": "04016398-85c6-488a-9180-bdd28764cb0f", "time": "2026-08-12T21:30:00", "media": "../data/media/f7bbfbb9-965f-46fe-9576-d3c16310b969.jpg", "score": 5, "estado": "coherente", "aoi": "Western Colombia", "mmi": 5.7, "mensaje": ""}}, {"type": "Feature", "geometry": {"type": "Point", "coordinates": [-76.993, 3.821]}, "properties": {"id": "0437ce33-293d-49e2-a696-33111d10ae62", "time": "2026-08-11T16:45:00", "media": "", "score": 3, "estado": "coherente", "aoi": "Western Colombia", "mmi": 7.1, "mensaje": ""}}, {"type": "Feature", "geometry": {"type": "Point", "coordinates": [-76.494, 3.01]}, "properties": {"id": "043ef5b9-93ad-433d-8f93-844d0b8a0556", "time": "2026-08-10T16:23:00", "media": "https://pub-ca7861342f67400d94b3cb8ae8300a58.r2.dev/3e9f2563-de80-4cb4-b8ee-6b120c042997.mp4", "score": 5, "estado": "coherente", "aoi": "Western Colombia", "mmi": 5.8, "mensaje": ""}}, {"type": "Feature", "geometry": {"type": "Point", "coordinates": [-75.686, 4.804]}, "properties": {"id": "0535aeee-2996-49b4-a950-fa504f60fb12", "time": "2026-08-20T17:47:00", "media": "../data/media/977b6a57-1edb-42d9-924f-fa0be017645c.jpg", "score": 5, "estado": "coherente", "aoi": "Pereira", "mmi": 7.6, "mensaje": "IMG-20260820-WA0109.jpg (file attached)"}}, {"type": "Feature", "geometry": {"type": "Point", "coordinates": [-76.636, 5.685]}, "properties": {"id": "055f9f80-9bfc-48c4-833b-984fa64e15b7", "time": "2026-08-11T19:33:00", "media": "../data/media/ee4d04d2-a31a-49e8-8cf0-608a3a90c460.jpg", "score": 4, "estado": "coherente", "aoi": null, "mmi": 7.4, "mensaje": ""}}, {"type": "Feature", "geometry": {"type": "Point", "coordinates": [-76.427, 3.934]}, "properties": {"id": "056af33c-7927-4c72-aeac-9fa7b828c1fe", "time": "2026-08-18T18:50:00", "media": "../data/media/a6096e0c-288c-46d6-ae59-129084511bab.jpg", "score": 5, "estado": "coherente", "aoi": "Western Colombia", "mmi": 5.6, "mensaje": "IMG-20260818-WA0181.jpg (file attached)"}}, {"type": "Feature", "geometry": {"type": "Point", "coordinates": [-76.653, 5.681]}, "properties": {"id": "06383a6f-c2cd-4efd-a306-17f67b8e9114", "time": "2026-08-14T19:47:00", "media": "../data/media/ff577c93-e37b-44ee-abd9-5849860f10bf.jpg", "score": 5, "estado": "coherente", "aoi": "Quibdo Centre", "mmi": 7.5, "mensaje": ""}}, {"type": "Feature", "geometry": {"type": "Point", "coordinates": [-76.55, 3.409]}, "properties": {"id": "066bec68-169f-49bf-8984-75c12bdc890f", "time": "2026-08-10T20:28:00", "media": "../data/media/b5d2283d-94b8-49b0-8a5e-f72a0b827b68.jpg", "score": 5, "estado": "coherente", "aoi": "Western Colombia", "mmi": 6.3, "mensaje": ""}}, {"type": "Feature", "geometry": {"type": "Point", "coordinates": [-75.83, 4.333]}, "properties": {"id": "06add93f-d05e-4771-8d74-a856de78a966", "time": "2026-08-11T13:59:00", "media": "../data/media/99d75923-2026-4c1b-b364-5a1da1f5e21b.jpg", "score": 5, "estado": "coherente", "aoi": "Western Colombia", "mmi": 6.8, "mensaje": ""}}, {"type": "Feature", "geometry": {"type": "Point", "coordinates": [-76.544, 3.393]}, "properties": {"id": "073da6fb-eafa-4598-86be-ece6cd8da45e", "time": "2026-08-10T15:56:00", "media": "../data/media/9e64a715-df08-4ab5-8c62-5f94f720a9d4.jpg", "score": 5, "estado": "coherente", "aoi": "Western Colombia", "mmi": 6.4, "mensaje": ""}}, {"type": "Feature", "geometry": {"type": "Point", "coordinates": [-76.416, 5.412]}, "properties": {"id": "08126a3d-b671-4dca-94c1-1b2fcb1d25b7", "time": "2026-08-13T13:52:00", "media": "../data/media/766b8f4b-438e-41c9-8807-c7f0f297e864.jpg", "score": 4, "estado": "coherente", "aoi": null, "mmi": 6.8, "mensaje": ""}}, {"type": "Feature", "geometry": {"type": "Point", "coordinates": [-75.933, 4.266]}, "properties": {"id": "08ce020d-6a83-4c81-922f-aee9f7842c31", "time": "2026-08-13T17:32:00", "media": "../data/media/34923ec0-3af5-4057-ab7e-2cd366b7f578.jpg", "score": 5, "estado": "coherente", "aoi": "Western Colombia", "mmi": 6.6, "mensaje": ""}}, {"type": "Feature", "geometry": {"type": "Point", "coordinates": [-76.019, 5.218]}, "properties": {"id": "09643c5f-4162-479e-9073-c8d697be96bd", "time": "2026-08-18T18:50:00", "media": "../data/media/a4bb069d-a803-4923-ab17-8dfecb8dcdd2.jpg", "score": 5, "estado": "coherente", "aoi": "Western Colombia", "mmi": 6.2, "mensaje": "IMG-20260818-WA0142.jpg (file attached)"}}, {"type": "Feature", "geometry": {"type": "Point", "coordinates": [-75.694, 4.812]}, "properties": {"id": "09b1e77b-3219-47a1-ba66-34fa659e0f04", "time": "2026-08-18T18:50:00", "media": "../data/media/0e1af91f-cd19-4680-8553-b93d0f70235e.jpg", "score": 5, "estado": "coherente", "aoi": "Pereira", "mmi": 7.5, "mensaje": "IMG-20260818-WA0178.jpg (file attached)"}}, {"type": "Feature", "geometry": {"type": "Point", "coordinates": [-76.972, 7.158]}, "properties": {"id": "0a2f2b82-21bd-4c43-b900-209532d6e2f7", "time": "2026-08-12T21:25:00", "media": "../data/media/c6620ae2-2b1b-4778-b703-dba460a6eac5.jpg", "score": 4, "estado": "coherente", "aoi": null, "mmi": 5.2, "mensaje": ""}}, {"type": "Feature", "geometry": {"type": "Point", "coordinates": [-76.547, 3.406]}, "properties": {"id": "0ad161d0-fc78-4714-81ad-cb60d5a1f45f", "time": "2026-08-12T19:07:00", "media": "../data/media/3764fa51-a9b4-4beb-8e63-f63be0efb45a.jpg", "score": 5, "estado": "coherente", "aoi": "Western Colombia", "mmi": 6.3, "mensaje": ""}}, {"type": "Feature", "geometry": {"type": "Point", "coordinates": [-75.649, 4.691]}, "properties": {"id": "0b09c6e7-0aa6-45c6-8c5b-7dd03a35ba3c", "time": "2026-08-13T13:44:00", "media": "../data/media/1056eef5-f789-449f-9643-c0cbbc281999.jpg", "score": 5, "estado": "coherente", "aoi": "Western Colombia", "mmi": 6.9, "mensaje": ""}}, {"type": "Feature", "geometry": {"type": "Point", "coordinates": [-76.439, 3.973]}, "properties": {"id": "0b93b879-10f2-4a6a-875f-41c5704971aa", "time": "2026-08-12T17:52:00", "media": "../data/media/25012ac9-41c9-43aa-8bfc-6cf44b758e5f.jpg", "score": 5, "estado": "coherente", "aoi": "Western Colombia", "mmi": 5.9, "mensaje": ""}}, {"type": "Feature", "geometry": {"type": "Point", "coordinates": [-76.549, 3.425]}, "properties": {"id": "0b9e7545-ea67-4fb9-9f11-9e7a1c96ff53", "time": "2026-08-12T21:00:00", "media": "../data/media/b7a329de-f66d-485e-8b10-ea867ab82aad.jpg", "score": 5, "estado": "coherente", "aoi": "Western Colombia", "mmi": 6.3, "mensaje": ""}}, {"type": "Feature", "geometry": {"type": "Point", "coordinates": [-75.693, 4.807]}, "properties": {"id": "0c86ad89-0224-4478-bf14-e5c5c579669d", "time": "2026-08-20T08:09:00", "media": "../data/media/3d8d4d70-9d61-4728-ad0a-21d677565efa.jpg", "score": 5, "estado": "coherente", "aoi": "Pereira", "mmi": 7.5, "mensaje": "IMG-20260819-WA0131.jpg (file attached)"}}, {"type": "Feature", "geometry": {"type": "Point", "coordinates": [-75.694, 4.808]}, "properties": {"id": "0d4008dc-59ea-4dd4-9286-102acf1b7660", "time": "2026-08-20T17:47:00", "media": "../data/media/2a79301e-d964-4922-a363-b46a1020d669.jpg", "score": 5, "estado": "coherente", "aoi": "Pereira", "mmi": 7.5, "mensaje": "IMG-20260820-WA0031.jpg (file attached)"}}, {"type": "Feature", "geometry": {"type": "Point", "coordinates": [-76.416, 5.412]}, "properties": {"id": "0da58088-1849-44a5-ac30-ecfecc8cee94", "time": "2026-08-13T13:56:00", "media": "../data/media/b2234525-696f-49bb-a8b3-dd332f1ad776.jpg", "score": 4, "estado": "coherente", "aoi": null, "mmi": 6.8, "mensaje": ""}}, {"type": "Feature", "geometry": {"type": "Point", "coordinates": [-75.483, 4.851]}, "properties": {"id": "0eabb423-657d-480e-9028-438ec3033cd1", "time": "2026-08-12T17:49:00", "media": "../data/media/8c373ac4-7099-4743-9f36-ea0509e5bfd2.jpg", "score": 5, "estado": "coherente", "aoi": "Western Colombia", "mmi": 6.2, "mensaje": ""}}, {"type": "Feature", "geometry": {"type": "Point", "coordinates": [-75.933, 4.266]}, "properties": {"id": "0f263bdd-4a66-4bb2-ad45-4d77e1b49f8e", "time": "2026-08-13T17:32:00", "media": "../data/media/ded36aa2-0f12-4e36-a763-2ce70ce934e2.jpg", "score": 5, "estado": "coherente", "aoi": "Western Colombia", "mmi": 6.6, "mensaje": ""}}, {"type": "Feature", "geometry": {"type": "Point", "coordinates": [-76.154, 4.409]}, "properties": {"id": "0f37fe8c-ffd2-4e60-bf6d-ef3934c28644", "time": "2026-08-15T21:15:00", "media": "https://pub-ca7861342f67400d94b3cb8ae8300a58.r2.dev/176caca1-7226-467b-82aa-d61fb69e0b03.mp4", "score": 5, "estado": "coherente", "aoi": "Western Colombia", "mmi": 7.4, "mensaje": "<attached: 00000011-VIDEO-2026-08-15-21-15-56.mp4>"}}, {"type": "Feature", "geometry": {"type": "Point", "coordinates": [-76.845, 4.902]}, "properties": {"id": "10ff57c5-a9ee-47ab-aab8-c6db32427952", "time": "2026-08-11T13:47:00", "media": "https://pub-ca7861342f67400d94b3cb8ae8300a58.r2.dev/3fc32116-04c9-4e8d-986f-ca3a884d13f7.mp4", "score": 5, "estado": "coherente", "aoi": "Western Colombia", "mmi": 6.7, "mensaje": ""}}, {"type": "Feature", "geometry": {"type": "Point", "coordinates": [-76.641, 5.678]}, "properties": {"id": "1114f333-e324-49b2-9b4e-fa4fcbcfc5e3", "time": "2026-08-14T19:47:00", "media": "../data/media/b604f8d8-bc3c-4236-80fd-36703a00a0ed.jpg", "score": 5, "estado": "coherente", "aoi": "Quibdo Centre", "mmi": 7.4, "mensaje": ""}}, {"type": "Feature", "geometry": {"type": "Point", "coordinates": [-76.551, 3.39]}, "properties": {"id": "11785a71-bb92-4216-b00b-1aeb7763dc29", "time": "2026-08-13T13:51:00", "media": "../data/media/c97c6eee-f071-4ba7-807c-2bd662c39a41.jpg", "score": 5, "estado": "coherente", "aoi": "Western Colombia", "mmi": 6.4, "mensaje": ""}}, {"type": "Feature", "geometry": {"type": "Point", "coordinates": [-76.195, 4.115]}, "properties": {"id": "11ae0884-da1d-45ef-a453-0767a9c70675", "time": "2026-08-10T19:33:00", "media": "../data/media/40ba9ee3-23cc-45e8-9cca-50f8af14edbe.jpg", "score": 5, "estado": "coherente", "aoi": "Western Colombia", "mmi": 7.2, "mensaje": ""}}, {"type": "Feature", "geometry": {"type": "Point", "coordinates": [-76.661, 5.699]}, "properties": {"id": "11ce9903-2c89-45c2-ae31-41ea610204cf", "time": "2026-08-13T14:05:00", "media": "../data/media/1f169d8c-45e1-42fe-ab06-fd91f48c826d.jpg", "score": 5, "estado": "coherente", "aoi": "Quibdo Centre", "mmi": 7.5, "mensaje": ""}}, {"type": "Feature", "geometry": {"type": "Point", "coordinates": [-76.59, 2.425]}, "properties": {"id": "1209c388-7be1-4a68-938a-a867efa94532", "time": "2026-08-12T17:46:00", "media": "../data/media/c0253b7a-ec95-43fb-9e07-2d0739892cc6.jpg", "score": 4, "estado": "coherente", "aoi": "Western Colombia", "mmi": 4.6, "mensaje": ""}}, {"type": "Feature", "geometry": {"type": "Point", "coordinates": [-76.649, 5.7]}, "properties": {"id": "12111baa-2f88-416b-aad5-fffce7a93b75", "time": "2026-08-14T14:38:00", "media": "../data/media/c9b35d1c-c2e4-4378-a564-30af4c788835.jpg", "score": 4, "estado": "coherente", "aoi": null, "mmi": 7.5, "mensaje": ""}}, {"type": "Feature", "geometry": {"type": "Point", "coordinates": [-75.697, 4.807]}, "properties": {"id": "1242503b-0e01-4539-9a63-5071cd133d21", "time": "2026-08-13T17:54:00", "media": "../data/media/0bcbd098-1a61-4af0-8644-286007f0a479.jpg", "score": 5, "estado": "coherente", "aoi": "Pereira", "mmi": 7.5, "mensaje": ""}}, {"type": "Feature", "geometry": {"type": "Point", "coordinates": [-75.69, 4.814]}, "properties": {"id": "134f60a0-7be6-4ca6-b599-d5e282643f4d", "time": "2026-08-13T16:10:00", "media": "../data/media/58759a2f-bd2b-4a15-a06c-61ec8b05b347.jpg", "score": 5, "estado": "coherente", "aoi": "Pereira", "mmi": 7.5, "mensaje": ""}}, {"type": "Feature", "geometry": {"type": "Point", "coordinates": [-76.638, 4.976]}, "properties": {"id": "1382482c-15e9-4636-aa18-85218beea098", "time": "2026-08-11T19:28:00", "media": "https://pub-ca7861342f67400d94b3cb8ae8300a58.r2.dev/919a0172-e42d-492d-8927-1ee87899e5cd.mp4", "score": 5, "estado": "coherente", "aoi": "Western Colombia", "mmi": 6.9, "mensaje": ""}}, {"type": "Feature", "geometry": {"type": "Point", "coordinates": [-75.706, 4.816]}, "properties": {"id": "1443fc17-dcae-4f63-bf4e-e5a62aad5efc", "time": "2026-08-14T14:38:00", "media": "../data/media/a4bd3b35-44c6-4527-850f-122d95e3d5e8.jpg", "score": 5, "estado": "coherente", "aoi": "Pereira", "mmi": 7.5, "mensaje": ""}}, {"type": "Feature", "geometry": {"type": "Point", "coordinates": [-76.646, 5.688]}, "properties": {"id": "150cbf38-3d76-4de2-8a69-de48f7e84fbb", "time": "2026-08-11T22:15:00", "media": "../data/media/95aa1dc5-ad0d-4579-9490-a16fcb9bea07.jpg", "score": 5, "estado": "coherente", "aoi": "Quibdo Centre", "mmi": 7.4, "mensaje": ""}}, {"type": "Feature", "geometry": {"type": "Point", "coordinates": [-75.513, 5.046]}, "properties": {"id": "1539ec12-abf5-4939-a206-c9de88aa5759", "time": "2026-08-10T17:25:00", "media": "https://pub-ca7861342f67400d94b3cb8ae8300a58.r2.dev/b50705df-ade5-4e58-a156-af35b5a9c992.mp4", "score": 5, "estado": "coherente", "aoi": "Western Colombia", "mmi": 7.1, "mensaje": ""}}, {"type": "Feature", "geometry": {"type": "Point", "coordinates": [-76.517, 3.37]}, "properties": {"id": "159d8bff-3291-4f3d-a40b-f203a36a9765", "time": "2026-08-11T08:26:32", "media": "../data/media/de1129ca-8e7f-4407-8a24-36f79a5de895.jpg", "score": 5, "estado": "coherente", "aoi": "Western Colombia", "mmi": 6.8, "mensaje": ""}}, {"type": "Feature", "geometry": {"type": "Point", "coordinates": [-75.707, 4.812]}, "properties": {"id": "16977152-0a2d-4f31-a60d-0c89f8206eae", "time": "2026-08-20T08:09:00", "media": "../data/media/59ff1dd5-c804-4348-a955-6913a3bbd2f8.jpg", "score": 5, "estado": "coherente", "aoi": "Pereira", "mmi": 7.5, "mensaje": "IMG-20260819-WA0134.jpg (file attached)"}}, {"type": "Feature", "geometry": {"type": "Point", "coordinates": [-76.654, 5.691]}, "properties": {"id": "16d2fe84-f2da-4767-99bd-ee98aff10644", "time": "2026-08-13T14:15:00", "media": "../data/media/183a387f-c521-4012-82ed-05ee697ef885.jpg", "score": 5, "estado": "coherente", "aoi": "Quibdo Centre", "mmi": 7.5, "mensaje": ""}}, {"type": "Feature", "geometry": {"type": "Point", "coordinates": [-76.303, 3.504]}, "properties": {"id": "18ab7b4e-67ea-4cda-a71f-3c300f54dcb6", "time": "2026-08-12T17:43:00", "media": "https://pub-ca7861342f67400d94b3cb8ae8300a58.r2.dev/74e01695-13ae-401c-a8b3-9e52f19c2964.mp4", "score": 5, "estado": "coherente", "aoi": "Western Colombia", "mmi": 6.3, "mensaje": ""}}, {"type": "Feature", "geometry": {"type": "Point", "coordinates": [-75.488, 5.06]}, "properties": {"id": "1924e7ae-6cc6-4e4f-82d8-8db188a2d02a", "time": "2026-08-10T19:27:00", "media": "../data/media/3d75895d-479c-4ff7-9212-dc53ff221396.jpg", "score": 5, "estado": "coherente", "aoi": "Western Colombia", "mmi": 6.4, "mensaje": ""}}, {"type": "Feature", "geometry": {"type": "Point", "coordinates": [-76.64, 5.678]}, "properties": {"id": "19646b9c-1dd8-4f3c-869d-33115359396d", "time": "2026-08-14T14:38:00", "media": "https://pub-ca7861342f67400d94b3cb8ae8300a58.r2.dev/23a19b43-fa0b-423b-8609-8b03a8498f35.mp4", "score": 4, "estado": "coherente", "aoi": null, "mmi": 7.4, "mensaje": ""}}, {"type": "Feature", "geometry": {"type": "Point", "coordinates": [-76.549, 3.422]}, "properties": {"id": "19dc5cfd-970b-44d7-ab80-b5a8adc50fe8", "time": "2026-08-12T20:59:00", "media": "../data/media/c1ad86cf-da4b-4581-9481-95e37680bc5e.jpg", "score": 5, "estado": "coherente", "aoi": "Western Colombia", "mmi": 6.3, "mensaje": ""}}, {"type": "Feature", "geometry": {"type": "Point", "coordinates": [-76.65, 5.696]}, "properties": {"id": "1a116d2a-8cf6-42b1-af7d-0c7d517473f1", "time": "2026-08-12T21:22:00", "media": "https://pub-ca7861342f67400d94b3cb8ae8300a58.r2.dev/22773b75-9d51-41f1-b5a0-f70cd543954e.mp4", "score": 4, "estado": "coherente", "aoi": null, "mmi": 7.5, "mensaje": ""}}, {"type": "Feature", "geometry": {"type": "Point", "coordinates": [-75.703, 4.816]}, "properties": {"id": "1a46f55a-8d61-4f08-92d9-d6a552339cfb", "time": "2026-08-14T14:38:00", "media": "../data/media/d478fba1-036e-4cfe-a48e-2a6ffff0a2f2.jpg", "score": 5, "estado": "coherente", "aoi": "Pereira", "mmi": 7.5, "mensaje": ""}}, {"type": "Feature", "geometry": {"type": "Point", "coordinates": [-75.722, 4.816]}, "properties": {"id": "1a96acb2-8651-4e43-81b7-ea7e0845b96d", "time": "2026-08-14T19:47:00", "media": "../data/media/7ceac309-496c-4540-a666-2c2f2dbd0417.jpg", "score": 5, "estado": "coherente", "aoi": "Pereira", "mmi": 7.4, "mensaje": ""}}, {"type": "Feature", "geometry": {"type": "Point", "coordinates": [-76.549, 3.419]}, "properties": {"id": "1aa2c641-0a5d-4692-a346-8e1d0311b1c9", "time": "2026-08-12T20:53:00", "media": "../data/media/7bc80036-03c5-4130-aa8b-cfaba46d67cf.jpg", "score": 5, "estado": "coherente", "aoi": "Western Colombia", "mmi": 6.3, "mensaje": ""}}, {"type": "Feature", "geometry": {"type": "Point", "coordinates": [-76.972, 7.158]}, "properties": {"id": "1b232b3b-e56a-4048-933c-46afa4909e1a", "time": "2026-08-12T21:27:00", "media": "../data/media/faa44185-0094-4a4b-afe5-d2f0382b327c.jpg", "score": 4, "estado": "coherente", "aoi": null, "mmi": 5.2, "mensaje": ""}}, {"type": "Feature", "geometry": {"type": "Point", "coordinates": [-76.517, 3.37]}, "properties": {"id": "1c02fcb1-f02f-48df-8e9e-194ce47554a0", "time": "2026-08-11T08:25:37", "media": "../data/media/8daa5608-d9b7-4242-bd74-b6cf65149253.jpg", "score": 5, "estado": "coherente", "aoi": "Western Colombia", "mmi": 6.8, "mensaje": ""}}, {"type": "Feature", "geometry": {"type": "Point", "coordinates": [-76.546, 3.423]}, "properties": {"id": "1c35c743-8df3-4ee1-8af7-6b475c40ab1c", "time": "2026-08-17T19:51:00", "media": "../data/media/844b6126-4723-4b42-afa0-df8e5b4c3ed8.jpg", "score": 5, "estado": "coherente", "aoi": "Western Colombia", "mmi": 6.3, "mensaje": "<attached: 00000005-PHOTO-2026-08-17-19-51-12.jpg>"}}, {"type": "Feature", "geometry": {"type": "Point", "coordinates": [-75.663, 4.843]}, "properties": {"id": "1c5a56f7-1a7f-479a-a2c4-3ea1528ab50c", "time": "2026-08-20T17:47:00", "media": "../data/media/3a82ced2-b700-486b-a167-dc7af9ae37e9.jpg", "score": 5, "estado": "coherente", "aoi": "Western Colombia", "mmi": 7.3, "mensaje": "IMG-20260820-WA0111.jpg (file attached)"}}, {"type": "Feature", "geometry": {"type": "Point", "coordinates": [-75.649, 4.691]}, "properties": {"id": "1c966b9e-2df2-43e7-a883-642270a2cc02", "time": "2026-08-13T13:41:00", "media": "../data/media/adf5b98a-7611-405b-a422-6e152e7bf49e.jpg", "score": 5, "estado": "coherente", "aoi": "Western Colombia", "mmi": 6.9, "mensaje": ""}}, {"type": "Feature", "geometry": {"type": "Point", "coordinates": [-75.781, 4.675]}, "properties": {"id": "1cbfa28d-6074-4ef3-a1a1-1d3643a0e47b", "time": "2026-08-20T17:47:00", "media": "../data/media/e7d01dc7-2690-4ef0-a119-2d76635202ea.jpg", "score": 5, "estado": "coherente", "aoi": "Western Colombia", "mmi": 7.5, "mensaje": "IMG-20260820-WA0090.jpg (file attached)"}}, {"type": "Feature", "geometry": {"type": "Point", "coordinates": [-76.642, 4.653]}, "properties": {"id": "1d892b51-57ee-45c3-b61f-0fc2e74bde84", "time": "2026-08-10T17:28:00", "media": "../data/media/a07df1e5-c72d-4c1b-93ef-275f363c6321.jpg", "score": 5, "estado": "coherente", "aoi": "Western Colombia", "mmi": 6.8, "mensaje": ""}}, {"type": "Feature", "geometry": {"type": "Point", "coordinates": [-77.026, 3.876]}, "properties": {"id": "1dd315bd-8c19-4728-918e-d1b4bdc1f0ea", "time": "2026-08-14T14:38:00", "media": "../data/media/8d898454-c07a-4b09-92d9-0a1600b2b083.jpg", "score": 5, "estado": "coherente", "aoi": "Buenaventura", "mmi": 7.2, "mensaje": ""}}, {"type": "Feature", "geometry": {"type": "Point", "coordinates": [-75.83, 4.335]}, "properties": {"id": "1e64697b-75d7-498c-9398-eb977d6982db", "time": "2026-08-11T14:27:00", "media": "../data/media/435de6ca-f66d-497b-8bcd-976c602f94a1.jpg", "score": 5, "estado": "coherente", "aoi": "Western Colombia", "mmi": 6.8, "mensaje": ""}}, {"type": "Feature", "geometry": {"type": "Point", "coordinates": [-76.947, 5.193]}, "properties": {"id": "1e774576-b881-4600-8ced-f4379fdc8ae7", "time": "2026-08-20T17:47:00", "media": "../data/media/65205e68-bb76-43b8-a95d-7821ebac9db5.jpg", "score": 4, "estado": "coherente", "aoi": null, "mmi": 6.7, "mensaje": "IMG-20260820-WA0103.jpg (file attached)"}}, {"type": "Feature", "geometry": {"type": "Point", "coordinates": [-76.534, 3.442]}, "properties": {"id": "1e919957-c508-4b88-9eee-91ec750334d9", "time": "2026-08-11T10:45:22", "media": "../data/media/e69900f1-41f2-4707-b43d-89102d8bc329.jpg", "score": 5, "estado": "coherente", "aoi": "Cali Center", "mmi": 6.3, "mensaje": ""}}, {"type": "Feature", "geometry": {"type": "Point", "coordinates": [-76.289, 4.236]}, "properties": {"id": "1ed0fd85-7731-4a4c-930d-5f7151a0b4d8", "time": "2026-08-14T14:38:00", "media": "../data/media/234720ea-721e-4a64-b16c-d9dbe72cf2c3.jpg", "score": 5, "estado": "coherente", "aoi": "Western Colombia", "mmi": 6.6, "mensaje": ""}}, {"type": "Feature", "geometry": {"type": "Point", "coordinates": [-75.701, 4.793]}, "properties": {"id": "1fdb4005-1ba4-425e-881e-950e9f415878", "time": "2026-08-14T19:47:00", "media": "../data/media/4dc3c2f3-ae17-4074-804e-a2c2f0cbfb42.jpg", "score": 5, "estado": "coherente", "aoi": "Western Colombia", "mmi": 7.6, "mensaje": ""}}, {"type": "Feature", "geometry": {"type": "Point", "coordinates": [-75.649, 4.691]}, "properties": {"id": "206ee9aa-fede-4564-9907-98eb9b824e27", "time": "2026-08-13T13:50:00", "media": "../data/media/e088c2a1-8037-4074-ac8f-06500cd6fcf6.jpg", "score": 5, "estado": "coherente", "aoi": "Western Colombia", "mmi": 6.9, "mensaje": ""}}, {"type": "Feature", "geometry": {"type": "Point", "coordinates": [-76.534, 3.442]}, "properties": {"id": "20bdba7e-9b61-4142-8b51-d802e7f8b269", "time": "2026-08-11T11:46:56", "media": "../data/media/9b24b7b0-90ef-4062-8994-52ac33f5d577.jpg", "score": 3, "estado": "coherente", "aoi": "Cali Center", "mmi": 6.3, "mensaje": ""}}, {"type": "Feature", "geometry": {"type": "Point", "coordinates": [-75.737, 4.803]}, "properties": {"id": "21044815-79e5-4967-8b43-b86b8a5908f3", "time": "2026-08-18T18:50:00", "media": "../data/media/524b3a80-891d-4ea9-a6f9-c0ec145a63e2.jpg", "score": 5, "estado": "coherente", "aoi": "Western Colombia", "mmi": 7.7, "mensaje": "IMG-20260818-WA0147.jpg (file attached)"}}, {"type": "Feature", "geometry": {"type": "Point", "coordinates": [-76.155, 4.41]}, "properties": {"id": "22d97877-2096-4924-8237-981c2d416792", "time": "2026-08-13T17:07:00", "media": "https://pub-ca7861342f67400d94b3cb8ae8300a58.r2.dev/f281ddef-6961-4042-85d0-0473018484c3.mp4", "score": 5, "estado": "coherente", "aoi": "Western Colombia", "mmi": 7.4, "mensaje": ""}}, {"type": "Feature", "geometry": {"type": "Point", "coordinates": [-75.832, 4.34]}, "properties": {"id": "23153bca-b246-405c-9520-36886d0545d0", "time": "2026-08-11T16:11:00", "media": "../data/media/a02daa60-263f-4309-a13c-8ba7fe8dbac1.jpg", "score": 5, "estado": "coherente", "aoi": "Western Colombia", "mmi": 7.1, "mensaje": ""}}, {"type": "Feature", "geometry": {"type": "Point", "coordinates": [-76.019, 5.218]}, "properties": {"id": "23952562-14e0-4af9-b20b-9e50d9991c38", "time": "2026-08-18T18:50:00", "media": "../data/media/751df302-db3c-4d44-84ab-e90e0c942bf4.jpg", "score": 5, "estado": "coherente", "aoi": "Western Colombia", "mmi": 6.2, "mensaje": "IMG-20260818-WA0141.jpg (file attached)"}}, {"type": "Feature", "geometry": {"type": "Point", "coordinates": [-76.494, 3.01]}, "properties": {"id": "24df8dd2-54e3-4a1f-b726-b908476c1310", "time": "2026-08-10T16:22:00", "media": "../data/media/bb696d98-22ab-4826-878c-92878a4a2aab.jpg", "score": 5, "estado": "coherente", "aoi": "Western Colombia", "mmi": 5.8, "mensaje": ""}}, {"type": "Feature", "geometry": {"type": "Point", "coordinates": [-76.62, 2.762]}, "properties": {"id": "24efe9d7-a7e8-4ead-adb3-2b2017aa3ab1", "time": "2026-08-20T08:13:00", "media": "../data/media/c1cf4ff5-92c5-4470-a85d-defc7b939480.jpg", "score": 5, "estado": "coherente", "aoi": "Western Colombia", "mmi": 5.3, "mensaje": "IMG-20260818-WA0164.jpg (file attached)"}}, {"type": "Feature", "geometry": {"type": "Point", "coordinates": [-76.289, 4.236]}, "properties": {"id": "2575c57c-32d9-47be-b46c-a8c1ada0d345", "time": "2026-08-14T14:38:00", "media": "../data/media/a4145f7b-fb1a-411c-9f95-7963d746fc0b.jpg", "score": 5, "estado": "coherente", "aoi": "Western Colombia", "mmi": 6.6, "mensaje": ""}}, {"type": "Feature", "geometry": {"type": "Point", "coordinates": [-76.486, 3.933]}, "properties": {"id": "26242a67-7f97-40bb-8049-9ea2474a1473", "time": "2026-08-12T21:18:00", "media": "https://pub-ca7861342f67400d94b3cb8ae8300a58.r2.dev/8afbb51d-2305-447d-ae5f-7fcd3de43327.mp4", "score": 5, "estado": "coherente", "aoi": "Western Colombia", "mmi": 5.7, "mensaje": ""}}, {"type": "Feature", "geometry": {"type": "Point", "coordinates": [-76.52, 3.489]}, "properties": {"id": "2678c28e-3fd8-483c-a89f-1e8b1ecd5d01", "time": "2026-08-14T14:38:00", "media": "../data/media/b9d51555-3304-4ffb-95a9-984dd3e1508a.jpg", "score": 5, "estado": "coherente", "aoi": "Western Colombia", "mmi": 6.1, "mensaje": ""}}, {"type": "Feature", "geometry": {"type": "Point", "coordinates": [-76.548, 3.411]}, "properties": {"id": "274e4fe9-0715-4dd2-8b89-b69cfd5310dc", "time": "2026-08-12T21:23:00", "media": "https://pub-ca7861342f67400d94b3cb8ae8300a58.r2.dev/6ca4ca98-6444-4045-a7b5-86ec20663275.mp4", "score": 5, "estado": "coherente", "aoi": "Western Colombia", "mmi": 6.3, "mensaje": ""}}, {"type": "Feature", "geometry": {"type": "Point", "coordinates": [-76.439, 3.973]}, "properties": {"id": "276a6fca-1e09-4d73-874a-5281b8fe3cb4", "time": "2026-08-12T17:57:00", "media": "../data/media/496a8008-6216-4669-ad36-bc12d947c0e2.jpg", "score": 5, "estado": "coherente", "aoi": "Western Colombia", "mmi": 5.9, "mensaje": ""}}, {"type": "Feature", "geometry": {"type": "Point", "coordinates": [-76.416, 5.412]}, "properties": {"id": "2786b9a7-d450-49e7-9f99-de4b4ae0aab7", "time": "2026-08-13T13:55:00", "media": "../data/media/3ed8ec56-9fff-48fe-a8e8-70f1e705728c.jpg", "score": 4, "estado": "coherente", "aoi": null, "mmi": 6.8, "mensaje": ""}}, {"type": "Feature", "geometry": {"type": "Point", "coordinates": [-75.691, 4.795]}, "properties": {"id": "27ead496-0ea9-4287-a3af-3b5496cc8fd1", "time": "2026-08-20T08:09:00", "media": "../data/media/13e0072e-24e5-4f6f-8713-58743e227a6c.jpg", "score": 5, "estado": "coherente", "aoi": "Pereira", "mmi": 7.6, "mensaje": "IMG-20260819-WA0123.jpg (file attached)"}}, {"type": "Feature", "geometry": {"type": "Point", "coordinates": [-76.416, 5.413]}, "properties": {"id": "27efca1d-4fd1-4394-95f0-fcb4edbc3a74", "time": "2026-08-13T10:16:32", "media": "../data/media/c0a230a2-7e61-4c4e-ad09-84571139e4d3.jpg", "score": 4, "estado": "coherente", "aoi": null, "mmi": 6.8, "mensaje": ""}}, {"type": "Feature", "geometry": {"type": "Point", "coordinates": [-76.416, 5.412]}, "properties": {"id": "281d1185-7286-463f-ade9-5273243d744d", "time": "2026-08-13T13:55:00", "media": "../data/media/8b5c22a9-be42-4b3e-9f00-3a02404df0ab.jpg", "score": 4, "estado": "coherente", "aoi": null, "mmi": 6.8, "mensaje": ""}}, {"type": "Feature", "geometry": {"type": "Point", "coordinates": [-76.637, 5.662]}, "properties": {"id": "284e1ac0-7f9b-492e-b76e-e1868d91d7c7", "time": "2026-08-13T10:12:17", "media": "https://pub-ca7861342f67400d94b3cb8ae8300a58.r2.dev/3bf8426a-e380-408a-ac3e-52606f2b766f.mp4", "score": 4, "estado": "coherente", "aoi": null, "mmi": 7.4, "mensaje": ""}}, {"type": "Feature", "geometry": {"type": "Point", "coordinates": [-75.704, 4.798]}, "properties": {"id": "28d1b3ab-04c0-4aa0-95b9-2e560c65b728", "time": "2026-08-14T19:47:00", "media": "../data/media/dddaf7fd-9576-426b-8438-8908f4a41bef.jpg", "score": 5, "estado": "coherente", "aoi": "Western Colombia", "mmi": 7.6, "mensaje": ""}}, {"type": "Feature", "geometry": {"type": "Point", "coordinates": [-76.43, 3.936]}, "properties": {"id": "29f6fe6e-ad1b-41ad-b83e-24288ea2b548", "time": "2026-08-14T19:47:00", "media": "https://pub-ca7861342f67400d94b3cb8ae8300a58.r2.dev/afd0bfca-77b3-4f66-9783-954f26fcdee8.mp4", "score": 5, "estado": "coherente", "aoi": "Western Colombia", "mmi": 5.6, "mensaje": ""}}, {"type": "Feature", "geometry": {"type": "Point", "coordinates": [-76.487, 3.932]}, "properties": {"id": "2a877381-47fc-41ea-b82d-aee11abb6114", "time": "2026-08-12T21:48:00", "media": "../data/media/4dd2677b-d7d2-488e-b345-bad1888b54d5.jpg", "score": 5, "estado": "coherente", "aoi": "Western Colombia", "mmi": 5.7, "mensaje": ""}}, {"type": "Feature", "geometry": {"type": "Point", "coordinates": [-76.64, 5.678]}, "properties": {"id": "2b49b79a-0ef4-462d-8156-2d8d74ad1d56", "time": "2026-08-14T14:38:00", "media": "https://pub-ca7861342f67400d94b3cb8ae8300a58.r2.dev/d788d8bc-566d-4a15-8290-6266e6989812.mp4", "score": 4, "estado": "coherente", "aoi": null, "mmi": 7.4, "mensaje": ""}}, {"type": "Feature", "geometry": {"type": "Point", "coordinates": [-76.416, 5.413]}, "properties": {"id": "2b79af35-e9e6-401b-9efc-ada4038a244a", "time": "2026-08-13T10:17:37", "media": "../data/media/fc96cbf3-c872-423a-af17-eae1cabd599f.jpg", "score": 4, "estado": "coherente", "aoi": null, "mmi": 6.8, "mensaje": ""}}, {"type": "Feature", "geometry": {"type": "Point", "coordinates": [-76.539, 3.431]}, "properties": {"id": "2bfd9809-d27b-48e9-9983-1cb93e391cc8", "time": "2026-08-11T16:30:00", "media": "../data/media/062d19a2-d463-44f6-ba39-093c83d74eea.jpg", "score": 5, "estado": "coherente", "aoi": "Western Colombia", "mmi": 6.3, "mensaje": ""}}, {"type": "Feature", "geometry": {"type": "Point", "coordinates": [-75.706, 4.812]}, "properties": {"id": "2c5d4116-877b-400e-86f2-5b52cb1f1e4c", "time": "2026-08-11T20:37:00", "media": "../data/media/7fc9c9c3-21f9-47ff-ad89-69bdf84d232c.jpg", "score": 5, "estado": "coherente", "aoi": "Pereira", "mmi": 7.5, "mensaje": ""}}, {"type": "Feature", "geometry": {"type": "Point", "coordinates": [-75.629, 4.858]}, "properties": {"id": "2c716c8b-6eb9-4ca7-aa15-d0f615b5c482", "time": "2026-08-11T21:24:00", "media": "../data/media/38c6f516-9645-48ef-a709-10024577d724.jpg", "score": 5, "estado": "coherente", "aoi": "Western Colombia", "mmi": 7.4, "mensaje": ""}}, {"type": "Feature", "geometry": {"type": "Point", "coordinates": [-75.699, 4.785]}, "properties": {"id": "2c8d859d-10f8-4245-9c52-2fbdf5592f10", "time": "2026-08-20T08:09:00", "media": "../data/media/607d8485-3f63-478c-8f81-c7f41ca24ddf.jpg", "score": 5, "estado": "coherente", "aoi": "Western Colombia", "mmi": 7.6, "mensaje": "IMG-20260819-WA0118.jpg (file attached)"}}, {"type": "Feature", "geometry": {"type": "Point", "coordinates": [-76.03, 5.221]}, "properties": {"id": "2cde7b5a-58e5-484d-9b03-b9e4fcc7e734", "time": "2026-08-20T17:47:00", "media": "../data/media/2df2c3f3-6266-475e-984e-cab8787c9186.jpg", "score": 5, "estado": "coherente", "aoi": "Western Colombia", "mmi": 6.2, "mensaje": "IMG-20260820-WA0110.jpg (file attached)"}}, {"type": "Feature", "geometry": {"type": "Point", "coordinates": [-75.699, 4.811]}, "properties": {"id": "2d06a53b-c85a-424d-96ce-74fc273b21db", "time": "2026-08-18T18:50:00", "media": "../data/media/54e4ed93-a3b4-461c-b04c-51022a3c31b7.jpg", "score": 5, "estado": "coherente", "aoi": "Pereira", "mmi": 7.5, "mensaje": "IMG-20260818-WA0190.jpg (file attached)"}}, {"type": "Feature", "geometry": {"type": "Point", "coordinates": [-75.57, 6.261]}, "properties": {"id": "2d107f9b-5f5d-4ba9-b32b-79f624a359e7", "time": "2026-08-13T13:58:00", "media": "../data/media/a70d4c6c-d497-47c8-ad34-ae7e07935333.jpg", "score": 3, "estado": "coherente", "aoi": null, "mmi": 4.8, "mensaje": ""}}, {"type": "Feature", "geometry": {"type": "Point", "coordinates": [-75.829, 4.331]}, "properties": {"id": "2d6996f5-5d5d-419c-8380-d11694f3bf9d", "time": "2026-08-11T16:22:00", "media": "../data/media/49e9f016-52a3-4e5b-8543-1423344d9454.jpg", "score": 5, "estado": "coherente", "aoi": "Western Colombia", "mmi": 6.8, "mensaje": ""}}, {"type": "Feature", "geometry": {"type": "Point", "coordinates": [-76.546, 3.416]}, "properties": {"id": "2d795c23-c27c-46f1-9bbf-a8f31cd8a9f0", "time": "2026-08-11T19:32:00", "media": "../data/media/75cf0728-ce69-4b00-b4d7-002d22b87ec0.jpg", "score": 5, "estado": "coherente", "aoi": "Western Colombia", "mmi": 6.3, "mensaje": ""}}, {"type": "Feature", "geometry": {"type": "Point", "coordinates": [-75.706, 4.812]}, "properties": {"id": "2e0334a3-5a3e-4d61-b662-857f5a0a9488", "time": "2026-08-15T08:39:40", "media": "../data/media/7a404588-94ab-45f0-8a8e-885ac70d1615.jpg", "score": 5, "estado": "coherente", "aoi": "Pereira", "mmi": 7.5, "mensaje": ""}}, {"type": "Feature", "geometry": {"type": "Point", "coordinates": [-76.62, 2.762]}, "properties": {"id": "2e2add31-524f-4d52-a6b4-2faf63a6bccd", "time": "2026-08-20T08:11:00", "media": "../data/media/4aca001a-db6d-4d0f-ad77-cfe3afa453fa.jpg", "score": 5, "estado": "coherente", "aoi": "Western Colombia", "mmi": 5.3, "mensaje": "IMG-20260818-WA0162.jpg (file attached)"}}, {"type": "Feature", "geometry": {"type": "Point", "coordinates": [-76.637, 4.976]}, "properties": {"id": "2e34e320-d0d8-43aa-9413-43c333f2b380", "time": "2026-08-11T19:24:00", "media": "https://pub-ca7861342f67400d94b3cb8ae8300a58.r2.dev/cb004578-9acc-4cce-891f-e82ebe90c8f1.mp4", "score": 5, "estado": "coherente", "aoi": "Western Colombia", "mmi": 6.9, "mensaje": ""}}, {"type": "Feature", "geometry": {"type": "Point", "coordinates": [-76.546, 3.416]}, "properties": {"id": "2ec0c7eb-fbb0-449a-85cf-ee5872141ef8", "time": "2026-08-11T19:31:00", "media": "../data/media/9cd4026d-6a8d-4cb2-84ff-9550ebf42cec.jpg", "score": 5, "estado": "coherente", "aoi": "Western Colombia", "mmi": 6.3, "mensaje": ""}}, {"type": "Feature", "geometry": {"type": "Point", "coordinates": [-76.545, 3.422]}, "properties": {"id": "2f976cb8-b51e-472e-80e3-9a50c9c9dc4d", "time": "2026-08-12T19:00:00", "media": "../data/media/48d6699f-3eda-4a78-be5a-81421c4364f9.jpg", "score": 5, "estado": "coherente", "aoi": "Western Colombia", "mmi": 6.3, "mensaje": ""}}, {"type": "Feature", "geometry": {"type": "Point", "coordinates": [-76.414, 5.413]}, "properties": {"id": "30ea88fd-54df-4a53-afe6-6d1e31784b14", "time": "2026-08-13T13:03:00", "media": "../data/media/f9dd5918-f03c-4baf-9856-f541a5f46da2.jpg", "score": 4, "estado": "coherente", "aoi": null, "mmi": 6.8, "mensaje": ""}}, {"type": "Feature", "geometry": {"type": "Point", "coordinates": [-75.707, 4.812]}, "properties": {"id": "318aa305-fb0c-4c19-a5e8-5f1993242f96", "time": "2026-08-20T08:09:00", "media": "../data/media/d6b9de0d-755b-4d04-985c-907a711259c5.jpg", "score": 5, "estado": "coherente", "aoi": "Pereira", "mmi": 7.5, "mensaje": "IMG-20260819-WA0132.jpg (file attached)"}}, {"type": "Feature", "geometry": {"type": "Point", "coordinates": [-75.649, 4.691]}, "properties": {"id": "31e0f0ef-3198-4be9-9757-1a6a3ba0c3a4", "time": "2026-08-13T13:26:00", "media": "../data/media/c6c3dac7-fb93-4760-9ee8-01cf7d43fc0f.jpg", "score": 5, "estado": "coherente", "aoi": "Western Colombia", "mmi": 6.9, "mensaje": ""}}, {"type": "Feature", "geometry": {"type": "Point", "coordinates": [-75.826, 4.328]}, "properties": {"id": "32628837-74ac-4c70-9737-7dbd43efb67f", "time": "2026-08-11T16:13:00", "media": "../data/media/4439b929-a2bb-4260-99dd-4614e2ed35e6.jpg", "score": 5, "estado": "coherente", "aoi": "Western Colombia", "mmi": 6.8, "mensaje": ""}}, {"type": "Feature", "geometry": {"type": "Point", "coordinates": [-76.416, 5.407]}, "properties": {"id": "32d83c09-fa63-48d5-b50e-2c65d3567581", "time": "2026-08-13T17:45:00", "media": "../data/media/6482a4ee-d49f-4ba2-9ab1-a2b082610d73.jpg", "score": 4, "estado": "coherente", "aoi": null, "mmi": 6.8, "mensaje": ""}}, {"type": "Feature", "geometry": {"type": "Point", "coordinates": [-75.717, 4.816]}, "properties": {"id": "336d274f-ff94-4538-8a24-e12a2e2c6d8e", "time": "2026-08-14T14:38:00", "media": "https://pub-ca7861342f67400d94b3cb8ae8300a58.r2.dev/a3bcbde2-b206-4d75-a543-1c375566f223.mp4", "score": 5, "estado": "coherente", "aoi": "Pereira", "mmi": 7.4, "mensaje": ""}}, {"type": "Feature", "geometry": {"type": "Point", "coordinates": [-76.544, 3.393]}, "properties": {"id": "338931b7-0893-4619-85c7-acee5052e27a", "time": "2026-08-10T19:32:00", "media": "../data/media/ca77b9ec-aca7-4ba6-80d7-d5243ec43161.jpg", "score": 5, "estado": "coherente", "aoi": "Western Colombia", "mmi": 6.4, "mensaje": ""}}, {"type": "Feature", "geometry": {"type": "Point", "coordinates": [-76.845, 4.902]}, "properties": {"id": "34d428e4-f29e-436f-ba8f-bdd84e35cc81", "time": "2026-08-11T13:48:00", "media": "https://pub-ca7861342f67400d94b3cb8ae8300a58.r2.dev/5f568d18-7a3e-4168-9e4d-dde5bc849010.mp4", "score": 5, "estado": "coherente", "aoi": "Western Colombia", "mmi": 6.7, "mensaje": ""}}, {"type": "Feature", "geometry": {"type": "Point", "coordinates": [-75.693, 4.814]}, "properties": {"id": "35247131-48e5-435b-9d08-69900560af45", "time": "2026-08-13T14:23:00", "media": "../data/media/af2d8019-0a93-4beb-ab73-c820464202b9.jpg", "score": 5, "estado": "coherente", "aoi": "Pereira", "mmi": 7.5, "mensaje": ""}}, {"type": "Feature", "geometry": {"type": "Point", "coordinates": [-76.535, 3.434]}, "properties": {"id": "354eae06-d096-4d13-a7a1-153995276957", "time": "2026-08-20T08:09:00", "media": "../data/media/437e6874-f5b4-4860-9338-a4e4301cfbbe.jpg", "score": 5, "estado": "coherente", "aoi": "Western Colombia", "mmi": 6.6, "mensaje": "IMG-20260819-WA0119.jpg (file attached)"}}, {"type": "Feature", "geometry": {"type": "Point", "coordinates": [-76.486, 3.933]}, "properties": {"id": "35de8b7e-209b-4308-a7b5-db0ac753c447", "time": "2026-08-12T21:19:00", "media": "../data/media/2bcd4119-21d3-4392-9663-fa666a69a4f3.jpg", "score": 5, "estado": "coherente", "aoi": "Western Colombia", "mmi": 5.7, "mensaje": ""}}, {"type": "Feature", "geometry": {"type": "Point", "coordinates": [-76.548, 3.42]}, "properties": {"id": "3631763d-1300-4ce0-8ded-31471a3b0855", "time": "2026-08-11T15:09:00", "media": "../data/media/a0b61507-87ad-45a5-8313-806ebf4a3877.jpg", "score": 5, "estado": "coherente", "aoi": "Western Colombia", "mmi": 6.3, "mensaje": ""}}, {"type": "Feature", "geometry": {"type": "Point", "coordinates": [-76.643, 4.654]}, "properties": {"id": "365b1ea8-ab8e-4004-8ead-d43afed39deb", "time": "2026-08-10T17:08:00", "media": "https://pub-ca7861342f67400d94b3cb8ae8300a58.r2.dev/0ff1ff38-5b35-4a31-b3dd-5a041bc392c6.mp4", "score": 5, "estado": "coherente", "aoi": "Western Colombia", "mmi": 6.8, "mensaje": ""}}, {"type": "Feature", "geometry": {"type": "Point", "coordinates": [-76.122, 5.351]}, "properties": {"id": "367dc6d2-6da4-4b1c-ac4b-f2e06081c8a1", "time": "2026-08-13T09:46:28", "media": "https://pub-ca7861342f67400d94b3cb8ae8300a58.r2.dev/40cae3fe-fcc9-4302-839c-3dc7cea73315.mp4", "score": 4, "estado": "coherente", "aoi": null, "mmi": 6.1, "mensaje": ""}}, {"type": "Feature", "geometry": {"type": "Point", "coordinates": [-75.69, 4.8]}, "properties": {"id": "37175068-b7b3-48b6-aa90-e711e1c31070", "time": "2026-08-13T08:54:56", "media": "../data/media/70fb43a0-b5ba-4272-9475-85bab9693d9b.jpg", "score": 5, "estado": "coherente", "aoi": "Pereira", "mmi": 7.6, "mensaje": ""}}, {"type": "Feature", "geometry": {"type": "Point", "coordinates": [-75.706, 4.816]}, "properties": {"id": "38abf3fd-c9f1-4d8a-a15c-e5988cf18ffa", "time": "2026-08-14T14:38:00", "media": "../data/media/ef40ea93-e269-4943-9eef-8506a3a430be.jpg", "score": 5, "estado": "coherente", "aoi": "Pereira", "mmi": 7.5, "mensaje": ""}}, {"type": "Feature", "geometry": {"type": "Point", "coordinates": [-76.651, 5.681]}, "properties": {"id": "38b7bf3a-a084-4def-b3a7-ac70eb919f70", "time": "2026-08-14T19:47:00", "media": "../data/media/1615dd56-ecf3-4a7c-974b-b934abe8182e.jpg", "score": 5, "estado": "coherente", "aoi": "Quibdo Centre", "mmi": 7.5, "mensaje": ""}}, {"type": "Feature", "geometry": {"type": "Point", "coordinates": [-76.563, 3.41]}, "properties": {"id": "38bf54fa-cf7a-4cbf-826a-8c5ec059038b", "time": "2026-08-13T14:17:00", "media": "../data/media/8c2490ff-5aae-4e64-8490-d17d6d2e8c75.jpg", "score": 5, "estado": "coherente", "aoi": "Western Colombia", "mmi": 6.3, "mensaje": ""}}, {"type": "Feature", "geometry": {"type": "Point", "coordinates": [-76.125, 5.352]}, "properties": {"id": "38e342b0-e3e4-4677-86f9-4881c928a589", "time": "2026-08-13T10:15:09", "media": "../data/media/f0a85e14-b734-413a-a2b5-8dd58c6ac5c8.jpg", "score": 4, "estado": "coherente", "aoi": null, "mmi": 6.1, "mensaje": ""}}, {"type": "Feature", "geometry": {"type": "Point", "coordinates": [-76.439, 3.973]}, "properties": {"id": "3a598c6c-a21a-4dee-9dae-b670e91275d2", "time": "2026-08-12T17:55:00", "media": "../data/media/d977a61f-ca82-4d42-9b90-aa1ef90172ae.jpg", "score": 5, "estado": "coherente", "aoi": "Western Colombia", "mmi": 5.9, "mensaje": ""}}, {"type": "Feature", "geometry": {"type": "Point", "coordinates": [-76.439, 3.973]}, "properties": {"id": "3ad683c0-d0dd-4fa4-aa1d-32d8aa4e21e3", "time": "2026-08-12T17:56:00", "media": "../data/media/802f3b37-51c2-409b-9046-3bd1d594c91d.jpg", "score": 3, "estado": "coherente", "aoi": "Western Colombia", "mmi": 5.9, "mensaje": ""}}, {"type": "Feature", "geometry": {"type": "Point", "coordinates": [-75.688, 4.814]}, "properties": {"id": "3ae607db-8831-496b-9cda-ba5bd7925211", "time": "2026-08-20T17:47:00", "media": "../data/media/5f15f538-96bb-4e13-82d3-68e982bcf5a2.jpg", "score": 5, "estado": "coherente", "aoi": "Pereira", "mmi": 7.5, "mensaje": "IMG-20260820-WA0116.jpg (file attached)"}}, {"type": "Feature", "geometry": {"type": "Point", "coordinates": [-76.415, 5.412]}, "properties": {"id": "3b89cf28-5ddc-4d97-a360-38c6a27cca3e", "time": "2026-08-13T09:44:50", "media": "../data/media/27a01a57-cbaa-468b-9b4f-a38c9ad28524.jpg", "score": 4, "estado": "coherente", "aoi": null, "mmi": 6.8, "mensaje": ""}}, {"type": "Feature", "geometry": {"type": "Point", "coordinates": [-76.55, 3.409]}, "properties": {"id": "3bc77a73-0df2-4ccf-8041-325261496769", "time": "2026-08-10T18:10:00", "media": "../data/media/abfbd17a-6eba-4547-a3d1-692e920397c8.jpg", "score": 3, "estado": "coherente", "aoi": "Western Colombia", "mmi": 6.3, "mensaje": ""}}, {"type": "Feature", "geometry": {"type": "Point", "coordinates": [-75.693, 4.813]}, "properties": {"id": "3cbbb24e-ab66-4939-bd05-12558ef61b60", "time": "2026-08-13T14:22:00", "media": "../data/media/c52e04a3-b446-48fd-9a2e-3a8b8f5a10c6.jpg", "score": 5, "estado": "coherente", "aoi": "Pereira", "mmi": 7.5, "mensaje": ""}}, {"type": "Feature", "geometry": {"type": "Point", "coordinates": [-76.644, 5.687]}, "properties": {"id": "3cc1a7ce-c5aa-407f-b5eb-606b416e4e99", "time": "2026-08-13T13:16:00", "media": "https://pub-ca7861342f67400d94b3cb8ae8300a58.r2.dev/627cb272-5b43-471a-bb93-53d283fc2f1a.mp4", "score": 5, "estado": "coherente", "aoi": "Quibdo Centre", "mmi": 7.4, "mensaje": ""}}, {"type": "Feature", "geometry": {"type": "Point", "coordinates": [-75.69, 4.8]}, "properties": {"id": "3f61dc61-412a-433b-a816-0a7bb323a86e", "time": "2026-08-13T08:56:47", "media": "../data/media/4ca4e3bd-e186-492b-ad5f-7e1ce3f9e302.jpg", "score": 5, "estado": "coherente", "aoi": "Pereira", "mmi": 7.6, "mensaje": ""}}, {"type": "Feature", "geometry": {"type": "Point", "coordinates": [-76.545, 3.428]}, "properties": {"id": "40af8db0-545c-4ba8-bc68-c058fc5363a2", "time": "2026-08-11T18:06:00", "media": "../data/media/e5471d1b-f4ee-4359-bf08-32129337f597.jpg", "score": 5, "estado": "coherente", "aoi": "Western Colombia", "mmi": 6.3, "mensaje": ""}}, {"type": "Feature", "geometry": {"type": "Point", "coordinates": [-75.706, 4.813]}, "properties": {"id": "415d0b1c-9d1a-455e-ad85-cd74bec90150", "time": "2026-08-20T08:09:00", "media": "../data/media/71fe4391-7aa5-465c-8861-4cf858aab9f4.jpg", "score": 5, "estado": "coherente", "aoi": "Pereira", "mmi": 7.5, "mensaje": "IMG-20260819-WA0133.jpg (file attached)"}}, {"type": "Feature", "geometry": {"type": "Point", "coordinates": [-75.699, 4.815]}, "properties": {"id": "41bc4ff9-dd7f-4fbb-ba9c-f7891a744920", "time": "2026-08-14T19:47:00", "media": "../data/media/68827d5c-4f23-4062-b35b-17f3b6a07920.jpg", "score": 5, "estado": "coherente", "aoi": "Pereira", "mmi": 7.5, "mensaje": ""}}, {"type": "Feature", "geometry": {"type": "Point", "coordinates": [-75.662, 4.844]}, "properties": {"id": "41c899da-f53f-46c5-a152-232adfbdcbd1", "time": "2026-08-12T17:47:00", "media": "../data/media/0a15e349-bda9-4dcf-ae95-80b507687c16.jpg", "score": 5, "estado": "coherente", "aoi": "Western Colombia", "mmi": 7.3, "mensaje": ""}}, {"type": "Feature", "geometry": {"type": "Point", "coordinates": [-75.702, 4.795]}, "properties": {"id": "42370942-bd16-4cb2-ac99-78c50efee4f6", "time": "2026-08-14T19:47:00", "media": "../data/media/1bdf27c7-128e-44b6-a0c0-7795f2445b46.jpg", "score": 5, "estado": "coherente", "aoi": "Western Colombia", "mmi": 7.6, "mensaje": ""}}, {"type": "Feature", "geometry": {"type": "Point", "coordinates": [-76.533, 3.407]}, "properties": {"id": "4250d780-db24-4cd0-baf5-a6925112c79c", "time": "2026-08-11T13:02:00", "media": "../data/media/2e03c63c-e4f8-412d-8cfe-0ead11ae46a3.jpg", "score": 5, "estado": "coherente", "aoi": "Western Colombia", "mmi": 6.6, "mensaje": ""}}, {"type": "Feature", "geometry": {"type": "Point", "coordinates": [-76.486, 3.933]}, "properties": {"id": "426578db-74d1-4abf-993e-b6694c4b0d6c", "time": "2026-08-12T21:20:00", "media": "https://pub-ca7861342f67400d94b3cb8ae8300a58.r2.dev/170c8d27-d09f-45d8-9856-eb7879c4c87a.mp4", "score": 5, "estado": "coherente", "aoi": "Western Colombia", "mmi": 5.7, "mensaje": ""}}, {"type": "Feature", "geometry": {"type": "Point", "coordinates": [-75.488, 5.059]}, "properties": {"id": "4329d5d7-e18f-4077-a52e-9d5dfeaf9cb0", "time": "2026-08-10T20:04:00", "media": "../data/media/0220bd9f-9404-41c6-87b4-abb7256eb66e.jpg", "score": 5, "estado": "coherente", "aoi": "Western Colombia", "mmi": 6.4, "mensaje": ""}}, {"type": "Feature", "geometry": {"type": "Point", "coordinates": [-76.64, 5.678]}, "properties": {"id": "433e6628-d699-418a-8eea-445cd5eaf608", "time": "2026-08-14T14:38:00", "media": "https://pub-ca7861342f67400d94b3cb8ae8300a58.r2.dev/9e6730d8-32fb-4ad0-87aa-4ef6ebe055f5.mp4", "score": 4, "estado": "coherente", "aoi": null, "mmi": 7.4, "mensaje": ""}}, {"type": "Feature", "geometry": {"type": "Point", "coordinates": [-76.494, 3.01]}, "properties": {"id": "435db3e5-cecb-48a7-b80c-452d7fee5170", "time": "2026-08-10T16:23:00", "media": "../data/media/b79bba16-051f-432c-a4fb-9aa5bb7c6286.jpg", "score": 5, "estado": "coherente", "aoi": "Western Colombia", "mmi": 5.8, "mensaje": ""}}, {"type": "Feature", "geometry": {"type": "Point", "coordinates": [-76.661, 5.688]}, "properties": {"id": "43a54f5a-037e-4289-af9e-2a1d52f207c7", "time": "2026-08-13T09:47:43", "media": "../data/media/2341cd39-f96b-4f71-8856-c69e9ef9467c.jpg", "score": 5, "estado": "coherente", "aoi": "Quibdo Centre", "mmi": 7.5, "mensaje": ""}}, {"type": "Feature", "geometry": {"type": "Point", "coordinates": [-76.545, 3.428]}, "properties": {"id": "44a8397f-f2e6-454d-8c97-0aa06fc3a8cd", "time": "2026-08-11T11:44:38", "media": "../data/media/68e301be-9314-414c-b8d5-d30aac276970.jpg", "score": 5, "estado": "coherente", "aoi": "Western Colombia", "mmi": 6.3, "mensaje": ""}}, {"type": "Feature", "geometry": {"type": "Point", "coordinates": [-75.691, 4.797]}, "properties": {"id": "458f3ad9-abd4-42ea-8135-4cd483eaac72", "time": "2026-08-20T08:09:00", "media": "../data/media/5dd77933-bd4d-4dd3-a133-2e28771d7395.jpg", "score": 5, "estado": "coherente", "aoi": "Pereira", "mmi": 7.6, "mensaje": "IMG-20260819-WA0126.jpg (file attached)"}}, {"type": "Feature", "geometry": {"type": "Point", "coordinates": [-75.689, 4.813]}, "properties": {"id": "46461c28-1461-48fe-8202-7ee5107ccfed", "time": "2026-08-13T16:45:00", "media": "../data/media/04979669-ca20-46f7-8175-0bad1f44bfdd.jpg", "score": 5, "estado": "coherente", "aoi": "Pereira", "mmi": 7.5, "mensaje": ""}}, {"type": "Feature", "geometry": {"type": "Point", "coordinates": [-76.646, 5.688]}, "properties": {"id": "48007f47-bfa7-42c8-b1ef-37682653063b", "time": "2026-08-11T22:17:00", "media": "../data/media/894421ee-78ac-421e-8c6c-91b61b2929cf.jpg", "score": 5, "estado": "coherente", "aoi": "Quibdo Centre", "mmi": 7.4, "mensaje": ""}}, {"type": "Feature", "geometry": {"type": "Point", "coordinates": [-76.486, 3.932]}, "properties": {"id": "48848062-7f44-4300-87b8-cdb9ae6b5f65", "time": "2026-08-12T21:24:00", "media": "../data/media/f1ff227f-cdd1-47ba-89a5-7f5b61e3303d.jpg", "score": 5, "estado": "coherente", "aoi": "Western Colombia", "mmi": 5.7, "mensaje": ""}}, {"type": "Feature", "geometry": {"type": "Point", "coordinates": [-75.695, 4.81]}, "properties": {"id": "48dac89e-4ccf-4abe-92c1-dab95cc8e585", "time": "2026-08-13T13:46:00", "media": "../data/media/00dff027-d6bc-4ba5-9f75-3f8b7e76266d.jpg", "score": 5, "estado": "coherente", "aoi": "Pereira", "mmi": 7.5, "mensaje": ""}}, {"type": "Feature", "geometry": {"type": "Point", "coordinates": [-76.647, 5.685]}, "properties": {"id": "49748a1c-afd8-47ba-b8e4-2f3e32a0608a", "time": "2026-08-15T12:11:27", "media": "https://pub-ca7861342f67400d94b3cb8ae8300a58.r2.dev/51dcc496-00cb-43e1-833f-c9970a9957dd.mp4", "score": 5, "estado": "coherente", "aoi": "Quibdo Centre", "mmi": 7.5, "mensaje": ""}}, {"type": "Feature", "geometry": {"type": "Point", "coordinates": [-76.794, 4.73]}, "properties": {"id": "4b2047ad-f11a-4b26-b83e-ce1b41ee89fd", "time": "2026-08-10T17:31:00", "media": "../data/media/52a2db00-cd29-4040-81cc-36ee38042eaa.jpg", "score": 5, "estado": "coherente", "aoi": "Western Colombia", "mmi": 6.8, "mensaje": ""}}, {"type": "Feature", "geometry": {"type": "Point", "coordinates": [-76.544, 3.393]}, "properties": {"id": "4ceb0bfa-f020-4b63-aa00-bb2f825cdaee", "time": "2026-08-10T15:23:00", "media": "../data/media/4993dfe7-1090-4979-ae93-79248bca667f.jpg", "score": 5, "estado": "coherente", "aoi": "Western Colombia", "mmi": 6.4, "mensaje": ""}}, {"type": "Feature", "geometry": {"type": "Point", "coordinates": [-75.697, 4.806]}, "properties": {"id": "4d32bac1-fd43-4778-ae98-92312e305b63", "time": "2026-08-14T19:47:00", "media": "../data/media/08049f44-5fcc-4a19-b4f6-06fb805c8ddb.jpg", "score": 5, "estado": "coherente", "aoi": "Pereira", "mmi": 7.6, "mensaje": ""}}, {"type": "Feature", "geometry": {"type": "Point", "coordinates": [-76.972, 7.158]}, "properties": {"id": "4d59063d-d9ba-4b49-a082-9316f980c296", "time": "2026-08-12T21:27:00", "media": "../data/media/cb2cd0bd-0402-473e-9d34-6be0d6cbfead.jpg", "score": 4, "estado": "coherente", "aoi": null, "mmi": 5.2, "mensaje": ""}}, {"type": "Feature", "geometry": {"type": "Point", "coordinates": [-75.699, 4.811]}, "properties": {"id": "4ea8989b-709c-44fa-96cd-a689541a55a8", "time": "2026-08-18T18:50:00", "media": "../data/media/1862adc6-91ac-495d-a361-784fafeee5af.jpg", "score": 5, "estado": "coherente", "aoi": "Pereira", "mmi": 7.5, "mensaje": "IMG-20260818-WA0214.jpg (file attached)"}}, {"type": "Feature", "geometry": {"type": "Point", "coordinates": [-75.658, 4.55]}, "properties": {"id": "4f00e3f3-2523-44a5-8895-947d28b2ebe5", "time": "2026-08-10T15:12:00", "media": "../data/media/c3e9e922-18b6-407b-99d6-439e9f7776a1.jpg", "score": 5, "estado": "coherente", "aoi": "Western Colombia", "mmi": 7.1, "mensaje": ""}}, {"type": "Feature", "geometry": {"type": "Point", "coordinates": [-75.75, 4.801]}, "properties": {"id": "5069a650-8570-41c0-aa62-f24afadca9f2", "time": "2026-08-20T08:09:00", "media": "../data/media/3b44eff7-54e7-4b15-8b2d-3b83d4972ced.jpg", "score": 5, "estado": "coherente", "aoi": "Western Colombia", "mmi": 7.7, "mensaje": "IMG-20260819-WA0136.jpg (file attached)"}}, {"type": "Feature", "geometry": {"type": "Point", "coordinates": [-75.739, 4.805]}, "properties": {"id": "51a01b7e-fc19-45b4-98d3-bc9fb9bbdf0b", "time": "2026-08-15T08:39:40", "media": "../data/media/cf8cb596-e3f8-4075-b154-0489c1741b31.jpg", "score": 5, "estado": "coherente", "aoi": "Western Colombia", "mmi": 7.7, "mensaje": ""}}, {"type": "Feature", "geometry": {"type": "Point", "coordinates": [-76.487, 3.932]}, "properties": {"id": "51c62d29-b746-4bd7-a905-a4cc986dbd50", "time": "2026-08-12T21:48:00", "media": "", "score": 3, "estado": "coherente", "aoi": "Western Colombia", "mmi": 5.7, "mensaje": ""}}, {"type": "Feature", "geometry": {"type": "Point", "coordinates": [-76.609, 4.957]}, "properties": {"id": "51d954fa-1d30-42d2-8f33-a08f9854a128", "time": "2026-08-11T16:42:00", "media": "../data/media/133bc22b-d67a-44a6-b732-40b63aa3a226.jpg", "score": 5, "estado": "coherente", "aoi": "Western Colombia", "mmi": 6.8, "mensaje": ""}}, {"type": "Feature", "geometry": {"type": "Point", "coordinates": [-76.487, 3.932]}, "properties": {"id": "521766dc-0258-4d98-9f47-38e28a900291", "time": "2026-08-12T21:29:00", "media": "../data/media/d1eefdea-a405-471c-b227-852e3f473070.jpg", "score": 5, "estado": "coherente", "aoi": "Western Colombia", "mmi": 5.7, "mensaje": ""}}, {"type": "Feature", "geometry": {"type": "Point", "coordinates": [-75.488, 5.059]}, "properties": {"id": "523d059c-74c8-4d8e-aaed-ce9d1dd4953b", "time": "2026-08-10T15:53:00", "media": "../data/media/5e9a413c-8f19-4460-a15b-6398e3184869.jpg", "score": 5, "estado": "coherente", "aoi": "Western Colombia", "mmi": 6.4, "mensaje": ""}}, {"type": "Feature", "geometry": {"type": "Point", "coordinates": [-75.698, 4.804]}, "properties": {"id": "525a3e6e-c8b6-4a76-b010-06ea5af83672", "time": "2026-08-13T18:24:00", "media": "../data/media/f5fa514c-8702-4b1b-9bab-f569a3bdfa1f.jpg", "score": 5, "estado": "coherente", "aoi": "Pereira", "mmi": 7.6, "mensaje": ""}}, {"type": "Feature", "geometry": {"type": "Point", "coordinates": [-75.696, 4.814]}, "properties": {"id": "52903542-8c56-403c-a947-ce7916b34b45", "time": "2026-08-20T17:47:00", "media": "../data/media/983ff419-610b-449f-8afd-8dc7099ae3f3.jpg", "score": 5, "estado": "coherente", "aoi": "Pereira", "mmi": 7.5, "mensaje": "IMG-20260820-WA0029.jpg (file attached)"}}, {"type": "Feature", "geometry": {"type": "Point", "coordinates": [-76.528, 3.407]}, "properties": {"id": "52fdf9c2-4670-4519-82f1-5e791dca49d1", "time": "2026-08-11T11:50:50", "media": "../data/media/efe921cc-33a1-4bad-b692-2b3ae18b5204.jpg", "score": 5, "estado": "coherente", "aoi": "Western Colombia", "mmi": 6.6, "mensaje": ""}}, {"type": "Feature", "geometry": {"type": "Point", "coordinates": [-75.829, 4.332]}, "properties": {"id": "53718512-546b-4be3-b65f-aad3b65eade9", "time": "2026-08-11T13:56:00", "media": "../data/media/979aebf5-f132-4ddb-8829-382cf29bc962.jpg", "score": 5, "estado": "coherente", "aoi": "Western Colombia", "mmi": 6.8, "mensaje": ""}}, {"type": "Feature", "geometry": {"type": "Point", "coordinates": [-75.829, 4.335]}, "properties": {"id": "5378da08-2b8c-4e76-b7e6-03bdb066fc97", "time": "2026-08-11T16:23:00", "media": "../data/media/b1eae47b-922d-4754-9e30-be91615946b6.jpg", "score": 5, "estado": "coherente", "aoi": "Western Colombia", "mmi": 6.8, "mensaje": ""}}, {"type": "Feature", "geometry": {"type": "Point", "coordinates": [-76.155, 4.41]}, "properties": {"id": "538c935a-5c65-4697-82e9-dcccef2d389a", "time": "2026-08-11T21:33:00", "media": "../data/media/37944517-fd41-4fa5-9747-c79449d12488.jpg", "score": 5, "estado": "coherente", "aoi": "Western Colombia", "mmi": 7.4, "mensaje": ""}}, {"type": "Feature", "geometry": {"type": "Point", "coordinates": [-76.303, 3.504]}, "properties": {"id": "53c3418b-6956-49cc-a544-bc42fa83a0f7", "time": "2026-08-12T17:42:00", "media": "https://pub-ca7861342f67400d94b3cb8ae8300a58.r2.dev/a831fdb1-14c6-4f10-9233-c734b301d7e6.mp4", "score": 5, "estado": "coherente", "aoi": "Western Colombia", "mmi": 6.3, "mensaje": ""}}, {"type": "Feature", "geometry": {"type": "Point", "coordinates": [-76.486, 3.933]}, "properties": {"id": "53c35172-c472-4578-b0d0-952357472a4b", "time": "2026-08-12T21:17:00", "media": "https://pub-ca7861342f67400d94b3cb8ae8300a58.r2.dev/971a9efb-6e8e-40f4-bd5c-6f9624720927.mp4", "score": 5, "estado": "coherente", "aoi": "Western Colombia", "mmi": 5.7, "mensaje": ""}}, {"type": "Feature", "geometry": {"type": "Point", "coordinates": [-75.74, 4.805]}, "properties": {"id": "53d8ded6-9514-47ce-abc5-8f6272ee34fe", "time": "2026-08-15T08:39:40", "media": "../data/media/a3075577-0196-469b-be03-f7dcda285886.jpg", "score": 5, "estado": "coherente", "aoi": "Western Colombia", "mmi": 7.7, "mensaje": ""}}, {"type": "Feature", "geometry": {"type": "Point", "coordinates": [-76.643, 5.698]}, "properties": {"id": "54571372-3428-432b-baaa-ec5fdaab8318", "time": "2026-08-14T14:38:00", "media": "../data/media/4b3195fe-1198-4822-8d79-03800cc13477.jpg", "score": 4, "estado": "coherente", "aoi": null, "mmi": 7.4, "mensaje": ""}}, {"type": "Feature", "geometry": {"type": "Point", "coordinates": [-76.648, 5.68]}, "properties": {"id": "5476a829-fb1e-489d-89c6-84b2af186d7a", "time": "2026-08-14T19:47:00", "media": "../data/media/5fc77141-b6ef-427a-bf03-c9e7dd9c85cd.jpg", "score": 5, "estado": "coherente", "aoi": "Quibdo Centre", "mmi": 7.5, "mensaje": ""}}, {"type": "Feature", "geometry": {"type": "Point", "coordinates": [-76.521, 3.429]}, "properties": {"id": "56fd02e5-e3a7-496f-bcd8-3706246a2a54", "time": "2026-08-11T19:43:00", "media": "../data/media/54856bd5-287d-47e7-a263-8bce58db4067.jpg", "score": 5, "estado": "coherente", "aoi": "Western Colombia", "mmi": 6.6, "mensaje": ""}}, {"type": "Feature", "geometry": {"type": "Point", "coordinates": [-75.829, 4.332]}, "properties": {"id": "576bd998-fad3-49c0-9aba-69ccad124349", "time": "2026-08-11T14:56:00", "media": "../data/media/f4615c24-abab-4a18-89ef-e03c5c8eb53a.jpg", "score": 5, "estado": "coherente", "aoi": "Western Colombia", "mmi": 6.8, "mensaje": ""}}, {"type": "Feature", "geometry": {"type": "Point", "coordinates": [-76.486, 3.933]}, "properties": {"id": "58219ac2-a3ee-465d-b942-5fecab047ac7", "time": "2026-08-12T21:21:00", "media": "https://pub-ca7861342f67400d94b3cb8ae8300a58.r2.dev/c9863db3-ffb7-4c42-886c-c911a59f11bb.mp4", "score": 5, "estado": "coherente", "aoi": "Western Colombia", "mmi": 5.7, "mensaje": ""}}, {"type": "Feature", "geometry": {"type": "Point", "coordinates": [-75.691, 4.817]}, "properties": {"id": "584c0f7c-6bb4-4673-a60c-5313aa518f1f", "time": "2026-08-15T21:15:00", "media": "../data/media/a99c4362-af94-461f-8a7d-866dc01bb24c.jpg", "score": 5, "estado": "coherente", "aoi": "Pereira", "mmi": 7.5, "mensaje": "<attached: 00000005-PHOTO-2026-08-15-21-15-56.jpg>"}}, {"type": "Feature", "geometry": {"type": "Point", "coordinates": [-75.691, 4.803]}, "properties": {"id": "589a4f17-a58a-4096-ab8f-5d47950f7db3", "time": "2026-08-20T08:09:00", "media": "../data/media/4132de1f-65d3-4726-a018-087a75833044.jpg", "score": 5, "estado": "coherente", "aoi": "Pereira", "mmi": 7.6, "mensaje": "IMG-20260819-WA0127.jpg (file attached)"}}, {"type": "Feature", "geometry": {"type": "Point", "coordinates": [-76.609, 2.437]}, "properties": {"id": "58fa4102-d3e8-43f7-99d8-43a2b69905ac", "time": "2026-08-14T14:38:00", "media": "../data/media/b4fb3dda-da20-44ee-bf93-9b3ce07e6893.jpg", "score": 4, "estado": "coherente", "aoi": "Western Colombia", "mmi": 4.9, "mensaje": ""}}, {"type": "Feature", "geometry": {"type": "Point", "coordinates": [-76.647, 5.686]}, "properties": {"id": "599e1b74-eb8f-469a-96ea-c72af2d829fb", "time": "2026-08-11T20:36:00", "media": "../data/media/ca71ba0f-9e1c-47ee-9472-538173c48587.jpg", "score": 5, "estado": "coherente", "aoi": "Quibdo Centre", "mmi": 7.5, "mensaje": ""}}, {"type": "Feature", "geometry": {"type": "Point", "coordinates": [-76.537, 3.408]}, "properties": {"id": "5aaad15e-cd61-4325-890e-390fe6e161df", "time": "2026-08-20T17:47:00", "media": "../data/media/3a9d4dbb-3f43-40bf-9ee0-40b0b0249676.jpg", "score": 5, "estado": "coherente", "aoi": "Western Colombia", "mmi": 6.6, "mensaje": "IMG-20260820-WA0101.jpg (file attached)"}}, {"type": "Feature", "geometry": {"type": "Point", "coordinates": [-75.83, 4.34]}, "properties": {"id": "5aeffa45-461a-4ea6-bb24-b7025d1cb42f", "time": "2026-08-11T15:54:00", "media": "../data/media/c660985d-cfb0-4339-a65c-fe5df07fbb19.jpg", "score": 5, "estado": "coherente", "aoi": "Western Colombia", "mmi": 7.1, "mensaje": ""}}, {"type": "Feature", "geometry": {"type": "Point", "coordinates": [-75.67, 4.836]}, "properties": {"id": "5b095c4c-9f0a-4ce9-bee4-41162f9ea5e7", "time": "2026-08-13T13:01:00", "media": "../data/media/093409f4-dfa8-432c-a8e3-5a293403500d.jpg", "score": 5, "estado": "coherente", "aoi": "Western Colombia", "mmi": 7.3, "mensaje": ""}}, {"type": "Feature", "geometry": {"type": "Point", "coordinates": [-76.644, 5.687]}, "properties": {"id": "5b27da5d-c68d-43b7-a970-fc224412594c", "time": "2026-08-13T13:16:00", "media": "../data/media/d7f519b1-1a1f-4fc1-b2b3-5125ac97492c.jpg", "score": 5, "estado": "coherente", "aoi": "Quibdo Centre", "mmi": 7.4, "mensaje": ""}}, {"type": "Feature", "geometry": {"type": "Point", "coordinates": [-75.703, 4.812]}, "properties": {"id": "5bde31b7-50ea-4637-b9b9-ebac2c7292f7", "time": "2026-08-18T18:50:00", "media": "../data/media/9b20e497-7561-48f1-ac90-4b42ef946fb9.jpg", "score": 5, "estado": "coherente", "aoi": "Pereira", "mmi": 7.5, "mensaje": "IMG-20260818-WA0201.jpg (file attached)"}}, {"type": "Feature", "geometry": {"type": "Point", "coordinates": [-75.699, 4.811]}, "properties": {"id": "5cadc367-d804-445a-a410-2f241521a31f", "time": "2026-08-18T18:50:00", "media": "../data/media/e33a49b5-75da-4472-895e-2ff6e64121c7.jpg", "score": 5, "estado": "coherente", "aoi": "Pereira", "mmi": 7.5, "mensaje": "IMG-20260818-WA0210.jpg (file attached)"}}, {"type": "Feature", "geometry": {"type": "Point", "coordinates": [-75.691, 4.81]}, "properties": {"id": "5cd57d9e-695b-45a8-b396-938a26cc31ac", "time": "2026-08-11T13:53:00", "media": "../data/media/9f7c499c-2c87-4e88-bc57-3c226c2ebc61.jpg", "score": 5, "estado": "coherente", "aoi": "Pereira", "mmi": 7.5, "mensaje": ""}}, {"type": "Feature", "geometry": {"type": "Point", "coordinates": [-76.548, 3.413]}, "properties": {"id": "5d086eaa-dac3-48b0-8aa7-ec8953996972", "time": "2026-08-12T20:52:00", "media": "../data/media/56c44233-c19f-49e5-948e-a2207584148d.jpg", "score": 5, "estado": "coherente", "aoi": "Western Colombia", "mmi": 6.3, "mensaje": ""}}, {"type": "Feature", "geometry": {"type": "Point", "coordinates": [-75.688, 4.812]}, "properties": {"id": "5d3f0344-3878-439f-816f-dadd3b6ded46", "time": "2026-08-13T13:22:00", "media": "../data/media/5cd74698-917e-400e-9578-09fd231c4166.jpg", "score": 5, "estado": "coherente", "aoi": "Pereira", "mmi": 7.5, "mensaje": ""}}, {"type": "Feature", "geometry": {"type": "Point", "coordinates": [-75.667, 4.834]}, "properties": {"id": "5d8bbfda-693b-40f1-a8ea-9329b648922f", "time": "2026-08-14T10:52:34", "media": "../data/media/fec1b85b-8288-4851-9c08-09267d153fcd.jpg", "score": 5, "estado": "coherente", "aoi": "Western Colombia", "mmi": 7.3, "mensaje": ""}}, {"type": "Feature", "geometry": {"type": "Point", "coordinates": [-75.679, 4.829]}, "properties": {"id": "5e8e5766-f141-4ca9-9254-b9a97cb7eee6", "time": "2026-08-20T17:47:00", "media": "../data/media/446f2592-122b-4d20-9446-c6ea6f55c005.jpg", "score": 5, "estado": "coherente", "aoi": "Western Colombia", "mmi": 7.5, "mensaje": "IMG-20260820-WA0114.jpg (file attached)"}}, {"type": "Feature", "geometry": {"type": "Point", "coordinates": [-76.553, 3.408]}, "properties": {"id": "5f62b21c-d7ea-4810-b033-0e6b3e00bb4e", "time": "2026-08-13T14:19:00", "media": "../data/media/c16ea50f-30af-456c-8002-64dba22492bd.jpg", "score": 3, "estado": "coherente", "aoi": "Western Colombia", "mmi": 6.3, "mensaje": ""}}, {"type": "Feature", "geometry": {"type": "Point", "coordinates": [-75.83, 4.334]}, "properties": {"id": "6014448e-2625-4e81-b334-a1e1ac8b4e8d", "time": "2026-08-11T14:11:00", "media": "../data/media/41537b70-be1a-4472-87d8-666e14ddaf7a.jpg", "score": 5, "estado": "coherente", "aoi": "Western Colombia", "mmi": 6.8, "mensaje": ""}}, {"type": "Feature", "geometry": {"type": "Point", "coordinates": [-75.57, 6.261]}, "properties": {"id": "6086fca1-0be5-4b91-a9c1-54da8aeeb9ce", "time": "2026-08-13T14:00:00", "media": "https://pub-ca7861342f67400d94b3cb8ae8300a58.r2.dev/4773223d-df00-4e92-99f1-1bcde9e90b50.mp4", "score": 3, "estado": "coherente", "aoi": null, "mmi": 4.8, "mensaje": ""}}, {"type": "Feature", "geometry": {"type": "Point", "coordinates": [-76.545, 3.391]}, "properties": {"id": "60e38387-02fb-4f21-a514-9c4c8f2635aa", "time": "2026-08-13T14:06:00", "media": "../data/media/77f64744-093b-4616-a396-7616c84fda0a.jpg", "score": 5, "estado": "coherente", "aoi": "Western Colombia", "mmi": 6.4, "mensaje": ""}}, {"type": "Feature", "geometry": {"type": "Point", "coordinates": [-76.195, 4.115]}, "properties": {"id": "61175444-e384-4cd5-bfc9-dfae1ce613ba", "time": "2026-08-10T19:34:00", "media": "../data/media/c69bfc0b-222f-488e-b18e-70698faa6682.jpg", "score": 5, "estado": "coherente", "aoi": "Western Colombia", "mmi": 7.2, "mensaje": ""}}, {"type": "Feature", "geometry": {"type": "Point", "coordinates": [-77.024, 3.882]}, "properties": {"id": "613fd71d-ddc7-4c78-a1d8-6a41f4ff0663", "time": "2026-08-11T22:32:00", "media": "https://pub-ca7861342f67400d94b3cb8ae8300a58.r2.dev/18928f89-c2d8-413c-9052-1830ddca01db.mp4", "score": 5, "estado": "coherente", "aoi": "Buenaventura", "mmi": 7.2, "mensaje": ""}}, {"type": "Feature", "geometry": {"type": "Point", "coordinates": [-76.549, 3.406]}, "properties": {"id": "61d42718-ceaf-4c1a-b8cd-d9d7c828906c", "time": "2026-08-13T19:52:00", "media": "../data/media/8d7be662-280c-4947-b024-57c6f85ad45b.jpg", "score": 5, "estado": "coherente", "aoi": "Western Colombia", "mmi": 6.3, "mensaje": ""}}, {"type": "Feature", "geometry": {"type": "Point", "coordinates": [-76.486, 3.933]}, "properties": {"id": "61fb99f4-55d2-4eff-aba1-325213c1f61e", "time": "2026-08-12T21:16:00", "media": "https://pub-ca7861342f67400d94b3cb8ae8300a58.r2.dev/cc92e869-00e5-440a-978b-29997331ac9b.mp4", "score": 3, "estado": "coherente", "aoi": "Western Colombia", "mmi": 5.7, "mensaje": ""}}, {"type": "Feature", "geometry": {"type": "Point", "coordinates": [-75.83, 4.335]}, "properties": {"id": "63620801-0be2-4647-aae8-91c1ec59e337", "time": "2026-08-11T14:14:00", "media": "../data/media/ea452383-eabe-45d9-bd50-4e787b6b9abe.jpg", "score": 5, "estado": "coherente", "aoi": "Western Colombia", "mmi": 6.8, "mensaje": ""}}, {"type": "Feature", "geometry": {"type": "Point", "coordinates": [-76.155, 4.41]}, "properties": {"id": "6412bbfb-d4d5-4e6e-912d-4c9af5d3dbe2", "time": "2026-08-13T17:10:00", "media": "https://pub-ca7861342f67400d94b3cb8ae8300a58.r2.dev/0add867d-d89c-4f8c-b9c3-79e53eb8bc30.mp4", "score": 5, "estado": "coherente", "aoi": "Western Colombia", "mmi": 7.4, "mensaje": ""}}, {"type": "Feature", "geometry": {"type": "Point", "coordinates": [-75.574, 6.242]}, "properties": {"id": "6442bc92-e378-475b-8b8a-b5d77b06fe73", "time": "2026-08-10T23:14:00", "media": "../data/media/10b729c2-fc8f-4888-ba60-3b810da581f6.jpg", "score": 4, "estado": "coherente", "aoi": null, "mmi": 5.1, "mensaje": ""}}, {"type": "Feature", "geometry": {"type": "Point", "coordinates": [-75.71, 4.808]}, "properties": {"id": "644a40f0-7a1e-40c7-bc26-45b22c009dd9", "time": "2026-08-15T21:15:00", "media": "../data/media/e978a7a4-397c-4b43-a922-8c28bd668e60.jpg", "score": 5, "estado": "coherente", "aoi": "Western Colombia", "mmi": 7.4, "mensaje": "<attached: 00000006-PHOTO-2026-08-15-21-15-56.jpg>"}}, {"type": "Feature", "geometry": {"type": "Point", "coordinates": [-76.041, 4.911]}, "properties": {"id": "64662336-c89d-45c9-bfbe-35286170aa69", "time": "2026-08-14T14:38:00", "media": "../data/media/e28cdc97-caf6-49ae-ac45-a04bb32fd287.jpg", "score": 3, "estado": "coherente", "aoi": "Western Colombia", "mmi": 6.5, "mensaje": ""}}, {"type": "Feature", "geometry": {"type": "Point", "coordinates": [-77.052, 3.886]}, "properties": {"id": "64671d7f-f43e-4d5a-88bf-02e17a07e240", "time": "2026-08-11T22:30:00", "media": "https://pub-ca7861342f67400d94b3cb8ae8300a58.r2.dev/90a2e539-deb5-4379-944c-a9cdfb085a30.mp4", "score": 5, "estado": "coherente", "aoi": "Buenaventura", "mmi": 6.9, "mensaje": ""}}, {"type": "Feature", "geometry": {"type": "Point", "coordinates": [-76.656, 5.682]}, "properties": {"id": "64e69174-4bb3-48bb-af5a-95652d0b351e", "time": "2026-08-14T19:47:00", "media": "../data/media/62cb1344-c643-4943-a454-614b2a9f4160.jpg", "score": 5, "estado": "coherente", "aoi": "Quibdo Centre", "mmi": 7.5, "mensaje": ""}}, {"type": "Feature", "geometry": {"type": "Point", "coordinates": [-76.543, 3.393]}, "properties": {"id": "64e993dd-c15c-432d-8854-c2b602746573", "time": "2026-08-11T11:42:15", "media": "../data/media/e5a3abdb-cb6d-4652-8f35-05d00c428d77.jpg", "score": 5, "estado": "coherente", "aoi": "Western Colombia", "mmi": 6.4, "mensaje": ""}}, {"type": "Feature", "geometry": {"type": "Point", "coordinates": [-75.694, 4.809]}, "properties": {"id": "659dcec3-e9a7-4646-a362-75b2648e09ab", "time": "2026-08-13T13:21:00", "media": "../data/media/8e63a27d-57fa-47ce-908a-e3b2e5ead5c7.jpg", "score": 5, "estado": "coherente", "aoi": "Pereira", "mmi": 7.5, "mensaje": ""}}, {"type": "Feature", "geometry": {"type": "Point", "coordinates": [-75.694, 4.814]}, "properties": {"id": "65a29328-bb2b-418d-831e-5685662608f0", "time": "2026-08-13T14:24:00", "media": "../data/media/74b63c4c-65b8-4cf9-8892-8ba4304cc14b.jpg", "score": 5, "estado": "coherente", "aoi": "Pereira", "mmi": 7.5, "mensaje": ""}}, {"type": "Feature", "geometry": {"type": "Point", "coordinates": [-76.631, 5.683]}, "properties": {"id": "669b5ff2-2242-4cb9-965e-983f078b4b31", "time": "2026-08-11T18:05:00", "media": "../data/media/a2129dd2-fa48-447c-a9b6-f05c5a6565a5.jpg", "score": 4, "estado": "coherente", "aoi": null, "mmi": 7.4, "mensaje": ""}}, {"type": "Feature", "geometry": {"type": "Point", "coordinates": [-75.697, 4.807]}, "properties": {"id": "66db5c4c-ede1-417e-b108-e77452114d73", "time": "2026-08-11T16:12:00", "media": "../data/media/54175072-5234-4042-a867-7d4c418d81b2.jpg", "score": 5, "estado": "coherente", "aoi": "Pereira", "mmi": 7.5, "mensaje": ""}}, {"type": "Feature", "geometry": {"type": "Point", "coordinates": [-75.694, 4.817]}, "properties": {"id": "67630334-fba6-4372-a634-fdb55aba30b3", "time": "2026-08-20T17:47:00", "media": "../data/media/f3529f1b-2110-4169-a56b-194bc8bd7f9b.jpg", "score": 5, "estado": "coherente", "aoi": "Pereira", "mmi": 7.5, "mensaje": "IMG-20260820-WA0091.jpg (file attached)"}}, {"type": "Feature", "geometry": {"type": "Point", "coordinates": [-75.485, 5.055]}, "properties": {"id": "694f939a-18a3-4c8c-8bd0-7d76d6aa3c20", "time": "2026-08-10T20:36:00", "media": "../data/media/693ede64-2ab7-47c0-aeeb-6133df53036a.jpg", "score": 5, "estado": "coherente", "aoi": "Western Colombia", "mmi": 6.5, "mensaje": ""}}, {"type": "Feature", "geometry": {"type": "Point", "coordinates": [-75.695, 4.81]}, "properties": {"id": "6959095e-df6c-43a4-bdfa-f54f5740a808", "time": "2026-08-13T13:48:00", "media": "../data/media/dbbad1cb-51e5-4544-8be7-2ec7ff5ef2e7.jpg", "score": 5, "estado": "coherente", "aoi": "Pereira", "mmi": 7.5, "mensaje": ""}}, {"type": "Feature", "geometry": {"type": "Point", "coordinates": [-76.662, 5.69]}, "properties": {"id": "6a5d318e-5c84-49a9-896d-9234a5d3789e", "time": "2026-08-12T23:08:00", "media": "../data/media/32708149-ab78-4e20-b167-e167831d6e27.jpg", "score": 5, "estado": "coherente", "aoi": "Quibdo Centre", "mmi": 7.5, "mensaje": ""}}, {"type": "Feature", "geometry": {"type": "Point", "coordinates": [-76.122, 5.351]}, "properties": {"id": "6bc556a9-2550-4d06-ae3d-cf5f4a616e00", "time": "2026-08-13T09:45:39", "media": "../data/media/bb3dcc17-56ec-4265-8f0e-45ef12762302.jpg", "score": 2, "estado": "recibido", "aoi": null, "mmi": 6.1, "mensaje": ""}}, {"type": "Feature", "geometry": {"type": "Point", "coordinates": [-76.487, 3.932]}, "properties": {"id": "6bed0151-d38e-408b-95c1-d3daff3f36e7", "time": "2026-08-12T21:45:00", "media": "../data/media/b7997d7c-9d67-45d3-9c32-456f4865556f.jpg", "score": 5, "estado": "coherente", "aoi": "Western Colombia", "mmi": 5.7, "mensaje": ""}}, {"type": "Feature", "geometry": {"type": "Point", "coordinates": [-73.259, 10.469]}, "properties": {"id": "6bf29d63-8063-4b1b-8656-5d0b1566ce34", "time": "2026-08-12T17:40:00", "media": "https://pub-ca7861342f67400d94b3cb8ae8300a58.r2.dev/21c80697-de79-4117-b484-3f8d852fc7cd.mp4", "score": 3, "estado": "coherente", "aoi": null, "mmi": null, "mensaje": ""}}, {"type": "Feature", "geometry": {"type": "Point", "coordinates": [-76.643, 5.698]}, "properties": {"id": "6c0fd695-536e-4330-930b-9726ae03b149", "time": "2026-08-14T14:38:00", "media": "../data/media/8e5637af-e170-451d-b39e-5230f179962c.jpg", "score": 4, "estado": "coherente", "aoi": null, "mmi": 7.4, "mensaje": ""}}, {"type": "Feature", "geometry": {"type": "Point", "coordinates": [-76.972, 7.158]}, "properties": {"id": "6c9943f5-2d5a-46ee-a331-6c33e07da405", "time": "2026-08-12T21:26:00", "media": "../data/media/84d0689a-af5a-4b6e-8446-002ed2a8b400.jpg", "score": 4, "estado": "coherente", "aoi": null, "mmi": 5.2, "mensaje": ""}}, {"type": "Feature", "geometry": {"type": "Point", "coordinates": [-76.658, 5.692]}, "properties": {"id": "6d8ce242-c51c-4036-ae82-cb921dedc3ac", "time": "2026-08-14T19:47:00", "media": "../data/media/aa37a2e1-1507-48b8-a8cf-2798572adde6.jpg", "score": 5, "estado": "coherente", "aoi": "Quibdo Centre", "mmi": 7.5, "mensaje": ""}}, {"type": "Feature", "geometry": {"type": "Point", "coordinates": [-75.702, 4.811]}, "properties": {"id": "6d98517b-1a2b-4b92-86ee-fe51875d1024", "time": "2026-08-18T18:50:00", "media": "../data/media/a92de357-8b73-4e7f-8164-120ce062a86c.jpg", "score": 5, "estado": "coherente", "aoi": "Pereira", "mmi": 7.5, "mensaje": "IMG-20260818-WA0204.jpg (file attached)"}}, {"type": "Feature", "geometry": {"type": "Point", "coordinates": [-75.695, 4.815]}, "properties": {"id": "6d9f40d4-dd55-4f59-83a1-e414324035e8", "time": "2026-08-13T14:38:00", "media": "../data/media/3ecc11d8-6e18-447d-9e5e-eb53589d9187.jpg", "score": 5, "estado": "coherente", "aoi": "Pereira", "mmi": 7.5, "mensaje": ""}}, {"type": "Feature", "geometry": {"type": "Point", "coordinates": [-76.439, 3.973]}, "properties": {"id": "6e034f51-42aa-4c7e-bb69-5bfb3f23269c", "time": "2026-08-12T17:53:00", "media": "../data/media/deb8a53f-c9ab-46b5-a37b-918db21630e1.jpg", "score": 3, "estado": "coherente", "aoi": "Western Colombia", "mmi": 5.9, "mensaje": ""}}, {"type": "Feature", "geometry": {"type": "Point", "coordinates": [-76.65, 5.681]}, "properties": {"id": "6f2e0137-f612-4ee1-8fc8-205fdde5a5c7", "time": "2026-08-11T20:54:00", "media": "../data/media/13553c51-bffd-4a21-8b31-ea4d3043330b.jpg", "score": 5, "estado": "coherente", "aoi": "Quibdo Centre", "mmi": 7.5, "mensaje": ""}}, {"type": "Feature", "geometry": {"type": "Point", "coordinates": [-76.487, 3.932]}, "properties": {"id": "6f6ff515-3855-4629-a732-ab81ffa2b931", "time": "2026-08-12T21:47:00", "media": "../data/media/0fc1d033-9265-4388-a683-bb7871a222f5.jpg", "score": 5, "estado": "coherente", "aoi": "Western Colombia", "mmi": 5.7, "mensaje": ""}}, {"type": "Feature", "geometry": {"type": "Point", "coordinates": [-76.303, 3.504]}, "properties": {"id": "6fa57444-21fb-4ed1-a464-171bf96018a0", "time": "2026-08-12T17:44:00", "media": "https://pub-ca7861342f67400d94b3cb8ae8300a58.r2.dev/643fc510-2401-4b87-9d77-64ed88bcbb7d.mp4", "score": 5, "estado": "coherente", "aoi": "Western Colombia", "mmi": 6.3, "mensaje": ""}}, {"type": "Feature", "geometry": {"type": "Point", "coordinates": [-75.933, 4.265]}, "properties": {"id": "6fd478ad-6ac9-4d60-8915-b1566b515883", "time": "2026-08-14T19:47:00", "media": "../data/media/96805721-6b4b-44a0-af56-edd5cd85b6f2.jpg", "score": 5, "estado": "coherente", "aoi": "Western Colombia", "mmi": 6.6, "mensaje": ""}}, {"type": "Feature", "geometry": {"type": "Point", "coordinates": [-76.536, 3.407]}, "properties": {"id": "7106eb91-7853-4721-a29e-a78818c3cf2d", "time": "2026-08-20T17:47:00", "media": "../data/media/bfc46958-8d9a-4dc4-9c5d-79a80d3f7b54.jpg", "score": 5, "estado": "coherente", "aoi": "Western Colombia", "mmi": 6.6, "mensaje": "IMG-20260820-WA0100.jpg (file attached)"}}, {"type": "Feature", "geometry": {"type": "Point", "coordinates": [-76.52, 3.489]}, "properties": {"id": "71503465-df24-48c6-b6f0-8159b5027ba4", "time": "2026-08-14T14:38:00", "media": "https://pub-ca7861342f67400d94b3cb8ae8300a58.r2.dev/c773fc21-433f-4c41-9813-db0400cb355d.mp4", "score": 5, "estado": "coherente", "aoi": "Western Colombia", "mmi": 6.1, "mensaje": ""}}, {"type": "Feature", "geometry": {"type": "Point", "coordinates": [-76.64, 5.678]}, "properties": {"id": "7239afe1-e46d-4219-8885-589cc59bf909", "time": "2026-08-13T15:55:00", "media": "../data/media/7ba1ac30-7912-4992-a5c7-13948c33a7bb.jpg", "score": 4, "estado": "coherente", "aoi": null, "mmi": 7.4, "mensaje": ""}}, {"type": "Feature", "geometry": {"type": "Point", "coordinates": [-76.481, 3.931]}, "properties": {"id": "723fb1d8-2aa2-4b80-9241-772de9fe7a00", "time": "2026-08-13T14:13:00", "media": "../data/media/c808e284-50ab-45a6-b8b0-2a1f1d7b3c89.jpg", "score": 5, "estado": "coherente", "aoi": "Western Colombia", "mmi": 5.7, "mensaje": ""}}, {"type": "Feature", "geometry": {"type": "Point", "coordinates": [-76.546, 3.416]}, "properties": {"id": "72ebc987-9476-488d-9dab-325d95bd07d1", "time": "2026-08-11T19:30:00", "media": "../data/media/4f448bb7-0ed0-4098-ac42-e142eece3bae.jpg", "score": 5, "estado": "coherente", "aoi": "Western Colombia", "mmi": 6.3, "mensaje": ""}}, {"type": "Feature", "geometry": {"type": "Point", "coordinates": [-75.649, 4.691]}, "properties": {"id": "74bf66d7-4702-4ee7-8767-430a6d192192", "time": "2026-08-13T13:24:00", "media": "../data/media/da3e5b36-3a90-445c-987c-f2ebb2f5fe18.jpg", "score": 5, "estado": "coherente", "aoi": "Western Colombia", "mmi": 6.9, "mensaje": ""}}, {"type": "Feature", "geometry": {"type": "Point", "coordinates": [-75.69, 4.813]}, "properties": {"id": "74e32a68-4b1c-4cf8-b795-2e709c13bbae", "time": "2026-08-13T16:46:00", "media": "../data/media/8c21c762-de50-40f2-8795-ca6e47635388.jpg", "score": 5, "estado": "coherente", "aoi": "Pereira", "mmi": 7.5, "mensaje": ""}}, {"type": "Feature", "geometry": {"type": "Point", "coordinates": [-75.692, 4.796]}, "properties": {"id": "74e3c216-0c8a-423f-997b-9265a30efb42", "time": "2026-08-20T08:09:00", "media": "../data/media/80fafa40-b7ef-40be-970d-69573ea77c44.jpg", "score": 5, "estado": "coherente", "aoi": "Pereira", "mmi": 7.6, "mensaje": "IMG-20260819-WA0125.jpg (file attached)"}}, {"type": "Feature", "geometry": {"type": "Point", "coordinates": [-76.435, 3.94]}, "properties": {"id": "754b57f2-9a7f-4d77-90e4-5920605d85a3", "time": "2026-08-14T19:47:00", "media": "../data/media/70a24b7f-fbd6-4ea3-bee7-bceec8c0ab6b.jpg", "score": 5, "estado": "coherente", "aoi": "Western Colombia", "mmi": 5.8, "mensaje": ""}}, {"type": "Feature", "geometry": {"type": "Point", "coordinates": [-76.658, 5.693]}, "properties": {"id": "763294c2-c38a-46f4-a7ec-261e717cafbe", "time": "2026-08-14T14:38:00", "media": "", "score": 3, "estado": "coherente", "aoi": "Quibdo Centre", "mmi": 7.5, "mensaje": ""}}, {"type": "Feature", "geometry": {"type": "Point", "coordinates": [-76.435, 3.94]}, "properties": {"id": "766704b9-5b57-47b9-ac84-c6d7c8aa491e", "time": "2026-08-14T19:47:00", "media": "https://pub-ca7861342f67400d94b3cb8ae8300a58.r2.dev/2c7ca58c-1bc8-4d95-9b7f-fad87ec1280a.mp4", "score": 5, "estado": "coherente", "aoi": "Western Colombia", "mmi": 5.8, "mensaje": ""}}, {"type": "Feature", "geometry": {"type": "Point", "coordinates": [-76.642, 4.653]}, "properties": {"id": "76f2d2b6-6fec-4626-82cf-41b1542ddb0d", "time": "2026-08-10T17:33:00", "media": "../data/media/5013058e-e9e5-4384-ae99-2416f20af6c9.jpg", "score": 5, "estado": "coherente", "aoi": "Western Colombia", "mmi": 6.8, "mensaje": ""}}, {"type": "Feature", "geometry": {"type": "Point", "coordinates": [-75.693, 4.812]}, "properties": {"id": "772a52ca-5f19-4fa6-9095-787abc95e33d", "time": "2026-08-13T14:20:00", "media": "../data/media/1d3dc0dc-db36-4355-93a8-287903320141.jpg", "score": 5, "estado": "coherente", "aoi": "Pereira", "mmi": 7.5, "mensaje": ""}}, {"type": "Feature", "geometry": {"type": "Point", "coordinates": [-76.303, 3.504]}, "properties": {"id": "778fc8bb-e6b2-45f5-b301-a1f7a1381cfe", "time": "2026-08-12T17:44:00", "media": "https://pub-ca7861342f67400d94b3cb8ae8300a58.r2.dev/c207867b-1f41-4c14-980c-7187b6f1c63a.mp4", "score": 5, "estado": "coherente", "aoi": "Western Colombia", "mmi": 6.3, "mensaje": ""}}, {"type": "Feature", "geometry": {"type": "Point", "coordinates": [-75.69, 4.8]}, "properties": {"id": "77a1d3f1-8f34-4529-8306-8b270c2a23d5", "time": "2026-08-13T08:55:19", "media": "../data/media/89d0e856-cd19-4a76-b176-ca7a3afe500a.jpg", "score": 5, "estado": "coherente", "aoi": "Pereira", "mmi": 7.6, "mensaje": ""}}, {"type": "Feature", "geometry": {"type": "Point", "coordinates": [-77.056, 3.883]}, "properties": {"id": "7834f63c-3c85-4d05-a19c-9b6719921568", "time": "2026-08-11T16:51:00", "media": "https://pub-ca7861342f67400d94b3cb8ae8300a58.r2.dev/e9dfe7a8-73fd-41ad-bcd7-94ebb28084b0.mp4", "score": 5, "estado": "coherente", "aoi": "Buenaventura", "mmi": 6.9, "mensaje": ""}}, {"type": "Feature", "geometry": {"type": "Point", "coordinates": [-75.702, 4.811]}, "properties": {"id": "78572086-7a4e-4dfb-8350-56beee5efbe7", "time": "2026-08-11T20:43:00", "media": "../data/media/1b6905b5-9dc7-46c0-b0b1-48e0f5a1e27a.jpg", "score": 5, "estado": "coherente", "aoi": "Pereira", "mmi": 7.5, "mensaje": ""}}, {"type": "Feature", "geometry": {"type": "Point", "coordinates": [-76.155, 4.41]}, "properties": {"id": "7908831d-4028-40cd-94ea-9ecac6d9c891", "time": "2026-08-13T17:09:00", "media": "https://pub-ca7861342f67400d94b3cb8ae8300a58.r2.dev/c7835641-0b00-4679-871a-45f88238696f.mp4", "score": 5, "estado": "coherente", "aoi": "Western Colombia", "mmi": 7.4, "mensaje": ""}}, {"type": "Feature", "geometry": {"type": "Point", "coordinates": [-75.807, 4.453]}, "properties": {"id": "7ae82683-815e-4f93-9906-8832c4678dac", "time": "2026-08-13T13:21:00", "media": "../data/media/5f794f78-4e5c-4004-87eb-eaf3f5ae4ff5.jpg", "score": 5, "estado": "coherente", "aoi": "Western Colombia", "mmi": 7.3, "mensaje": ""}}, {"type": "Feature", "geometry": {"type": "Point", "coordinates": [-76.653, 5.688]}, "properties": {"id": "7b70f6fb-7eec-44c9-b61f-6cf7d7e9dfa4", "time": "2026-08-12T21:02:00", "media": "../data/media/53b723ec-358e-4779-8fd9-6a44bd28f12b.jpg", "score": 5, "estado": "coherente", "aoi": "Quibdo Centre", "mmi": 7.5, "mensaje": ""}}, {"type": "Feature", "geometry": {"type": "Point", "coordinates": [-75.695, 4.811]}, "properties": {"id": "7b9cf7a8-db3b-4bd0-ba17-c79be4fd9963", "time": "2026-08-13T13:51:00", "media": "../data/media/4a3c97c2-3007-447c-bcfc-866f153e4398.jpg", "score": 5, "estado": "coherente", "aoi": "Pereira", "mmi": 7.5, "mensaje": ""}}, {"type": "Feature", "geometry": {"type": "Point", "coordinates": [-75.703, 4.811]}, "properties": {"id": "7cc8ee87-4f00-4aa8-beb5-178eb5fe51b3", "time": "2026-08-18T18:50:00", "media": "../data/media/8636b8c6-7cf5-402e-abae-b3acdde60b34.jpg", "score": 5, "estado": "coherente", "aoi": "Pereira", "mmi": 7.5, "mensaje": "IMG-20260818-WA0196.jpg (file attached)"}}, {"type": "Feature", "geometry": {"type": "Point", "coordinates": [-75.83, 4.334]}, "properties": {"id": "7cdbd906-5903-4a52-9ed2-66dabbdba41b", "time": "2026-08-11T14:20:00", "media": "../data/media/5192b1e3-fa51-4d73-a23f-9419ba8fea9e.jpg", "score": 5, "estado": "coherente", "aoi": "Western Colombia", "mmi": 6.8, "mensaje": ""}}, {"type": "Feature", "geometry": {"type": "Point", "coordinates": [-75.694, 4.812]}, "properties": {"id": "7d9b2dd6-8bd4-4ee2-a864-6390473ec4ad", "time": "2026-08-10T18:35:00", "media": "../data/media/e32dfd17-3457-4f2b-9de9-cd91113a16e4.jpg", "score": 5, "estado": "coherente", "aoi": "Pereira", "mmi": 7.5, "mensaje": ""}}, {"type": "Feature", "geometry": {"type": "Point", "coordinates": [-76.644, 5.687]}, "properties": {"id": "7d9b5166-93a3-442c-9b17-68e846e254d3", "time": "2026-08-13T13:18:00", "media": "https://pub-ca7861342f67400d94b3cb8ae8300a58.r2.dev/4290cbae-4de7-4143-93c2-9b162de0d88a.mp4", "score": 5, "estado": "coherente", "aoi": "Quibdo Centre", "mmi": 7.4, "mensaje": ""}}, {"type": "Feature", "geometry": {"type": "Point", "coordinates": [-76.542, 3.415]}, "properties": {"id": "7dabb306-7862-4cd9-9279-51045d627e52", "time": "2026-08-13T14:27:00", "media": "../data/media/21678065-8b08-4552-a87f-4a60743aa1fd.jpg", "score": 5, "estado": "coherente", "aoi": "Western Colombia", "mmi": 6.3, "mensaje": ""}}, {"type": "Feature", "geometry": {"type": "Point", "coordinates": [-76.551, 3.405]}, "properties": {"id": "80087b2f-416f-4e37-9509-a5178f7aca56", "time": "2026-08-13T10:11:15", "media": "../data/media/6a07ff12-dea0-4b5c-addd-3d40ee3f4f79.jpg", "score": 5, "estado": "coherente", "aoi": "Western Colombia", "mmi": 6.3, "mensaje": ""}}, {"type": "Feature", "geometry": {"type": "Point", "coordinates": [-76.658, 5.692]}, "properties": {"id": "807613f1-4cb9-44ef-b4e7-82b4a78734c4", "time": "2026-08-14T14:38:00", "media": "", "score": 3, "estado": "coherente", "aoi": "Quibdo Centre", "mmi": 7.5, "mensaje": ""}}, {"type": "Feature", "geometry": {"type": "Point", "coordinates": [-75.902, 4.265]}, "properties": {"id": "80dc181f-8941-41fe-aa61-b782829fbf3a", "time": "2026-08-12T21:07:00", "media": "../data/media/467ca3aa-e059-4a04-8fdd-40b3c45c6c31.jpg", "score": 5, "estado": "coherente", "aoi": "Western Colombia", "mmi": 6.6, "mensaje": ""}}, {"type": "Feature", "geometry": {"type": "Point", "coordinates": [-76.55, 3.408]}, "properties": {"id": "8283afd5-9038-4af1-995f-8de718057221", "time": "2026-08-10T19:00:00", "media": "../data/media/4a8f1818-6636-484e-a667-8e40c2cdf56e.jpg", "score": 5, "estado": "coherente", "aoi": "Western Colombia", "mmi": 6.3, "mensaje": ""}}, {"type": "Feature", "geometry": {"type": "Point", "coordinates": [-75.696, 4.808]}, "properties": {"id": "8417029b-29b6-457d-9951-0ca483b6aafc", "time": "2026-08-11T20:49:00", "media": "../data/media/e3cd3f44-0a32-4532-abe1-ef2e206bb685.jpg", "score": 5, "estado": "coherente", "aoi": "Pereira", "mmi": 7.5, "mensaje": ""}}, {"type": "Feature", "geometry": {"type": "Point", "coordinates": [-76.641, 5.676]}, "properties": {"id": "8420e23e-c9fc-4f15-8ec2-601c6083df84", "time": "2026-08-14T19:47:00", "media": "https://pub-ca7861342f67400d94b3cb8ae8300a58.r2.dev/5e91e24f-0ea0-4f76-9459-f50bd1c65241.mp4", "score": 5, "estado": "coherente", "aoi": "Quibdo Centre", "mmi": 7.4, "mensaje": ""}}, {"type": "Feature", "geometry": {"type": "Point", "coordinates": [-75.707, 4.815]}, "properties": {"id": "84690d9a-90af-49ea-aabf-4bc1cb7dc7b9", "time": "2026-08-15T12:11:27", "media": "../data/media/729be575-b526-48a9-9a2a-721db4c5eca3.jpg", "score": 5, "estado": "coherente", "aoi": "Pereira", "mmi": 7.5, "mensaje": ""}}, {"type": "Feature", "geometry": {"type": "Point", "coordinates": [-75.705, 4.815]}, "properties": {"id": "848fc697-a58c-40cc-9473-bc89045cdda4", "time": "2026-08-20T17:47:00", "media": "../data/media/0c3486c2-fa42-4307-8c4f-4c5d98414208.jpg", "score": 5, "estado": "coherente", "aoi": "Pereira", "mmi": 7.5, "mensaje": "IMG-20260820-WA0088.jpg (file attached)"}}, {"type": "Feature", "geometry": {"type": "Point", "coordinates": [-75.702, 4.811]}, "properties": {"id": "851f56f1-6345-4633-be36-0b1c0ff64a3b", "time": "2026-08-18T18:50:00", "media": "../data/media/146bbe40-e6e9-41e4-92f0-a10d3084bc39.jpg", "score": 5, "estado": "coherente", "aoi": "Pereira", "mmi": 7.5, "mensaje": "IMG-20260818-WA0203.jpg (file attached)"}}, {"type": "Feature", "geometry": {"type": "Point", "coordinates": [-76.549, 3.409]}, "properties": {"id": "85f2a03b-e1c7-455d-b7f8-be3b388da46b", "time": "2026-08-10T18:06:00", "media": "../data/media/1b30bcf3-42c9-440d-92f9-6d2e6aee52ca.jpg", "score": 5, "estado": "coherente", "aoi": "Western Colombia", "mmi": 6.3, "mensaje": ""}}, {"type": "Feature", "geometry": {"type": "Point", "coordinates": [-75.739, 4.806]}, "properties": {"id": "8620e9f2-fe7f-4c71-b4bf-f0f87b40a58c", "time": "2026-08-14T14:38:00", "media": "../data/media/2106bbbb-9fb0-44e0-9fd9-3861c939760a.jpg", "score": 5, "estado": "coherente", "aoi": "Western Colombia", "mmi": 7.7, "mensaje": ""}}, {"type": "Feature", "geometry": {"type": "Point", "coordinates": [-76.125, 5.352]}, "properties": {"id": "862554b6-153f-4c42-bbf9-5a5ad2460529", "time": "2026-08-13T10:14:21", "media": "../data/media/3e04b806-1f12-40f6-baf2-1850c3d0b7ae.jpg", "score": 4, "estado": "coherente", "aoi": null, "mmi": 6.1, "mensaje": ""}}, {"type": "Feature", "geometry": {"type": "Point", "coordinates": [-75.698, 4.805]}, "properties": {"id": "87a010e1-a774-40d7-8ead-04bb40f14eab", "time": "2026-08-14T19:47:00", "media": "../data/media/8cd47dfd-4f50-4cba-b998-66150c6873dc.jpg", "score": 5, "estado": "coherente", "aoi": "Pereira", "mmi": 7.6, "mensaje": ""}}, {"type": "Feature", "geometry": {"type": "Point", "coordinates": [-75.687, 4.804]}, "properties": {"id": "87d38522-981d-4f74-82b4-9d3f6c18bac3", "time": "2026-08-20T17:47:00", "media": "../data/media/dcbebf16-ea01-46ab-9b83-94c3daaf788d.jpg", "score": 5, "estado": "coherente", "aoi": "Pereira", "mmi": 7.6, "mensaje": "IMG-20260820-WA0108.jpg (file attached)"}}, {"type": "Feature", "geometry": {"type": "Point", "coordinates": [-75.701, 4.811]}, "properties": {"id": "87e7f496-fffc-46f8-8bba-9ca0c3647baf", "time": "2026-08-18T18:50:00", "media": "../data/media/1a1b6baf-597d-4fdf-9b62-1dababd373cd.jpg", "score": 5, "estado": "coherente", "aoi": "Pereira", "mmi": 7.5, "mensaje": "IMG-20260818-WA0205.jpg (file attached)"}}, {"type": "Feature", "geometry": {"type": "Point", "coordinates": [-75.649, 4.691]}, "properties": {"id": "8810b3d4-6b3e-494a-aa65-ee2a8a8cfdee", "time": "2026-08-13T13:38:00", "media": "../data/media/535fd75d-58e2-4b66-8b30-3ccc3eb6392b.jpg", "score": 5, "estado": "coherente", "aoi": "Western Colombia", "mmi": 6.9, "mensaje": ""}}, {"type": "Feature", "geometry": {"type": "Point", "coordinates": [-76.487, 3.932]}, "properties": {"id": "8931c5a5-7590-4da4-a0cc-6632c4a17a32", "time": "2026-08-12T21:48:00", "media": "../data/media/16bc5a26-b405-4f3e-b37c-f4c9d79026cd.jpg", "score": 5, "estado": "coherente", "aoi": "Western Colombia", "mmi": 5.7, "mensaje": ""}}, {"type": "Feature", "geometry": {"type": "Point", "coordinates": [-75.694, 4.812]}, "properties": {"id": "894c6f24-c5f4-4984-b5aa-517d78108514", "time": "2026-08-10T18:37:00", "media": "../data/media/d3698e11-f86a-4ad4-8168-ab02a0dafd33.jpg", "score": 5, "estado": "coherente", "aoi": "Pereira", "mmi": 7.5, "mensaje": ""}}, {"type": "Feature", "geometry": {"type": "Point", "coordinates": [-75.697, 4.539]}, "properties": {"id": "89503819-49dc-44ab-812c-f4a007c60661", "time": "2026-08-10T16:00:00", "media": "../data/media/eff62955-5d85-4c8d-9f26-3158cd2424d0.jpg", "score": 5, "estado": "coherente", "aoi": "Western Colombia", "mmi": 7.4, "mensaje": ""}}, {"type": "Feature", "geometry": {"type": "Point", "coordinates": [-76.415, 5.412]}, "properties": {"id": "8a3dda13-1b05-4308-bfe0-01c156f7653b", "time": "2026-08-13T09:44:21", "media": "../data/media/ab194b68-e7ae-4672-9d0e-05d276bd111c.jpg", "score": 2, "estado": "recibido", "aoi": null, "mmi": 6.8, "mensaje": ""}}, {"type": "Feature", "geometry": {"type": "Point", "coordinates": [-75.83, 4.333]}, "properties": {"id": "8d6ad67f-b2bc-4d0d-8d7c-a15a1fe69a2c", "time": "2026-08-11T14:21:00", "media": "../data/media/c2f29ae0-73b3-4bed-82f1-c6e86f92cb50.jpg", "score": 5, "estado": "coherente", "aoi": "Western Colombia", "mmi": 6.8, "mensaje": ""}}, {"type": "Feature", "geometry": {"type": "Point", "coordinates": [-76.65, 5.696]}, "properties": {"id": "8dc92c4c-da2a-474b-9ecc-dcececc14229", "time": "2026-08-13T14:01:00", "media": "https://pub-ca7861342f67400d94b3cb8ae8300a58.r2.dev/e620c051-ead3-40ae-ab11-95a78339d1fd.mp4", "score": 4, "estado": "coherente", "aoi": null, "mmi": 7.5, "mensaje": ""}}, {"type": "Feature", "geometry": {"type": "Point", "coordinates": [-76.543, 3.421]}, "properties": {"id": "8e220949-6237-403d-83f6-16027993c480", "time": "2026-08-12T17:40:00", "media": "../data/media/80eaa1c8-27af-4ff7-810b-5c6d133e382c.jpg", "score": 5, "estado": "coherente", "aoi": "Western Colombia", "mmi": 6.3, "mensaje": ""}}, {"type": "Feature", "geometry": {"type": "Point", "coordinates": [-76.544, 3.391]}, "properties": {"id": "8f6a128a-0239-4db4-8026-e8fac072b0bf", "time": "2026-08-12T21:11:00", "media": "https://pub-ca7861342f67400d94b3cb8ae8300a58.r2.dev/8537dd41-6a37-4cf2-bba5-cae0e980d9a7.mp4", "score": 5, "estado": "coherente", "aoi": "Western Colombia", "mmi": 6.4, "mensaje": ""}}, {"type": "Feature", "geometry": {"type": "Point", "coordinates": [-75.701, 4.792]}, "properties": {"id": "90430543-5b65-41b2-9e16-aad5a7b107bf", "time": "2026-08-14T19:47:00", "media": "../data/media/212660ab-f6ed-4a76-b3ae-fb9f0bb28cd9.jpg", "score": 5, "estado": "coherente", "aoi": "Western Colombia", "mmi": 7.6, "mensaje": ""}}, {"type": "Feature", "geometry": {"type": "Point", "coordinates": [-75.691, 4.54]}, "properties": {"id": "90cfbcc0-2a0e-4c50-bac5-db3f78856fdc", "time": "2026-08-10T15:31:00", "media": "../data/media/ada3247e-6828-494d-a307-5a829a14dfdc.jpg", "score": 5, "estado": "coherente", "aoi": "Western Colombia", "mmi": 7.4, "mensaje": ""}}, {"type": "Feature", "geometry": {"type": "Point", "coordinates": [-75.689, 4.811]}, "properties": {"id": "91ee5942-e35a-4462-b4e1-8fda03d94f7f", "time": "2026-08-20T17:47:00", "media": "../data/media/6f6efd87-89f5-497d-87ab-f998f1f0c058.jpg", "score": 5, "estado": "coherente", "aoi": "Pereira", "mmi": 7.5, "mensaje": "IMG-20260820-WA0120.jpg (file attached)"}}, {"type": "Feature", "geometry": {"type": "Point", "coordinates": [-75.707, 4.811]}, "properties": {"id": "91f58935-220d-437d-8f43-f057bf877d18", "time": "2026-08-20T08:09:00", "media": "../data/media/015aac64-80e4-464a-aac7-a10244d5ef17.jpg", "score": 5, "estado": "coherente", "aoi": "Pereira", "mmi": 7.5, "mensaje": "IMG-20260819-WA0135.jpg (file attached)"}}, {"type": "Feature", "geometry": {"type": "Point", "coordinates": [-76.06, 4.865]}, "properties": {"id": "9246fd9b-eb07-4951-a014-f1df3a3190e9", "time": "2026-08-14T14:38:00", "media": "../data/media/c406e0c2-b30f-4eb0-9978-1c3739ca4a37.jpg", "score": 5, "estado": "coherente", "aoi": "Western Colombia", "mmi": 6.6, "mensaje": ""}}, {"type": "Feature", "geometry": {"type": "Point", "coordinates": [-76.544, 3.391]}, "properties": {"id": "926d6b0e-a21d-4db8-b3c0-546a5406240c", "time": "2026-08-13T14:09:00", "media": "../data/media/52cc1143-ff9a-479d-a92d-42d4f65017e9.jpg", "score": 5, "estado": "coherente", "aoi": "Western Colombia", "mmi": 6.4, "mensaje": ""}}, {"type": "Feature", "geometry": {"type": "Point", "coordinates": [-76.541, 3.428]}, "properties": {"id": "92ee2179-928d-4a5e-8cef-b687b1ff7fce", "time": "2026-08-20T08:09:00", "media": "../data/media/8e589dad-8a7b-49ac-87cd-27b257283486.jpg", "score": 5, "estado": "coherente", "aoi": "Western Colombia", "mmi": 6.3, "mensaje": "IMG-20260819-WA0116.jpg (file attached)"}}, {"type": "Feature", "geometry": {"type": "Point", "coordinates": [-76.43, 3.936]}, "properties": {"id": "937e0a24-2c4b-4415-89f2-9d5dd349bed0", "time": "2026-08-14T19:47:00", "media": "../data/media/7d746dc4-f648-480b-b0c8-de720b3b1db1.jpg", "score": 5, "estado": "coherente", "aoi": "Western Colombia", "mmi": 5.6, "mensaje": ""}}, {"type": "Feature", "geometry": {"type": "Point", "coordinates": [-76.52, 3.432]}, "properties": {"id": "93b36c6a-b1d4-4e92-9731-80bcb9e30477", "time": "2026-08-11T19:44:00", "media": "../data/media/0e07232c-0e4c-4e41-9915-44bb50f75b8c.jpg", "score": 5, "estado": "coherente", "aoi": "Western Colombia", "mmi": 6.6, "mensaje": ""}}, {"type": "Feature", "geometry": {"type": "Point", "coordinates": [-76.487, 3.932]}, "properties": {"id": "941b2714-2b48-46f8-9cf3-a2f47db6313e", "time": "2026-08-12T21:46:00", "media": "../data/media/a688eea4-6ba6-4890-bb80-ff189b21da35.jpg", "score": 3, "estado": "coherente", "aoi": "Western Colombia", "mmi": 5.7, "mensaje": ""}}, {"type": "Feature", "geometry": {"type": "Point", "coordinates": [-75.758, 4.808]}, "properties": {"id": "94a6bfa5-4b20-4dab-8934-d0636999772a", "time": "2026-08-12T18:58:00", "media": "../data/media/afeb1f5d-76c5-4b8a-b7e3-c43b3e408762.jpg", "score": 5, "estado": "coherente", "aoi": "Western Colombia", "mmi": 7.5, "mensaje": ""}}, {"type": "Feature", "geometry": {"type": "Point", "coordinates": [-76.649, 5.7]}, "properties": {"id": "94a9203d-ef8d-4d45-8364-2659d32114d1", "time": "2026-08-14T14:38:00", "media": "../data/media/f81f63c5-69b3-4863-934a-953699c8ff68.jpg", "score": 4, "estado": "coherente", "aoi": null, "mmi": 7.5, "mensaje": ""}}, {"type": "Feature", "geometry": {"type": "Point", "coordinates": [-75.693, 4.813]}, "properties": {"id": "94b0cdf5-65ee-44fc-a4c8-99c5f18df59d", "time": "2026-08-13T14:23:00", "media": "../data/media/56baab2f-9f49-4812-ab8d-e0e035194de5.jpg", "score": 5, "estado": "coherente", "aoi": "Pereira", "mmi": 7.5, "mensaje": ""}}, {"type": "Feature", "geometry": {"type": "Point", "coordinates": [-76.972, 7.158]}, "properties": {"id": "94e80868-5cf1-4112-9840-02489f183f60", "time": "2026-08-12T21:28:00", "media": "../data/media/36581226-0377-4f54-96bc-f8df2da46d2f.jpg", "score": 2, "estado": "recibido", "aoi": null, "mmi": 5.2, "mensaje": ""}}, {"type": "Feature", "geometry": {"type": "Point", "coordinates": [-76.417, 5.412]}, "properties": {"id": "954906b3-86d3-4723-b945-b823348e6d46", "time": "2026-08-12T21:05:00", "media": "https://pub-ca7861342f67400d94b3cb8ae8300a58.r2.dev/05c3311f-a9a2-43b1-9aa0-415babc308d0.mp4", "score": 4, "estado": "coherente", "aoi": null, "mmi": 6.8, "mensaje": ""}}, {"type": "Feature", "geometry": {"type": "Point", "coordinates": [-76.524, 3.488]}, "properties": {"id": "95b960a3-0b37-4fda-9e62-c1f9c8d7f674", "time": "2026-08-11T16:51:00", "media": "", "score": 3, "estado": "coherente", "aoi": "Western Colombia", "mmi": 6.1, "mensaje": ""}}, {"type": "Feature", "geometry": {"type": "Point", "coordinates": [-76.55, 3.404]}, "properties": {"id": "95c0d1fc-aaef-4f7b-8feb-082663877382", "time": "2026-08-12T23:01:00", "media": "../data/media/f9b3614c-fcda-4277-93a1-259310ddbf95.jpg", "score": 5, "estado": "coherente", "aoi": "Western Colombia", "mmi": 6.3, "mensaje": ""}}, {"type": "Feature", "geometry": {"type": "Point", "coordinates": [-76.481, 3.931]}, "properties": {"id": "95cfc61e-cbc6-47f0-a651-875a91ada0c7", "time": "2026-08-13T14:14:00", "media": "../data/media/c883343b-e4e7-4d36-acf7-3983305c760a.jpg", "score": 5, "estado": "coherente", "aoi": "Western Colombia", "mmi": 5.7, "mensaje": ""}}, {"type": "Feature", "geometry": {"type": "Point", "coordinates": [-75.649, 4.691]}, "properties": {"id": "969909a3-f5ba-48ea-ac5b-3c53f07a9711", "time": "2026-08-13T13:40:00", "media": "../data/media/5e6ae5a4-8573-45c5-8409-878f5db58d7f.jpg", "score": 5, "estado": "coherente", "aoi": "Western Colombia", "mmi": 6.9, "mensaje": ""}}, {"type": "Feature", "geometry": {"type": "Point", "coordinates": [-75.694, 4.812]}, "properties": {"id": "96c99a7d-1a55-4178-9b09-9e1cbba2137c", "time": "2026-08-17T19:51:00", "media": "../data/media/afd92679-26e6-47a8-951d-887a2d1013a5.jpg", "score": 5, "estado": "coherente", "aoi": "Pereira", "mmi": 7.5, "mensaje": "<attached: 00000007-PHOTO-2026-08-17-19-51-12.jpg>"}}, {"type": "Feature", "geometry": {"type": "Point", "coordinates": [-76.549, 3.404]}, "properties": {"id": "972fb57b-8870-4729-bdf9-5cc01efb8c8a", "time": "2026-08-11T21:00:00", "media": "../data/media/965e5614-ded6-4bf4-8784-55e901549aec.jpg", "score": 5, "estado": "coherente", "aoi": "Western Colombia", "mmi": 6.3, "mensaje": ""}}, {"type": "Feature", "geometry": {"type": "Point", "coordinates": [-75.662, 4.845]}, "properties": {"id": "97619313-65a8-4f5a-b897-7584e0f3c104", "time": "2026-08-12T17:48:00", "media": "../data/media/81c00e7d-87be-4489-b589-1941fa442f7a.jpg", "score": 5, "estado": "coherente", "aoi": "Western Colombia", "mmi": 7.3, "mensaje": ""}}, {"type": "Feature", "geometry": {"type": "Point", "coordinates": [-76.651, 5.715]}, "properties": {"id": "97740200-3dbf-4605-b811-d6d3acc9e854", "time": "2026-08-12T17:59:00", "media": "../data/media/2d4cdc33-2d97-4764-b471-74f8955d09e9.jpg", "score": 4, "estado": "coherente", "aoi": null, "mmi": 7.3, "mensaje": ""}}, {"type": "Feature", "geometry": {"type": "Point", "coordinates": [-76.548, 3.424]}, "properties": {"id": "97c3aefc-6a51-4e2d-8fba-e17c42b4dbeb", "time": "2026-08-12T21:03:00", "media": "../data/media/f5d47570-f82d-4e70-bffd-c11f4cff550d.jpg", "score": 5, "estado": "coherente", "aoi": "Western Colombia", "mmi": 6.3, "mensaje": ""}}, {"type": "Feature", "geometry": {"type": "Point", "coordinates": [-76.527, 3.433]}, "properties": {"id": "97f0c244-06f2-48a5-9aa7-f2f31d9bdd65", "time": "2026-08-11T11:39:05", "media": "../data/media/69be587c-fb9b-4b3c-980a-723068f92349.jpg", "score": 5, "estado": "coherente", "aoi": "Western Colombia", "mmi": 6.6, "mensaje": ""}}, {"type": "Feature", "geometry": {"type": "Point", "coordinates": [-76.542, 3.415]}, "properties": {"id": "98b2de10-56dc-4d9d-9352-5a5b68ef8c78", "time": "2026-08-13T14:27:00", "media": "../data/media/ca0c3c05-dc46-4806-9110-cc9195a8012d.jpg", "score": 5, "estado": "coherente", "aoi": "Western Colombia", "mmi": 6.3, "mensaje": ""}}, {"type": "Feature", "geometry": {"type": "Point", "coordinates": [-76.035, 5.216]}, "properties": {"id": "992ee047-e2ee-475d-bbe1-06b289d5c8de", "time": "2026-08-20T08:09:00", "media": "../data/media/9655dc09-e6da-4aa9-a5d2-61b8d8b48a9b.jpg", "score": 5, "estado": "coherente", "aoi": "Western Colombia", "mmi": 6.1, "mensaje": "IMG-20260819-WA0120.jpg (file attached)"}}, {"type": "Feature", "geometry": {"type": "Point", "coordinates": [-76.547, 3.409]}, "properties": {"id": "998ede72-37a3-4ed1-9f23-48a6bc680fc3", "time": "2026-08-12T19:06:00", "media": "../data/media/b9ad4272-4f23-4f60-9e4d-cf2581d3dc5c.jpg", "score": 5, "estado": "coherente", "aoi": "Western Colombia", "mmi": 6.3, "mensaje": ""}}, {"type": "Feature", "geometry": {"type": "Point", "coordinates": [-75.758, 4.808]}, "properties": {"id": "99f07e71-6c65-4d7e-afa5-373d963d272d", "time": "2026-08-12T18:25:00", "media": "../data/media/fe8d622a-8ca3-4e7b-bee6-45e87d5c0cdb.jpg", "score": 5, "estado": "coherente", "aoi": "Western Colombia", "mmi": 7.5, "mensaje": ""}}, {"type": "Feature", "geometry": {"type": "Point", "coordinates": [-75.829, 4.329]}, "properties": {"id": "99fa3701-b868-4f14-82b3-80333406bd27", "time": "2026-08-11T16:09:00", "media": "../data/media/a311c0de-bed1-4568-a4c7-e598b695d839.jpg", "score": 5, "estado": "coherente", "aoi": "Western Colombia", "mmi": 6.8, "mensaje": ""}}, {"type": "Feature", "geometry": {"type": "Point", "coordinates": [-75.708, 4.814]}, "properties": {"id": "9a0b4b45-1d95-4d55-a600-9c7f7cd5ed07", "time": "2026-08-11T20:30:00", "media": "../data/media/654e689f-f32f-4ea5-b314-271a62e59c44.jpg", "score": 5, "estado": "coherente", "aoi": "Pereira", "mmi": 7.4, "mensaje": ""}}, {"type": "Feature", "geometry": {"type": "Point", "coordinates": [-75.708, 4.814]}, "properties": {"id": "9a1620ac-e242-4671-a90f-cc8d5c543eb4", "time": "2026-08-11T20:31:00", "media": "../data/media/88b79473-61bd-47f0-8e77-f33ee9107475.jpg", "score": 5, "estado": "coherente", "aoi": "Pereira", "mmi": 7.4, "mensaje": ""}}, {"type": "Feature", "geometry": {"type": "Point", "coordinates": [-76.553, 3.396]}, "properties": {"id": "9b765705-8e10-45d0-850d-e397115ae935", "time": "2026-08-10T19:03:00", "media": "../data/media/69b0f438-7172-46a9-aeef-5fec04eeae03.jpg", "score": 5, "estado": "coherente", "aoi": "Western Colombia", "mmi": 6.4, "mensaje": ""}}, {"type": "Feature", "geometry": {"type": "Point", "coordinates": [-75.524, 5.075]}, "properties": {"id": "9c77efba-f8a9-4bdf-8751-513c284201a1", "time": "2026-08-12T21:12:00", "media": "https://pub-ca7861342f67400d94b3cb8ae8300a58.r2.dev/901027d8-6156-48f9-8c94-5fa2ea9f8009.mp4", "score": 5, "estado": "coherente", "aoi": "Western Colombia", "mmi": 6.8, "mensaje": ""}}, {"type": "Feature", "geometry": {"type": "Point", "coordinates": [-75.698, 4.814]}, "properties": {"id": "9d0b2608-6f83-4360-ae77-2a1668bf9f33", "time": "2026-08-20T17:47:00", "media": "../data/media/48dfa9ae-561d-417e-b8a7-5ec32bc4c0fc.jpg", "score": 5, "estado": "coherente", "aoi": "Pereira", "mmi": 7.5, "mensaje": "IMG-20260820-WA0030.jpg (file attached)"}}, {"type": "Feature", "geometry": {"type": "Point", "coordinates": [-76.662, 5.689]}, "properties": {"id": "9d8d93bd-6ca9-41fb-8827-3eb03b1ae838", "time": "2026-08-13T10:10:58", "media": "../data/media/63f572a9-4b94-4310-90b2-2711018c01a3.jpg", "score": 5, "estado": "coherente", "aoi": "Quibdo Centre", "mmi": 7.5, "mensaje": ""}}, {"type": "Feature", "geometry": {"type": "Point", "coordinates": [-75.703, 4.812]}, "properties": {"id": "9e204bee-f282-4f47-ac60-fd7aadec8cbe", "time": "2026-08-18T18:50:00", "media": "../data/media/7975093c-e10b-4b92-8f77-f753d3b6b4d5.jpg", "score": 5, "estado": "coherente", "aoi": "Pereira", "mmi": 7.5, "mensaje": "IMG-20260818-WA0193.jpg (file attached)"}}, {"type": "Feature", "geometry": {"type": "Point", "coordinates": [-76.439, 3.973]}, "properties": {"id": "9e6c6e8d-361d-4330-9905-5fb73e88a8e7", "time": "2026-08-12T17:50:00", "media": "../data/media/a91195ad-54cb-4aec-b5ba-2b26cca01c42.jpg", "score": 3, "estado": "coherente", "aoi": "Western Colombia", "mmi": 5.9, "mensaje": ""}}, {"type": "Feature", "geometry": {"type": "Point", "coordinates": [-75.649, 4.691]}, "properties": {"id": "9e7975f8-2a16-4fbf-a598-10c303f4f12a", "time": "2026-08-13T13:34:00", "media": "../data/media/4c70f52f-a5e2-4dbb-b037-a4b44afeb26d.jpg", "score": 5, "estado": "coherente", "aoi": "Western Colombia", "mmi": 6.9, "mensaje": ""}}, {"type": "Feature", "geometry": {"type": "Point", "coordinates": [-76.517, 3.37]}, "properties": {"id": "9ffd9f43-7401-4fe8-b8fb-a86a2dc60815", "time": "2026-08-11T08:27:16", "media": "../data/media/f12fb6c5-ae39-4626-baae-bd8aeb61ca40.jpg", "score": 5, "estado": "coherente", "aoi": "Western Colombia", "mmi": 6.8, "mensaje": ""}}, {"type": "Feature", "geometry": {"type": "Point", "coordinates": [-76.546, 3.422]}, "properties": {"id": "a0549443-9738-471b-b52b-792486678f5c", "time": "2026-08-12T19:00:00", "media": "../data/media/27add6eb-7885-42c0-8c48-82fa8c1253e5.jpg", "score": 5, "estado": "coherente", "aoi": "Western Colombia", "mmi": 6.3, "mensaje": ""}}, {"type": "Feature", "geometry": {"type": "Point", "coordinates": [-75.758, 4.808]}, "properties": {"id": "a13e99f2-9c29-4f7c-ad52-b45cadeaf88e", "time": "2026-08-12T18:57:00", "media": "../data/media/f7d65c3c-b0a9-4d4a-953e-af3f290fe33e.jpg", "score": 5, "estado": "coherente", "aoi": "Western Colombia", "mmi": 7.5, "mensaje": ""}}, {"type": "Feature", "geometry": {"type": "Point", "coordinates": [-75.711, 4.809]}, "properties": {"id": "a268af75-8593-432f-b0cf-0fabc7092329", "time": "2026-08-15T21:15:00", "media": "../data/media/30e2eea0-6d46-435d-986f-12d1fb6a6e10.jpg", "score": 5, "estado": "coherente", "aoi": "Western Colombia", "mmi": 7.4, "mensaje": "<attached: 00000002-PHOTO-2026-08-15-21-15-56.jpg>"}}, {"type": "Feature", "geometry": {"type": "Point", "coordinates": [-76.563, 3.41]}, "properties": {"id": "a285d510-d741-44b6-9ff3-07cdc5632b6e", "time": "2026-08-13T14:17:00", "media": "../data/media/856f70d8-a733-4d33-a750-fc5f68c674dc.jpg", "score": 5, "estado": "coherente", "aoi": "Western Colombia", "mmi": 6.3, "mensaje": ""}}, {"type": "Feature", "geometry": {"type": "Point", "coordinates": [-76.64, 5.678]}, "properties": {"id": "a291dd1b-ec4f-4166-8cb3-a3ec846f0212", "time": "2026-08-13T18:22:00", "media": "../data/media/15f6a2fb-5b20-45a3-aac8-461348df3a33.jpg", "score": 4, "estado": "coherente", "aoi": null, "mmi": 7.4, "mensaje": ""}}, {"type": "Feature", "geometry": {"type": "Point", "coordinates": [-76.546, 3.425]}, "properties": {"id": "a2e5758d-cf63-4de6-bcdd-6012be05be81", "time": "2026-08-11T11:43:07", "media": "../data/media/2cc06562-3d5e-4065-80e5-f47ee93e7b9c.jpg", "score": 5, "estado": "coherente", "aoi": "Western Colombia", "mmi": 6.3, "mensaje": ""}}, {"type": "Feature", "geometry": {"type": "Point", "coordinates": [-76.645, 5.686]}, "properties": {"id": "a35cc83f-2699-479a-87d0-92ff13bea32e", "time": "2026-08-11T20:35:00", "media": "../data/media/d9ef868c-ea69-40db-968b-5fadb228652a.jpg", "score": 5, "estado": "coherente", "aoi": "Quibdo Centre", "mmi": 7.4, "mensaje": ""}}, {"type": "Feature", "geometry": {"type": "Point", "coordinates": [-75.649, 4.691]}, "properties": {"id": "a39d1bb4-8167-4243-9479-8958396cba6f", "time": "2026-08-13T13:25:00", "media": "../data/media/48879b00-89e8-4bc6-b841-b323289920fb.jpg", "score": 5, "estado": "coherente", "aoi": "Western Colombia", "mmi": 6.9, "mensaje": ""}}, {"type": "Feature", "geometry": {"type": "Point", "coordinates": [-76.658, 5.695]}, "properties": {"id": "a4bcd8e3-747b-4a23-a28b-968629be4fa8", "time": "2026-08-12T20:58:00", "media": "../data/media/51d9b448-aa9f-4ff1-bd5f-3787eba84d3f.jpg", "score": 5, "estado": "coherente", "aoi": "Quibdo Centre", "mmi": 7.5, "mensaje": ""}}, {"type": "Feature", "geometry": {"type": "Point", "coordinates": [-74.061, 4.71]}, "properties": {"id": "a531a1ea-8189-42eb-a824-7bd7ed225e8d", "time": "2026-08-10T23:15:00", "media": "../data/media/7dee48d2-bc3b-42c9-9052-c18bac56eee3.jpg", "score": 4, "estado": "coherente", "aoi": null, "mmi": 5.1, "mensaje": ""}}, {"type": "Feature", "geometry": {"type": "Point", "coordinates": [-76.656, 5.682]}, "properties": {"id": "a5a07e98-64fe-4e50-a7dc-b6dd6c2b630a", "time": "2026-08-14T19:47:00", "media": "../data/media/82faed87-e899-4cde-8698-36329ab3743a.jpg", "score": 5, "estado": "coherente", "aoi": "Quibdo Centre", "mmi": 7.5, "mensaje": ""}}, {"type": "Feature", "geometry": {"type": "Point", "coordinates": [-75.758, 4.808]}, "properties": {"id": "a614f1e0-8d7d-4469-8bc4-cee0d75ea5d0", "time": "2026-08-12T18:54:00", "media": "../data/media/d5727a29-c6f8-4dca-8d45-2682568d59c3.jpg", "score": 5, "estado": "coherente", "aoi": "Western Colombia", "mmi": 7.5, "mensaje": ""}}, {"type": "Feature", "geometry": {"type": "Point", "coordinates": [-75.902, 4.265]}, "properties": {"id": "a7486ccd-7312-41e6-9f96-91be88a333db", "time": "2026-08-12T21:08:00", "media": "../data/media/ba8f86c7-c3ad-456c-8d11-0c7c2b2bbc9d.jpg", "score": 5, "estado": "coherente", "aoi": "Western Colombia", "mmi": 6.6, "mensaje": ""}}, {"type": "Feature", "geometry": {"type": "Point", "coordinates": [-75.758, 4.808]}, "properties": {"id": "a7b96527-c73c-48cc-a829-d67ff9d14ed2", "time": "2026-08-12T18:56:00", "media": "../data/media/3d873be1-7f61-4bb9-b6ee-5cd2cfb67210.jpg", "score": 5, "estado": "coherente", "aoi": "Western Colombia", "mmi": 7.5, "mensaje": ""}}, {"type": "Feature", "geometry": {"type": "Point", "coordinates": [-76.168, 4.164]}, "properties": {"id": "a827155c-10f3-462b-af09-7fb23212b354", "time": "2026-08-18T18:50:00", "media": "../data/media/255fadc3-1b40-400f-a28c-97eaab9507fb.jpg", "score": 5, "estado": "coherente", "aoi": "Western Colombia", "mmi": 7.2, "mensaje": "IMG-20260818-WA0186.jpg (file attached)"}}, {"type": "Feature", "geometry": {"type": "Point", "coordinates": [-76.948, 5.193]}, "properties": {"id": "a9073612-5ccc-42cc-9b3f-e8851c15db40", "time": "2026-08-20T17:47:00", "media": "../data/media/b00b3c7b-c257-46c0-adb5-a3e320e1150a.jpg", "score": 4, "estado": "coherente", "aoi": null, "mmi": 6.7, "mensaje": "IMG-20260820-WA0117.jpg (file attached)"}}, {"type": "Feature", "geometry": {"type": "Point", "coordinates": [-75.649, 4.691]}, "properties": {"id": "a9188763-42e5-42cb-980f-4e63fb5d0279", "time": "2026-08-13T13:42:00", "media": "../data/media/8e2cb487-c672-45a1-83fa-ed1a36439aef.jpg", "score": 5, "estado": "coherente", "aoi": "Western Colombia", "mmi": 6.9, "mensaje": ""}}, {"type": "Feature", "geometry": {"type": "Point", "coordinates": [-76.152, 4.411]}, "properties": {"id": "a9594303-6258-4e06-ae6d-8d329996cfe6", "time": "2026-08-12T17:48:00", "media": "../data/media/34f903cc-d5c0-4e29-a71c-b2a8a7981437.jpg", "score": 5, "estado": "coherente", "aoi": "Western Colombia", "mmi": 7.4, "mensaje": ""}}, {"type": "Feature", "geometry": {"type": "Point", "coordinates": [-75.83, 4.335]}, "properties": {"id": "aa1f2053-02db-4844-a853-194bd3807f2d", "time": "2026-08-11T14:15:00", "media": "../data/media/bfd1dc7a-7936-4257-8b20-3a42c4b4951a.jpg", "score": 5, "estado": "coherente", "aoi": "Western Colombia", "mmi": 6.8, "mensaje": ""}}, {"type": "Feature", "geometry": {"type": "Point", "coordinates": [-75.933, 4.265]}, "properties": {"id": "aa715a53-d5f9-4897-bdaf-09071cebbda7", "time": "2026-08-14T19:47:00", "media": "../data/media/4d0e2689-8e60-4880-abd1-ef2b73402f0d.jpg", "score": 5, "estado": "coherente", "aoi": "Western Colombia", "mmi": 6.6, "mensaje": ""}}, {"type": "Feature", "geometry": {"type": "Point", "coordinates": [-75.702, 4.795]}, "properties": {"id": "aab0419e-798c-4904-b04e-a1574a0d822c", "time": "2026-08-14T19:47:00", "media": "../data/media/2617853a-9142-410a-96a7-8a5c86018263.jpg", "score": 5, "estado": "coherente", "aoi": "Western Colombia", "mmi": 7.6, "mensaje": ""}}, {"type": "Feature", "geometry": {"type": "Point", "coordinates": [-75.629, 4.858]}, "properties": {"id": "aae25609-b9c8-4050-ac00-aa95b08460ba", "time": "2026-08-11T21:23:00", "media": "../data/media/b702ec7b-6b3e-4014-98cc-fbc9d6e775d3.jpg", "score": 5, "estado": "coherente", "aoi": "Western Colombia", "mmi": 7.4, "mensaje": ""}}, {"type": "Feature", "geometry": {"type": "Point", "coordinates": [-75.694, 4.81]}, "properties": {"id": "abc1749d-ad9c-4eb5-841e-1bd78b1296b7", "time": "2026-08-13T13:51:00", "media": "../data/media/e5fb9003-1dd6-4fa9-9d93-0792f7810cdf.jpg", "score": 5, "estado": "coherente", "aoi": "Pereira", "mmi": 7.5, "mensaje": ""}}, {"type": "Feature", "geometry": {"type": "Point", "coordinates": [-76.122, 5.351]}, "properties": {"id": "ac33fe39-fe16-4f9a-b63d-c1a92d1ea323", "time": "2026-08-13T09:45:20", "media": "../data/media/5eb4e1f3-76a4-45bb-b719-84b7cd6b816c.jpg", "score": 2, "estado": "recibido", "aoi": null, "mmi": 6.1, "mensaje": ""}}, {"type": "Feature", "geometry": {"type": "Point", "coordinates": [-75.692, 4.796]}, "properties": {"id": "ac463c70-460d-45f0-98e6-e2922d66c449", "time": "2026-08-20T08:09:00", "media": "../data/media/d1a301a0-2bff-4837-9fef-7cd542304a45.jpg", "score": 5, "estado": "coherente", "aoi": "Pereira", "mmi": 7.6, "mensaje": "IMG-20260819-WA0124.jpg (file attached)"}}, {"type": "Feature", "geometry": {"type": "Point", "coordinates": [-75.702, 4.795]}, "properties": {"id": "ac78fd70-42f6-4713-ad52-317c04ea84ec", "time": "2026-08-14T19:47:00", "media": "../data/media/3433dc2e-ff52-4860-bf00-4b93ec5deb56.jpg", "score": 5, "estado": "coherente", "aoi": "Western Colombia", "mmi": 7.6, "mensaje": ""}}, {"type": "Feature", "geometry": {"type": "Point", "coordinates": [-76.653, 2.763]}, "properties": {"id": "ad5f4cc0-d62a-4f3d-a309-fbab92b640f1", "time": "2026-08-20T08:09:00", "media": "../data/media/79631fcd-ccb0-4c73-b672-273fa2bc9ac5.jpg", "score": 5, "estado": "coherente", "aoi": "Western Colombia", "mmi": 5.0, "mensaje": "IMG-20260819-WA0128.jpg (file attached)"}}, {"type": "Feature", "geometry": {"type": "Point", "coordinates": [-75.694, 4.817]}, "properties": {"id": "ad9009c4-6136-4bc2-9265-b98603a44e25", "time": "2026-08-20T17:47:00", "media": "../data/media/daaf3420-d376-4565-8f29-a12c840bc3ef.jpg", "score": 5, "estado": "coherente", "aoi": "Pereira", "mmi": 7.5, "mensaje": "IMG-20260820-WA0092.jpg (file attached)"}}, {"type": "Feature", "geometry": {"type": "Point", "coordinates": [-76.648, 5.686]}, "properties": {"id": "ade117b9-e58e-4dc5-bf9a-f93f2e10ff92", "time": "2026-08-13T14:12:00", "media": "../data/media/5fe40d47-8934-4e50-80c9-8690795e3d21.jpg", "score": 5, "estado": "coherente", "aoi": "Quibdo Centre", "mmi": 7.5, "mensaje": ""}}, {"type": "Feature", "geometry": {"type": "Point", "coordinates": [-76.646, 5.682]}, "properties": {"id": "adf226a3-ab16-4fbb-aa5d-7cc0f4f70bc5", "time": "2026-08-14T19:47:00", "media": "../data/media/86c7419f-1106-4b61-94fb-d4245fffef9c.jpg", "score": 5, "estado": "coherente", "aoi": "Quibdo Centre", "mmi": 7.4, "mensaje": ""}}, {"type": "Feature", "geometry": {"type": "Point", "coordinates": [-76.289, 4.236]}, "properties": {"id": "aed1f268-8447-4bf8-98c4-494b480b3905", "time": "2026-08-14T14:38:00", "media": "../data/media/f9cabe92-58b2-4c2e-af3c-6fd3776ca60c.jpg", "score": 5, "estado": "coherente", "aoi": "Western Colombia", "mmi": 6.6, "mensaje": ""}}, {"type": "Feature", "geometry": {"type": "Point", "coordinates": [-75.758, 4.808]}, "properties": {"id": "af39bca0-727e-4a71-98e2-37d409b4fad8", "time": "2026-08-12T18:53:00", "media": "../data/media/5f9494c0-3811-40d6-97de-8d6af96a3a98.jpg", "score": 5, "estado": "coherente", "aoi": "Western Colombia", "mmi": 7.5, "mensaje": ""}}, {"type": "Feature", "geometry": {"type": "Point", "coordinates": [-75.83, 4.335]}, "properties": {"id": "b1313495-ad95-48f7-85c2-d725192c4e8f", "time": "2026-08-11T15:52:00", "media": "../data/media/c26205b6-6d93-4aa8-a75e-a1fbd31bbb8f.jpg", "score": 5, "estado": "coherente", "aoi": "Western Colombia", "mmi": 6.8, "mensaje": ""}}, {"type": "Feature", "geometry": {"type": "Point", "coordinates": [-76.646, 5.688]}, "properties": {"id": "b18b0434-028e-4471-8611-c9b08e56ed9a", "time": "2026-08-11T22:16:00", "media": "../data/media/88a83c84-509b-43bc-b573-e852bdac49c5.jpg", "score": 5, "estado": "coherente", "aoi": "Quibdo Centre", "mmi": 7.4, "mensaje": ""}}, {"type": "Feature", "geometry": {"type": "Point", "coordinates": [-76.661, 5.699]}, "properties": {"id": "b20b2532-3de3-4a15-8849-83daaa063f4c", "time": "2026-08-13T14:05:00", "media": "https://pub-ca7861342f67400d94b3cb8ae8300a58.r2.dev/dd6a52c4-4cbb-4829-9387-c7c13895cace.mp4", "score": 5, "estado": "coherente", "aoi": "Quibdo Centre", "mmi": 7.5, "mensaje": ""}}, {"type": "Feature", "geometry": {"type": "Point", "coordinates": [-75.485, 5.055]}, "properties": {"id": "b2a98184-2715-4073-9d33-c4fc9ef84a28", "time": "2026-08-10T20:35:00", "media": "../data/media/7830a640-eb6f-44e0-ae86-c5294a0a8429.jpg", "score": 5, "estado": "coherente", "aoi": "Western Colombia", "mmi": 6.5, "mensaje": ""}}, {"type": "Feature", "geometry": {"type": "Point", "coordinates": [-76.64, 5.673]}, "properties": {"id": "b378718f-74f1-4597-a331-421bccb00786", "time": "2026-08-11T21:07:00", "media": "../data/media/694262dc-4041-455c-a40f-842dfeb1c48c.jpg", "score": 4, "estado": "coherente", "aoi": null, "mmi": 7.4, "mensaje": ""}}, {"type": "Feature", "geometry": {"type": "Point", "coordinates": [-76.544, 3.431]}, "properties": {"id": "b3df06af-39dc-4f42-b543-563837712bae", "time": "2026-08-11T17:56:00", "media": "../data/media/cab16999-8204-4dee-8cbb-bdb1a04e7fa4.jpg", "score": 5, "estado": "coherente", "aoi": "Western Colombia", "mmi": 6.3, "mensaje": ""}}, {"type": "Feature", "geometry": {"type": "Point", "coordinates": [-76.543, 3.393]}, "properties": {"id": "b4171f3d-4229-4129-a430-56f04bdf7654", "time": "2026-08-11T10:38:54", "media": "https://pub-ca7861342f67400d94b3cb8ae8300a58.r2.dev/1ae11f09-b7b0-4387-b88d-1a3f90ac1112.mp4", "score": 5, "estado": "coherente", "aoi": "Western Colombia", "mmi": 6.4, "mensaje": ""}}, {"type": "Feature", "geometry": {"type": "Point", "coordinates": [-76.486, 3.933]}, "properties": {"id": "b44d0d13-63e0-4baa-b2d4-9c5379f593aa", "time": "2026-08-12T21:17:00", "media": "../data/media/0532639e-7a4d-4ea1-8766-134be786469c.jpg", "score": 5, "estado": "coherente", "aoi": "Western Colombia", "mmi": 5.7, "mensaje": ""}}, {"type": "Feature", "geometry": {"type": "Point", "coordinates": [-75.701, 4.81]}, "properties": {"id": "b466eb5c-cda1-4435-bf1f-84945e6263cc", "time": "2026-08-18T18:50:00", "media": "../data/media/39c5d523-5f71-4f58-8139-fd42e18e2522.jpg", "score": 5, "estado": "coherente", "aoi": "Pereira", "mmi": 7.5, "mensaje": "IMG-20260818-WA0207.jpg (file attached)"}}, {"type": "Feature", "geometry": {"type": "Point", "coordinates": [-76.65, 5.681]}, "properties": {"id": "b47d8402-d4d5-4fbe-9ab1-24246aa4c7fc", "time": "2026-08-11T20:55:00", "media": "../data/media/a6bc468f-3e6b-4d17-932b-2c20ee6084d0.jpg", "score": 5, "estado": "coherente", "aoi": "Quibdo Centre", "mmi": 7.5, "mensaje": ""}}, {"type": "Feature", "geometry": {"type": "Point", "coordinates": [-75.7, 4.811]}, "properties": {"id": "b4861af2-2920-4b13-aee9-1069c794144a", "time": "2026-08-18T18:50:00", "media": "../data/media/5ada5c16-bf2e-4eb4-b8a0-62114287e17b.jpg", "score": 5, "estado": "coherente", "aoi": "Pereira", "mmi": 7.5, "mensaje": "IMG-20260818-WA0215.jpg (file attached)"}}, {"type": "Feature", "geometry": {"type": "Point", "coordinates": [-75.83, 4.335]}, "properties": {"id": "b54dc97f-ae1f-4f7f-91d2-90d8499c4a81", "time": "2026-08-11T15:55:00", "media": "../data/media/123e6dc7-36f4-488f-a161-8c7f009bc2fe.jpg", "score": 5, "estado": "coherente", "aoi": "Western Colombia", "mmi": 6.8, "mensaje": ""}}, {"type": "Feature", "geometry": {"type": "Point", "coordinates": [-75.698, 4.811]}, "properties": {"id": "b5557da6-df1d-4274-bbd7-d158ee22d170", "time": "2026-08-18T18:50:00", "media": "../data/media/c1b1f1f2-5f92-43bc-b3b5-944c761c5308.jpg", "score": 5, "estado": "coherente", "aoi": "Pereira", "mmi": 7.5, "mensaje": "IMG-20260818-WA0187.jpg (file attached)"}}, {"type": "Feature", "geometry": {"type": "Point", "coordinates": [-75.829, 4.333]}, "properties": {"id": "b59beb4d-fef1-4c8a-bc1c-fe994c157cbb", "time": "2026-08-11T14:18:00", "media": "../data/media/2c789036-5979-4624-94c5-3d8c22f21130.jpg", "score": 5, "estado": "coherente", "aoi": "Western Colombia", "mmi": 6.8, "mensaje": ""}}, {"type": "Feature", "geometry": {"type": "Point", "coordinates": [-76.528, 3.408]}, "properties": {"id": "b59d4451-6146-43b3-a856-9c9f93cedcdd", "time": "2026-08-11T11:49:32", "media": "../data/media/2036f302-ddd5-4c56-84b9-795522f8e8c7.jpg", "score": 5, "estado": "coherente", "aoi": "Western Colombia", "mmi": 6.6, "mensaje": ""}}, {"type": "Feature", "geometry": {"type": "Point", "coordinates": [-76.538, 3.439]}, "properties": {"id": "b60a9fb7-f62d-4706-9a87-5e49f73590ca", "time": "2026-08-11T10:43:30", "media": "../data/media/b54575c4-a397-4751-9b68-92ceeaf58749.jpg", "score": 5, "estado": "coherente", "aoi": "Western Colombia", "mmi": 6.6, "mensaje": ""}}, {"type": "Feature", "geometry": {"type": "Point", "coordinates": [-75.492, 5.056]}, "properties": {"id": "b7800f1e-678f-4b4f-8e98-7552c03d0b8a", "time": "2026-08-10T19:59:00", "media": "../data/media/246faa10-622e-4063-9125-7ce2d72304c7.jpg", "score": 5, "estado": "coherente", "aoi": "Western Colombia", "mmi": 7.1, "mensaje": ""}}, {"type": "Feature", "geometry": {"type": "Point", "coordinates": [-75.807, 4.453]}, "properties": {"id": "b7ce91c9-3296-4fed-b4f2-7cd1364d3ff0", "time": "2026-08-13T13:01:00", "media": "../data/media/e33d2530-b4ef-4150-94b4-d21bb516946a.jpg", "score": 3, "estado": "coherente", "aoi": "Western Colombia", "mmi": 7.3, "mensaje": ""}}, {"type": "Feature", "geometry": {"type": "Point", "coordinates": [-75.702, 4.795]}, "properties": {"id": "b7f72a5b-bdcf-47f1-a623-2e089bba29dc", "time": "2026-08-14T19:47:00", "media": "../data/media/2c7932be-aa0b-46ee-9fc6-dafdea74d2ab.jpg", "score": 5, "estado": "coherente", "aoi": "Western Colombia", "mmi": 7.6, "mensaje": ""}}, {"type": "Feature", "geometry": {"type": "Point", "coordinates": [-75.488, 5.06]}, "properties": {"id": "b8066ee9-0662-4246-afb5-f62c34088722", "time": "2026-08-10T19:29:00", "media": "../data/media/b98ebffe-4aba-4eb1-bd34-0f137e9c5694.jpg", "score": 5, "estado": "coherente", "aoi": "Western Colombia", "mmi": 6.4, "mensaje": ""}}, {"type": "Feature", "geometry": {"type": "Point", "coordinates": [-76.416, 5.412]}, "properties": {"id": "b8837729-b9ff-4946-96da-8ebbe5f7ae55", "time": "2026-08-13T13:54:00", "media": "../data/media/a6aebaf0-3473-4b5b-ab29-cd15445364f7.jpg", "score": 4, "estado": "coherente", "aoi": null, "mmi": 6.8, "mensaje": ""}}, {"type": "Feature", "geometry": {"type": "Point", "coordinates": [-76.439, 3.973]}, "properties": {"id": "ba032541-c18a-4184-8d61-73625e8bb61c", "time": "2026-08-12T17:54:00", "media": "../data/media/ee1b6783-278c-41c1-b40a-8aa971b8cdde.jpg", "score": 5, "estado": "coherente", "aoi": "Western Colombia", "mmi": 5.9, "mensaje": ""}}, {"type": "Feature", "geometry": {"type": "Point", "coordinates": [-75.57, 6.261]}, "properties": {"id": "bb009124-7592-4249-a4b9-e135e6eefb24", "time": "2026-08-13T13:57:00", "media": "../data/media/8ac6bc33-a8cf-4fd5-99a6-9e4bbbfca293.jpg", "score": 3, "estado": "coherente", "aoi": null, "mmi": 4.8, "mensaje": ""}}, {"type": "Feature", "geometry": {"type": "Point", "coordinates": [-76.65, 5.696]}, "properties": {"id": "bb9fd95d-633b-4767-8db6-7858efd629a5", "time": "2026-08-13T14:00:00", "media": "https://pub-ca7861342f67400d94b3cb8ae8300a58.r2.dev/a5c53333-3657-428c-b4d6-6de02328018a.mp4", "score": 4, "estado": "coherente", "aoi": null, "mmi": 7.5, "mensaje": ""}}, {"type": "Feature", "geometry": {"type": "Point", "coordinates": [-76.642, 5.675]}, "properties": {"id": "bba132bc-c43a-4ebe-89d5-92dfa0eb0d34", "time": "2026-08-14T19:47:00", "media": "../data/media/db7e5d5d-47a2-42b4-a5c2-4aac49772fed.jpg", "score": 5, "estado": "coherente", "aoi": "Quibdo Centre", "mmi": 7.4, "mensaje": ""}}, {"type": "Feature", "geometry": {"type": "Point", "coordinates": [-76.553, 3.396]}, "properties": {"id": "bc04d5d0-809e-4a79-a09a-05cb0b0e3d0f", "time": "2026-08-10T19:04:00", "media": "../data/media/313a9daf-f3ed-45bd-884b-69e0a6602a1d.jpg", "score": 5, "estado": "coherente", "aoi": "Western Colombia", "mmi": 6.4, "mensaje": ""}}, {"type": "Feature", "geometry": {"type": "Point", "coordinates": [-75.739, 4.806]}, "properties": {"id": "bc70a560-3b6f-4f6e-a3e8-4d8fd6cde933", "time": "2026-08-14T14:38:00", "media": "../data/media/c2e57ce3-1635-4fb8-bfd5-8174fb9c6d52.jpg", "score": 5, "estado": "coherente", "aoi": "Western Colombia", "mmi": 7.7, "mensaje": ""}}, {"type": "Feature", "geometry": {"type": "Point", "coordinates": [-75.689, 4.805]}, "properties": {"id": "bd2dc273-7a4f-4f21-a51c-f964a1f253ea", "time": "2026-08-20T17:47:00", "media": "../data/media/2eebbd1c-756f-4598-90f6-a8b680c91194.jpg", "score": 5, "estado": "coherente", "aoi": "Pereira", "mmi": 7.6, "mensaje": "IMG-20260820-WA0122.jpg (file attached)"}}, {"type": "Feature", "geometry": {"type": "Point", "coordinates": [-75.492, 5.056]}, "properties": {"id": "bdc653ce-e0b5-41ec-b684-e044aca88a44", "time": "2026-08-10T19:58:00", "media": "../data/media/98b2cde3-b833-404e-99d3-34275a63c16f.jpg", "score": 5, "estado": "coherente", "aoi": "Western Colombia", "mmi": 7.1, "mensaje": ""}}, {"type": "Feature", "geometry": {"type": "Point", "coordinates": [-76.686, 3.774]}, "properties": {"id": "be047127-c21c-4d47-94f0-2d7a7e3ffc51", "time": "2026-08-11T16:44:00", "media": "", "score": 3, "estado": "coherente", "aoi": "Western Colombia", "mmi": 5.5, "mensaje": ""}}, {"type": "Feature", "geometry": {"type": "Point", "coordinates": [-76.641, 5.68]}, "properties": {"id": "bfbac54e-7b79-48d1-b39f-f4a6cb989867", "time": "2026-08-20T08:09:00", "media": "../data/media/c4ad41bb-092c-42f6-b586-d73e7854988c.jpg", "score": 5, "estado": "coherente", "aoi": "Quibdo Centre", "mmi": 7.4, "mensaje": "IMG-20260819-WA0121.jpg (file attached)"}}, {"type": "Feature", "geometry": {"type": "Point", "coordinates": [-75.705, 4.812]}, "properties": {"id": "bfd15a21-a815-4fe1-afd0-97d81707af6c", "time": "2026-08-11T20:39:00", "media": "../data/media/188f3bac-ba07-4698-b727-d5baf8430c41.jpg", "score": 5, "estado": "coherente", "aoi": "Pereira", "mmi": 7.5, "mensaje": ""}}, {"type": "Feature", "geometry": {"type": "Point", "coordinates": [-76.638, 4.976]}, "properties": {"id": "c0604512-a095-4287-a615-f9a2c9199193", "time": "2026-08-11T19:22:00", "media": "https://pub-ca7861342f67400d94b3cb8ae8300a58.r2.dev/65d0f519-405a-408b-a99d-0edd5caee5bc.mp4", "score": 5, "estado": "coherente", "aoi": "Western Colombia", "mmi": 6.9, "mensaje": ""}}, {"type": "Feature", "geometry": {"type": "Point", "coordinates": [-76.416, 5.412]}, "properties": {"id": "c0aa4750-fe05-4aa7-b7c6-80e4f600b1b2", "time": "2026-08-13T13:52:00", "media": "../data/media/58e9d982-f311-407e-a690-4faa1457a5c4.jpg", "score": 2, "estado": "recibido", "aoi": null, "mmi": 6.8, "mensaje": ""}}, {"type": "Feature", "geometry": {"type": "Point", "coordinates": [-76.65, 5.687]}, "properties": {"id": "c120c3f5-74a3-44f9-9b04-a70e231a54ac", "time": "2026-08-12T21:04:00", "media": "../data/media/8303b58c-f356-4976-8ad8-6d9f6c8a891b.jpg", "score": 5, "estado": "coherente", "aoi": "Quibdo Centre", "mmi": 7.5, "mensaje": ""}}, {"type": "Feature", "geometry": {"type": "Point", "coordinates": [-76.626, 5.305]}, "properties": {"id": "c1928d43-3357-41f9-b4b9-8c411a8b2ab6", "time": "2026-08-20T17:47:00", "media": "../data/media/c4188b96-1caf-426e-9534-cae3dfdfce98.jpg", "score": 5, "estado": "coherente", "aoi": "Western Colombia", "mmi": 6.9, "mensaje": "IMG-20260820-WA0027.jpg (file attached)"}}, {"type": "Feature", "geometry": {"type": "Point", "coordinates": [-76.64, 5.678]}, "properties": {"id": "c23fd790-11f8-4b18-b76c-48f72db4725c", "time": "2026-08-14T14:38:00", "media": "https://pub-ca7861342f67400d94b3cb8ae8300a58.r2.dev/3af55d9a-5e17-4e01-8553-dc4981c7bfe8.mp4", "score": 4, "estado": "coherente", "aoi": null, "mmi": 7.4, "mensaje": ""}}, {"type": "Feature", "geometry": {"type": "Point", "coordinates": [-75.706, 4.812]}, "properties": {"id": "c3278f47-3520-409d-bd4b-2a964bb22e41", "time": "2026-08-15T08:39:40", "media": "../data/media/5c98b758-e383-4985-b37b-d3c710838e8b.jpg", "score": 5, "estado": "coherente", "aoi": "Pereira", "mmi": 7.5, "mensaje": ""}}, {"type": "Feature", "geometry": {"type": "Point", "coordinates": [-76.654, 5.682]}, "properties": {"id": "c4056970-c31f-4960-9486-e0b3719d90d9", "time": "2026-08-14T19:47:00", "media": "../data/media/6ef13ad2-9511-4f1a-885c-f247b4eca6e7.jpg", "score": 5, "estado": "coherente", "aoi": "Quibdo Centre", "mmi": 7.5, "mensaje": ""}}, {"type": "Feature", "geometry": {"type": "Point", "coordinates": [-76.634, 5.67]}, "properties": {"id": "c42620b7-f0a1-487c-b9dc-e9908497c8e4", "time": "2026-08-13T14:16:00", "media": "https://pub-ca7861342f67400d94b3cb8ae8300a58.r2.dev/e7f4097a-5ca6-45de-823c-b34b2a8707f5.mp4", "score": 4, "estado": "coherente", "aoi": null, "mmi": 7.4, "mensaje": ""}}, {"type": "Feature", "geometry": {"type": "Point", "coordinates": [-75.691, 4.54]}, "properties": {"id": "c4becdf0-37d4-415a-8314-2d2ccd101105", "time": "2026-08-10T15:59:00", "media": "../data/media/79020bab-3d9f-429c-97e7-f424c07ce3bc.jpg", "score": 5, "estado": "coherente", "aoi": "Western Colombia", "mmi": 7.4, "mensaje": ""}}, {"type": "Feature", "geometry": {"type": "Point", "coordinates": [-76.659, 5.704]}, "properties": {"id": "c5717beb-9159-4a8f-81ce-bda5edcf4eb2", "time": "2026-08-13T14:13:00", "media": "../data/media/e1b26194-35f0-46a1-b10b-1a973db61858.jpg", "score": 4, "estado": "coherente", "aoi": null, "mmi": 7.5, "mensaje": ""}}, {"type": "Feature", "geometry": {"type": "Point", "coordinates": [-72.958, 5.682]}, "properties": {"id": "c5927a6b-1430-4e68-ae54-f8fd6be6e763", "time": "2026-08-12T17:45:00", "media": "https://pub-ca7861342f67400d94b3cb8ae8300a58.r2.dev/700e4878-69a9-4696-8555-050ab4823e79.opus", "score": 3, "estado": "coherente", "aoi": null, "mmi": null, "mensaje": ""}}, {"type": "Feature", "geometry": {"type": "Point", "coordinates": [-76.65, 5.681]}, "properties": {"id": "c5fa09a2-c32a-4e7a-a372-4512b18959e8", "time": "2026-08-10T16:03:00", "media": "../data/media/dc42ee82-97d0-4e30-b522-607344fa3c7d.jpg", "score": 5, "estado": "coherente", "aoi": "Quibdo Centre", "mmi": 7.5, "mensaje": ""}}, {"type": "Feature", "geometry": {"type": "Point", "coordinates": [-75.649, 4.691]}, "properties": {"id": "c60d0ec0-82b5-46d2-849a-bd5ee0f28276", "time": "2026-08-13T13:39:00", "media": "../data/media/bb19c0d8-2140-4771-9730-3bed6dac5360.jpg", "score": 5, "estado": "coherente", "aoi": "Western Colombia", "mmi": 6.9, "mensaje": ""}}, {"type": "Feature", "geometry": {"type": "Point", "coordinates": [-76.481, 3.931]}, "properties": {"id": "c727af87-0dfc-4550-9b99-cead06fc630c", "time": "2026-08-13T14:15:00", "media": "../data/media/e38dea9e-b412-4763-a758-2b835ca95b43.jpg", "score": 5, "estado": "coherente", "aoi": "Western Colombia", "mmi": 5.7, "mensaje": ""}}, {"type": "Feature", "geometry": {"type": "Point", "coordinates": [-76.154, 4.409]}, "properties": {"id": "c88e6645-50eb-4e07-a2b0-ae5115a3fc19", "time": "2026-08-15T21:15:00", "media": "https://pub-ca7861342f67400d94b3cb8ae8300a58.r2.dev/70f07dcd-d3d3-4a62-a701-c0275a25df33.mp4", "score": 5, "estado": "coherente", "aoi": "Western Colombia", "mmi": 7.4, "mensaje": "<attached: 00000013-VIDEO-2026-08-15-21-15-56.mp4>"}}, {"type": "Feature", "geometry": {"type": "Point", "coordinates": [-75.694, 4.811]}, "properties": {"id": "c8c74c38-d644-41f6-8c5a-1c04cc9bbbb3", "time": "2026-08-13T13:52:00", "media": "../data/media/ecc69f4a-efe7-4c6e-afee-6d0dd3ae67f2.jpg", "score": 5, "estado": "coherente", "aoi": "Pereira", "mmi": 7.5, "mensaje": ""}}, {"type": "Feature", "geometry": {"type": "Point", "coordinates": [-75.674, 4.833]}, "properties": {"id": "c8e60146-24de-4c53-92d8-acd236e2bf33", "time": "2026-08-20T17:47:00", "media": "https://pub-ca7861342f67400d94b3cb8ae8300a58.r2.dev/d32b5b8d-0bcb-4ed6-9a6e-c7acddfe99db.mp4", "score": 5, "estado": "coherente", "aoi": "Western Colombia", "mmi": 7.5, "mensaje": "VID-20260820-WA0113.mp4 (file attached)"}}, {"type": "Feature", "geometry": {"type": "Point", "coordinates": [-76.641, 5.673]}, "properties": {"id": "c8e70f43-24df-49ef-a16b-2d87fe4dcca5", "time": "2026-08-11T21:07:00", "media": "https://pub-ca7861342f67400d94b3cb8ae8300a58.r2.dev/eb3e9a80-3c41-46ec-ad59-8314ecfc3df5.mp4", "score": 4, "estado": "coherente", "aoi": null, "mmi": 7.4, "mensaje": ""}}, {"type": "Feature", "geometry": {"type": "Point", "coordinates": [-76.553, 3.408]}, "properties": {"id": "c9689cdc-f025-4806-9fe4-1a20a2b9a6be", "time": "2026-08-13T14:22:00", "media": "../data/media/881d0ffc-ec3d-4d27-8a3d-86a92e4dadec.jpg", "score": 5, "estado": "coherente", "aoi": "Western Colombia", "mmi": 6.3, "mensaje": ""}}, {"type": "Feature", "geometry": {"type": "Point", "coordinates": [-76.549, 3.412]}, "properties": {"id": "c9c6c45d-27aa-4c8d-ba0f-a7c338670405", "time": "2026-08-12T18:00:00", "media": "https://pub-ca7861342f67400d94b3cb8ae8300a58.r2.dev/05cb9771-b232-408d-a1cc-0a2d971edecd.mp4", "score": 5, "estado": "coherente", "aoi": "Western Colombia", "mmi": 6.3, "mensaje": ""}}, {"type": "Feature", "geometry": {"type": "Point", "coordinates": [-75.758, 4.808]}, "properties": {"id": "cadecd5a-8624-467a-9c83-158d212d48e8", "time": "2026-08-12T18:55:00", "media": "../data/media/342f428e-a454-4fa6-bd6b-643532156961.jpg", "score": 5, "estado": "coherente", "aoi": "Western Colombia", "mmi": 7.5, "mensaje": ""}}, {"type": "Feature", "geometry": {"type": "Point", "coordinates": [-75.694, 4.812]}, "properties": {"id": "cb3ce63a-f700-49dc-8437-45c69d7819cd", "time": "2026-08-10T18:38:00", "media": "../data/media/7c98b5a1-6e4f-4f20-9447-b4362bd71c33.jpg", "score": 5, "estado": "coherente", "aoi": "Pereira", "mmi": 7.5, "mensaje": ""}}, {"type": "Feature", "geometry": {"type": "Point", "coordinates": [-75.596, 6.253]}, "properties": {"id": "cb9a6df9-afc7-4f4f-acd8-1bc9e1dbec46", "time": "2026-08-10T16:38:00", "media": "../data/media/bbaf9103-138d-4d43-92ff-29e44e1fdc8e.jpg", "score": 3, "estado": "coherente", "aoi": null, "mmi": 4.8, "mensaje": ""}}, {"type": "Feature", "geometry": {"type": "Point", "coordinates": [-76.416, 5.412]}, "properties": {"id": "cbfd1082-bd7d-4c08-b1bf-0f65f5e67489", "time": "2026-08-13T13:54:00", "media": "../data/media/b4f806d1-2a21-459d-99f4-65202663f079.jpg", "score": 4, "estado": "coherente", "aoi": null, "mmi": 6.8, "mensaje": ""}}, {"type": "Feature", "geometry": {"type": "Point", "coordinates": [-76.652, 5.679]}, "properties": {"id": "cc6eb71a-2ccb-414e-9394-21bb7ee4cf08", "time": "2026-08-11T11:51:33", "media": "../data/media/5b4b8d6a-d537-4baa-b389-8843caa8c3a5.jpg", "score": 5, "estado": "coherente", "aoi": "Quibdo Centre", "mmi": 7.5, "mensaje": ""}}, {"type": "Feature", "geometry": {"type": "Point", "coordinates": [-76.641, 5.678]}, "properties": {"id": "cde6b207-e7b8-4741-8260-a364a6fe8167", "time": "2026-08-14T19:47:00", "media": "https://pub-ca7861342f67400d94b3cb8ae8300a58.r2.dev/b1b099c5-6114-4b97-b50a-0dd164763c92.mp4", "score": 5, "estado": "coherente", "aoi": "Quibdo Centre", "mmi": 7.4, "mensaje": ""}}, {"type": "Feature", "geometry": {"type": "Point", "coordinates": [-75.696, 4.808]}, "properties": {"id": "ce2a2c5b-3744-458b-9783-23645d7608a5", "time": "2026-08-11T20:52:00", "media": "../data/media/54e85d13-d2ed-4b2d-9da3-66a73ff2726b.jpg", "score": 5, "estado": "coherente", "aoi": "Pereira", "mmi": 7.5, "mensaje": ""}}, {"type": "Feature", "geometry": {"type": "Point", "coordinates": [-77.367, 4.953]}, "properties": {"id": "ce326c79-86a7-4a20-8f36-5e7c0a817c37", "time": "2026-08-13T13:43:00", "media": "../data/media/f61a98d9-c7ad-4a36-a74a-b0132c933a15.jpg", "score": 4, "estado": "coherente", "aoi": null, "mmi": 6.2, "mensaje": ""}}, {"type": "Feature", "geometry": {"type": "Point", "coordinates": [-75.683, 4.823]}, "properties": {"id": "ce41296e-4ac0-4692-96ce-58eba2d6d2a7", "time": "2026-08-11T20:53:00", "media": "../data/media/0ac5442b-7a99-45bb-b41b-8dd5aa4eca48.jpg", "score": 5, "estado": "coherente", "aoi": "Western Colombia", "mmi": 7.5, "mensaje": ""}}, {"type": "Feature", "geometry": {"type": "Point", "coordinates": [-76.303, 3.504]}, "properties": {"id": "ce71a858-80aa-467c-acd6-b8cb24c84553", "time": "2026-08-12T17:41:00", "media": "https://pub-ca7861342f67400d94b3cb8ae8300a58.r2.dev/f728f8be-0194-4800-b43b-3cb8c9d3d9be.mp4", "score": 5, "estado": "coherente", "aoi": "Western Colombia", "mmi": 6.3, "mensaje": ""}}, {"type": "Feature", "geometry": {"type": "Point", "coordinates": [-76.606, 2.449]}, "properties": {"id": "ce9dc128-53f6-4f8e-8955-b48d93644aa3", "time": "2026-08-18T18:50:00", "media": "../data/media/678a01f8-ed28-4b03-aed8-706402d9c64c.jpg", "score": 4, "estado": "coherente", "aoi": "Western Colombia", "mmi": 4.9, "mensaje": "IMG-20260818-WA0192.jpg (file attached)"}}, {"type": "Feature", "geometry": {"type": "Point", "coordinates": [-75.695, 4.796]}, "properties": {"id": "ceaa575c-6158-402f-8e19-89803eb0d14a", "time": "2026-08-18T18:50:00", "media": "../data/media/5a36262d-a45a-4657-b6e9-f04b399cfc5c.jpg", "score": 5, "estado": "coherente", "aoi": "Pereira", "mmi": 7.6, "mensaje": "IMG-20260818-WA0159.jpg (file attached)"}}, {"type": "Feature", "geometry": {"type": "Point", "coordinates": [-75.691, 4.804]}, "properties": {"id": "cef7ce96-dbb3-4ad4-8d35-b095368d8f03", "time": "2026-08-20T08:09:00", "media": "../data/media/357206a1-43da-4f24-911c-bbec3351d428.jpg", "score": 5, "estado": "coherente", "aoi": "Pereira", "mmi": 7.6, "mensaje": "IMG-20260819-WA0130.jpg (file attached)"}}, {"type": "Feature", "geometry": {"type": "Point", "coordinates": [-76.535, 3.421]}, "properties": {"id": "cf8142e1-c29c-40d8-bfee-181d079f5cd5", "time": "2026-08-10T16:01:00", "media": "../data/media/b9e8beb5-dabb-47a8-8b27-39f4e3baa477.jpg", "score": 5, "estado": "coherente", "aoi": "Western Colombia", "mmi": 6.6, "mensaje": ""}}, {"type": "Feature", "geometry": {"type": "Point", "coordinates": [-75.681, 4.829]}, "properties": {"id": "cfbdda9b-67ae-46a8-aa48-be42569f12d3", "time": "2026-08-13T13:23:00", "media": "../data/media/5768cfc9-482d-4aed-8976-5535aa32f97b.jpg", "score": 5, "estado": "coherente", "aoi": "Western Colombia", "mmi": 7.5, "mensaje": ""}}, {"type": "Feature", "geometry": {"type": "Point", "coordinates": [-75.697, 4.803]}, "properties": {"id": "d15ed0c4-c326-4604-be56-aace9884fbaa", "time": "2026-08-14T19:47:00", "media": "../data/media/7328dd22-152b-4ff4-b83e-9de8b39a0b76.jpg", "score": 5, "estado": "coherente", "aoi": "Pereira", "mmi": 7.6, "mensaje": ""}}, {"type": "Feature", "geometry": {"type": "Point", "coordinates": [-76.552, 3.407]}, "properties": {"id": "d16af55e-eaca-4d56-836e-e089be04a2a5", "time": "2026-08-13T09:48:10", "media": "../data/media/c88be659-0cdd-4796-b1f2-fc280fc34241.jpg", "score": 5, "estado": "coherente", "aoi": "Western Colombia", "mmi": 6.3, "mensaje": ""}}, {"type": "Feature", "geometry": {"type": "Point", "coordinates": [-76.545, 3.391]}, "properties": {"id": "d1906203-ec2c-41f9-95d5-da7af7cf5239", "time": "2026-08-13T14:08:00", "media": "https://pub-ca7861342f67400d94b3cb8ae8300a58.r2.dev/fd211407-ce6e-4cdf-aa99-67e90bf72caf.mp4", "score": 5, "estado": "coherente", "aoi": "Western Colombia", "mmi": 6.4, "mensaje": ""}}, {"type": "Feature", "geometry": {"type": "Point", "coordinates": [-76.545, 3.42]}, "properties": {"id": "d29d8d59-4322-4d74-a196-82ae60436216", "time": "2026-08-12T19:01:00", "media": "../data/media/a39535e6-4e41-4e2b-b5c0-eb022c8475ac.jpg", "score": 5, "estado": "coherente", "aoi": "Western Colombia", "mmi": 6.3, "mensaje": ""}}, {"type": "Feature", "geometry": {"type": "Point", "coordinates": [-76.416, 5.407]}, "properties": {"id": "d2cc0bab-3348-431c-9544-4f37479c0c3d", "time": "2026-08-13T17:49:00", "media": "../data/media/1381fb54-f572-440c-9102-56eba8c0c458.jpg", "score": 4, "estado": "coherente", "aoi": null, "mmi": 6.8, "mensaje": ""}}, {"type": "Feature", "geometry": {"type": "Point", "coordinates": [-76.416, 5.412]}, "properties": {"id": "d352ffad-5741-4770-b455-5cd78ca5fb06", "time": "2026-08-13T13:53:00", "media": "../data/media/13c9752a-5976-4af7-bb24-1dc64174e056.jpg", "score": 4, "estado": "coherente", "aoi": null, "mmi": 6.8, "mensaje": ""}}, {"type": "Feature", "geometry": {"type": "Point", "coordinates": [-76.649, 5.7]}, "properties": {"id": "d3e9be28-7bdf-47e0-8f90-324f602fedd2", "time": "2026-08-14T14:38:00", "media": "../data/media/89de0efd-b365-4470-906d-679fbb73f3a5.jpg", "score": 4, "estado": "coherente", "aoi": null, "mmi": 7.5, "mensaje": ""}}, {"type": "Feature", "geometry": {"type": "Point", "coordinates": [-75.705, 4.816]}, "properties": {"id": "d3f8b9f5-9321-4409-8444-02dc6b76e6bf", "time": "2026-08-15T08:39:40", "media": "../data/media/c4adeb23-db69-460f-a24c-07dcf17ace1d.jpg", "score": 5, "estado": "coherente", "aoi": "Pereira", "mmi": 7.5, "mensaje": ""}}, {"type": "Feature", "geometry": {"type": "Point", "coordinates": [-75.702, 4.795]}, "properties": {"id": "d46b21d2-ae5d-48c5-9e57-6d6101551f87", "time": "2026-08-14T19:47:00", "media": "../data/media/13ecf4a9-42aa-47ef-b0c6-e8c608e7e566.jpg", "score": 5, "estado": "coherente", "aoi": "Western Colombia", "mmi": 7.6, "mensaje": ""}}, {"type": "Feature", "geometry": {"type": "Point", "coordinates": [-75.702, 4.795]}, "properties": {"id": "d4df039f-334e-4fc6-988a-750c34e20e7b", "time": "2026-08-14T19:47:00", "media": "../data/media/d3eba5d1-0bcc-4b47-b469-1c97ee6c89f6.jpg", "score": 5, "estado": "coherente", "aoi": "Western Colombia", "mmi": 7.6, "mensaje": ""}}, {"type": "Feature", "geometry": {"type": "Point", "coordinates": [-76.49, 3.421]}, "properties": {"id": "d4e97864-b1a3-40c0-a037-b5c163291c60", "time": "2026-08-11T15:11:00", "media": "../data/media/874f3821-9b0e-4c82-ae29-0923152a9741.jpg", "score": 5, "estado": "coherente", "aoi": "Western Colombia", "mmi": 6.7, "mensaje": ""}}, {"type": "Feature", "geometry": {"type": "Point", "coordinates": [-76.609, 4.957]}, "properties": {"id": "d52ef40b-ff09-40f1-945e-cb1681d4ab8f", "time": "2026-08-11T16:42:00", "media": "https://pub-ca7861342f67400d94b3cb8ae8300a58.r2.dev/9884e28b-7165-43af-bd02-9d545fddfb06.mp4", "score": 5, "estado": "coherente", "aoi": "Western Colombia", "mmi": 6.8, "mensaje": ""}}, {"type": "Feature", "geometry": {"type": "Point", "coordinates": [-76.522, 3.43]}, "properties": {"id": "d55a0f85-08e0-430d-b241-4ae5a9c315cb", "time": "2026-08-11T19:39:00", "media": "../data/media/4808d757-2d72-4660-9a0c-3a581a586e1c.jpg", "score": 5, "estado": "coherente", "aoi": "Western Colombia", "mmi": 6.6, "mensaje": ""}}, {"type": "Feature", "geometry": {"type": "Point", "coordinates": [-75.825, 4.327]}, "properties": {"id": "d5b07abb-5f4d-4087-8887-9f5e52622ce6", "time": "2026-08-11T16:25:00", "media": "../data/media/9bd3a5a5-4335-4acd-84a2-9bf37dd086d8.jpg", "score": 5, "estado": "coherente", "aoi": "Western Colombia", "mmi": 6.8, "mensaje": ""}}, {"type": "Feature", "geometry": {"type": "Point", "coordinates": [-76.651, 5.715]}, "properties": {"id": "d5cc9089-9bb6-4942-87d4-e95d5fac3259", "time": "2026-08-12T17:58:00", "media": "../data/media/85e16bc6-5526-4532-956f-48988971bf9e.jpg", "score": 4, "estado": "coherente", "aoi": null, "mmi": 7.3, "mensaje": ""}}, {"type": "Feature", "geometry": {"type": "Point", "coordinates": [-75.667, 4.834]}, "properties": {"id": "d618bc0e-bede-40cd-aa36-d2d31f8b8e15", "time": "2026-08-14T10:52:34", "media": "../data/media/04792e3e-8717-4b6a-a32a-7107ace90660.jpg", "score": 5, "estado": "coherente", "aoi": "Western Colombia", "mmi": 7.3, "mensaje": ""}}, {"type": "Feature", "geometry": {"type": "Point", "coordinates": [-75.696, 4.804]}, "properties": {"id": "d866535e-beef-400e-9c07-aed1b0774e2f", "time": "2026-08-18T18:50:00", "media": "../data/media/fc39348e-1434-47da-9944-280e18fd42b0.jpg", "score": 5, "estado": "coherente", "aoi": "Pereira", "mmi": 7.6, "mensaje": "IMG-20260818-WA0150.jpg (file attached)"}}, {"type": "Feature", "geometry": {"type": "Point", "coordinates": [-75.52, 5.165]}, "properties": {"id": "da001b34-ba43-4ce4-b66c-ea25a87c5f0e", "time": "2026-08-13T15:27:00", "media": "../data/media/2cd836c3-aacf-45fa-bbb4-7722c18dd06d.jpg", "score": 5, "estado": "coherente", "aoi": "Western Colombia", "mmi": 6.2, "mensaje": ""}}, {"type": "Feature", "geometry": {"type": "Point", "coordinates": [-75.697, 4.807]}, "properties": {"id": "dc12f8fc-d542-4fa3-83e6-77653a145d85", "time": "2026-08-13T17:51:00", "media": "../data/media/53180983-53f8-41aa-9779-1917a6cb3da6.jpg", "score": 5, "estado": "coherente", "aoi": "Pereira", "mmi": 7.5, "mensaje": ""}}, {"type": "Feature", "geometry": {"type": "Point", "coordinates": [-75.695, 4.814]}, "properties": {"id": "dc2c02ef-9bf8-474f-9d69-ee443b0899f3", "time": "2026-08-20T08:09:00", "media": "../data/media/8d2540ed-f766-432b-beee-0d13eb2b6742.jpg", "score": 5, "estado": "coherente", "aoi": "Pereira", "mmi": 7.5, "mensaje": "IMG-20260819-WA0129.jpg (file attached)"}}, {"type": "Feature", "geometry": {"type": "Point", "coordinates": [-76.64, 5.678]}, "properties": {"id": "dc87e986-9689-44a0-8124-924de0b15a5a", "time": "2026-08-13T15:56:00", "media": "../data/media/4c0e6f48-51de-4bc0-8d88-1152929131e1.jpg", "score": 4, "estado": "coherente", "aoi": null, "mmi": 7.4, "mensaje": ""}}, {"type": "Feature", "geometry": {"type": "Point", "coordinates": [-75.69, 4.805]}, "properties": {"id": "dc8a7a0d-3fd6-410b-b6da-c9f2b0c72884", "time": "2026-08-20T08:09:00", "media": "https://pub-ca7861342f67400d94b3cb8ae8300a58.r2.dev/1bd24556-cc4f-463d-bf8f-cade329fe428.mp4", "score": 5, "estado": "coherente", "aoi": "Pereira", "mmi": 7.6, "mensaje": "VID-20260819-WA0137.mp4 (file attached)"}}, {"type": "Feature", "geometry": {"type": "Point", "coordinates": [-76.546, 3.416]}, "properties": {"id": "dcc672c5-d2ed-4def-9754-8d310a2f6aba", "time": "2026-08-11T19:32:00", "media": "../data/media/a724237c-88a6-475a-9248-290f626422a1.jpg", "score": 5, "estado": "coherente", "aoi": "Western Colombia", "mmi": 6.3, "mensaje": ""}}, {"type": "Feature", "geometry": {"type": "Point", "coordinates": [-73.034, 5.828]}, "properties": {"id": "de03b79d-069f-4ee7-b4e6-bf61e1cd696f", "time": "2026-08-10T18:52:00", "media": "../data/media/07d75a74-e782-4b82-8a48-a1cbbcdd206a.jpg", "score": 3, "estado": "coherente", "aoi": null, "mmi": null, "mensaje": ""}}, {"type": "Feature", "geometry": {"type": "Point", "coordinates": [-75.734, 4.796]}, "properties": {"id": "de3d4b73-dc4a-4c6d-ae5d-478703af465e", "time": "2026-08-15T21:15:00", "media": "https://pub-ca7861342f67400d94b3cb8ae8300a58.r2.dev/83ec28cb-fe63-4f95-84d2-84856fa5792f.mp4", "score": 5, "estado": "coherente", "aoi": "Western Colombia", "mmi": 7.7, "mensaje": "<attached: 00000009-VIDEO-2026-08-15-21-15-56.mp4>"}}, {"type": "Feature", "geometry": {"type": "Point", "coordinates": [-76.481, 3.931]}, "properties": {"id": "de469059-e5ca-4367-a8a4-fda16d42b33b", "time": "2026-08-13T14:21:00", "media": "../data/media/7fd940b6-9ce7-4d2b-9b98-0ad0a3b93cca.jpg", "score": 5, "estado": "coherente", "aoi": "Western Colombia", "mmi": 5.7, "mensaje": ""}}, {"type": "Feature", "geometry": {"type": "Point", "coordinates": [-75.57, 6.261]}, "properties": {"id": "dea46681-dc83-4992-98d8-d3c7855aa844", "time": "2026-08-13T13:59:00", "media": "../data/media/f91f237a-3cf2-45ba-acb8-da2862f7a7f3.jpg", "score": 3, "estado": "coherente", "aoi": null, "mmi": 4.8, "mensaje": ""}}, {"type": "Feature", "geometry": {"type": "Point", "coordinates": [-75.649, 4.691]}, "properties": {"id": "dec4fcc5-4b14-4444-ad20-332bf9f69f0f", "time": "2026-08-13T13:27:00", "media": "../data/media/8ff5f319-4995-4c1a-ba24-00abe4ee761d.jpg", "score": 5, "estado": "coherente", "aoi": "Western Colombia", "mmi": 6.9, "mensaje": ""}}, {"type": "Feature", "geometry": {"type": "Point", "coordinates": [-75.7, 4.788]}, "properties": {"id": "df0d0891-3f38-44fd-805c-0af5ed99dc0d", "time": "2026-08-14T19:47:00", "media": "../data/media/45b1deb2-5984-4d07-ab19-f0853ea31e85.jpg", "score": 5, "estado": "coherente", "aoi": "Western Colombia", "mmi": 7.6, "mensaje": ""}}, {"type": "Feature", "geometry": {"type": "Point", "coordinates": [-75.693, 4.811]}, "properties": {"id": "df6aeab5-8a77-454b-a292-7408b4860d66", "time": "2026-08-20T17:47:00", "media": "https://pub-ca7861342f67400d94b3cb8ae8300a58.r2.dev/2d2f6f2f-f982-4e53-9568-cb9c5c594ca2.mp4", "score": 5, "estado": "coherente", "aoi": "Pereira", "mmi": 7.5, "mensaje": "VID-20260820-WA0121.mp4 (file attached)"}}, {"type": "Feature", "geometry": {"type": "Point", "coordinates": [-75.691, 4.796]}, "properties": {"id": "dfa6946e-b33c-40fb-9d0b-921cff7b02f3", "time": "2026-08-20T08:09:00", "media": "../data/media/112007f9-15f5-4930-9dd0-a63fcb3314e8.jpg", "score": 5, "estado": "coherente", "aoi": "Pereira", "mmi": 7.6, "mensaje": "IMG-20260819-WA0122.jpg (file attached)"}}, {"type": "Feature", "geometry": {"type": "Point", "coordinates": [-76.439, 3.973]}, "properties": {"id": "dfe6bbf3-af6b-4ec8-a9c1-fbcfc021ca45", "time": "2026-08-12T17:51:00", "media": "../data/media/21edec7f-2c74-4bd0-86f4-5830cb8967ab.jpg", "score": 3, "estado": "coherente", "aoi": "Western Colombia", "mmi": 5.9, "mensaje": ""}}, {"type": "Feature", "geometry": {"type": "Point", "coordinates": [-76.548, 3.42]}, "properties": {"id": "e374ea04-1751-4c75-ba27-7b1c65ddf44e", "time": "2026-08-12T20:55:00", "media": "../data/media/41cdf568-32e9-48eb-807d-c87428ae7cb7.jpg", "score": 5, "estado": "coherente", "aoi": "Western Colombia", "mmi": 6.3, "mensaje": ""}}, {"type": "Feature", "geometry": {"type": "Point", "coordinates": [-76.624, 2.768]}, "properties": {"id": "e3cf43a9-0b09-4d53-b1d7-87fad3405dc5", "time": "2026-08-20T08:14:00", "media": "../data/media/5a330507-30e5-46be-8f4c-44410db9c01c.jpg", "score": 5, "estado": "coherente", "aoi": "Western Colombia", "mmi": 5.3, "mensaje": "IMG-20260818-WA0170.jpg (file attached)"}}, {"type": "Feature", "geometry": {"type": "Point", "coordinates": [-76.439, 3.973]}, "properties": {"id": "e415ece0-aa6d-47bc-a0c2-2f7a876ea7d1", "time": "2026-08-12T17:51:00", "media": "../data/media/bd7f5f98-1e33-46a0-87e8-4061c39936a4.jpg", "score": 3, "estado": "coherente", "aoi": "Western Colombia", "mmi": 5.9, "mensaje": ""}}, {"type": "Feature", "geometry": {"type": "Point", "coordinates": [-76.646, 5.688]}, "properties": {"id": "e4365b99-22cd-4074-9f44-2f426fcbec27", "time": "2026-08-11T22:14:00", "media": "../data/media/c4e0ee37-47a7-480f-8510-bc9aeae1ee30.jpg", "score": 5, "estado": "coherente", "aoi": "Quibdo Centre", "mmi": 7.4, "mensaje": ""}}, {"type": "Feature", "geometry": {"type": "Point", "coordinates": [-77.37, 4.262]}, "properties": {"id": "e54a6aa9-45a5-483c-b5ec-1a280df4710d", "time": "2026-08-20T17:47:00", "media": "../data/media/439de705-00bf-47c9-b470-8c782de5da0c.jpg", "score": 4, "estado": "coherente", "aoi": null, "mmi": 6.3, "mensaje": "IMG-20260820-WA0102.jpg (file attached)"}}, {"type": "Feature", "geometry": {"type": "Point", "coordinates": [-75.672, 4.534]}, "properties": {"id": "e5e4fd45-2a79-490f-92e5-022cf1a14c97", "time": "2026-08-11T19:23:00", "media": "../data/media/cf288392-b44d-4b70-ade2-9f1e0c884645.jpg", "score": 5, "estado": "coherente", "aoi": "Western Colombia", "mmi": 7.1, "mensaje": ""}}, {"type": "Feature", "geometry": {"type": "Point", "coordinates": [-75.83, 4.335]}, "properties": {"id": "e644b9aa-4136-4d58-b8a9-3ba47ca7c33d", "time": "2026-08-11T14:02:00", "media": "../data/media/1876e3d0-961c-42fd-aeae-9561c8261630.jpg", "score": 5, "estado": "coherente", "aoi": "Western Colombia", "mmi": 6.8, "mensaje": ""}}, {"type": "Feature", "geometry": {"type": "Point", "coordinates": [-75.683, 4.822]}, "properties": {"id": "e6bfd9ef-7809-4c17-8fd6-80c9ad4d39af", "time": "2026-08-20T17:47:00", "media": "../data/media/6703e778-717b-4df9-9c18-0ceb0a2187fc.jpg", "score": 5, "estado": "coherente", "aoi": "Western Colombia", "mmi": 7.5, "mensaje": "IMG-20260820-WA0115.jpg (file attached)"}}, {"type": "Feature", "geometry": {"type": "Point", "coordinates": [-75.829, 4.329]}, "properties": {"id": "e6cdd35a-1ef9-4e05-b219-364f78cb1eea", "time": "2026-08-11T16:10:00", "media": "../data/media/9dc4c953-1410-4b28-8c09-c9b4a4da1cd1.jpg", "score": 5, "estado": "coherente", "aoi": "Western Colombia", "mmi": 6.8, "mensaje": ""}}, {"type": "Feature", "geometry": {"type": "Point", "coordinates": [-75.697, 4.815]}, "properties": {"id": "e74a12a2-ed88-40ee-b9c0-ad541054a08c", "time": "2026-08-20T17:47:00", "media": "../data/media/789e777b-12ee-40ab-bfeb-2202611d7d35.jpg", "score": 5, "estado": "coherente", "aoi": "Pereira", "mmi": 7.5, "mensaje": "IMG-20260820-WA0025.jpg (file attached)"}}, {"type": "Feature", "geometry": {"type": "Point", "coordinates": [-76.661, 5.688]}, "properties": {"id": "e78bc599-1ac9-4908-b710-0ea00e09a10e", "time": "2026-08-12T18:30:00", "media": "../data/media/5c09f2df-a1b2-42b8-bacc-a700f259a69a.jpg", "score": 3, "estado": "coherente", "aoi": "Quibdo Centre", "mmi": 7.5, "mensaje": ""}}, {"type": "Feature", "geometry": {"type": "Point", "coordinates": [-76.657, 5.694]}, "properties": {"id": "e7920710-a2a1-4945-a311-1de90d1f0910", "time": "2026-08-13T14:14:00", "media": "../data/media/eb7e3e1c-7fc2-4bea-90a6-826e75f8f632.jpg", "score": 5, "estado": "coherente", "aoi": "Quibdo Centre", "mmi": 7.5, "mensaje": ""}}, {"type": "Feature", "geometry": {"type": "Point", "coordinates": [-76.52, 3.489]}, "properties": {"id": "e83a6c1e-4b96-43e9-be1f-16cbf85a293b", "time": "2026-08-14T14:38:00", "media": "../data/media/aea51b68-6b17-4db9-92c7-e2e6b62fe5a3.jpg", "score": 5, "estado": "coherente", "aoi": "Western Colombia", "mmi": 6.1, "mensaje": ""}}, {"type": "Feature", "geometry": {"type": "Point", "coordinates": [-76.156, 4.413]}, "properties": {"id": "e8cb0f28-22f2-4f66-82fd-88580b668a3f", "time": "2026-08-13T09:11:37", "media": "https://pub-ca7861342f67400d94b3cb8ae8300a58.r2.dev/98d8766b-b9ee-4c8a-8d4d-f47f4960173f.mp4", "score": 5, "estado": "coherente", "aoi": "Western Colombia", "mmi": 7.2, "mensaje": ""}}, {"type": "Feature", "geometry": {"type": "Point", "coordinates": [-75.708, 4.813]}, "properties": {"id": "e8ebb0f8-c404-459b-ab1a-880a109a14d8", "time": "2026-08-11T20:34:00", "media": "../data/media/d5507c23-5883-4620-9761-9648490799d5.jpg", "score": 5, "estado": "coherente", "aoi": "Pereira", "mmi": 7.4, "mensaje": ""}}, {"type": "Feature", "geometry": {"type": "Point", "coordinates": [-76.544, 3.391]}, "properties": {"id": "e8ebcbbd-25c2-46cb-bf51-ff347ec52d32", "time": "2026-08-13T14:10:00", "media": "https://pub-ca7861342f67400d94b3cb8ae8300a58.r2.dev/62b559ab-a574-4490-8fd2-645c2fb7c6f0.mp4", "score": 5, "estado": "coherente", "aoi": "Western Colombia", "mmi": 6.4, "mensaje": ""}}, {"type": "Feature", "geometry": {"type": "Point", "coordinates": [-76.155, 4.41]}, "properties": {"id": "ea08cc2e-3589-4146-9a1a-1aba034ffc9c", "time": "2026-08-13T15:28:00", "media": "https://pub-ca7861342f67400d94b3cb8ae8300a58.r2.dev/b90c3db1-3b53-46c0-b558-79750430579d.mp4", "score": 5, "estado": "coherente", "aoi": "Western Colombia", "mmi": 7.4, "mensaje": ""}}, {"type": "Feature", "geometry": {"type": "Point", "coordinates": [-76.486, 3.933]}, "properties": {"id": "eae06e0c-b46d-4a84-8fe5-69f1fe858b42", "time": "2026-08-12T21:14:00", "media": "https://pub-ca7861342f67400d94b3cb8ae8300a58.r2.dev/394032c1-ada0-4951-86c2-b18d18d76a17.mp4", "score": 5, "estado": "coherente", "aoi": "Western Colombia", "mmi": 5.7, "mensaje": ""}}, {"type": "Feature", "geometry": {"type": "Point", "coordinates": [-76.517, 3.37]}, "properties": {"id": "ec2ec3cc-ca31-40be-9b98-71bab0abd50e", "time": "2026-08-11T08:28:48", "media": "../data/media/cc511633-ad60-44b0-b090-297bfe4fb99f.jpg", "score": 5, "estado": "coherente", "aoi": "Western Colombia", "mmi": 6.8, "mensaje": ""}}, {"type": "Feature", "geometry": {"type": "Point", "coordinates": [-75.697, 4.815]}, "properties": {"id": "ed588621-1ee8-4325-91a2-d677bf3c6632", "time": "2026-08-20T17:47:00", "media": "../data/media/ede52759-2beb-4381-b49a-8c5f9da5a6d1.jpg", "score": 5, "estado": "coherente", "aoi": "Pereira", "mmi": 7.5, "mensaje": "IMG-20260820-WA0026.jpg (file attached)"}}, {"type": "Feature", "geometry": {"type": "Point", "coordinates": [-76.637, 5.662]}, "properties": {"id": "ed6eee82-66ec-4d62-8845-fd12c58e1a54", "time": "2026-08-13T10:13:15", "media": "../data/media/521a34d7-9588-430c-b015-8d59abc2d9cc.jpg", "score": 4, "estado": "coherente", "aoi": null, "mmi": 7.4, "mensaje": ""}}, {"type": "Feature", "geometry": {"type": "Point", "coordinates": [-75.699, 4.811]}, "properties": {"id": "ed7e834a-aacf-4ccd-91e0-a2b7cf93ae5f", "time": "2026-08-18T18:50:00", "media": "../data/media/4315533e-27fc-4054-b45c-78bd1b16d8eb.jpg", "score": 5, "estado": "coherente", "aoi": "Pereira", "mmi": 7.5, "mensaje": "IMG-20260818-WA0211.jpg (file attached)"}}, {"type": "Feature", "geometry": {"type": "Point", "coordinates": [-76.439, 3.973]}, "properties": {"id": "ee921aa8-ee81-420f-a012-153272ddaba0", "time": "2026-08-12T17:57:00", "media": "../data/media/fa51e51c-2f7c-4e63-89dd-864d9f97e8e5.jpg", "score": 3, "estado": "coherente", "aoi": "Western Colombia", "mmi": 5.9, "mensaje": ""}}, {"type": "Feature", "geometry": {"type": "Point", "coordinates": [-76.43, 3.936]}, "properties": {"id": "eeed42fe-49b5-4a7a-a697-90057d5cd421", "time": "2026-08-14T19:47:00", "media": "https://pub-ca7861342f67400d94b3cb8ae8300a58.r2.dev/bdac0d49-1d97-4b25-9a4b-ff99d24139f6.mp4", "score": 5, "estado": "coherente", "aoi": "Western Colombia", "mmi": 5.6, "mensaje": ""}}, {"type": "Feature", "geometry": {"type": "Point", "coordinates": [-76.55, 3.408]}, "properties": {"id": "f00e7120-3b7c-4200-96e7-2cc84f3c50f6", "time": "2026-08-10T18:57:00", "media": "../data/media/abbc4a62-c475-4fef-8951-e647ffc943f9.jpg", "score": 5, "estado": "coherente", "aoi": "Western Colombia", "mmi": 6.3, "mensaje": ""}}, {"type": "Feature", "geometry": {"type": "Point", "coordinates": [-75.807, 4.453]}, "properties": {"id": "f0552ab5-4e8a-4c1c-b8c5-c7369f79adc5", "time": "2026-08-13T13:02:00", "media": "../data/media/e858a372-9a88-4423-a38d-d1add8068847.jpg", "score": 3, "estado": "coherente", "aoi": "Western Colombia", "mmi": 7.3, "mensaje": ""}}, {"type": "Feature", "geometry": {"type": "Point", "coordinates": [-76.794, 4.73]}, "properties": {"id": "f0fb9ce8-a563-47d7-8a81-db9cf01c75ee", "time": "2026-08-10T17:32:00", "media": "../data/media/4ebc4a34-20c2-438b-b26e-31997b6965c5.jpg", "score": 5, "estado": "coherente", "aoi": "Western Colombia", "mmi": 6.8, "mensaje": ""}}, {"type": "Feature", "geometry": {"type": "Point", "coordinates": [-76.494, 3.01]}, "properties": {"id": "f12a5b25-0446-42d9-9a81-e3d583c3129e", "time": "2026-08-10T16:23:00", "media": "../data/media/f8325be2-0d1b-4ef3-bcf6-62ef93816a7f.jpg", "score": 5, "estado": "coherente", "aoi": "Western Colombia", "mmi": 5.8, "mensaje": ""}}, {"type": "Feature", "geometry": {"type": "Point", "coordinates": [-76.122, 5.351]}, "properties": {"id": "f2ebba60-cc57-4cf8-bc95-e811cb911df1", "time": "2026-08-13T10:18:12", "media": "https://pub-ca7861342f67400d94b3cb8ae8300a58.r2.dev/30d00822-6dcb-4357-89b1-851051b22907.mp4", "score": 2, "estado": "recibido", "aoi": null, "mmi": 6.1, "mensaje": ""}}, {"type": "Feature", "geometry": {"type": "Point", "coordinates": [-76.452, 3.91]}, "properties": {"id": "f2f28882-4e53-42ae-ab6f-171130c3367b", "time": "2026-08-14T14:38:00", "media": "https://pub-ca7861342f67400d94b3cb8ae8300a58.r2.dev/7e721d31-37d9-4d97-beb9-5e89fa562082.mp4", "score": 5, "estado": "coherente", "aoi": "Western Colombia", "mmi": 5.8, "mensaje": ""}}, {"type": "Feature", "geometry": {"type": "Point", "coordinates": [-76.487, 3.932]}, "properties": {"id": "f30d2354-a3ea-4f49-89cb-b5b244e95f73", "time": "2026-08-12T21:45:00", "media": "../data/media/ad76415c-f0df-4fda-8db0-918ca1b809aa.jpg", "score": 3, "estado": "coherente", "aoi": "Western Colombia", "mmi": 5.7, "mensaje": ""}}, {"type": "Feature", "geometry": {"type": "Point", "coordinates": [-76.543, 3.43]}, "properties": {"id": "f37143ad-e569-48cc-b20a-8fed43c814fa", "time": "2026-08-14T19:47:00", "media": "../data/media/68e04778-4381-4520-a4d3-12fea7c083fa.jpg", "score": 5, "estado": "coherente", "aoi": "Western Colombia", "mmi": 6.3, "mensaje": ""}}, {"type": "Feature", "geometry": {"type": "Point", "coordinates": [-76.649, 5.681]}, "properties": {"id": "f39466a9-e9d8-45ec-b1e8-83b376734a27", "time": "2026-08-14T19:47:00", "media": "../data/media/736ea2bf-4459-4406-81ba-ceabddaf3836.jpg", "score": 5, "estado": "coherente", "aoi": "Quibdo Centre", "mmi": 7.5, "mensaje": ""}}, {"type": "Feature", "geometry": {"type": "Point", "coordinates": [-75.694, 4.809]}, "properties": {"id": "f3f062bb-bf51-4fa3-9811-6a7a5a0856dc", "time": "2026-08-13T13:22:00", "media": "../data/media/20016c5c-cae4-4b0c-8f28-153d0b4b1909.jpg", "score": 5, "estado": "coherente", "aoi": "Pereira", "mmi": 7.5, "mensaje": ""}}, {"type": "Feature", "geometry": {"type": "Point", "coordinates": [-76.661, 5.699]}, "properties": {"id": "f3f974a2-3ea6-4028-9765-7156b98f30f4", "time": "2026-08-13T14:04:00", "media": "../data/media/9c25be37-4761-444c-8fff-22e18f048d07.jpg", "score": 3, "estado": "coherente", "aoi": "Quibdo Centre", "mmi": 7.5, "mensaje": ""}}, {"type": "Feature", "geometry": {"type": "Point", "coordinates": [-76.661, 5.699]}, "properties": {"id": "f4850caa-c06c-45d2-9b97-142a766c18f2", "time": "2026-08-13T14:03:00", "media": "../data/media/82131bad-3945-4968-b4f3-ddd0a2f142e6.jpg", "score": 5, "estado": "coherente", "aoi": "Quibdo Centre", "mmi": 7.5, "mensaje": ""}}, {"type": "Feature", "geometry": {"type": "Point", "coordinates": [-76.546, 3.398]}, "properties": {"id": "f53fdf81-3a25-4bd7-b701-af66f2bcba83", "time": "2026-08-14T14:38:00", "media": "https://pub-ca7861342f67400d94b3cb8ae8300a58.r2.dev/e796a30d-0916-481e-852c-b189fd8d4566.mp4", "score": 5, "estado": "coherente", "aoi": "Western Colombia", "mmi": 6.4, "mensaje": ""}}, {"type": "Feature", "geometry": {"type": "Point", "coordinates": [-76.52, 3.489]}, "properties": {"id": "f65186ab-d445-4870-b2ac-12329a0a345e", "time": "2026-08-14T14:38:00", "media": "../data/media/d1ce24e1-b0ad-4e9a-b129-98d148e58770.jpg", "score": 5, "estado": "coherente", "aoi": "Western Colombia", "mmi": 6.1, "mensaje": ""}}, {"type": "Feature", "geometry": {"type": "Point", "coordinates": [-76.631, 5.683]}, "properties": {"id": "f6b68183-13ed-4ac6-9b9e-6199d2ce0594", "time": "2026-08-13T14:11:00", "media": "../data/media/dc66c629-bd94-4ae6-9574-48c2aed40f16.jpg", "score": 4, "estado": "coherente", "aoi": null, "mmi": 7.4, "mensaje": ""}}, {"type": "Feature", "geometry": {"type": "Point", "coordinates": [-75.83, 4.334]}, "properties": {"id": "f72defd3-92e0-4b77-a650-0e14fc61eece", "time": "2026-08-11T14:00:00", "media": "../data/media/53a46297-9dd0-4963-8b3f-87adfd97985f.jpg", "score": 5, "estado": "coherente", "aoi": "Western Colombia", "mmi": 6.8, "mensaje": ""}}, {"type": "Feature", "geometry": {"type": "Point", "coordinates": [-76.644, 5.68]}, "properties": {"id": "f7904f66-e11e-4bd4-a763-e32dbf25d87d", "time": "2026-08-14T19:47:00", "media": "../data/media/6e1c12fc-f6b6-4b28-9919-bc23aa973702.jpg", "score": 5, "estado": "coherente", "aoi": "Quibdo Centre", "mmi": 7.4, "mensaje": ""}}, {"type": "Feature", "geometry": {"type": "Point", "coordinates": [-75.698, 4.805]}, "properties": {"id": "f7916dcf-7002-4c07-be34-ab2f7276ef73", "time": "2026-08-13T18:24:00", "media": "../data/media/755f22eb-d6ca-4bcb-872e-29d8bd4c6117.jpg", "score": 5, "estado": "coherente", "aoi": "Pereira", "mmi": 7.6, "mensaje": ""}}, {"type": "Feature", "geometry": {"type": "Point", "coordinates": [-76.547, 3.408]}, "properties": {"id": "f7f0995a-d473-4b49-8d31-edb716acbeb8", "time": "2026-08-12T19:08:00", "media": "../data/media/2e445c33-11a4-49d3-b5f0-7bfc51f6117e.jpg", "score": 5, "estado": "coherente", "aoi": "Western Colombia", "mmi": 6.3, "mensaje": ""}}, {"type": "Feature", "geometry": {"type": "Point", "coordinates": [-76.646, 5.682]}, "properties": {"id": "f80d394b-c472-4e1c-a620-dcbac65c1729", "time": "2026-08-14T19:47:00", "media": "../data/media/464c5226-fe2a-4628-ab42-56d0547a670b.jpg", "score": 5, "estado": "coherente", "aoi": "Quibdo Centre", "mmi": 7.4, "mensaje": ""}}, {"type": "Feature", "geometry": {"type": "Point", "coordinates": [-76.64, 5.678]}, "properties": {"id": "f89de238-90a5-4f31-b1cf-8f3175c86d99", "time": "2026-08-14T14:38:00", "media": "../data/media/996860da-0ff0-4f18-afb6-bd9cd3752af5.jpg", "score": 4, "estado": "coherente", "aoi": null, "mmi": 7.4, "mensaje": ""}}, {"type": "Feature", "geometry": {"type": "Point", "coordinates": [-76.643, 5.698]}, "properties": {"id": "f95d03e6-fc2d-41ee-858b-afa04cf6d409", "time": "2026-08-14T14:38:00", "media": "../data/media/6d2d33a2-b4e3-49de-8e84-dd8bd9c24f9e.jpg", "score": 4, "estado": "coherente", "aoi": null, "mmi": 7.4, "mensaje": ""}}, {"type": "Feature", "geometry": {"type": "Point", "coordinates": [-75.688, 4.804]}, "properties": {"id": "f9b2586c-46b0-475d-8346-76947c4e2601", "time": "2026-08-20T17:47:00", "media": "../data/media/ea21e9bb-b3ea-4103-8457-f7dd667c232b.jpg", "score": 5, "estado": "coherente", "aoi": "Pereira", "mmi": 7.6, "mensaje": "IMG-20260820-WA0106.jpg (file attached)"}}, {"type": "Feature", "geometry": {"type": "Point", "coordinates": [-75.678, 4.83]}, "properties": {"id": "f9e575ec-b118-42de-95b7-3d8bd5657cdc", "time": "2026-08-20T17:47:00", "media": "../data/media/bc1caeeb-4590-464b-96e7-7e9b3e0ea299.jpg", "score": 5, "estado": "coherente", "aoi": "Western Colombia", "mmi": 7.5, "mensaje": "IMG-20260820-WA0112.jpg (file attached)"}}, {"type": "Feature", "geometry": {"type": "Point", "coordinates": [-76.521, 3.43]}, "properties": {"id": "fa556ea2-1d13-41db-a707-f7f5d1991886", "time": "2026-08-11T15:19:00", "media": "../data/media/e4a64d12-2b31-4153-b1d0-79bb8210af6e.jpg", "score": 5, "estado": "coherente", "aoi": "Western Colombia", "mmi": 6.6, "mensaje": ""}}, {"type": "Feature", "geometry": {"type": "Point", "coordinates": [-76.643, 4.654]}, "properties": {"id": "fa800187-ceb4-4a0c-a065-dbc24c84ddbb", "time": "2026-08-10T17:27:00", "media": "../data/media/f718eb25-86f0-495f-baaf-2caa4a598865.jpg", "score": 5, "estado": "coherente", "aoi": "Western Colombia", "mmi": 6.8, "mensaje": ""}}, {"type": "Feature", "geometry": {"type": "Point", "coordinates": [-76.661, 5.699]}, "properties": {"id": "fad5a041-4ed5-49ce-9f55-9ce9ef5f7583", "time": "2026-08-13T14:02:00", "media": "../data/media/7646fb8e-77b9-4c9a-bc68-75e76bd62103.jpg", "score": 5, "estado": "coherente", "aoi": "Quibdo Centre", "mmi": 7.5, "mensaje": ""}}, {"type": "Feature", "geometry": {"type": "Point", "coordinates": [-76.485, 3.46]}, "properties": {"id": "faf5c476-cd7a-447d-aec2-529c63030414", "time": "2026-08-12T17:41:00", "media": "../data/media/b258ec39-4035-42b3-9cf0-cfad5bd914d9.jpg", "score": 5, "estado": "coherente", "aoi": "Northern Cali", "mmi": 6.6, "mensaje": ""}}, {"type": "Feature", "geometry": {"type": "Point", "coordinates": [-75.691, 4.813]}, "properties": {"id": "fb12b09a-c2e0-4809-8360-caa0854dae5a", "time": "2026-08-13T16:45:00", "media": "../data/media/a8424cbc-7589-4e5e-85e0-ef04db1a978a.jpg", "score": 5, "estado": "coherente", "aoi": "Pereira", "mmi": 7.5, "mensaje": ""}}, {"type": "Feature", "geometry": {"type": "Point", "coordinates": [-76.647, 5.685]}, "properties": {"id": "fb2e7460-0f5a-4a08-9848-cd30631276bd", "time": "2026-08-15T12:11:27", "media": "https://pub-ca7861342f67400d94b3cb8ae8300a58.r2.dev/2c1758f9-b396-4e31-a403-aca131b9a5ba.mp4", "score": 5, "estado": "coherente", "aoi": "Quibdo Centre", "mmi": 7.5, "mensaje": ""}}, {"type": "Feature", "geometry": {"type": "Point", "coordinates": [-76.43, 3.936]}, "properties": {"id": "fb891230-6108-4a25-9b96-d560ebfb90ce", "time": "2026-08-14T19:47:00", "media": "https://pub-ca7861342f67400d94b3cb8ae8300a58.r2.dev/4a3c5360-6fed-4077-9d18-582867391a5d.mp4", "score": 3, "estado": "coherente", "aoi": "Western Colombia", "mmi": 5.6, "mensaje": ""}}, {"type": "Feature", "geometry": {"type": "Point", "coordinates": [-75.717, 4.815]}, "properties": {"id": "fbf824a1-ca1e-4787-b185-5770775d4f19", "time": "2026-08-14T19:47:00", "media": "../data/media/9642b97e-4441-405a-80fb-1032aa8ea0d1.jpg", "score": 5, "estado": "coherente", "aoi": "Pereira", "mmi": 7.4, "mensaje": ""}}, {"type": "Feature", "geometry": {"type": "Point", "coordinates": [-75.622, 4.873]}, "properties": {"id": "fc82e1c0-aaf6-4eb3-9a67-31393ce1ba5c", "time": "2026-08-13T15:14:00", "media": "https://pub-ca7861342f67400d94b3cb8ae8300a58.r2.dev/5875d4b4-046d-4db7-962e-73ee926a49de.mp4", "score": 5, "estado": "coherente", "aoi": "Western Colombia", "mmi": 7.4, "mensaje": ""}}, {"type": "Feature", "geometry": {"type": "Point", "coordinates": [-76.626, 5.306]}, "properties": {"id": "fdc3a179-dfda-4b1a-adbb-d075c2ebea2b", "time": "2026-08-20T17:47:00", "media": "../data/media/eb6ea221-3f74-41a8-81ba-b8df334569f7.jpg", "score": 5, "estado": "coherente", "aoi": "Western Colombia", "mmi": 6.9, "mensaje": "IMG-20260820-WA0028.jpg (file attached)"}}, {"type": "Feature", "geometry": {"type": "Point", "coordinates": [-76.649, 5.7]}, "properties": {"id": "fdceaa1c-cd58-4780-91ca-4d7d91f34bb5", "time": "2026-08-14T14:38:00", "media": "../data/media/7be7b9d7-9b45-40f8-8619-1a0771b94afb.jpg", "score": 4, "estado": "coherente", "aoi": null, "mmi": 7.5, "mensaje": ""}}, {"type": "Feature", "geometry": {"type": "Point", "coordinates": [-75.695, 4.811]}, "properties": {"id": "fdfa6b26-ceac-40c0-bd04-913a555c0de7", "time": "2026-08-10T18:45:00", "media": "../data/media/4a7beafe-eea4-4791-84db-96cff34a7a9f.jpg", "score": 5, "estado": "coherente", "aoi": "Pereira", "mmi": 7.5, "mensaje": ""}}, {"type": "Feature", "geometry": {"type": "Point", "coordinates": [-76.157, 4.412]}, "properties": {"id": "fef6119f-d395-49a0-93cb-27383208dc3c", "time": "2026-08-13T09:10:09", "media": "https://pub-ca7861342f67400d94b3cb8ae8300a58.r2.dev/c5cfce1d-18dd-4c0d-a259-a594e72d06dc.mp4", "score": 5, "estado": "coherente", "aoi": "Western Colombia", "mmi": 7.2, "mensaje": ""}}, {"type": "Feature", "geometry": {"type": "Point", "coordinates": [-76.609, 4.957]}, "properties": {"id": "ff2683bc-82d3-4743-bf52-93573fd9cc45", "time": "2026-08-11T16:40:00", "media": "../data/media/5f501c49-717f-49ce-aa6e-82e2de695b4e.jpg", "score": 5, "estado": "coherente", "aoi": "Western Colombia", "mmi": 6.8, "mensaje": ""}}, {"type": "Feature", "geometry": {"type": "Point", "coordinates": [-76.621, 2.764]}, "properties": {"id": "ff81a0b6-ad3f-4e97-8dff-01ef797f5e6a", "time": "2026-08-20T08:14:00", "media": "../data/media/aa2f81c5-84e8-4883-8870-1d6913602158.jpg", "score": 5, "estado": "coherente", "aoi": "Western Colombia", "mmi": 5.3, "mensaje": "IMG-20260818-WA0167.jpg (file attached)"}}, {"type": "Feature", "geometry": {"type": "Point", "coordinates": [-76.533, 3.451]}, "properties": {"id": "363f7ab1-e3cf-4a05-b845-19448b002a8e", "time": "2026-08-21T18:02:00", "media": "../data/media/4ebe533d-a851-4e73-ae7c-75dd233223cc.jpg", "score": 5, "estado": "coherente", "aoi": "Cali Center", "mmi": 6.3, "mensaje": "IMG-20260820-WA0171.jpg (file attached) Edificio de 32 pisos en Cali"}}, {"type": "Feature", "geometry": {"type": "Point", "coordinates": [-76.729, 7.757]}, "properties": {"id": "213f1d31-250c-4efd-8d42-6f7712005767", "time": "2026-08-21T18:02:00", "media": "https://pub-ca7861342f67400d94b3cb8ae8300a58.r2.dev/d8942044-3fb9-4d6e-b85e-b74eb475ffb8.mp4", "score": 3, "estado": "coherente", "aoi": null, "mmi": 4.7, "mensaje": "VID-20260820-WA0174.mp4 (file attached) Vereda el silencio al lado de la finca Villa María en carepa"}}, {"type": "Feature", "geometry": {"type": "Point", "coordinates": [-75.57, 4.637]}, "properties": {"id": "270518e3-9590-4d80-a5b4-ec8d8b4a90ad", "time": "2026-08-21T18:02:00", "media": "../data/media/341e3c0d-9e01-406c-bc12-14df481c9909.jpg", "score": 5, "estado": "coherente", "aoi": "Western Colombia", "mmi": 6.7, "mensaje": "IMG-20260820-WA0166.jpg (file attached)"}}, {"type": "Feature", "geometry": {"type": "Point", "coordinates": [-75.57, 4.638]}, "properties": {"id": "25f5fef5-34c9-464d-88b9-7be2a27500fa", "time": "2026-08-21T18:02:00", "media": "../data/media/ab54c80a-06de-4a54-877e-c017648449c1.jpg", "score": 5, "estado": "coherente", "aoi": "Western Colombia", "mmi": 6.7, "mensaje": "IMG-20260820-WA0173.jpg (file attached)"}}, {"type": "Feature", "geometry": {"type": "Point", "coordinates": [-76.383, 3.905]}, "properties": {"id": "fc47c0fd-09fa-4124-9bf0-487c03d08c38", "time": "2026-08-21T18:02:00", "media": "../data/media/523dcf91-8c6e-430b-9968-f4e92fdf7697.jpg", "score": 5, "estado": "coherente", "aoi": "Western Colombia", "mmi": 5.4, "mensaje": "IMG-20260820-WA0168.jpg (file attached)"}}, {"type": "Feature", "geometry": {"type": "Point", "coordinates": [-75.69, 4.792]}, "properties": {"id": "1398c83b-42ce-49f9-8de4-6d8f6a0fca90", "time": "2026-08-21T18:02:00", "media": "../data/media/5f5a1d79-4bdc-408e-9d70-ab9c2090e1b2.jpg", "score": 5, "estado": "coherente", "aoi": "Pereira", "mmi": 7.6, "mensaje": "IMG-20260821-WA0035.jpg (file attached)"}}, {"type": "Feature", "geometry": {"type": "Point", "coordinates": [-75.693, 4.807]}, "properties": {"id": "dfe7e536-3a90-409d-b99f-327e49d50f0e", "time": "2026-08-21T18:02:00", "media": "../data/media/3be5380b-2427-4eea-91fe-af94c126a61f.jpg", "score": 5, "estado": "coherente", "aoi": "Pereira", "mmi": 7.5, "mensaje": "IMG-20260821-WA0037.jpg (file attached)"}}, {"type": "Feature", "geometry": {"type": "Point", "coordinates": [-75.694, 4.814]}, "properties": {"id": "a6ca8dfe-8fe2-4b39-8161-accd512aab29", "time": "2026-08-21T18:02:00", "media": "../data/media/a069209f-bf5b-4338-8b28-a1891eee8a2b.jpg", "score": 5, "estado": "coherente", "aoi": "Pereira", "mmi": 7.5, "mensaje": "IMG-20260821-WA0039.jpg (file attached)"}}, {"type": "Feature", "geometry": {"type": "Point", "coordinates": [-76.74, 4.694]}, "properties": {"id": "4e544bf9-9ef3-43e6-8a76-89ad2d85434e", "time": "2026-08-21T18:02:00", "media": "../data/media/cb63b903-b9bf-4e01-98b2-6c3a19b61d5b.jpg", "score": 5, "estado": "coherente", "aoi": "Western Colombia", "mmi": 6.9, "mensaje": "IMG-20260821-WA0040.jpg (file attached)"}}, {"type": "Feature", "geometry": {"type": "Point", "coordinates": [-75.685, 4.809]}, "properties": {"id": "a974d276-11e7-418b-98db-1221ac93b5f1", "time": "2026-08-21T18:02:00", "media": "../data/media/590c918a-153a-4a02-b47e-ffc4a8e864fd.jpg", "score": 5, "estado": "coherente", "aoi": "Pereira", "mmi": 7.5, "mensaje": "IMG-20260821-WA0041.jpg (file attached)"}}, {"type": "Feature", "geometry": {"type": "Point", "coordinates": [-76.643, 4.654]}, "properties": {"id": "443ebf1f-5203-48be-860a-60d299cad3c1", "time": "2026-08-21T18:02:00", "media": "../data/media/589cbb42-a33e-4c03-9b71-6b1ef1862b9d.jpg", "score": 5, "estado": "coherente", "aoi": "Western Colombia", "mmi": 6.8, "mensaje": "IMG-20260821-WA0042.jpg (file attached)"}}, {"type": "Feature", "geometry": {"type": "Point", "coordinates": [-76.807, 2.451]}, "properties": {"id": "2a9fbc8f-f11f-4f95-8a22-fdc85a761e04", "time": "2026-08-21T18:02:00", "media": "../data/media/b5713774-f3bb-4701-975b-723371ed4720.jpg", "score": 4, "estado": "coherente", "aoi": "Western Colombia", "mmi": 4.9, "mensaje": "IMG-20260821-WA0043.jpg (file attached)"}}, {"type": "Feature", "geometry": {"type": "Point", "coordinates": [-75.699, 4.815]}, "properties": {"id": "8af6313c-cdcd-489e-8ef4-18505e026362", "time": "2026-08-21T18:02:00", "media": "../data/media/2333363e-5e63-4291-9dd5-4dea18f0d2df.jpg", "score": 5, "estado": "coherente", "aoi": "Pereira", "mmi": 7.5, "mensaje": "IMG-20260821-WA0045.jpg (file attached)"}}, {"type": "Feature", "geometry": {"type": "Point", "coordinates": [-75.691, 4.817]}, "properties": {"id": "cde2d545-feda-4108-af16-571db6e7277a", "time": "2026-08-21T18:02:00", "media": "../data/media/4c802062-507b-4e7b-8b3c-b5cde354b12b.jpg", "score": 5, "estado": "coherente", "aoi": "Pereira", "mmi": 7.5, "mensaje": "IMG-20260821-WA0080.jpg (file attached)"}}, {"type": "Feature", "geometry": {"type": "Point", "coordinates": [-75.707, 4.816]}, "properties": {"id": "f8c63af5-e0e2-4c0d-96be-0a5bc6576d2d", "time": "2026-08-21T18:02:00", "media": "../data/media/dc3a3210-9671-4073-9800-31fb03fa601e.jpg", "score": 5, "estado": "coherente", "aoi": "Pereira", "mmi": 7.5, "mensaje": "IMG-20260821-WA0081.jpg (file attached)"}}, {"type": "Feature", "geometry": {"type": "Point", "coordinates": [-75.707, 4.816]}, "properties": {"id": "d7144de0-6222-464b-abe6-299525f17b18", "time": "2026-08-21T18:02:00", "media": "../data/media/07034648-cee1-4adc-bd6a-97b2a16a6c1d.jpg", "score": 5, "estado": "coherente", "aoi": "Pereira", "mmi": 7.5, "mensaje": "IMG-20260821-WA0083.jpg (file attached)"}}, {"type": "Feature", "geometry": {"type": "Point", "coordinates": [-77.041, 3.886]}, "properties": {"id": "10bcf1d3-7360-42b8-bab3-c8dbdbda6a4e", "time": "2026-08-21T18:02:00", "media": "../data/media/c0cff1de-019c-44b6-878c-2bb72c3806a8.jpg", "score": 5, "estado": "coherente", "aoi": "Buenaventura", "mmi": 7.2, "mensaje": "IMG-20260821-WA0084.jpg (file attached)"}}, {"type": "Feature", "geometry": {"type": "Point", "coordinates": [-75.705, 4.815]}, "properties": {"id": "a56a0ff0-a20d-4a50-a4fe-b7a92ad20b31", "time": "2026-08-21T18:02:00", "media": "../data/media/1100b14c-61b6-4022-aa40-480efd1968d3.jpg", "score": 5, "estado": "coherente", "aoi": "Pereira", "mmi": 7.5, "mensaje": "IMG-20260821-WA0085.jpg (file attached)"}}, {"type": "Feature", "geometry": {"type": "Point", "coordinates": [-75.706, 4.816]}, "properties": {"id": "24442663-ed26-4809-9cfe-b001fd83b94f", "time": "2026-08-21T18:02:00", "media": "../data/media/42fd0c64-35c2-4616-a9ba-8b45133f772b.jpg", "score": 5, "estado": "coherente", "aoi": "Pereira", "mmi": 7.5, "mensaje": "IMG-20260821-WA0091.jpg (file attached)"}}, {"type": "Feature", "geometry": {"type": "Point", "coordinates": [-75.692, 4.811]}, "properties": {"id": "65f22512-bf87-4651-ac7e-a92203a1f4e2", "time": "2026-08-21T18:02:00", "media": "../data/media/3034be2e-c44f-474b-8475-b01c4dd6788c.jpg", "score": 5, "estado": "coherente", "aoi": "Pereira", "mmi": 7.5, "mensaje": "IMG-20260821-WA0096.jpg (file attached)"}}, {"type": "Feature", "geometry": {"type": "Point", "coordinates": [-76.695, 5.094]}, "properties": {"id": "f7ce1a09-1078-4d22-a515-bf2a4f211c2e", "time": "2026-08-21T18:02:00", "media": "https://pub-ca7861342f67400d94b3cb8ae8300a58.r2.dev/7d07cc34-39ec-4e64-bfd4-66f67b0c10ae.mp4", "score": 5, "estado": "coherente", "aoi": "Western Colombia", "mmi": 6.8, "mensaje": "VID-20260821-WA0106.mp4 (file attached)"}}, {"type": "Feature", "geometry": {"type": "Point", "coordinates": [-76.539, 3.434]}, "properties": {"id": "73be37f8-4753-46b3-89ce-d4ec57c922a4", "time": "2026-08-21T18:02:00", "media": "../data/media/5cca860d-2990-478b-a8fa-93fb155881ec.jpg", "score": 5, "estado": "coherente", "aoi": "Western Colombia", "mmi": 6.3, "mensaje": "IMG-20260821-WA0097.jpg (file attached)"}}, {"type": "Feature", "geometry": {"type": "Point", "coordinates": [-76.539, 3.434]}, "properties": {"id": "a4251852-e6c7-4599-9e64-e70aac822d41", "time": "2026-08-21T18:02:00", "media": "../data/media/c6f0271d-c3fd-4f1e-80e7-87cd2fa373e3.jpg", "score": 5, "estado": "coherente", "aoi": "Western Colombia", "mmi": 6.3, "mensaje": "IMG-20260821-WA0098.jpg (file attached)"}}, {"type": "Feature", "geometry": {"type": "Point", "coordinates": [-75.704, 4.813]}, "properties": {"id": "33be0b75-30b2-40e0-a934-ef0d7381bc0a", "time": "2026-08-21T18:02:00", "media": "../data/media/f47646ed-fd4c-4c1b-bd19-4f895bba7151.jpg", "score": 5, "estado": "coherente", "aoi": "Pereira", "mmi": 7.5, "mensaje": "IMG-20260821-WA0099.jpg (file attached)"}}, {"type": "Feature", "geometry": {"type": "Point", "coordinates": [-75.705, 4.813]}, "properties": {"id": "e32f55c2-c2c7-46f2-8341-3552421adf15", "time": "2026-08-21T18:02:00", "media": "../data/media/1c7b4627-95ce-4bf4-875b-6aaefa5006c6.jpg", "score": 5, "estado": "coherente", "aoi": "Pereira", "mmi": 7.5, "mensaje": "IMG-20260821-WA0100.jpg (file attached)"}}, {"type": "Feature", "geometry": {"type": "Point", "coordinates": [-75.758, 4.772]}, "properties": {"id": "8e690202-a8a1-4b1f-9f02-c9c1960b910d", "time": "2026-08-21T18:02:00", "media": "../data/media/c77de893-a219-4629-8931-6721c796e5d4.jpg", "score": 5, "estado": "coherente", "aoi": "Western Colombia", "mmi": 7.7, "mensaje": "IMG-20260821-WA0101.jpg (file attached)"}}]}