{"type": "FeatureCollection", "features": [{"type": "Feature", "properties": {"obj_type": "11-Residential Buildings", "name": "Unknown", "info": "997-Not Applicable", "simplified": "Residential", "damage_gra": "Destroyed", "det_method": "Photo-interpretation", "notation": "Building point", "or_src_id": 978, "dmg_src_id": 2, "cd_value": "Not Applicable", "aoi": "Northern Cali", "layer": "builtUpP", "municipio": "Cali"}, "geometry": {"type": "Point", "coordinates": [-76.5103, 3.46365]}}, {"type": "Feature", "properties": {"obj_type": "11-Residential Buildings", "name": "Unknown", "info": "997-Not Applicable", "simplified": "Residential", "damage_gra": "Destroyed", "det_method": "Photo-interpretation", "notation": "Building point", "or_src_id": 978, "dmg_src_id": 2, "cd_value": "Not Applicable", "aoi": "Northern Cali", "layer": "builtUpP", "municipio": "Cali"}, "geometry": {"type": "Point", "coordinates": [-76.51039, 3.46384]}}, {"type": "Feature", "properties": {"obj_type": "11-Residential Buildings", "name": "Unknown", "info": "997-Not Applicable", "simplified": "Residential", "damage_gra": "Damaged", "det_method": "Photo-interpretation", "notation": "Building point", "or_src_id": 978, "dmg_src_id": 2, "cd_value": "Not Applicable", "aoi": "Northern Cali", "layer": "builtUpP", "municipio": "Cali"}, "geometry": {"type": "Point", "coordinates": [-76.50473, 3.47206]}}, {"type": "Feature", "properties": {"obj_type": "11-Residential Buildings", "name": "Unknown", "info": "997-Not Applicable", "simplified": "Residential", "damage_gra": "Possibly damaged", "det_method": "Photo-interpretation", "notation": "Building point", "or_src_id": 978, "dmg_src_id": 2, "cd_value": "Not Applicable", "aoi": "Northern Cali", "layer": "builtUpP", "municipio": "Cali"}, "geometry": {"type": "Point", "coordinates": [-76.50011, 3.48496]}}, {"type": "Feature", "properties": {"obj_type": "11-Residential Buildings", "name": "Unknown", "info": "997-Not Applicable", "simplified": "Residential", "damage_gra": "Damaged", "det_method": "Photo-interpretation", "notation": "Building point", "or_src_id": 978, "dmg_src_id": 2, "cd_value": "Not Applicable", "aoi": "Northern Cali", "layer": "builtUpP", "municipio": "Cali"}, "geometry": {"type": "Point", "coordinates": [-76.49235, 3.50327]}}, {"type": "Feature", "properties": {"obj_type": "11-Residential Buildings", "name": "Unknown", "info": "997-Not Applicable", "simplified": "Residential", "damage_gra": "Possibly damaged", "det_method": "Photo-interpretation", "notation": "Building point", "or_src_id": 978, "dmg_src_id": 2, "cd_value": "Not Applicable", "aoi": "Northern Cali", "layer": "builtUpP", "municipio": "Cali"}, "geometry": {"type": "Point", "coordinates": [-76.4924, 3.50327]}}, {"type": "Feature", "properties": {"obj_type": "11-Residential Buildings", "name": "Unknown", "info": "997-Not Applicable", "simplified": "Residential", "damage_gra": "Damaged", "det_method": "Photo-interpretation", "notation": "Building point", "or_src_id": 978, "dmg_src_id": 2, "cd_value": "Not Applicable", "aoi": "Northern Cali", "layer": "builtUpP", "municipio": "Cali"}, "geometry": {"type": "Point", "coordinates": [-76.49394, 3.50511]}}, {"type": "Feature", "properties": {"obj_type": "Physical Barrier", "obj_desc": "Blocked road / interruption", "elem_count": "1", "det_method": "Photo-interpretation", "notation": "Not Applicable", "or_src_id": 2, "dmg_src_id": 2, "cd_value": "Not Applicable", "aoi": "Pereira", "layer": "ancillaryCrisisInfoP", "municipio": "Pereira"}, "geometry": {"type": "Point", "coordinates": [-75.69838, 4.8035]}}, {"type": "Feature", "properties": {"obj_type": "Physical Barrier", "obj_desc": "Blocked road / interruption", "elem_count": "1", "det_method": "Photo-interpretation", "notation": "Not Applicable", "or_src_id": 2, "dmg_src_id": 2, "cd_value": "Not Applicable", "aoi": "Pereira", "layer": "ancillaryCrisisInfoP", "municipio": "Pereira"}, "geometry": {"type": "Point", "coordinates": [-75.69842, 4.80389]}}, {"type": "Feature", "properties": {"obj_type": "Physical Barrier", "obj_desc": "Blocked road / interruption", "elem_count": "1", "det_method": "Photo-interpretation", "notation": "Not Applicable", "or_src_id": 2, "dmg_src_id": 2, "cd_value": "Not Applicable", "aoi": "Pereira", "layer": "ancillaryCrisisInfoP", "municipio": "Pereira"}, "geometry": {"type": "Point", "coordinates": [-75.69831, 4.8041]}}, {"type": "Feature", "properties": {"obj_type": "Physical Barrier", "obj_desc": "Blocked road / interruption", "elem_count": "1", "det_method": "Photo-interpretation", "notation": "Not Applicable", "or_src_id": 2, "dmg_src_id": 2, "cd_value": "Not Applicable", "aoi": "Pereira", "layer": "ancillaryCrisisInfoP", "municipio": "Pereira"}, "geometry": {"type": "Point", "coordinates": [-75.69794, 4.80421]}}, {"type": "Feature", "properties": {"obj_type": "Physical Barrier", "obj_desc": "Blocked road / interruption", "elem_count": "1", "det_method": "Photo-interpretation", "notation": "Not Applicable", "or_src_id": 2, "dmg_src_id": 2, "cd_value": "Not Applicable", "aoi": "Pereira", "layer": "ancillaryCrisisInfoP", "municipio": "Pereira"}, "geometry": {"type": "Point", "coordinates": [-75.6969, 4.80627]}}, {"type": "Feature", "properties": {"obj_type": "Physical Barrier", "obj_desc": "Blocked road / interruption", "elem_count": "1", "det_method": "Photo-interpretation", "notation": "Not Applicable", "or_src_id": 2, "dmg_src_id": 2, "cd_value": "Not Applicable", "aoi": "Pereira", "layer": "ancillaryCrisisInfoP", "municipio": "Pereira"}, "geometry": {"type": "Point", "coordinates": [-75.70511, 4.81609]}}, {"type": "Feature", "properties": {"obj_type": "Physical Barrier", "obj_desc": "Blocked road / interruption", "elem_count": "1", "det_method": "Photo-interpretation", "notation": "Not Applicable", "or_src_id": 2, "dmg_src_id": 2, "cd_value": "Not Applicable", "aoi": "Pereira", "layer": "ancillaryCrisisInfoP", "municipio": "Pereira"}, "geometry": {"type": "Point", "coordinates": [-75.68786, 4.80735]}}, {"type": "Feature", "properties": {"obj_type": "Physical Barrier", "obj_desc": "Blocked road / interruption", "elem_count": "1", "det_method": "Photo-interpretation", "notation": "Not Applicable", "or_src_id": 2, "dmg_src_id": 2, "cd_value": "Not Applicable", "aoi": "Pereira", "layer": "ancillaryCrisisInfoP", "municipio": "Pereira"}, "geometry": {"type": "Point", "coordinates": [-75.69104, 4.8126]}}, {"type": "Feature", "properties": {"obj_type": "Physical Barrier", "obj_desc": "Blocked road / interruption", "elem_count": "1", "det_method": "Photo-interpretation", "notation": "Not Applicable", "or_src_id": 2, "dmg_src_id": 2, "cd_value": "Not Applicable", "aoi": "Pereira", "layer": "ancillaryCrisisInfoP", "municipio": "Pereira"}, "geometry": {"type": "Point", "coordinates": [-75.68929, 4.81293]}}, {"type": "Feature", "properties": {"obj_type": "Physical Barrier", "obj_desc": "Blocked road / interruption", "elem_count": "1", "det_method": "Photo-interpretation", "notation": "Not Applicable", "or_src_id": 2, "dmg_src_id": 2, "cd_value": "Not Applicable", "aoi": "Pereira", "layer": "ancillaryCrisisInfoP", "municipio": "Pereira"}, "geometry": {"type": "Point", "coordinates": [-75.68867, 4.81316]}}, {"type": "Feature", "properties": {"obj_type": "Physical Barrier", "obj_desc": "Blocked road / interruption", "elem_count": "1", "det_method": "Photo-interpretation", "notation": "Not Applicable", "or_src_id": 2, "dmg_src_id": 2, "cd_value": "Not Applicable", "aoi": "Pereira", "layer": "ancillaryCrisisInfoP", "municipio": "Pereira"}, "geometry": {"type": "Point", "coordinates": [-75.68927, 4.81324]}}, {"type": "Feature", "properties": {"obj_type": "11-Residential Buildings", "name": "Unknown", "info": "997-Not Applicable", "simplified": "Residential", "damage_gra": "Destroyed", "det_method": "Photo-interpretation", "notation": "Building point", "or_src_id": 2, "dmg_src_id": 2, "cd_value": "Not Applicable", "aoi": "Pereira", "layer": "builtUpP", "municipio": "Pereira"}, "geometry": {"type": "Point", "coordinates": [-75.68983, 4.79199]}}, {"type": "Feature", "properties": {"obj_type": "11-Residential Buildings", "name": "Unknown", "info": "997-Not Applicable", "simplified": "Residential", "damage_gra": "Damaged", "det_method": "Photo-interpretation", "notation": "Building point", "or_src_id": 2, "dmg_src_id": 2, "cd_value": "Not Applicable", "aoi": "Pereira", "layer": "builtUpP", "municipio": "Pereira"}, "geometry": {"type": "Point", "coordinates": [-75.69019, 4.79674]}}, {"type": "Feature", "properties": {"obj_type": "11-Residential Buildings", "name": "Unknown", "info": "997-Not Applicable", "simplified": "Residential", "damage_gra": "Destroyed", "det_method": "Photo-interpretation", "notation": "Building point", "or_src_id": 2, "dmg_src_id": 2, "cd_value": "Not Applicable", "aoi": "Pereira", "layer": "builtUpP", "municipio": "Pereira"}, "geometry": {"type": "Point", "coordinates": [-75.69027, 4.79697]}}, {"type": "Feature", "properties": {"obj_type": "11-Residential Buildings", "name": "Unknown", "info": "997-Not Applicable", "simplified": "Residential", "damage_gra": "Destroyed", "det_method": "Photo-interpretation", "notation": "Building point", "or_src_id": 2, "dmg_src_id": 2, "cd_value": "Not Applicable", "aoi": "Pereira", "layer": "builtUpP", "municipio": "Pereira"}, "geometry": {"type": "Point", "coordinates": [-75.69022, 4.79702]}}, {"type": "Feature", "properties": {"obj_type": "11-Residential Buildings", "name": "Unknown", "info": "997-Not Applicable", "simplified": "Residential", "damage_gra": "Destroyed", "det_method": "Photo-interpretation", "notation": "Building point", "or_src_id": 2, "dmg_src_id": 2, "cd_value": "Not Applicable", "aoi": "Pereira", "layer": "builtUpP", "municipio": "Pereira"}, "geometry": {"type": "Point", "coordinates": [-75.69031, 4.79702]}}, {"type": "Feature", "properties": {"obj_type": "11-Residential Buildings", "name": "Unknown", "info": "997-Not Applicable", "simplified": "Residential", "damage_gra": "Destroyed", "det_method": "Photo-interpretation", "notation": "Building point", "or_src_id": 2, "dmg_src_id": 2, "cd_value": "Not Applicable", "aoi": "Pereira", "layer": "builtUpP", "municipio": "Pereira"}, "geometry": {"type": "Point", "coordinates": [-75.69035, 4.79705]}}, {"type": "Feature", "properties": {"obj_type": "11-Residential Buildings", "name": "Unknown", "info": "997-Not Applicable", "simplified": "Residential", "damage_gra": "Destroyed", "det_method": "Photo-interpretation", "notation": "Building point", "or_src_id": 2, "dmg_src_id": 2, "cd_value": "Not Applicable", "aoi": "Pereira", "layer": "builtUpP", "municipio": "Pereira"}, "geometry": {"type": "Point", "coordinates": [-75.69025, 4.79705]}}, {"type": "Feature", "properties": {"obj_type": "11-Residential Buildings", "name": "Unknown", "info": "997-Not Applicable", "simplified": "Residential", "damage_gra": "Destroyed", "det_method": "Photo-interpretation", "notation": "Building point", "or_src_id": 2, "dmg_src_id": 2, "cd_value": "Not Applicable", "aoi": "Pereira", "layer": "builtUpP", "municipio": "Pereira"}, "geometry": {"type": "Point", "coordinates": [-75.6903, 4.79706]}}, {"type": "Feature", "properties": {"obj_type": "11-Residential Buildings", "name": "Unknown", "info": "997-Not Applicable", "simplified": "Residential", "damage_gra": "Damaged", "det_method": "Photo-interpretation", "notation": "Building point", "or_src_id": 2, "dmg_src_id": 2, "cd_value": "Not Applicable", "aoi": "Pereira", "layer": "builtUpP", "municipio": "Pereira"}, "geometry": {"type": "Point", "coordinates": [-75.69029, 4.79712]}}, {"type": "Feature", "properties": {"obj_type": "11-Residential Buildings", "name": "Unknown", "info": "997-Not Applicable", "simplified": "Residential", "damage_gra": "Destroyed", "det_method": "Photo-interpretation", "notation": "Building point", "or_src_id": 2, "dmg_src_id": 2, "cd_value": "Not Applicable", "aoi": "Pereira", "layer": "builtUpP", "municipio": "Pereira"}, "geometry": {"type": "Point", "coordinates": [-75.69272, 4.80589]}}, {"type": "Feature", "properties": {"obj_type": "11-Residential Buildings", "name": "Unknown", "info": "997-Not Applicable", "simplified": "Residential", "damage_gra": "Damaged", "det_method": "Photo-interpretation", "notation": "Building point", "or_src_id": 2, "dmg_src_id": 2, "cd_value": "Not Applicable", "aoi": "Pereira", "layer": "builtUpP", "municipio": "Pereira"}, "geometry": {"type": "Point", "coordinates": [-75.69427, 4.80582]}}, {"type": "Feature", "properties": {"obj_type": "11-Residential Buildings", "name": "Unknown", "info": "997-Not Applicable", "simplified": "Residential", "damage_gra": "Damaged", "det_method": "Photo-interpretation", "notation": "Building point", "or_src_id": 2, "dmg_src_id": 2, "cd_value": "Not Applicable", "aoi": "Pereira", "layer": "builtUpP", "municipio": "Pereira"}, "geometry": {"type": "Point", "coordinates": [-75.69444, 4.80584]}}, {"type": "Feature", "properties": {"obj_type": "11-Residential Buildings", "name": "Unknown", "info": "997-Not Applicable", "simplified": "Residential", "damage_gra": "Destroyed", "det_method": "Photo-interpretation", "notation": "Building point", "or_src_id": 2, "dmg_src_id": 2, "cd_value": "Not Applicable", "aoi": "Pereira", "layer": "builtUpP", "municipio": "Pereira"}, "geometry": {"type": "Point", "coordinates": [-75.69625, 4.80597]}}, {"type": "Feature", "properties": {"obj_type": "11-Residential Buildings", "name": "Unknown", "info": "997-Not Applicable", "simplified": "Residential", "damage_gra": "Destroyed", "det_method": "Photo-interpretation", "notation": "Building point", "or_src_id": 2, "dmg_src_id": 2, "cd_value": "Not Applicable", "aoi": "Pereira", "layer": "builtUpP", "municipio": "Pereira"}, "geometry": {"type": "Point", "coordinates": [-75.69662, 4.806]}}, {"type": "Feature", "properties": {"obj_type": "11-Residential Buildings", "name": "Unknown", "info": "997-Not Applicable", "simplified": "Residential", "damage_gra": "Destroyed", "det_method": "Photo-interpretation", "notation": "Building point", "or_src_id": 2, "dmg_src_id": 2, "cd_value": "Not Applicable", "aoi": "Pereira", "layer": "builtUpP", "municipio": "Pereira"}, "geometry": {"type": "Point", "coordinates": [-75.69622, 4.8062]}}, {"type": "Feature", "properties": {"obj_type": "11-Residential Buildings", "name": "Unknown", "info": "997-Not Applicable", "simplified": "Residential", "damage_gra": "Destroyed", "det_method": "Photo-interpretation", "notation": "Building point", "or_src_id": 2, "dmg_src_id": 2, "cd_value": "Not Applicable", "aoi": "Pereira", "layer": "builtUpP", "municipio": "Pereira"}, "geometry": {"type": "Point", "coordinates": [-75.69636, 4.80629]}}, {"type": "Feature", "properties": {"obj_type": "11-Residential Buildings", "name": "Unknown", "info": "997-Not Applicable", "simplified": "Residential", "damage_gra": "Destroyed", "det_method": "Photo-interpretation", "notation": "Building point", "or_src_id": 2, "dmg_src_id": 2, "cd_value": "Not Applicable", "aoi": "Pereira", "layer": "builtUpP", "municipio": "Pereira"}, "geometry": {"type": "Point", "coordinates": [-75.69674, 4.80637]}}, {"type": "Feature", "properties": {"obj_type": "11-Residential Buildings", "name": "Unknown", "info": "997-Not Applicable", "simplified": "Residential", "damage_gra": "Destroyed", "det_method": "Photo-interpretation", "notation": "Building point", "or_src_id": 2, "dmg_src_id": 2, "cd_value": "Not Applicable", "aoi": "Pereira", "layer": "builtUpP", "municipio": "Pereira"}, "geometry": {"type": "Point", "coordinates": [-75.69274, 4.80667]}}, {"type": "Feature", "properties": {"obj_type": "11-Residential Buildings", "name": "Unknown", "info": "997-Not Applicable", "simplified": "Residential", "damage_gra": "Destroyed", "det_method": "Photo-interpretation", "notation": "Building point", "or_src_id": 2, "dmg_src_id": 2, "cd_value": "Not Applicable", "aoi": "Pereira", "layer": "builtUpP", "municipio": "Pereira"}, "geometry": {"type": "Point", "coordinates": [-75.69284, 4.80667]}}, {"type": "Feature", "properties": {"obj_type": "11-Residential Buildings", "name": "Unknown", "info": "997-Not Applicable", "simplified": "Residential", "damage_gra": "Damaged", "det_method": "Photo-interpretation", "notation": "Building point", "or_src_id": 2, "dmg_src_id": 2, "cd_value": "Not Applicable", "aoi": "Pereira", "layer": "builtUpP", "municipio": "Pereira"}, "geometry": {"type": "Point", "coordinates": [-75.69588, 4.80689]}}, {"type": "Feature", "properties": {"obj_type": "11-Residential Buildings", "name": "Unknown", "info": "997-Not Applicable", "simplified": "Residential", "damage_gra": "Damaged", "det_method": "Photo-interpretation", "notation": "Building point", "or_src_id": 2, "dmg_src_id": 2, "cd_value": "Not Applicable", "aoi": "Pereira", "layer": "builtUpP", "municipio": "Pereira"}, "geometry": {"type": "Point", "coordinates": [-75.6925, 4.80649]}}, {"type": "Feature", "properties": {"obj_type": "11-Residential Buildings", "name": "Unknown", "info": "997-Not Applicable", "simplified": "Residential", "damage_gra": "Damaged", "det_method": "Photo-interpretation", "notation": "Building point", "or_src_id": 2, "dmg_src_id": 2, "cd_value": "Not Applicable", "aoi": "Pereira", "layer": "builtUpP", "municipio": "Pereira"}, "geometry": {"type": "Point", "coordinates": [-75.69249, 4.80655]}}, {"type": "Feature", "properties": {"obj_type": "11-Residential Buildings", "name": "Unknown", "info": "997-Not Applicable", "simplified": "Residential", "damage_gra": "Damaged", "det_method": "Photo-interpretation", "notation": "Building point", "or_src_id": 2, "dmg_src_id": 2, "cd_value": "Not Applicable", "aoi": "Pereira", "layer": "builtUpP", "municipio": "Pereira"}, "geometry": {"type": "Point", "coordinates": [-75.68999, 4.80789]}}, {"type": "Feature", "properties": {"obj_type": "11-Residential Buildings", "name": "Unknown", "info": "997-Not Applicable", "simplified": "Residential", "damage_gra": "Damaged", "det_method": "Photo-interpretation", "notation": "Building point", "or_src_id": 2, "dmg_src_id": 2, "cd_value": "Not Applicable", "aoi": "Pereira", "layer": "builtUpP", "municipio": "Pereira"}, "geometry": {"type": "Point", "coordinates": [-75.69009, 4.80791]}}, {"type": "Feature", "properties": {"obj_type": "11-Residential Buildings", "name": "Unknown", "info": "997-Not Applicable", "simplified": "Residential", "damage_gra": "Damaged", "det_method": "Photo-interpretation", "notation": "Building point", "or_src_id": 2, "dmg_src_id": 2, "cd_value": "Not Applicable", "aoi": "Pereira", "layer": "builtUpP", "municipio": "Pereira"}, "geometry": {"type": "Point", "coordinates": [-75.69251, 4.80817]}}, {"type": "Feature", "properties": {"obj_type": "11-Residential Buildings", "name": "Unknown", "info": "997-Not Applicable", "simplified": "Residential", "damage_gra": "Destroyed", "det_method": "Photo-interpretation", "notation": "Building point", "or_src_id": 2, "dmg_src_id": 2, "cd_value": "Not Applicable", "aoi": "Pereira", "layer": "builtUpP", "municipio": "Pereira"}, "geometry": {"type": "Point", "coordinates": [-75.69251, 4.80855]}}, {"type": "Feature", "properties": {"obj_type": "11-Residential Buildings", "name": "Unknown", "info": "997-Not Applicable", "simplified": "Residential", "damage_gra": "Destroyed", "det_method": "Photo-interpretation", "notation": "Building point", "or_src_id": 2, "dmg_src_id": 2, "cd_value": "Not Applicable", "aoi": "Pereira", "layer": "builtUpP", "municipio": "Pereira"}, "geometry": {"type": "Point", "coordinates": [-75.6925, 4.80868]}}, {"type": "Feature", "properties": {"obj_type": "11-Residential Buildings", "name": "Unknown", "info": "997-Not Applicable", "simplified": "Residential", "damage_gra": "Destroyed", "det_method": "Photo-interpretation", "notation": "Building point", "or_src_id": 2, "dmg_src_id": 2, "cd_value": "Not Applicable", "aoi": "Pereira", "layer": "builtUpP", "municipio": "Pereira"}, "geometry": {"type": "Point", "coordinates": [-75.6911, 4.80869]}}, {"type": "Feature", "properties": {"obj_type": "11-Residential Buildings", "name": "Unknown", "info": "997-Not Applicable", "simplified": "Residential", "damage_gra": "Damaged", "det_method": "Photo-interpretation", "notation": "Building point", "or_src_id": 2, "dmg_src_id": 2, "cd_value": "Not Applicable", "aoi": "Pereira", "layer": "builtUpP", "municipio": "Pereira"}, "geometry": {"type": "Point", "coordinates": [-75.68948, 4.80915]}}, {"type": "Feature", "properties": {"obj_type": "11-Residential Buildings", "name": "Unknown", "info": "997-Not Applicable", "simplified": "Residential", "damage_gra": "Damaged", "det_method": "Photo-interpretation", "notation": "Building point", "or_src_id": 2, "dmg_src_id": 2, "cd_value": "Not Applicable", "aoi": "Pereira", "layer": "builtUpP", "municipio": "Pereira"}, "geometry": {"type": "Point", "coordinates": [-75.68959, 4.80915]}}, {"type": "Feature", "properties": {"obj_type": "11-Residential Buildings", "name": "Unknown", "info": "997-Not Applicable", "simplified": "Residential", "damage_gra": "Destroyed", "det_method": "Photo-interpretation", "notation": "Building point", "or_src_id": 2, "dmg_src_id": 2, "cd_value": "Not Applicable", "aoi": "Pereira", "layer": "builtUpP", "municipio": "Pereira"}, "geometry": {"type": "Point", "coordinates": [-75.68862, 4.80768]}}, {"type": "Feature", "properties": {"obj_type": "11-Residential Buildings", "name": "Unknown", "info": "997-Not Applicable", "simplified": "Residential", "damage_gra": "Damaged", "det_method": "Photo-interpretation", "notation": "Building point", "or_src_id": 2, "dmg_src_id": 2, "cd_value": "Not Applicable", "aoi": "Pereira", "layer": "builtUpP", "municipio": "Pereira"}, "geometry": {"type": "Point", "coordinates": [-75.68836, 4.80783]}}, {"type": "Feature", "properties": {"obj_type": "11-Residential Buildings", "name": "Unknown", "info": "997-Not Applicable", "simplified": "Residential", "damage_gra": "Damaged", "det_method": "Photo-interpretation", "notation": "Building point", "or_src_id": 2, "dmg_src_id": 2, "cd_value": "Not Applicable", "aoi": "Pereira", "layer": "builtUpP", "municipio": "Pereira"}, "geometry": {"type": "Point", "coordinates": [-75.6839, 4.80913]}}, {"type": "Feature", "properties": {"obj_type": "11-Residential Buildings", "name": "Unknown", "info": "997-Not Applicable", "simplified": "Residential", "damage_gra": "Damaged", "det_method": "Photo-interpretation", "notation": "Building point", "or_src_id": 2, "dmg_src_id": 2, "cd_value": "Not Applicable", "aoi": "Pereira", "layer": "builtUpP", "municipio": "Pereira"}, "geometry": {"type": "Point", "coordinates": [-75.68491, 4.8092]}}, {"type": "Feature", "properties": {"obj_type": "11-Residential Buildings", "name": "Unknown", "info": "997-Not Applicable", "simplified": "Residential", "damage_gra": "Damaged", "det_method": "Photo-interpretation", "notation": "Building point", "or_src_id": 2, "dmg_src_id": 2, "cd_value": "Not Applicable", "aoi": "Pereira", "layer": "builtUpP", "municipio": "Pereira"}, "geometry": {"type": "Point", "coordinates": [-75.68873, 4.80924]}}, {"type": "Feature", "properties": {"obj_type": "11-Residential Buildings", "name": "Unknown", "info": "997-Not Applicable", "simplified": "Residential", "damage_gra": "Destroyed", "det_method": "Photo-interpretation", "notation": "Building point", "or_src_id": 2, "dmg_src_id": 2, "cd_value": "Not Applicable", "aoi": "Pereira", "layer": "builtUpP", "municipio": "Pereira"}, "geometry": {"type": "Point", "coordinates": [-75.6893, 4.80933]}}, {"type": "Feature", "properties": {"obj_type": "11-Residential Buildings", "name": "Unknown", "info": "997-Not Applicable", "simplified": "Residential", "damage_gra": "Destroyed", "det_method": "Photo-interpretation", "notation": "Building point", "or_src_id": 2, "dmg_src_id": 2, "cd_value": "Not Applicable", "aoi": "Pereira", "layer": "builtUpP", "municipio": "Pereira"}, "geometry": {"type": "Point", "coordinates": [-75.6881, 4.80936]}}, {"type": "Feature", "properties": {"obj_type": "11-Residential Buildings", "name": "Unknown", "info": "997-Not Applicable", "simplified": "Residential", "damage_gra": "Destroyed", "det_method": "Photo-interpretation", "notation": "Building point", "or_src_id": 2, "dmg_src_id": 2, "cd_value": "Not Applicable", "aoi": "Pereira", "layer": "builtUpP", "municipio": "Pereira"}, "geometry": {"type": "Point", "coordinates": [-75.68622, 4.80938]}}, {"type": "Feature", "properties": {"obj_type": "11-Residential Buildings", "name": "Unknown", "info": "997-Not Applicable", "simplified": "Residential", "damage_gra": "Destroyed", "det_method": "Photo-interpretation", "notation": "Building point", "or_src_id": 2, "dmg_src_id": 2, "cd_value": "Not Applicable", "aoi": "Pereira", "layer": "builtUpP", "municipio": "Pereira"}, "geometry": {"type": "Point", "coordinates": [-75.68645, 4.80939]}}, {"type": "Feature", "properties": {"obj_type": "11-Residential Buildings", "name": "Unknown", "info": "997-Not Applicable", "simplified": "Residential", "damage_gra": "Destroyed", "det_method": "Photo-interpretation", "notation": "Building point", "or_src_id": 2, "dmg_src_id": 2, "cd_value": "Not Applicable", "aoi": "Pereira", "layer": "builtUpP", "municipio": "Pereira"}, "geometry": {"type": "Point", "coordinates": [-75.68648, 4.8094]}}, {"type": "Feature", "properties": {"obj_type": "11-Residential Buildings", "name": "Unknown", "info": "997-Not Applicable", "simplified": "Residential", "damage_gra": "Destroyed", "det_method": "Photo-interpretation", "notation": "Building point", "or_src_id": 2, "dmg_src_id": 2, "cd_value": "Not Applicable", "aoi": "Pereira", "layer": "builtUpP", "municipio": "Pereira"}, "geometry": {"type": "Point", "coordinates": [-75.69431, 4.80704]}}, {"type": "Feature", "properties": {"obj_type": "11-Residential Buildings", "name": "Unknown", "info": "997-Not Applicable", "simplified": "Residential", "damage_gra": "Destroyed", "det_method": "Photo-interpretation", "notation": "Building point", "or_src_id": 2, "dmg_src_id": 2, "cd_value": "Not Applicable", "aoi": "Pereira", "layer": "builtUpP", "municipio": "Pereira"}, "geometry": {"type": "Point", "coordinates": [-75.69572, 4.80724]}}, {"type": "Feature", "properties": {"obj_type": "11-Residential Buildings", "name": "Unknown", "info": "997-Not Applicable", "simplified": "Residential", "damage_gra": "Damaged", "det_method": "Photo-interpretation", "notation": "Building point", "or_src_id": 2, "dmg_src_id": 2, "cd_value": "Not Applicable", "aoi": "Pereira", "layer": "builtUpP", "municipio": "Pereira"}, "geometry": {"type": "Point", "coordinates": [-75.69354, 4.80734]}}, {"type": "Feature", "properties": {"obj_type": "11-Residential Buildings", "name": "Unknown", "info": "997-Not Applicable", "simplified": "Residential", "damage_gra": "Damaged", "det_method": "Photo-interpretation", "notation": "Building point", "or_src_id": 2, "dmg_src_id": 2, "cd_value": "Not Applicable", "aoi": "Pereira", "layer": "builtUpP", "municipio": "Pereira"}, "geometry": {"type": "Point", "coordinates": [-75.6936, 4.8074]}}, {"type": "Feature", "properties": {"obj_type": "11-Residential Buildings", "name": "Unknown", "info": "997-Not Applicable", "simplified": "Residential", "damage_gra": "Damaged", "det_method": "Photo-interpretation", "notation": "Building point", "or_src_id": 2, "dmg_src_id": 2, "cd_value": "Not Applicable", "aoi": "Pereira", "layer": "builtUpP", "municipio": "Pereira"}, "geometry": {"type": "Point", "coordinates": [-75.69447, 4.80886]}}, {"type": "Feature", "properties": {"obj_type": "11-Residential Buildings", "name": "Unknown", "info": "997-Not Applicable", "simplified": "Residential", "damage_gra": "Destroyed", "det_method": "Photo-interpretation", "notation": "Building point", "or_src_id": 2, "dmg_src_id": 2, "cd_value": "Not Applicable", "aoi": "Pereira", "layer": "builtUpP", "municipio": "Pereira"}, "geometry": {"type": "Point", "coordinates": [-75.69316, 4.81007]}}, {"type": "Feature", "properties": {"obj_type": "11-Residential Buildings", "name": "Unknown", "info": "997-Not Applicable", "simplified": "Residential", "damage_gra": "Damaged", "det_method": "Photo-interpretation", "notation": "Building point", "or_src_id": 2, "dmg_src_id": 2, "cd_value": "Not Applicable", "aoi": "Pereira", "layer": "builtUpP", "municipio": "Pereira"}, "geometry": {"type": "Point", "coordinates": [-75.69486, 4.81075]}}, {"type": "Feature", "properties": {"obj_type": "11-Residential Buildings", "name": "Unknown", "info": "997-Not Applicable", "simplified": "Residential", "damage_gra": "Damaged", "det_method": "Photo-interpretation", "notation": "Building point", "or_src_id": 2, "dmg_src_id": 2, "cd_value": "Not Applicable", "aoi": "Pereira", "layer": "builtUpP", "municipio": "Pereira"}, "geometry": {"type": "Point", "coordinates": [-75.69483, 4.811]}}, {"type": "Feature", "properties": {"obj_type": "11-Residential Buildings", "name": "Unknown", "info": "997-Not Applicable", "simplified": "Residential", "damage_gra": "Damaged", "det_method": "Photo-interpretation", "notation": "Building point", "or_src_id": 2, "dmg_src_id": 2, "cd_value": "Not Applicable", "aoi": "Pereira", "layer": "builtUpP", "municipio": "Pereira"}, "geometry": {"type": "Point", "coordinates": [-75.69529, 4.81103]}}, {"type": "Feature", "properties": {"obj_type": "11-Residential Buildings", "name": "Unknown", "info": "997-Not Applicable", "simplified": "Residential", "damage_gra": "Damaged", "det_method": "Photo-interpretation", "notation": "Building point", "or_src_id": 2, "dmg_src_id": 2, "cd_value": "Not Applicable", "aoi": "Pereira", "layer": "builtUpP", "municipio": "Pereira"}, "geometry": {"type": "Point", "coordinates": [-75.69442, 4.81141]}}, {"type": "Feature", "properties": {"obj_type": "11-Residential Buildings", "name": "Unknown", "info": "997-Not Applicable", "simplified": "Residential", "damage_gra": "Destroyed", "det_method": "Photo-interpretation", "notation": "Building point", "or_src_id": 2, "dmg_src_id": 2, "cd_value": "Not Applicable", "aoi": "Pereira", "layer": "builtUpP", "municipio": "Pereira"}, "geometry": {"type": "Point", "coordinates": [-75.68652, 4.8094]}}, {"type": "Feature", "properties": {"obj_type": "11-Residential Buildings", "name": "Unknown", "info": "997-Not Applicable", "simplified": "Residential", "damage_gra": "Possibly damaged", "det_method": "Photo-interpretation", "notation": "Building point", "or_src_id": 2, "dmg_src_id": 2, "cd_value": "Not Applicable", "aoi": "Pereira", "layer": "builtUpP", "municipio": "Pereira"}, "geometry": {"type": "Point", "coordinates": [-75.68909, 4.80943]}}, {"type": "Feature", "properties": {"obj_type": "11-Residential Buildings", "name": "Unknown", "info": "997-Not Applicable", "simplified": "Residential", "damage_gra": "Damaged", "det_method": "Photo-interpretation", "notation": "Building point", "or_src_id": 2, "dmg_src_id": 2, "cd_value": "Not Applicable", "aoi": "Pereira", "layer": "builtUpP", "municipio": "Pereira"}, "geometry": {"type": "Point", "coordinates": [-75.6871, 4.81034]}}, {"type": "Feature", "properties": {"obj_type": "11-Residential Buildings", "name": "Unknown", "info": "997-Not Applicable", "simplified": "Residential", "damage_gra": "Damaged", "det_method": "Photo-interpretation", "notation": "Building point", "or_src_id": 2, "dmg_src_id": 2, "cd_value": "Not Applicable", "aoi": "Pereira", "layer": "builtUpP", "municipio": "Pereira"}, "geometry": {"type": "Point", "coordinates": [-75.68863, 4.81052]}}, {"type": "Feature", "properties": {"obj_type": "11-Residential Buildings", "name": "Unknown", "info": "997-Not Applicable", "simplified": "Residential", "damage_gra": "Destroyed", "det_method": "Photo-interpretation", "notation": "Building point", "or_src_id": 2, "dmg_src_id": 2, "cd_value": "Not Applicable", "aoi": "Pereira", "layer": "builtUpP", "municipio": "Pereira"}, "geometry": {"type": "Point", "coordinates": [-75.68468, 4.81084]}}, {"type": "Feature", "properties": {"obj_type": "11-Residential Buildings", "name": "Unknown", "info": "997-Not Applicable", "simplified": "Residential", "damage_gra": "Destroyed", "det_method": "Photo-interpretation", "notation": "Building point", "or_src_id": 2, "dmg_src_id": 2, "cd_value": "Not Applicable", "aoi": "Pereira", "layer": "builtUpP", "municipio": "Pereira"}, "geometry": {"type": "Point", "coordinates": [-75.68497, 4.81096]}}, {"type": "Feature", "properties": {"obj_type": "11-Residential Buildings", "name": "Unknown", "info": "997-Not Applicable", "simplified": "Residential", "damage_gra": "Damaged", "det_method": "Photo-interpretation", "notation": "Building point", "or_src_id": 2, "dmg_src_id": 2, "cd_value": "Not Applicable", "aoi": "Pereira", "layer": "builtUpP", "municipio": "Pereira"}, "geometry": {"type": "Point", "coordinates": [-75.68871, 4.81133]}}, {"type": "Feature", "properties": {"obj_type": "11-Residential Buildings", "name": "Unknown", "info": "997-Not Applicable", "simplified": "Residential", "damage_gra": "Damaged", "det_method": "Photo-interpretation", "notation": "Building point", "or_src_id": 2, "dmg_src_id": 2, "cd_value": "Not Applicable", "aoi": "Pereira", "layer": "builtUpP", "municipio": "Pereira"}, "geometry": {"type": "Point", "coordinates": [-75.6893, 4.8114]}}, {"type": "Feature", "properties": {"obj_type": "11-Residential Buildings", "name": "Unknown", "info": "997-Not Applicable", "simplified": "Residential", "damage_gra": "Damaged", "det_method": "Photo-interpretation", "notation": "Building point", "or_src_id": 2, "dmg_src_id": 2, "cd_value": "Not Applicable", "aoi": "Pereira", "layer": "builtUpP", "municipio": "Pereira"}, "geometry": {"type": "Point", "coordinates": [-75.689, 4.81177]}}, {"type": "Feature", "properties": {"obj_type": "11-Residential Buildings", "name": "Unknown", "info": "997-Not Applicable", "simplified": "Residential", "damage_gra": "Damaged", "det_method": "Photo-interpretation", "notation": "Building point", "or_src_id": 2, "dmg_src_id": 2, "cd_value": "Not Applicable", "aoi": "Pereira", "layer": "builtUpP", "municipio": "Pereira"}, "geometry": {"type": "Point", "coordinates": [-75.6891, 4.81178]}}, {"type": "Feature", "properties": {"obj_type": "11-Residential Buildings", "name": "Unknown", "info": "997-Not Applicable", "simplified": "Residential", "damage_gra": "Destroyed", "det_method": "Photo-interpretation", "notation": "Building point", "or_src_id": 2, "dmg_src_id": 2, "cd_value": "Not Applicable", "aoi": "Pereira", "layer": "builtUpP", "municipio": "Pereira"}, "geometry": {"type": "Point", "coordinates": [-75.69243, 4.80939]}}, {"type": "Feature", "properties": {"obj_type": "11-Residential Buildings", "name": "Unknown", "info": "997-Not Applicable", "simplified": "Residential", "damage_gra": "Damaged", "det_method": "Photo-interpretation", "notation": "Building point", "or_src_id": 2, "dmg_src_id": 2, "cd_value": "Not Applicable", "aoi": "Pereira", "layer": "builtUpP", "municipio": "Pereira"}, "geometry": {"type": "Point", "coordinates": [-75.69238, 4.80947]}}, {"type": "Feature", "properties": {"obj_type": "11-Residential Buildings", "name": "Unknown", "info": "997-Not Applicable", "simplified": "Residential", "damage_gra": "Possibly damaged", "det_method": "Photo-interpretation", "notation": "Building point", "or_src_id": 2, "dmg_src_id": 2, "cd_value": "Not Applicable", "aoi": "Pereira", "layer": "builtUpP", "municipio": "Pereira"}, "geometry": {"type": "Point", "coordinates": [-75.69175, 4.80981]}}, {"type": "Feature", "properties": {"obj_type": "11-Residential Buildings", "name": "Unknown", "info": "997-Not Applicable", "simplified": "Residential", "damage_gra": "Possibly damaged", "det_method": "Photo-interpretation", "notation": "Building point", "or_src_id": 2, "dmg_src_id": 2, "cd_value": "Not Applicable", "aoi": "Pereira", "layer": "builtUpP", "municipio": "Pereira"}, "geometry": {"type": "Point", "coordinates": [-75.69184, 4.80982]}}, {"type": "Feature", "properties": {"obj_type": "11-Residential Buildings", "name": "Unknown", "info": "997-Not Applicable", "simplified": "Residential", "damage_gra": "Damaged", "det_method": "Photo-interpretation", "notation": "Building point", "or_src_id": 2, "dmg_src_id": 2, "cd_value": "Not Applicable", "aoi": "Pereira", "layer": "builtUpP", "municipio": "Pereira"}, "geometry": {"type": "Point", "coordinates": [-75.6893, 4.81053]}}, {"type": "Feature", "properties": {"obj_type": "11-Residential Buildings", "name": "Unknown", "info": "997-Not Applicable", "simplified": "Residential", "damage_gra": "Destroyed", "det_method": "Photo-interpretation", "notation": "Building point", "or_src_id": 2, "dmg_src_id": 2, "cd_value": "Not Applicable", "aoi": "Pereira", "layer": "builtUpP", "municipio": "Pereira"}, "geometry": {"type": "Point", "coordinates": [-75.68941, 4.81055]}}, {"type": "Feature", "properties": {"obj_type": "11-Residential Buildings", "name": "Unknown", "info": "997-Not Applicable", "simplified": "Residential", "damage_gra": "Damaged", "det_method": "Photo-interpretation", "notation": "Building point", "or_src_id": 2, "dmg_src_id": 2, "cd_value": "Not Applicable", "aoi": "Pereira", "layer": "builtUpP", "municipio": "Pereira"}, "geometry": {"type": "Point", "coordinates": [-75.68976, 4.81066]}}, {"type": "Feature", "properties": {"obj_type": "11-Residential Buildings", "name": "Unknown", "info": "997-Not Applicable", "simplified": "Residential", "damage_gra": "Damaged", "det_method": "Photo-interpretation", "notation": "Building point", "or_src_id": 2, "dmg_src_id": 2, "cd_value": "Not Applicable", "aoi": "Pereira", "layer": "builtUpP", "municipio": "Pereira"}, "geometry": {"type": "Point", "coordinates": [-75.68954, 4.81174]}}, {"type": "Feature", "properties": {"obj_type": "11-Residential Buildings", "name": "Unknown", "info": "997-Not Applicable", "simplified": "Residential", "damage_gra": "Destroyed", "det_method": "Photo-interpretation", "notation": "Building point", "or_src_id": 2, "dmg_src_id": 2, "cd_value": "Not Applicable", "aoi": "Pereira", "layer": "builtUpP", "municipio": "Pereira"}, "geometry": {"type": "Point", "coordinates": [-75.69098, 4.81246]}}, {"type": "Feature", "properties": {"obj_type": "11-Residential Buildings", "name": "Unknown", "info": "997-Not Applicable", "simplified": "Residential", "damage_gra": "Destroyed", "det_method": "Photo-interpretation", "notation": "Building point", "or_src_id": 2, "dmg_src_id": 2, "cd_value": "Not Applicable", "aoi": "Pereira", "layer": "builtUpP", "municipio": "Pereira"}, "geometry": {"type": "Point", "coordinates": [-75.69026, 4.81274]}}, {"type": "Feature", "properties": {"obj_type": "11-Residential Buildings", "name": "Unknown", "info": "997-Not Applicable", "simplified": "Residential", "damage_gra": "Damaged", "det_method": "Photo-interpretation", "notation": "Building point", "or_src_id": 2, "dmg_src_id": 2, "cd_value": "Not Applicable", "aoi": "Pereira", "layer": "builtUpP", "municipio": "Pereira"}, "geometry": {"type": "Point", "coordinates": [-75.68841, 4.81254]}}, {"type": "Feature", "properties": {"obj_type": "11-Residential Buildings", "name": "Unknown", "info": "997-Not Applicable", "simplified": "Residential", "damage_gra": "Damaged", "det_method": "Photo-interpretation", "notation": "Building point", "or_src_id": 2, "dmg_src_id": 2, "cd_value": "Not Applicable", "aoi": "Pereira", "layer": "builtUpP", "municipio": "Pereira"}, "geometry": {"type": "Point", "coordinates": [-75.68916, 4.81258]}}, {"type": "Feature", "properties": {"obj_type": "11-Residential Buildings", "name": "Unknown", "info": "997-Not Applicable", "simplified": "Residential", "damage_gra": "Damaged", "det_method": "Photo-interpretation", "notation": "Building point", "or_src_id": 2, "dmg_src_id": 2, "cd_value": "Not Applicable", "aoi": "Pereira", "layer": "builtUpP", "municipio": "Pereira"}, "geometry": {"type": "Point", "coordinates": [-75.6884, 4.81269]}}, {"type": "Feature", "properties": {"obj_type": "11-Residential Buildings", "name": "Unknown", "info": "997-Not Applicable", "simplified": "Residential", "damage_gra": "Destroyed", "det_method": "Photo-interpretation", "notation": "Building point", "or_src_id": 2, "dmg_src_id": 2, "cd_value": "Not Applicable", "aoi": "Pereira", "layer": "builtUpP", "municipio": "Pereira"}, "geometry": {"type": "Point", "coordinates": [-75.68707, 4.8127]}}, {"type": "Feature", "properties": {"obj_type": "11-Residential Buildings", "name": "Unknown", "info": "997-Not Applicable", "simplified": "Residential", "damage_gra": "Damaged", "det_method": "Photo-interpretation", "notation": "Building point", "or_src_id": 2, "dmg_src_id": 2, "cd_value": "Not Applicable", "aoi": "Pereira", "layer": "builtUpP", "municipio": "Pereira"}, "geometry": {"type": "Point", "coordinates": [-75.68881, 4.81289]}}, {"type": "Feature", "properties": {"obj_type": "11-Residential Buildings", "name": "Unknown", "info": "997-Not Applicable", "simplified": "Residential", "damage_gra": "Destroyed", "det_method": "Photo-interpretation", "notation": "Building point", "or_src_id": 2, "dmg_src_id": 2, "cd_value": "Not Applicable", "aoi": "Pereira", "layer": "builtUpP", "municipio": "Pereira"}, "geometry": {"type": "Point", "coordinates": [-75.68878, 4.81313]}}, {"type": "Feature", "properties": {"obj_type": "11-Residential Buildings", "name": "Unknown", "info": "997-Not Applicable", "simplified": "Residential", "damage_gra": "Destroyed", "det_method": "Photo-interpretation", "notation": "Building point", "or_src_id": 2, "dmg_src_id": 2, "cd_value": "Not Applicable", "aoi": "Pereira", "layer": "builtUpP", "municipio": "Pereira"}, "geometry": {"type": "Point", "coordinates": [-75.68919, 4.81313]}}, {"type": "Feature", "properties": {"obj_type": "11-Residential Buildings", "name": "Unknown", "info": "997-Not Applicable", "simplified": "Residential", "damage_gra": "Damaged", "det_method": "Photo-interpretation", "notation": "Building point", "or_src_id": 2, "dmg_src_id": 2, "cd_value": "Not Applicable", "aoi": "Pereira", "layer": "builtUpP", "municipio": "Pereira"}, "geometry": {"type": "Point", "coordinates": [-75.68908, 4.81338]}}, {"type": "Feature", "properties": {"obj_type": "11-Residential Buildings", "name": "Unknown", "info": "997-Not Applicable", "simplified": "Residential", "damage_gra": "Destroyed", "det_method": "Photo-interpretation", "notation": "Building point", "or_src_id": 2, "dmg_src_id": 2, "cd_value": "Not Applicable", "aoi": "Pereira", "layer": "builtUpP", "municipio": "Pereira"}, "geometry": {"type": "Point", "coordinates": [-75.68657, 4.81369]}}, {"type": "Feature", "properties": {"obj_type": "11-Residential Buildings", "name": "Unknown", "info": "997-Not Applicable", "simplified": "Residential", "damage_gra": "Damaged", "det_method": "Photo-interpretation", "notation": "Building point", "or_src_id": 2, "dmg_src_id": 2, "cd_value": "Not Applicable", "aoi": "Pereira", "layer": "builtUpP", "municipio": "Pereira"}, "geometry": {"type": "Point", "coordinates": [-75.68829, 4.81493]}}, {"type": "Feature", "properties": {"obj_type": "11-Residential Buildings", "name": "Unknown", "info": "997-Not Applicable", "simplified": "Residential", "damage_gra": "Destroyed", "det_method": "Photo-interpretation", "notation": "Building point", "or_src_id": 2, "dmg_src_id": 2, "cd_value": "Not Applicable", "aoi": "Pereira", "layer": "builtUpP", "municipio": "Pereira"}, "geometry": {"type": "Point", "coordinates": [-75.69149, 4.81322]}}, {"type": "Feature", "properties": {"obj_type": "11-Residential Buildings", "name": "Unknown", "info": "997-Not Applicable", "simplified": "Residential", "damage_gra": "Possibly damaged", "det_method": "Photo-interpretation", "notation": "Building point", "or_src_id": 2, "dmg_src_id": 2, "cd_value": "Not Applicable", "aoi": "Pereira", "layer": "builtUpP", "municipio": "Pereira"}, "geometry": {"type": "Point", "coordinates": [-75.69046, 4.81325]}}, {"type": "Feature", "properties": {"obj_type": "11-Residential Buildings", "name": "Unknown", "info": "997-Not Applicable", "simplified": "Residential", "damage_gra": "Damaged", "det_method": "Photo-interpretation", "notation": "Building point", "or_src_id": 2, "dmg_src_id": 2, "cd_value": "Not Applicable", "aoi": "Pereira", "layer": "builtUpP", "municipio": "Pereira"}, "geometry": {"type": "Point", "coordinates": [-75.69112, 4.81328]}}, {"type": "Feature", "properties": {"obj_type": "11-Residential Buildings", "name": "Unknown", "info": "997-Not Applicable", "simplified": "Residential", "damage_gra": "Destroyed", "det_method": "Photo-interpretation", "notation": "Building point", "or_src_id": 2, "dmg_src_id": 2, "cd_value": "Not Applicable", "aoi": "Pereira", "layer": "builtUpP", "municipio": "Pereira"}, "geometry": {"type": "Point", "coordinates": [-75.6915, 4.81337]}}, {"type": "Feature", "properties": {"obj_type": "11-Residential Buildings", "name": "Unknown", "info": "997-Not Applicable", "simplified": "Residential", "damage_gra": "Damaged", "det_method": "Photo-interpretation", "notation": "Building point", "or_src_id": 2, "dmg_src_id": 2, "cd_value": "Not Applicable", "aoi": "Pereira", "layer": "builtUpP", "municipio": "Pereira"}, "geometry": {"type": "Point", "coordinates": [-75.69269, 4.81354]}}, {"type": "Feature", "properties": {"obj_type": "11-Residential Buildings", "name": "Unknown", "info": "997-Not Applicable", "simplified": "Residential", "damage_gra": "Damaged", "det_method": "Photo-interpretation", "notation": "Building point", "or_src_id": 2, "dmg_src_id": 2, "cd_value": "Not Applicable", "aoi": "Pereira", "layer": "builtUpP", "municipio": "Pereira"}, "geometry": {"type": "Point", "coordinates": [-75.69014, 4.81406]}}, {"type": "Feature", "properties": {"obj_type": "11-Residential Buildings", "name": "Unknown", "info": "997-Not Applicable", "simplified": "Residential", "damage_gra": "Damaged", "det_method": "Photo-interpretation", "notation": "Building point", "or_src_id": 2, "dmg_src_id": 2, "cd_value": "Not Applicable", "aoi": "Pereira", "layer": "builtUpP", "municipio": "Pereira"}, "geometry": {"type": "Point", "coordinates": [-75.68986, 4.81623]}}, {"type": "Feature", "properties": {"obj_type": "11-Residential Buildings", "name": "Unknown", "info": "997-Not Applicable", "simplified": "Residential", "damage_gra": "Possibly damaged", "det_method": "Photo-interpretation", "notation": "Building point", "or_src_id": 2, "dmg_src_id": 2, "cd_value": "Not Applicable", "aoi": "Pereira", "layer": "builtUpP", "municipio": "Pereira"}, "geometry": {"type": "Point", "coordinates": [-75.68816, 4.81577]}}, {"type": "Feature", "properties": {"obj_type": "11-Residential Buildings", "name": "Unknown", "info": "997-Not Applicable", "simplified": "Residential", "damage_gra": "Destroyed", "det_method": "Photo-interpretation", "notation": "Building point", "or_src_id": 2, "dmg_src_id": 2, "cd_value": "Not Applicable", "aoi": "Pereira", "layer": "builtUpP", "municipio": "Pereira"}, "geometry": {"type": "Point", "coordinates": [-75.68369, 4.81618]}}, {"type": "Feature", "properties": {"obj_type": "11-Residential Buildings", "name": "Unknown", "info": "997-Not Applicable", "simplified": "Residential", "damage_gra": "Damaged", "det_method": "Photo-interpretation", "notation": "Building point", "or_src_id": 2, "dmg_src_id": 2, "cd_value": "Not Applicable", "aoi": "Pereira", "layer": "builtUpP", "municipio": "Pereira"}, "geometry": {"type": "Point", "coordinates": [-75.68695, 4.81854]}}, {"type": "Feature", "properties": {"obj_type": "11-Residential Buildings", "name": "Unknown", "info": "997-Not Applicable", "simplified": "Residential", "damage_gra": "Damaged", "det_method": "Photo-interpretation", "notation": "Building point", "or_src_id": 2, "dmg_src_id": 2, "cd_value": "Not Applicable", "aoi": "Pereira", "layer": "builtUpP", "municipio": "Pereira"}, "geometry": {"type": "Point", "coordinates": [-75.68716, 4.81861]}}, {"type": "Feature", "properties": {"obj_type": "11-Residential Buildings", "name": "Unknown", "info": "997-Not Applicable", "simplified": "Residential", "damage_gra": "Possibly damaged", "det_method": "Photo-interpretation", "notation": "Building point", "or_src_id": 2, "dmg_src_id": 2, "cd_value": "Not Applicable", "aoi": "Pereira", "layer": "builtUpP", "municipio": "Pereira"}, "geometry": {"type": "Point", "coordinates": [-75.69318, 4.79353]}}, {"type": "Feature", "properties": {"obj_type": "11-Residential Buildings", "name": "Unknown", "info": "997-Not Applicable", "simplified": "Residential", "damage_gra": "Damaged", "det_method": "Photo-interpretation", "notation": "Building point", "or_src_id": 2, "dmg_src_id": 2, "cd_value": "Not Applicable", "aoi": "Pereira", "layer": "builtUpP", "municipio": "Pereira"}, "geometry": {"type": "Point", "coordinates": [-75.69665, 4.8031]}}, {"type": "Feature", "properties": {"obj_type": "11-Residential Buildings", "name": "Unknown", "info": "997-Not Applicable", "simplified": "Residential", "damage_gra": "Damaged", "det_method": "Photo-interpretation", "notation": "Building point", "or_src_id": 2, "dmg_src_id": 2, "cd_value": "Not Applicable", "aoi": "Pereira", "layer": "builtUpP", "municipio": "Pereira"}, "geometry": {"type": "Point", "coordinates": [-75.6965, 4.80334]}}, {"type": "Feature", "properties": {"obj_type": "11-Residential Buildings", "name": "Unknown", "info": "997-Not Applicable", "simplified": "Residential", "damage_gra": "Destroyed", "det_method": "Photo-interpretation", "notation": "Building point", "or_src_id": 2, "dmg_src_id": 2, "cd_value": "Not Applicable", "aoi": "Pereira", "layer": "builtUpP", "municipio": "Pereira"}, "geometry": {"type": "Point", "coordinates": [-75.6945, 4.8054]}}, {"type": "Feature", "properties": {"obj_type": "11-Residential Buildings", "name": "Unknown", "info": "997-Not Applicable", "simplified": "Residential", "damage_gra": "Destroyed", "det_method": "Photo-interpretation", "notation": "Building point", "or_src_id": 2, "dmg_src_id": 2, "cd_value": "Not Applicable", "aoi": "Pereira", "layer": "builtUpP", "municipio": "Pereira"}, "geometry": {"type": "Point", "coordinates": [-75.69485, 4.80543]}}, {"type": "Feature", "properties": {"obj_type": "11-Residential Buildings", "name": "Unknown", "info": "997-Not Applicable", "simplified": "Residential", "damage_gra": "Destroyed", "det_method": "Photo-interpretation", "notation": "Building point", "or_src_id": 2, "dmg_src_id": 2, "cd_value": "Not Applicable", "aoi": "Pereira", "layer": "builtUpP", "municipio": "Pereira"}, "geometry": {"type": "Point", "coordinates": [-75.69477, 4.80545]}}, {"type": "Feature", "properties": {"obj_type": "11-Residential Buildings", "name": "Unknown", "info": "997-Not Applicable", "simplified": "Residential", "damage_gra": "Destroyed", "det_method": "Photo-interpretation", "notation": "Building point", "or_src_id": 2, "dmg_src_id": 2, "cd_value": "Not Applicable", "aoi": "Pereira", "layer": "builtUpP", "municipio": "Pereira"}, "geometry": {"type": "Point", "coordinates": [-75.69533, 4.80546]}}, {"type": "Feature", "properties": {"obj_type": "11-Residential Buildings", "name": "Unknown", "info": "997-Not Applicable", "simplified": "Residential", "damage_gra": "Destroyed", "det_method": "Photo-interpretation", "notation": "Building point", "or_src_id": 2, "dmg_src_id": 2, "cd_value": "Not Applicable", "aoi": "Pereira", "layer": "builtUpP", "municipio": "Pereira"}, "geometry": {"type": "Point", "coordinates": [-75.69545, 4.80552]}}, {"type": "Feature", "properties": {"obj_type": "11-Residential Buildings", "name": "Unknown", "info": "997-Not Applicable", "simplified": "Residential", "damage_gra": "Damaged", "det_method": "Photo-interpretation", "notation": "Building point", "or_src_id": 2, "dmg_src_id": 2, "cd_value": "Not Applicable", "aoi": "Pereira", "layer": "builtUpP", "municipio": "Pereira"}, "geometry": {"type": "Point", "coordinates": [-75.69427, 4.80557]}}, {"type": "Feature", "properties": {"obj_type": "11-Residential Buildings", "name": "Unknown", "info": "997-Not Applicable", "simplified": "Residential", "damage_gra": "Damaged", "det_method": "Photo-interpretation", "notation": "Building point", "or_src_id": 2, "dmg_src_id": 2, "cd_value": "Not Applicable", "aoi": "Pereira", "layer": "builtUpP", "municipio": "Pereira"}, "geometry": {"type": "Point", "coordinates": [-75.69338, 4.80565]}}, {"type": "Feature", "properties": {"obj_type": "11-Residential Buildings", "name": "Unknown", "info": "997-Not Applicable", "simplified": "Residential", "damage_gra": "Damaged", "det_method": "Photo-interpretation", "notation": "Building point", "or_src_id": 2, "dmg_src_id": 2, "cd_value": "Not Applicable", "aoi": "Pereira", "layer": "builtUpP", "municipio": "Pereira"}, "geometry": {"type": "Point", "coordinates": [-75.69782, 4.79952]}}, {"type": "Feature", "properties": {"obj_type": "11-Residential Buildings", "name": "Unknown", "info": "997-Not Applicable", "simplified": "Residential", "damage_gra": "Damaged", "det_method": "Photo-interpretation", "notation": "Building point", "or_src_id": 2, "dmg_src_id": 2, "cd_value": "Not Applicable", "aoi": "Pereira", "layer": "builtUpP", "municipio": "Pereira"}, "geometry": {"type": "Point", "coordinates": [-75.69777, 4.79955]}}, {"type": "Feature", "properties": {"obj_type": "11-Residential Buildings", "name": "Unknown", "info": "997-Not Applicable", "simplified": "Residential", "damage_gra": "Possibly damaged", "det_method": "Photo-interpretation", "notation": "Building point", "or_src_id": 2, "dmg_src_id": 2, "cd_value": "Not Applicable", "aoi": "Pereira", "layer": "builtUpP", "municipio": "Pereira"}, "geometry": {"type": "Point", "coordinates": [-75.69798, 4.80007]}}, {"type": "Feature", "properties": {"obj_type": "11-Residential Buildings", "name": "Unknown", "info": "997-Not Applicable", "simplified": "Residential", "damage_gra": "Damaged", "det_method": "Photo-interpretation", "notation": "Building point", "or_src_id": 2, "dmg_src_id": 2, "cd_value": "Not Applicable", "aoi": "Pereira", "layer": "builtUpP", "municipio": "Pereira"}, "geometry": {"type": "Point", "coordinates": [-75.69728, 4.80217]}}, {"type": "Feature", "properties": {"obj_type": "11-Residential Buildings", "name": "Unknown", "info": "997-Not Applicable", "simplified": "Residential", "damage_gra": "Damaged", "det_method": "Photo-interpretation", "notation": "Building point", "or_src_id": 2, "dmg_src_id": 2, "cd_value": "Not Applicable", "aoi": "Pereira", "layer": "builtUpP", "municipio": "Pereira"}, "geometry": {"type": "Point", "coordinates": [-75.69755, 4.80221]}}, {"type": "Feature", "properties": {"obj_type": "11-Residential Buildings", "name": "Unknown", "info": "997-Not Applicable", "simplified": "Residential", "damage_gra": "Destroyed", "det_method": "Photo-interpretation", "notation": "Building point", "or_src_id": 2, "dmg_src_id": 2, "cd_value": "Not Applicable", "aoi": "Pereira", "layer": "builtUpP", "municipio": "Pereira"}, "geometry": {"type": "Point", "coordinates": [-75.6983, 4.80361]}}, {"type": "Feature", "properties": {"obj_type": "11-Residential Buildings", "name": "Unknown", "info": "997-Not Applicable", "simplified": "Residential", "damage_gra": "Destroyed", "det_method": "Photo-interpretation", "notation": "Building point", "or_src_id": 2, "dmg_src_id": 2, "cd_value": "Not Applicable", "aoi": "Pereira", "layer": "builtUpP", "municipio": "Pereira"}, "geometry": {"type": "Point", "coordinates": [-75.6996, 4.80366]}}, {"type": "Feature", "properties": {"obj_type": "11-Residential Buildings", "name": "Unknown", "info": "997-Not Applicable", "simplified": "Residential", "damage_gra": "Destroyed", "det_method": "Photo-interpretation", "notation": "Building point", "or_src_id": 2, "dmg_src_id": 2, "cd_value": "Not Applicable", "aoi": "Pereira", "layer": "builtUpP", "municipio": "Pereira"}, "geometry": {"type": "Point", "coordinates": [-75.69998, 4.8037]}}, {"type": "Feature", "properties": {"obj_type": "11-Residential Buildings", "name": "Unknown", "info": "997-Not Applicable", "simplified": "Residential", "damage_gra": "Destroyed", "det_method": "Photo-interpretation", "notation": "Building point", "or_src_id": 2, "dmg_src_id": 2, "cd_value": "Not Applicable", "aoi": "Pereira", "layer": "builtUpP", "municipio": "Pereira"}, "geometry": {"type": "Point", "coordinates": [-75.69843, 4.80371]}}, {"type": "Feature", "properties": {"obj_type": "11-Residential Buildings", "name": "Unknown", "info": "997-Not Applicable", "simplified": "Residential", "damage_gra": "Destroyed", "det_method": "Photo-interpretation", "notation": "Building point", "or_src_id": 2, "dmg_src_id": 2, "cd_value": "Not Applicable", "aoi": "Pereira", "layer": "builtUpP", "municipio": "Pereira"}, "geometry": {"type": "Point", "coordinates": [-75.69806, 4.80392]}}, {"type": "Feature", "properties": {"obj_type": "11-Residential Buildings", "name": "Unknown", "info": "997-Not Applicable", "simplified": "Residential", "damage_gra": "Destroyed", "det_method": "Photo-interpretation", "notation": "Building point", "or_src_id": 2, "dmg_src_id": 2, "cd_value": "Not Applicable", "aoi": "Pereira", "layer": "builtUpP", "municipio": "Pereira"}, "geometry": {"type": "Point", "coordinates": [-75.69812, 4.80392]}}, {"type": "Feature", "properties": {"obj_type": "11-Residential Buildings", "name": "Unknown", "info": "997-Not Applicable", "simplified": "Residential", "damage_gra": "Destroyed", "det_method": "Photo-interpretation", "notation": "Building point", "or_src_id": 2, "dmg_src_id": 2, "cd_value": "Not Applicable", "aoi": "Pereira", "layer": "builtUpP", "municipio": "Pereira"}, "geometry": {"type": "Point", "coordinates": [-75.69819, 4.80393]}}, {"type": "Feature", "properties": {"obj_type": "11-Residential Buildings", "name": "Unknown", "info": "997-Not Applicable", "simplified": "Residential", "damage_gra": "Destroyed", "det_method": "Photo-interpretation", "notation": "Building point", "or_src_id": 2, "dmg_src_id": 2, "cd_value": "Not Applicable", "aoi": "Pereira", "layer": "builtUpP", "municipio": "Pereira"}, "geometry": {"type": "Point", "coordinates": [-75.69995, 4.80398]}}, {"type": "Feature", "properties": {"obj_type": "11-Residential Buildings", "name": "Unknown", "info": "997-Not Applicable", "simplified": "Residential", "damage_gra": "Destroyed", "det_method": "Photo-interpretation", "notation": "Building point", "or_src_id": 2, "dmg_src_id": 2, "cd_value": "Not Applicable", "aoi": "Pereira", "layer": "builtUpP", "municipio": "Pereira"}, "geometry": {"type": "Point", "coordinates": [-75.69817, 4.80402]}}, {"type": "Feature", "properties": {"obj_type": "11-Residential Buildings", "name": "Unknown", "info": "997-Not Applicable", "simplified": "Residential", "damage_gra": "Destroyed", "det_method": "Photo-interpretation", "notation": "Building point", "or_src_id": 2, "dmg_src_id": 2, "cd_value": "Not Applicable", "aoi": "Pereira", "layer": "builtUpP", "municipio": "Pereira"}, "geometry": {"type": "Point", "coordinates": [-75.69827, 4.80406]}}, {"type": "Feature", "properties": {"obj_type": "11-Residential Buildings", "name": "Unknown", "info": "997-Not Applicable", "simplified": "Residential", "damage_gra": "Destroyed", "det_method": "Photo-interpretation", "notation": "Building point", "or_src_id": 2, "dmg_src_id": 2, "cd_value": "Not Applicable", "aoi": "Pereira", "layer": "builtUpP", "municipio": "Pereira"}, "geometry": {"type": "Point", "coordinates": [-75.6982, 4.80411]}}, {"type": "Feature", "properties": {"obj_type": "11-Residential Buildings", "name": "Unknown", "info": "997-Not Applicable", "simplified": "Residential", "damage_gra": "Destroyed", "det_method": "Photo-interpretation", "notation": "Building point", "or_src_id": 2, "dmg_src_id": 2, "cd_value": "Not Applicable", "aoi": "Pereira", "layer": "builtUpP", "municipio": "Pereira"}, "geometry": {"type": "Point", "coordinates": [-75.698, 4.8042]}}, {"type": "Feature", "properties": {"obj_type": "11-Residential Buildings", "name": "Unknown", "info": "997-Not Applicable", "simplified": "Residential", "damage_gra": "Damaged", "det_method": "Photo-interpretation", "notation": "Building point", "or_src_id": 2, "dmg_src_id": 2, "cd_value": "Not Applicable", "aoi": "Pereira", "layer": "builtUpP", "municipio": "Pereira"}, "geometry": {"type": "Point", "coordinates": [-75.69809, 4.80422]}}, {"type": "Feature", "properties": {"obj_type": "11-Residential Buildings", "name": "Unknown", "info": "997-Not Applicable", "simplified": "Residential", "damage_gra": "Destroyed", "det_method": "Photo-interpretation", "notation": "Building point", "or_src_id": 2, "dmg_src_id": 2, "cd_value": "Not Applicable", "aoi": "Pereira", "layer": "builtUpP", "municipio": "Pereira"}, "geometry": {"type": "Point", "coordinates": [-75.69782, 4.80453]}}, {"type": "Feature", "properties": {"obj_type": "11-Residential Buildings", "name": "Unknown", "info": "997-Not Applicable", "simplified": "Residential", "damage_gra": "Destroyed", "det_method": "Photo-interpretation", "notation": "Building point", "or_src_id": 2, "dmg_src_id": 2, "cd_value": "Not Applicable", "aoi": "Pereira", "layer": "builtUpP", "municipio": "Pereira"}, "geometry": {"type": "Point", "coordinates": [-75.69787, 4.80625]}}, {"type": "Feature", "properties": {"obj_type": "11-Residential Buildings", "name": "Unknown", "info": "997-Not Applicable", "simplified": "Residential", "damage_gra": "Damaged", "det_method": "Photo-interpretation", "notation": "Building point", "or_src_id": 2, "dmg_src_id": 2, "cd_value": "Not Applicable", "aoi": "Pereira", "layer": "builtUpP", "municipio": "Pereira"}, "geometry": {"type": "Point", "coordinates": [-75.70571, 4.80742]}}, {"type": "Feature", "properties": {"obj_type": "11-Residential Buildings", "name": "Unknown", "info": "997-Not Applicable", "simplified": "Residential", "damage_gra": "Damaged", "det_method": "Photo-interpretation", "notation": "Building point", "or_src_id": 2, "dmg_src_id": 2, "cd_value": "Not Applicable", "aoi": "Pereira", "layer": "builtUpP", "municipio": "Pereira"}, "geometry": {"type": "Point", "coordinates": [-75.7048, 4.80896]}}, {"type": "Feature", "properties": {"obj_type": "11-Residential Buildings", "name": "Unknown", "info": "997-Not Applicable", "simplified": "Residential", "damage_gra": "Damaged", "det_method": "Photo-interpretation", "notation": "Building point", "or_src_id": 2, "dmg_src_id": 2, "cd_value": "Not Applicable", "aoi": "Pereira", "layer": "builtUpP", "municipio": "Pereira"}, "geometry": {"type": "Point", "coordinates": [-75.70473, 4.80912]}}, {"type": "Feature", "properties": {"obj_type": "11-Residential Buildings", "name": "Unknown", "info": "997-Not Applicable", "simplified": "Residential", "damage_gra": "Damaged", "det_method": "Photo-interpretation", "notation": "Building point", "or_src_id": 2, "dmg_src_id": 2, "cd_value": "Not Applicable", "aoi": "Pereira", "layer": "builtUpP", "municipio": "Pereira"}, "geometry": {"type": "Point", "coordinates": [-75.7032, 4.81029]}}, {"type": "Feature", "properties": {"obj_type": "11-Residential Buildings", "name": "Unknown", "info": "997-Not Applicable", "simplified": "Residential", "damage_gra": "Damaged", "det_method": "Photo-interpretation", "notation": "Building point", "or_src_id": 2, "dmg_src_id": 2, "cd_value": "Not Applicable", "aoi": "Pereira", "layer": "builtUpP", "municipio": "Pereira"}, "geometry": {"type": "Point", "coordinates": [-75.70437, 4.81097]}}, {"type": "Feature", "properties": {"obj_type": "11-Residential Buildings", "name": "Unknown", "info": "997-Not Applicable", "simplified": "Residential", "damage_gra": "Damaged", "det_method": "Photo-interpretation", "notation": "Building point", "or_src_id": 2, "dmg_src_id": 2, "cd_value": "Not Applicable", "aoi": "Pereira", "layer": "builtUpP", "municipio": "Pereira"}, "geometry": {"type": "Point", "coordinates": [-75.70428, 4.8112]}}, {"type": "Feature", "properties": {"obj_type": "11-Residential Buildings", "name": "Unknown", "info": "997-Not Applicable", "simplified": "Residential", "damage_gra": "Damaged", "det_method": "Photo-interpretation", "notation": "Building point", "or_src_id": 2, "dmg_src_id": 2, "cd_value": "Not Applicable", "aoi": "Pereira", "layer": "builtUpP", "municipio": "Pereira"}, "geometry": {"type": "Point", "coordinates": [-75.70875, 4.81161]}}, {"type": "Feature", "properties": {"obj_type": "11-Residential Buildings", "name": "Unknown", "info": "997-Not Applicable", "simplified": "Residential", "damage_gra": "Damaged", "det_method": "Photo-interpretation", "notation": "Building point", "or_src_id": 2, "dmg_src_id": 2, "cd_value": "Not Applicable", "aoi": "Pereira", "layer": "builtUpP", "municipio": "Pereira"}, "geometry": {"type": "Point", "coordinates": [-75.70665, 4.81163]}}, {"type": "Feature", "properties": {"obj_type": "11-Residential Buildings", "name": "Unknown", "info": "997-Not Applicable", "simplified": "Residential", "damage_gra": "Possibly damaged", "det_method": "Photo-interpretation", "notation": "Building point", "or_src_id": 2, "dmg_src_id": 2, "cd_value": "Not Applicable", "aoi": "Pereira", "layer": "builtUpP", "municipio": "Pereira"}, "geometry": {"type": "Point", "coordinates": [-75.71163, 4.81354]}}, {"type": "Feature", "properties": {"obj_type": "11-Residential Buildings", "name": "Unknown", "info": "997-Not Applicable", "simplified": "Residential", "damage_gra": "Possibly damaged", "det_method": "Photo-interpretation", "notation": "Building point", "or_src_id": 2, "dmg_src_id": 2, "cd_value": "Not Applicable", "aoi": "Pereira", "layer": "builtUpP", "municipio": "Pereira"}, "geometry": {"type": "Point", "coordinates": [-75.71161, 4.81366]}}, {"type": "Feature", "properties": {"obj_type": "11-Residential Buildings", "name": "Unknown", "info": "997-Not Applicable", "simplified": "Residential", "damage_gra": "Destroyed", "det_method": "Photo-interpretation", "notation": "Building point", "or_src_id": 2, "dmg_src_id": 2, "cd_value": "Not Applicable", "aoi": "Pereira", "layer": "builtUpP", "municipio": "Pereira"}, "geometry": {"type": "Point", "coordinates": [-75.69721, 4.80634]}}, {"type": "Feature", "properties": {"obj_type": "11-Residential Buildings", "name": "Unknown", "info": "997-Not Applicable", "simplified": "Residential", "damage_gra": "Destroyed", "det_method": "Photo-interpretation", "notation": "Building point", "or_src_id": 2, "dmg_src_id": 2, "cd_value": "Not Applicable", "aoi": "Pereira", "layer": "builtUpP", "municipio": "Pereira"}, "geometry": {"type": "Point", "coordinates": [-75.69801, 4.80834]}}, {"type": "Feature", "properties": {"obj_type": "11-Residential Buildings", "name": "Unknown", "info": "997-Not Applicable", "simplified": "Residential", "damage_gra": "Destroyed", "det_method": "Photo-interpretation", "notation": "Building point", "or_src_id": 2, "dmg_src_id": 2, "cd_value": "Not Applicable", "aoi": "Pereira", "layer": "builtUpP", "municipio": "Pereira"}, "geometry": {"type": "Point", "coordinates": [-75.70131, 4.80925]}}, {"type": "Feature", "properties": {"obj_type": "11-Residential Buildings", "name": "Unknown", "info": "997-Not Applicable", "simplified": "Residential", "damage_gra": "Damaged", "det_method": "Photo-interpretation", "notation": "Building point", "or_src_id": 2, "dmg_src_id": 2, "cd_value": "Not Applicable", "aoi": "Pereira", "layer": "builtUpP", "municipio": "Pereira"}, "geometry": {"type": "Point", "coordinates": [-75.69808, 4.80955]}}, {"type": "Feature", "properties": {"obj_type": "11-Residential Buildings", "name": "Unknown", "info": "997-Not Applicable", "simplified": "Residential", "damage_gra": "Damaged", "det_method": "Photo-interpretation", "notation": "Building point", "or_src_id": 2, "dmg_src_id": 2, "cd_value": "Not Applicable", "aoi": "Pereira", "layer": "builtUpP", "municipio": "Pereira"}, "geometry": {"type": "Point", "coordinates": [-75.69753, 4.81434]}}, {"type": "Feature", "properties": {"obj_type": "11-Residential Buildings", "name": "Unknown", "info": "997-Not Applicable", "simplified": "Residential", "damage_gra": "Destroyed", "det_method": "Photo-interpretation", "notation": "Building point", "or_src_id": 2, "dmg_src_id": 2, "cd_value": "Not Applicable", "aoi": "Pereira", "layer": "builtUpP", "municipio": "Pereira"}, "geometry": {"type": "Point", "coordinates": [-75.70106, 4.81453]}}, {"type": "Feature", "properties": {"obj_type": "11-Residential Buildings", "name": "Unknown", "info": "997-Not Applicable", "simplified": "Residential", "damage_gra": "Damaged", "det_method": "Photo-interpretation", "notation": "Building point", "or_src_id": 2, "dmg_src_id": 2, "cd_value": "Not Applicable", "aoi": "Pereira", "layer": "builtUpP", "municipio": "Pereira"}, "geometry": {"type": "Point", "coordinates": [-75.70198, 4.81459]}}, {"type": "Feature", "properties": {"obj_type": "11-Residential Buildings", "name": "Unknown", "info": "997-Not Applicable", "simplified": "Residential", "damage_gra": "Damaged", "det_method": "Photo-interpretation", "notation": "Building point", "or_src_id": 2, "dmg_src_id": 2, "cd_value": "Not Applicable", "aoi": "Pereira", "layer": "builtUpP", "municipio": "Pereira"}, "geometry": {"type": "Point", "coordinates": [-75.69935, 4.81489]}}, {"type": "Feature", "properties": {"obj_type": "11-Residential Buildings", "name": "Unknown", "info": "997-Not Applicable", "simplified": "Residential", "damage_gra": "Destroyed", "det_method": "Photo-interpretation", "notation": "Building point", "or_src_id": 2, "dmg_src_id": 2, "cd_value": "Not Applicable", "aoi": "Pereira", "layer": "builtUpP", "municipio": "Pereira"}, "geometry": {"type": "Point", "coordinates": [-75.69929, 4.81505]}}, {"type": "Feature", "properties": {"obj_type": "11-Residential Buildings", "name": "Unknown", "info": "997-Not Applicable", "simplified": "Residential", "damage_gra": "Destroyed", "det_method": "Photo-interpretation", "notation": "Building point", "or_src_id": 2, "dmg_src_id": 2, "cd_value": "Not Applicable", "aoi": "Pereira", "layer": "builtUpP", "municipio": "Pereira"}, "geometry": {"type": "Point", "coordinates": [-75.70205, 4.8158]}}, {"type": "Feature", "properties": {"obj_type": "11-Residential Buildings", "name": "Unknown", "info": "997-Not Applicable", "simplified": "Residential", "damage_gra": "Destroyed", "det_method": "Photo-interpretation", "notation": "Building point", "or_src_id": 2, "dmg_src_id": 2, "cd_value": "Not Applicable", "aoi": "Pereira", "layer": "builtUpP", "municipio": "Pereira"}, "geometry": {"type": "Point", "coordinates": [-75.69384, 4.81153]}}, {"type": "Feature", "properties": {"obj_type": "11-Residential Buildings", "name": "Unknown", "info": "997-Not Applicable", "simplified": "Residential", "damage_gra": "Destroyed", "det_method": "Photo-interpretation", "notation": "Building point", "or_src_id": 2, "dmg_src_id": 2, "cd_value": "Not Applicable", "aoi": "Pereira", "layer": "builtUpP", "municipio": "Pereira"}, "geometry": {"type": "Point", "coordinates": [-75.69376, 4.81156]}}, {"type": "Feature", "properties": {"obj_type": "11-Residential Buildings", "name": "Unknown", "info": "997-Not Applicable", "simplified": "Residential", "damage_gra": "Destroyed", "det_method": "Photo-interpretation", "notation": "Building point", "or_src_id": 2, "dmg_src_id": 2, "cd_value": "Not Applicable", "aoi": "Pereira", "layer": "builtUpP", "municipio": "Pereira"}, "geometry": {"type": "Point", "coordinates": [-75.69382, 4.81161]}}, {"type": "Feature", "properties": {"obj_type": "11-Residential Buildings", "name": "Unknown", "info": "997-Not Applicable", "simplified": "Residential", "damage_gra": "Damaged", "det_method": "Photo-interpretation", "notation": "Building point", "or_src_id": 2, "dmg_src_id": 2, "cd_value": "Not Applicable", "aoi": "Pereira", "layer": "builtUpP", "municipio": "Pereira"}, "geometry": {"type": "Point", "coordinates": [-75.69378, 4.81165]}}, {"type": "Feature", "properties": {"obj_type": "11-Residential Buildings", "name": "Unknown", "info": "997-Not Applicable", "simplified": "Residential", "damage_gra": "Damaged", "det_method": "Photo-interpretation", "notation": "Building point", "or_src_id": 2, "dmg_src_id": 2, "cd_value": "Not Applicable", "aoi": "Pereira", "layer": "builtUpP", "municipio": "Pereira"}, "geometry": {"type": "Point", "coordinates": [-75.69717, 4.81303]}}, {"type": "Feature", "properties": {"obj_type": "11-Residential Buildings", "name": "Unknown", "info": "997-Not Applicable", "simplified": "Residential", "damage_gra": "Damaged", "det_method": "Photo-interpretation", "notation": "Building point", "or_src_id": 2, "dmg_src_id": 2, "cd_value": "Not Applicable", "aoi": "Pereira", "layer": "builtUpP", "municipio": "Pereira"}, "geometry": {"type": "Point", "coordinates": [-75.6953, 4.81323]}}, {"type": "Feature", "properties": {"obj_type": "11-Residential Buildings", "name": "Unknown", "info": "997-Not Applicable", "simplified": "Residential", "damage_gra": "Destroyed", "det_method": "Photo-interpretation", "notation": "Building point", "or_src_id": 2, "dmg_src_id": 2, "cd_value": "Not Applicable", "aoi": "Pereira", "layer": "builtUpP", "municipio": "Pereira"}, "geometry": {"type": "Point", "coordinates": [-75.6932, 4.81446]}}, {"type": "Feature", "properties": {"obj_type": "11-Residential Buildings", "name": "Unknown", "info": "997-Not Applicable", "simplified": "Residential", "damage_gra": "Damaged", "det_method": "Photo-interpretation", "notation": "Building point", "or_src_id": 2, "dmg_src_id": 2, "cd_value": "Not Applicable", "aoi": "Pereira", "layer": "builtUpP", "municipio": "Pereira"}, "geometry": {"type": "Point", "coordinates": [-75.70939, 4.81374]}}, {"type": "Feature", "properties": {"obj_type": "11-Residential Buildings", "name": "Unknown", "info": "997-Not Applicable", "simplified": "Residential", "damage_gra": "Possibly damaged", "det_method": "Photo-interpretation", "notation": "Building point", "or_src_id": 2, "dmg_src_id": 2, "cd_value": "Not Applicable", "aoi": "Pereira", "layer": "builtUpP", "municipio": "Pereira"}, "geometry": {"type": "Point", "coordinates": [-75.71163, 4.81376]}}, {"type": "Feature", "properties": {"obj_type": "11-Residential Buildings", "name": "Unknown", "info": "997-Not Applicable", "simplified": "Residential", "damage_gra": "Possibly damaged", "det_method": "Photo-interpretation", "notation": "Building point", "or_src_id": 2, "dmg_src_id": 2, "cd_value": "Not Applicable", "aoi": "Pereira", "layer": "builtUpP", "municipio": "Pereira"}, "geometry": {"type": "Point", "coordinates": [-75.71165, 4.81386]}}, {"type": "Feature", "properties": {"obj_type": "11-Residential Buildings", "name": "Unknown", "info": "997-Not Applicable", "simplified": "Residential", "damage_gra": "Damaged", "det_method": "Photo-interpretation", "notation": "Building point", "or_src_id": 2, "dmg_src_id": 2, "cd_value": "Not Applicable", "aoi": "Pereira", "layer": "builtUpP", "municipio": "Pereira"}, "geometry": {"type": "Point", "coordinates": [-75.71015, 4.81391]}}, {"type": "Feature", "properties": {"obj_type": "11-Residential Buildings", "name": "Unknown", "info": "997-Not Applicable", "simplified": "Residential", "damage_gra": "Possibly damaged", "det_method": "Photo-interpretation", "notation": "Building point", "or_src_id": 2, "dmg_src_id": 2, "cd_value": "Not Applicable", "aoi": "Pereira", "layer": "builtUpP", "municipio": "Pereira"}, "geometry": {"type": "Point", "coordinates": [-75.70516, 4.81457]}}, {"type": "Feature", "properties": {"obj_type": "11-Residential Buildings", "name": "Unknown", "info": "997-Not Applicable", "simplified": "Residential", "damage_gra": "Damaged", "det_method": "Photo-interpretation", "notation": "Building point", "or_src_id": 2, "dmg_src_id": 2, "cd_value": "Not Applicable", "aoi": "Pereira", "layer": "builtUpP", "municipio": "Pereira"}, "geometry": {"type": "Point", "coordinates": [-75.70537, 4.81461]}}, {"type": "Feature", "properties": {"obj_type": "11-Residential Buildings", "name": "Unknown", "info": "997-Not Applicable", "simplified": "Residential", "damage_gra": "Destroyed", "det_method": "Photo-interpretation", "notation": "Building point", "or_src_id": 2, "dmg_src_id": 2, "cd_value": "Not Applicable", "aoi": "Pereira", "layer": "builtUpP", "municipio": "Pereira"}, "geometry": {"type": "Point", "coordinates": [-75.70512, 4.81476]}}, {"type": "Feature", "properties": {"obj_type": "11-Residential Buildings", "name": "Unknown", "info": "997-Not Applicable", "simplified": "Residential", "damage_gra": "Possibly damaged", "det_method": "Photo-interpretation", "notation": "Building point", "or_src_id": 2, "dmg_src_id": 2, "cd_value": "Not Applicable", "aoi": "Pereira", "layer": "builtUpP", "municipio": "Pereira"}, "geometry": {"type": "Point", "coordinates": [-75.70539, 4.81482]}}, {"type": "Feature", "properties": {"obj_type": "11-Residential Buildings", "name": "Unknown", "info": "997-Not Applicable", "simplified": "Residential", "damage_gra": "Possibly damaged", "det_method": "Photo-interpretation", "notation": "Building point", "or_src_id": 2, "dmg_src_id": 2, "cd_value": "Not Applicable", "aoi": "Pereira", "layer": "builtUpP", "municipio": "Pereira"}, "geometry": {"type": "Point", "coordinates": [-75.70706, 4.81519]}}, {"type": "Feature", "properties": {"obj_type": "11-Residential Buildings", "name": "Unknown", "info": "997-Not Applicable", "simplified": "Residential", "damage_gra": "Damaged", "det_method": "Photo-interpretation", "notation": "Building point", "or_src_id": 2, "dmg_src_id": 2, "cd_value": "Not Applicable", "aoi": "Pereira", "layer": "builtUpP", "municipio": "Pereira"}, "geometry": {"type": "Point", "coordinates": [-75.71205, 4.81551]}}, {"type": "Feature", "properties": {"obj_type": "11-Residential Buildings", "name": "Unknown", "info": "997-Not Applicable", "simplified": "Residential", "damage_gra": "Damaged", "det_method": "Photo-interpretation", "notation": "Building point", "or_src_id": 2, "dmg_src_id": 2, "cd_value": "Not Applicable", "aoi": "Pereira", "layer": "builtUpP", "municipio": "Pereira"}, "geometry": {"type": "Point", "coordinates": [-75.70126, 4.8165]}}, {"type": "Feature", "properties": {"obj_type": "11-Residential Buildings", "name": "Unknown", "info": "997-Not Applicable", "simplified": "Residential", "damage_gra": "Damaged", "det_method": "Photo-interpretation", "notation": "Building point", "or_src_id": 2, "dmg_src_id": 2, "cd_value": "Not Applicable", "aoi": "Pereira", "layer": "builtUpP", "municipio": "Pereira"}, "geometry": {"type": "Point", "coordinates": [-75.7019, 4.81654]}}, {"type": "Feature", "properties": {"obj_type": "11-Residential Buildings", "name": "Unknown", "info": "997-Not Applicable", "simplified": "Residential", "damage_gra": "Damaged", "det_method": "Photo-interpretation", "notation": "Building point", "or_src_id": 2, "dmg_src_id": 2, "cd_value": "Not Applicable", "aoi": "Pereira", "layer": "builtUpP", "municipio": "Pereira"}, "geometry": {"type": "Point", "coordinates": [-75.7017, 4.81657]}}, {"type": "Feature", "properties": {"obj_type": "11-Residential Buildings", "name": "Unknown", "info": "997-Not Applicable", "simplified": "Residential", "damage_gra": "Destroyed", "det_method": "Photo-interpretation", "notation": "Building point", "or_src_id": 2, "dmg_src_id": 2, "cd_value": "Not Applicable", "aoi": "Pereira", "layer": "builtUpP", "municipio": "Pereira"}, "geometry": {"type": "Point", "coordinates": [-75.70132, 4.81658]}}, {"type": "Feature", "properties": {"obj_type": "11-Residential Buildings", "name": "Unknown", "info": "997-Not Applicable", "simplified": "Residential", "damage_gra": "Damaged", "det_method": "Photo-interpretation", "notation": "Building point", "or_src_id": 2, "dmg_src_id": 2, "cd_value": "Not Applicable", "aoi": "Pereira", "layer": "builtUpP", "municipio": "Pereira"}, "geometry": {"type": "Point", "coordinates": [-75.70239, 4.81659]}}, {"type": "Feature", "properties": {"obj_type": "11-Residential Buildings", "name": "Unknown", "info": "997-Not Applicable", "simplified": "Residential", "damage_gra": "Damaged", "det_method": "Photo-interpretation", "notation": "Building point", "or_src_id": 2, "dmg_src_id": 2, "cd_value": "Not Applicable", "aoi": "Pereira", "layer": "builtUpP", "municipio": "Pereira"}, "geometry": {"type": "Point", "coordinates": [-75.70235, 4.81705]}}, {"type": "Feature", "properties": {"obj_type": "11-Residential Buildings", "name": "Unknown", "info": "997-Not Applicable", "simplified": "Residential", "damage_gra": "Possibly damaged", "det_method": "Photo-interpretation", "notation": "Building point", "or_src_id": 2, "dmg_src_id": 2, "cd_value": "Not Applicable", "aoi": "Pereira", "layer": "builtUpP", "municipio": "Pereira"}, "geometry": {"type": "Point", "coordinates": [-75.70243, 4.81741]}}, {"type": "Feature", "properties": {"obj_type": "11-Residential Buildings", "name": "Unknown", "info": "997-Not Applicable", "simplified": "Residential", "damage_gra": "Damaged", "det_method": "Photo-interpretation", "notation": "Building point", "or_src_id": 2, "dmg_src_id": 2, "cd_value": "Not Applicable", "aoi": "Pereira", "layer": "builtUpP", "municipio": "Pereira"}, "geometry": {"type": "Point", "coordinates": [-75.70249, 4.81551]}}, {"type": "Feature", "properties": {"obj_type": "11-Residential Buildings", "name": "Unknown", "info": "997-Not Applicable", "simplified": "Residential", "damage_gra": "Damaged", "det_method": "Photo-interpretation", "notation": "Building point", "or_src_id": 2, "dmg_src_id": 2, "cd_value": "Not Applicable", "aoi": "Pereira", "layer": "builtUpP", "municipio": "Pereira"}, "geometry": {"type": "Point", "coordinates": [-75.70611, 4.81576]}}, {"type": "Feature", "properties": {"obj_type": "11-Residential Buildings", "name": "Unknown", "info": "997-Not Applicable", "simplified": "Residential", "damage_gra": "Destroyed", "det_method": "Photo-interpretation", "notation": "Building point", "or_src_id": 2, "dmg_src_id": 2, "cd_value": "Not Applicable", "aoi": "Pereira", "layer": "builtUpP", "municipio": "Pereira"}, "geometry": {"type": "Point", "coordinates": [-75.70331, 4.81585]}}, {"type": "Feature", "properties": {"obj_type": "11-Residential Buildings", "name": "Unknown", "info": "997-Not Applicable", "simplified": "Residential", "damage_gra": "Damaged", "det_method": "Photo-interpretation", "notation": "Building point", "or_src_id": 2, "dmg_src_id": 2, "cd_value": "Not Applicable", "aoi": "Pereira", "layer": "builtUpP", "municipio": "Pereira"}, "geometry": {"type": "Point", "coordinates": [-75.70477, 4.81611]}}, {"type": "Feature", "properties": {"obj_type": "11-Residential Buildings", "name": "Unknown", "info": "997-Not Applicable", "simplified": "Residential", "damage_gra": "Destroyed", "det_method": "Photo-interpretation", "notation": "Building point", "or_src_id": 2, "dmg_src_id": 2, "cd_value": "Not Applicable", "aoi": "Pereira", "layer": "builtUpP", "municipio": "Pereira"}, "geometry": {"type": "Point", "coordinates": [-75.70521, 4.81614]}}, {"type": "Feature", "properties": {"obj_type": "11-Residential Buildings", "name": "Unknown", "info": "997-Not Applicable", "simplified": "Residential", "damage_gra": "Damaged", "det_method": "Photo-interpretation", "notation": "Building point", "or_src_id": 2, "dmg_src_id": 2, "cd_value": "Not Applicable", "aoi": "Pereira", "layer": "builtUpP", "municipio": "Pereira"}, "geometry": {"type": "Point", "coordinates": [-75.70568, 4.81621]}}, {"type": "Feature", "properties": {"obj_type": "11-Residential Buildings", "name": "Unknown", "info": "997-Not Applicable", "simplified": "Residential", "damage_gra": "Damaged", "det_method": "Photo-interpretation", "notation": "Building point", "or_src_id": 2, "dmg_src_id": 2, "cd_value": "Not Applicable", "aoi": "Pereira", "layer": "builtUpP", "municipio": "Pereira"}, "geometry": {"type": "Point", "coordinates": [-75.70519, 4.81667]}}, {"type": "Feature", "properties": {"obj_type": "11-Residential Buildings", "name": "Unknown", "info": "997-Not Applicable", "simplified": "Residential", "damage_gra": "Destroyed", "det_method": "Photo-interpretation", "notation": "Building point", "or_src_id": 2, "dmg_src_id": 2, "cd_value": "Not Applicable", "aoi": "Pereira", "layer": "builtUpP", "municipio": "Pereira"}, "geometry": {"type": "Point", "coordinates": [-75.71495, 4.81676]}}, {"type": "Feature", "properties": {"obj_type": "11-Residential Buildings", "name": "Unknown", "info": "997-Not Applicable", "simplified": "Residential", "damage_gra": "Possibly damaged", "det_method": "Photo-interpretation", "notation": "Building point", "or_src_id": 2, "dmg_src_id": 2, "cd_value": "Not Applicable", "aoi": "Pereira", "layer": "builtUpP", "municipio": "Pereira"}, "geometry": {"type": "Point", "coordinates": [-75.71871, 4.81834]}}, {"type": "Feature", "properties": {"obj_type": "11-Residential Buildings", "name": "Unknown", "info": "997-Not Applicable", "simplified": "Residential", "damage_gra": "Possibly damaged", "det_method": "Photo-interpretation", "notation": "Building point", "or_src_id": 2, "dmg_src_id": 2, "cd_value": "Not Applicable", "aoi": "Pereira", "layer": "builtUpP", "municipio": "Pereira"}, "geometry": {"type": "Point", "coordinates": [-75.71581, 4.81845]}}, {"type": "Feature", "properties": {"obj_type": "11-Residential Buildings", "name": "Unknown", "info": "997-Not Applicable", "simplified": "Residential", "damage_gra": "Possibly damaged", "det_method": "Photo-interpretation", "notation": "Building point", "or_src_id": 2, "dmg_src_id": 2, "cd_value": "Not Applicable", "aoi": "Pereira", "layer": "builtUpP", "municipio": "Pereira"}, "geometry": {"type": "Point", "coordinates": [-75.71864, 4.81903]}}, {"type": "Feature", "properties": {"obj_type": "11-Residential Buildings", "name": "Unknown", "info": "997-Not Applicable", "simplified": "Residential", "damage_gra": "Possibly damaged", "det_method": "Photo-interpretation", "notation": "Building point", "or_src_id": 2, "dmg_src_id": 2, "cd_value": "Not Applicable", "aoi": "Pereira", "layer": "builtUpP", "municipio": "Pereira"}, "geometry": {"type": "Point", "coordinates": [-75.71448, 4.81942]}}, {"type": "Feature", "properties": {"obj_type": "11-Residential Buildings", "name": "Unknown", "info": "997-Not Applicable", "simplified": "Residential", "damage_gra": "Damaged", "det_method": "Photo-interpretation", "notation": "Building point", "or_src_id": 2, "dmg_src_id": 2, "cd_value": "Not Applicable", "aoi": "Pereira", "layer": "builtUpP", "municipio": "Pereira"}, "geometry": {"type": "Point", "coordinates": [-75.7098, 4.81978]}}, {"type": "Feature", "properties": {"obj_type": "11-Residential Buildings", "name": "Unknown", "info": "997-Not Applicable", "simplified": "Residential", "damage_gra": "Damaged", "det_method": "Photo-interpretation", "notation": "Building point", "or_src_id": 2, "dmg_src_id": 2, "cd_value": "Not Applicable", "aoi": "Pereira", "layer": "builtUpP", "municipio": "Pereira"}, "geometry": {"type": "Point", "coordinates": [-75.70911, 4.81996]}}, {"type": "Feature", "properties": {"obj_type": "11-Residential Buildings", "name": "Unknown", "info": "997-Not Applicable", "simplified": "Residential", "damage_gra": "Possibly damaged", "det_method": "Photo-interpretation", "notation": "Building point", "or_src_id": 2, "dmg_src_id": 2, "cd_value": "Not Applicable", "aoi": "Pereira", "layer": "builtUpP", "municipio": "Pereira"}, "geometry": {"type": "Point", "coordinates": [-75.70486, 4.82084]}}, {"type": "Feature", "properties": {"obj_type": "11-Residential Buildings", "name": "Unknown", "info": "997-Not Applicable", "simplified": "Residential", "damage_gra": "Possibly damaged", "det_method": "Photo-interpretation", "notation": "Building point", "or_src_id": 2, "dmg_src_id": 2, "cd_value": "Not Applicable", "aoi": "Pereira", "layer": "builtUpP", "municipio": "Pereira"}, "geometry": {"type": "Point", "coordinates": [-75.70535, 4.82093]}}, {"type": "Feature", "properties": {"obj_type": "11-Residential Buildings", "name": "Unknown", "info": "997-Not Applicable", "simplified": "Residential", "damage_gra": "Destroyed", "det_method": "Photo-interpretation", "notation": "Building point", "or_src_id": 2, "dmg_src_id": 2, "cd_value": "Not Applicable", "aoi": "Pereira", "layer": "builtUpP", "municipio": "Pereira"}, "geometry": {"type": "Point", "coordinates": [-75.71193, 4.82138]}}, {"type": "Feature", "properties": {"obj_type": "11-Residential Buildings", "name": "Unknown", "info": "997-Not Applicable", "simplified": "Residential", "damage_gra": "Destroyed", "det_method": "Photo-interpretation", "notation": "Building point", "or_src_id": 2, "dmg_src_id": 2, "cd_value": "Not Applicable", "aoi": "Cali Center", "layer": "builtUpP", "municipio": "Cali"}, "geometry": {"type": "Point", "coordinates": [-76.53505, 3.44282]}}, {"type": "Feature", "properties": {"obj_type": "11-Residential Buildings", "name": "Unknown", "info": "997-Not Applicable", "simplified": "Residential", "damage_gra": "Possibly damaged", "det_method": "Photo-interpretation", "notation": "Building point", "or_src_id": 2, "dmg_src_id": 2, "cd_value": "Not Applicable", "aoi": "Cali Center", "layer": "builtUpP", "municipio": "Cali"}, "geometry": {"type": "Point", "coordinates": [-76.53495, 3.44433]}}, {"type": "Feature", "properties": {"obj_type": "11-Residential Buildings", "name": "Unknown", "info": "997-Not Applicable", "simplified": "Residential", "damage_gra": "Possibly damaged", "det_method": "Photo-interpretation", "notation": "Building point", "or_src_id": 2, "dmg_src_id": 2, "cd_value": "Not Applicable", "aoi": "Cali Center", "layer": "builtUpP", "municipio": "Cali"}, "geometry": {"type": "Point", "coordinates": [-76.53178, 3.44512]}}, {"type": "Feature", "properties": {"obj_type": "11-Residential Buildings", "name": "Unknown", "info": "997-Not Applicable", "simplified": "Residential", "damage_gra": "Destroyed", "det_method": "Photo-interpretation", "notation": "Building point", "or_src_id": 2, "dmg_src_id": 2, "cd_value": "Not Applicable", "aoi": "Cali Center", "layer": "builtUpP", "municipio": "Cali"}, "geometry": {"type": "Point", "coordinates": [-76.53109, 3.44532]}}, {"type": "Feature", "properties": {"obj_type": "11-Residential Buildings", "name": "Unknown", "info": "997-Not Applicable", "simplified": "Residential", "damage_gra": "Possibly damaged", "det_method": "Photo-interpretation", "notation": "Building point", "or_src_id": 2, "dmg_src_id": 2, "cd_value": "Not Applicable", "aoi": "Cali Center", "layer": "builtUpP", "municipio": "Cali"}, "geometry": {"type": "Point", "coordinates": [-76.52786, 3.44536]}}, {"type": "Feature", "properties": {"obj_type": "11-Residential Buildings", "name": "Unknown", "info": "997-Not Applicable", "simplified": "Residential", "damage_gra": "Destroyed", "det_method": "Photo-interpretation", "notation": "Building point", "or_src_id": 2, "dmg_src_id": 2, "cd_value": "Not Applicable", "aoi": "Cali Center", "layer": "builtUpP", "municipio": "Cali"}, "geometry": {"type": "Point", "coordinates": [-76.5356, 3.4472]}}, {"type": "Feature", "properties": {"obj_type": "11-Residential Buildings", "name": "Unknown", "info": "997-Not Applicable", "simplified": "Residential", "damage_gra": "Destroyed", "det_method": "Photo-interpretation", "notation": "Building point", "or_src_id": 2, "dmg_src_id": 2, "cd_value": "Not Applicable", "aoi": "Cali Center", "layer": "builtUpP", "municipio": "Cali"}, "geometry": {"type": "Point", "coordinates": [-76.53551, 3.44722]}}, {"type": "Feature", "properties": {"obj_type": "11-Residential Buildings", "name": "Unknown", "info": "997-Not Applicable", "simplified": "Residential", "damage_gra": "Damaged", "det_method": "Photo-interpretation", "notation": "Building point", "or_src_id": 2, "dmg_src_id": 2, "cd_value": "Not Applicable", "aoi": "Cali Center", "layer": "builtUpP", "municipio": "Cali"}, "geometry": {"type": "Point", "coordinates": [-76.52622, 3.44437]}}, {"type": "Feature", "properties": {"obj_type": "11-Residential Buildings", "name": "Unknown", "info": "997-Not Applicable", "simplified": "Residential", "damage_gra": "Damaged", "det_method": "Photo-interpretation", "notation": "Building point", "or_src_id": 2, "dmg_src_id": 2, "cd_value": "Not Applicable", "aoi": "Cali Center", "layer": "builtUpP", "municipio": "Cali"}, "geometry": {"type": "Point", "coordinates": [-76.52613, 3.44441]}}, {"type": "Feature", "properties": {"obj_type": "11-Residential Buildings", "name": "Unknown", "info": "997-Not Applicable", "simplified": "Residential", "damage_gra": "Damaged", "det_method": "Photo-interpretation", "notation": "Building point", "or_src_id": 2, "dmg_src_id": 2, "cd_value": "Not Applicable", "aoi": "Cali Center", "layer": "builtUpP", "municipio": "Cali"}, "geometry": {"type": "Point", "coordinates": [-76.52618, 3.44465]}}, {"type": "Feature", "properties": {"obj_type": "11-Residential Buildings", "name": "Unknown", "info": "997-Not Applicable", "simplified": "Residential", "damage_gra": "Destroyed", "det_method": "Photo-interpretation", "notation": "Building point", "or_src_id": 2, "dmg_src_id": 2, "cd_value": "Not Applicable", "aoi": "Cali Center", "layer": "builtUpP", "municipio": "Cali"}, "geometry": {"type": "Point", "coordinates": [-76.52301, 3.44543]}}, {"type": "Feature", "properties": {"obj_type": "11-Residential Buildings", "name": "Unknown", "info": "997-Not Applicable", "simplified": "Residential", "damage_gra": "Destroyed", "det_method": "Photo-interpretation", "notation": "Building point", "or_src_id": 2, "dmg_src_id": 2, "cd_value": "Not Applicable", "aoi": "Cali Center", "layer": "builtUpP", "municipio": "Cali"}, "geometry": {"type": "Point", "coordinates": [-76.52161, 3.44629]}}, {"type": "Feature", "properties": {"obj_type": "11-Residential Buildings", "name": "Unknown", "info": "997-Not Applicable", "simplified": "Residential", "damage_gra": "Destroyed", "det_method": "Photo-interpretation", "notation": "Building point", "or_src_id": 2, "dmg_src_id": 2, "cd_value": "Not Applicable", "aoi": "Cali Center", "layer": "builtUpP", "municipio": "Cali"}, "geometry": {"type": "Point", "coordinates": [-76.51969, 3.4463]}}, {"type": "Feature", "properties": {"obj_type": "11-Residential Buildings", "name": "Unknown", "info": "997-Not Applicable", "simplified": "Residential", "damage_gra": "Destroyed", "det_method": "Photo-interpretation", "notation": "Building point", "or_src_id": 2, "dmg_src_id": 2, "cd_value": "Not Applicable", "aoi": "Cali Center", "layer": "builtUpP", "municipio": "Cali"}, "geometry": {"type": "Point", "coordinates": [-76.5229, 3.45069]}}, {"type": "Feature", "properties": {"obj_type": "Physical Barrier", "obj_desc": "Blocked road / interruption", "elem_count": "1", "det_method": "Photo-interpretation", "notation": "Not Applicable", "or_src_id": 3, "dmg_src_id": 3, "cd_value": "Not Applicable", "aoi": "Quibdo Centre", "layer": "ancillaryCrisisInfoP", "municipio": "Quibdó"}, "geometry": {"type": "Point", "coordinates": [-76.65399, 5.68159]}}, {"type": "Feature", "properties": {"obj_type": "Physical Barrier", "obj_desc": "Blocked road / interruption", "elem_count": "1", "det_method": "Photo-interpretation", "notation": "Not Applicable", "or_src_id": 3, "dmg_src_id": 3, "cd_value": "Not Applicable", "aoi": "Quibdo Centre", "layer": "ancillaryCrisisInfoP", "municipio": "Quibdó"}, "geometry": {"type": "Point", "coordinates": [-76.64348, 5.68272]}}, {"type": "Feature", "properties": {"obj_type": "11-Residential Buildings", "name": "Unknown", "info": "997-Not Applicable", "simplified": "Residential", "damage_gra": "Damaged", "det_method": "Photo-interpretation", "notation": "Building point", "or_src_id": 1, "dmg_src_id": 3, "cd_value": "Not Applicable", "aoi": "Quibdo Centre", "layer": "builtUpP", "municipio": "Quibdó"}, "geometry": {"type": "Point", "coordinates": [-76.64124, 5.67536]}}, {"type": "Feature", "properties": {"obj_type": "11-Residential Buildings", "name": "Unknown", "info": "997-Not Applicable", "simplified": "Residential", "damage_gra": "Damaged", "det_method": "Photo-interpretation", "notation": "Building point", "or_src_id": 1, "dmg_src_id": 3, "cd_value": "Not Applicable", "aoi": "Quibdo Centre", "layer": "builtUpP", "municipio": "Quibdó"}, "geometry": {"type": "Point", "coordinates": [-76.64116, 5.67538]}}, {"type": "Feature", "properties": {"obj_type": "11-Residential Buildings", "name": "Unknown", "info": "997-Not Applicable", "simplified": "Residential", "damage_gra": "Destroyed", "det_method": "Photo-interpretation", "notation": "Building point", "or_src_id": 1, "dmg_src_id": 3, "cd_value": "Not Applicable", "aoi": "Quibdo Centre", "layer": "builtUpP", "municipio": "Quibdó"}, "geometry": {"type": "Point", "coordinates": [-76.64119, 5.67542]}}, {"type": "Feature", "properties": {"obj_type": "11-Residential Buildings", "name": "Unknown", "info": "997-Not Applicable", "simplified": "Residential", "damage_gra": "Possibly damaged", "det_method": "Photo-interpretation", "notation": "Building point", "or_src_id": 1, "dmg_src_id": 3, "cd_value": "Not Applicable", "aoi": "Quibdo Centre", "layer": "builtUpP", "municipio": "Quibdó"}, "geometry": {"type": "Point", "coordinates": [-76.64332, 5.6773]}}, {"type": "Feature", "properties": {"obj_type": "11-Residential Buildings", "name": "Unknown", "info": "997-Not Applicable", "simplified": "Residential", "damage_gra": "Possibly damaged", "det_method": "Photo-interpretation", "notation": "Building point", "or_src_id": 1, "dmg_src_id": 3, "cd_value": "Not Applicable", "aoi": "Quibdo Centre", "layer": "builtUpP", "municipio": "Quibdó"}, "geometry": {"type": "Point", "coordinates": [-76.64325, 5.67731]}}, {"type": "Feature", "properties": {"obj_type": "11-Residential Buildings", "name": "Unknown", "info": "997-Not Applicable", "simplified": "Residential", "damage_gra": "Destroyed", "det_method": "Photo-interpretation", "notation": "Building point", "or_src_id": 1, "dmg_src_id": 3, "cd_value": "Not Applicable", "aoi": "Quibdo Centre", "layer": "builtUpP", "municipio": "Quibdó"}, "geometry": {"type": "Point", "coordinates": [-76.64324, 5.67739]}}, {"type": "Feature", "properties": {"obj_type": "11-Residential Buildings", "name": "Unknown", "info": "997-Not Applicable", "simplified": "Residential", "damage_gra": "Destroyed", "det_method": "Photo-interpretation", "notation": "Building point", "or_src_id": 1, "dmg_src_id": 3, "cd_value": "Not Applicable", "aoi": "Quibdo Centre", "layer": "builtUpP", "municipio": "Quibdó"}, "geometry": {"type": "Point", "coordinates": [-76.64465, 5.67783]}}, {"type": "Feature", "properties": {"obj_type": "11-Residential Buildings", "name": "Unknown", "info": "997-Not Applicable", "simplified": "Residential", "damage_gra": "Possibly damaged", "det_method": "Photo-interpretation", "notation": "Building point", "or_src_id": 1, "dmg_src_id": 3, "cd_value": "Not Applicable", "aoi": "Quibdo Centre", "layer": "builtUpP", "municipio": "Quibdó"}, "geometry": {"type": "Point", "coordinates": [-76.64357, 5.67854]}}, {"type": "Feature", "properties": {"obj_type": "11-Residential Buildings", "name": "Unknown", "info": "997-Not Applicable", "simplified": "Residential", "damage_gra": "Possibly damaged", "det_method": "Photo-interpretation", "notation": "Building point", "or_src_id": 1, "dmg_src_id": 3, "cd_value": "Not Applicable", "aoi": "Quibdo Centre", "layer": "builtUpP", "municipio": "Quibdó"}, "geometry": {"type": "Point", "coordinates": [-76.64188, 5.68064]}}, {"type": "Feature", "properties": {"obj_type": "11-Residential Buildings", "name": "Unknown", "info": "997-Not Applicable", "simplified": "Residential", "damage_gra": "Possibly damaged", "det_method": "Photo-interpretation", "notation": "Building point", "or_src_id": 1, "dmg_src_id": 3, "cd_value": "Not Applicable", "aoi": "Quibdo Centre", "layer": "builtUpP", "municipio": "Quibdó"}, "geometry": {"type": "Point", "coordinates": [-76.64433, 5.6811]}}, {"type": "Feature", "properties": {"obj_type": "11-Residential Buildings", "name": "Unknown", "info": "997-Not Applicable", "simplified": "Residential", "damage_gra": "Possibly damaged", "det_method": "Photo-interpretation", "notation": "Building point", "or_src_id": 1, "dmg_src_id": 4, "cd_value": "Not Applicable", "aoi": "Quibdo Centre", "layer": "builtUpP", "municipio": "Quibdó"}, "geometry": {"type": "Point", "coordinates": [-76.65006, 5.67776]}}, {"type": "Feature", "properties": {"obj_type": "11-Residential Buildings", "name": "Unknown", "info": "997-Not Applicable", "simplified": "Residential", "damage_gra": "Possibly damaged", "det_method": "Photo-interpretation", "notation": "Building point", "or_src_id": 1, "dmg_src_id": 3, "cd_value": "Not Applicable", "aoi": "Quibdo Centre", "layer": "builtUpP", "municipio": "Quibdó"}, "geometry": {"type": "Point", "coordinates": [-76.65368, 5.67842]}}, {"type": "Feature", "properties": {"obj_type": "11-Residential Buildings", "name": "Unknown", "info": "997-Not Applicable", "simplified": "Residential", "damage_gra": "Destroyed", "det_method": "Photo-interpretation", "notation": "Building point", "or_src_id": 1, "dmg_src_id": 3, "cd_value": "Not Applicable", "aoi": "Quibdo Centre", "layer": "builtUpP", "municipio": "Quibdó"}, "geometry": {"type": "Point", "coordinates": [-76.65367, 5.67847]}}, {"type": "Feature", "properties": {"obj_type": "11-Residential Buildings", "name": "Unknown", "info": "997-Not Applicable", "simplified": "Residential", "damage_gra": "Possibly damaged", "det_method": "Photo-interpretation", "notation": "Building point", "or_src_id": 1, "dmg_src_id": 3, "cd_value": "Not Applicable", "aoi": "Quibdo Centre", "layer": "builtUpP", "municipio": "Quibdó"}, "geometry": {"type": "Point", "coordinates": [-76.65385, 5.67849]}}, {"type": "Feature", "properties": {"obj_type": "11-Residential Buildings", "name": "Unknown", "info": "997-Not Applicable", "simplified": "Residential", "damage_gra": "Possibly damaged", "det_method": "Photo-interpretation", "notation": "Building point", "or_src_id": 1, "dmg_src_id": 3, "cd_value": "Not Applicable", "aoi": "Quibdo Centre", "layer": "builtUpP", "municipio": "Quibdó"}, "geometry": {"type": "Point", "coordinates": [-76.65368, 5.67853]}}, {"type": "Feature", "properties": {"obj_type": "11-Residential Buildings", "name": "Unknown", "info": "997-Not Applicable", "simplified": "Residential", "damage_gra": "Possibly damaged", "det_method": "Photo-interpretation", "notation": "Building point", "or_src_id": 1, "dmg_src_id": 3, "cd_value": "Not Applicable", "aoi": "Quibdo Centre", "layer": "builtUpP", "municipio": "Quibdó"}, "geometry": {"type": "Point", "coordinates": [-76.65385, 5.67855]}}, {"type": "Feature", "properties": {"obj_type": "11-Residential Buildings", "name": "Unknown", "info": "997-Not Applicable", "simplified": "Residential", "damage_gra": "Possibly damaged", "det_method": "Photo-interpretation", "notation": "Building point", "or_src_id": 1, "dmg_src_id": 4, "cd_value": "Not Applicable", "aoi": "Quibdo Centre", "layer": "builtUpP", "municipio": "Quibdó"}, "geometry": {"type": "Point", "coordinates": [-76.64753, 5.67999]}}, {"type": "Feature", "properties": {"obj_type": "11-Residential Buildings", "name": "Unknown", "info": "997-Not Applicable", "simplified": "Residential", "damage_gra": "Possibly damaged", "det_method": "Photo-interpretation", "notation": "Building point", "or_src_id": 1, "dmg_src_id": 4, "cd_value": "Not Applicable", "aoi": "Quibdo Centre", "layer": "builtUpP", "municipio": "Quibdó"}, "geometry": {"type": "Point", "coordinates": [-76.64769, 5.68005]}}, {"type": "Feature", "properties": {"obj_type": "11-Residential Buildings", "name": "Unknown", "info": "997-Not Applicable", "simplified": "Residential", "damage_gra": "Possibly damaged", "det_method": "Photo-interpretation", "notation": "Building point", "or_src_id": 1, "dmg_src_id": 4, "cd_value": "Not Applicable", "aoi": "Quibdo Centre", "layer": "builtUpP", "municipio": "Quibdó"}, "geometry": {"type": "Point", "coordinates": [-76.64764, 5.68008]}}, {"type": "Feature", "properties": {"obj_type": "11-Residential Buildings", "name": "Unknown", "info": "997-Not Applicable", "simplified": "Residential", "damage_gra": "Possibly damaged", "det_method": "Photo-interpretation", "notation": "Building point", "or_src_id": 1, "dmg_src_id": 4, "cd_value": "Not Applicable", "aoi": "Quibdo Centre", "layer": "builtUpP", "municipio": "Quibdó"}, "geometry": {"type": "Point", "coordinates": [-76.64754, 5.68013]}}, {"type": "Feature", "properties": {"obj_type": "11-Residential Buildings", "name": "Unknown", "info": "997-Not Applicable", "simplified": "Residential", "damage_gra": "Possibly damaged", "det_method": "Photo-interpretation", "notation": "Building point", "or_src_id": 1, "dmg_src_id": 4, "cd_value": "Not Applicable", "aoi": "Quibdo Centre", "layer": "builtUpP", "municipio": "Quibdó"}, "geometry": {"type": "Point", "coordinates": [-76.65912, 5.67734]}}, {"type": "Feature", "properties": {"obj_type": "11-Residential Buildings", "name": "Unknown", "info": "997-Not Applicable", "simplified": "Residential", "damage_gra": "Destroyed", "det_method": "Photo-interpretation", "notation": "Building point", "or_src_id": 1, "dmg_src_id": 3, "cd_value": "Not Applicable", "aoi": "Quibdo Centre", "layer": "builtUpP", "municipio": "Quibdó"}, "geometry": {"type": "Point", "coordinates": [-76.6616, 5.67867]}}, {"type": "Feature", "properties": {"obj_type": "11-Residential Buildings", "name": "Unknown", "info": "997-Not Applicable", "simplified": "Residential", "damage_gra": "Possibly damaged", "det_method": "Photo-interpretation", "notation": "Building point", "or_src_id": 1, "dmg_src_id": 3, "cd_value": "Not Applicable", "aoi": "Quibdo Centre", "layer": "builtUpP", "municipio": "Quibdó"}, "geometry": {"type": "Point", "coordinates": [-76.66159, 5.67873]}}, {"type": "Feature", "properties": {"obj_type": "11-Residential Buildings", "name": "Unknown", "info": "997-Not Applicable", "simplified": "Residential", "damage_gra": "Destroyed", "det_method": "Photo-interpretation", "notation": "Building point", "or_src_id": 1, "dmg_src_id": 3, "cd_value": "Not Applicable", "aoi": "Quibdo Centre", "layer": "builtUpP", "municipio": "Quibdó"}, "geometry": {"type": "Point", "coordinates": [-76.6569, 5.67914]}}, {"type": "Feature", "properties": {"obj_type": "11-Residential Buildings", "name": "Unknown", "info": "997-Not Applicable", "simplified": "Residential", "damage_gra": "Possibly damaged", "det_method": "Photo-interpretation", "notation": "Building point", "or_src_id": 1, "dmg_src_id": 4, "cd_value": "Not Applicable", "aoi": "Quibdo Centre", "layer": "builtUpP", "municipio": "Quibdó"}, "geometry": {"type": "Point", "coordinates": [-76.65685, 5.67914]}}, {"type": "Feature", "properties": {"obj_type": "11-Residential Buildings", "name": "Unknown", "info": "997-Not Applicable", "simplified": "Residential", "damage_gra": "Destroyed", "det_method": "Photo-interpretation", "notation": "Building point", "or_src_id": 1, "dmg_src_id": 3, "cd_value": "Not Applicable", "aoi": "Quibdo Centre", "layer": "builtUpP", "municipio": "Quibdó"}, "geometry": {"type": "Point", "coordinates": [-76.65693, 5.67914]}}, {"type": "Feature", "properties": {"obj_type": "11-Residential Buildings", "name": "Unknown", "info": "997-Not Applicable", "simplified": "Residential", "damage_gra": "Possibly damaged", "det_method": "Photo-interpretation", "notation": "Building point", "or_src_id": 1, "dmg_src_id": 4, "cd_value": "Not Applicable", "aoi": "Quibdo Centre", "layer": "builtUpP", "municipio": "Quibdó"}, "geometry": {"type": "Point", "coordinates": [-76.65662, 5.67915]}}, {"type": "Feature", "properties": {"obj_type": "11-Residential Buildings", "name": "Unknown", "info": "997-Not Applicable", "simplified": "Residential", "damage_gra": "Destroyed", "det_method": "Photo-interpretation", "notation": "Building point", "or_src_id": 1, "dmg_src_id": 3, "cd_value": "Not Applicable", "aoi": "Quibdo Centre", "layer": "builtUpP", "municipio": "Quibdó"}, "geometry": {"type": "Point", "coordinates": [-76.65699, 5.67915]}}, {"type": "Feature", "properties": {"obj_type": "11-Residential Buildings", "name": "Unknown", "info": "997-Not Applicable", "simplified": "Residential", "damage_gra": "Destroyed", "det_method": "Photo-interpretation", "notation": "Building point", "or_src_id": 1, "dmg_src_id": 3, "cd_value": "Not Applicable", "aoi": "Quibdo Centre", "layer": "builtUpP", "municipio": "Quibdó"}, "geometry": {"type": "Point", "coordinates": [-76.66013, 5.68032]}}, {"type": "Feature", "properties": {"obj_type": "11-Residential Buildings", "name": "Unknown", "info": "997-Not Applicable", "simplified": "Residential", "damage_gra": "Possibly damaged", "det_method": "Photo-interpretation", "notation": "Building point", "or_src_id": 1, "dmg_src_id": 3, "cd_value": "Not Applicable", "aoi": "Quibdo Centre", "layer": "builtUpP", "municipio": "Quibdó"}, "geometry": {"type": "Point", "coordinates": [-76.65761, 5.68127]}}, {"type": "Feature", "properties": {"obj_type": "11-Residential Buildings", "name": "Unknown", "info": "997-Not Applicable", "simplified": "Residential", "damage_gra": "Possibly damaged", "det_method": "Photo-interpretation", "notation": "Building point", "or_src_id": 1, "dmg_src_id": 3, "cd_value": "Not Applicable", "aoi": "Quibdo Centre", "layer": "builtUpP", "municipio": "Quibdó"}, "geometry": {"type": "Point", "coordinates": [-76.64258, 5.6815]}}, {"type": "Feature", "properties": {"obj_type": "11-Residential Buildings", "name": "Unknown", "info": "997-Not Applicable", "simplified": "Residential", "damage_gra": "Possibly damaged", "det_method": "Photo-interpretation", "notation": "Building point", "or_src_id": 1, "dmg_src_id": 3, "cd_value": "Not Applicable", "aoi": "Quibdo Centre", "layer": "builtUpP", "municipio": "Quibdó"}, "geometry": {"type": "Point", "coordinates": [-76.64253, 5.68154]}}, {"type": "Feature", "properties": {"obj_type": "11-Residential Buildings", "name": "Unknown", "info": "997-Not Applicable", "simplified": "Residential", "damage_gra": "Possibly damaged", "det_method": "Photo-interpretation", "notation": "Building point", "or_src_id": 1, "dmg_src_id": 3, "cd_value": "Not Applicable", "aoi": "Quibdo Centre", "layer": "builtUpP", "municipio": "Quibdó"}, "geometry": {"type": "Point", "coordinates": [-76.64266, 5.68173]}}, {"type": "Feature", "properties": {"obj_type": "11-Residential Buildings", "name": "Unknown", "info": "997-Not Applicable", "simplified": "Residential", "damage_gra": "Possibly damaged", "det_method": "Photo-interpretation", "notation": "Building point", "or_src_id": 1, "dmg_src_id": 3, "cd_value": "Not Applicable", "aoi": "Quibdo Centre", "layer": "builtUpP", "municipio": "Quibdó"}, "geometry": {"type": "Point", "coordinates": [-76.6426, 5.68174]}}, {"type": "Feature", "properties": {"obj_type": "11-Residential Buildings", "name": "Unknown", "info": "997-Not Applicable", "simplified": "Residential", "damage_gra": "Possibly damaged", "det_method": "Photo-interpretation", "notation": "Building point", "or_src_id": 1, "dmg_src_id": 3, "cd_value": "Not Applicable", "aoi": "Quibdo Centre", "layer": "builtUpP", "municipio": "Quibdó"}, "geometry": {"type": "Point", "coordinates": [-76.64227, 5.68211]}}, {"type": "Feature", "properties": {"obj_type": "11-Residential Buildings", "name": "Unknown", "info": "997-Not Applicable", "simplified": "Residential", "damage_gra": "Possibly damaged", "det_method": "Photo-interpretation", "notation": "Building point", "or_src_id": 1, "dmg_src_id": 3, "cd_value": "Not Applicable", "aoi": "Quibdo Centre", "layer": "builtUpP", "municipio": "Quibdó"}, "geometry": {"type": "Point", "coordinates": [-76.64232, 5.68211]}}, {"type": "Feature", "properties": {"obj_type": "11-Residential Buildings", "name": "Unknown", "info": "997-Not Applicable", "simplified": "Residential", "damage_gra": "Destroyed", "det_method": "Photo-interpretation", "notation": "Building point", "or_src_id": 1, "dmg_src_id": 3, "cd_value": "Not Applicable", "aoi": "Quibdo Centre", "layer": "builtUpP", "municipio": "Quibdó"}, "geometry": {"type": "Point", "coordinates": [-76.64223, 5.68222]}}, {"type": "Feature", "properties": {"obj_type": "11-Residential Buildings", "name": "Unknown", "info": "997-Not Applicable", "simplified": "Residential", "damage_gra": "Destroyed", "det_method": "Photo-interpretation", "notation": "Building point", "or_src_id": 1, "dmg_src_id": 3, "cd_value": "Not Applicable", "aoi": "Quibdo Centre", "layer": "builtUpP", "municipio": "Quibdó"}, "geometry": {"type": "Point", "coordinates": [-76.64227, 5.68223]}}, {"type": "Feature", "properties": {"obj_type": "11-Residential Buildings", "name": "Unknown", "info": "997-Not Applicable", "simplified": "Residential", "damage_gra": "Destroyed", "det_method": "Photo-interpretation", "notation": "Building point", "or_src_id": 1, "dmg_src_id": 3, "cd_value": "Not Applicable", "aoi": "Quibdo Centre", "layer": "builtUpP", "municipio": "Quibdó"}, "geometry": {"type": "Point", "coordinates": [-76.6423, 5.68223]}}, {"type": "Feature", "properties": {"obj_type": "11-Residential Buildings", "name": "Unknown", "info": "997-Not Applicable", "simplified": "Residential", "damage_gra": "Destroyed", "det_method": "Photo-interpretation", "notation": "Building point", "or_src_id": 1, "dmg_src_id": 3, "cd_value": "Not Applicable", "aoi": "Quibdo Centre", "layer": "builtUpP", "municipio": "Quibdó"}, "geometry": {"type": "Point", "coordinates": [-76.64357, 5.68262]}}, {"type": "Feature", "properties": {"obj_type": "11-Residential Buildings", "name": "Unknown", "info": "997-Not Applicable", "simplified": "Residential", "damage_gra": "Destroyed", "det_method": "Photo-interpretation", "notation": "Building point", "or_src_id": 1, "dmg_src_id": 3, "cd_value": "Not Applicable", "aoi": "Quibdo Centre", "layer": "builtUpP", "municipio": "Quibdó"}, "geometry": {"type": "Point", "coordinates": [-76.65414, 5.68142]}}, {"type": "Feature", "properties": {"obj_type": "11-Residential Buildings", "name": "Unknown", "info": "997-Not Applicable", "simplified": "Residential", "damage_gra": "Destroyed", "det_method": "Photo-interpretation", "notation": "Building point", "or_src_id": 1, "dmg_src_id": 3, "cd_value": "Not Applicable", "aoi": "Quibdo Centre", "layer": "builtUpP", "municipio": "Quibdó"}, "geometry": {"type": "Point", "coordinates": [-76.65417, 5.68147]}}, {"type": "Feature", "properties": {"obj_type": "11-Residential Buildings", "name": "Unknown", "info": "997-Not Applicable", "simplified": "Residential", "damage_gra": "Damaged", "det_method": "Photo-interpretation", "notation": "Building point", "or_src_id": 1, "dmg_src_id": 3, "cd_value": "Not Applicable", "aoi": "Quibdo Centre", "layer": "builtUpP", "municipio": "Quibdó"}, "geometry": {"type": "Point", "coordinates": [-76.65419, 5.68151]}}, {"type": "Feature", "properties": {"obj_type": "11-Residential Buildings", "name": "Unknown", "info": "997-Not Applicable", "simplified": "Residential", "damage_gra": "Possibly damaged", "det_method": "Photo-interpretation", "notation": "Building point", "or_src_id": 1, "dmg_src_id": 3, "cd_value": "Not Applicable", "aoi": "Quibdo Centre", "layer": "builtUpP", "municipio": "Quibdó"}, "geometry": {"type": "Point", "coordinates": [-76.6543, 5.68154]}}, {"type": "Feature", "properties": {"obj_type": "11-Residential Buildings", "name": "Unknown", "info": "997-Not Applicable", "simplified": "Residential", "damage_gra": "Possibly damaged", "det_method": "Photo-interpretation", "notation": "Building point", "or_src_id": 1, "dmg_src_id": 3, "cd_value": "Not Applicable", "aoi": "Quibdo Centre", "layer": "builtUpP", "municipio": "Quibdó"}, "geometry": {"type": "Point", "coordinates": [-76.65824, 5.68218]}}, {"type": "Feature", "properties": {"obj_type": "11-Residential Buildings", "name": "Unknown", "info": "997-Not Applicable", "simplified": "Residential", "damage_gra": "Possibly damaged", "det_method": "Photo-interpretation", "notation": "Building point", "or_src_id": 1, "dmg_src_id": 3, "cd_value": "Not Applicable", "aoi": "Quibdo Centre", "layer": "builtUpP", "municipio": "Quibdó"}, "geometry": {"type": "Point", "coordinates": [-76.65496, 5.68366]}}, {"type": "Feature", "properties": {"obj_type": "11-Residential Buildings", "name": "Unknown", "info": "997-Not Applicable", "simplified": "Residential", "damage_gra": "Possibly damaged", "det_method": "Photo-interpretation", "notation": "Building point", "or_src_id": 1, "dmg_src_id": 3, "cd_value": "Not Applicable", "aoi": "Quibdo Centre", "layer": "builtUpP", "municipio": "Quibdó"}, "geometry": {"type": "Point", "coordinates": [-76.65748, 5.6849]}}, {"type": "Feature", "properties": {"obj_type": "11-Residential Buildings", "name": "Unknown", "info": "997-Not Applicable", "simplified": "Residential", "damage_gra": "Possibly damaged", "det_method": "Photo-interpretation", "notation": "Building point", "or_src_id": 1, "dmg_src_id": 3, "cd_value": "Not Applicable", "aoi": "Quibdo Centre", "layer": "builtUpP", "municipio": "Quibdó"}, "geometry": {"type": "Point", "coordinates": [-76.65872, 5.6851]}}, {"type": "Feature", "properties": {"obj_type": "11-Residential Buildings", "name": "Unknown", "info": "997-Not Applicable", "simplified": "Residential", "damage_gra": "Destroyed", "det_method": "Photo-interpretation", "notation": "Building point", "or_src_id": 1, "dmg_src_id": 3, "cd_value": "Not Applicable", "aoi": "Quibdo Centre", "layer": "builtUpP", "municipio": "Quibdó"}, "geometry": {"type": "Point", "coordinates": [-76.65877, 5.68514]}}, {"type": "Feature", "properties": {"obj_type": "11-Residential Buildings", "name": "Unknown", "info": "997-Not Applicable", "simplified": "Residential", "damage_gra": "Possibly damaged", "det_method": "Photo-interpretation", "notation": "Building point", "or_src_id": 1, "dmg_src_id": 3, "cd_value": "Not Applicable", "aoi": "Quibdo Centre", "layer": "builtUpP", "municipio": "Quibdó"}, "geometry": {"type": "Point", "coordinates": [-76.65884, 5.68518]}}, {"type": "Feature", "properties": {"obj_type": "11-Residential Buildings", "name": "Unknown", "info": "997-Not Applicable", "simplified": "Residential", "damage_gra": "Possibly damaged", "det_method": "Photo-interpretation", "notation": "Building point", "or_src_id": 1, "dmg_src_id": 4, "cd_value": "Not Applicable", "aoi": "Quibdo Centre", "layer": "builtUpP", "municipio": "Quibdó"}, "geometry": {"type": "Point", "coordinates": [-76.64609, 5.68084]}}, {"type": "Feature", "properties": {"obj_type": "11-Residential Buildings", "name": "Unknown", "info": "997-Not Applicable", "simplified": "Residential", "damage_gra": "Possibly damaged", "det_method": "Photo-interpretation", "notation": "Building point", "or_src_id": 1, "dmg_src_id": 4, "cd_value": "Not Applicable", "aoi": "Quibdo Centre", "layer": "builtUpP", "municipio": "Quibdó"}, "geometry": {"type": "Point", "coordinates": [-76.6462, 5.68092]}}, {"type": "Feature", "properties": {"obj_type": "11-Residential Buildings", "name": "Unknown", "info": "997-Not Applicable", "simplified": "Residential", "damage_gra": "Possibly damaged", "det_method": "Photo-interpretation", "notation": "Building point", "or_src_id": 1, "dmg_src_id": 3, "cd_value": "Not Applicable", "aoi": "Quibdo Centre", "layer": "builtUpP", "municipio": "Quibdó"}, "geometry": {"type": "Point", "coordinates": [-76.65407, 5.6814]}}, {"type": "Feature", "properties": {"obj_type": "11-Residential Buildings", "name": "Unknown", "info": "997-Not Applicable", "simplified": "Residential", "damage_gra": "Possibly damaged", "det_method": "Photo-interpretation", "notation": "Building point", "or_src_id": 1, "dmg_src_id": 3, "cd_value": "Not Applicable", "aoi": "Quibdo Centre", "layer": "builtUpP", "municipio": "Quibdó"}, "geometry": {"type": "Point", "coordinates": [-76.65406, 5.68145]}}, {"type": "Feature", "properties": {"obj_type": "11-Residential Buildings", "name": "Unknown", "info": "997-Not Applicable", "simplified": "Residential", "damage_gra": "Destroyed", "det_method": "Photo-interpretation", "notation": "Building point", "or_src_id": 1, "dmg_src_id": 3, "cd_value": "Not Applicable", "aoi": "Quibdo Centre", "layer": "builtUpP", "municipio": "Quibdó"}, "geometry": {"type": "Point", "coordinates": [-76.65412, 5.6815]}}, {"type": "Feature", "properties": {"obj_type": "11-Residential Buildings", "name": "Unknown", "info": "997-Not Applicable", "simplified": "Residential", "damage_gra": "Damaged", "det_method": "Photo-interpretation", "notation": "Building point", "or_src_id": 1, "dmg_src_id": 3, "cd_value": "Not Applicable", "aoi": "Quibdo Centre", "layer": "builtUpP", "municipio": "Quibdó"}, "geometry": {"type": "Point", "coordinates": [-76.65399, 5.68152]}}, {"type": "Feature", "properties": {"obj_type": "11-Residential Buildings", "name": "Unknown", "info": "997-Not Applicable", "simplified": "Residential", "damage_gra": "Possibly damaged", "det_method": "Photo-interpretation", "notation": "Building point", "or_src_id": 1, "dmg_src_id": 3, "cd_value": "Not Applicable", "aoi": "Quibdo Centre", "layer": "builtUpP", "municipio": "Quibdó"}, "geometry": {"type": "Point", "coordinates": [-76.65394, 5.68164]}}, {"type": "Feature", "properties": {"obj_type": "11-Residential Buildings", "name": "Unknown", "info": "997-Not Applicable", "simplified": "Residential", "damage_gra": "Possibly damaged", "det_method": "Photo-interpretation", "notation": "Building point", "or_src_id": 1, "dmg_src_id": 3, "cd_value": "Not Applicable", "aoi": "Quibdo Centre", "layer": "builtUpP", "municipio": "Quibdó"}, "geometry": {"type": "Point", "coordinates": [-76.64639, 5.68843]}}, {"type": "Feature", "properties": {"obj_type": "11-Residential Buildings", "name": "Unknown", "info": "997-Not Applicable", "simplified": "Residential", "damage_gra": "Possibly damaged", "det_method": "Photo-interpretation", "notation": "Building point", "or_src_id": 1, "dmg_src_id": 4, "cd_value": "Not Applicable", "aoi": "Quibdo Centre", "layer": "builtUpP", "municipio": "Quibdó"}, "geometry": {"type": "Point", "coordinates": [-76.64886, 5.68883]}}, {"type": "Feature", "properties": {"obj_type": "11-Residential Buildings", "name": "Unknown", "info": "997-Not Applicable", "simplified": "Residential", "damage_gra": "Possibly damaged", "det_method": "Photo-interpretation", "notation": "Building point", "or_src_id": 1, "dmg_src_id": 4, "cd_value": "Not Applicable", "aoi": "Quibdo Centre", "layer": "builtUpP", "municipio": "Quibdó"}, "geometry": {"type": "Point", "coordinates": [-76.64868, 5.68887]}}, {"type": "Feature", "properties": {"obj_type": "11-Residential Buildings", "name": "Unknown", "info": "997-Not Applicable", "simplified": "Residential", "damage_gra": "Possibly damaged", "det_method": "Photo-interpretation", "notation": "Building point", "or_src_id": 1, "dmg_src_id": 3, "cd_value": "Not Applicable", "aoi": "Quibdo Centre", "layer": "builtUpP", "municipio": "Quibdó"}, "geometry": {"type": "Point", "coordinates": [-76.64361, 5.68268]}}, {"type": "Feature", "properties": {"obj_type": "11-Residential Buildings", "name": "Unknown", "info": "997-Not Applicable", "simplified": "Residential", "damage_gra": "Possibly damaged", "det_method": "Photo-interpretation", "notation": "Building point", "or_src_id": 1, "dmg_src_id": 3, "cd_value": "Not Applicable", "aoi": "Quibdo Centre", "layer": "builtUpP", "municipio": "Quibdó"}, "geometry": {"type": "Point", "coordinates": [-76.64159, 5.68286]}}, {"type": "Feature", "properties": {"obj_type": "11-Residential Buildings", "name": "Unknown", "info": "997-Not Applicable", "simplified": "Residential", "damage_gra": "Damaged", "det_method": "Photo-interpretation", "notation": "Building point", "or_src_id": 1, "dmg_src_id": 3, "cd_value": "Not Applicable", "aoi": "Quibdo Centre", "layer": "builtUpP", "municipio": "Quibdó"}, "geometry": {"type": "Point", "coordinates": [-76.64199, 5.68603]}}, {"type": "Feature", "properties": {"obj_type": "11-Residential Buildings", "name": "Unknown", "info": "997-Not Applicable", "simplified": "Residential", "damage_gra": "Damaged", "det_method": "Photo-interpretation", "notation": "Building point", "or_src_id": 1, "dmg_src_id": 3, "cd_value": "Not Applicable", "aoi": "Quibdo Centre", "layer": "builtUpP", "municipio": "Quibdó"}, "geometry": {"type": "Point", "coordinates": [-76.64593, 5.68926]}}, {"type": "Feature", "properties": {"obj_type": "11-Residential Buildings", "name": "Unknown", "info": "997-Not Applicable", "simplified": "Residential", "damage_gra": "Possibly damaged", "det_method": "Photo-interpretation", "notation": "Building point", "or_src_id": 1, "dmg_src_id": 3, "cd_value": "Not Applicable", "aoi": "Quibdo Centre", "layer": "builtUpP", "municipio": "Quibdó"}, "geometry": {"type": "Point", "coordinates": [-76.65767, 5.68519]}}, {"type": "Feature", "properties": {"obj_type": "11-Residential Buildings", "name": "Unknown", "info": "997-Not Applicable", "simplified": "Residential", "damage_gra": "Possibly damaged", "det_method": "Photo-interpretation", "notation": "Building point", "or_src_id": 1, "dmg_src_id": 3, "cd_value": "Not Applicable", "aoi": "Quibdo Centre", "layer": "builtUpP", "municipio": "Quibdó"}, "geometry": {"type": "Point", "coordinates": [-76.66169, 5.68544]}}, {"type": "Feature", "properties": {"obj_type": "11-Residential Buildings", "name": "Unknown", "info": "997-Not Applicable", "simplified": "Residential", "damage_gra": "Possibly damaged", "det_method": "Photo-interpretation", "notation": "Building point", "or_src_id": 1, "dmg_src_id": 3, "cd_value": "Not Applicable", "aoi": "Quibdo Centre", "layer": "builtUpP", "municipio": "Quibdó"}, "geometry": {"type": "Point", "coordinates": [-76.66151, 5.68546]}}, {"type": "Feature", "properties": {"obj_type": "11-Residential Buildings", "name": "Unknown", "info": "997-Not Applicable", "simplified": "Residential", "damage_gra": "Destroyed", "det_method": "Photo-interpretation", "notation": "Building point", "or_src_id": 1, "dmg_src_id": 3, "cd_value": "Not Applicable", "aoi": "Quibdo Centre", "layer": "builtUpP", "municipio": "Quibdó"}, "geometry": {"type": "Point", "coordinates": [-76.66159, 5.68547]}}, {"type": "Feature", "properties": {"obj_type": "11-Residential Buildings", "name": "Unknown", "info": "997-Not Applicable", "simplified": "Residential", "damage_gra": "Damaged", "det_method": "Photo-interpretation", "notation": "Building point", "or_src_id": 1, "dmg_src_id": 3, "cd_value": "Not Applicable", "aoi": "Quibdo Centre", "layer": "builtUpP", "municipio": "Quibdó"}, "geometry": {"type": "Point", "coordinates": [-76.66001, 5.68979]}}, {"type": "Feature", "properties": {"obj_type": "11-Residential Buildings", "name": "Unknown", "info": "997-Not Applicable", "simplified": "Residential", "damage_gra": "Possibly damaged", "det_method": "Photo-interpretation", "notation": "Building point", "or_src_id": 1, "dmg_src_id": 4, "cd_value": "Not Applicable", "aoi": "Quibdo Centre", "layer": "builtUpP", "municipio": "Quibdó"}, "geometry": {"type": "Point", "coordinates": [-76.64879, 5.68905]}}, {"type": "Feature", "properties": {"obj_type": "11-Residential Buildings", "name": "Unknown", "info": "997-Not Applicable", "simplified": "Residential", "damage_gra": "Damaged", "det_method": "Photo-interpretation", "notation": "Building point", "or_src_id": 1, "dmg_src_id": 3, "cd_value": "Not Applicable", "aoi": "Quibdo Centre", "layer": "builtUpP", "municipio": "Quibdó"}, "geometry": {"type": "Point", "coordinates": [-76.64593, 5.68969]}}, {"type": "Feature", "properties": {"obj_type": "11-Residential Buildings", "name": "Unknown", "info": "997-Not Applicable", "simplified": "Residential", "damage_gra": "Possibly damaged", "det_method": "Photo-interpretation", "notation": "Building point", "or_src_id": 1, "dmg_src_id": 4, "cd_value": "Not Applicable", "aoi": "Quibdo Centre", "layer": "builtUpP", "municipio": "Quibdó"}, "geometry": {"type": "Point", "coordinates": [-76.65022, 5.69268]}}, {"type": "Feature", "properties": {"obj_type": "11-Residential Buildings", "name": "Unknown", "info": "997-Not Applicable", "simplified": "Residential", "damage_gra": "Possibly damaged", "det_method": "Photo-interpretation", "notation": "Building point", "or_src_id": 1, "dmg_src_id": 4, "cd_value": "Not Applicable", "aoi": "Quibdo Centre", "layer": "builtUpP", "municipio": "Quibdó"}, "geometry": {"type": "Point", "coordinates": [-76.65026, 5.69271]}}, {"type": "Feature", "properties": {"obj_type": "11-Residential Buildings", "name": "Unknown", "info": "997-Not Applicable", "simplified": "Residential", "damage_gra": "Possibly damaged", "det_method": "Photo-interpretation", "notation": "Building point", "or_src_id": 1, "dmg_src_id": 4, "cd_value": "Not Applicable", "aoi": "Quibdo Centre", "layer": "builtUpP", "municipio": "Quibdó"}, "geometry": {"type": "Point", "coordinates": [-76.65027, 5.69276]}}, {"type": "Feature", "properties": {"obj_type": "11-Residential Buildings", "name": "Unknown", "info": "997-Not Applicable", "simplified": "Residential", "damage_gra": "Damaged", "det_method": "Photo-interpretation", "notation": "Building point", "or_src_id": 978, "dmg_src_id": 2, "cd_value": "Not Applicable", "aoi": "Istmina", "layer": "builtUpP", "municipio": "Istmina"}, "geometry": {"type": "Point", "coordinates": [-76.6897, 5.14769]}}, {"type": "Feature", "properties": {"obj_type": "11-Residential Buildings", "name": "Unknown", "info": "997-Not Applicable", "simplified": "Residential", "damage_gra": "Damaged", "det_method": "Photo-interpretation", "notation": "Building point", "or_src_id": 978, "dmg_src_id": 2, "cd_value": "Not Applicable", "aoi": "Istmina", "layer": "builtUpP", "municipio": "Istmina"}, "geometry": {"type": "Point", "coordinates": [-76.68008, 5.14975]}}, {"type": "Feature", "properties": {"obj_type": "11-Residential Buildings", "name": "Unknown", "info": "997-Not Applicable", "simplified": "Residential", "damage_gra": "Damaged", "det_method": "Photo-interpretation", "notation": "Building point", "or_src_id": 978, "dmg_src_id": 2, "cd_value": "Not Applicable", "aoi": "Istmina", "layer": "builtUpP", "municipio": "Istmina"}, "geometry": {"type": "Point", "coordinates": [-76.68018, 5.15067]}}, {"type": "Feature", "properties": {"obj_type": "11-Residential Buildings", "name": "Unknown", "info": "997-Not Applicable", "simplified": "Residential", "damage_gra": "Damaged", "det_method": "Photo-interpretation", "notation": "Building point", "or_src_id": 978, "dmg_src_id": 2, "cd_value": "Not Applicable", "aoi": "Istmina", "layer": "builtUpP", "municipio": "Istmina"}, "geometry": {"type": "Point", "coordinates": [-76.68653, 5.15093]}}, {"type": "Feature", "properties": {"obj_type": "11-Residential Buildings", "name": "Unknown", "info": "997-Not Applicable", "simplified": "Residential", "damage_gra": "Damaged", "det_method": "Photo-interpretation", "notation": "Building point", "or_src_id": 978, "dmg_src_id": 2, "cd_value": "Not Applicable", "aoi": "Istmina", "layer": "builtUpP", "municipio": "Istmina"}, "geometry": {"type": "Point", "coordinates": [-76.68123, 5.15117]}}, {"type": "Feature", "properties": {"obj_type": "11-Residential Buildings", "name": "Unknown", "info": "997-Not Applicable", "simplified": "Residential", "damage_gra": "Destroyed", "det_method": "Photo-interpretation", "notation": "Building point", "or_src_id": 978, "dmg_src_id": 2, "cd_value": "Not Applicable", "aoi": "Istmina", "layer": "builtUpP", "municipio": "Istmina"}, "geometry": {"type": "Point", "coordinates": [-76.68821, 5.15553]}}, {"type": "Feature", "properties": {"obj_type": "11-Residential Buildings", "name": "Unknown", "info": "997-Not Applicable", "simplified": "Residential", "damage_gra": "Damaged", "det_method": "Photo-interpretation", "notation": "Building point", "or_src_id": 978, "dmg_src_id": 2, "cd_value": "Not Applicable", "aoi": "Istmina", "layer": "builtUpP", "municipio": "Istmina"}, "geometry": {"type": "Point", "coordinates": [-76.68771, 5.15857]}}, {"type": "Feature", "properties": {"obj_type": "11-Residential Buildings", "name": "Unknown", "info": "997-Not Applicable", "simplified": "Residential", "damage_gra": "Damaged", "det_method": "Photo-interpretation", "notation": "Building point", "or_src_id": 978, "dmg_src_id": 2, "cd_value": "Not Applicable", "aoi": "Istmina", "layer": "builtUpP", "municipio": "Istmina"}, "geometry": {"type": "Point", "coordinates": [-76.68767, 5.16034]}}, {"type": "Feature", "properties": {"obj_type": "11-Residential Buildings", "name": "Unknown", "info": "997-Not Applicable", "simplified": "Residential", "damage_gra": "Damaged", "det_method": "Photo-interpretation", "notation": "Building point", "or_src_id": 978, "dmg_src_id": 2, "cd_value": "Not Applicable", "aoi": "Istmina", "layer": "builtUpP", "municipio": "Istmina"}, "geometry": {"type": "Point", "coordinates": [-76.69005, 5.16366]}}, {"type": "Feature", "properties": {"obj_type": "11-Residential Buildings", "name": "Unknown", "info": "997-Not Applicable", "simplified": "Residential", "damage_gra": "Damaged", "det_method": "Photo-interpretation", "notation": "Building point", "or_src_id": 978, "dmg_src_id": 2, "cd_value": "Not Applicable", "aoi": "Istmina", "layer": "builtUpP", "municipio": "Istmina"}, "geometry": {"type": "Point", "coordinates": [-76.68759, 5.16405]}}, {"type": "Feature", "properties": {"obj_type": "11-Residential Buildings", "name": "Unknown", "info": "997-Not Applicable", "simplified": "Residential", "damage_gra": "Damaged", "det_method": "Photo-interpretation", "notation": "Building point", "or_src_id": 1, "dmg_src_id": 4, "cd_value": "Not Applicable", "aoi": "Buenaventura", "layer": "builtUpP", "municipio": "Buenaventura"}, "geometry": {"type": "Point", "coordinates": [-77.01321, 3.86499]}}, {"type": "Feature", "properties": {"obj_type": "11-Residential Buildings", "name": "Unknown", "info": "997-Not Applicable", "simplified": "Residential", "damage_gra": "Damaged", "det_method": "Photo-interpretation", "notation": "Building point", "or_src_id": 1, "dmg_src_id": 4, "cd_value": "Not Applicable", "aoi": "Buenaventura", "layer": "builtUpP", "municipio": "Buenaventura"}, "geometry": {"type": "Point", "coordinates": [-77.01394, 3.86523]}}, {"type": "Feature", "properties": {"obj_type": "11-Residential Buildings", "name": "Unknown", "info": "997-Not Applicable", "simplified": "Residential", "damage_gra": "Damaged", "det_method": "Photo-interpretation", "notation": "Building point", "or_src_id": 1, "dmg_src_id": 4, "cd_value": "Not Applicable", "aoi": "Buenaventura", "layer": "builtUpP", "municipio": "Buenaventura"}, "geometry": {"type": "Point", "coordinates": [-77.01304, 3.86649]}}, {"type": "Feature", "properties": {"obj_type": "11-Residential Buildings", "name": "Unknown", "info": "997-Not Applicable", "simplified": "Residential", "damage_gra": "Damaged", "det_method": "Photo-interpretation", "notation": "Building point", "or_src_id": 1, "dmg_src_id": 4, "cd_value": "Not Applicable", "aoi": "Buenaventura", "layer": "builtUpP", "municipio": "Buenaventura"}, "geometry": {"type": "Point", "coordinates": [-77.01388, 3.86687]}}, {"type": "Feature", "properties": {"obj_type": "11-Residential Buildings", "name": "Unknown", "info": "997-Not Applicable", "simplified": "Residential", "damage_gra": "Damaged", "det_method": "Photo-interpretation", "notation": "Building point", "or_src_id": 1, "dmg_src_id": 4, "cd_value": "Not Applicable", "aoi": "Buenaventura", "layer": "builtUpP", "municipio": "Buenaventura"}, "geometry": {"type": "Point", "coordinates": [-77.01324, 3.86704]}}, {"type": "Feature", "properties": {"obj_type": "11-Residential Buildings", "name": "Unknown", "info": "997-Not Applicable", "simplified": "Residential", "damage_gra": "Damaged", "det_method": "Photo-interpretation", "notation": "Building point", "or_src_id": 1, "dmg_src_id": 4, "cd_value": "Not Applicable", "aoi": "Buenaventura", "layer": "builtUpP", "municipio": "Buenaventura"}, "geometry": {"type": "Point", "coordinates": [-77.01478, 3.8685]}}, {"type": "Feature", "properties": {"obj_type": "11-Residential Buildings", "name": "Unknown", "info": "997-Not Applicable", "simplified": "Residential", "damage_gra": "Damaged", "det_method": "Photo-interpretation", "notation": "Building point", "or_src_id": 1, "dmg_src_id": 4, "cd_value": "Not Applicable", "aoi": "Buenaventura", "layer": "builtUpP", "municipio": "Buenaventura"}, "geometry": {"type": "Point", "coordinates": [-77.0114, 3.86899]}}, {"type": "Feature", "properties": {"obj_type": "11-Residential Buildings", "name": "Unknown", "info": "997-Not Applicable", "simplified": "Residential", "damage_gra": "Damaged", "det_method": "Photo-interpretation", "notation": "Building point", "or_src_id": 1, "dmg_src_id": 4, "cd_value": "Not Applicable", "aoi": "Buenaventura", "layer": "builtUpP", "municipio": "Buenaventura"}, "geometry": {"type": "Point", "coordinates": [-77.01221, 3.86956]}}, {"type": "Feature", "properties": {"obj_type": "11-Residential Buildings", "name": "Unknown", "info": "997-Not Applicable", "simplified": "Residential", "damage_gra": "Destroyed", "det_method": "Photo-interpretation", "notation": "Building point", "or_src_id": 1, "dmg_src_id": 4, "cd_value": "Not Applicable", "aoi": "Buenaventura", "layer": "builtUpP", "municipio": "Buenaventura"}, "geometry": {"type": "Point", "coordinates": [-77.01174, 3.87004]}}, {"type": "Feature", "properties": {"obj_type": "11-Residential Buildings", "name": "Unknown", "info": "997-Not Applicable", "simplified": "Residential", "damage_gra": "Damaged", "det_method": "Photo-interpretation", "notation": "Building point", "or_src_id": 1, "dmg_src_id": 4, "cd_value": "Not Applicable", "aoi": "Buenaventura", "layer": "builtUpP", "municipio": "Buenaventura"}, "geometry": {"type": "Point", "coordinates": [-77.02389, 3.87263]}}, {"type": "Feature", "properties": {"obj_type": "11-Residential Buildings", "name": "Unknown", "info": "997-Not Applicable", "simplified": "Residential", "damage_gra": "Destroyed", "det_method": "Photo-interpretation", "notation": "Building point", "or_src_id": 1, "dmg_src_id": 4, "cd_value": "Not Applicable", "aoi": "Buenaventura", "layer": "builtUpP", "municipio": "Buenaventura"}, "geometry": {"type": "Point", "coordinates": [-77.01122, 3.86753]}}, {"type": "Feature", "properties": {"obj_type": "11-Residential Buildings", "name": "Unknown", "info": "997-Not Applicable", "simplified": "Residential", "damage_gra": "Damaged", "det_method": "Photo-interpretation", "notation": "Building point", "or_src_id": 1, "dmg_src_id": 4, "cd_value": "Not Applicable", "aoi": "Buenaventura", "layer": "builtUpP", "municipio": "Buenaventura"}, "geometry": {"type": "Point", "coordinates": [-77.01102, 3.86841]}}, {"type": "Feature", "properties": {"obj_type": "11-Residential Buildings", "name": "Unknown", "info": "997-Not Applicable", "simplified": "Residential", "damage_gra": "Damaged", "det_method": "Photo-interpretation", "notation": "Building point", "or_src_id": 1, "dmg_src_id": 4, "cd_value": "Not Applicable", "aoi": "Buenaventura", "layer": "builtUpP", "municipio": "Buenaventura"}, "geometry": {"type": "Point", "coordinates": [-77.00568, 3.87011]}}, {"type": "Feature", "properties": {"obj_type": "11-Residential Buildings", "name": "Unknown", "info": "997-Not Applicable", "simplified": "Residential", "damage_gra": "Damaged", "det_method": "Photo-interpretation", "notation": "Building point", "or_src_id": 1, "dmg_src_id": 4, "cd_value": "Not Applicable", "aoi": "Buenaventura", "layer": "builtUpP", "municipio": "Buenaventura"}, "geometry": {"type": "Point", "coordinates": [-77.01029, 3.87019]}}, {"type": "Feature", "properties": {"obj_type": "11-Residential Buildings", "name": "Unknown", "info": "997-Not Applicable", "simplified": "Residential", "damage_gra": "Destroyed", "det_method": "Photo-interpretation", "notation": "Building point", "or_src_id": 1, "dmg_src_id": 4, "cd_value": "Not Applicable", "aoi": "Buenaventura", "layer": "builtUpP", "municipio": "Buenaventura"}, "geometry": {"type": "Point", "coordinates": [-77.01085, 3.87024]}}, {"type": "Feature", "properties": {"obj_type": "11-Residential Buildings", "name": "Unknown", "info": "997-Not Applicable", "simplified": "Residential", "damage_gra": "Destroyed", "det_method": "Photo-interpretation", "notation": "Building point", "or_src_id": 1, "dmg_src_id": 4, "cd_value": "Not Applicable", "aoi": "Buenaventura", "layer": "builtUpP", "municipio": "Buenaventura"}, "geometry": {"type": "Point", "coordinates": [-77.01071, 3.87035]}}, {"type": "Feature", "properties": {"obj_type": "11-Residential Buildings", "name": "Unknown", "info": "997-Not Applicable", "simplified": "Residential", "damage_gra": "Destroyed", "det_method": "Photo-interpretation", "notation": "Building point", "or_src_id": 1, "dmg_src_id": 4, "cd_value": "Not Applicable", "aoi": "Buenaventura", "layer": "builtUpP", "municipio": "Buenaventura"}, "geometry": {"type": "Point", "coordinates": [-77.00899, 3.87035]}}, {"type": "Feature", "properties": {"obj_type": "11-Residential Buildings", "name": "Unknown", "info": "997-Not Applicable", "simplified": "Residential", "damage_gra": "Destroyed", "det_method": "Photo-interpretation", "notation": "Building point", "or_src_id": 1, "dmg_src_id": 4, "cd_value": "Not Applicable", "aoi": "Buenaventura", "layer": "builtUpP", "municipio": "Buenaventura"}, "geometry": {"type": "Point", "coordinates": [-77.0104, 3.87055]}}, {"type": "Feature", "properties": {"obj_type": "11-Residential Buildings", "name": "Unknown", "info": "997-Not Applicable", "simplified": "Residential", "damage_gra": "Damaged", "det_method": "Photo-interpretation", "notation": "Building point", "or_src_id": 1, "dmg_src_id": 4, "cd_value": "Not Applicable", "aoi": "Buenaventura", "layer": "builtUpP", "municipio": "Buenaventura"}, "geometry": {"type": "Point", "coordinates": [-77.00953, 3.87072]}}, {"type": "Feature", "properties": {"obj_type": "11-Residential Buildings", "name": "Unknown", "info": "997-Not Applicable", "simplified": "Residential", "damage_gra": "Damaged", "det_method": "Photo-interpretation", "notation": "Building point", "or_src_id": 1, "dmg_src_id": 4, "cd_value": "Not Applicable", "aoi": "Buenaventura", "layer": "builtUpP", "municipio": "Buenaventura"}, "geometry": {"type": "Point", "coordinates": [-76.99835, 3.87096]}}, {"type": "Feature", "properties": {"obj_type": "11-Residential Buildings", "name": "Unknown", "info": "997-Not Applicable", "simplified": "Residential", "damage_gra": "Possibly damaged", "det_method": "Photo-interpretation", "notation": "Building point", "or_src_id": 1, "dmg_src_id": 4, "cd_value": "Not Applicable", "aoi": "Buenaventura", "layer": "builtUpP", "municipio": "Buenaventura"}, "geometry": {"type": "Point", "coordinates": [-76.99767, 3.87105]}}, {"type": "Feature", "properties": {"obj_type": "11-Residential Buildings", "name": "Unknown", "info": "997-Not Applicable", "simplified": "Residential", "damage_gra": "Damaged", "det_method": "Photo-interpretation", "notation": "Building point", "or_src_id": 1, "dmg_src_id": 4, "cd_value": "Not Applicable", "aoi": "Buenaventura", "layer": "builtUpP", "municipio": "Buenaventura"}, "geometry": {"type": "Point", "coordinates": [-77.01012, 3.87116]}}, {"type": "Feature", "properties": {"obj_type": "11-Residential Buildings", "name": "Unknown", "info": "997-Not Applicable", "simplified": "Residential", "damage_gra": "Damaged", "det_method": "Photo-interpretation", "notation": "Building point", "or_src_id": 1, "dmg_src_id": 4, "cd_value": "Not Applicable", "aoi": "Buenaventura", "layer": "builtUpP", "municipio": "Buenaventura"}, "geometry": {"type": "Point", "coordinates": [-76.99824, 3.8712]}}, {"type": "Feature", "properties": {"obj_type": "11-Residential Buildings", "name": "Unknown", "info": "997-Not Applicable", "simplified": "Residential", "damage_gra": "Damaged", "det_method": "Photo-interpretation", "notation": "Building point", "or_src_id": 1, "dmg_src_id": 4, "cd_value": "Not Applicable", "aoi": "Buenaventura", "layer": "builtUpP", "municipio": "Buenaventura"}, "geometry": {"type": "Point", "coordinates": [-76.99822, 3.87134]}}, {"type": "Feature", "properties": {"obj_type": "11-Residential Buildings", "name": "Unknown", "info": "997-Not Applicable", "simplified": "Residential", "damage_gra": "Damaged", "det_method": "Photo-interpretation", "notation": "Building point", "or_src_id": 1, "dmg_src_id": 4, "cd_value": "Not Applicable", "aoi": "Buenaventura", "layer": "builtUpP", "municipio": "Buenaventura"}, "geometry": {"type": "Point", "coordinates": [-77.00908, 3.87171]}}, {"type": "Feature", "properties": {"obj_type": "11-Residential Buildings", "name": "Unknown", "info": "997-Not Applicable", "simplified": "Residential", "damage_gra": "Damaged", "det_method": "Photo-interpretation", "notation": "Building point", "or_src_id": 1, "dmg_src_id": 4, "cd_value": "Not Applicable", "aoi": "Buenaventura", "layer": "builtUpP", "municipio": "Buenaventura"}, "geometry": {"type": "Point", "coordinates": [-76.99826, 3.8718]}}, {"type": "Feature", "properties": {"obj_type": "11-Residential Buildings", "name": "Unknown", "info": "997-Not Applicable", "simplified": "Residential", "damage_gra": "Damaged", "det_method": "Photo-interpretation", "notation": "Building point", "or_src_id": 1, "dmg_src_id": 4, "cd_value": "Not Applicable", "aoi": "Buenaventura", "layer": "builtUpP", "municipio": "Buenaventura"}, "geometry": {"type": "Point", "coordinates": [-77.00983, 3.87237]}}, {"type": "Feature", "properties": {"obj_type": "11-Residential Buildings", "name": "Unknown", "info": "997-Not Applicable", "simplified": "Residential", "damage_gra": "Damaged", "det_method": "Photo-interpretation", "notation": "Building point", "or_src_id": 1, "dmg_src_id": 4, "cd_value": "Not Applicable", "aoi": "Buenaventura", "layer": "builtUpP", "municipio": "Buenaventura"}, "geometry": {"type": "Point", "coordinates": [-77.00988, 3.87258]}}, {"type": "Feature", "properties": {"obj_type": "11-Residential Buildings", "name": "Unknown", "info": "997-Not Applicable", "simplified": "Residential", "damage_gra": "Damaged", "det_method": "Photo-interpretation", "notation": "Building point", "or_src_id": 1, "dmg_src_id": 4, "cd_value": "Not Applicable", "aoi": "Buenaventura", "layer": "builtUpP", "municipio": "Buenaventura"}, "geometry": {"type": "Point", "coordinates": [-77.00945, 3.87266]}}, {"type": "Feature", "properties": {"obj_type": "11-Residential Buildings", "name": "Unknown", "info": "997-Not Applicable", "simplified": "Residential", "damage_gra": "Destroyed", "det_method": "Photo-interpretation", "notation": "Building point", "or_src_id": 1, "dmg_src_id": 4, "cd_value": "Not Applicable", "aoi": "Buenaventura", "layer": "builtUpP", "municipio": "Buenaventura"}, "geometry": {"type": "Point", "coordinates": [-77.00995, 3.87272]}}, {"type": "Feature", "properties": {"obj_type": "11-Residential Buildings", "name": "Unknown", "info": "997-Not Applicable", "simplified": "Residential", "damage_gra": "Possibly damaged", "det_method": "Photo-interpretation", "notation": "Building point", "or_src_id": 1, "dmg_src_id": 4, "cd_value": "Not Applicable", "aoi": "Buenaventura", "layer": "builtUpP", "municipio": "Buenaventura"}, "geometry": {"type": "Point", "coordinates": [-77.02355, 3.87272]}}, {"type": "Feature", "properties": {"obj_type": "11-Residential Buildings", "name": "Unknown", "info": "997-Not Applicable", "simplified": "Residential", "damage_gra": "Damaged", "det_method": "Photo-interpretation", "notation": "Building point", "or_src_id": 1, "dmg_src_id": 4, "cd_value": "Not Applicable", "aoi": "Buenaventura", "layer": "builtUpP", "municipio": "Buenaventura"}, "geometry": {"type": "Point", "coordinates": [-77.02378, 3.8729]}}, {"type": "Feature", "properties": {"obj_type": "11-Residential Buildings", "name": "Unknown", "info": "997-Not Applicable", "simplified": "Residential", "damage_gra": "Damaged", "det_method": "Photo-interpretation", "notation": "Building point", "or_src_id": 1, "dmg_src_id": 4, "cd_value": "Not Applicable", "aoi": "Buenaventura", "layer": "builtUpP", "municipio": "Buenaventura"}, "geometry": {"type": "Point", "coordinates": [-77.02411, 3.87307]}}, {"type": "Feature", "properties": {"obj_type": "11-Residential Buildings", "name": "Unknown", "info": "997-Not Applicable", "simplified": "Residential", "damage_gra": "Possibly damaged", "det_method": "Photo-interpretation", "notation": "Building point", "or_src_id": 1, "dmg_src_id": 4, "cd_value": "Not Applicable", "aoi": "Buenaventura", "layer": "builtUpP", "municipio": "Buenaventura"}, "geometry": {"type": "Point", "coordinates": [-77.02441, 3.87312]}}, {"type": "Feature", "properties": {"obj_type": "11-Residential Buildings", "name": "Unknown", "info": "997-Not Applicable", "simplified": "Residential", "damage_gra": "Damaged", "det_method": "Photo-interpretation", "notation": "Building point", "or_src_id": 1, "dmg_src_id": 4, "cd_value": "Not Applicable", "aoi": "Buenaventura", "layer": "builtUpP", "municipio": "Buenaventura"}, "geometry": {"type": "Point", "coordinates": [-77.02391, 3.87318]}}, {"type": "Feature", "properties": {"obj_type": "11-Residential Buildings", "name": "Unknown", "info": "997-Not Applicable", "simplified": "Residential", "damage_gra": "Destroyed", "det_method": "Photo-interpretation", "notation": "Building point", "or_src_id": 1, "dmg_src_id": 4, "cd_value": "Not Applicable", "aoi": "Buenaventura", "layer": "builtUpP", "municipio": "Buenaventura"}, "geometry": {"type": "Point", "coordinates": [-77.02373, 3.87328]}}, {"type": "Feature", "properties": {"obj_type": "11-Residential Buildings", "name": "Unknown", "info": "997-Not Applicable", "simplified": "Residential", "damage_gra": "Damaged", "det_method": "Photo-interpretation", "notation": "Building point", "or_src_id": 1, "dmg_src_id": 4, "cd_value": "Not Applicable", "aoi": "Buenaventura", "layer": "builtUpP", "municipio": "Buenaventura"}, "geometry": {"type": "Point", "coordinates": [-77.02415, 3.87328]}}, {"type": "Feature", "properties": {"obj_type": "11-Residential Buildings", "name": "Unknown", "info": "997-Not Applicable", "simplified": "Residential", "damage_gra": "Damaged", "det_method": "Photo-interpretation", "notation": "Building point", "or_src_id": 1, "dmg_src_id": 4, "cd_value": "Not Applicable", "aoi": "Buenaventura", "layer": "builtUpP", "municipio": "Buenaventura"}, "geometry": {"type": "Point", "coordinates": [-77.02407, 3.8733]}}, {"type": "Feature", "properties": {"obj_type": "11-Residential Buildings", "name": "Unknown", "info": "997-Not Applicable", "simplified": "Residential", "damage_gra": "Damaged", "det_method": "Photo-interpretation", "notation": "Building point", "or_src_id": 1, "dmg_src_id": 4, "cd_value": "Not Applicable", "aoi": "Buenaventura", "layer": "builtUpP", "municipio": "Buenaventura"}, "geometry": {"type": "Point", "coordinates": [-77.02538, 3.87335]}}, {"type": "Feature", "properties": {"obj_type": "11-Residential Buildings", "name": "Unknown", "info": "997-Not Applicable", "simplified": "Residential", "damage_gra": "Damaged", "det_method": "Photo-interpretation", "notation": "Building point", "or_src_id": 1, "dmg_src_id": 4, "cd_value": "Not Applicable", "aoi": "Buenaventura", "layer": "builtUpP", "municipio": "Buenaventura"}, "geometry": {"type": "Point", "coordinates": [-77.02381, 3.8735]}}, {"type": "Feature", "properties": {"obj_type": "11-Residential Buildings", "name": "Unknown", "info": "997-Not Applicable", "simplified": "Residential", "damage_gra": "Destroyed", "det_method": "Photo-interpretation", "notation": "Building point", "or_src_id": 1, "dmg_src_id": 4, "cd_value": "Not Applicable", "aoi": "Buenaventura", "layer": "builtUpP", "municipio": "Buenaventura"}, "geometry": {"type": "Point", "coordinates": [-76.99327, 3.87279]}}, {"type": "Feature", "properties": {"obj_type": "11-Residential Buildings", "name": "Unknown", "info": "997-Not Applicable", "simplified": "Residential", "damage_gra": "Destroyed", "det_method": "Photo-interpretation", "notation": "Building point", "or_src_id": 1, "dmg_src_id": 4, "cd_value": "Not Applicable", "aoi": "Buenaventura", "layer": "builtUpP", "municipio": "Buenaventura"}, "geometry": {"type": "Point", "coordinates": [-76.99419, 3.87339]}}, {"type": "Feature", "properties": {"obj_type": "11-Residential Buildings", "name": "Unknown", "info": "997-Not Applicable", "simplified": "Residential", "damage_gra": "Damaged", "det_method": "Photo-interpretation", "notation": "Building point", "or_src_id": 1, "dmg_src_id": 4, "cd_value": "Not Applicable", "aoi": "Buenaventura", "layer": "builtUpP", "municipio": "Buenaventura"}, "geometry": {"type": "Point", "coordinates": [-77.00938, 3.87339]}}, {"type": "Feature", "properties": {"obj_type": "11-Residential Buildings", "name": "Unknown", "info": "997-Not Applicable", "simplified": "Residential", "damage_gra": "Damaged", "det_method": "Photo-interpretation", "notation": "Building point", "or_src_id": 1, "dmg_src_id": 4, "cd_value": "Not Applicable", "aoi": "Buenaventura", "layer": "builtUpP", "municipio": "Buenaventura"}, "geometry": {"type": "Point", "coordinates": [-77.00968, 3.87341]}}, {"type": "Feature", "properties": {"obj_type": "11-Residential Buildings", "name": "Unknown", "info": "997-Not Applicable", "simplified": "Residential", "damage_gra": "Damaged", "det_method": "Photo-interpretation", "notation": "Building point", "or_src_id": 1, "dmg_src_id": 4, "cd_value": "Not Applicable", "aoi": "Buenaventura", "layer": "builtUpP", "municipio": "Buenaventura"}, "geometry": {"type": "Point", "coordinates": [-77.00969, 3.87346]}}, {"type": "Feature", "properties": {"obj_type": "11-Residential Buildings", "name": "Unknown", "info": "997-Not Applicable", "simplified": "Residential", "damage_gra": "Damaged", "det_method": "Photo-interpretation", "notation": "Building point", "or_src_id": 1, "dmg_src_id": 4, "cd_value": "Not Applicable", "aoi": "Buenaventura", "layer": "builtUpP", "municipio": "Buenaventura"}, "geometry": {"type": "Point", "coordinates": [-76.99364, 3.87371]}}, {"type": "Feature", "properties": {"obj_type": "11-Residential Buildings", "name": "Unknown", "info": "997-Not Applicable", "simplified": "Residential", "damage_gra": "Destroyed", "det_method": "Photo-interpretation", "notation": "Building point", "or_src_id": 1, "dmg_src_id": 4, "cd_value": "Not Applicable", "aoi": "Buenaventura", "layer": "builtUpP", "municipio": "Buenaventura"}, "geometry": {"type": "Point", "coordinates": [-77.00921, 3.87391]}}, {"type": "Feature", "properties": {"obj_type": "11-Residential Buildings", "name": "Unknown", "info": "997-Not Applicable", "simplified": "Residential", "damage_gra": "Damaged", "det_method": "Photo-interpretation", "notation": "Building point", "or_src_id": 1, "dmg_src_id": 4, "cd_value": "Not Applicable", "aoi": "Buenaventura", "layer": "builtUpP", "municipio": "Buenaventura"}, "geometry": {"type": "Point", "coordinates": [-77.00928, 3.87395]}}, {"type": "Feature", "properties": {"obj_type": "11-Residential Buildings", "name": "Unknown", "info": "997-Not Applicable", "simplified": "Residential", "damage_gra": "Destroyed", "det_method": "Photo-interpretation", "notation": "Building point", "or_src_id": 1, "dmg_src_id": 4, "cd_value": "Not Applicable", "aoi": "Buenaventura", "layer": "builtUpP", "municipio": "Buenaventura"}, "geometry": {"type": "Point", "coordinates": [-77.00967, 3.87399]}}, {"type": "Feature", "properties": {"obj_type": "11-Residential Buildings", "name": "Unknown", "info": "997-Not Applicable", "simplified": "Residential", "damage_gra": "Destroyed", "det_method": "Photo-interpretation", "notation": "Building point", "or_src_id": 1, "dmg_src_id": 4, "cd_value": "Not Applicable", "aoi": "Buenaventura", "layer": "builtUpP", "municipio": "Buenaventura"}, "geometry": {"type": "Point", "coordinates": [-77.0096, 3.87408]}}, {"type": "Feature", "properties": {"obj_type": "11-Residential Buildings", "name": "Unknown", "info": "997-Not Applicable", "simplified": "Residential", "damage_gra": "Destroyed", "det_method": "Photo-interpretation", "notation": "Building point", "or_src_id": 1, "dmg_src_id": 4, "cd_value": "Not Applicable", "aoi": "Buenaventura", "layer": "builtUpP", "municipio": "Buenaventura"}, "geometry": {"type": "Point", "coordinates": [-77.02424, 3.87382]}}, {"type": "Feature", "properties": {"obj_type": "11-Residential Buildings", "name": "Unknown", "info": "997-Not Applicable", "simplified": "Residential", "damage_gra": "Damaged", "det_method": "Photo-interpretation", "notation": "Building point", "or_src_id": 1, "dmg_src_id": 4, "cd_value": "Not Applicable", "aoi": "Buenaventura", "layer": "builtUpP", "municipio": "Buenaventura"}, "geometry": {"type": "Point", "coordinates": [-77.02344, 3.87413]}}, {"type": "Feature", "properties": {"obj_type": "11-Residential Buildings", "name": "Unknown", "info": "997-Not Applicable", "simplified": "Residential", "damage_gra": "Damaged", "det_method": "Photo-interpretation", "notation": "Building point", "or_src_id": 1, "dmg_src_id": 4, "cd_value": "Not Applicable", "aoi": "Buenaventura", "layer": "builtUpP", "municipio": "Buenaventura"}, "geometry": {"type": "Point", "coordinates": [-77.02513, 3.87469]}}, {"type": "Feature", "properties": {"obj_type": "11-Residential Buildings", "name": "Unknown", "info": "997-Not Applicable", "simplified": "Residential", "damage_gra": "Damaged", "det_method": "Photo-interpretation", "notation": "Building point", "or_src_id": 1, "dmg_src_id": 3, "cd_value": "Not Applicable", "aoi": "Buenaventura", "layer": "builtUpP", "municipio": "Buenaventura"}, "geometry": {"type": "Point", "coordinates": [-77.03522, 3.87493]}}, {"type": "Feature", "properties": {"obj_type": "11-Residential Buildings", "name": "Unknown", "info": "997-Not Applicable", "simplified": "Residential", "damage_gra": "Possibly damaged", "det_method": "Photo-interpretation", "notation": "Building point", "or_src_id": 1, "dmg_src_id": 3, "cd_value": "Not Applicable", "aoi": "Buenaventura", "layer": "builtUpP", "municipio": "Buenaventura"}, "geometry": {"type": "Point", "coordinates": [-77.03469, 3.87495]}}, {"type": "Feature", "properties": {"obj_type": "11-Residential Buildings", "name": "Unknown", "info": "997-Not Applicable", "simplified": "Residential", "damage_gra": "Damaged", "det_method": "Photo-interpretation", "notation": "Building point", "or_src_id": 1, "dmg_src_id": 3, "cd_value": "Not Applicable", "aoi": "Buenaventura", "layer": "builtUpP", "municipio": "Buenaventura"}, "geometry": {"type": "Point", "coordinates": [-77.03522, 3.87498]}}, {"type": "Feature", "properties": {"obj_type": "11-Residential Buildings", "name": "Unknown", "info": "997-Not Applicable", "simplified": "Residential", "damage_gra": "Destroyed", "det_method": "Photo-interpretation", "notation": "Building point", "or_src_id": 1, "dmg_src_id": 3, "cd_value": "Not Applicable", "aoi": "Buenaventura", "layer": "builtUpP", "municipio": "Buenaventura"}, "geometry": {"type": "Point", "coordinates": [-77.03527, 3.8756]}}, {"type": "Feature", "properties": {"obj_type": "11-Residential Buildings", "name": "Unknown", "info": "997-Not Applicable", "simplified": "Residential", "damage_gra": "Destroyed", "det_method": "Photo-interpretation", "notation": "Building point", "or_src_id": 1, "dmg_src_id": 3, "cd_value": "Not Applicable", "aoi": "Buenaventura", "layer": "builtUpP", "municipio": "Buenaventura"}, "geometry": {"type": "Point", "coordinates": [-77.03527, 3.87572]}}, {"type": "Feature", "properties": {"obj_type": "11-Residential Buildings", "name": "Unknown", "info": "997-Not Applicable", "simplified": "Residential", "damage_gra": "Destroyed", "det_method": "Photo-interpretation", "notation": "Building point", "or_src_id": 1, "dmg_src_id": 3, "cd_value": "Not Applicable", "aoi": "Buenaventura", "layer": "builtUpP", "municipio": "Buenaventura"}, "geometry": {"type": "Point", "coordinates": [-77.03524, 3.87625]}}, {"type": "Feature", "properties": {"obj_type": "11-Residential Buildings", "name": "Unknown", "info": "997-Not Applicable", "simplified": "Residential", "damage_gra": "Damaged", "det_method": "Photo-interpretation", "notation": "Building point", "or_src_id": 1, "dmg_src_id": 3, "cd_value": "Not Applicable", "aoi": "Buenaventura", "layer": "builtUpP", "municipio": "Buenaventura"}, "geometry": {"type": "Point", "coordinates": [-77.03524, 3.87637]}}, {"type": "Feature", "properties": {"obj_type": "11-Residential Buildings", "name": "Unknown", "info": "997-Not Applicable", "simplified": "Residential", "damage_gra": "Destroyed", "det_method": "Photo-interpretation", "notation": "Building point", "or_src_id": 1, "dmg_src_id": 4, "cd_value": "Not Applicable", "aoi": "Buenaventura", "layer": "builtUpP", "municipio": "Buenaventura"}, "geometry": {"type": "Point", "coordinates": [-77.00975, 3.87409]}}, {"type": "Feature", "properties": {"obj_type": "11-Residential Buildings", "name": "Unknown", "info": "997-Not Applicable", "simplified": "Residential", "damage_gra": "Destroyed", "det_method": "Photo-interpretation", "notation": "Building point", "or_src_id": 1, "dmg_src_id": 4, "cd_value": "Not Applicable", "aoi": "Buenaventura", "layer": "builtUpP", "municipio": "Buenaventura"}, "geometry": {"type": "Point", "coordinates": [-77.00984, 3.87415]}}, {"type": "Feature", "properties": {"obj_type": "11-Residential Buildings", "name": "Unknown", "info": "997-Not Applicable", "simplified": "Residential", "damage_gra": "Damaged", "det_method": "Photo-interpretation", "notation": "Building point", "or_src_id": 1, "dmg_src_id": 4, "cd_value": "Not Applicable", "aoi": "Buenaventura", "layer": "builtUpP", "municipio": "Buenaventura"}, "geometry": {"type": "Point", "coordinates": [-77.00934, 3.87415]}}, {"type": "Feature", "properties": {"obj_type": "11-Residential Buildings", "name": "Unknown", "info": "997-Not Applicable", "simplified": "Residential", "damage_gra": "Destroyed", "det_method": "Photo-interpretation", "notation": "Building point", "or_src_id": 1, "dmg_src_id": 4, "cd_value": "Not Applicable", "aoi": "Buenaventura", "layer": "builtUpP", "municipio": "Buenaventura"}, "geometry": {"type": "Point", "coordinates": [-77.00987, 3.87418]}}, {"type": "Feature", "properties": {"obj_type": "11-Residential Buildings", "name": "Unknown", "info": "997-Not Applicable", "simplified": "Residential", "damage_gra": "Damaged", "det_method": "Photo-interpretation", "notation": "Building point", "or_src_id": 1, "dmg_src_id": 4, "cd_value": "Not Applicable", "aoi": "Buenaventura", "layer": "builtUpP", "municipio": "Buenaventura"}, "geometry": {"type": "Point", "coordinates": [-77.00975, 3.8743]}}, {"type": "Feature", "properties": {"obj_type": "12-Non-residential Buildings", "name": "Unknown", "info": "127-Other non-residential buildings", "simplified": "Non residential", "damage_gra": "Destroyed", "det_method": "Photo-interpretation", "notation": "Building point", "or_src_id": 1, "dmg_src_id": 4, "cd_value": "Not Applicable", "aoi": "Buenaventura", "layer": "builtUpP", "municipio": "Buenaventura"}, "geometry": {"type": "Point", "coordinates": [-77.00822, 3.88004]}}, {"type": "Feature", "properties": {"obj_type": "11-Residential Buildings", "name": "Unknown", "info": "997-Not Applicable", "simplified": "Residential", "damage_gra": "Damaged", "det_method": "Photo-interpretation", "notation": "Building point", "or_src_id": 1, "dmg_src_id": 4, "cd_value": "Not Applicable", "aoi": "Buenaventura", "layer": "builtUpP", "municipio": "Buenaventura"}, "geometry": {"type": "Point", "coordinates": [-77.00735, 3.8801]}}, {"type": "Feature", "properties": {"obj_type": "11-Residential Buildings", "name": "Unknown", "info": "997-Not Applicable", "simplified": "Residential", "damage_gra": "Possibly damaged", "det_method": "Photo-interpretation", "notation": "Building point", "or_src_id": 1, "dmg_src_id": 4, "cd_value": "Not Applicable", "aoi": "Buenaventura", "layer": "builtUpP", "municipio": "Buenaventura"}, "geometry": {"type": "Point", "coordinates": [-77.00694, 3.88061]}}, {"type": "Feature", "properties": {"obj_type": "11-Residential Buildings", "name": "Unknown", "info": "997-Not Applicable", "simplified": "Residential", "damage_gra": "Damaged", "det_method": "Photo-interpretation", "notation": "Building point", "or_src_id": 1, "dmg_src_id": 4, "cd_value": "Not Applicable", "aoi": "Buenaventura", "layer": "builtUpP", "municipio": "Buenaventura"}, "geometry": {"type": "Point", "coordinates": [-77.00972, 3.88109]}}, {"type": "Feature", "properties": {"obj_type": "11-Residential Buildings", "name": "Unknown", "info": "997-Not Applicable", "simplified": "Residential", "damage_gra": "Possibly damaged", "det_method": "Photo-interpretation", "notation": "Building point", "or_src_id": 1, "dmg_src_id": 4, "cd_value": "Not Applicable", "aoi": "Buenaventura", "layer": "builtUpP", "municipio": "Buenaventura"}, "geometry": {"type": "Point", "coordinates": [-77.00598, 3.88249]}}, {"type": "Feature", "properties": {"obj_type": "11-Residential Buildings", "name": "Unknown", "info": "997-Not Applicable", "simplified": "Residential", "damage_gra": "Damaged", "det_method": "Photo-interpretation", "notation": "Building point", "or_src_id": 1, "dmg_src_id": 3, "cd_value": "Not Applicable", "aoi": "Buenaventura", "layer": "builtUpP", "municipio": "Buenaventura"}, "geometry": {"type": "Point", "coordinates": [-77.03582, 3.87552]}}, {"type": "Feature", "properties": {"obj_type": "11-Residential Buildings", "name": "Unknown", "info": "997-Not Applicable", "simplified": "Residential", "damage_gra": "Destroyed", "det_method": "Photo-interpretation", "notation": "Building point", "or_src_id": 1, "dmg_src_id": 3, "cd_value": "Not Applicable", "aoi": "Buenaventura", "layer": "builtUpP", "municipio": "Buenaventura"}, "geometry": {"type": "Point", "coordinates": [-77.03528, 3.87555]}}, {"type": "Feature", "properties": {"obj_type": "11-Residential Buildings", "name": "Unknown", "info": "997-Not Applicable", "simplified": "Residential", "damage_gra": "Destroyed", "det_method": "Photo-interpretation", "notation": "Building point", "or_src_id": 1, "dmg_src_id": 3, "cd_value": "Not Applicable", "aoi": "Buenaventura", "layer": "builtUpP", "municipio": "Buenaventura"}, "geometry": {"type": "Point", "coordinates": [-77.03824, 3.87745]}}, {"type": "Feature", "properties": {"obj_type": "11-Residential Buildings", "name": "Unknown", "info": "997-Not Applicable", "simplified": "Residential", "damage_gra": "Damaged", "det_method": "Photo-interpretation", "notation": "Building point", "or_src_id": 1, "dmg_src_id": 3, "cd_value": "Not Applicable", "aoi": "Buenaventura", "layer": "builtUpP", "municipio": "Buenaventura"}, "geometry": {"type": "Point", "coordinates": [-77.03729, 3.87909]}}, {"type": "Feature", "properties": {"obj_type": "11-Residential Buildings", "name": "Unknown", "info": "997-Not Applicable", "simplified": "Residential", "damage_gra": "Damaged", "det_method": "Photo-interpretation", "notation": "Building point", "or_src_id": 1, "dmg_src_id": 3, "cd_value": "Not Applicable", "aoi": "Buenaventura", "layer": "builtUpP", "municipio": "Buenaventura"}, "geometry": {"type": "Point", "coordinates": [-77.03932, 3.87978]}}, {"type": "Feature", "properties": {"obj_type": "11-Residential Buildings", "name": "Unknown", "info": "997-Not Applicable", "simplified": "Residential", "damage_gra": "Destroyed", "det_method": "Photo-interpretation", "notation": "Building point", "or_src_id": 1, "dmg_src_id": 3, "cd_value": "Not Applicable", "aoi": "Buenaventura", "layer": "builtUpP", "municipio": "Buenaventura"}, "geometry": {"type": "Point", "coordinates": [-77.03932, 3.87978]}}, {"type": "Feature", "properties": {"obj_type": "11-Residential Buildings", "name": "Unknown", "info": "997-Not Applicable", "simplified": "Residential", "damage_gra": "Damaged", "det_method": "Photo-interpretation", "notation": "Building point", "or_src_id": 1, "dmg_src_id": 3, "cd_value": "Not Applicable", "aoi": "Buenaventura", "layer": "builtUpP", "municipio": "Buenaventura"}, "geometry": {"type": "Point", "coordinates": [-77.03798, 3.87986]}}, {"type": "Feature", "properties": {"obj_type": "11-Residential Buildings", "name": "Unknown", "info": "997-Not Applicable", "simplified": "Residential", "damage_gra": "Destroyed", "det_method": "Photo-interpretation", "notation": "Building point", "or_src_id": 1, "dmg_src_id": 3, "cd_value": "Not Applicable", "aoi": "Buenaventura", "layer": "builtUpP", "municipio": "Buenaventura"}, "geometry": {"type": "Point", "coordinates": [-77.03818, 3.88031]}}, {"type": "Feature", "properties": {"obj_type": "11-Residential Buildings", "name": "Unknown", "info": "997-Not Applicable", "simplified": "Residential", "damage_gra": "Possibly damaged", "det_method": "Photo-interpretation", "notation": "Building point", "or_src_id": 1, "dmg_src_id": 3, "cd_value": "Not Applicable", "aoi": "Buenaventura", "layer": "builtUpP", "municipio": "Buenaventura"}, "geometry": {"type": "Point", "coordinates": [-77.0384, 3.88153]}}, {"type": "Feature", "properties": {"obj_type": "11-Residential Buildings", "name": "Unknown", "info": "997-Not Applicable", "simplified": "Residential", "damage_gra": "Damaged", "det_method": "Photo-interpretation", "notation": "Building point", "or_src_id": 1, "dmg_src_id": 3, "cd_value": "Not Applicable", "aoi": "Buenaventura", "layer": "builtUpP", "municipio": "Buenaventura"}, "geometry": {"type": "Point", "coordinates": [-77.03963, 3.8817]}}, {"type": "Feature", "properties": {"obj_type": "11-Residential Buildings", "name": "Unknown", "info": "997-Not Applicable", "simplified": "Residential", "damage_gra": "Damaged", "det_method": "Photo-interpretation", "notation": "Building point", "or_src_id": 1, "dmg_src_id": 3, "cd_value": "Not Applicable", "aoi": "Buenaventura", "layer": "builtUpP", "municipio": "Buenaventura"}, "geometry": {"type": "Point", "coordinates": [-77.02466, 3.87712]}}, {"type": "Feature", "properties": {"obj_type": "11-Residential Buildings", "name": "Unknown", "info": "997-Not Applicable", "simplified": "Residential", "damage_gra": "Damaged", "det_method": "Photo-interpretation", "notation": "Building point", "or_src_id": 1, "dmg_src_id": 3, "cd_value": "Not Applicable", "aoi": "Buenaventura", "layer": "builtUpP", "municipio": "Buenaventura"}, "geometry": {"type": "Point", "coordinates": [-77.02193, 3.87985]}}, {"type": "Feature", "properties": {"obj_type": "11-Residential Buildings", "name": "Unknown", "info": "997-Not Applicable", "simplified": "Residential", "damage_gra": "Destroyed", "det_method": "Photo-interpretation", "notation": "Building point", "or_src_id": 1, "dmg_src_id": 3, "cd_value": "Not Applicable", "aoi": "Buenaventura", "layer": "builtUpP", "municipio": "Buenaventura"}, "geometry": {"type": "Point", "coordinates": [-77.02472, 3.88029]}}, {"type": "Feature", "properties": {"obj_type": "11-Residential Buildings", "name": "Unknown", "info": "997-Not Applicable", "simplified": "Residential", "damage_gra": "Destroyed", "det_method": "Photo-interpretation", "notation": "Building point", "or_src_id": 1, "dmg_src_id": 3, "cd_value": "Not Applicable", "aoi": "Buenaventura", "layer": "builtUpP", "municipio": "Buenaventura"}, "geometry": {"type": "Point", "coordinates": [-77.02474, 3.88053]}}, {"type": "Feature", "properties": {"obj_type": "11-Residential Buildings", "name": "Unknown", "info": "997-Not Applicable", "simplified": "Residential", "damage_gra": "Destroyed", "det_method": "Photo-interpretation", "notation": "Building point", "or_src_id": 1, "dmg_src_id": 3, "cd_value": "Not Applicable", "aoi": "Buenaventura", "layer": "builtUpP", "municipio": "Buenaventura"}, "geometry": {"type": "Point", "coordinates": [-77.0242, 3.88076]}}, {"type": "Feature", "properties": {"obj_type": "11-Residential Buildings", "name": "Unknown", "info": "997-Not Applicable", "simplified": "Residential", "damage_gra": "Destroyed", "det_method": "Photo-interpretation", "notation": "Building point", "or_src_id": 1, "dmg_src_id": 3, "cd_value": "Not Applicable", "aoi": "Buenaventura", "layer": "builtUpP", "municipio": "Buenaventura"}, "geometry": {"type": "Point", "coordinates": [-77.0291, 3.88233]}}, {"type": "Feature", "properties": {"obj_type": "11-Residential Buildings", "name": "Unknown", "info": "997-Not Applicable", "simplified": "Residential", "damage_gra": "Damaged", "det_method": "Photo-interpretation", "notation": "Building point", "or_src_id": 1, "dmg_src_id": 4, "cd_value": "Not Applicable", "aoi": "Buenaventura", "layer": "builtUpP", "municipio": "Buenaventura"}, "geometry": {"type": "Point", "coordinates": [-77.01404, 3.8827]}}, {"type": "Feature", "properties": {"obj_type": "11-Residential Buildings", "name": "Unknown", "info": "997-Not Applicable", "simplified": "Residential", "damage_gra": "Destroyed", "det_method": "Photo-interpretation", "notation": "Building point", "or_src_id": 1, "dmg_src_id": 3, "cd_value": "Not Applicable", "aoi": "Buenaventura", "layer": "builtUpP", "municipio": "Buenaventura"}, "geometry": {"type": "Point", "coordinates": [-77.03166, 3.88279]}}, {"type": "Feature", "properties": {"obj_type": "11-Residential Buildings", "name": "Unknown", "info": "997-Not Applicable", "simplified": "Residential", "damage_gra": "Damaged", "det_method": "Photo-interpretation", "notation": "Building point", "or_src_id": 1, "dmg_src_id": 3, "cd_value": "Not Applicable", "aoi": "Buenaventura", "layer": "builtUpP", "municipio": "Buenaventura"}, "geometry": {"type": "Point", "coordinates": [-77.0262, 3.88299]}}, {"type": "Feature", "properties": {"obj_type": "11-Residential Buildings", "name": "Unknown", "info": "997-Not Applicable", "simplified": "Residential", "damage_gra": "Damaged", "det_method": "Photo-interpretation", "notation": "Building point", "or_src_id": 1, "dmg_src_id": 3, "cd_value": "Not Applicable", "aoi": "Buenaventura", "layer": "builtUpP", "municipio": "Buenaventura"}, "geometry": {"type": "Point", "coordinates": [-77.03417, 3.88312]}}, {"type": "Feature", "properties": {"obj_type": "11-Residential Buildings", "name": "Unknown", "info": "997-Not Applicable", "simplified": "Residential", "damage_gra": "Destroyed", "det_method": "Photo-interpretation", "notation": "Building point", "or_src_id": 1, "dmg_src_id": 4, "cd_value": "Not Applicable", "aoi": "Buenaventura", "layer": "builtUpP", "municipio": "Buenaventura"}, "geometry": {"type": "Point", "coordinates": [-77.00642, 3.88251]}}, {"type": "Feature", "properties": {"obj_type": "11-Residential Buildings", "name": "Unknown", "info": "997-Not Applicable", "simplified": "Residential", "damage_gra": "Possibly damaged", "det_method": "Photo-interpretation", "notation": "Building point", "or_src_id": 1, "dmg_src_id": 4, "cd_value": "Not Applicable", "aoi": "Buenaventura", "layer": "builtUpP", "municipio": "Buenaventura"}, "geometry": {"type": "Point", "coordinates": [-77.00961, 3.88266]}}, {"type": "Feature", "properties": {"obj_type": "11-Residential Buildings", "name": "Unknown", "info": "997-Not Applicable", "simplified": "Residential", "damage_gra": "Damaged", "det_method": "Photo-interpretation", "notation": "Building point", "or_src_id": 1, "dmg_src_id": 4, "cd_value": "Not Applicable", "aoi": "Buenaventura", "layer": "builtUpP", "municipio": "Buenaventura"}, "geometry": {"type": "Point", "coordinates": [-77.00678, 3.8828]}}, {"type": "Feature", "properties": {"obj_type": "11-Residential Buildings", "name": "Unknown", "info": "997-Not Applicable", "simplified": "Residential", "damage_gra": "Damaged", "det_method": "Photo-interpretation", "notation": "Building point", "or_src_id": 1, "dmg_src_id": 4, "cd_value": "Not Applicable", "aoi": "Buenaventura", "layer": "builtUpP", "municipio": "Buenaventura"}, "geometry": {"type": "Point", "coordinates": [-77.00601, 3.88281]}}, {"type": "Feature", "properties": {"obj_type": "11-Residential Buildings", "name": "Unknown", "info": "997-Not Applicable", "simplified": "Residential", "damage_gra": "Damaged", "det_method": "Photo-interpretation", "notation": "Building point", "or_src_id": 1, "dmg_src_id": 4, "cd_value": "Not Applicable", "aoi": "Buenaventura", "layer": "builtUpP", "municipio": "Buenaventura"}, "geometry": {"type": "Point", "coordinates": [-77.00675, 3.88285]}}, {"type": "Feature", "properties": {"obj_type": "11-Residential Buildings", "name": "Unknown", "info": "997-Not Applicable", "simplified": "Residential", "damage_gra": "Possibly damaged", "det_method": "Photo-interpretation", "notation": "Building point", "or_src_id": 1, "dmg_src_id": 4, "cd_value": "Not Applicable", "aoi": "Buenaventura", "layer": "builtUpP", "municipio": "Buenaventura"}, "geometry": {"type": "Point", "coordinates": [-77.00696, 3.88285]}}, {"type": "Feature", "properties": {"obj_type": "11-Residential Buildings", "name": "Unknown", "info": "997-Not Applicable", "simplified": "Residential", "damage_gra": "Destroyed", "det_method": "Photo-interpretation", "notation": "Building point", "or_src_id": 1, "dmg_src_id": 4, "cd_value": "Not Applicable", "aoi": "Buenaventura", "layer": "builtUpP", "municipio": "Buenaventura"}, "geometry": {"type": "Point", "coordinates": [-77.00672, 3.88295]}}, {"type": "Feature", "properties": {"obj_type": "11-Residential Buildings", "name": "Unknown", "info": "997-Not Applicable", "simplified": "Residential", "damage_gra": "Damaged", "det_method": "Photo-interpretation", "notation": "Building point", "or_src_id": 1, "dmg_src_id": 4, "cd_value": "Not Applicable", "aoi": "Buenaventura", "layer": "builtUpP", "municipio": "Buenaventura"}, "geometry": {"type": "Point", "coordinates": [-77.00676, 3.88305]}}, {"type": "Feature", "properties": {"obj_type": "11-Residential Buildings", "name": "Unknown", "info": "997-Not Applicable", "simplified": "Residential", "damage_gra": "Destroyed", "det_method": "Photo-interpretation", "notation": "Building point", "or_src_id": 1, "dmg_src_id": 4, "cd_value": "Not Applicable", "aoi": "Buenaventura", "layer": "builtUpP", "municipio": "Buenaventura"}, "geometry": {"type": "Point", "coordinates": [-77.00877, 3.88308]}}, {"type": "Feature", "properties": {"obj_type": "11-Residential Buildings", "name": "Unknown", "info": "997-Not Applicable", "simplified": "Residential", "damage_gra": "Destroyed", "det_method": "Photo-interpretation", "notation": "Building point", "or_src_id": 1, "dmg_src_id": 4, "cd_value": "Not Applicable", "aoi": "Buenaventura", "layer": "builtUpP", "municipio": "Buenaventura"}, "geometry": {"type": "Point", "coordinates": [-77.00288, 3.88473]}}, {"type": "Feature", "properties": {"obj_type": "11-Residential Buildings", "name": "Unknown", "info": "997-Not Applicable", "simplified": "Residential", "damage_gra": "Destroyed", "det_method": "Photo-interpretation", "notation": "Building point", "or_src_id": 1, "dmg_src_id": 3, "cd_value": "Not Applicable", "aoi": "Buenaventura", "layer": "builtUpP", "municipio": "Buenaventura"}, "geometry": {"type": "Point", "coordinates": [-77.06161, 3.87293]}}, {"type": "Feature", "properties": {"obj_type": "11-Residential Buildings", "name": "Unknown", "info": "997-Not Applicable", "simplified": "Residential", "damage_gra": "Destroyed", "det_method": "Photo-interpretation", "notation": "Building point", "or_src_id": 1, "dmg_src_id": 3, "cd_value": "Not Applicable", "aoi": "Buenaventura", "layer": "builtUpP", "municipio": "Buenaventura"}, "geometry": {"type": "Point", "coordinates": [-77.06166, 3.87295]}}, {"type": "Feature", "properties": {"obj_type": "11-Residential Buildings", "name": "Unknown", "info": "997-Not Applicable", "simplified": "Residential", "damage_gra": "Destroyed", "det_method": "Photo-interpretation", "notation": "Building point", "or_src_id": 1, "dmg_src_id": 3, "cd_value": "Not Applicable", "aoi": "Buenaventura", "layer": "builtUpP", "municipio": "Buenaventura"}, "geometry": {"type": "Point", "coordinates": [-77.06169, 3.87298]}}, {"type": "Feature", "properties": {"obj_type": "11-Residential Buildings", "name": "Unknown", "info": "997-Not Applicable", "simplified": "Residential", "damage_gra": "Damaged", "det_method": "Photo-interpretation", "notation": "Building point", "or_src_id": 1, "dmg_src_id": 3, "cd_value": "Not Applicable", "aoi": "Buenaventura", "layer": "builtUpP", "municipio": "Buenaventura"}, "geometry": {"type": "Point", "coordinates": [-77.06163, 3.8732]}}, {"type": "Feature", "properties": {"obj_type": "11-Residential Buildings", "name": "Unknown", "info": "997-Not Applicable", "simplified": "Residential", "damage_gra": "Possibly damaged", "det_method": "Photo-interpretation", "notation": "Building point", "or_src_id": 1, "dmg_src_id": 3, "cd_value": "Not Applicable", "aoi": "Buenaventura", "layer": "builtUpP", "municipio": "Buenaventura"}, "geometry": {"type": "Point", "coordinates": [-77.0618, 3.87331]}}, {"type": "Feature", "properties": {"obj_type": "11-Residential Buildings", "name": "Unknown", "info": "997-Not Applicable", "simplified": "Residential", "damage_gra": "Damaged", "det_method": "Photo-interpretation", "notation": "Building point", "or_src_id": 1, "dmg_src_id": 3, "cd_value": "Not Applicable", "aoi": "Buenaventura", "layer": "builtUpP", "municipio": "Buenaventura"}, "geometry": {"type": "Point", "coordinates": [-77.06208, 3.87369]}}, {"type": "Feature", "properties": {"obj_type": "11-Residential Buildings", "name": "Unknown", "info": "997-Not Applicable", "simplified": "Residential", "damage_gra": "Damaged", "det_method": "Photo-interpretation", "notation": "Building point", "or_src_id": 1, "dmg_src_id": 3, "cd_value": "Not Applicable", "aoi": "Buenaventura", "layer": "builtUpP", "municipio": "Buenaventura"}, "geometry": {"type": "Point", "coordinates": [-77.06171, 3.87395]}}, {"type": "Feature", "properties": {"obj_type": "11-Residential Buildings", "name": "Unknown", "info": "997-Not Applicable", "simplified": "Residential", "damage_gra": "Destroyed", "det_method": "Photo-interpretation", "notation": "Building point", "or_src_id": 1, "dmg_src_id": 3, "cd_value": "Not Applicable", "aoi": "Buenaventura", "layer": "builtUpP", "municipio": "Buenaventura"}, "geometry": {"type": "Point", "coordinates": [-77.06106, 3.87396]}}, {"type": "Feature", "properties": {"obj_type": "11-Residential Buildings", "name": "Unknown", "info": "997-Not Applicable", "simplified": "Residential", "damage_gra": "Destroyed", "det_method": "Photo-interpretation", "notation": "Building point", "or_src_id": 1, "dmg_src_id": 3, "cd_value": "Not Applicable", "aoi": "Buenaventura", "layer": "builtUpP", "municipio": "Buenaventura"}, "geometry": {"type": "Point", "coordinates": [-77.06197, 3.87403]}}, {"type": "Feature", "properties": {"obj_type": "11-Residential Buildings", "name": "Unknown", "info": "997-Not Applicable", "simplified": "Residential", "damage_gra": "Damaged", "det_method": "Photo-interpretation", "notation": "Building point", "or_src_id": 1, "dmg_src_id": 3, "cd_value": "Not Applicable", "aoi": "Buenaventura", "layer": "builtUpP", "municipio": "Buenaventura"}, "geometry": {"type": "Point", "coordinates": [-77.0617, 3.87407]}}, {"type": "Feature", "properties": {"obj_type": "11-Residential Buildings", "name": "Unknown", "info": "997-Not Applicable", "simplified": "Residential", "damage_gra": "Possibly damaged", "det_method": "Photo-interpretation", "notation": "Building point", "or_src_id": 1, "dmg_src_id": 3, "cd_value": "Not Applicable", "aoi": "Buenaventura", "layer": "builtUpP", "municipio": "Buenaventura"}, "geometry": {"type": "Point", "coordinates": [-77.06212, 3.87322]}}, {"type": "Feature", "properties": {"obj_type": "11-Residential Buildings", "name": "Unknown", "info": "997-Not Applicable", "simplified": "Residential", "damage_gra": "Destroyed", "det_method": "Photo-interpretation", "notation": "Building point", "or_src_id": 1, "dmg_src_id": 3, "cd_value": "Not Applicable", "aoi": "Buenaventura", "layer": "builtUpP", "municipio": "Buenaventura"}, "geometry": {"type": "Point", "coordinates": [-77.06211, 3.87353]}}, {"type": "Feature", "properties": {"obj_type": "11-Residential Buildings", "name": "Unknown", "info": "997-Not Applicable", "simplified": "Residential", "damage_gra": "Possibly damaged", "det_method": "Photo-interpretation", "notation": "Building point", "or_src_id": 1, "dmg_src_id": 3, "cd_value": "Not Applicable", "aoi": "Buenaventura", "layer": "builtUpP", "municipio": "Buenaventura"}, "geometry": {"type": "Point", "coordinates": [-77.0623, 3.87365]}}, {"type": "Feature", "properties": {"obj_type": "11-Residential Buildings", "name": "Unknown", "info": "997-Not Applicable", "simplified": "Residential", "damage_gra": "Damaged", "det_method": "Photo-interpretation", "notation": "Building point", "or_src_id": 1, "dmg_src_id": 3, "cd_value": "Not Applicable", "aoi": "Buenaventura", "layer": "builtUpP", "municipio": "Buenaventura"}, "geometry": {"type": "Point", "coordinates": [-77.06314, 3.87367]}}, {"type": "Feature", "properties": {"obj_type": "11-Residential Buildings", "name": "Unknown", "info": "997-Not Applicable", "simplified": "Residential", "damage_gra": "Possibly damaged", "det_method": "Photo-interpretation", "notation": "Building point", "or_src_id": 1, "dmg_src_id": 3, "cd_value": "Not Applicable", "aoi": "Buenaventura", "layer": "builtUpP", "municipio": "Buenaventura"}, "geometry": {"type": "Point", "coordinates": [-77.06262, 3.87368]}}, {"type": "Feature", "properties": {"obj_type": "11-Residential Buildings", "name": "Unknown", "info": "997-Not Applicable", "simplified": "Residential", "damage_gra": "Destroyed", "det_method": "Photo-interpretation", "notation": "Building point", "or_src_id": 1, "dmg_src_id": 3, "cd_value": "Not Applicable", "aoi": "Buenaventura", "layer": "builtUpP", "municipio": "Buenaventura"}, "geometry": {"type": "Point", "coordinates": [-77.06314, 3.87373]}}, {"type": "Feature", "properties": {"obj_type": "11-Residential Buildings", "name": "Unknown", "info": "997-Not Applicable", "simplified": "Residential", "damage_gra": "Destroyed", "det_method": "Photo-interpretation", "notation": "Building point", "or_src_id": 1, "dmg_src_id": 3, "cd_value": "Not Applicable", "aoi": "Buenaventura", "layer": "builtUpP", "municipio": "Buenaventura"}, "geometry": {"type": "Point", "coordinates": [-77.06267, 3.87376]}}, {"type": "Feature", "properties": {"obj_type": "11-Residential Buildings", "name": "Unknown", "info": "997-Not Applicable", "simplified": "Residential", "damage_gra": "Damaged", "det_method": "Photo-interpretation", "notation": "Building point", "or_src_id": 1, "dmg_src_id": 3, "cd_value": "Not Applicable", "aoi": "Buenaventura", "layer": "builtUpP", "municipio": "Buenaventura"}, "geometry": {"type": "Point", "coordinates": [-77.06234, 3.87386]}}, {"type": "Feature", "properties": {"obj_type": "11-Residential Buildings", "name": "Unknown", "info": "997-Not Applicable", "simplified": "Residential", "damage_gra": "Damaged", "det_method": "Photo-interpretation", "notation": "Building point", "or_src_id": 1, "dmg_src_id": 3, "cd_value": "Not Applicable", "aoi": "Buenaventura", "layer": "builtUpP", "municipio": "Buenaventura"}, "geometry": {"type": "Point", "coordinates": [-77.06323, 3.87389]}}, {"type": "Feature", "properties": {"obj_type": "11-Residential Buildings", "name": "Unknown", "info": "997-Not Applicable", "simplified": "Residential", "damage_gra": "Damaged", "det_method": "Photo-interpretation", "notation": "Building point", "or_src_id": 1, "dmg_src_id": 3, "cd_value": "Not Applicable", "aoi": "Buenaventura", "layer": "builtUpP", "municipio": "Buenaventura"}, "geometry": {"type": "Point", "coordinates": [-77.06243, 3.8739]}}, {"type": "Feature", "properties": {"obj_type": "11-Residential Buildings", "name": "Unknown", "info": "997-Not Applicable", "simplified": "Residential", "damage_gra": "Damaged", "det_method": "Photo-interpretation", "notation": "Building point", "or_src_id": 1, "dmg_src_id": 3, "cd_value": "Not Applicable", "aoi": "Buenaventura", "layer": "builtUpP", "municipio": "Buenaventura"}, "geometry": {"type": "Point", "coordinates": [-77.0622, 3.87394]}}, {"type": "Feature", "properties": {"obj_type": "11-Residential Buildings", "name": "Unknown", "info": "997-Not Applicable", "simplified": "Residential", "damage_gra": "Damaged", "det_method": "Photo-interpretation", "notation": "Building point", "or_src_id": 1, "dmg_src_id": 3, "cd_value": "Not Applicable", "aoi": "Buenaventura", "layer": "builtUpP", "municipio": "Buenaventura"}, "geometry": {"type": "Point", "coordinates": [-77.0623, 3.87395]}}, {"type": "Feature", "properties": {"obj_type": "11-Residential Buildings", "name": "Unknown", "info": "997-Not Applicable", "simplified": "Residential", "damage_gra": "Damaged", "det_method": "Photo-interpretation", "notation": "Building point", "or_src_id": 1, "dmg_src_id": 3, "cd_value": "Not Applicable", "aoi": "Buenaventura", "layer": "builtUpP", "municipio": "Buenaventura"}, "geometry": {"type": "Point", "coordinates": [-77.06268, 3.87402]}}, {"type": "Feature", "properties": {"obj_type": "11-Residential Buildings", "name": "Unknown", "info": "997-Not Applicable", "simplified": "Residential", "damage_gra": "Destroyed", "det_method": "Photo-interpretation", "notation": "Building point", "or_src_id": 1, "dmg_src_id": 3, "cd_value": "Not Applicable", "aoi": "Buenaventura", "layer": "builtUpP", "municipio": "Buenaventura"}, "geometry": {"type": "Point", "coordinates": [-77.06278, 3.87406]}}, {"type": "Feature", "properties": {"obj_type": "11-Residential Buildings", "name": "Unknown", "info": "997-Not Applicable", "simplified": "Residential", "damage_gra": "Possibly damaged", "det_method": "Photo-interpretation", "notation": "Building point", "or_src_id": 1, "dmg_src_id": 3, "cd_value": "Not Applicable", "aoi": "Buenaventura", "layer": "builtUpP", "municipio": "Buenaventura"}, "geometry": {"type": "Point", "coordinates": [-77.06245, 3.87408]}}, {"type": "Feature", "properties": {"obj_type": "11-Residential Buildings", "name": "Unknown", "info": "997-Not Applicable", "simplified": "Residential", "damage_gra": "Damaged", "det_method": "Photo-interpretation", "notation": "Building point", "or_src_id": 1, "dmg_src_id": 3, "cd_value": "Not Applicable", "aoi": "Buenaventura", "layer": "builtUpP", "municipio": "Buenaventura"}, "geometry": {"type": "Point", "coordinates": [-77.06251, 3.87412]}}, {"type": "Feature", "properties": {"obj_type": "11-Residential Buildings", "name": "Unknown", "info": "997-Not Applicable", "simplified": "Residential", "damage_gra": "Damaged", "det_method": "Photo-interpretation", "notation": "Building point", "or_src_id": 1, "dmg_src_id": 3, "cd_value": "Not Applicable", "aoi": "Buenaventura", "layer": "builtUpP", "municipio": "Buenaventura"}, "geometry": {"type": "Point", "coordinates": [-77.06257, 3.87414]}}, {"type": "Feature", "properties": {"obj_type": "11-Residential Buildings", "name": "Unknown", "info": "997-Not Applicable", "simplified": "Residential", "damage_gra": "Destroyed", "det_method": "Photo-interpretation", "notation": "Building point", "or_src_id": 1, "dmg_src_id": 3, "cd_value": "Not Applicable", "aoi": "Buenaventura", "layer": "builtUpP", "municipio": "Buenaventura"}, "geometry": {"type": "Point", "coordinates": [-77.06209, 3.87417]}}, {"type": "Feature", "properties": {"obj_type": "11-Residential Buildings", "name": "Unknown", "info": "997-Not Applicable", "simplified": "Residential", "damage_gra": "Possibly damaged", "det_method": "Photo-interpretation", "notation": "Building point", "or_src_id": 1, "dmg_src_id": 3, "cd_value": "Not Applicable", "aoi": "Buenaventura", "layer": "builtUpP", "municipio": "Buenaventura"}, "geometry": {"type": "Point", "coordinates": [-77.06235, 3.87424]}}, {"type": "Feature", "properties": {"obj_type": "11-Residential Buildings", "name": "Unknown", "info": "997-Not Applicable", "simplified": "Residential", "damage_gra": "Damaged", "det_method": "Photo-interpretation", "notation": "Building point", "or_src_id": 1, "dmg_src_id": 3, "cd_value": "Not Applicable", "aoi": "Buenaventura", "layer": "builtUpP", "municipio": "Buenaventura"}, "geometry": {"type": "Point", "coordinates": [-77.0634, 3.87427]}}, {"type": "Feature", "properties": {"obj_type": "11-Residential Buildings", "name": "Unknown", "info": "997-Not Applicable", "simplified": "Residential", "damage_gra": "Damaged", "det_method": "Photo-interpretation", "notation": "Building point", "or_src_id": 1, "dmg_src_id": 3, "cd_value": "Not Applicable", "aoi": "Buenaventura", "layer": "builtUpP", "municipio": "Buenaventura"}, "geometry": {"type": "Point", "coordinates": [-77.06142, 3.87414]}}, {"type": "Feature", "properties": {"obj_type": "11-Residential Buildings", "name": "Unknown", "info": "997-Not Applicable", "simplified": "Residential", "damage_gra": "Destroyed", "det_method": "Photo-interpretation", "notation": "Building point", "or_src_id": 1, "dmg_src_id": 3, "cd_value": "Not Applicable", "aoi": "Buenaventura", "layer": "builtUpP", "municipio": "Buenaventura"}, "geometry": {"type": "Point", "coordinates": [-77.06124, 3.8742]}}, {"type": "Feature", "properties": {"obj_type": "11-Residential Buildings", "name": "Unknown", "info": "997-Not Applicable", "simplified": "Residential", "damage_gra": "Destroyed", "det_method": "Photo-interpretation", "notation": "Building point", "or_src_id": 1, "dmg_src_id": 3, "cd_value": "Not Applicable", "aoi": "Buenaventura", "layer": "builtUpP", "municipio": "Buenaventura"}, "geometry": {"type": "Point", "coordinates": [-77.06172, 3.87432]}}, {"type": "Feature", "properties": {"obj_type": "11-Residential Buildings", "name": "Unknown", "info": "997-Not Applicable", "simplified": "Residential", "damage_gra": "Destroyed", "det_method": "Photo-interpretation", "notation": "Building point", "or_src_id": 1, "dmg_src_id": 3, "cd_value": "Not Applicable", "aoi": "Buenaventura", "layer": "builtUpP", "municipio": "Buenaventura"}, "geometry": {"type": "Point", "coordinates": [-77.06122, 3.87441]}}, {"type": "Feature", "properties": {"obj_type": "11-Residential Buildings", "name": "Unknown", "info": "997-Not Applicable", "simplified": "Residential", "damage_gra": "Damaged", "det_method": "Photo-interpretation", "notation": "Building point", "or_src_id": 1, "dmg_src_id": 3, "cd_value": "Not Applicable", "aoi": "Buenaventura", "layer": "builtUpP", "municipio": "Buenaventura"}, "geometry": {"type": "Point", "coordinates": [-77.06152, 3.87446]}}, {"type": "Feature", "properties": {"obj_type": "11-Residential Buildings", "name": "Unknown", "info": "997-Not Applicable", "simplified": "Residential", "damage_gra": "Damaged", "det_method": "Photo-interpretation", "notation": "Building point", "or_src_id": 1, "dmg_src_id": 3, "cd_value": "Not Applicable", "aoi": "Buenaventura", "layer": "builtUpP", "municipio": "Buenaventura"}, "geometry": {"type": "Point", "coordinates": [-77.06125, 3.87447]}}, {"type": "Feature", "properties": {"obj_type": "11-Residential Buildings", "name": "Unknown", "info": "997-Not Applicable", "simplified": "Residential", "damage_gra": "Destroyed", "det_method": "Photo-interpretation", "notation": "Building point", "or_src_id": 1, "dmg_src_id": 3, "cd_value": "Not Applicable", "aoi": "Buenaventura", "layer": "builtUpP", "municipio": "Buenaventura"}, "geometry": {"type": "Point", "coordinates": [-77.0616, 3.87452]}}, {"type": "Feature", "properties": {"obj_type": "11-Residential Buildings", "name": "Unknown", "info": "997-Not Applicable", "simplified": "Residential", "damage_gra": "Destroyed", "det_method": "Photo-interpretation", "notation": "Building point", "or_src_id": 1, "dmg_src_id": 3, "cd_value": "Not Applicable", "aoi": "Buenaventura", "layer": "builtUpP", "municipio": "Buenaventura"}, "geometry": {"type": "Point", "coordinates": [-77.06166, 3.87454]}}, {"type": "Feature", "properties": {"obj_type": "11-Residential Buildings", "name": "Unknown", "info": "997-Not Applicable", "simplified": "Residential", "damage_gra": "Damaged", "det_method": "Photo-interpretation", "notation": "Building point", "or_src_id": 1, "dmg_src_id": 3, "cd_value": "Not Applicable", "aoi": "Buenaventura", "layer": "builtUpP", "municipio": "Buenaventura"}, "geometry": {"type": "Point", "coordinates": [-77.06177, 3.8746]}}, {"type": "Feature", "properties": {"obj_type": "11-Residential Buildings", "name": "Unknown", "info": "997-Not Applicable", "simplified": "Residential", "damage_gra": "Destroyed", "det_method": "Photo-interpretation", "notation": "Building point", "or_src_id": 1, "dmg_src_id": 3, "cd_value": "Not Applicable", "aoi": "Buenaventura", "layer": "builtUpP", "municipio": "Buenaventura"}, "geometry": {"type": "Point", "coordinates": [-77.06147, 3.87468]}}, {"type": "Feature", "properties": {"obj_type": "11-Residential Buildings", "name": "Unknown", "info": "997-Not Applicable", "simplified": "Residential", "damage_gra": "Damaged", "det_method": "Photo-interpretation", "notation": "Building point", "or_src_id": 1, "dmg_src_id": 3, "cd_value": "Not Applicable", "aoi": "Buenaventura", "layer": "builtUpP", "municipio": "Buenaventura"}, "geometry": {"type": "Point", "coordinates": [-77.06396, 3.87435]}}, {"type": "Feature", "properties": {"obj_type": "11-Residential Buildings", "name": "Unknown", "info": "997-Not Applicable", "simplified": "Residential", "damage_gra": "Damaged", "det_method": "Photo-interpretation", "notation": "Building point", "or_src_id": 1, "dmg_src_id": 3, "cd_value": "Not Applicable", "aoi": "Buenaventura", "layer": "builtUpP", "municipio": "Buenaventura"}, "geometry": {"type": "Point", "coordinates": [-77.06264, 3.8744]}}, {"type": "Feature", "properties": {"obj_type": "11-Residential Buildings", "name": "Unknown", "info": "997-Not Applicable", "simplified": "Residential", "damage_gra": "Damaged", "det_method": "Photo-interpretation", "notation": "Building point", "or_src_id": 1, "dmg_src_id": 3, "cd_value": "Not Applicable", "aoi": "Buenaventura", "layer": "builtUpP", "municipio": "Buenaventura"}, "geometry": {"type": "Point", "coordinates": [-77.06393, 3.87442]}}, {"type": "Feature", "properties": {"obj_type": "11-Residential Buildings", "name": "Unknown", "info": "997-Not Applicable", "simplified": "Residential", "damage_gra": "Destroyed", "det_method": "Photo-interpretation", "notation": "Building point", "or_src_id": 1, "dmg_src_id": 3, "cd_value": "Not Applicable", "aoi": "Buenaventura", "layer": "builtUpP", "municipio": "Buenaventura"}, "geometry": {"type": "Point", "coordinates": [-77.06208, 3.87468]}}, {"type": "Feature", "properties": {"obj_type": "11-Residential Buildings", "name": "Unknown", "info": "997-Not Applicable", "simplified": "Residential", "damage_gra": "Damaged", "det_method": "Photo-interpretation", "notation": "Building point", "or_src_id": 1, "dmg_src_id": 3, "cd_value": "Not Applicable", "aoi": "Buenaventura", "layer": "builtUpP", "municipio": "Buenaventura"}, "geometry": {"type": "Point", "coordinates": [-77.06239, 3.8752]}}, {"type": "Feature", "properties": {"obj_type": "11-Residential Buildings", "name": "Unknown", "info": "997-Not Applicable", "simplified": "Residential", "damage_gra": "Possibly damaged", "det_method": "Photo-interpretation", "notation": "Building point", "or_src_id": 1, "dmg_src_id": 3, "cd_value": "Not Applicable", "aoi": "Buenaventura", "layer": "builtUpP", "municipio": "Buenaventura"}, "geometry": {"type": "Point", "coordinates": [-77.06497, 3.87546]}}, {"type": "Feature", "properties": {"obj_type": "11-Residential Buildings", "name": "Unknown", "info": "997-Not Applicable", "simplified": "Residential", "damage_gra": "Destroyed", "det_method": "Photo-interpretation", "notation": "Building point", "or_src_id": 1, "dmg_src_id": 3, "cd_value": "Not Applicable", "aoi": "Buenaventura", "layer": "builtUpP", "municipio": "Buenaventura"}, "geometry": {"type": "Point", "coordinates": [-77.06446, 3.87563]}}, {"type": "Feature", "properties": {"obj_type": "11-Residential Buildings", "name": "Unknown", "info": "997-Not Applicable", "simplified": "Residential", "damage_gra": "Damaged", "det_method": "Photo-interpretation", "notation": "Building point", "or_src_id": 1, "dmg_src_id": 3, "cd_value": "Not Applicable", "aoi": "Buenaventura", "layer": "builtUpP", "municipio": "Buenaventura"}, "geometry": {"type": "Point", "coordinates": [-77.06359, 3.87595]}}, {"type": "Feature", "properties": {"obj_type": "11-Residential Buildings", "name": "Unknown", "info": "997-Not Applicable", "simplified": "Residential", "damage_gra": "Damaged", "det_method": "Photo-interpretation", "notation": "Building point", "or_src_id": 1, "dmg_src_id": 3, "cd_value": "Not Applicable", "aoi": "Buenaventura", "layer": "builtUpP", "municipio": "Buenaventura"}, "geometry": {"type": "Point", "coordinates": [-77.06492, 3.87639]}}, {"type": "Feature", "properties": {"obj_type": "11-Residential Buildings", "name": "Unknown", "info": "997-Not Applicable", "simplified": "Residential", "damage_gra": "Destroyed", "det_method": "Photo-interpretation", "notation": "Building point", "or_src_id": 1, "dmg_src_id": 3, "cd_value": "Not Applicable", "aoi": "Buenaventura", "layer": "builtUpP", "municipio": "Buenaventura"}, "geometry": {"type": "Point", "coordinates": [-77.06454, 3.87673]}}, {"type": "Feature", "properties": {"obj_type": "11-Residential Buildings", "name": "Unknown", "info": "997-Not Applicable", "simplified": "Residential", "damage_gra": "Damaged", "det_method": "Photo-interpretation", "notation": "Building point", "or_src_id": 1, "dmg_src_id": 3, "cd_value": "Not Applicable", "aoi": "Buenaventura", "layer": "builtUpP", "municipio": "Buenaventura"}, "geometry": {"type": "Point", "coordinates": [-77.06188, 3.87493]}}, {"type": "Feature", "properties": {"obj_type": "11-Residential Buildings", "name": "Unknown", "info": "997-Not Applicable", "simplified": "Residential", "damage_gra": "Damaged", "det_method": "Photo-interpretation", "notation": "Building point", "or_src_id": 1, "dmg_src_id": 3, "cd_value": "Not Applicable", "aoi": "Buenaventura", "layer": "builtUpP", "municipio": "Buenaventura"}, "geometry": {"type": "Point", "coordinates": [-77.06198, 3.87498]}}, {"type": "Feature", "properties": {"obj_type": "11-Residential Buildings", "name": "Unknown", "info": "997-Not Applicable", "simplified": "Residential", "damage_gra": "Destroyed", "det_method": "Photo-interpretation", "notation": "Building point", "or_src_id": 1, "dmg_src_id": 3, "cd_value": "Not Applicable", "aoi": "Buenaventura", "layer": "builtUpP", "municipio": "Buenaventura"}, "geometry": {"type": "Point", "coordinates": [-77.05984, 3.87568]}}, {"type": "Feature", "properties": {"obj_type": "11-Residential Buildings", "name": "Unknown", "info": "997-Not Applicable", "simplified": "Residential", "damage_gra": "Damaged", "det_method": "Photo-interpretation", "notation": "Building point", "or_src_id": 1, "dmg_src_id": 3, "cd_value": "Not Applicable", "aoi": "Buenaventura", "layer": "builtUpP", "municipio": "Buenaventura"}, "geometry": {"type": "Point", "coordinates": [-77.06047, 3.87575]}}, {"type": "Feature", "properties": {"obj_type": "11-Residential Buildings", "name": "Unknown", "info": "997-Not Applicable", "simplified": "Residential", "damage_gra": "Possibly damaged", "det_method": "Photo-interpretation", "notation": "Building point", "or_src_id": 1, "dmg_src_id": 3, "cd_value": "Not Applicable", "aoi": "Buenaventura", "layer": "builtUpP", "municipio": "Buenaventura"}, "geometry": {"type": "Point", "coordinates": [-77.0604, 3.87585]}}, {"type": "Feature", "properties": {"obj_type": "11-Residential Buildings", "name": "Unknown", "info": "997-Not Applicable", "simplified": "Residential", "damage_gra": "Destroyed", "det_method": "Photo-interpretation", "notation": "Building point", "or_src_id": 1, "dmg_src_id": 3, "cd_value": "Not Applicable", "aoi": "Buenaventura", "layer": "builtUpP", "municipio": "Buenaventura"}, "geometry": {"type": "Point", "coordinates": [-77.06084, 3.87596]}}, {"type": "Feature", "properties": {"obj_type": "11-Residential Buildings", "name": "Unknown", "info": "997-Not Applicable", "simplified": "Residential", "damage_gra": "Possibly damaged", "det_method": "Photo-interpretation", "notation": "Building point", "or_src_id": 1, "dmg_src_id": 3, "cd_value": "Not Applicable", "aoi": "Buenaventura", "layer": "builtUpP", "municipio": "Buenaventura"}, "geometry": {"type": "Point", "coordinates": [-77.0604, 3.876]}}, {"type": "Feature", "properties": {"obj_type": "11-Residential Buildings", "name": "Unknown", "info": "997-Not Applicable", "simplified": "Residential", "damage_gra": "Damaged", "det_method": "Photo-interpretation", "notation": "Building point", "or_src_id": 1, "dmg_src_id": 3, "cd_value": "Not Applicable", "aoi": "Buenaventura", "layer": "builtUpP", "municipio": "Buenaventura"}, "geometry": {"type": "Point", "coordinates": [-77.06152, 3.87602]}}, {"type": "Feature", "properties": {"obj_type": "11-Residential Buildings", "name": "Unknown", "info": "997-Not Applicable", "simplified": "Residential", "damage_gra": "Damaged", "det_method": "Photo-interpretation", "notation": "Building point", "or_src_id": 1, "dmg_src_id": 3, "cd_value": "Not Applicable", "aoi": "Buenaventura", "layer": "builtUpP", "municipio": "Buenaventura"}, "geometry": {"type": "Point", "coordinates": [-77.05998, 3.87657]}}, {"type": "Feature", "properties": {"obj_type": "11-Residential Buildings", "name": "Unknown", "info": "997-Not Applicable", "simplified": "Residential", "damage_gra": "Destroyed", "det_method": "Photo-interpretation", "notation": "Building point", "or_src_id": 1, "dmg_src_id": 3, "cd_value": "Not Applicable", "aoi": "Buenaventura", "layer": "builtUpP", "municipio": "Buenaventura"}, "geometry": {"type": "Point", "coordinates": [-77.06004, 3.87677]}}, {"type": "Feature", "properties": {"obj_type": "11-Residential Buildings", "name": "Unknown", "info": "997-Not Applicable", "simplified": "Residential", "damage_gra": "Damaged", "det_method": "Photo-interpretation", "notation": "Building point", "or_src_id": 1, "dmg_src_id": 3, "cd_value": "Not Applicable", "aoi": "Buenaventura", "layer": "builtUpP", "municipio": "Buenaventura"}, "geometry": {"type": "Point", "coordinates": [-77.05961, 3.87595]}}, {"type": "Feature", "properties": {"obj_type": "11-Residential Buildings", "name": "Unknown", "info": "997-Not Applicable", "simplified": "Residential", "damage_gra": "Damaged", "det_method": "Photo-interpretation", "notation": "Building point", "or_src_id": 1, "dmg_src_id": 3, "cd_value": "Not Applicable", "aoi": "Buenaventura", "layer": "builtUpP", "municipio": "Buenaventura"}, "geometry": {"type": "Point", "coordinates": [-77.05891, 3.87603]}}, {"type": "Feature", "properties": {"obj_type": "11-Residential Buildings", "name": "Unknown", "info": "997-Not Applicable", "simplified": "Residential", "damage_gra": "Destroyed", "det_method": "Photo-interpretation", "notation": "Building point", "or_src_id": 1, "dmg_src_id": 3, "cd_value": "Not Applicable", "aoi": "Buenaventura", "layer": "builtUpP", "municipio": "Buenaventura"}, "geometry": {"type": "Point", "coordinates": [-77.05897, 3.87605]}}, {"type": "Feature", "properties": {"obj_type": "11-Residential Buildings", "name": "Unknown", "info": "997-Not Applicable", "simplified": "Residential", "damage_gra": "Damaged", "det_method": "Photo-interpretation", "notation": "Building point", "or_src_id": 1, "dmg_src_id": 3, "cd_value": "Not Applicable", "aoi": "Buenaventura", "layer": "builtUpP", "municipio": "Buenaventura"}, "geometry": {"type": "Point", "coordinates": [-77.05935, 3.87618]}}, {"type": "Feature", "properties": {"obj_type": "11-Residential Buildings", "name": "Unknown", "info": "997-Not Applicable", "simplified": "Residential", "damage_gra": "Destroyed", "det_method": "Photo-interpretation", "notation": "Building point", "or_src_id": 1, "dmg_src_id": 3, "cd_value": "Not Applicable", "aoi": "Buenaventura", "layer": "builtUpP", "municipio": "Buenaventura"}, "geometry": {"type": "Point", "coordinates": [-77.05955, 3.87687]}}, {"type": "Feature", "properties": {"obj_type": "11-Residential Buildings", "name": "Unknown", "info": "997-Not Applicable", "simplified": "Residential", "damage_gra": "Destroyed", "det_method": "Photo-interpretation", "notation": "Building point", "or_src_id": 1, "dmg_src_id": 3, "cd_value": "Not Applicable", "aoi": "Buenaventura", "layer": "builtUpP", "municipio": "Buenaventura"}, "geometry": {"type": "Point", "coordinates": [-77.05955, 3.87693]}}, {"type": "Feature", "properties": {"obj_type": "11-Residential Buildings", "name": "Unknown", "info": "997-Not Applicable", "simplified": "Residential", "damage_gra": "Destroyed", "det_method": "Photo-interpretation", "notation": "Building point", "or_src_id": 1, "dmg_src_id": 3, "cd_value": "Not Applicable", "aoi": "Buenaventura", "layer": "builtUpP", "municipio": "Buenaventura"}, "geometry": {"type": "Point", "coordinates": [-77.05955, 3.87701]}}, {"type": "Feature", "properties": {"obj_type": "11-Residential Buildings", "name": "Unknown", "info": "997-Not Applicable", "simplified": "Residential", "damage_gra": "Destroyed", "det_method": "Photo-interpretation", "notation": "Building point", "or_src_id": 1, "dmg_src_id": 3, "cd_value": "Not Applicable", "aoi": "Buenaventura", "layer": "builtUpP", "municipio": "Buenaventura"}, "geometry": {"type": "Point", "coordinates": [-77.05955, 3.87706]}}, {"type": "Feature", "properties": {"obj_type": "11-Residential Buildings", "name": "Unknown", "info": "997-Not Applicable", "simplified": "Residential", "damage_gra": "Destroyed", "det_method": "Photo-interpretation", "notation": "Building point", "or_src_id": 1, "dmg_src_id": 3, "cd_value": "Not Applicable", "aoi": "Buenaventura", "layer": "builtUpP", "municipio": "Buenaventura"}, "geometry": {"type": "Point", "coordinates": [-77.05954, 3.87712]}}, {"type": "Feature", "properties": {"obj_type": "11-Residential Buildings", "name": "Unknown", "info": "997-Not Applicable", "simplified": "Residential", "damage_gra": "Destroyed", "det_method": "Photo-interpretation", "notation": "Building point", "or_src_id": 1, "dmg_src_id": 3, "cd_value": "Not Applicable", "aoi": "Buenaventura", "layer": "builtUpP", "municipio": "Buenaventura"}, "geometry": {"type": "Point", "coordinates": [-77.05946, 3.87735]}}, {"type": "Feature", "properties": {"obj_type": "11-Residential Buildings", "name": "Unknown", "info": "997-Not Applicable", "simplified": "Residential", "damage_gra": "Destroyed", "det_method": "Photo-interpretation", "notation": "Building point", "or_src_id": 1, "dmg_src_id": 3, "cd_value": "Not Applicable", "aoi": "Buenaventura", "layer": "builtUpP", "municipio": "Buenaventura"}, "geometry": {"type": "Point", "coordinates": [-77.05973, 3.87678]}}, {"type": "Feature", "properties": {"obj_type": "11-Residential Buildings", "name": "Unknown", "info": "997-Not Applicable", "simplified": "Residential", "damage_gra": "Damaged", "det_method": "Photo-interpretation", "notation": "Building point", "or_src_id": 1, "dmg_src_id": 3, "cd_value": "Not Applicable", "aoi": "Buenaventura", "layer": "builtUpP", "municipio": "Buenaventura"}, "geometry": {"type": "Point", "coordinates": [-77.06007, 3.87707]}}, {"type": "Feature", "properties": {"obj_type": "11-Residential Buildings", "name": "Unknown", "info": "997-Not Applicable", "simplified": "Residential", "damage_gra": "Possibly damaged", "det_method": "Photo-interpretation", "notation": "Building point", "or_src_id": 1, "dmg_src_id": 3, "cd_value": "Not Applicable", "aoi": "Buenaventura", "layer": "builtUpP", "municipio": "Buenaventura"}, "geometry": {"type": "Point", "coordinates": [-77.06015, 3.87718]}}, {"type": "Feature", "properties": {"obj_type": "11-Residential Buildings", "name": "Unknown", "info": "997-Not Applicable", "simplified": "Residential", "damage_gra": "Destroyed", "det_method": "Photo-interpretation", "notation": "Building point", "or_src_id": 1, "dmg_src_id": 3, "cd_value": "Not Applicable", "aoi": "Buenaventura", "layer": "builtUpP", "municipio": "Buenaventura"}, "geometry": {"type": "Point", "coordinates": [-77.05975, 3.87729]}}, {"type": "Feature", "properties": {"obj_type": "11-Residential Buildings", "name": "Unknown", "info": "997-Not Applicable", "simplified": "Residential", "damage_gra": "Damaged", "det_method": "Photo-interpretation", "notation": "Building point", "or_src_id": 1, "dmg_src_id": 3, "cd_value": "Not Applicable", "aoi": "Buenaventura", "layer": "builtUpP", "municipio": "Buenaventura"}, "geometry": {"type": "Point", "coordinates": [-77.05999, 3.87736]}}, {"type": "Feature", "properties": {"obj_type": "11-Residential Buildings", "name": "Unknown", "info": "997-Not Applicable", "simplified": "Residential", "damage_gra": "Destroyed", "det_method": "Photo-interpretation", "notation": "Building point", "or_src_id": 1, "dmg_src_id": 3, "cd_value": "Not Applicable", "aoi": "Buenaventura", "layer": "builtUpP", "municipio": "Buenaventura"}, "geometry": {"type": "Point", "coordinates": [-77.06109, 3.87763]}}, {"type": "Feature", "properties": {"obj_type": "11-Residential Buildings", "name": "Unknown", "info": "997-Not Applicable", "simplified": "Residential", "damage_gra": "Possibly damaged", "det_method": "Photo-interpretation", "notation": "Building point", "or_src_id": 1, "dmg_src_id": 3, "cd_value": "Not Applicable", "aoi": "Buenaventura", "layer": "builtUpP", "municipio": "Buenaventura"}, "geometry": {"type": "Point", "coordinates": [-77.06073, 3.87775]}}, {"type": "Feature", "properties": {"obj_type": "11-Residential Buildings", "name": "Unknown", "info": "997-Not Applicable", "simplified": "Residential", "damage_gra": "Damaged", "det_method": "Photo-interpretation", "notation": "Building point", "or_src_id": 1, "dmg_src_id": 3, "cd_value": "Not Applicable", "aoi": "Buenaventura", "layer": "builtUpP", "municipio": "Buenaventura"}, "geometry": {"type": "Point", "coordinates": [-77.06118, 3.8779]}}, {"type": "Feature", "properties": {"obj_type": "11-Residential Buildings", "name": "Unknown", "info": "997-Not Applicable", "simplified": "Residential", "damage_gra": "Damaged", "det_method": "Photo-interpretation", "notation": "Building point", "or_src_id": 1, "dmg_src_id": 3, "cd_value": "Not Applicable", "aoi": "Buenaventura", "layer": "builtUpP", "municipio": "Buenaventura"}, "geometry": {"type": "Point", "coordinates": [-77.06105, 3.87829]}}, {"type": "Feature", "properties": {"obj_type": "11-Residential Buildings", "name": "Unknown", "info": "997-Not Applicable", "simplified": "Residential", "damage_gra": "Destroyed", "det_method": "Photo-interpretation", "notation": "Building point", "or_src_id": 1, "dmg_src_id": 3, "cd_value": "Not Applicable", "aoi": "Buenaventura", "layer": "builtUpP", "municipio": "Buenaventura"}, "geometry": {"type": "Point", "coordinates": [-77.06005, 3.87843]}}, {"type": "Feature", "properties": {"obj_type": "11-Residential Buildings", "name": "Unknown", "info": "997-Not Applicable", "simplified": "Residential", "damage_gra": "Damaged", "det_method": "Photo-interpretation", "notation": "Building point", "or_src_id": 1, "dmg_src_id": 3, "cd_value": "Not Applicable", "aoi": "Buenaventura", "layer": "builtUpP", "municipio": "Buenaventura"}, "geometry": {"type": "Point", "coordinates": [-77.06408, 3.87697]}}, {"type": "Feature", "properties": {"obj_type": "11-Residential Buildings", "name": "Unknown", "info": "997-Not Applicable", "simplified": "Residential", "damage_gra": "Possibly damaged", "det_method": "Photo-interpretation", "notation": "Building point", "or_src_id": 1, "dmg_src_id": 3, "cd_value": "Not Applicable", "aoi": "Buenaventura", "layer": "builtUpP", "municipio": "Buenaventura"}, "geometry": {"type": "Point", "coordinates": [-77.06352, 3.87774]}}, {"type": "Feature", "properties": {"obj_type": "11-Residential Buildings", "name": "Unknown", "info": "997-Not Applicable", "simplified": "Residential", "damage_gra": "Possibly damaged", "det_method": "Photo-interpretation", "notation": "Building point", "or_src_id": 1, "dmg_src_id": 3, "cd_value": "Not Applicable", "aoi": "Buenaventura", "layer": "builtUpP", "municipio": "Buenaventura"}, "geometry": {"type": "Point", "coordinates": [-77.0665, 3.87813]}}, {"type": "Feature", "properties": {"obj_type": "11-Residential Buildings", "name": "Unknown", "info": "997-Not Applicable", "simplified": "Residential", "damage_gra": "Possibly damaged", "det_method": "Photo-interpretation", "notation": "Building point", "or_src_id": 1, "dmg_src_id": 3, "cd_value": "Not Applicable", "aoi": "Buenaventura", "layer": "builtUpP", "municipio": "Buenaventura"}, "geometry": {"type": "Point", "coordinates": [-77.06287, 3.87878]}}, {"type": "Feature", "properties": {"obj_type": "11-Residential Buildings", "name": "Unknown", "info": "997-Not Applicable", "simplified": "Residential", "damage_gra": "Damaged", "det_method": "Photo-interpretation", "notation": "Building point", "or_src_id": 1, "dmg_src_id": 3, "cd_value": "Not Applicable", "aoi": "Buenaventura", "layer": "builtUpP", "municipio": "Buenaventura"}, "geometry": {"type": "Point", "coordinates": [-77.0631, 3.87896]}}, {"type": "Feature", "properties": {"obj_type": "11-Residential Buildings", "name": "Unknown", "info": "997-Not Applicable", "simplified": "Residential", "damage_gra": "Damaged", "det_method": "Photo-interpretation", "notation": "Building point", "or_src_id": 1, "dmg_src_id": 3, "cd_value": "Not Applicable", "aoi": "Buenaventura", "layer": "builtUpP", "municipio": "Buenaventura"}, "geometry": {"type": "Point", "coordinates": [-77.06517, 3.87935]}}, {"type": "Feature", "properties": {"obj_type": "11-Residential Buildings", "name": "Unknown", "info": "997-Not Applicable", "simplified": "Residential", "damage_gra": "Damaged", "det_method": "Photo-interpretation", "notation": "Building point", "or_src_id": 1, "dmg_src_id": 3, "cd_value": "Not Applicable", "aoi": "Buenaventura", "layer": "builtUpP", "municipio": "Buenaventura"}, "geometry": {"type": "Point", "coordinates": [-77.06991, 3.87975]}}, {"type": "Feature", "properties": {"obj_type": "11-Residential Buildings", "name": "Unknown", "info": "997-Not Applicable", "simplified": "Residential", "damage_gra": "Destroyed", "det_method": "Photo-interpretation", "notation": "Building point", "or_src_id": 1, "dmg_src_id": 3, "cd_value": "Not Applicable", "aoi": "Buenaventura", "layer": "builtUpP", "municipio": "Buenaventura"}, "geometry": {"type": "Point", "coordinates": [-77.06491, 3.88009]}}, {"type": "Feature", "properties": {"obj_type": "11-Residential Buildings", "name": "Unknown", "info": "997-Not Applicable", "simplified": "Residential", "damage_gra": "Damaged", "det_method": "Photo-interpretation", "notation": "Building point", "or_src_id": 1, "dmg_src_id": 3, "cd_value": "Not Applicable", "aoi": "Buenaventura", "layer": "builtUpP", "municipio": "Buenaventura"}, "geometry": {"type": "Point", "coordinates": [-77.07005, 3.88012]}}, {"type": "Feature", "properties": {"obj_type": "11-Residential Buildings", "name": "Unknown", "info": "997-Not Applicable", "simplified": "Residential", "damage_gra": "Damaged", "det_method": "Photo-interpretation", "notation": "Building point", "or_src_id": 1, "dmg_src_id": 3, "cd_value": "Not Applicable", "aoi": "Buenaventura", "layer": "builtUpP", "municipio": "Buenaventura"}, "geometry": {"type": "Point", "coordinates": [-77.06694, 3.88063]}}, {"type": "Feature", "properties": {"obj_type": "11-Residential Buildings", "name": "Unknown", "info": "997-Not Applicable", "simplified": "Residential", "damage_gra": "Destroyed", "det_method": "Photo-interpretation", "notation": "Building point", "or_src_id": 1, "dmg_src_id": 3, "cd_value": "Not Applicable", "aoi": "Buenaventura", "layer": "builtUpP", "municipio": "Buenaventura"}, "geometry": {"type": "Point", "coordinates": [-77.0586, 3.87786]}}, {"type": "Feature", "properties": {"obj_type": "11-Residential Buildings", "name": "Unknown", "info": "997-Not Applicable", "simplified": "Residential", "damage_gra": "Destroyed", "det_method": "Photo-interpretation", "notation": "Building point", "or_src_id": 1, "dmg_src_id": 3, "cd_value": "Not Applicable", "aoi": "Buenaventura", "layer": "builtUpP", "municipio": "Buenaventura"}, "geometry": {"type": "Point", "coordinates": [-77.05822, 3.87789]}}, {"type": "Feature", "properties": {"obj_type": "11-Residential Buildings", "name": "Unknown", "info": "997-Not Applicable", "simplified": "Residential", "damage_gra": "Destroyed", "det_method": "Photo-interpretation", "notation": "Building point", "or_src_id": 1, "dmg_src_id": 3, "cd_value": "Not Applicable", "aoi": "Buenaventura", "layer": "builtUpP", "municipio": "Buenaventura"}, "geometry": {"type": "Point", "coordinates": [-77.05857, 3.8779]}}, {"type": "Feature", "properties": {"obj_type": "11-Residential Buildings", "name": "Unknown", "info": "997-Not Applicable", "simplified": "Residential", "damage_gra": "Destroyed", "det_method": "Photo-interpretation", "notation": "Building point", "or_src_id": 1, "dmg_src_id": 3, "cd_value": "Not Applicable", "aoi": "Buenaventura", "layer": "builtUpP", "municipio": "Buenaventura"}, "geometry": {"type": "Point", "coordinates": [-77.05855, 3.87795]}}, {"type": "Feature", "properties": {"obj_type": "11-Residential Buildings", "name": "Unknown", "info": "997-Not Applicable", "simplified": "Residential", "damage_gra": "Destroyed", "det_method": "Photo-interpretation", "notation": "Building point", "or_src_id": 1, "dmg_src_id": 3, "cd_value": "Not Applicable", "aoi": "Buenaventura", "layer": "builtUpP", "municipio": "Buenaventura"}, "geometry": {"type": "Point", "coordinates": [-77.05853, 3.87798]}}, {"type": "Feature", "properties": {"obj_type": "11-Residential Buildings", "name": "Unknown", "info": "997-Not Applicable", "simplified": "Residential", "damage_gra": "Destroyed", "det_method": "Photo-interpretation", "notation": "Building point", "or_src_id": 1, "dmg_src_id": 3, "cd_value": "Not Applicable", "aoi": "Buenaventura", "layer": "builtUpP", "municipio": "Buenaventura"}, "geometry": {"type": "Point", "coordinates": [-77.05848, 3.87801]}}, {"type": "Feature", "properties": {"obj_type": "11-Residential Buildings", "name": "Unknown", "info": "997-Not Applicable", "simplified": "Residential", "damage_gra": "Destroyed", "det_method": "Photo-interpretation", "notation": "Building point", "or_src_id": 1, "dmg_src_id": 3, "cd_value": "Not Applicable", "aoi": "Buenaventura", "layer": "builtUpP", "municipio": "Buenaventura"}, "geometry": {"type": "Point", "coordinates": [-77.05848, 3.87805]}}, {"type": "Feature", "properties": {"obj_type": "11-Residential Buildings", "name": "Unknown", "info": "997-Not Applicable", "simplified": "Residential", "damage_gra": "Damaged", "det_method": "Photo-interpretation", "notation": "Building point", "or_src_id": 1, "dmg_src_id": 3, "cd_value": "Not Applicable", "aoi": "Buenaventura", "layer": "builtUpP", "municipio": "Buenaventura"}, "geometry": {"type": "Point", "coordinates": [-77.05926, 3.87819]}}, {"type": "Feature", "properties": {"obj_type": "11-Residential Buildings", "name": "Unknown", "info": "997-Not Applicable", "simplified": "Residential", "damage_gra": "Destroyed", "det_method": "Photo-interpretation", "notation": "Building point", "or_src_id": 1, "dmg_src_id": 3, "cd_value": "Not Applicable", "aoi": "Buenaventura", "layer": "builtUpP", "municipio": "Buenaventura"}, "geometry": {"type": "Point", "coordinates": [-77.05908, 3.87858]}}, {"type": "Feature", "properties": {"obj_type": "11-Residential Buildings", "name": "Unknown", "info": "997-Not Applicable", "simplified": "Residential", "damage_gra": "Damaged", "det_method": "Photo-interpretation", "notation": "Building point", "or_src_id": 1, "dmg_src_id": 3, "cd_value": "Not Applicable", "aoi": "Buenaventura", "layer": "builtUpP", "municipio": "Buenaventura"}, "geometry": {"type": "Point", "coordinates": [-77.05849, 3.87976]}}, {"type": "Feature", "properties": {"obj_type": "11-Residential Buildings", "name": "Unknown", "info": "997-Not Applicable", "simplified": "Residential", "damage_gra": "Damaged", "det_method": "Photo-interpretation", "notation": "Building point", "or_src_id": 1, "dmg_src_id": 3, "cd_value": "Not Applicable", "aoi": "Buenaventura", "layer": "builtUpP", "municipio": "Buenaventura"}, "geometry": {"type": "Point", "coordinates": [-77.06081, 3.87982]}}, {"type": "Feature", "properties": {"obj_type": "11-Residential Buildings", "name": "Unknown", "info": "997-Not Applicable", "simplified": "Residential", "damage_gra": "Destroyed", "det_method": "Photo-interpretation", "notation": "Building point", "or_src_id": 1, "dmg_src_id": 3, "cd_value": "Not Applicable", "aoi": "Buenaventura", "layer": "builtUpP", "municipio": "Buenaventura"}, "geometry": {"type": "Point", "coordinates": [-77.05999, 3.8799]}}, {"type": "Feature", "properties": {"obj_type": "11-Residential Buildings", "name": "Unknown", "info": "997-Not Applicable", "simplified": "Residential", "damage_gra": "Damaged", "det_method": "Photo-interpretation", "notation": "Building point", "or_src_id": 1, "dmg_src_id": 3, "cd_value": "Not Applicable", "aoi": "Buenaventura", "layer": "builtUpP", "municipio": "Buenaventura"}, "geometry": {"type": "Point", "coordinates": [-77.0603, 3.88025]}}, {"type": "Feature", "properties": {"obj_type": "11-Residential Buildings", "name": "Unknown", "info": "997-Not Applicable", "simplified": "Residential", "damage_gra": "Damaged", "det_method": "Photo-interpretation", "notation": "Building point", "or_src_id": 1, "dmg_src_id": 3, "cd_value": "Not Applicable", "aoi": "Buenaventura", "layer": "builtUpP", "municipio": "Buenaventura"}, "geometry": {"type": "Point", "coordinates": [-77.06175, 3.88036]}}, {"type": "Feature", "properties": {"obj_type": "11-Residential Buildings", "name": "Unknown", "info": "997-Not Applicable", "simplified": "Residential", "damage_gra": "Destroyed", "det_method": "Photo-interpretation", "notation": "Building point", "or_src_id": 1, "dmg_src_id": 3, "cd_value": "Not Applicable", "aoi": "Buenaventura", "layer": "builtUpP", "municipio": "Buenaventura"}, "geometry": {"type": "Point", "coordinates": [-77.05971, 3.88041]}}, {"type": "Feature", "properties": {"obj_type": "11-Residential Buildings", "name": "Unknown", "info": "997-Not Applicable", "simplified": "Residential", "damage_gra": "Destroyed", "det_method": "Photo-interpretation", "notation": "Building point", "or_src_id": 1, "dmg_src_id": 3, "cd_value": "Not Applicable", "aoi": "Buenaventura", "layer": "builtUpP", "municipio": "Buenaventura"}, "geometry": {"type": "Point", "coordinates": [-77.05989, 3.88044]}}, {"type": "Feature", "properties": {"obj_type": "11-Residential Buildings", "name": "Unknown", "info": "997-Not Applicable", "simplified": "Residential", "damage_gra": "Damaged", "det_method": "Photo-interpretation", "notation": "Building point", "or_src_id": 1, "dmg_src_id": 3, "cd_value": "Not Applicable", "aoi": "Buenaventura", "layer": "builtUpP", "municipio": "Buenaventura"}, "geometry": {"type": "Point", "coordinates": [-77.06035, 3.88053]}}, {"type": "Feature", "properties": {"obj_type": "11-Residential Buildings", "name": "Unknown", "info": "997-Not Applicable", "simplified": "Residential", "damage_gra": "Possibly damaged", "det_method": "Photo-interpretation", "notation": "Building point", "or_src_id": 1, "dmg_src_id": 3, "cd_value": "Not Applicable", "aoi": "Buenaventura", "layer": "builtUpP", "municipio": "Buenaventura"}, "geometry": {"type": "Point", "coordinates": [-77.05989, 3.88071]}}, {"type": "Feature", "properties": {"obj_type": "11-Residential Buildings", "name": "Unknown", "info": "997-Not Applicable", "simplified": "Residential", "damage_gra": "Damaged", "det_method": "Photo-interpretation", "notation": "Building point", "or_src_id": 1, "dmg_src_id": 3, "cd_value": "Not Applicable", "aoi": "Buenaventura", "layer": "builtUpP", "municipio": "Buenaventura"}, "geometry": {"type": "Point", "coordinates": [-77.06189, 3.88101]}}, {"type": "Feature", "properties": {"obj_type": "11-Residential Buildings", "name": "Unknown", "info": "997-Not Applicable", "simplified": "Residential", "damage_gra": "Destroyed", "det_method": "Photo-interpretation", "notation": "Building point", "or_src_id": 1, "dmg_src_id": 3, "cd_value": "Not Applicable", "aoi": "Buenaventura", "layer": "builtUpP", "municipio": "Buenaventura"}, "geometry": {"type": "Point", "coordinates": [-77.05968, 3.88106]}}, {"type": "Feature", "properties": {"obj_type": "11-Residential Buildings", "name": "Unknown", "info": "997-Not Applicable", "simplified": "Residential", "damage_gra": "Destroyed", "det_method": "Photo-interpretation", "notation": "Building point", "or_src_id": 1, "dmg_src_id": 3, "cd_value": "Not Applicable", "aoi": "Buenaventura", "layer": "builtUpP", "municipio": "Buenaventura"}, "geometry": {"type": "Point", "coordinates": [-77.05856, 3.8801]}}, {"type": "Feature", "properties": {"obj_type": "11-Residential Buildings", "name": "Unknown", "info": "997-Not Applicable", "simplified": "Residential", "damage_gra": "Destroyed", "det_method": "Photo-interpretation", "notation": "Building point", "or_src_id": 1, "dmg_src_id": 3, "cd_value": "Not Applicable", "aoi": "Buenaventura", "layer": "builtUpP", "municipio": "Buenaventura"}, "geometry": {"type": "Point", "coordinates": [-77.05959, 3.88026]}}, {"type": "Feature", "properties": {"obj_type": "11-Residential Buildings", "name": "Unknown", "info": "997-Not Applicable", "simplified": "Residential", "damage_gra": "Damaged", "det_method": "Photo-interpretation", "notation": "Building point", "or_src_id": 1, "dmg_src_id": 3, "cd_value": "Not Applicable", "aoi": "Buenaventura", "layer": "builtUpP", "municipio": "Buenaventura"}, "geometry": {"type": "Point", "coordinates": [-77.05899, 3.88061]}}, {"type": "Feature", "properties": {"obj_type": "11-Residential Buildings", "name": "Unknown", "info": "997-Not Applicable", "simplified": "Residential", "damage_gra": "Damaged", "det_method": "Photo-interpretation", "notation": "Building point", "or_src_id": 1, "dmg_src_id": 3, "cd_value": "Not Applicable", "aoi": "Buenaventura", "layer": "builtUpP", "municipio": "Buenaventura"}, "geometry": {"type": "Point", "coordinates": [-77.05899, 3.88097]}}, {"type": "Feature", "properties": {"obj_type": "11-Residential Buildings", "name": "Unknown", "info": "997-Not Applicable", "simplified": "Residential", "damage_gra": "Destroyed", "det_method": "Photo-interpretation", "notation": "Building point", "or_src_id": 1, "dmg_src_id": 3, "cd_value": "Not Applicable", "aoi": "Buenaventura", "layer": "builtUpP", "municipio": "Buenaventura"}, "geometry": {"type": "Point", "coordinates": [-77.05951, 3.88102]}}, {"type": "Feature", "properties": {"obj_type": "11-Residential Buildings", "name": "Unknown", "info": "997-Not Applicable", "simplified": "Residential", "damage_gra": "Damaged", "det_method": "Photo-interpretation", "notation": "Building point", "or_src_id": 1, "dmg_src_id": 3, "cd_value": "Not Applicable", "aoi": "Buenaventura", "layer": "builtUpP", "municipio": "Buenaventura"}, "geometry": {"type": "Point", "coordinates": [-77.05965, 3.88126]}}, {"type": "Feature", "properties": {"obj_type": "12-Non-residential Buildings", "name": "Unknown", "info": "127-Other non-residential buildings", "simplified": "Non residential", "damage_gra": "Damaged", "det_method": "Photo-interpretation", "notation": "Building point", "or_src_id": 1, "dmg_src_id": 3, "cd_value": "Not Applicable", "aoi": "Buenaventura", "layer": "builtUpP", "municipio": "Buenaventura"}, "geometry": {"type": "Point", "coordinates": [-77.05899, 3.88213]}}, {"type": "Feature", "properties": {"obj_type": "12-Non-residential Buildings", "name": "Unknown", "info": "127-Other non-residential buildings", "simplified": "Non residential", "damage_gra": "Damaged", "det_method": "Photo-interpretation", "notation": "Building point", "or_src_id": 1, "dmg_src_id": 3, "cd_value": "Not Applicable", "aoi": "Buenaventura", "layer": "builtUpP", "municipio": "Buenaventura"}, "geometry": {"type": "Point", "coordinates": [-77.05881, 3.88214]}}, {"type": "Feature", "properties": {"obj_type": "12-Non-residential Buildings", "name": "Unknown", "info": "127-Other non-residential buildings", "simplified": "Non residential", "damage_gra": "Possibly damaged", "det_method": "Photo-interpretation", "notation": "Building point", "or_src_id": 1, "dmg_src_id": 3, "cd_value": "Not Applicable", "aoi": "Buenaventura", "layer": "builtUpP", "municipio": "Buenaventura"}, "geometry": {"type": "Point", "coordinates": [-77.0574, 3.88249]}}, {"type": "Feature", "properties": {"obj_type": "12-Non-residential Buildings", "name": "Unknown", "info": "127-Other non-residential buildings", "simplified": "Non residential", "damage_gra": "Damaged", "det_method": "Photo-interpretation", "notation": "Building point", "or_src_id": 1, "dmg_src_id": 3, "cd_value": "Not Applicable", "aoi": "Buenaventura", "layer": "builtUpP", "municipio": "Buenaventura"}, "geometry": {"type": "Point", "coordinates": [-77.05849, 3.8826]}}, {"type": "Feature", "properties": {"obj_type": "12-Non-residential Buildings", "name": "Unknown", "info": "127-Other non-residential buildings", "simplified": "Non residential", "damage_gra": "Damaged", "det_method": "Photo-interpretation", "notation": "Building point", "or_src_id": 1, "dmg_src_id": 3, "cd_value": "Not Applicable", "aoi": "Buenaventura", "layer": "builtUpP", "municipio": "Buenaventura"}, "geometry": {"type": "Point", "coordinates": [-77.05862, 3.88262]}}, {"type": "Feature", "properties": {"obj_type": "11-Residential Buildings", "name": "Unknown", "info": "997-Not Applicable", "simplified": "Residential", "damage_gra": "Destroyed", "det_method": "Photo-interpretation", "notation": "Building point", "or_src_id": 1, "dmg_src_id": 3, "cd_value": "Not Applicable", "aoi": "Buenaventura", "layer": "builtUpP", "municipio": "Buenaventura"}, "geometry": {"type": "Point", "coordinates": [-77.05153, 3.88341]}}, {"type": "Feature", "properties": {"obj_type": "11-Residential Buildings", "name": "Unknown", "info": "997-Not Applicable", "simplified": "Residential", "damage_gra": "Damaged", "det_method": "Photo-interpretation", "notation": "Building point", "or_src_id": 1, "dmg_src_id": 3, "cd_value": "Not Applicable", "aoi": "Buenaventura", "layer": "builtUpP", "municipio": "Buenaventura"}, "geometry": {"type": "Point", "coordinates": [-77.04794, 3.88381]}}, {"type": "Feature", "properties": {"obj_type": "11-Residential Buildings", "name": "Unknown", "info": "997-Not Applicable", "simplified": "Residential", "damage_gra": "Damaged", "det_method": "Photo-interpretation", "notation": "Building point", "or_src_id": 1, "dmg_src_id": 3, "cd_value": "Not Applicable", "aoi": "Buenaventura", "layer": "builtUpP", "municipio": "Buenaventura"}, "geometry": {"type": "Point", "coordinates": [-77.05247, 3.88404]}}, {"type": "Feature", "properties": {"obj_type": "11-Residential Buildings", "name": "Unknown", "info": "997-Not Applicable", "simplified": "Residential", "damage_gra": "Damaged", "det_method": "Photo-interpretation", "notation": "Building point", "or_src_id": 1, "dmg_src_id": 3, "cd_value": "Not Applicable", "aoi": "Buenaventura", "layer": "builtUpP", "municipio": "Buenaventura"}, "geometry": {"type": "Point", "coordinates": [-77.05258, 3.88405]}}, {"type": "Feature", "properties": {"obj_type": "11-Residential Buildings", "name": "Unknown", "info": "997-Not Applicable", "simplified": "Residential", "damage_gra": "Damaged", "det_method": "Photo-interpretation", "notation": "Building point", "or_src_id": 1, "dmg_src_id": 3, "cd_value": "Not Applicable", "aoi": "Buenaventura", "layer": "builtUpP", "municipio": "Buenaventura"}, "geometry": {"type": "Point", "coordinates": [-77.05211, 3.88416]}}, {"type": "Feature", "properties": {"obj_type": "11-Residential Buildings", "name": "Unknown", "info": "997-Not Applicable", "simplified": "Residential", "damage_gra": "Destroyed", "det_method": "Photo-interpretation", "notation": "Building point", "or_src_id": 1, "dmg_src_id": 3, "cd_value": "Not Applicable", "aoi": "Buenaventura", "layer": "builtUpP", "municipio": "Buenaventura"}, "geometry": {"type": "Point", "coordinates": [-77.05346, 3.8842]}}, {"type": "Feature", "properties": {"obj_type": "11-Residential Buildings", "name": "Unknown", "info": "997-Not Applicable", "simplified": "Residential", "damage_gra": "Destroyed", "det_method": "Photo-interpretation", "notation": "Building point", "or_src_id": 1, "dmg_src_id": 3, "cd_value": "Not Applicable", "aoi": "Buenaventura", "layer": "builtUpP", "municipio": "Buenaventura"}, "geometry": {"type": "Point", "coordinates": [-77.05348, 3.88427]}}, {"type": "Feature", "properties": {"obj_type": "11-Residential Buildings", "name": "Unknown", "info": "997-Not Applicable", "simplified": "Residential", "damage_gra": "Destroyed", "det_method": "Photo-interpretation", "notation": "Building point", "or_src_id": 1, "dmg_src_id": 3, "cd_value": "Not Applicable", "aoi": "Buenaventura", "layer": "builtUpP", "municipio": "Buenaventura"}, "geometry": {"type": "Point", "coordinates": [-77.05327, 3.88435]}}, {"type": "Feature", "properties": {"obj_type": "11-Residential Buildings", "name": "Unknown", "info": "997-Not Applicable", "simplified": "Residential", "damage_gra": "Damaged", "det_method": "Photo-interpretation", "notation": "Building point", "or_src_id": 1, "dmg_src_id": 3, "cd_value": "Not Applicable", "aoi": "Buenaventura", "layer": "builtUpP", "municipio": "Buenaventura"}, "geometry": {"type": "Point", "coordinates": [-77.04742, 3.88448]}}, {"type": "Feature", "properties": {"obj_type": "11-Residential Buildings", "name": "Unknown", "info": "997-Not Applicable", "simplified": "Residential", "damage_gra": "Destroyed", "det_method": "Photo-interpretation", "notation": "Building point", "or_src_id": 1, "dmg_src_id": 3, "cd_value": "Not Applicable", "aoi": "Buenaventura", "layer": "builtUpP", "municipio": "Buenaventura"}, "geometry": {"type": "Point", "coordinates": [-77.06274, 3.88066]}}, {"type": "Feature", "properties": {"obj_type": "11-Residential Buildings", "name": "Unknown", "info": "997-Not Applicable", "simplified": "Residential", "damage_gra": "Possibly damaged", "det_method": "Photo-interpretation", "notation": "Building point", "or_src_id": 1, "dmg_src_id": 3, "cd_value": "Not Applicable", "aoi": "Buenaventura", "layer": "builtUpP", "municipio": "Buenaventura"}, "geometry": {"type": "Point", "coordinates": [-77.07062, 3.8809]}}, {"type": "Feature", "properties": {"obj_type": "11-Residential Buildings", "name": "Unknown", "info": "997-Not Applicable", "simplified": "Residential", "damage_gra": "Destroyed", "det_method": "Photo-interpretation", "notation": "Building point", "or_src_id": 1, "dmg_src_id": 3, "cd_value": "Not Applicable", "aoi": "Buenaventura", "layer": "builtUpP", "municipio": "Buenaventura"}, "geometry": {"type": "Point", "coordinates": [-77.06922, 3.88093]}}, {"type": "Feature", "properties": {"obj_type": "11-Residential Buildings", "name": "Unknown", "info": "997-Not Applicable", "simplified": "Residential", "damage_gra": "Damaged", "det_method": "Photo-interpretation", "notation": "Building point", "or_src_id": 1, "dmg_src_id": 3, "cd_value": "Not Applicable", "aoi": "Buenaventura", "layer": "builtUpP", "municipio": "Buenaventura"}, "geometry": {"type": "Point", "coordinates": [-77.06313, 3.88144]}}, {"type": "Feature", "properties": {"obj_type": "11-Residential Buildings", "name": "Unknown", "info": "997-Not Applicable", "simplified": "Residential", "damage_gra": "Damaged", "det_method": "Photo-interpretation", "notation": "Building point", "or_src_id": 1, "dmg_src_id": 3, "cd_value": "Not Applicable", "aoi": "Buenaventura", "layer": "builtUpP", "municipio": "Buenaventura"}, "geometry": {"type": "Point", "coordinates": [-77.0701, 3.88189]}}, {"type": "Feature", "properties": {"obj_type": "11-Residential Buildings", "name": "Unknown", "info": "997-Not Applicable", "simplified": "Residential", "damage_gra": "Damaged", "det_method": "Photo-interpretation", "notation": "Building point", "or_src_id": 1, "dmg_src_id": 3, "cd_value": "Not Applicable", "aoi": "Buenaventura", "layer": "builtUpP", "municipio": "Buenaventura"}, "geometry": {"type": "Point", "coordinates": [-77.07322, 3.88213]}}, {"type": "Feature", "properties": {"obj_type": "11-Residential Buildings", "name": "Unknown", "info": "997-Not Applicable", "simplified": "Residential", "damage_gra": "Damaged", "det_method": "Photo-interpretation", "notation": "Building point", "or_src_id": 1, "dmg_src_id": 3, "cd_value": "Not Applicable", "aoi": "Buenaventura", "layer": "builtUpP", "municipio": "Buenaventura"}, "geometry": {"type": "Point", "coordinates": [-77.06338, 3.88229]}}, {"type": "Feature", "properties": {"obj_type": "11-Residential Buildings", "name": "Unknown", "info": "997-Not Applicable", "simplified": "Residential", "damage_gra": "Damaged", "det_method": "Photo-interpretation", "notation": "Building point", "or_src_id": 1, "dmg_src_id": 3, "cd_value": "Not Applicable", "aoi": "Buenaventura", "layer": "builtUpP", "municipio": "Buenaventura"}, "geometry": {"type": "Point", "coordinates": [-77.06797, 3.8833]}}, {"type": "Feature", "properties": {"obj_type": "11-Residential Buildings", "name": "Unknown", "info": "997-Not Applicable", "simplified": "Residential", "damage_gra": "Damaged", "det_method": "Photo-interpretation", "notation": "Building point", "or_src_id": 1, "dmg_src_id": 3, "cd_value": "Not Applicable", "aoi": "Buenaventura", "layer": "builtUpP", "municipio": "Buenaventura"}, "geometry": {"type": "Point", "coordinates": [-77.07119, 3.88654]}}, {"type": "Feature", "properties": {"obj_type": "11-Residential Buildings", "name": "Unknown", "info": "997-Not Applicable", "simplified": "Residential", "damage_gra": "Damaged", "det_method": "Photo-interpretation", "notation": "Building point", "or_src_id": 1, "dmg_src_id": 3, "cd_value": "Not Applicable", "aoi": "Buenaventura", "layer": "builtUpP", "municipio": "Buenaventura"}, "geometry": {"type": "Point", "coordinates": [-77.07488, 3.88693]}}, {"type": "Feature", "properties": {"obj_type": "11-Residential Buildings", "name": "Unknown", "info": "997-Not Applicable", "simplified": "Residential", "damage_gra": "Damaged", "det_method": "Photo-interpretation", "notation": "Building point", "or_src_id": 1, "dmg_src_id": 3, "cd_value": "Not Applicable", "aoi": "Buenaventura", "layer": "builtUpP", "municipio": "Buenaventura"}, "geometry": {"type": "Point", "coordinates": [-77.05969, 3.88114]}}, {"type": "Feature", "properties": {"obj_type": "11-Residential Buildings", "name": "Unknown", "info": "997-Not Applicable", "simplified": "Residential", "damage_gra": "Destroyed", "det_method": "Photo-interpretation", "notation": "Building point", "or_src_id": 1, "dmg_src_id": 3, "cd_value": "Not Applicable", "aoi": "Buenaventura", "layer": "builtUpP", "municipio": "Buenaventura"}, "geometry": {"type": "Point", "coordinates": [-77.06, 3.88133]}}, {"type": "Feature", "properties": {"obj_type": "11-Residential Buildings", "name": "Unknown", "info": "997-Not Applicable", "simplified": "Residential", "damage_gra": "Damaged", "det_method": "Photo-interpretation", "notation": "Building point", "or_src_id": 1, "dmg_src_id": 3, "cd_value": "Not Applicable", "aoi": "Buenaventura", "layer": "builtUpP", "municipio": "Buenaventura"}, "geometry": {"type": "Point", "coordinates": [-77.06041, 3.88285]}}, {"type": "Feature", "properties": {"obj_type": "11-Residential Buildings", "name": "Unknown", "info": "997-Not Applicable", "simplified": "Residential", "damage_gra": "Possibly damaged", "det_method": "Photo-interpretation", "notation": "Building point", "or_src_id": 1, "dmg_src_id": 3, "cd_value": "Not Applicable", "aoi": "Buenaventura", "layer": "builtUpP", "municipio": "Buenaventura"}, "geometry": {"type": "Point", "coordinates": [-77.06117, 3.88312]}}, {"type": "Feature", "properties": {"obj_type": "12-Non-residential Buildings", "name": "Unknown", "info": "127-Other non-residential buildings", "simplified": "Non residential", "damage_gra": "Possibly damaged", "det_method": "Photo-interpretation", "notation": "Building point", "or_src_id": 1, "dmg_src_id": 3, "cd_value": "Not Applicable", "aoi": "Buenaventura", "layer": "builtUpP", "municipio": "Buenaventura"}, "geometry": {"type": "Point", "coordinates": [-77.0608, 3.88744]}}, {"type": "Feature", "properties": {"obj_type": "12-Non-residential Buildings", "name": "Unknown", "info": "127-Other non-residential buildings", "simplified": "Non residential", "damage_gra": "Destroyed", "det_method": "Photo-interpretation", "notation": "Building point", "or_src_id": 1, "dmg_src_id": 3, "cd_value": "Not Applicable", "aoi": "Buenaventura", "layer": "builtUpP", "municipio": "Buenaventura"}, "geometry": {"type": "Point", "coordinates": [-77.06191, 3.88807]}}, {"type": "Feature", "properties": {"obj_type": "11-Residential Buildings", "name": "Unknown", "info": "997-Not Applicable", "simplified": "Residential", "damage_gra": "Destroyed", "det_method": "Photo-interpretation", "notation": "Building point", "or_src_id": 1, "dmg_src_id": 3, "cd_value": "Not Applicable", "aoi": "Buenaventura", "layer": "builtUpP", "municipio": "Buenaventura"}, "geometry": {"type": "Point", "coordinates": [-77.05331, 3.8846]}}, {"type": "Feature", "properties": {"obj_type": "11-Residential Buildings", "name": "Unknown", "info": "997-Not Applicable", "simplified": "Residential", "damage_gra": "Destroyed", "det_method": "Photo-interpretation", "notation": "Building point", "or_src_id": 1, "dmg_src_id": 3, "cd_value": "Not Applicable", "aoi": "Buenaventura", "layer": "builtUpP", "municipio": "Buenaventura"}, "geometry": {"type": "Point", "coordinates": [-77.05336, 3.88467]}}, {"type": "Feature", "properties": {"obj_type": "11-Residential Buildings", "name": "Unknown", "info": "997-Not Applicable", "simplified": "Residential", "damage_gra": "Damaged", "det_method": "Photo-interpretation", "notation": "Building point", "or_src_id": 1, "dmg_src_id": 3, "cd_value": "Not Applicable", "aoi": "Buenaventura", "layer": "builtUpP", "municipio": "Buenaventura"}, "geometry": {"type": "Point", "coordinates": [-77.05288, 3.88468]}}, {"type": "Feature", "properties": {"obj_type": "11-Residential Buildings", "name": "Unknown", "info": "997-Not Applicable", "simplified": "Residential", "damage_gra": "Destroyed", "det_method": "Photo-interpretation", "notation": "Building point", "or_src_id": 1, "dmg_src_id": 3, "cd_value": "Not Applicable", "aoi": "Buenaventura", "layer": "builtUpP", "municipio": "Buenaventura"}, "geometry": {"type": "Point", "coordinates": [-77.05338, 3.88471]}}, {"type": "Feature", "properties": {"obj_type": "11-Residential Buildings", "name": "Unknown", "info": "997-Not Applicable", "simplified": "Residential", "damage_gra": "Damaged", "det_method": "Photo-interpretation", "notation": "Building point", "or_src_id": 1, "dmg_src_id": 3, "cd_value": "Not Applicable", "aoi": "Buenaventura", "layer": "builtUpP", "municipio": "Buenaventura"}, "geometry": {"type": "Point", "coordinates": [-77.05363, 3.88483]}}, {"type": "Feature", "properties": {"obj_type": "11-Residential Buildings", "name": "Unknown", "info": "997-Not Applicable", "simplified": "Residential", "damage_gra": "Damaged", "det_method": "Photo-interpretation", "notation": "Building point", "or_src_id": 1, "dmg_src_id": 3, "cd_value": "Not Applicable", "aoi": "Buenaventura", "layer": "builtUpP", "municipio": "Buenaventura"}, "geometry": {"type": "Point", "coordinates": [-77.0495, 3.88486]}}, {"type": "Feature", "properties": {"obj_type": "11-Residential Buildings", "name": "Unknown", "info": "997-Not Applicable", "simplified": "Residential", "damage_gra": "Damaged", "det_method": "Photo-interpretation", "notation": "Building point", "or_src_id": 1, "dmg_src_id": 3, "cd_value": "Not Applicable", "aoi": "Buenaventura", "layer": "builtUpP", "municipio": "Buenaventura"}, "geometry": {"type": "Point", "coordinates": [-77.05698, 3.88525]}}, {"type": "Feature", "properties": {"obj_type": "11-Residential Buildings", "name": "Unknown", "info": "997-Not Applicable", "simplified": "Residential", "damage_gra": "Damaged", "det_method": "Photo-interpretation", "notation": "Building point", "or_src_id": 1, "dmg_src_id": 3, "cd_value": "Not Applicable", "aoi": "Buenaventura", "layer": "builtUpP", "municipio": "Buenaventura"}, "geometry": {"type": "Point", "coordinates": [-77.05174, 3.88527]}}, {"type": "Feature", "properties": {"obj_type": "11-Residential Buildings", "name": "Unknown", "info": "997-Not Applicable", "simplified": "Residential", "damage_gra": "Damaged", "det_method": "Photo-interpretation", "notation": "Building point", "or_src_id": 1, "dmg_src_id": 3, "cd_value": "Not Applicable", "aoi": "Buenaventura", "layer": "builtUpP", "municipio": "Buenaventura"}, "geometry": {"type": "Point", "coordinates": [-77.04729, 3.88553]}}, {"type": "Feature", "properties": {"obj_type": "11-Residential Buildings", "name": "Unknown", "info": "997-Not Applicable", "simplified": "Residential", "damage_gra": "Damaged", "det_method": "Photo-interpretation", "notation": "Building point", "or_src_id": 1, "dmg_src_id": 3, "cd_value": "Not Applicable", "aoi": "Buenaventura", "layer": "builtUpP", "municipio": "Buenaventura"}, "geometry": {"type": "Point", "coordinates": [-77.04945, 3.88585]}}, {"type": "Feature", "properties": {"obj_type": "11-Residential Buildings", "name": "Unknown", "info": "997-Not Applicable", "simplified": "Residential", "damage_gra": "Destroyed", "det_method": "Photo-interpretation", "notation": "Building point", "or_src_id": 1, "dmg_src_id": 3, "cd_value": "Not Applicable", "aoi": "Buenaventura", "layer": "builtUpP", "municipio": "Buenaventura"}, "geometry": {"type": "Point", "coordinates": [-77.04967, 3.88585]}}, {"type": "Feature", "properties": {"obj_type": "11-Residential Buildings", "name": "Unknown", "info": "997-Not Applicable", "simplified": "Residential", "damage_gra": "Damaged", "det_method": "Photo-interpretation", "notation": "Building point", "or_src_id": 1, "dmg_src_id": 3, "cd_value": "Not Applicable", "aoi": "Buenaventura", "layer": "builtUpP", "municipio": "Buenaventura"}, "geometry": {"type": "Point", "coordinates": [-77.04944, 3.88589]}}, {"type": "Feature", "properties": {"obj_type": "11-Residential Buildings", "name": "Unknown", "info": "997-Not Applicable", "simplified": "Residential", "damage_gra": "Destroyed", "det_method": "Photo-interpretation", "notation": "Building point", "or_src_id": 1, "dmg_src_id": 3, "cd_value": "Not Applicable", "aoi": "Buenaventura", "layer": "builtUpP", "municipio": "Buenaventura"}, "geometry": {"type": "Point", "coordinates": [-77.04937, 3.88602]}}, {"type": "Feature", "properties": {"obj_type": "11-Residential Buildings", "name": "Unknown", "info": "997-Not Applicable", "simplified": "Residential", "damage_gra": "Possibly damaged", "det_method": "Photo-interpretation", "notation": "Building point", "or_src_id": 1, "dmg_src_id": 3, "cd_value": "Not Applicable", "aoi": "Buenaventura", "layer": "builtUpP", "municipio": "Buenaventura"}, "geometry": {"type": "Point", "coordinates": [-77.04935, 3.88608]}}, {"type": "Feature", "properties": {"obj_type": "11-Residential Buildings", "name": "Unknown", "info": "997-Not Applicable", "simplified": "Residential", "damage_gra": "Possibly damaged", "det_method": "Photo-interpretation", "notation": "Building point", "or_src_id": 1, "dmg_src_id": 3, "cd_value": "Not Applicable", "aoi": "Buenaventura", "layer": "builtUpP", "municipio": "Buenaventura"}, "geometry": {"type": "Point", "coordinates": [-77.04932, 3.88614]}}, {"type": "Feature", "properties": {"obj_type": "11-Residential Buildings", "name": "Unknown", "info": "997-Not Applicable", "simplified": "Residential", "damage_gra": "Destroyed", "det_method": "Photo-interpretation", "notation": "Building point", "or_src_id": 1, "dmg_src_id": 3, "cd_value": "Not Applicable", "aoi": "Buenaventura", "layer": "builtUpP", "municipio": "Buenaventura"}, "geometry": {"type": "Point", "coordinates": [-77.04999, 3.88632]}}, {"type": "Feature", "properties": {"obj_type": "11-Residential Buildings", "name": "Unknown", "info": "997-Not Applicable", "simplified": "Residential", "damage_gra": "Damaged", "det_method": "Photo-interpretation", "notation": "Building point", "or_src_id": 1, "dmg_src_id": 3, "cd_value": "Not Applicable", "aoi": "Buenaventura", "layer": "builtUpP", "municipio": "Buenaventura"}, "geometry": {"type": "Point", "coordinates": [-77.07096, 3.88704]}}, {"type": "Feature", "properties": {"obj_type": "11-Residential Buildings", "name": "Unknown", "info": "997-Not Applicable", "simplified": "Residential", "damage_gra": "Possibly damaged", "det_method": "Photo-interpretation", "notation": "Building point", "or_src_id": 1, "dmg_src_id": 3, "cd_value": "Not Applicable", "aoi": "Buenaventura", "layer": "builtUpP", "municipio": "Buenaventura"}, "geometry": {"type": "Point", "coordinates": [-77.07445, 3.88745]}}, {"type": "Feature", "properties": {"obj_type": "11-Residential Buildings", "name": "Unknown", "info": "997-Not Applicable", "simplified": "Residential", "damage_gra": "Destroyed", "det_method": "Photo-interpretation", "notation": "Building point", "or_src_id": 1, "dmg_src_id": 3, "cd_value": "Not Applicable", "aoi": "Buenaventura", "layer": "builtUpP", "municipio": "Buenaventura"}, "geometry": {"type": "Point", "coordinates": [-77.07552, 3.88753]}}, {"type": "Feature", "properties": {"obj_type": "11-Residential Buildings", "name": "Unknown", "info": "997-Not Applicable", "simplified": "Residential", "damage_gra": "Possibly damaged", "det_method": "Photo-interpretation", "notation": "Building point", "or_src_id": 1, "dmg_src_id": 3, "cd_value": "Not Applicable", "aoi": "Buenaventura", "layer": "builtUpP", "municipio": "Buenaventura"}, "geometry": {"type": "Point", "coordinates": [-77.07449, 3.88768]}}, {"type": "Feature", "properties": {"obj_type": "12-Non-residential Buildings", "name": "Unknown", "info": "127-Other non-residential buildings", "simplified": "Non residential", "damage_gra": "Destroyed", "det_method": "Photo-interpretation", "notation": "Building point", "or_src_id": 1, "dmg_src_id": 3, "cd_value": "Not Applicable", "aoi": "Buenaventura", "layer": "builtUpP", "municipio": "Buenaventura"}, "geometry": {"type": "Point", "coordinates": [-77.06253, 3.88798]}}, {"type": "Feature", "properties": {"obj_type": "12-Non-residential Buildings", "name": "Unknown", "info": "127-Other non-residential buildings", "simplified": "Non residential", "damage_gra": "Damaged", "det_method": "Photo-interpretation", "notation": "Building point", "or_src_id": 1, "dmg_src_id": 3, "cd_value": "Not Applicable", "aoi": "Buenaventura", "layer": "builtUpP", "municipio": "Buenaventura"}, "geometry": {"type": "Point", "coordinates": [-77.08006, 3.88961]}}, {"type": "Feature", "properties": {"obj_type": "11-Residential Buildings", "name": "Unknown", "info": "997-Not Applicable", "simplified": "Residential", "damage_gra": "Damaged", "det_method": "Photo-interpretation", "notation": "Building point", "or_src_id": 1, "dmg_src_id": 3, "cd_value": "Not Applicable", "aoi": "Buenaventura", "layer": "builtUpP", "municipio": "Buenaventura"}, "geometry": {"type": "Point", "coordinates": [-77.04102, 3.88293]}}, {"type": "Feature", "properties": {"obj_type": "11-Residential Buildings", "name": "Unknown", "info": "997-Not Applicable", "simplified": "Residential", "damage_gra": "Damaged", "det_method": "Photo-interpretation", "notation": "Building point", "or_src_id": 1, "dmg_src_id": 3, "cd_value": "Not Applicable", "aoi": "Buenaventura", "layer": "builtUpP", "municipio": "Buenaventura"}, "geometry": {"type": "Point", "coordinates": [-77.0453, 3.88301]}}, {"type": "Feature", "properties": {"obj_type": "11-Residential Buildings", "name": "Unknown", "info": "997-Not Applicable", "simplified": "Residential", "damage_gra": "Damaged", "det_method": "Photo-interpretation", "notation": "Building point", "or_src_id": 1, "dmg_src_id": 3, "cd_value": "Not Applicable", "aoi": "Buenaventura", "layer": "builtUpP", "municipio": "Buenaventura"}, "geometry": {"type": "Point", "coordinates": [-77.04659, 3.88316]}}, {"type": "Feature", "properties": {"obj_type": "11-Residential Buildings", "name": "Unknown", "info": "997-Not Applicable", "simplified": "Residential", "damage_gra": "Damaged", "det_method": "Photo-interpretation", "notation": "Building point", "or_src_id": 1, "dmg_src_id": 3, "cd_value": "Not Applicable", "aoi": "Buenaventura", "layer": "builtUpP", "municipio": "Buenaventura"}, "geometry": {"type": "Point", "coordinates": [-77.04655, 3.88331]}}, {"type": "Feature", "properties": {"obj_type": "11-Residential Buildings", "name": "Unknown", "info": "997-Not Applicable", "simplified": "Residential", "damage_gra": "Damaged", "det_method": "Photo-interpretation", "notation": "Building point", "or_src_id": 1, "dmg_src_id": 3, "cd_value": "Not Applicable", "aoi": "Buenaventura", "layer": "builtUpP", "municipio": "Buenaventura"}, "geometry": {"type": "Point", "coordinates": [-77.04446, 3.8834]}}, {"type": "Feature", "properties": {"obj_type": "11-Residential Buildings", "name": "Unknown", "info": "997-Not Applicable", "simplified": "Residential", "damage_gra": "Damaged", "det_method": "Photo-interpretation", "notation": "Building point", "or_src_id": 1, "dmg_src_id": 3, "cd_value": "Not Applicable", "aoi": "Buenaventura", "layer": "builtUpP", "municipio": "Buenaventura"}, "geometry": {"type": "Point", "coordinates": [-77.04444, 3.88348]}}, {"type": "Feature", "properties": {"obj_type": "11-Residential Buildings", "name": "Unknown", "info": "997-Not Applicable", "simplified": "Residential", "damage_gra": "Damaged", "det_method": "Photo-interpretation", "notation": "Building point", "or_src_id": 1, "dmg_src_id": 3, "cd_value": "Not Applicable", "aoi": "Buenaventura", "layer": "builtUpP", "municipio": "Buenaventura"}, "geometry": {"type": "Point", "coordinates": [-77.0458, 3.88373]}}, {"type": "Feature", "properties": {"obj_type": "11-Residential Buildings", "name": "Unknown", "info": "997-Not Applicable", "simplified": "Residential", "damage_gra": "Damaged", "det_method": "Photo-interpretation", "notation": "Building point", "or_src_id": 1, "dmg_src_id": 3, "cd_value": "Not Applicable", "aoi": "Buenaventura", "layer": "builtUpP", "municipio": "Buenaventura"}, "geometry": {"type": "Point", "coordinates": [-77.04599, 3.88448]}}, {"type": "Feature", "properties": {"obj_type": "11-Residential Buildings", "name": "Unknown", "info": "997-Not Applicable", "simplified": "Residential", "damage_gra": "Destroyed", "det_method": "Photo-interpretation", "notation": "Building point", "or_src_id": 1, "dmg_src_id": 3, "cd_value": "Not Applicable", "aoi": "Buenaventura", "layer": "builtUpP", "municipio": "Buenaventura"}, "geometry": {"type": "Point", "coordinates": [-77.04549, 3.88458]}}, {"type": "Feature", "properties": {"obj_type": "11-Residential Buildings", "name": "Unknown", "info": "997-Not Applicable", "simplified": "Residential", "damage_gra": "Destroyed", "det_method": "Photo-interpretation", "notation": "Building point", "or_src_id": 1, "dmg_src_id": 3, "cd_value": "Not Applicable", "aoi": "Buenaventura", "layer": "builtUpP", "municipio": "Buenaventura"}, "geometry": {"type": "Point", "coordinates": [-77.0455, 3.88464]}}, {"type": "Feature", "properties": {"obj_type": "11-Residential Buildings", "name": "Unknown", "info": "997-Not Applicable", "simplified": "Residential", "damage_gra": "Damaged", "det_method": "Photo-interpretation", "notation": "Building point", "or_src_id": 1, "dmg_src_id": 3, "cd_value": "Not Applicable", "aoi": "Buenaventura", "layer": "builtUpP", "municipio": "Buenaventura"}, "geometry": {"type": "Point", "coordinates": [-77.03021, 3.88364]}}, {"type": "Feature", "properties": {"obj_type": "11-Residential Buildings", "name": "Unknown", "info": "997-Not Applicable", "simplified": "Residential", "damage_gra": "Destroyed", "det_method": "Photo-interpretation", "notation": "Building point", "or_src_id": 1, "dmg_src_id": 3, "cd_value": "Not Applicable", "aoi": "Buenaventura", "layer": "builtUpP", "municipio": "Buenaventura"}, "geometry": {"type": "Point", "coordinates": [-77.0327, 3.88491]}}, {"type": "Feature", "properties": {"obj_type": "12-Non-residential Buildings", "name": "Unknown", "info": "127-Other non-residential buildings", "simplified": "Non residential", "damage_gra": "Damaged", "det_method": "Photo-interpretation", "notation": "Building point", "or_src_id": 1, "dmg_src_id": 3, "cd_value": "Not Applicable", "aoi": "Buenaventura", "layer": "builtUpP", "municipio": "Buenaventura"}, "geometry": {"type": "Point", "coordinates": [-77.0284, 3.88493]}}, {"type": "Feature", "properties": {"obj_type": "11-Residential Buildings", "name": "Unknown", "info": "997-Not Applicable", "simplified": "Residential", "damage_gra": "Destroyed", "det_method": "Photo-interpretation", "notation": "Building point", "or_src_id": 1, "dmg_src_id": 3, "cd_value": "Not Applicable", "aoi": "Buenaventura", "layer": "builtUpP", "municipio": "Buenaventura"}, "geometry": {"type": "Point", "coordinates": [-77.03161, 3.88503]}}, {"type": "Feature", "properties": {"obj_type": "11-Residential Buildings", "name": "Unknown", "info": "997-Not Applicable", "simplified": "Residential", "damage_gra": "Damaged", "det_method": "Photo-interpretation", "notation": "Building point", "or_src_id": 1, "dmg_src_id": 3, "cd_value": "Not Applicable", "aoi": "Buenaventura", "layer": "builtUpP", "municipio": "Buenaventura"}, "geometry": {"type": "Point", "coordinates": [-77.02693, 3.8854]}}, {"type": "Feature", "properties": {"obj_type": "11-Residential Buildings", "name": "Unknown", "info": "997-Not Applicable", "simplified": "Residential", "damage_gra": "Damaged", "det_method": "Photo-interpretation", "notation": "Building point", "or_src_id": 1, "dmg_src_id": 3, "cd_value": "Not Applicable", "aoi": "Buenaventura", "layer": "builtUpP", "municipio": "Buenaventura"}, "geometry": {"type": "Point", "coordinates": [-77.0308, 3.88551]}}, {"type": "Feature", "properties": {"obj_type": "11-Residential Buildings", "name": "Unknown", "info": "997-Not Applicable", "simplified": "Residential", "damage_gra": "Damaged", "det_method": "Photo-interpretation", "notation": "Building point", "or_src_id": 1, "dmg_src_id": 3, "cd_value": "Not Applicable", "aoi": "Buenaventura", "layer": "builtUpP", "municipio": "Buenaventura"}, "geometry": {"type": "Point", "coordinates": [-77.02693, 3.88553]}}, {"type": "Feature", "properties": {"obj_type": "11-Residential Buildings", "name": "Unknown", "info": "997-Not Applicable", "simplified": "Residential", "damage_gra": "Destroyed", "det_method": "Photo-interpretation", "notation": "Building point", "or_src_id": 1, "dmg_src_id": 3, "cd_value": "Not Applicable", "aoi": "Buenaventura", "layer": "builtUpP", "municipio": "Buenaventura"}, "geometry": {"type": "Point", "coordinates": [-77.02673, 3.88555]}}, {"type": "Feature", "properties": {"obj_type": "11-Residential Buildings", "name": "Unknown", "info": "997-Not Applicable", "simplified": "Residential", "damage_gra": "Damaged", "det_method": "Photo-interpretation", "notation": "Building point", "or_src_id": 1, "dmg_src_id": 3, "cd_value": "Not Applicable", "aoi": "Buenaventura", "layer": "builtUpP", "municipio": "Buenaventura"}, "geometry": {"type": "Point", "coordinates": [-77.02428, 3.88616]}}, {"type": "Feature", "properties": {"obj_type": "11-Residential Buildings", "name": "Unknown", "info": "997-Not Applicable", "simplified": "Residential", "damage_gra": "Damaged", "det_method": "Photo-interpretation", "notation": "Building point", "or_src_id": 1, "dmg_src_id": 3, "cd_value": "Not Applicable", "aoi": "Buenaventura", "layer": "builtUpP", "municipio": "Buenaventura"}, "geometry": {"type": "Point", "coordinates": [-77.02436, 3.88623]}}, {"type": "Feature", "properties": {"obj_type": "11-Residential Buildings", "name": "Unknown", "info": "997-Not Applicable", "simplified": "Residential", "damage_gra": "Damaged", "det_method": "Photo-interpretation", "notation": "Building point", "or_src_id": 1, "dmg_src_id": 3, "cd_value": "Not Applicable", "aoi": "Buenaventura", "layer": "builtUpP", "municipio": "Buenaventura"}, "geometry": {"type": "Point", "coordinates": [-77.04164, 3.88473]}}, {"type": "Feature", "properties": {"obj_type": "11-Residential Buildings", "name": "Unknown", "info": "997-Not Applicable", "simplified": "Residential", "damage_gra": "Damaged", "det_method": "Photo-interpretation", "notation": "Building point", "or_src_id": 1, "dmg_src_id": 3, "cd_value": "Not Applicable", "aoi": "Buenaventura", "layer": "builtUpP", "municipio": "Buenaventura"}, "geometry": {"type": "Point", "coordinates": [-77.04238, 3.88476]}}, {"type": "Feature", "properties": {"obj_type": "11-Residential Buildings", "name": "Unknown", "info": "997-Not Applicable", "simplified": "Residential", "damage_gra": "Damaged", "det_method": "Photo-interpretation", "notation": "Building point", "or_src_id": 1, "dmg_src_id": 3, "cd_value": "Not Applicable", "aoi": "Buenaventura", "layer": "builtUpP", "municipio": "Buenaventura"}, "geometry": {"type": "Point", "coordinates": [-77.04164, 3.88483]}}, {"type": "Feature", "properties": {"obj_type": "11-Residential Buildings", "name": "Unknown", "info": "997-Not Applicable", "simplified": "Residential", "damage_gra": "Damaged", "det_method": "Photo-interpretation", "notation": "Building point", "or_src_id": 1, "dmg_src_id": 3, "cd_value": "Not Applicable", "aoi": "Buenaventura", "layer": "builtUpP", "municipio": "Buenaventura"}, "geometry": {"type": "Point", "coordinates": [-77.0458, 3.88488]}}, {"type": "Feature", "properties": {"obj_type": "11-Residential Buildings", "name": "Unknown", "info": "997-Not Applicable", "simplified": "Residential", "damage_gra": "Destroyed", "det_method": "Photo-interpretation", "notation": "Building point", "or_src_id": 1, "dmg_src_id": 3, "cd_value": "Not Applicable", "aoi": "Buenaventura", "layer": "builtUpP", "municipio": "Buenaventura"}, "geometry": {"type": "Point", "coordinates": [-77.04702, 3.885]}}, {"type": "Feature", "properties": {"obj_type": "11-Residential Buildings", "name": "Unknown", "info": "997-Not Applicable", "simplified": "Residential", "damage_gra": "Destroyed", "det_method": "Photo-interpretation", "notation": "Building point", "or_src_id": 1, "dmg_src_id": 3, "cd_value": "Not Applicable", "aoi": "Buenaventura", "layer": "builtUpP", "municipio": "Buenaventura"}, "geometry": {"type": "Point", "coordinates": [-77.04725, 3.88504]}}, {"type": "Feature", "properties": {"obj_type": "11-Residential Buildings", "name": "Unknown", "info": "997-Not Applicable", "simplified": "Residential", "damage_gra": "Destroyed", "det_method": "Photo-interpretation", "notation": "Building point", "or_src_id": 1, "dmg_src_id": 3, "cd_value": "Not Applicable", "aoi": "Buenaventura", "layer": "builtUpP", "municipio": "Buenaventura"}, "geometry": {"type": "Point", "coordinates": [-77.04598, 3.88506]}}, {"type": "Feature", "properties": {"obj_type": "11-Residential Buildings", "name": "Unknown", "info": "997-Not Applicable", "simplified": "Residential", "damage_gra": "Destroyed", "det_method": "Photo-interpretation", "notation": "Building point", "or_src_id": 1, "dmg_src_id": 3, "cd_value": "Not Applicable", "aoi": "Buenaventura", "layer": "builtUpP", "municipio": "Buenaventura"}, "geometry": {"type": "Point", "coordinates": [-77.04564, 3.8851]}}, {"type": "Feature", "properties": {"obj_type": "11-Residential Buildings", "name": "Unknown", "info": "997-Not Applicable", "simplified": "Residential", "damage_gra": "Destroyed", "det_method": "Photo-interpretation", "notation": "Building point", "or_src_id": 1, "dmg_src_id": 3, "cd_value": "Not Applicable", "aoi": "Buenaventura", "layer": "builtUpP", "municipio": "Buenaventura"}, "geometry": {"type": "Point", "coordinates": [-77.04549, 3.88511]}}, {"type": "Feature", "properties": {"obj_type": "11-Residential Buildings", "name": "Unknown", "info": "997-Not Applicable", "simplified": "Residential", "damage_gra": "Damaged", "det_method": "Photo-interpretation", "notation": "Building point", "or_src_id": 1, "dmg_src_id": 3, "cd_value": "Not Applicable", "aoi": "Buenaventura", "layer": "builtUpP", "municipio": "Buenaventura"}, "geometry": {"type": "Point", "coordinates": [-77.04651, 3.88514]}}, {"type": "Feature", "properties": {"obj_type": "11-Residential Buildings", "name": "Unknown", "info": "997-Not Applicable", "simplified": "Residential", "damage_gra": "Damaged", "det_method": "Photo-interpretation", "notation": "Building point", "or_src_id": 1, "dmg_src_id": 3, "cd_value": "Not Applicable", "aoi": "Buenaventura", "layer": "builtUpP", "municipio": "Buenaventura"}, "geometry": {"type": "Point", "coordinates": [-77.04503, 3.88516]}}, {"type": "Feature", "properties": {"obj_type": "11-Residential Buildings", "name": "Unknown", "info": "997-Not Applicable", "simplified": "Residential", "damage_gra": "Destroyed", "det_method": "Photo-interpretation", "notation": "Building point", "or_src_id": 1, "dmg_src_id": 3, "cd_value": "Not Applicable", "aoi": "Buenaventura", "layer": "builtUpP", "municipio": "Buenaventura"}, "geometry": {"type": "Point", "coordinates": [-77.04118, 3.88519]}}, {"type": "Feature", "properties": {"obj_type": "11-Residential Buildings", "name": "Unknown", "info": "997-Not Applicable", "simplified": "Residential", "damage_gra": "Destroyed", "det_method": "Photo-interpretation", "notation": "Building point", "or_src_id": 1, "dmg_src_id": 3, "cd_value": "Not Applicable", "aoi": "Buenaventura", "layer": "builtUpP", "municipio": "Buenaventura"}, "geometry": {"type": "Point", "coordinates": [-77.04108, 3.8852]}}, {"type": "Feature", "properties": {"obj_type": "11-Residential Buildings", "name": "Unknown", "info": "997-Not Applicable", "simplified": "Residential", "damage_gra": "Destroyed", "det_method": "Photo-interpretation", "notation": "Building point", "or_src_id": 1, "dmg_src_id": 3, "cd_value": "Not Applicable", "aoi": "Buenaventura", "layer": "builtUpP", "municipio": "Buenaventura"}, "geometry": {"type": "Point", "coordinates": [-77.04596, 3.88527]}}, {"type": "Feature", "properties": {"obj_type": "11-Residential Buildings", "name": "Unknown", "info": "997-Not Applicable", "simplified": "Residential", "damage_gra": "Destroyed", "det_method": "Photo-interpretation", "notation": "Building point", "or_src_id": 1, "dmg_src_id": 3, "cd_value": "Not Applicable", "aoi": "Buenaventura", "layer": "builtUpP", "municipio": "Buenaventura"}, "geometry": {"type": "Point", "coordinates": [-77.04685, 3.88532]}}, {"type": "Feature", "properties": {"obj_type": "11-Residential Buildings", "name": "Unknown", "info": "997-Not Applicable", "simplified": "Residential", "damage_gra": "Destroyed", "det_method": "Photo-interpretation", "notation": "Building point", "or_src_id": 1, "dmg_src_id": 3, "cd_value": "Not Applicable", "aoi": "Buenaventura", "layer": "builtUpP", "municipio": "Buenaventura"}, "geometry": {"type": "Point", "coordinates": [-77.04703, 3.88538]}}, {"type": "Feature", "properties": {"obj_type": "11-Residential Buildings", "name": "Unknown", "info": "997-Not Applicable", "simplified": "Residential", "damage_gra": "Destroyed", "det_method": "Photo-interpretation", "notation": "Building point", "or_src_id": 1, "dmg_src_id": 3, "cd_value": "Not Applicable", "aoi": "Buenaventura", "layer": "builtUpP", "municipio": "Buenaventura"}, "geometry": {"type": "Point", "coordinates": [-77.04612, 3.88539]}}, {"type": "Feature", "properties": {"obj_type": "11-Residential Buildings", "name": "Unknown", "info": "997-Not Applicable", "simplified": "Residential", "damage_gra": "Destroyed", "det_method": "Photo-interpretation", "notation": "Building point", "or_src_id": 1, "dmg_src_id": 3, "cd_value": "Not Applicable", "aoi": "Buenaventura", "layer": "builtUpP", "municipio": "Buenaventura"}, "geometry": {"type": "Point", "coordinates": [-77.0454, 3.88539]}}, {"type": "Feature", "properties": {"obj_type": "11-Residential Buildings", "name": "Unknown", "info": "997-Not Applicable", "simplified": "Residential", "damage_gra": "Damaged", "det_method": "Photo-interpretation", "notation": "Building point", "or_src_id": 1, "dmg_src_id": 3, "cd_value": "Not Applicable", "aoi": "Buenaventura", "layer": "builtUpP", "municipio": "Buenaventura"}, "geometry": {"type": "Point", "coordinates": [-77.04542, 3.88544]}}, {"type": "Feature", "properties": {"obj_type": "11-Residential Buildings", "name": "Unknown", "info": "997-Not Applicable", "simplified": "Residential", "damage_gra": "Destroyed", "det_method": "Photo-interpretation", "notation": "Building point", "or_src_id": 1, "dmg_src_id": 3, "cd_value": "Not Applicable", "aoi": "Buenaventura", "layer": "builtUpP", "municipio": "Buenaventura"}, "geometry": {"type": "Point", "coordinates": [-77.04623, 3.88545]}}, {"type": "Feature", "properties": {"obj_type": "11-Residential Buildings", "name": "Unknown", "info": "997-Not Applicable", "simplified": "Residential", "damage_gra": "Damaged", "det_method": "Photo-interpretation", "notation": "Building point", "or_src_id": 1, "dmg_src_id": 4, "cd_value": "Not Applicable", "aoi": "Buenaventura", "layer": "builtUpP", "municipio": "Buenaventura"}, "geometry": {"type": "Point", "coordinates": [-77.00238, 3.88507]}}, {"type": "Feature", "properties": {"obj_type": "11-Residential Buildings", "name": "Unknown", "info": "997-Not Applicable", "simplified": "Residential", "damage_gra": "Possibly damaged", "det_method": "Photo-interpretation", "notation": "Building point", "or_src_id": 1, "dmg_src_id": 4, "cd_value": "Not Applicable", "aoi": "Buenaventura", "layer": "builtUpP", "municipio": "Buenaventura"}, "geometry": {"type": "Point", "coordinates": [-77.00405, 3.88511]}}, {"type": "Feature", "properties": {"obj_type": "11-Residential Buildings", "name": "Unknown", "info": "997-Not Applicable", "simplified": "Residential", "damage_gra": "Destroyed", "det_method": "Photo-interpretation", "notation": "Building point", "or_src_id": 1, "dmg_src_id": 4, "cd_value": "Not Applicable", "aoi": "Buenaventura", "layer": "builtUpP", "municipio": "Buenaventura"}, "geometry": {"type": "Point", "coordinates": [-77.00268, 3.8852]}}, {"type": "Feature", "properties": {"obj_type": "12-Non-residential Buildings", "name": "Unknown", "info": "1263-School, university and research buildings", "simplified": "Non residential", "damage_gra": "Damaged", "det_method": "Photo-interpretation", "notation": "Building point", "or_src_id": 1, "dmg_src_id": 4, "cd_value": "Not Applicable", "aoi": "Buenaventura", "layer": "builtUpP", "municipio": "Buenaventura"}, "geometry": {"type": "Point", "coordinates": [-77.00442, 3.88551]}}, {"type": "Feature", "properties": {"obj_type": "12-Non-residential Buildings", "name": "Unknown", "info": "1263-School, university and research buildings", "simplified": "Non residential", "damage_gra": "Damaged", "det_method": "Photo-interpretation", "notation": "Building point", "or_src_id": 1, "dmg_src_id": 4, "cd_value": "Not Applicable", "aoi": "Buenaventura", "layer": "builtUpP", "municipio": "Buenaventura"}, "geometry": {"type": "Point", "coordinates": [-77.00433, 3.88563]}}, {"type": "Feature", "properties": {"obj_type": "11-Residential Buildings", "name": "Unknown", "info": "997-Not Applicable", "simplified": "Residential", "damage_gra": "Destroyed", "det_method": "Photo-interpretation", "notation": "Building point", "or_src_id": 1, "dmg_src_id": 3, "cd_value": "Not Applicable", "aoi": "Buenaventura", "layer": "builtUpP", "municipio": "Buenaventura"}, "geometry": {"type": "Point", "coordinates": [-77.04612, 3.88548]}}, {"type": "Feature", "properties": {"obj_type": "11-Residential Buildings", "name": "Unknown", "info": "997-Not Applicable", "simplified": "Residential", "damage_gra": "Destroyed", "det_method": "Photo-interpretation", "notation": "Building point", "or_src_id": 1, "dmg_src_id": 3, "cd_value": "Not Applicable", "aoi": "Buenaventura", "layer": "builtUpP", "municipio": "Buenaventura"}, "geometry": {"type": "Point", "coordinates": [-77.04575, 3.88548]}}, {"type": "Feature", "properties": {"obj_type": "11-Residential Buildings", "name": "Unknown", "info": "997-Not Applicable", "simplified": "Residential", "damage_gra": "Destroyed", "det_method": "Photo-interpretation", "notation": "Building point", "or_src_id": 1, "dmg_src_id": 3, "cd_value": "Not Applicable", "aoi": "Buenaventura", "layer": "builtUpP", "municipio": "Buenaventura"}, "geometry": {"type": "Point", "coordinates": [-77.04543, 3.88551]}}, {"type": "Feature", "properties": {"obj_type": "11-Residential Buildings", "name": "Unknown", "info": "997-Not Applicable", "simplified": "Residential", "damage_gra": "Destroyed", "det_method": "Photo-interpretation", "notation": "Building point", "or_src_id": 1, "dmg_src_id": 3, "cd_value": "Not Applicable", "aoi": "Buenaventura", "layer": "builtUpP", "municipio": "Buenaventura"}, "geometry": {"type": "Point", "coordinates": [-77.04589, 3.88558]}}, {"type": "Feature", "properties": {"obj_type": "11-Residential Buildings", "name": "Unknown", "info": "997-Not Applicable", "simplified": "Residential", "damage_gra": "Destroyed", "det_method": "Photo-interpretation", "notation": "Building point", "or_src_id": 1, "dmg_src_id": 3, "cd_value": "Not Applicable", "aoi": "Buenaventura", "layer": "builtUpP", "municipio": "Buenaventura"}, "geometry": {"type": "Point", "coordinates": [-77.04609, 3.88558]}}, {"type": "Feature", "properties": {"obj_type": "11-Residential Buildings", "name": "Unknown", "info": "997-Not Applicable", "simplified": "Residential", "damage_gra": "Destroyed", "det_method": "Photo-interpretation", "notation": "Building point", "or_src_id": 1, "dmg_src_id": 3, "cd_value": "Not Applicable", "aoi": "Buenaventura", "layer": "builtUpP", "municipio": "Buenaventura"}, "geometry": {"type": "Point", "coordinates": [-77.04544, 3.88574]}}, {"type": "Feature", "properties": {"obj_type": "11-Residential Buildings", "name": "Unknown", "info": "997-Not Applicable", "simplified": "Residential", "damage_gra": "Destroyed", "det_method": "Photo-interpretation", "notation": "Building point", "or_src_id": 1, "dmg_src_id": 3, "cd_value": "Not Applicable", "aoi": "Buenaventura", "layer": "builtUpP", "municipio": "Buenaventura"}, "geometry": {"type": "Point", "coordinates": [-77.04618, 3.88575]}}, {"type": "Feature", "properties": {"obj_type": "11-Residential Buildings", "name": "Unknown", "info": "997-Not Applicable", "simplified": "Residential", "damage_gra": "Destroyed", "det_method": "Photo-interpretation", "notation": "Building point", "or_src_id": 1, "dmg_src_id": 3, "cd_value": "Not Applicable", "aoi": "Buenaventura", "layer": "builtUpP", "municipio": "Buenaventura"}, "geometry": {"type": "Point", "coordinates": [-77.04606, 3.88597]}}, {"type": "Feature", "properties": {"obj_type": "11-Residential Buildings", "name": "Unknown", "info": "997-Not Applicable", "simplified": "Residential", "damage_gra": "Destroyed", "det_method": "Photo-interpretation", "notation": "Building point", "or_src_id": 1, "dmg_src_id": 3, "cd_value": "Not Applicable", "aoi": "Buenaventura", "layer": "builtUpP", "municipio": "Buenaventura"}, "geometry": {"type": "Point", "coordinates": [-77.04578, 3.88612]}}, {"type": "Feature", "properties": {"obj_type": "11-Residential Buildings", "name": "Unknown", "info": "997-Not Applicable", "simplified": "Residential", "damage_gra": "Damaged", "det_method": "Photo-interpretation", "notation": "Building point", "or_src_id": 1, "dmg_src_id": 3, "cd_value": "Not Applicable", "aoi": "Buenaventura", "layer": "builtUpP", "municipio": "Buenaventura"}, "geometry": {"type": "Point", "coordinates": [-77.04558, 3.88632]}}, {"type": "Feature", "properties": {"obj_type": "11-Residential Buildings", "name": "Unknown", "info": "997-Not Applicable", "simplified": "Residential", "damage_gra": "Destroyed", "det_method": "Photo-interpretation", "notation": "Building point", "or_src_id": 1, "dmg_src_id": 3, "cd_value": "Not Applicable", "aoi": "Buenaventura", "layer": "builtUpP", "municipio": "Buenaventura"}, "geometry": {"type": "Point", "coordinates": [-77.04639, 3.88642]}}, {"type": "Feature", "properties": {"obj_type": "11-Residential Buildings", "name": "Unknown", "info": "997-Not Applicable", "simplified": "Residential", "damage_gra": "Destroyed", "det_method": "Photo-interpretation", "notation": "Building point", "or_src_id": 1, "dmg_src_id": 3, "cd_value": "Not Applicable", "aoi": "Buenaventura", "layer": "builtUpP", "municipio": "Buenaventura"}, "geometry": {"type": "Point", "coordinates": [-77.04544, 3.88651]}}, {"type": "Feature", "properties": {"obj_type": "11-Residential Buildings", "name": "Unknown", "info": "997-Not Applicable", "simplified": "Residential", "damage_gra": "Destroyed", "det_method": "Photo-interpretation", "notation": "Building point", "or_src_id": 1, "dmg_src_id": 3, "cd_value": "Not Applicable", "aoi": "Buenaventura", "layer": "builtUpP", "municipio": "Buenaventura"}, "geometry": {"type": "Point", "coordinates": [-77.04546, 3.88664]}}, {"type": "Feature", "properties": {"obj_type": "11-Residential Buildings", "name": "Unknown", "info": "997-Not Applicable", "simplified": "Residential", "damage_gra": "Damaged", "det_method": "Photo-interpretation", "notation": "Building point", "or_src_id": 1, "dmg_src_id": 3, "cd_value": "Not Applicable", "aoi": "Buenaventura", "layer": "builtUpP", "municipio": "Buenaventura"}, "geometry": {"type": "Point", "coordinates": [-77.04547, 3.8869]}}, {"type": "Feature", "properties": {"obj_type": "11-Residential Buildings", "name": "Unknown", "info": "997-Not Applicable", "simplified": "Residential", "damage_gra": "Destroyed", "det_method": "Photo-interpretation", "notation": "Building point", "or_src_id": 1, "dmg_src_id": 3, "cd_value": "Not Applicable", "aoi": "Buenaventura", "layer": "builtUpP", "municipio": "Buenaventura"}, "geometry": {"type": "Point", "coordinates": [-77.04583, 3.88702]}}, {"type": "Feature", "properties": {"obj_type": "11-Residential Buildings", "name": "Unknown", "info": "997-Not Applicable", "simplified": "Residential", "damage_gra": "Damaged", "det_method": "Photo-interpretation", "notation": "Building point", "or_src_id": 1, "dmg_src_id": 3, "cd_value": "Not Applicable", "aoi": "Buenaventura", "layer": "builtUpP", "municipio": "Buenaventura"}, "geometry": {"type": "Point", "coordinates": [-77.04567, 3.88704]}}, {"type": "Feature", "properties": {"obj_type": "11-Residential Buildings", "name": "Unknown", "info": "997-Not Applicable", "simplified": "Residential", "damage_gra": "Possibly damaged", "det_method": "Photo-interpretation", "notation": "Building point", "or_src_id": 1, "dmg_src_id": 3, "cd_value": "Not Applicable", "aoi": "Buenaventura", "layer": "builtUpP", "municipio": "Buenaventura"}, "geometry": {"type": "Point", "coordinates": [-77.02596, 3.88665]}}, {"type": "Feature", "properties": {"obj_type": "11-Residential Buildings", "name": "Unknown", "info": "997-Not Applicable", "simplified": "Residential", "damage_gra": "Destroyed", "det_method": "Photo-interpretation", "notation": "Building point", "or_src_id": 1, "dmg_src_id": 3, "cd_value": "Not Applicable", "aoi": "Buenaventura", "layer": "builtUpP", "municipio": "Buenaventura"}, "geometry": {"type": "Point", "coordinates": [-77.02807, 3.8874]}}, {"type": "Feature", "properties": {"obj_type": "11-Residential Buildings", "name": "Unknown", "info": "997-Not Applicable", "simplified": "Residential", "damage_gra": "Destroyed", "det_method": "Photo-interpretation", "notation": "Building point", "or_src_id": 1, "dmg_src_id": 3, "cd_value": "Not Applicable", "aoi": "Buenaventura", "layer": "builtUpP", "municipio": "Buenaventura"}, "geometry": {"type": "Point", "coordinates": [-77.0191, 3.88755]}}, {"type": "Feature", "properties": {"obj_type": "11-Residential Buildings", "name": "Unknown", "info": "997-Not Applicable", "simplified": "Residential", "damage_gra": "Destroyed", "det_method": "Photo-interpretation", "notation": "Building point", "or_src_id": 1, "dmg_src_id": 3, "cd_value": "Not Applicable", "aoi": "Buenaventura", "layer": "builtUpP", "municipio": "Buenaventura"}, "geometry": {"type": "Point", "coordinates": [-77.02829, 3.88763]}}, {"type": "Feature", "properties": {"obj_type": "11-Residential Buildings", "name": "Unknown", "info": "997-Not Applicable", "simplified": "Residential", "damage_gra": "Damaged", "det_method": "Photo-interpretation", "notation": "Building point", "or_src_id": 1, "dmg_src_id": 3, "cd_value": "Not Applicable", "aoi": "Buenaventura", "layer": "builtUpP", "municipio": "Buenaventura"}, "geometry": {"type": "Point", "coordinates": [-77.02099, 3.88807]}}, {"type": "Feature", "properties": {"obj_type": "11-Residential Buildings", "name": "Unknown", "info": "997-Not Applicable", "simplified": "Residential", "damage_gra": "Damaged", "det_method": "Photo-interpretation", "notation": "Building point", "or_src_id": 1, "dmg_src_id": 3, "cd_value": "Not Applicable", "aoi": "Buenaventura", "layer": "builtUpP", "municipio": "Buenaventura"}, "geometry": {"type": "Point", "coordinates": [-77.02107, 3.88812]}}]}