{"type": "FeatureCollection", "features": [{"type": "Feature", "geometry": {"type": "Point", "coordinates": [-75.51972200009361, 5.063610999801884]}, "properties": {"cod_dane": "117001000033", "nombre_sede": "INSTITUCIÓN EDUCATIVA SIETE DE AGOSTO", "nombre_establecimiento": "INSTITUCIÓN EDUCATIVA SIETE DE AGOSTO", "sector": "OFICIAL", "zona": "URBANA", "nom_mun": "MANIZALES", "nom_dep": "CALDAS", "estado_fisico": "Afectación menor", "total_matricula": 343.0, "confianza_geo": "2 - MEDIA"}}, {"type": "Feature", "geometry": {"type": "Point", "coordinates": [-75.5266405603072, 5.079926649905271]}, "properties": {"cod_dane": "117001000157", "nombre_sede": "INSTITUCIÓN EDUCATIVA INSTITUTO CHIPRE", "nombre_establecimiento": "INSTITUCIÓN EDUCATIVA INSTITUTO CHIPRE", "sector": "OFICIAL", "zona": "URBANA", "nom_mun": "MANIZALES", "nom_dep": "CALDAS", "estado_fisico": "Afectación menor", "total_matricula": 518.0, "confianza_geo": "2 - MEDIA"}}, {"type": "Feature", "geometry": {"type": "Point", "coordinates": [-75.49027799997609, 5.059444000155802]}, "properties": {"cod_dane": "117001000165", "nombre_sede": "INSTITUCIÓN EDUCATIVA ESCUELA NORMAL SUPERIOR DE MANIZALES", "nombre_establecimiento": "INSTITUCIÓN EDUCATIVA ESCUELA NORMAL SUPERIOR DE MANIZALES", "sector": "OFICIAL", "zona": "URBANA", "nom_mun": "MANIZALES", "nom_dep": "CALDAS", "estado_fisico": "Afectación menor", "total_matricula": 1658.0, "confianza_geo": "2 - MEDIA"}}, {"type": "Feature", "geometry": {"type": "Point", "coordinates": [-75.52305600025257, 5.062777999674039]}, "properties": {"cod_dane": "117001000459", "nombre_sede": "INSTITUCION EDUCATIVA INSTITUTO PABLO VI SEDE B", "nombre_establecimiento": "INSTITUCIÓN EDUCATIVA INSTITUTO PABLO VI", "sector": "OFICIAL", "zona": "URBANA", "nom_mun": "MANIZALES", "nom_dep": "CALDAS", "estado_fisico": "Afectación parcial", "total_matricula": 216.0, "confianza_geo": "2 - MEDIA"}}, {"type": "Feature", "geometry": {"type": "Point", "coordinates": [-75.52500000034148, 5.073889000047325]}, "properties": {"cod_dane": "117001000530", "nombre_sede": "INSTITUCIÓN EDUCATIVA INSTITUTO CHIPRE SEDE B", "nombre_establecimiento": "INSTITUCIÓN EDUCATIVA INSTITUTO CHIPRE", "sector": "OFICIAL", "zona": "URBANA", "nom_mun": "MANIZALES", "nom_dep": "CALDAS", "estado_fisico": "Afectación menor", "total_matricula": 542.0, "confianza_geo": "2 - MEDIA"}}, {"type": "Feature", "geometry": {"type": "Point", "coordinates": [-75.51611099992522, 5.065000000279574]}, "properties": {"cod_dane": "117001000572", "nombre_sede": "INSTITUCIÓN EDUCATIVA GRAN COLOMBIA", "nombre_establecimiento": "INSTITUCIÓN EDUCATIVA GRAN COLOMBIA", "sector": "OFICIAL", "zona": "URBANA", "nom_mun": "MANIZALES", "nom_dep": "CALDAS", "estado_fisico": "Colapso parcial", "total_matricula": 234.0, "confianza_geo": "2 - MEDIA"}}, {"type": "Feature", "geometry": {"type": "Point", "coordinates": [-75.50166700014996, 5.051944000375197]}, "properties": {"cod_dane": "117001000602", "nombre_sede": "INSTITUCIÓN EDUCATIVA EUGENIO PACELLI", "nombre_establecimiento": "INSTITUCIÓN EDUCATIVA EUGENIO PACELLI", "sector": "OFICIAL", "zona": "URBANA", "nom_mun": "MANIZALES", "nom_dep": "CALDAS", "estado_fisico": "Afectación menor", "total_matricula": 204.0, "confianza_geo": "2 - MEDIA"}}, {"type": "Feature", "geometry": {"type": "Point", "coordinates": [-75.50259000023978, 5.0620440004381475]}, "properties": {"cod_dane": "117001000611", "nombre_sede": "INSTITUCIÓN EDUCATIVA INSTITUTO LATINOAMERICANO", "nombre_establecimiento": "INSTITUCIÓN EDUCATIVA INSTITUTO LATINOAMERICANO", "sector": "OFICIAL", "zona": "URBANA", "nom_mun": "MANIZALES", "nom_dep": "CALDAS", "estado_fisico": "Afectación menor", "total_matricula": 466.0, "confianza_geo": "2 - MEDIA"}}, {"type": "Feature", "geometry": {"type": "Point", "coordinates": [-75.47972200037866, 5.051388999786572]}, "properties": {"cod_dane": "117001000629", "nombre_sede": "INSTITUCIÓN EDUCATIVA ESCUELA NACIONAL AUXILIARES DE ENFERMERIA SEDE A", "nombre_establecimiento": "INSTITUCIÓN EDUCATIVA ESCUELA NACIONAL AUXILIARES DE ENFERMERIA", "sector": "OFICIAL", "zona": "URBANA", "nom_mun": "MANIZALES", "nom_dep": "CALDAS", "estado_fisico": "Afectación menor", "total_matricula": 611.0, "confianza_geo": "2 - MEDIA"}}, {"type": "Feature", "geometry": {"type": "Point", "coordinates": [-75.49488341001117, 5.052327710416537]}, "properties": {"cod_dane": "117001000653", "nombre_sede": "INSTITUCIÓN EDUCATIVA ATANASIO GIRARDOT", "nombre_establecimiento": "INSTITUCIÓN EDUCATIVA ATANASIO GIRARDOT", "sector": "OFICIAL", "zona": "URBANA", "nom_mun": "MANIZALES", "nom_dep": "CALDAS", "estado_fisico": "Afectación menor", "total_matricula": 238.0, "confianza_geo": "2 - MEDIA"}}, {"type": "Feature", "geometry": {"type": "Point", "coordinates": [-75.49444399998826, 5.067778000333915]}, "properties": {"cod_dane": "117001000947", "nombre_sede": "INSTITUCIÓN EDUCATIVA LA ASUNCION SEDE A", "nombre_establecimiento": "INSTITUCIÓN EDUCATIVA LA ASUNCION", "sector": "OFICIAL", "zona": "URBANA", "nom_mun": "MANIZALES", "nom_dep": "CALDAS", "estado_fisico": "Afectación menor", "total_matricula": 153.0, "confianza_geo": "2 - MEDIA"}}, {"type": "Feature", "geometry": {"type": "Point", "coordinates": [-75.50861099975408, 5.059722000391588]}, "properties": {"cod_dane": "117001000998", "nombre_sede": "INSTITUCIÓN EDUCATIVA LEONARDO DA VINCI", "nombre_establecimiento": "INSTITUCIÓN EDUCATIVA LEONARDO DA VINCI", "sector": "OFICIAL", "zona": "URBANA", "nom_mun": "MANIZALES", "nom_dep": "CALDAS", "estado_fisico": "Colapso parcial", "total_matricula": 519.0, "confianza_geo": "2 - MEDIA"}}, {"type": "Feature", "geometry": {"type": "Point", "coordinates": [-75.50416699990755, 5.061111000272975]}, "properties": {"cod_dane": "117001001030", "nombre_sede": "INSTITUCION EDUCATIVA INSTITUTO LATINOAMERICANO SEDE B", "nombre_establecimiento": "INSTITUCIÓN EDUCATIVA INSTITUTO LATINOAMERICANO", "sector": "OFICIAL", "zona": "URBANA", "nom_mun": "MANIZALES", "nom_dep": "CALDAS", "estado_fisico": "Afectación parcial", "total_matricula": 116.0, "confianza_geo": "2 - MEDIA"}}, {"type": "Feature", "geometry": {"type": "Point", "coordinates": [-75.51944400025927, 5.061943999863356]}, "properties": {"cod_dane": "117001001072", "nombre_sede": "INSTITUCION EDUCATIVA SIETE DE AGOSTO SEDE A", "nombre_establecimiento": "INSTITUCIÓN EDUCATIVA SIETE DE AGOSTO", "sector": "OFICIAL", "zona": "URBANA", "nom_mun": "MANIZALES", "nom_dep": "CALDAS", "estado_fisico": "Afectación menor", "total_matricula": 169.0, "confianza_geo": "2 - MEDIA"}}, {"type": "Feature", "geometry": {"type": "Point", "coordinates": [-75.50527800031834, 5.062499999856624]}, "properties": {"cod_dane": "117001001323", "nombre_sede": "INSTITUCION EDUCATIVA INSTITUTO LATINOAMERICANO SEDE A", "nombre_establecimiento": "INSTITUCIÓN EDUCATIVA INSTITUTO LATINOAMERICANO", "sector": "OFICIAL", "zona": "URBANA", "nom_mun": "MANIZALES", "nom_dep": "CALDAS", "estado_fisico": "Afectación menor", "total_matricula": 233.0, "confianza_geo": "2 - MEDIA"}}, {"type": "Feature", "geometry": {"type": "Point", "coordinates": [-75.52416699976503, 5.0616670000874695]}, "properties": {"cod_dane": "117001001340", "nombre_sede": "INSTITUCION EDUCATIVA INSTITUTO PABLO VI SEDE C", "nombre_establecimiento": "INSTITUCIÓN EDUCATIVA INSTITUTO PABLO VI", "sector": "OFICIAL", "zona": "URBANA", "nom_mun": "MANIZALES", "nom_dep": "CALDAS", "estado_fisico": "Afectación menor", "total_matricula": 102.0, "confianza_geo": "2 - MEDIA"}}, {"type": "Feature", "geometry": {"type": "Point", "coordinates": [-75.50861699960187, 5.0674570001715695]}, "properties": {"cod_dane": "117001001536", "nombre_sede": "INSTITUCIÓN EDUCATIVA INSTITUTO UNIVERSITARIO DE CALDAS", "nombre_establecimiento": "INSTITUCIÓN EDUCATIVA INSTITUTO UNIVERSITARIO DE CALDAS", "sector": "OFICIAL", "zona": "URBANA", "nom_mun": "MANIZALES", "nom_dep": "CALDAS", "estado_fisico": "Colapso parcial", "total_matricula": 1481.0, "confianza_geo": "2 - MEDIA"}}, {"type": "Feature", "geometry": {"type": "Point", "coordinates": [-75.49932115039678, 5.06409423967451]}, "properties": {"cod_dane": "117001001544", "nombre_sede": "INSTITUCIÓN EDUCATIVA ESCUELA NORMAL SUPERIOR DE CALDAS", "nombre_establecimiento": "INSTITUCIÓN EDUCATIVA ESCUELA NORMAL SUPERIOR DE CALDAS", "sector": "OFICIAL", "zona": "URBANA", "nom_mun": "MANIZALES", "nom_dep": "CALDAS", "estado_fisico": "Afectación menor", "total_matricula": 1359.0, "confianza_geo": "2 - MEDIA"}}, {"type": "Feature", "geometry": {"type": "Point", "coordinates": [-75.51333300033325, 5.0616670000874695]}, "properties": {"cod_dane": "117001001609", "nombre_sede": "INSTITUCIÓN EDUCATIVA COLEGIO ANDRES BELLO", "nombre_establecimiento": "INSTITUCIÓN EDUCATIVA COLEGIO ANDRES BELLO", "sector": "OFICIAL", "zona": "URBANA", "nom_mun": "MANIZALES", "nom_dep": "CALDAS", "estado_fisico": "Colapso parcial", "total_matricula": 702.0, "confianza_geo": "2 - MEDIA"}}, {"type": "Feature", "geometry": {"type": "Point", "coordinates": [-75.51561592220246, 5.064515928912323]}, "properties": {"cod_dane": "117001001625", "nombre_sede": "INSTITUCIÓN EDUCATIVA GRAN COLOMBIA SEDE A", "nombre_establecimiento": "INSTITUCIÓN EDUCATIVA GRAN COLOMBIA", "sector": "OFICIAL", "zona": "URBANA", "nom_mun": "MANIZALES", "nom_dep": "CALDAS", "estado_fisico": "Afectación menor", "total_matricula": 146.0, "confianza_geo": "2 - MEDIA"}}, {"type": "Feature", "geometry": {"type": "Point", "coordinates": [-75.5019440001594, 5.046944000021495]}, "properties": {"cod_dane": "117001001714", "nombre_sede": "INSTITUCIÓN EDUCATIVA MALABAR SEDE A", "nombre_establecimiento": "INSTITUCIÓN EDUCATIVA MALABAR", "sector": "OFICIAL", "zona": "URBANA", "nom_mun": "MANIZALES", "nom_dep": "CALDAS", "estado_fisico": "Afectación parcial", "total_matricula": 385.0, "confianza_geo": "2 - MEDIA"}}, {"type": "Feature", "geometry": {"type": "Point", "coordinates": [-75.49916700039235, 5.0616670000874695]}, "properties": {"cod_dane": "117001001731", "nombre_sede": "INSTITUCIÓN EDUCATIVA ESCUELA NORMAL SUPERIOR DE CALDAS SEDE A", "nombre_establecimiento": "INSTITUCIÓN EDUCATIVA ESCUELA NORMAL SUPERIOR DE CALDAS", "sector": "OFICIAL", "zona": "URBANA", "nom_mun": "MANIZALES", "nom_dep": "CALDAS", "estado_fisico": "Afectación menor", "total_matricula": 878.0, "confianza_geo": "2 - MEDIA"}}, {"type": "Feature", "geometry": {"type": "Point", "coordinates": [-75.51111100041, 5.068055999671042]}, "properties": {"cod_dane": "117001001765", "nombre_sede": "INSTITUCIÓN EDUCATIVA LICEO ISABEL LA CATOLICA", "nombre_establecimiento": "INSTITUCIÓN EDUCATIVA LICEO ISABEL LA CATOLICA", "sector": "OFICIAL", "zona": "URBANA", "nom_mun": "MANIZALES", "nom_dep": "CALDAS", "estado_fisico": "Colapso parcial", "total_matricula": 424.0, "confianza_geo": "2 - MEDIA"}}, {"type": "Feature", "geometry": {"type": "Point", "coordinates": [-75.52444399977448, 5.080278000387144]}, "properties": {"cod_dane": "117001001773", "nombre_sede": "INSTITUCIÓN EDUCATIVA INSTITUTO CHIPRE SEDE A", "nombre_establecimiento": "INSTITUCIÓN EDUCATIVA INSTITUTO CHIPRE", "sector": "OFICIAL", "zona": "URBANA", "nom_mun": "MANIZALES", "nom_dep": "CALDAS", "estado_fisico": "Afectación menor", "total_matricula": 211.0, "confianza_geo": "2 - MEDIA"}}, {"type": "Feature", "geometry": {"type": "Point", "coordinates": [-75.51365103628319, 5.071438884149574]}, "properties": {"cod_dane": "117001001919", "nombre_sede": "INSTITUCIÓN EDUCATIVA INSTITUTO MANIZALES", "nombre_establecimiento": "INSTITUCIÓN EDUCATIVA INSTITUTO MANIZALES", "sector": "OFICIAL", "zona": "URBANA", "nom_mun": "MANIZALES", "nom_dep": "CALDAS", "estado_fisico": "Afectación parcial", "total_matricula": 1042.0, "confianza_geo": "2 - MEDIA"}}, {"type": "Feature", "geometry": {"type": "Point", "coordinates": [-75.51182799973718, 5.062297999824223]}, "properties": {"cod_dane": "117001002087", "nombre_sede": "INSTITUCIÓN EDUCATIVA COLEGIO PERPETUO SOCORRO", "nombre_establecimiento": "INSTITUCIÓN EDUCATIVA COLEGIO PERPETUO SOCORRO", "sector": "OFICIAL", "zona": "URBANA", "nom_mun": "MANIZALES", "nom_dep": "CALDAS", "estado_fisico": "Afectación menor", "total_matricula": 387.0, "confianza_geo": "2 - MEDIA"}}, {"type": "Feature", "geometry": {"type": "Point", "coordinates": [-75.50472199975134, 5.0533329999392915]}, "properties": {"cod_dane": "117001002095", "nombre_sede": "INSTITUCIÓN EDUCATIVA SANTO DOMINGO SAVIO SEDE A", "nombre_establecimiento": "INSTITUCIÓN EDUCATIVA SANTO DOMINGO SAVIO", "sector": "OFICIAL", "zona": "URBANA", "nom_mun": "MANIZALES", "nom_dep": "CALDAS", "estado_fisico": "Afectación menor", "total_matricula": 82.0, "confianza_geo": "2 - MEDIA"}}, {"type": "Feature", "geometry": {"type": "Point", "coordinates": [-75.4594439997885, 5.030556000443321]}, "properties": {"cod_dane": "117001002176", "nombre_sede": "INSTITUCIÓN EDUCATIVA SAN PIO X", "nombre_establecimiento": "INSTITUCIÓN EDUCATIVA SAN PIO X", "sector": "OFICIAL", "zona": "URBANA", "nom_mun": "MANIZALES", "nom_dep": "CALDAS", "estado_fisico": "Afectación menor", "total_matricula": 377.0, "confianza_geo": "2 - MEDIA"}}, {"type": "Feature", "geometry": {"type": "Point", "coordinates": [-75.52113037430448, 5.066076806285963]}, "properties": {"cod_dane": "117001002257", "nombre_sede": "INSTITUCIÓN EDUCATIVA LICEO LEON DE GREIFF", "nombre_establecimiento": "INSTITUCIÓN EDUCATIVA LICEO LEON DE GREIFF", "sector": "OFICIAL", "zona": "URBANA", "nom_mun": "MANIZALES", "nom_dep": "CALDAS", "estado_fisico": "Colapso parcial", "total_matricula": 1029.0, "confianza_geo": "2 - MEDIA"}}, {"type": "Feature", "geometry": {"type": "Point", "coordinates": [-75.51929699994618, 5.0724120001672315]}, "properties": {"cod_dane": "117001002265", "nombre_sede": "INSTITUCIÓN EDUCATIVA VILLA DEL PILAR SEDE A", "nombre_establecimiento": "INSTITUCIÓN EDUCATIVA VILLA DEL PILAR", "sector": "OFICIAL", "zona": "URBANA", "nom_mun": "MANIZALES", "nom_dep": "CALDAS", "estado_fisico": "Afectación menor", "total_matricula": 181.0, "confianza_geo": "2 - MEDIA"}}, {"type": "Feature", "geometry": null, "properties": {"cod_dane": "117001002303", "nombre_sede": "INSTITUCIÓN EDUCATIVA MARISCAL SUCRE", "nombre_establecimiento": "INSTITUCIÓN EDUCATIVA MARISCAL SUCRE", "sector": "OFICIAL", "zona": "URBANA", "nom_mun": "MANIZALES", "nom_dep": "CALDAS", "estado_fisico": "Afectación menor", "total_matricula": 178.0, "confianza_geo": "3 - BAJA"}}, {"type": "Feature", "geometry": {"type": "Point", "coordinates": [-75.49000000014173, 5.067499999982357]}, "properties": {"cod_dane": "117001002346", "nombre_sede": "INSTITUCIÓN EDUCATIVA INEM BALDOMERO SANIN CANO", "nombre_establecimiento": "INSTITUCIÓN EDUCATIVA INEM BALDOMERO SANIN CANO", "sector": "OFICIAL", "zona": "URBANA", "nom_mun": "MANIZALES", "nom_dep": "CALDAS", "estado_fisico": "Afectación menor", "total_matricula": 425.0, "confianza_geo": "2 - MEDIA"}}, {"type": "Feature", "geometry": {"type": "Point", "coordinates": [-75.50166700014996, 5.046667000095562]}, "properties": {"cod_dane": "117001002567", "nombre_sede": "INSTITUCIÓN EDUCATIVA MALABAR", "nombre_establecimiento": "INSTITUCIÓN EDUCATIVA MALABAR", "sector": "OFICIAL", "zona": "URBANA", "nom_mun": "MANIZALES", "nom_dep": "CALDAS", "estado_fisico": "Afectación menor", "total_matricula": 408.0, "confianza_geo": "2 - MEDIA"}}, {"type": "Feature", "geometry": {"type": "Point", "coordinates": [-75.504443999917, 5.046388999627799]}, "properties": {"cod_dane": "117001002702", "nombre_sede": "INSTITUCIÓN EDUCATIVA MALABAR SEDE B", "nombre_establecimiento": "INSTITUCIÓN EDUCATIVA MALABAR", "sector": "OFICIAL", "zona": "URBANA", "nom_mun": "MANIZALES", "nom_dep": "CALDAS", "estado_fisico": "Afectación menor", "total_matricula": 167.0, "confianza_geo": "2 - MEDIA"}}, {"type": "Feature", "geometry": {"type": "Point", "coordinates": [-75.43178364060022, 5.036241511384582]}, "properties": {"cod_dane": "117001002729", "nombre_sede": "INSTITUCIÓN EDUCATIVA MALTERIA", "nombre_establecimiento": "INSTITUCIÓN EDUCATIVA MALTERIA", "sector": "OFICIAL", "zona": "URBANA", "nom_mun": "MANIZALES", "nom_dep": "CALDAS", "estado_fisico": "Afectación menor", "total_matricula": 207.0, "confianza_geo": "2 - MEDIA"}}, {"type": "Feature", "geometry": {"type": "Point", "coordinates": [-75.49444399998826, 5.065833000229015]}, "properties": {"cod_dane": "117001002737", "nombre_sede": "INSTITUCIÓN EDUCATIVA LA ASUNCION", "nombre_establecimiento": "INSTITUCIÓN EDUCATIVA LA ASUNCION", "sector": "OFICIAL", "zona": "URBANA", "nom_mun": "MANIZALES", "nom_dep": "CALDAS", "estado_fisico": "Colapso parcial", "total_matricula": 344.0, "confianza_geo": "2 - MEDIA"}}, {"type": "Feature", "geometry": {"type": "Point", "coordinates": [-75.4872929997966, 5.050402999734164]}, "properties": {"cod_dane": "117001003822", "nombre_sede": "INSTITUCIÓN EDUCATIVA ESCUELA NACIONAL AUXILIARES DE ENFERMERIA", "nombre_establecimiento": "INSTITUCIÓN EDUCATIVA ESCUELA NACIONAL AUXILIARES DE ENFERMERIA", "sector": "OFICIAL", "zona": "URBANA", "nom_mun": "MANIZALES", "nom_dep": "CALDAS", "estado_fisico": "Colapso parcial", "total_matricula": 1035.0, "confianza_geo": "2 - MEDIA"}}, {"type": "Feature", "geometry": {"type": "Point", "coordinates": [-75.48888899973096, 5.076111000009496]}, "properties": {"cod_dane": "117001003890", "nombre_sede": "INSTITUCIÓN EDUCATIVA LICEO MIXTO SINAI SEDE A", "nombre_establecimiento": "INSTITUCIÓN EDUCATIVA LICEO MIXTO SINAI", "sector": "OFICIAL", "zona": "URBANA", "nom_mun": "MANIZALES", "nom_dep": "CALDAS", "estado_fisico": "Afectación menor", "total_matricula": 214.0, "confianza_geo": "2 - MEDIA"}}, {"type": "Feature", "geometry": {"type": "Point", "coordinates": [-75.49249999989935, 5.0716669995924475]}, "properties": {"cod_dane": "117001004357", "nombre_sede": "INSTITUCIÓN EDUCATIVA LICEO MIXTO SINAI SEDE B", "nombre_establecimiento": "INSTITUCIÓN EDUCATIVA LICEO MIXTO SINAI", "sector": "OFICIAL", "zona": "URBANA", "nom_mun": "MANIZALES", "nom_dep": "CALDAS", "estado_fisico": "Afectación menor", "total_matricula": 88.0, "confianza_geo": "2 - MEDIA"}}, {"type": "Feature", "geometry": {"type": "Point", "coordinates": [-75.47666699987894, 5.058333000213264]}, "properties": {"cod_dane": "117001004365", "nombre_sede": "COLEGIO NUESTRA SEÑORA DE FATIMA SEDE A", "nombre_establecimiento": "COLEGIO NUESTRA SEÑORA DE FATIMA", "sector": "OFICIAL", "zona": "URBANA", "nom_mun": "MANIZALES", "nom_dep": "CALDAS", "estado_fisico": "Afectación parcial", "total_matricula": 136.0, "confianza_geo": "2 - MEDIA"}}, {"type": "Feature", "geometry": {"type": "Point", "coordinates": [-75.47962567582736, 5.061502597127171]}, "properties": {"cod_dane": "117001004373", "nombre_sede": "COLEGIO NUESTRA SEÑORA DE FATIMA", "nombre_establecimiento": "COLEGIO NUESTRA SEÑORA DE FATIMA", "sector": "OFICIAL", "zona": "URBANA", "nom_mun": "MANIZALES", "nom_dep": "CALDAS", "estado_fisico": "Afectación parcial", "total_matricula": 183.0, "confianza_geo": "2 - MEDIA"}}, {"type": "Feature", "geometry": {"type": "Point", "coordinates": [-75.49277799973369, 5.074444000117787]}, "properties": {"cod_dane": "117001004438", "nombre_sede": "INSTITUCIÓN EDUCATIVA SAN JUAN BAUTISTA LA SALLE", "nombre_establecimiento": "INSTITUCIÓN EDUCATIVA SAN JUAN BAUTISTA DE LA SALLE", "sector": "OFICIAL", "zona": "URBANA", "nom_mun": "MANIZALES", "nom_dep": "CALDAS", "estado_fisico": "Afectación menor", "total_matricula": 391.0, "confianza_geo": "2 - MEDIA"}}, {"type": "Feature", "geometry": null, "properties": {"cod_dane": "117001004942", "nombre_sede": "INSTITUCION EDUCATIVA LA ASUNCION SEDE B", "nombre_establecimiento": "INSTITUCIÓN EDUCATIVA LA ASUNCION", "sector": "OFICIAL", "zona": "URBANA", "nom_mun": "MANIZALES", "nom_dep": "CALDAS", "estado_fisico": "Afectación menor", "total_matricula": 426.0, "confianza_geo": "3 - BAJA"}}, {"type": "Feature", "geometry": {"type": "Point", "coordinates": [-75.51249999975683, 5.05555600027335]}, "properties": {"cod_dane": "117001005132", "nombre_sede": "INSTITUCIÓN EDUCATIVA SANTO DOMINGO SAVIO", "nombre_establecimiento": "INSTITUCIÓN EDUCATIVA SANTO DOMINGO SAVIO", "sector": "OFICIAL", "zona": "URBANA", "nom_mun": "MANIZALES", "nom_dep": "CALDAS", "estado_fisico": "Afectación menor", "total_matricula": 291.0, "confianza_geo": "2 - MEDIA"}}, {"type": "Feature", "geometry": {"type": "Point", "coordinates": [-75.47950133911058, 5.066788096160406]}, "properties": {"cod_dane": "117001005256", "nombre_sede": "INSTITUCIÓN EDUCATIVA LICEO MIXTO SINAI", "nombre_establecimiento": "INSTITUCIÓN EDUCATIVA LICEO MIXTO SINAI", "sector": "OFICIAL", "zona": "URBANA", "nom_mun": "MANIZALES", "nom_dep": "CALDAS", "estado_fisico": "Afectación menor", "total_matricula": 455.0, "confianza_geo": "2 - MEDIA"}}, {"type": "Feature", "geometry": {"type": "Point", "coordinates": [-75.47527799963382, 5.059444000155802]}, "properties": {"cod_dane": "117001005701", "nombre_sede": "INSTITUCIÓN EDUCATIVA LA SULTANA", "nombre_establecimiento": "INSTITUCIÓN EDUCATIVA LA SULTANA", "sector": "OFICIAL", "zona": "URBANA", "nom_mun": "MANIZALES", "nom_dep": "CALDAS", "estado_fisico": "Afectación menor", "total_matricula": 437.0, "confianza_geo": "2 - MEDIA"}}, {"type": "Feature", "geometry": {"type": "Point", "coordinates": [-75.5269440004304, 5.082777999957616]}, "properties": {"cod_dane": "117001005841", "nombre_sede": "INSTITUCIÓN EDUCATIVA VILLA DEL PILAR", "nombre_establecimiento": "INSTITUCIÓN EDUCATIVA VILLA DEL PILAR", "sector": "OFICIAL", "zona": "URBANA", "nom_mun": "MANIZALES", "nom_dep": "CALDAS", "estado_fisico": "Afectación menor", "total_matricula": 146.0, "confianza_geo": "2 - MEDIA"}}, {"type": "Feature", "geometry": null, "properties": {"cod_dane": "117001005965", "nombre_sede": "INSTITUCION EDUCATIVA INSTITUTO PABLO VI", "nombre_establecimiento": "INSTITUCIÓN EDUCATIVA INSTITUTO PABLO VI", "sector": "OFICIAL", "zona": "URBANA", "nom_mun": "MANIZALES", "nom_dep": "CALDAS", "estado_fisico": "Afectación menor", "total_matricula": 117.0, "confianza_geo": "3 - BAJA"}}, {"type": "Feature", "geometry": {"type": "Point", "coordinates": [-75.49499999965694, 5.074722000163898]}, "properties": {"cod_dane": "117001005981", "nombre_sede": "INSTITUCIÓN EDUCATIVA FE Y ALEGRIA LA PAZ", "nombre_establecimiento": "INSTITUCIÓN EDUCATIVA FE Y ALEGRIA LA PAZ", "sector": "OFICIAL", "zona": "URBANA", "nom_mun": "MANIZALES", "nom_dep": "CALDAS", "estado_fisico": "Afectación menor", "total_matricula": 842.0, "confianza_geo": "2 - MEDIA"}}, {"type": "Feature", "geometry": {"type": "Point", "coordinates": [-75.53833299970596, 5.074167000332537]}, "properties": {"cod_dane": "117001006104", "nombre_sede": "INSTITUCIÓN EDUCATIVA ADOLFO HOYOS OCAMPO", "nombre_establecimiento": "INSTITUCIÓN EDUCATIVA ADOLFO HOYOS OCAMPO", "sector": "OFICIAL", "zona": "URBANA", "nom_mun": "MANIZALES", "nom_dep": "CALDAS", "estado_fisico": "Afectación parcial", "total_matricula": 202.0, "confianza_geo": "2 - MEDIA"}}, {"type": "Feature", "geometry": null, "properties": {"cod_dane": "117001006112", "nombre_sede": "INSTITUCIÓN EDUCATIVA LA LINDA", "nombre_establecimiento": "INSTITUCIÓN EDUCATIVA LA LINDA", "sector": "OFICIAL", "zona": "URBANA", "nom_mun": "MANIZALES", "nom_dep": "CALDAS", "estado_fisico": "Afectación menor", "total_matricula": 430.0, "confianza_geo": "3 - BAJA"}}, {"type": "Feature", "geometry": null, "properties": {"cod_dane": "117001006155", "nombre_sede": "INSTITUCIÓN EDUCATIVA INSTITUTO TECNICO FRANCISCO JOSE DE CALDAS", "nombre_establecimiento": "INSTITUCIÓN EDUCATIVA INSTITUTO TECNICO FRANCISCO JOSE DE CALDAS", "sector": "OFICIAL", "zona": "URBANA", "nom_mun": "MANIZALES", "nom_dep": "CALDAS", "estado_fisico": "Colapso parcial", "total_matricula": 1440.0, "confianza_geo": "3 - BAJA"}}, {"type": "Feature", "geometry": {"type": "Point", "coordinates": [-75.52346458009492, 5.075308729781807]}, "properties": {"cod_dane": "117001006902", "nombre_sede": "INSTITUCIÓN EDUCATIVA INSTITUTO TÉCNICO MARCO FIDEL SUAREZ", "nombre_establecimiento": "INSTITUCIÓN EDUCATIVA INSTITUTO TÉCNICO MARCO FIDEL SUAREZ", "sector": "OFICIAL", "zona": "URBANA", "nom_mun": "MANIZALES", "nom_dep": "CALDAS", "estado_fisico": "Afectación menor", "total_matricula": 510.0, "confianza_geo": "2 - MEDIA"}}, {"type": "Feature", "geometry": {"type": "Point", "coordinates": [-75.490819853874, 5.0870983452573295]}, "properties": {"cod_dane": "117001800111", "nombre_sede": "INSTITUCIÓN EDUCATIVA SAN SEBASTIAN", "nombre_establecimiento": "INSTITUCIÓN EDUCATIVA SAN SEBASTIAN", "sector": "OFICIAL", "zona": "URBANA", "nom_mun": "MANIZALES", "nom_dep": "CALDAS", "estado_fisico": "Afectación menor", "total_matricula": 475.0, "confianza_geo": "2 - MEDIA"}}, {"type": "Feature", "geometry": {"type": "Point", "coordinates": [-75.15716823962995, 5.2511575862419875]}, "properties": {"cod_dane": "117433000328", "nombre_sede": "ESCUELA CLARA VELASQUEZ", "nombre_establecimiento": "INSTITUCION EDUCATIVA NUESTRA SEÑORA DEL ROSARIO", "sector": "OFICIAL", "zona": "URBANA", "nom_mun": "MANZANARES", "nom_dep": "CALDAS", "estado_fisico": "Afectación parcial", "total_matricula": 92.0, "confianza_geo": "2 - MEDIA"}}, {"type": "Feature", "geometry": {"type": "Point", "coordinates": [-75.15296406031989, 5.253750699887073]}, "properties": {"cod_dane": "117433000361", "nombre_sede": "ESCUELA SANTA TERESITA", "nombre_establecimiento": "INSTITUCION EDUCATIVA NUESTRA SEÑORA DEL ROSARIO", "sector": "OFICIAL", "zona": "URBANA", "nom_mun": "MANZANARES", "nom_dep": "CALDAS", "estado_fisico": "Afectación parcial", "total_matricula": 192.0, "confianza_geo": "2 - MEDIA"}}, {"type": "Feature", "geometry": {"type": "Point", "coordinates": [-75.15377754409847, 5.253661304780013]}, "properties": {"cod_dane": "117433000387", "nombre_sede": "INSTITUCION EDUCATIVA NUESTRA SEÑORA DEL ROSARIO - SEDE PRINCIPAL", "nombre_establecimiento": "INSTITUCION EDUCATIVA NUESTRA SEÑORA DEL ROSARIO", "sector": "OFICIAL", "zona": "URBANA", "nom_mun": "MANZANARES", "nom_dep": "CALDAS", "estado_fisico": "Afectación parcial", "total_matricula": 397.0, "confianza_geo": "2 - MEDIA"}}, {"type": "Feature", "geometry": {"type": "Point", "coordinates": [-75.45893044911027, 5.528391054790714]}, "properties": {"cod_dane": "117513000825", "nombre_sede": "INSTITUCION EDUCATIVA ELIAS MEJIA ANGEL - SEDE PRINCIPAL", "nombre_establecimiento": "INSTITUCION EDUCATIVA ELIAS MEJIA ANGEL", "sector": "OFICIAL", "zona": "URBANA", "nom_mun": "PÁCORA", "nom_dep": "CALDAS", "estado_fisico": "Afectación parcial", "total_matricula": 116.0, "confianza_geo": "2 - MEDIA"}}, {"type": "Feature", "geometry": {"type": "Point", "coordinates": [-76.64275204010845, 5.679119841926989]}, "properties": {"cod_dane": "127001000004", "nombre_sede": "SEDE MARIA BERCHMANS", "nombre_establecimiento": "IE ANTONIO RICAURTE", "sector": "OFICIAL", "zona": "URBANA", "nom_mun": "QUIBDÓ", "nom_dep": "CHOCÓ", "estado_fisico": "Afectación menor", "total_matricula": 337.0, "confianza_geo": "2 - MEDIA"}}, {"type": "Feature", "geometry": {"type": "Point", "coordinates": [-76.65988794673545, 5.687765846714552]}, "properties": {"cod_dane": "127001000012", "nombre_sede": "SEDE NICOLAS ROJAS", "nombre_establecimiento": "IE JOSE DEL CARMEN CUESTA RENTERIA", "sector": "OFICIAL", "zona": "URBANA", "nom_mun": "QUIBDÓ", "nom_dep": "CHOCÓ", "estado_fisico": "Afectación parcial", "total_matricula": 493.0, "confianza_geo": "2 - MEDIA"}}, {"type": "Feature", "geometry": {"type": "Point", "coordinates": [-76.65392768411412, 5.708421311873034]}, "properties": {"cod_dane": "127001000021", "nombre_sede": "SEDE BUENOS AIRES", "nombre_establecimiento": "IE ISAAC RODRIGUEZ MARTINEZ", "sector": "OFICIAL", "zona": "URBANA", "nom_mun": "QUIBDÓ", "nom_dep": "CHOCÓ", "estado_fisico": "Riesgo inminente de colapso", "total_matricula": 41.0, "confianza_geo": "2 - MEDIA"}}, {"type": "Feature", "geometry": {"type": "Point", "coordinates": [-76.64435503791886, 5.688479488156729]}, "properties": {"cod_dane": "127001000039", "nombre_sede": "SEDE LOS ANGELES", "nombre_establecimiento": "IE SANTO DOMINGO SAVIO", "sector": "OFICIAL", "zona": "URBANA", "nom_mun": "QUIBDÓ", "nom_dep": "CHOCÓ", "estado_fisico": "Riesgo inminente de colapso", "total_matricula": 173.0, "confianza_geo": "2 - MEDIA"}}, {"type": "Feature", "geometry": {"type": "Point", "coordinates": [-76.65530714964083, 5.689966719751263]}, "properties": {"cod_dane": "127001000047", "nombre_sede": "SEDE ALAMEDA REYES", "nombre_establecimiento": "IE ARMANDO LUNA ROA", "sector": "OFICIAL", "zona": "URBANA", "nom_mun": "QUIBDÓ", "nom_dep": "CHOCÓ", "estado_fisico": "Afectación parcial", "total_matricula": 180.0, "confianza_geo": "2 - MEDIA"}}, {"type": "Feature", "geometry": {"type": "Point", "coordinates": [-76.66168565977361, 5.6979592103194046]}, "properties": {"cod_dane": "127001000098", "nombre_sede": "SEDE JOHN F KENNEDY", "nombre_establecimiento": "IE MIA ROGERIO VELASQUEZ MURILLO", "sector": "OFICIAL", "zona": "URBANA", "nom_mun": "QUIBDÓ", "nom_dep": "CHOCÓ", "estado_fisico": "Afectación parcial", "total_matricula": 69.0, "confianza_geo": "2 - MEDIA"}}, {"type": "Feature", "geometry": {"type": "Point", "coordinates": [-76.6586762802156, 5.695427730434444]}, "properties": {"cod_dane": "127001000225", "nombre_sede": "IE FEMENINA DE ENSEÑANZA MEDIA", "nombre_establecimiento": "IE FEMENINA DE ENSEÑANZA MEDIA", "sector": "OFICIAL", "zona": "URBANA", "nom_mun": "QUIBDÓ", "nom_dep": "CHOCÓ", "estado_fisico": "Colapso parcial", "total_matricula": 1294.0, "confianza_geo": "2 - MEDIA"}}, {"type": "Feature", "geometry": {"type": "Point", "coordinates": [-76.65680799013883, 5.691411818607102]}, "properties": {"cod_dane": "127001000233", "nombre_sede": "I.E. TECNICA INTEGRADO CARRASQUILLA INDUSTRIAL - SEDE PRINCIPAL", "nombre_establecimiento": "IE TECNICA INTEGRADO CARRASQUILLA INDUSTRIAL", "sector": "OFICIAL", "zona": "URBANA", "nom_mun": "QUIBDÓ", "nom_dep": "CHOCÓ", "estado_fisico": "Riesgo inminente de colapso", "total_matricula": 536.0, "confianza_geo": "2 - MEDIA"}}, {"type": "Feature", "geometry": {"type": "Point", "coordinates": [-76.65621945259224, 5.681030444119671]}, "properties": {"cod_dane": "127001000250", "nombre_sede": "SEDE LISANDRO MOSQUERA", "nombre_establecimiento": "IE NORMAL SUPERIOR DE QUIBDO", "sector": "OFICIAL", "zona": "URBANA", "nom_mun": "QUIBDÓ", "nom_dep": "CHOCÓ", "estado_fisico": "Afectación parcial", "total_matricula": 259.0, "confianza_geo": "2 - MEDIA"}}, {"type": "Feature", "geometry": {"type": "Point", "coordinates": [-76.65895920012277, 5.696316603864796]}, "properties": {"cod_dane": "127001000268", "nombre_sede": "SEDE ANEXA ANTONIO MARIA CLARET", "nombre_establecimiento": "IE ANTONIO MARIA CLARET", "sector": "OFICIAL", "zona": "URBANA", "nom_mun": "QUIBDÓ", "nom_dep": "CHOCÓ", "estado_fisico": "Riesgo inminente de colapso", "total_matricula": 541.0, "confianza_geo": "2 - MEDIA"}}, {"type": "Feature", "geometry": {"type": "Point", "coordinates": [-76.65507166167899, 5.694200294097883]}, "properties": {"cod_dane": "127001000411", "nombre_sede": "IE ARMANDO LUNA ROA - SEDE PRINCIPAL", "nombre_establecimiento": "IE ARMANDO LUNA ROA", "sector": "OFICIAL", "zona": "URBANA", "nom_mun": "QUIBDÓ", "nom_dep": "CHOCÓ", "estado_fisico": "Afectación parcial", "total_matricula": 625.0, "confianza_geo": "2 - MEDIA"}}, {"type": "Feature", "geometry": {"type": "Point", "coordinates": [-76.65800061956118, 5.695147129579892]}, "properties": {"cod_dane": "127001000420", "nombre_sede": "SEDE ANEXA AL IE FEMENINA DE ENSEÑANZA MEDIA", "nombre_establecimiento": "IE FEMENINA DE ENSEÑANZA MEDIA", "sector": "OFICIAL", "zona": "URBANA", "nom_mun": "QUIBDÓ", "nom_dep": "CHOCÓ", "estado_fisico": "Colapso parcial", "total_matricula": 1091.0, "confianza_geo": "2 - MEDIA"}}, {"type": "Feature", "geometry": {"type": "Point", "coordinates": [-76.6561831103491, 5.681126163257518]}, "properties": {"cod_dane": "127001000446", "nombre_sede": "I.E. NORMAL SUPERIOR DE QUIBDO - SEDE PRINCIPAL", "nombre_establecimiento": "IE NORMAL SUPERIOR DE QUIBDO", "sector": "OFICIAL", "zona": "URBANA", "nom_mun": "QUIBDÓ", "nom_dep": "CHOCÓ", "estado_fisico": "Afectación parcial", "total_matricula": 979.0, "confianza_geo": "2 - MEDIA"}}, {"type": "Feature", "geometry": {"type": "Point", "coordinates": [-76.65418509276553, 5.679644671826868]}, "properties": {"cod_dane": "127001000675", "nombre_sede": "SEDE FRANCISCO CORDOBA", "nombre_establecimiento": "IE NORMAL SUPERIOR DE QUIBDO", "sector": "OFICIAL", "zona": "URBANA", "nom_mun": "QUIBDÓ", "nom_dep": "CHOCÓ", "estado_fisico": "Afectación menor", "total_matricula": 98.0, "confianza_geo": "2 - MEDIA"}}, {"type": "Feature", "geometry": {"type": "Point", "coordinates": [-76.65800770996371, 5.696060360774523]}, "properties": {"cod_dane": "127001000799", "nombre_sede": "SEDE MIRAFLORES", "nombre_establecimiento": "IE MIA ROGERIO VELASQUEZ MURILLO", "sector": "OFICIAL", "zona": "URBANA", "nom_mun": "QUIBDÓ", "nom_dep": "CHOCÓ", "estado_fisico": "Riesgo inminente de colapso", "total_matricula": 115.0, "confianza_geo": "2 - MEDIA"}}, {"type": "Feature", "geometry": {"type": "Point", "coordinates": [-76.65693929957887, 5.681078124909965]}, "properties": {"cod_dane": "127001000837", "nombre_sede": "SEDE ANEXA A LA NORMAL SUPERIOR DE QUIBDO", "nombre_establecimiento": "IE NORMAL SUPERIOR DE QUIBDO", "sector": "OFICIAL", "zona": "URBANA", "nom_mun": "QUIBDÓ", "nom_dep": "CHOCÓ", "estado_fisico": "Colapso parcial", "total_matricula": 543.0, "confianza_geo": "2 - MEDIA"}}, {"type": "Feature", "geometry": {"type": "Point", "coordinates": [-76.66110011990511, 5.690193890035419]}, "properties": {"cod_dane": "127001000853", "nombre_sede": "INSTITUCION EDUCATIVA GIMNASIO DE QUIBDO", "nombre_establecimiento": "IE GIMNASIO DE QUIBDO", "sector": "OFICIAL", "zona": "URBANA", "nom_mun": "QUIBDÓ", "nom_dep": "CHOCÓ", "estado_fisico": "Colapso parcial", "total_matricula": 1475.0, "confianza_geo": "2 - MEDIA"}}, {"type": "Feature", "geometry": {"type": "Point", "coordinates": [-76.65628206965911, 5.694717393359912]}, "properties": {"cod_dane": "127001000861", "nombre_sede": "SEDE TOMAS PEREZ", "nombre_establecimiento": "IE ARMANDO LUNA ROA", "sector": "OFICIAL", "zona": "URBANA", "nom_mun": "QUIBDÓ", "nom_dep": "CHOCÓ", "estado_fisico": "Afectación parcial", "total_matricula": 270.0, "confianza_geo": "2 - MEDIA"}}, {"type": "Feature", "geometry": {"type": "Point", "coordinates": [-76.65354175978321, 5.696119271917069]}, "properties": {"cod_dane": "127001001256", "nombre_sede": "IE SANTO DOMINGO DE GUZMAN", "nombre_establecimiento": "IE SANTO DOMINGO DE GUZMAN", "sector": "OFICIAL", "zona": "URBANA", "nom_mun": "QUIBDÓ", "nom_dep": "CHOCÓ", "estado_fisico": "Afectación parcial", "total_matricula": 336.0, "confianza_geo": "2 - MEDIA"}}, {"type": "Feature", "geometry": {"type": "Point", "coordinates": [-76.66136350684474, 5.690143117144582]}, "properties": {"cod_dane": "127001001264", "nombre_sede": "SEDE JARDIN INFANTIL DE QUIBDO", "nombre_establecimiento": "IE GIMNASIO DE QUIBDO", "sector": "OFICIAL", "zona": "URBANA", "nom_mun": "QUIBDÓ", "nom_dep": "CHOCÓ", "estado_fisico": "Afectación parcial", "total_matricula": 124.0, "confianza_geo": "2 - MEDIA"}}, {"type": "Feature", "geometry": {"type": "Point", "coordinates": [-76.6554785401122, 5.695646386137148]}, "properties": {"cod_dane": "127001001621", "nombre_sede": "IE MANUEL AGUSTIN SANTACOLOMA VILLA", "nombre_establecimiento": "IE MANUEL AGUSTIN SANTACOLOMA VILLA", "sector": "OFICIAL", "zona": "URBANA", "nom_mun": "QUIBDÓ", "nom_dep": "CHOCÓ", "estado_fisico": "Riesgo inminente de colapso", "total_matricula": 482.0, "confianza_geo": "2 - MEDIA"}}, {"type": "Feature", "geometry": {"type": "Point", "coordinates": [-76.65095385987507, 5.686432794670534]}, "properties": {"cod_dane": "127001001892", "nombre_sede": "SEDE MELVIN JHONS", "nombre_establecimiento": "IE SANTO DOMINGO SAVIO", "sector": "OFICIAL", "zona": "URBANA", "nom_mun": "QUIBDÓ", "nom_dep": "CHOCÓ", "estado_fisico": "Riesgo inminente de colapso", "total_matricula": 349.0, "confianza_geo": "2 - MEDIA"}}, {"type": "Feature", "geometry": {"type": "Point", "coordinates": [-76.66503906264437, 5.689945220820824]}, "properties": {"cod_dane": "127001002449", "nombre_sede": "SEDE AVENIDA BAHIA SOLANO", "nombre_establecimiento": "IE ANTONIO MARIA CLARET", "sector": "OFICIAL", "zona": "RURAL", "nom_mun": "QUIBDÓ", "nom_dep": "CHOCÓ", "estado_fisico": "Afectación parcial", "total_matricula": 31.0, "confianza_geo": "2 - MEDIA"}}, {"type": "Feature", "geometry": {"type": "Point", "coordinates": [-76.65038172017567, 5.6975870150933625]}, "properties": {"cod_dane": "127001002627", "nombre_sede": "SEDE EL PORVENIR", "nombre_establecimiento": "IE SANTO DOMINGO DE GUZMAN", "sector": "OFICIAL", "zona": "URBANA", "nom_mun": "QUIBDÓ", "nom_dep": "CHOCÓ", "estado_fisico": "Afectación menor", "total_matricula": 135.0, "confianza_geo": "2 - MEDIA"}}, {"type": "Feature", "geometry": {"type": "Point", "coordinates": [-76.6590990381681, 5.696011259957209]}, "properties": {"cod_dane": "127001003127", "nombre_sede": "IE ANTONIO MARIA CLARET", "nombre_establecimiento": "IE ANTONIO MARIA CLARET", "sector": "OFICIAL", "zona": "URBANA", "nom_mun": "QUIBDÓ", "nom_dep": "CHOCÓ", "estado_fisico": "Afectación parcial", "total_matricula": 1662.0, "confianza_geo": "2 - MEDIA"}}, {"type": "Feature", "geometry": null, "properties": {"cod_dane": "127001003143", "nombre_sede": "SEDE BARRIO OBRERO", "nombre_establecimiento": "IE DIOCESANO PEDRO GRAU Y AROLA", "sector": "OFICIAL", "zona": "URBANA", "nom_mun": "QUIBDÓ", "nom_dep": "CHOCÓ", "estado_fisico": "Afectación parcial", "total_matricula": 237.0, "confianza_geo": "3 - BAJA"}}, {"type": "Feature", "geometry": {"type": "Point", "coordinates": [-76.65908448995206, 5.680720410724173]}, "properties": {"cod_dane": "127001003151", "nombre_sede": "SEDE NIÑO JESUS", "nombre_establecimiento": "IE NORMAL SUPERIOR DE QUIBDO", "sector": "OFICIAL", "zona": "URBANA", "nom_mun": "QUIBDÓ", "nom_dep": "CHOCÓ", "estado_fisico": "Afectación parcial", "total_matricula": 197.0, "confianza_geo": "2 - MEDIA"}}, {"type": "Feature", "geometry": {"type": "Point", "coordinates": [-76.65251002940806, 5.6804823596772]}, "properties": {"cod_dane": "127001003453", "nombre_sede": "SEDE ANEXA AL CARRASQUILLA INDUSTRIAL", "nombre_establecimiento": "IE TECNICA INTEGRADO CARRASQUILLA INDUSTRIAL", "sector": "OFICIAL", "zona": "URBANA", "nom_mun": "QUIBDÓ", "nom_dep": "CHOCÓ", "estado_fisico": "Colapso parcial", "total_matricula": 2965.0, "confianza_geo": "2 - MEDIA"}}, {"type": "Feature", "geometry": {"type": "Point", "coordinates": [-76.65847199972673, 5.688720000354293]}, "properties": {"cod_dane": "127001003534", "nombre_sede": "IE JOSE DEL CARMEN CUESTA RENTERIA", "nombre_establecimiento": "IE JOSE DEL CARMEN CUESTA RENTERIA", "sector": "OFICIAL", "zona": "URBANA", "nom_mun": "QUIBDÓ", "nom_dep": "CHOCÓ", "estado_fisico": "Afectación parcial", "total_matricula": 679.0, "confianza_geo": "2 - MEDIA"}}, {"type": "Feature", "geometry": {"type": "Point", "coordinates": [-76.6591013845676, 5.696044622233383]}, "properties": {"cod_dane": "127001003941", "nombre_sede": "SEDE IPPCH", "nombre_establecimiento": "IE ANTONIO MARIA CLARET", "sector": "OFICIAL", "zona": "URBANA", "nom_mun": "QUIBDÓ", "nom_dep": "CHOCÓ", "estado_fisico": "Afectación parcial", "total_matricula": 46.0, "confianza_geo": "2 - MEDIA"}}, {"type": "Feature", "geometry": {"type": "Point", "coordinates": [-76.66132744038438, 5.683329814897025]}, "properties": {"cod_dane": "127001004077", "nombre_sede": "SEDE SAN VICENTE DE PAUL", "nombre_establecimiento": "IE JOSE DEL CARMEN CUESTA RENTERIA", "sector": "OFICIAL", "zona": "URBANA", "nom_mun": "QUIBDÓ", "nom_dep": "CHOCÓ", "estado_fisico": "Afectación parcial", "total_matricula": 111.0, "confianza_geo": "2 - MEDIA"}}, {"type": "Feature", "geometry": {"type": "Point", "coordinates": [-76.66051731989823, 5.693771540441444]}, "properties": {"cod_dane": "127001004107", "nombre_sede": "IE MIA ROGERIO VELASQUEZ MURILLO", "nombre_establecimiento": "IE MIA ROGERIO VELASQUEZ MURILLO", "sector": "OFICIAL", "zona": "URBANA", "nom_mun": "QUIBDÓ", "nom_dep": "CHOCÓ", "estado_fisico": "Riesgo inminente de colapso", "total_matricula": 1689.0, "confianza_geo": "2 - MEDIA"}}, {"type": "Feature", "geometry": {"type": "Point", "coordinates": [-76.64721004019866, 5.69967046608279]}, "properties": {"cod_dane": "127001004115", "nombre_sede": "SEDE EL PARAISO", "nombre_establecimiento": "IE SANTO DOMINGO DE GUZMAN", "sector": "OFICIAL", "zona": "URBANA", "nom_mun": "QUIBDÓ", "nom_dep": "CHOCÓ", "estado_fisico": "Afectación menor", "total_matricula": 176.0, "confianza_geo": "2 - MEDIA"}}, {"type": "Feature", "geometry": {"type": "Point", "coordinates": [-76.65066525992036, 5.7121126372707]}, "properties": {"cod_dane": "127001004131", "nombre_sede": "SEDE BARRIO SAMPER", "nombre_establecimiento": "IE DIOCESANO PEDRO GRAU Y AROLA", "sector": "OFICIAL", "zona": "URBANA", "nom_mun": "QUIBDÓ", "nom_dep": "CHOCÓ", "estado_fisico": "Riesgo inminente de colapso", "total_matricula": 190.0, "confianza_geo": "2 - MEDIA"}}, {"type": "Feature", "geometry": {"type": "Point", "coordinates": [-76.65274699060697, 5.712869965035438]}, "properties": {"cod_dane": "127001004140", "nombre_sede": "SEDE PARQUE DE LA GLORIA", "nombre_establecimiento": "IE DIOCESANO PEDRO GRAU Y AROLA", "sector": "OFICIAL", "zona": "URBANA", "nom_mun": "QUIBDÓ", "nom_dep": "CHOCÓ", "estado_fisico": "Afectación parcial", "total_matricula": 518.0, "confianza_geo": "2 - MEDIA"}}, {"type": "Feature", "geometry": {"type": "Point", "coordinates": [-76.66249478043484, 5.707172011741656]}, "properties": {"cod_dane": "127001004158", "nombre_sede": "IE ISAAC RODRIGUEZ MARTINEZ", "nombre_establecimiento": "IE ISAAC RODRIGUEZ MARTINEZ", "sector": "OFICIAL", "zona": "URBANA", "nom_mun": "QUIBDÓ", "nom_dep": "CHOCÓ", "estado_fisico": "Colapso parcial", "total_matricula": 722.0, "confianza_geo": "2 - MEDIA"}}, {"type": "Feature", "geometry": {"type": "Point", "coordinates": [-76.65254488044782, 5.69323448257708]}, "properties": {"cod_dane": "127001017527", "nombre_sede": "SEDE SAN JUDAS TADEO", "nombre_establecimiento": "IE MANUEL AGUSTIN SANTACOLOMA VILLA", "sector": "OFICIAL", "zona": "URBANA", "nom_mun": "QUIBDÓ", "nom_dep": "CHOCÓ", "estado_fisico": "Afectación parcial", "total_matricula": 150.0, "confianza_geo": "2 - MEDIA"}}, {"type": "Feature", "geometry": {"type": "Point", "coordinates": [-76.6483902800566, 5.626945501397258]}, "properties": {"cod_dane": "127001017675", "nombre_sede": "SEDE LA VICTORIA Nº2", "nombre_establecimiento": "IE DIOCESANO PEDRO GRAU Y AROLA", "sector": "OFICIAL", "zona": "URBANA", "nom_mun": "QUIBDÓ", "nom_dep": "CHOCÓ", "estado_fisico": "Afectación parcial", "total_matricula": 141.0, "confianza_geo": "2 - MEDIA"}}, {"type": "Feature", "geometry": {"type": "Point", "coordinates": [-76.65285646020578, 5.69940788602471]}, "properties": {"cod_dane": "127001017802", "nombre_sede": "SEDE MIS ESFUERZOS", "nombre_establecimiento": "IE ISAAC RODRIGUEZ MARTINEZ", "sector": "OFICIAL", "zona": "URBANA", "nom_mun": "QUIBDÓ", "nom_dep": "CHOCÓ", "estado_fisico": "Afectación parcial", "total_matricula": 118.0, "confianza_geo": "2 - MEDIA"}}, {"type": "Feature", "geometry": {"type": "Point", "coordinates": [-76.6576878297725, 5.677008906558708]}, "properties": {"cod_dane": "127001017829", "nombre_sede": "SEDE DIVINO NIÑO", "nombre_establecimiento": "IE NORMAL SUPERIOR DE QUIBDO", "sector": "OFICIAL", "zona": "URBANA", "nom_mun": "QUIBDÓ", "nom_dep": "CHOCÓ", "estado_fisico": "Afectación menor", "total_matricula": 92.0, "confianza_geo": "2 - MEDIA"}}, {"type": "Feature", "geometry": {"type": "Point", "coordinates": [-76.65595198819955, 5.703216934744101]}, "properties": {"cod_dane": "127001017896", "nombre_sede": "IE ADVENTISTA DE QUIBDO BOLIVAR ESCANDON", "nombre_establecimiento": "IE ADVENTISTA DE QUIBDO BOLIVAR ESCANDON", "sector": "OFICIAL", "zona": "URBANA", "nom_mun": "QUIBDÓ", "nom_dep": "CHOCÓ", "estado_fisico": "Afectación parcial", "total_matricula": 469.0, "confianza_geo": "2 - MEDIA"}}, {"type": "Feature", "geometry": {"type": "Point", "coordinates": [-76.64892465008988, 5.720502184709925]}, "properties": {"cod_dane": "127001017926", "nombre_sede": "SEDE LUIS GONZALO PEREA VILLA ESPAÑA", "nombre_establecimiento": "IE DIOCESANO PEDRO GRAU Y AROLA", "sector": "OFICIAL", "zona": "URBANA", "nom_mun": "QUIBDÓ", "nom_dep": "CHOCÓ", "estado_fisico": "Colapso parcial", "total_matricula": 552.0, "confianza_geo": "2 - MEDIA"}}, {"type": "Feature", "geometry": {"type": "Point", "coordinates": [-76.6528193615812, 5.712081109225233]}, "properties": {"cod_dane": "127001018001", "nombre_sede": "IE DIOCESANO PEDRO GRAU Y AROLA", "nombre_establecimiento": "IE DIOCESANO PEDRO GRAU Y AROLA", "sector": "OFICIAL", "zona": "URBANA", "nom_mun": "QUIBDÓ", "nom_dep": "CHOCÓ", "estado_fisico": "Riesgo inminente de colapso", "total_matricula": 1274.0, "confianza_geo": "2 - MEDIA"}}, {"type": "Feature", "geometry": {"type": "Point", "coordinates": [-76.63638950022478, 5.677625860118676]}, "properties": {"cod_dane": "127001018054", "nombre_sede": "SEDE BRISAS DEL POBLADO", "nombre_establecimiento": "IE  MIGUEL ANTONIO CAICEDO MENA - OBAPO", "sector": "OFICIAL", "zona": "URBANA", "nom_mun": "QUIBDÓ", "nom_dep": "CHOCÓ", "estado_fisico": "Afectación parcial", "total_matricula": 745.0, "confianza_geo": "2 - MEDIA"}}, {"type": "Feature", "geometry": {"type": "Point", "coordinates": [-76.65316053004801, 5.723650828873738]}, "properties": {"cod_dane": "127001018086", "nombre_sede": "SEDE JULIO IBARGUEN MOSQUERA", "nombre_establecimiento": "IE DIOCESANO PEDRO GRAU Y AROLA", "sector": "OFICIAL", "zona": "URBANA", "nom_mun": "QUIBDÓ", "nom_dep": "CHOCÓ", "estado_fisico": "Afectación parcial", "total_matricula": 148.0, "confianza_geo": "2 - MEDIA"}}, {"type": "Feature", "geometry": {"type": "Point", "coordinates": [-76.65807273721052, 5.701009032108256]}, "properties": {"cod_dane": "127001018175", "nombre_sede": "SEDE MONSERRATE", "nombre_establecimiento": "IE ISAAC RODRIGUEZ MARTINEZ", "sector": "OFICIAL", "zona": "URBANA", "nom_mun": "QUIBDÓ", "nom_dep": "CHOCÓ", "estado_fisico": "Afectación parcial", "total_matricula": 67.0, "confianza_geo": "2 - MEDIA"}}, {"type": "Feature", "geometry": {"type": "Point", "coordinates": [-76.65976631843924, 5.690047959974972]}, "properties": {"cod_dane": "127001800206", "nombre_sede": "CEI SAMPER", "nombre_establecimiento": "IE DIOCESANO PEDRO GRAU Y AROLA", "sector": "OFICIAL", "zona": "URBANA", "nom_mun": "QUIBDÓ", "nom_dep": "CHOCÓ", "estado_fisico": "Riesgo inminente de colapso", "total_matricula": 215.0, "confianza_geo": "2 - MEDIA"}}, {"type": "Feature", "geometry": {"type": "Point", "coordinates": [-76.65976631843924, 5.690047959974972]}, "properties": {"cod_dane": "127001800214", "nombre_sede": "CEI CABI", "nombre_establecimiento": "IE ANTONIO RICAURTE", "sector": "OFICIAL", "zona": "URBANA", "nom_mun": "QUIBDÓ", "nom_dep": "CHOCÓ", "estado_fisico": "Afectación parcial", "total_matricula": 134.0, "confianza_geo": "2 - MEDIA"}}, {"type": "Feature", "geometry": {"type": "Point", "coordinates": [-76.65976631843924, 5.690047959974972]}, "properties": {"cod_dane": "127001800222", "nombre_sede": "CEI OBAPO", "nombre_establecimiento": "IE  MIGUEL ANTONIO CAICEDO MENA - OBAPO", "sector": "OFICIAL", "zona": "URBANA", "nom_mun": "QUIBDÓ", "nom_dep": "CHOCÓ", "estado_fisico": "Riesgo inminente de colapso", "total_matricula": 104.0, "confianza_geo": "2 - MEDIA"}}, {"type": "Feature", "geometry": {"type": "Point", "coordinates": [-76.65976631843924, 5.690047959974972]}, "properties": {"cod_dane": "127001800231", "nombre_sede": "CEI MIA JORGE VALENCIALOZANO", "nombre_establecimiento": "IE MIA JORGE VALENCIA LOZANO", "sector": "OFICIAL", "zona": "URBANA", "nom_mun": "QUIBDÓ", "nom_dep": "CHOCÓ", "estado_fisico": "Colapso parcial", "total_matricula": 98.0, "confianza_geo": "2 - MEDIA"}}, {"type": "Feature", "geometry": {"type": "Point", "coordinates": [-76.65976631843924, 5.690047959974972]}, "properties": {"cod_dane": "127001800249", "nombre_sede": "CEI MI COCOROBÉ", "nombre_establecimiento": "IE ARMANDO LUNA ROA", "sector": "OFICIAL", "zona": "URBANA", "nom_mun": "QUIBDÓ", "nom_dep": "CHOCÓ", "estado_fisico": "Riesgo inminente de colapso", "total_matricula": 91.0, "confianza_geo": "2 - MEDIA"}}, {"type": "Feature", "geometry": null, "properties": {"cod_dane": "127006000134", "nombre_sede": "SEDE DIEGO LUIS CORDOBA", "nombre_establecimiento": "IE DIEGO LUIS CORDOBA", "sector": "OFICIAL", "zona": "URBANA", "nom_mun": "ACANDÍ", "nom_dep": "CHOCÓ", "estado_fisico": "Afectación parcial", "total_matricula": 487.0, "confianza_geo": "3 - BAJA"}}, {"type": "Feature", "geometry": {"type": "Point", "coordinates": [-77.28967892494065, 8.434195801740097]}, "properties": {"cod_dane": "127006000509", "nombre_sede": "SEDE LOS LIBERTADORES", "nombre_establecimiento": "IE DIEGO LUIS CORDOBA", "sector": "OFICIAL", "zona": "URBANA", "nom_mun": "ACANDÍ", "nom_dep": "CHOCÓ", "estado_fisico": "Afectación parcial", "total_matricula": 241.0, "confianza_geo": "2 - MEDIA"}}, {"type": "Feature", "geometry": null, "properties": {"cod_dane": "127073000017", "nombre_sede": "IE CORAZON DE MARIA - SEDE PRINCIPAL", "nombre_establecimiento": "IE CORAZON DE MARIA", "sector": "OFICIAL", "zona": "URBANA", "nom_mun": "BAGADÓ", "nom_dep": "CHOCÓ", "estado_fisico": "Reporta afectación sin definir el impacto", "total_matricula": 288.0, "confianza_geo": "3 - BAJA"}}, {"type": "Feature", "geometry": null, "properties": {"cod_dane": "127073000041", "nombre_sede": "IE NUESTRA SEÑORA DE LA CANDELARIA - SEDE PRINCIPAL", "nombre_establecimiento": "IE NUESTRA SEÑORA DE LA CANDELARIA", "sector": "OFICIAL", "zona": "URBANA", "nom_mun": "BAGADÓ", "nom_dep": "CHOCÓ", "estado_fisico": "Colapso parcial", "total_matricula": 369.0, "confianza_geo": "3 - BAJA"}}, {"type": "Feature", "geometry": {"type": "Point", "coordinates": [-77.3683333334149, 5.266666666752515]}, "properties": {"cod_dane": "127077000089", "nombre_sede": "IE FRANCISCO PIZARRO - SEDE PRINCIPAL", "nombre_establecimiento": "IE FRANCISCO PIZARRO", "sector": "OFICIAL", "zona": "URBANA", "nom_mun": "BAJO BAUDÓ", "nom_dep": "CHOCÓ", "estado_fisico": "Afectación parcial", "total_matricula": 527.0, "confianza_geo": "2 - MEDIA"}}, {"type": "Feature", "geometry": null, "properties": {"cod_dane": "127077000372", "nombre_sede": "SEDE ZOILA EMILIA GARCES", "nombre_establecimiento": "IE FRANCISCO PIZARRO", "sector": "OFICIAL", "zona": "URBANA", "nom_mun": "BAJO BAUDÓ", "nom_dep": "CHOCÓ", "estado_fisico": "Afectación parcial", "total_matricula": 268.0, "confianza_geo": "3 - BAJA"}}, {"type": "Feature", "geometry": null, "properties": {"cod_dane": "127077001565", "nombre_sede": "SEDE SAN MIGUEL DEL FIRME", "nombre_establecimiento": "IE NUESTRA SEÑORA DEL CARMEN", "sector": "OFICIAL", "zona": "RURAL", "nom_mun": "BAJO BAUDÓ", "nom_dep": "CHOCÓ", "estado_fisico": "Colapso total", "total_matricula": 6.0, "confianza_geo": "3 - BAJA"}}, {"type": "Feature", "geometry": null, "properties": {"cod_dane": "127077002103", "nombre_sede": "SEDE MARIA ISABEL MOSQUERA", "nombre_establecimiento": "IE FRANCISCO PIZARRO", "sector": "OFICIAL", "zona": "URBANA", "nom_mun": "BAJO BAUDÓ", "nom_dep": "CHOCÓ", "estado_fisico": "Afectación parcial", "total_matricula": 133.0, "confianza_geo": "3 - BAJA"}}, {"type": "Feature", "geometry": null, "properties": {"cod_dane": "127135000019", "nombre_sede": "IE JOSE MANUEL PALACIOS PALACIOS - SEDE PRINCIPAL", "nombre_establecimiento": "IE JOSE MANUEL PALACIOS PALACIOS", "sector": "OFICIAL", "zona": "URBANA", "nom_mun": "EL CANTÓN DEL SAN PABLO", "nom_dep": "CHOCÓ", "estado_fisico": "Reporta afectación sin definir el impacto", "total_matricula": 411.0, "confianza_geo": "3 - BAJA"}}, {"type": "Feature", "geometry": null, "properties": {"cod_dane": "127245000057", "nombre_sede": "IE MARCO FIDEL SUAREZ - SEDE PRINCIPAL", "nombre_establecimiento": "IE MARCO FIDEL SUAREZ", "sector": "OFICIAL", "zona": "RURAL", "nom_mun": "EL CARMEN DE ATRATO", "nom_dep": "CHOCÓ", "estado_fisico": "Afectación menor", "total_matricula": 498.0, "confianza_geo": "3 - BAJA"}}, {"type": "Feature", "geometry": {"type": "Point", "coordinates": [-76.68396800029029, 5.151992999701183]}, "properties": {"cod_dane": "127361000129", "nombre_sede": "IE NORMAL SUP NTRA SRA DE LAS MERCEDES - SEDE PRINCIPAL", "nombre_establecimiento": "IE NORMAL SUP NTRA SRA DE LAS MERCEDES", "sector": "OFICIAL", "zona": "URBANA", "nom_mun": "ISTMINA", "nom_dep": "CHOCÓ", "estado_fisico": "Reporta afectación sin definir el impacto", "total_matricula": 811.0, "confianza_geo": "2 - MEDIA"}}, {"type": "Feature", "geometry": null, "properties": {"cod_dane": "127361000137", "nombre_sede": "IE INSTITUTO INTEGRADO SAN PABLO INDUSTRIAL - SEDE PRINCIPAL", "nombre_establecimiento": "IE INSTITUTO INTEGRADO SAN PABLO INDUSTRIAL", "sector": "OFICIAL", "zona": "URBANA", "nom_mun": "ISTMINA", "nom_dep": "CHOCÓ", "estado_fisico": "Reporta afectación sin definir el impacto", "total_matricula": 1291.0, "confianza_geo": "3 - BAJA"}}, {"type": "Feature", "geometry": null, "properties": {"cod_dane": "127361002377", "nombre_sede": "SEDE ANEXA NORMAL SAN PIO X", "nombre_establecimiento": "IE NORMAL SUP SAN PIO X", "sector": "OFICIAL", "zona": "URBANA", "nom_mun": "ISTMINA", "nom_dep": "CHOCÓ", "estado_fisico": "Reporta afectación sin definir el impacto", "total_matricula": 843.0, "confianza_geo": "3 - BAJA"}}, {"type": "Feature", "geometry": null, "properties": {"cod_dane": "127413000068", "nombre_sede": "SEDE JULIO FIGUEROA VILLA", "nombre_establecimiento": "IE ATRATO DE LLORO", "sector": "OFICIAL", "zona": "URBANA", "nom_mun": "LLORÓ", "nom_dep": "CHOCÓ", "estado_fisico": "Reporta afectación sin definir el impacto", "total_matricula": 308.0, "confianza_geo": "3 - BAJA"}}, {"type": "Feature", "geometry": null, "properties": {"cod_dane": "127615000027", "nombre_sede": "IE ANTONIO RICAURTE - SEDE PRINCIPAL", "nombre_establecimiento": "IE ANTONIO RICAURTE", "sector": "OFICIAL", "zona": "URBANA", "nom_mun": "RIOSUCIO", "nom_dep": "CHOCÓ", "estado_fisico": "Afectación parcial", "total_matricula": 774.0, "confianza_geo": "3 - BAJA"}}, {"type": "Feature", "geometry": {"type": "Point", "coordinates": [-77.1172222215979, 7.916666666866825]}, "properties": {"cod_dane": "127615000035", "nombre_sede": "IE LA PRESENTACION - SEDE PRINCIPAL", "nombre_establecimiento": "IE LA PRESENTACION", "sector": "OFICIAL", "zona": "URBANA", "nom_mun": "RIOSUCIO", "nom_dep": "CHOCÓ", "estado_fisico": "Afectación parcial", "total_matricula": 557.0, "confianza_geo": "2 - MEDIA"}}, {"type": "Feature", "geometry": null, "properties": {"cod_dane": "127615000043", "nombre_sede": "IE SAULO SANCHEZ CORDOBA - SEDE PRINCIPAL", "nombre_establecimiento": "IE SAULO SANCHEZ CORDOBA", "sector": "OFICIAL", "zona": "URBANA", "nom_mun": "RIOSUCIO", "nom_dep": "CHOCÓ", "estado_fisico": "Afectación menor", "total_matricula": 434.0, "confianza_geo": "3 - BAJA"}}, {"type": "Feature", "geometry": {"type": "Point", "coordinates": [-77.1126652693842, 7.432206035319796]}, "properties": {"cod_dane": "127615001147", "nombre_sede": "SEDE LAS VILLA RUFINA", "nombre_establecimiento": "IE ANTONIO RICAURTE", "sector": "OFICIAL", "zona": "RURAL", "nom_mun": "RIOSUCIO", "nom_dep": "CHOCÓ", "estado_fisico": "Afectación parcial", "total_matricula": 76.0, "confianza_geo": "2 - MEDIA"}}, {"type": "Feature", "geometry": {"type": "Point", "coordinates": [-77.11544618041597, 7.443163205973595]}, "properties": {"cod_dane": "127615001902", "nombre_sede": "IE NUESTROS ESFUERZOS - SEDE PRINCIPAL", "nombre_establecimiento": "IE NUESTROS ESFUERZOS", "sector": "OFICIAL", "zona": "URBANA", "nom_mun": "RIOSUCIO", "nom_dep": "CHOCÓ", "estado_fisico": "Afectación parcial", "total_matricula": 444.0, "confianza_geo": "2 - MEDIA"}}, {"type": "Feature", "geometry": null, "properties": {"cod_dane": "127787000029", "nombre_sede": "IE NORMAL SUPERIOR DEMETRIO SALAZAR CASTILLO - SEDE PRINCIPAL", "nombre_establecimiento": "IE NORMAL SUPERIOR DEMETRIO SALAZAR CASTILLO", "sector": "OFICIAL", "zona": "URBANA", "nom_mun": "TADÓ", "nom_dep": "CHOCÓ", "estado_fisico": "Reporta afectación sin definir el impacto", "total_matricula": 621.0, "confianza_geo": "3 - BAJA"}}, {"type": "Feature", "geometry": {"type": "Point", "coordinates": [-76.55937978486487, 5.264954188977427]}, "properties": {"cod_dane": "127787000169", "nombre_sede": "SEDE ANEXA FRANCISCO MIRANDA", "nombre_establecimiento": "IE NORMAL SUPERIOR DEMETRIO SALAZAR CASTILLO", "sector": "OFICIAL", "zona": "URBANA", "nom_mun": "TADÓ", "nom_dep": "CHOCÓ", "estado_fisico": "Reporta afectación sin definir el impacto", "total_matricula": 538.0, "confianza_geo": "2 - MEDIA"}}, {"type": "Feature", "geometry": {"type": "Point", "coordinates": [-76.56519170059849, 5.265220064203627]}, "properties": {"cod_dane": "127787000886", "nombre_sede": "SEDE SAN PEDRO", "nombre_establecimiento": "IE NUESTRA SEÑORA DE LA POBREZA DE TADO", "sector": "OFICIAL", "zona": "URBANA", "nom_mun": "TADÓ", "nom_dep": "CHOCÓ", "estado_fisico": "Reporta afectación sin definir el impacto", "total_matricula": 402.0, "confianza_geo": "2 - MEDIA"}}, {"type": "Feature", "geometry": null, "properties": {"cod_dane": "127800000238", "nombre_sede": "IE DE UNGUIA - SEDE PRINCIPAL", "nombre_establecimiento": "IE DE UNGUIA", "sector": "OFICIAL", "zona": "URBANA", "nom_mun": "UNGUÍA", "nom_dep": "CHOCÓ", "estado_fisico": "Reporta afectación sin definir el impacto", "total_matricula": 515.0, "confianza_geo": "3 - BAJA"}}, {"type": "Feature", "geometry": {"type": "Point", "coordinates": [-75.69207106011248, 4.510744537069293]}, "properties": {"cod_dane": "163001000060", "nombre_sede": "PINARES", "nombre_establecimiento": "INSTITUCION EDUCATIVA BOSQUES DE PINARES", "sector": "OFICIAL", "zona": "URBANA", "nom_mun": "ARMENIA", "nom_dep": "QUINDÍO", "estado_fisico": "Afectación parcial", "total_matricula": 187.0, "confianza_geo": "2 - MEDIA"}}, {"type": "Feature", "geometry": {"type": "Point", "coordinates": [-75.69134361427687, 4.51894183396165]}, "properties": {"cod_dane": "163001000299", "nombre_sede": "TERESITA MONTES", "nombre_establecimiento": "INSTITUCION EDUCATIVA TERESITA MONTES", "sector": "OFICIAL", "zona": "URBANA", "nom_mun": "ARMENIA", "nom_dep": "QUINDÍO", "estado_fisico": "Afectación parcial", "total_matricula": 411.0, "confianza_geo": "2 - MEDIA"}}, {"type": "Feature", "geometry": {"type": "Point", "coordinates": [-75.73930836027014, 4.454983840306095]}, "properties": {"cod_dane": "163001000337", "nombre_sede": "INSTITUTO TECNICO INDUSTRIAL", "nombre_establecimiento": "INSTITUCION EDUCATIVA INSTITUTO TECNICO INDUSTRIAL", "sector": "OFICIAL", "zona": "URBANA", "nom_mun": "ARMENIA", "nom_dep": "QUINDÍO", "estado_fisico": "Riesgo inminente de colapso", "total_matricula": 711.0, "confianza_geo": "2 - MEDIA"}}, {"type": "Feature", "geometry": {"type": "Point", "coordinates": [-75.67569413467913, 4.531725680619427]}, "properties": {"cod_dane": "163001000396", "nombre_sede": "ENRIQUE OLAYA HERRERA", "nombre_establecimiento": "INSTITUCION EDUCATIVA ENRIQUE OLAYA HERRERA", "sector": "OFICIAL", "zona": "URBANA", "nom_mun": "ARMENIA", "nom_dep": "QUINDÍO", "estado_fisico": "Afectación menor", "total_matricula": 327.0, "confianza_geo": "2 - MEDIA"}}, {"type": "Feature", "geometry": {"type": "Point", "coordinates": [-75.69094345973357, 4.529115855334342]}, "properties": {"cod_dane": "163001000434", "nombre_sede": "NUESTRA SEÓORA DE BELEN", "nombre_establecimiento": "INSTITUCION EDUCATIVA NUESTRA SEÑORA DE BELEN", "sector": "OFICIAL", "zona": "URBANA", "nom_mun": "ARMENIA", "nom_dep": "QUINDÍO", "estado_fisico": "Afectación parcial", "total_matricula": 332.0, "confianza_geo": "2 - MEDIA"}}, {"type": "Feature", "geometry": {"type": "Point", "coordinates": [-75.67732067014664, 4.540226101038666]}, "properties": {"cod_dane": "163001000515", "nombre_sede": "CRISTOBAL COLON", "nombre_establecimiento": "INSTITUCION EDUCATIVA CRISTOBAL COLON", "sector": "OFICIAL", "zona": "URBANA", "nom_mun": "ARMENIA", "nom_dep": "QUINDÍO", "estado_fisico": "Afectación parcial", "total_matricula": 615.0, "confianza_geo": "2 - MEDIA"}}, {"type": "Feature", "geometry": {"type": "Point", "coordinates": [-75.69177745294837, 4.530635359831586]}, "properties": {"cod_dane": "163001000531", "nombre_sede": "NUEVA GRANADA", "nombre_establecimiento": "INSTITUCION EDUCATIVA NUESTRA SEÑORA DE BELEN", "sector": "OFICIAL", "zona": "URBANA", "nom_mun": "ARMENIA", "nom_dep": "QUINDÍO", "estado_fisico": "Afectación parcial", "total_matricula": 408.0, "confianza_geo": "2 - MEDIA"}}, {"type": "Feature", "geometry": {"type": "Point", "coordinates": [-75.6890975098596, 4.540628340883327]}, "properties": {"cod_dane": "163001000540", "nombre_sede": "INSTITUCION EDUCATIVA CAMARA JUNIOR", "nombre_establecimiento": "INSTITUCION EDUCATIVA CAMARA JUNIOR", "sector": "OFICIAL", "zona": "URBANA", "nom_mun": "ARMENIA", "nom_dep": "QUINDÍO", "estado_fisico": "Afectación menor", "total_matricula": 467.0, "confianza_geo": "2 - MEDIA"}}, {"type": "Feature", "geometry": {"type": "Point", "coordinates": [-75.66893335007046, 4.543048829934029]}, "properties": {"cod_dane": "163001000728", "nombre_sede": "EUDORO GRANADA", "nombre_establecimiento": "INSTITUCION EDUCATIVA EUDORO GRANADA", "sector": "OFICIAL", "zona": "URBANA", "nom_mun": "ARMENIA", "nom_dep": "QUINDÍO", "estado_fisico": "Afectación parcial", "total_matricula": 400.0, "confianza_geo": "2 - MEDIA"}}, {"type": "Feature", "geometry": {"type": "Point", "coordinates": [-75.67571409973633, 4.547723225768609]}, "properties": {"cod_dane": "163001000779", "nombre_sede": "CIUDAD MILARO", "nombre_establecimiento": "INSTITUCION EDUCATIVA CAMARA JUNIOR", "sector": "OFICIAL", "zona": "URBANA", "nom_mun": "ARMENIA", "nom_dep": "QUINDÍO", "estado_fisico": "Afectación menor", "total_matricula": 433.0, "confianza_geo": "2 - MEDIA"}}, {"type": "Feature", "geometry": {"type": "Point", "coordinates": [-75.67008036034773, 4.545203310919867]}, "properties": {"cod_dane": "163001000868", "nombre_sede": "SANTA EUFRASIA", "nombre_establecimiento": "INSTITUCION EDUCATIVA CASD HERMOGENES MAZA", "sector": "OFICIAL", "zona": "URBANA", "nom_mun": "ARMENIA", "nom_dep": "QUINDÍO", "estado_fisico": "Colapso parcial", "total_matricula": 1953.0, "confianza_geo": "2 - MEDIA"}}, {"type": "Feature", "geometry": {"type": "Point", "coordinates": [-75.67713146967644, 4.527535871028776]}, "properties": {"cod_dane": "163001000892", "nombre_sede": "GABRIELA MISTRAL", "nombre_establecimiento": "INSTITUCION EDUCATIVA ENRIQUE OLAYA HERRERA", "sector": "OFICIAL", "zona": "URBANA", "nom_mun": "ARMENIA", "nom_dep": "QUINDÍO", "estado_fisico": "Afectación menor", "total_matricula": 501.0, "confianza_geo": "2 - MEDIA"}}, {"type": "Feature", "geometry": {"type": "Point", "coordinates": [-75.67850973235899, 4.545783933990545]}, "properties": {"cod_dane": "163001000949", "nombre_sede": "GRAN COLOMBIA", "nombre_establecimiento": "INSTITUCION EDUCATIVA CRISTOBAL COLON", "sector": "OFICIAL", "zona": "URBANA", "nom_mun": "ARMENIA", "nom_dep": "QUINDÍO", "estado_fisico": "Afectación parcial", "total_matricula": 453.0, "confianza_geo": "2 - MEDIA"}}, {"type": "Feature", "geometry": {"type": "Point", "coordinates": [-75.70003687987756, 4.52530404814817]}, "properties": {"cod_dane": "163001001520", "nombre_sede": "ZULDEMAYDA", "nombre_establecimiento": "INSTITUCION EDUCATIVA MARCELINO CHAMPAGÑAT", "sector": "OFICIAL", "zona": "URBANA", "nom_mun": "ARMENIA", "nom_dep": "QUINDÍO", "estado_fisico": "Afectación menor", "total_matricula": 551.0, "confianza_geo": "2 - MEDIA"}}, {"type": "Feature", "geometry": {"type": "Point", "coordinates": [-75.68741646012907, 4.513330827737713]}, "properties": {"cod_dane": "163001001546", "nombre_sede": "JUAN PABLO I", "nombre_establecimiento": "INSTITUCION EDUCATIVA TERESITA MONTES", "sector": "OFICIAL", "zona": "URBANA", "nom_mun": "ARMENIA", "nom_dep": "QUINDÍO", "estado_fisico": "Afectación menor", "total_matricula": 311.0, "confianza_geo": "2 - MEDIA"}}, {"type": "Feature", "geometry": {"type": "Point", "coordinates": [-75.69713846022346, 4.513372855838754]}, "properties": {"cod_dane": "163001001961", "nombre_sede": "BOSQUES DE PINARES", "nombre_establecimiento": "INSTITUCION EDUCATIVA BOSQUES DE PINARES", "sector": "OFICIAL", "zona": "URBANA", "nom_mun": "ARMENIA", "nom_dep": "QUINDÍO", "estado_fisico": "Afectación menor", "total_matricula": 559.0, "confianza_geo": "2 - MEDIA"}}, {"type": "Feature", "geometry": {"type": "Point", "coordinates": [-75.69505921966683, 4.535104157925865]}, "properties": {"cod_dane": "163001002127", "nombre_sede": "GUSTAVO MATAMOROS D COSTA", "nombre_establecimiento": "INSTITUCION EDUCATIVA GUSTAVO MATAMOROS D´COSTA", "sector": "OFICIAL", "zona": "URBANA", "nom_mun": "ARMENIA", "nom_dep": "QUINDÍO", "estado_fisico": "Afectación parcial", "total_matricula": 776.0, "confianza_geo": "2 - MEDIA"}}, {"type": "Feature", "geometry": {"type": "Point", "coordinates": [-75.69342933977154, 4.517990917156022]}, "properties": {"cod_dane": "163001002348", "nombre_sede": "LUIS CARLOS GALAN SARMIENTO", "nombre_establecimiento": "INSTITUCION EDUCATIVA TERESITA MONTES", "sector": "OFICIAL", "zona": "URBANA", "nom_mun": "ARMENIA", "nom_dep": "QUINDÍO", "estado_fisico": "Afectación parcial", "total_matricula": 1090.0, "confianza_geo": "2 - MEDIA"}}, {"type": "Feature", "geometry": {"type": "Point", "coordinates": [-75.69891377736326, 4.538398758674665]}, "properties": {"cod_dane": "163001002712", "nombre_sede": "LA PAVONA", "nombre_establecimiento": "INSTITUCION EDUCATIVA CAMARA JUNIOR", "sector": "OFICIAL", "zona": "URBANA", "nom_mun": "ARMENIA", "nom_dep": "QUINDÍO", "estado_fisico": "Afectación menor", "total_matricula": 201.0, "confianza_geo": "2 - MEDIA"}}, {"type": "Feature", "geometry": {"type": "Point", "coordinates": [-75.67661862956558, 4.547102548195469]}, "properties": {"cod_dane": "163001002941", "nombre_sede": "CASD HERMOGENES MAZA", "nombre_establecimiento": "INSTITUCION EDUCATIVA CASD HERMOGENES MAZA", "sector": "OFICIAL", "zona": "URBANA", "nom_mun": "ARMENIA", "nom_dep": "QUINDÍO", "estado_fisico": "Colapso parcial", "total_matricula": 1175.0, "confianza_geo": "2 - MEDIA"}}, {"type": "Feature", "geometry": {"type": "Point", "coordinates": [-75.70724134959157, 4.5173107413583]}, "properties": {"cod_dane": "163001003271", "nombre_sede": "POLICARPA SALAVARRIETA", "nombre_establecimiento": "INSTITUCION EDUCATIVA LOS QUINDOS", "sector": "OFICIAL", "zona": "URBANA", "nom_mun": "ARMENIA", "nom_dep": "QUINDÍO", "estado_fisico": "Riesgo inminente de colapso", "total_matricula": 614.0, "confianza_geo": "2 - MEDIA"}}, {"type": "Feature", "geometry": {"type": "Point", "coordinates": [-75.69614206957156, 4.5078273419245205]}, "properties": {"cod_dane": "163001003387", "nombre_sede": "SIMON RODRIGUEZ", "nombre_establecimiento": "INSTITUCION EDUCATIVA BOSQUES DE PINARES", "sector": "OFICIAL", "zona": "URBANA", "nom_mun": "ARMENIA", "nom_dep": "QUINDÍO", "estado_fisico": "Colapso parcial", "total_matricula": 389.0, "confianza_geo": "2 - MEDIA"}}, {"type": "Feature", "geometry": {"type": "Point", "coordinates": [-75.94431402044137, 5.110126200148721]}, "properties": {"cod_dane": "166045000023", "nombre_sede": "SE INSTITUTO TECNICO SANTO TOMAS DE AQUINO - SEDE PRINCIPAL", "nombre_establecimiento": "IE TECNICO INDUSTRIAL SANTO TOMAS DE AQUINO", "sector": "OFICIAL", "zona": "URBANA", "nom_mun": "APÍA", "nom_dep": "RISARALDA", "estado_fisico": "Colapso parcial", "total_matricula": 456.0, "confianza_geo": "2 - MEDIA"}}, {"type": "Feature", "geometry": null, "properties": {"cod_dane": "166170000256", "nombre_sede": "POPULAR DIOCESANO", "nombre_establecimiento": "INSTITUCION EDUCATIVA POPULAR DIOCESANO", "sector": "OFICIAL", "zona": "URBANA", "nom_mun": "DOSQUEBRADAS", "nom_dep": "RISARALDA", "estado_fisico": "Colapso total", "total_matricula": 1221.0, "confianza_geo": "3 - BAJA"}}, {"type": "Feature", "geometry": {"type": "Point", "coordinates": [-75.682500000342, 4.830277778315985]}, "properties": {"cod_dane": "166170001023", "nombre_sede": "FABIO VASQUEZ BOTERO", "nombre_establecimiento": "INSTITUCION EDUCATIVA FABIO VASQUEZ BOTERO", "sector": "OFICIAL", "zona": "URBANA", "nom_mun": "DOSQUEBRADAS", "nom_dep": "RISARALDA", "estado_fisico": "Colapso total", "total_matricula": 537.0, "confianza_geo": "2 - MEDIA"}}, {"type": "Feature", "geometry": {"type": "Point", "coordinates": [-75.69121839541447, 4.8288168362023205]}, "properties": {"cod_dane": "166170800104", "nombre_sede": "MEGACOLEGIO BERNARDO LOPEZ PEREZ - SEDE PRINCIPAL", "nombre_establecimiento": "INSTITUCIÓN EDUCATIVA MEGACOLEGIO BERNARDO LOPEZ PEREZ", "sector": "OFICIAL", "zona": "URBANA", "nom_mun": "DOSQUEBRADAS", "nom_dep": "RISARALDA", "estado_fisico": "Colapso parcial", "total_matricula": 667.0, "confianza_geo": "2 - MEDIA"}}, {"type": "Feature", "geometry": {"type": "Point", "coordinates": [-75.88333199966834, 4.9013680002787465]}, "properties": {"cod_dane": "166400000170", "nombre_sede": "SE ALFONSO LOPEZ - SEDE PRINCIPAL", "nombre_establecimiento": "IE ALFONSO LOPEZ PUMAREJO", "sector": "OFICIAL", "zona": "URBANA", "nom_mun": "LA VIRGINIA", "nom_dep": "RISARALDA", "estado_fisico": "Colapso parcial", "total_matricula": 741.0, "confianza_geo": "2 - MEDIA"}}, {"type": "Feature", "geometry": {"type": "Point", "coordinates": [-76.0321363499394, 5.220642159572792]}, "properties": {"cod_dane": "166572000015", "nombre_sede": "SE SAN PABLO - SEDE PRINCIPAL", "nombre_establecimiento": "IE SAN PABLO", "sector": "OFICIAL", "zona": "URBANA", "nom_mun": "PUEBLO RICO", "nom_dep": "RISARALDA", "estado_fisico": "Colapso parcial", "total_matricula": 383.0, "confianza_geo": "2 - MEDIA"}}, {"type": "Feature", "geometry": {"type": "Point", "coordinates": [-75.73258595977525, 5.338831731434547]}, "properties": {"cod_dane": "166594000213", "nombre_sede": "SE NUCLEO ESCOLAR RURAL - SEDE PRINCIPAL", "nombre_establecimiento": "IE NUCLEO ESCOLAR RURAL", "sector": "OFICIAL", "zona": "URBANA", "nom_mun": "QUINCHÍA", "nom_dep": "RISARALDA", "estado_fisico": "Afectación parcial", "total_matricula": 700.0, "confianza_geo": "2 - MEDIA"}}, {"type": "Feature", "geometry": {"type": "Point", "coordinates": [-75.6235172700653, 4.876515788032446]}, "properties": {"cod_dane": "166682000215", "nombre_sede": "SE SAN LUIS GONZAGA", "nombre_establecimiento": "IE FRANCISCO JOSE DE CALDAS", "sector": "OFICIAL", "zona": "URBANA", "nom_mun": "SANTA ROSA DE CABAL", "nom_dep": "RISARALDA", "estado_fisico": "Colapso parcial", "total_matricula": 504.0, "confianza_geo": "2 - MEDIA"}}, {"type": "Feature", "geometry": {"type": "Point", "coordinates": [-75.2227325442094, 4.439044951873786]}, "properties": {"cod_dane": "173001000367", "nombre_sede": "LICEO NACIONAL", "nombre_establecimiento": "INST EDUC LICEO NACIONAL", "sector": "OFICIAL", "zona": "URBANA", "nom_mun": "IBAGUÉ", "nom_dep": "TOLIMA", "estado_fisico": "Afectación parcial", "total_matricula": 2395.0, "confianza_geo": "2 - MEDIA"}}, {"type": "Feature", "geometry": {"type": "Point", "coordinates": [-75.22827457998054, 4.4456596800698795]}, "properties": {"cod_dane": "173001001053", "nombre_sede": "SEDE 1  INEM MANUEL MURILLO TORO", "nombre_establecimiento": "INST EDUC INEM MANUEL MURILLO TORO", "sector": "OFICIAL", "zona": "URBANA", "nom_mun": "IBAGUÉ", "nom_dep": "TOLIMA", "estado_fisico": "Afectación parcial", "total_matricula": 726.0, "confianza_geo": "2 - MEDIA"}}, {"type": "Feature", "geometry": null, "properties": {"cod_dane": "173001002173", "nombre_sede": "BOYACA", "nombre_establecimiento": "INST EDUC  BOYACA", "sector": "OFICIAL", "zona": "URBANA", "nom_mun": "IBAGUÉ", "nom_dep": "TOLIMA", "estado_fisico": "Afectación menor", "total_matricula": 286.0, "confianza_geo": "3 - BAJA"}}, {"type": "Feature", "geometry": {"type": "Point", "coordinates": [-75.24415060031988, 4.446245619998681]}, "properties": {"cod_dane": "173001006322", "nombre_sede": "SEDE 1 SIMON BOLIVAR", "nombre_establecimiento": "INST EDUC SIMON BOLIVAR", "sector": "OFICIAL", "zona": "URBANA", "nom_mun": "IBAGUÉ", "nom_dep": "TOLIMA", "estado_fisico": "Afectación parcial", "total_matricula": 755.0, "confianza_geo": "2 - MEDIA"}}, {"type": "Feature", "geometry": {"type": "Point", "coordinates": [-75.18215170910311, 4.4351844320778895]}, "properties": {"cod_dane": "173001008821", "nombre_sede": "SEDE 1 FE Y ALEGRIA", "nombre_establecimiento": "INST EDUC FE Y ALEGRIA", "sector": "OFICIAL", "zona": "URBANA", "nom_mun": "IBAGUÉ", "nom_dep": "TOLIMA", "estado_fisico": "Afectación parcial", "total_matricula": 924.0, "confianza_geo": "2 - MEDIA"}}, {"type": "Feature", "geometry": {"type": "Point", "coordinates": [-75.17117309618195, 4.435111522806319]}, "properties": {"cod_dane": "173001010095", "nombre_sede": "SEDE 2 NUEVO COMBEIMA", "nombre_establecimiento": "INST EDUC TEC ALFONSO PALACIO RUDAS", "sector": "OFICIAL", "zona": "URBANA", "nom_mun": "IBAGUÉ", "nom_dep": "TOLIMA", "estado_fisico": "Afectación parcial", "total_matricula": 327.0, "confianza_geo": "2 - MEDIA"}}, {"type": "Feature", "geometry": {"type": "Point", "coordinates": [-75.48668500024935, 3.7247740002521996]}, "properties": {"cod_dane": "173168000113", "nombre_sede": "I.E.T. MEDALLA MILAGROSA - SEDE PRINCIPAL", "nombre_establecimiento": "INSTITUCION EDUCATIVA TECNICA MEDALLA MILAGROSA", "sector": "OFICIAL", "zona": "URBANA", "nom_mun": "CHAPARRAL", "nom_dep": "TOLIMA", "estado_fisico": "Afectación menor", "total_matricula": 577.0, "confianza_geo": "2 - MEDIA"}}, {"type": "Feature", "geometry": null, "properties": {"cod_dane": "173168001616", "nombre_sede": "HOGAR SANTA LUISA", "nombre_establecimiento": "INSTITUCION EDUCATIVA TECNICA MEDALLA MILAGROSA", "sector": "OFICIAL", "zona": "URBANA", "nom_mun": "CHAPARRAL", "nom_dep": "TOLIMA", "estado_fisico": "Afectación menor", "total_matricula": 461.0, "confianza_geo": "3 - BAJA"}}, {"type": "Feature", "geometry": null, "properties": {"cod_dane": "173319000081", "nombre_sede": "I.E. SOR JOSEFA DEL CASTILLO - SEDE PRINCIPAL", "nombre_establecimiento": "INSTITUCION EDUCATIVA SOR JOSEFA DEL CASTILLO", "sector": "OFICIAL", "zona": "URBANA", "nom_mun": "GUAMO", "nom_dep": "TOLIMA", "estado_fisico": "Afectación menor", "total_matricula": 336.0, "confianza_geo": "3 - BAJA"}}, {"type": "Feature", "geometry": null, "properties": {"cod_dane": "173319000617", "nombre_sede": "CAICEDO IBAÑEZ", "nombre_establecimiento": "INSTITUCION EDUCATIVA SOR JOSEFA DEL CASTILLO", "sector": "OFICIAL", "zona": "URBANA", "nom_mun": "GUAMO", "nom_dep": "TOLIMA", "estado_fisico": "Afectación menor", "total_matricula": 78.0, "confianza_geo": "3 - BAJA"}}, {"type": "Feature", "geometry": null, "properties": {"cod_dane": "173319000838", "nombre_sede": "SAN MARTIN", "nombre_establecimiento": "INSTITUCION EDUCATIVA SOR JOSEFA DEL CASTILLO", "sector": "OFICIAL", "zona": "URBANA", "nom_mun": "GUAMO", "nom_dep": "TOLIMA", "estado_fisico": "Afectación menor", "total_matricula": 88.0, "confianza_geo": "3 - BAJA"}}, {"type": "Feature", "geometry": {"type": "Point", "coordinates": [-74.96734493600704, 4.025636288301201]}, "properties": {"cod_dane": "173319000871", "nombre_sede": "EJIDOS", "nombre_establecimiento": "INSTITUCION EDUCATIVA SOR JOSEFA DEL CASTILLO", "sector": "OFICIAL", "zona": "URBANA", "nom_mun": "GUAMO", "nom_dep": "TOLIMA", "estado_fisico": "Afectación menor", "total_matricula": 137.0, "confianza_geo": "2 - MEDIA"}}, {"type": "Feature", "geometry": null, "properties": {"cod_dane": "173352000037", "nombre_sede": "I.E. NORMAL SUPERIOR - SEDE PRINCIPAL", "nombre_establecimiento": "INSTITUCION EDUCATIVA NORMAL SUPERIOR", "sector": "OFICIAL", "zona": "RURAL", "nom_mun": "ICONONZO", "nom_dep": "TOLIMA", "estado_fisico": "Afectación parcial", "total_matricula": 467.0, "confianza_geo": "3 - BAJA"}}, {"type": "Feature", "geometry": {"type": "Point", "coordinates": [-74.5297222218458, 4.17638888917411]}, "properties": {"cod_dane": "173352000088", "nombre_sede": "GABRIELA MISTRAL", "nombre_establecimiento": "INSTITUCION EDUCATIVA NORMAL SUPERIOR", "sector": "OFICIAL", "zona": "URBANA", "nom_mun": "ICONONZO", "nom_dep": "TOLIMA", "estado_fisico": "Afectación parcial", "total_matricula": 136.0, "confianza_geo": "2 - MEDIA"}}, {"type": "Feature", "geometry": {"type": "Point", "coordinates": [-75.4738888888959, 3.9122222219572533]}, "properties": {"cod_dane": "173675000010", "nombre_sede": "I.E. JOSE MARIA CARBONELL - SEDE PRINCIPAL", "nombre_establecimiento": "INSTITUCION EDUCATIVA JOSE MARIA CARBONELL", "sector": "OFICIAL", "zona": "URBANA", "nom_mun": "SAN ANTONIO", "nom_dep": "TOLIMA", "estado_fisico": "Afectación menor", "total_matricula": 254.0, "confianza_geo": "2 - MEDIA"}}, {"type": "Feature", "geometry": {"type": "Point", "coordinates": [-75.47748887212565, 3.917814720764356]}, "properties": {"cod_dane": "173675000028", "nombre_sede": "RAFAEL ROCHA", "nombre_establecimiento": "INSTITUCION EDUCATIVA JOSE MARIA CARBONELL", "sector": "OFICIAL", "zona": "URBANA", "nom_mun": "SAN ANTONIO", "nom_dep": "TOLIMA", "estado_fisico": "Afectación menor", "total_matricula": 237.0, "confianza_geo": "2 - MEDIA"}}, {"type": "Feature", "geometry": {"type": "Point", "coordinates": [-75.47907691298661, 3.915814788181892]}, "properties": {"cod_dane": "173675000036", "nombre_sede": "JESUS MARIA HERNANDEZ", "nombre_establecimiento": "INSTITUCION EDUCATIVA JOSE MARIA CARBONELL", "sector": "OFICIAL", "zona": "URBANA", "nom_mun": "SAN ANTONIO", "nom_dep": "TOLIMA", "estado_fisico": "Afectación menor", "total_matricula": 156.0, "confianza_geo": "2 - MEDIA"}}, {"type": "Feature", "geometry": null, "properties": {"cod_dane": "173870000512", "nombre_sede": "I.E. ESCUELA NORMAL SUPERIOR DE VILLAHERMOSA - SEDE PRINCIPAL", "nombre_establecimiento": "INSTITUCION EDUCATIVA ESCUELA NORMAL SUPERIOR DE VILLAHERMOSA", "sector": "OFICIAL", "zona": "URBANA", "nom_mun": "VILLAHERMOSA", "nom_dep": "TOLIMA", "estado_fisico": "Afectación parcial", "total_matricula": 436.0, "confianza_geo": "3 - BAJA"}}, {"type": "Feature", "geometry": {"type": "Point", "coordinates": [-76.51461651237332, 3.4266392236952634]}, "properties": {"cod_dane": "176001001001", "nombre_sede": "SEDE LA PRESENTACION", "nombre_establecimiento": "INSTITUCION EDUCATIVA  LICEO DEPARTAMENTAL", "sector": "OFICIAL", "zona": "URBANA", "nom_mun": "SANTIAGO DE CALI", "nom_dep": "VALLE DEL CAUCA", "estado_fisico": "Reporta afectación sin definir el impacto", "total_matricula": 211.0, "confianza_geo": "2 - MEDIA"}}, {"type": "Feature", "geometry": {"type": "Point", "coordinates": [-76.49486300034833, 3.444460000190023]}, "properties": {"cod_dane": "176001001681", "nombre_sede": "INSTITUCION EDUCATIVA ALBERTO CARVAJAL BORRERO", "nombre_establecimiento": "INSTITUCION EDUCATIVA ALBERTO CARVAJAL BORRERO", "sector": "OFICIAL", "zona": "URBANA", "nom_mun": "SANTIAGO DE CALI", "nom_dep": "VALLE DEL CAUCA", "estado_fisico": "Reporta afectación sin definir el impacto", "total_matricula": 503.0, "confianza_geo": "2 - MEDIA"}}, {"type": "Feature", "geometry": {"type": "Point", "coordinates": [-76.52518860978064, 3.436811599559659]}, "properties": {"cod_dane": "176001001702", "nombre_sede": "INSTITUCION EDUCATIVA GENERAL ALFREDO VASQUEZ COBO", "nombre_establecimiento": "INSTITUCION EDUCATIVA GENERAL ALFREDO VASQUEZ COBO", "sector": "OFICIAL", "zona": "URBANA", "nom_mun": "SANTIAGO DE CALI", "nom_dep": "VALLE DEL CAUCA", "estado_fisico": "Reporta afectación sin definir el impacto", "total_matricula": 519.0, "confianza_geo": "2 - MEDIA"}}, {"type": "Feature", "geometry": {"type": "Point", "coordinates": [-76.50374570986268, 3.470444060434076]}, "properties": {"cod_dane": "176001001729", "nombre_sede": "INSTITUCION EDUCATIVA TECNICA DE COMERCIO SIMON RODRIGUEZ", "nombre_establecimiento": "INSTITUCION EDUCATIVA TECNICA DE COMERCIO SIMON RODRIGUEZ", "sector": "OFICIAL", "zona": "URBANA", "nom_mun": "SANTIAGO DE CALI", "nom_dep": "VALLE DEL CAUCA", "estado_fisico": "Reporta afectación sin definir el impacto", "total_matricula": 687.0, "confianza_geo": "2 - MEDIA"}}, {"type": "Feature", "geometry": {"type": "Point", "coordinates": [-76.53888541964866, 3.423031900045886]}, "properties": {"cod_dane": "176001001745", "nombre_sede": "INSTITUCION EDUCATIVA LICEO DEPARTAMENTAL - SEDE PRINCIPAL", "nombre_establecimiento": "INSTITUCION EDUCATIVA  LICEO DEPARTAMENTAL", "sector": "OFICIAL", "zona": "URBANA", "nom_mun": "SANTIAGO DE CALI", "nom_dep": "VALLE DEL CAUCA", "estado_fisico": "Reporta afectación sin definir el impacto", "total_matricula": 1293.0, "confianza_geo": "2 - MEDIA"}}, {"type": "Feature", "geometry": {"type": "Point", "coordinates": [-76.52949000027918, 3.4413909997590473]}, "properties": {"cod_dane": "176001001753", "nombre_sede": "INSTITUCION EDUCATIVA TECNICA INDUSTRIAL ANTONIO JOSE CAMACHO", "nombre_establecimiento": "INSTITUCION EDUCATIVA TECNICO INDUSTRIAL ANTONIO JOSE CAMACHO", "sector": "OFICIAL", "zona": "URBANA", "nom_mun": "SANTIAGO DE CALI", "nom_dep": "VALLE DEL CAUCA", "estado_fisico": "Reporta afectación sin definir el impacto", "total_matricula": 862.0, "confianza_geo": "2 - MEDIA"}}, {"type": "Feature", "geometry": {"type": "Point", "coordinates": [-76.53031600028461, 3.411300000060079]}, "properties": {"cod_dane": "176001001796", "nombre_sede": "INSTITUCION EDUCATIVA TECNICO COMERCIAL JOSE MARIA VIVAS BALCAZAR", "nombre_establecimiento": "INSTITUCION EDUCATIVA TECNICO COMERCIAL JOSE MARIA VIVAS BALCAZAR", "sector": "OFICIAL", "zona": "URBANA", "nom_mun": "SANTIAGO DE CALI", "nom_dep": "VALLE DEL CAUCA", "estado_fisico": "Reporta afectación sin definir el impacto", "total_matricula": 1118.0, "confianza_geo": "2 - MEDIA"}}, {"type": "Feature", "geometry": {"type": "Point", "coordinates": [-76.54401092009726, 3.442312699934093]}, "properties": {"cod_dane": "176001002253", "nombre_sede": "INSTITUCION EDUCATIVA NORMAL SUPERIOR LOS FARALLONES", "nombre_establecimiento": "INSTITUCION EDUCATIVA NORMAL SUPERIOR LOS FARALLONES", "sector": "OFICIAL", "zona": "URBANA", "nom_mun": "SANTIAGO DE CALI", "nom_dep": "VALLE DEL CAUCA", "estado_fisico": "Reporta afectación sin definir el impacto", "total_matricula": 1070.0, "confianza_geo": "2 - MEDIA"}}, {"type": "Feature", "geometry": null, "properties": {"cod_dane": "176001002822", "nombre_sede": "FERNANDO DE ARAGON", "nombre_establecimiento": "INSTITUCION EDUCATIVA EVARISTO GARCIA", "sector": "OFICIAL", "zona": "URBANA", "nom_mun": "SANTIAGO DE CALI", "nom_dep": "VALLE DEL CAUCA", "estado_fisico": "Reporta afectación sin definir el impacto", "total_matricula": 199.0, "confianza_geo": "3 - BAJA"}}, {"type": "Feature", "geometry": {"type": "Point", "coordinates": [-76.51768094967508, 3.43853520991779]}, "properties": {"cod_dane": "176001002831", "nombre_sede": "JOSE HILARIO LOPEZ", "nombre_establecimiento": "INSTITUCION EDUCATIVA EVARISTO GARCIA", "sector": "OFICIAL", "zona": "URBANA", "nom_mun": "SANTIAGO DE CALI", "nom_dep": "VALLE DEL CAUCA", "estado_fisico": "Reporta afectación sin definir el impacto", "total_matricula": 143.0, "confianza_geo": "2 - MEDIA"}}, {"type": "Feature", "geometry": {"type": "Point", "coordinates": [-76.51830423226025, 3.4317258766557317]}, "properties": {"cod_dane": "176001002881", "nombre_sede": "INSTITUCION EDUCATIVA TECNICO INDUSTRIAL DIEZ DE MAYO - SEDE PRINCIPAL", "nombre_establecimiento": "INSTITUCION EDUCATIVA TECNICO INDUSTRIAL DIEZ DE  MAYO", "sector": "OFICIAL", "zona": "URBANA", "nom_mun": "SANTIAGO DE CALI", "nom_dep": "VALLE DEL CAUCA", "estado_fisico": "Reporta afectación sin definir el impacto", "total_matricula": 1193.0, "confianza_geo": "2 - MEDIA"}}, {"type": "Feature", "geometry": {"type": "Point", "coordinates": [-76.51815619888457, 3.420702008303556]}, "properties": {"cod_dane": "176001002920", "nombre_sede": "JOSE MARIA VIVAS BALCAZAR", "nombre_establecimiento": "INSTITUCION EDUCATIVA AGUSTIN NIETO CABALLERO", "sector": "OFICIAL", "zona": "URBANA", "nom_mun": "SANTIAGO DE CALI", "nom_dep": "VALLE DEL CAUCA", "estado_fisico": "Reporta afectación sin definir el impacto", "total_matricula": 505.0, "confianza_geo": "2 - MEDIA"}}, {"type": "Feature", "geometry": {"type": "Point", "coordinates": [-76.51422232713507, 3.4146631532336738]}, "properties": {"cod_dane": "176001002962", "nombre_sede": "SUSANA VINASCO DE QUINTANA", "nombre_establecimiento": "INSTITUCION EDUCATIVA TECNICO COMERCIAL VILLA DEL SUR", "sector": "OFICIAL", "zona": "URBANA", "nom_mun": "SANTIAGO DE CALI", "nom_dep": "VALLE DEL CAUCA", "estado_fisico": "Reporta afectación sin definir el impacto", "total_matricula": 386.0, "confianza_geo": "2 - MEDIA"}}, {"type": "Feature", "geometry": {"type": "Point", "coordinates": [-76.51820694740991, 3.4204994090268426]}, "properties": {"cod_dane": "176001003012", "nombre_sede": "MARINO RENGIFO SALCEDO", "nombre_establecimiento": "INSTITUCION EDUCATIVA AGUSTIN NIETO CABALLERO", "sector": "OFICIAL", "zona": "URBANA", "nom_mun": "SANTIAGO DE CALI", "nom_dep": "VALLE DEL CAUCA", "estado_fisico": "Reporta afectación sin definir el impacto", "total_matricula": 497.0, "confianza_geo": "2 - MEDIA"}}, {"type": "Feature", "geometry": {"type": "Point", "coordinates": [-76.50688074666093, 3.4418450458368004]}, "properties": {"cod_dane": "176001003071", "nombre_sede": "RICARDO NIETO", "nombre_establecimiento": "INSTITUCION EDUCATIVA SANTA FE", "sector": "OFICIAL", "zona": "URBANA", "nom_mun": "SANTIAGO DE CALI", "nom_dep": "VALLE DEL CAUCA", "estado_fisico": "Reporta afectación sin definir el impacto", "total_matricula": 365.0, "confianza_geo": "2 - MEDIA"}}, {"type": "Feature", "geometry": {"type": "Point", "coordinates": [-76.5132590744357, 3.440886711597859]}, "properties": {"cod_dane": "176001003101", "nombre_sede": "SAAVEDRA GALINDO", "nombre_establecimiento": "INSTITUCION EDUCATIVA EVARISTO GARCIA", "sector": "OFICIAL", "zona": "URBANA", "nom_mun": "SANTIAGO DE CALI", "nom_dep": "VALLE DEL CAUCA", "estado_fisico": "Reporta afectación sin definir el impacto", "total_matricula": 251.0, "confianza_geo": "2 - MEDIA"}}, {"type": "Feature", "geometry": {"type": "Point", "coordinates": [-76.49864615994599, 3.443060260400055]}, "properties": {"cod_dane": "176001003128", "nombre_sede": "CACIQUE DE GUATAVITA", "nombre_establecimiento": "INSTITUCION EDUCATIVA ALBERTO CARVAJAL BORRERO", "sector": "OFICIAL", "zona": "URBANA", "nom_mun": "SANTIAGO DE CALI", "nom_dep": "VALLE DEL CAUCA", "estado_fisico": "Reporta afectación sin definir el impacto", "total_matricula": 292.0, "confianza_geo": "2 - MEDIA"}}, {"type": "Feature", "geometry": {"type": "Point", "coordinates": [-76.52490381688611, 3.423926706719841]}, "properties": {"cod_dane": "176001003225", "nombre_sede": "ISABEL DE CASTILLA", "nombre_establecimiento": "INSTITUCION EDUCATIVA TECNICO INDUSTRIAL JOSE MARIA CARBONELL", "sector": "OFICIAL", "zona": "URBANA", "nom_mun": "SANTIAGO DE CALI", "nom_dep": "VALLE DEL CAUCA", "estado_fisico": "Reporta afectación sin definir el impacto", "total_matricula": 484.0, "confianza_geo": "2 - MEDIA"}}, {"type": "Feature", "geometry": {"type": "Point", "coordinates": [-76.49996176693409, 3.4372974797447045]}, "properties": {"cod_dane": "176001003861", "nombre_sede": "FENALCO ASTURIAS", "nombre_establecimiento": "INSTITUCION EDUCATIVA INDUSTRIAL MARICE SINISTERRA", "sector": "OFICIAL", "zona": "URBANA", "nom_mun": "SANTIAGO DE CALI", "nom_dep": "VALLE DEL CAUCA", "estado_fisico": "Reporta afectación sin definir el impacto", "total_matricula": 138.0, "confianza_geo": "2 - MEDIA"}}, {"type": "Feature", "geometry": {"type": "Point", "coordinates": [-76.48193051126003, 3.4581802834452118]}, "properties": {"cod_dane": "176001003888", "nombre_sede": "LOS FARALLONES", "nombre_establecimiento": "INSTITUCION EDUCATIVA  ALFONSO LOPEZ PUMAREJO", "sector": "OFICIAL", "zona": "URBANA", "nom_mun": "SANTIAGO DE CALI", "nom_dep": "VALLE DEL CAUCA", "estado_fisico": "Reporta afectación sin definir el impacto", "total_matricula": 756.0, "confianza_geo": "2 - MEDIA"}}, {"type": "Feature", "geometry": {"type": "Point", "coordinates": [-76.5044099098107, 3.4431738697046543]}, "properties": {"cod_dane": "176001003896", "nombre_sede": "CROYDON", "nombre_establecimiento": "INSTITUCION EDUCATIVA SANTA FE", "sector": "OFICIAL", "zona": "URBANA", "nom_mun": "SANTIAGO DE CALI", "nom_dep": "VALLE DEL CAUCA", "estado_fisico": "Reporta afectación sin definir el impacto", "total_matricula": 163.0, "confianza_geo": "2 - MEDIA"}}, {"type": "Feature", "geometry": {"type": "Point", "coordinates": [-76.5041604647243, 3.4111206920950394]}, "properties": {"cod_dane": "176001004060", "nombre_sede": "LIZANDRO FRANKY", "nombre_establecimiento": "INSTITUCION EDUCATIVA CARLOS HOLMES TRUJILLO", "sector": "OFICIAL", "zona": "URBANA", "nom_mun": "SANTIAGO DE CALI", "nom_dep": "VALLE DEL CAUCA", "estado_fisico": "Reporta afectación sin definir el impacto", "total_matricula": 470.0, "confianza_geo": "2 - MEDIA"}}, {"type": "Feature", "geometry": {"type": "Point", "coordinates": [-76.5170913027091, 3.4674761818143423]}, "properties": {"cod_dane": "176001004116", "nombre_sede": "CRISTINA SERRANO DE LOURIDO", "nombre_establecimiento": "INSTITUCION EDUCATIVA TECNICO INDUSTRIAL VEINTE DE JULIO", "sector": "OFICIAL", "zona": "URBANA", "nom_mun": "SANTIAGO DE CALI", "nom_dep": "VALLE DEL CAUCA", "estado_fisico": "Reporta afectación sin definir el impacto", "total_matricula": 181.0, "confianza_geo": "2 - MEDIA"}}, {"type": "Feature", "geometry": {"type": "Point", "coordinates": [-76.51297600001831, 3.4585259999698987]}, "properties": {"cod_dane": "176001004124", "nombre_sede": "ADAN CORDOVEZ CORDOBA", "nombre_establecimiento": "INSTITUCION EDUCATIVA TECNICO INDUSTRIAL VEINTE DE JULIO", "sector": "OFICIAL", "zona": "URBANA", "nom_mun": "SANTIAGO DE CALI", "nom_dep": "VALLE DEL CAUCA", "estado_fisico": "Reporta afectación sin definir el impacto", "total_matricula": 204.0, "confianza_geo": "2 - MEDIA"}}, {"type": "Feature", "geometry": {"type": "Point", "coordinates": [-76.51722222228031, 3.466666667132029]}, "properties": {"cod_dane": "176001004132", "nombre_sede": "SANTO TOMAS DE AQUINO", "nombre_establecimiento": "INSTITUCION EDUCATIVA SANTO TOMAS", "sector": "OFICIAL", "zona": "URBANA", "nom_mun": "SANTIAGO DE CALI", "nom_dep": "VALLE DEL CAUCA", "estado_fisico": "Reporta afectación sin definir el impacto", "total_matricula": 300.0, "confianza_geo": "2 - MEDIA"}}, {"type": "Feature", "geometry": {"type": "Point", "coordinates": [-76.49560599961478, 3.4445429998361137]}, "properties": {"cod_dane": "176001004191", "nombre_sede": "ABRAHAN DOMINGUEZ", "nombre_establecimiento": "INSTITUCION EDUCATIVA ALBERTO CARVAJAL BORRERO", "sector": "OFICIAL", "zona": "URBANA", "nom_mun": "SANTIAGO DE CALI", "nom_dep": "VALLE DEL CAUCA", "estado_fisico": "Reporta afectación sin definir el impacto", "total_matricula": 143.0, "confianza_geo": "2 - MEDIA"}}, {"type": "Feature", "geometry": null, "properties": {"cod_dane": "176001004221", "nombre_sede": "ELEAZAR LIBREROS", "nombre_establecimiento": "INSTITUCION EDUCATIVA SIETE DE AGOSTO", "sector": "OFICIAL", "zona": "URBANA", "nom_mun": "SANTIAGO DE CALI", "nom_dep": "VALLE DEL CAUCA", "estado_fisico": "Reporta afectación sin definir el impacto", "total_matricula": 861.0, "confianza_geo": "3 - BAJA"}}, {"type": "Feature", "geometry": {"type": "Point", "coordinates": [-76.48455435006775, 3.4504428902796014]}, "properties": {"cod_dane": "176001004302", "nombre_sede": "ANA MARIA VERNAZA", "nombre_establecimiento": "INSTITUCION EDUCATIVA SIETE DE AGOSTO", "sector": "OFICIAL", "zona": "URBANA", "nom_mun": "SANTIAGO DE CALI", "nom_dep": "VALLE DEL CAUCA", "estado_fisico": "Reporta afectación sin definir el impacto", "total_matricula": 374.0, "confianza_geo": "2 - MEDIA"}}, {"type": "Feature", "geometry": {"type": "Point", "coordinates": [-76.51057974489623, 3.4400152672029387]}, "properties": {"cod_dane": "176001004311", "nombre_sede": "MANUEL REBOLLEDO", "nombre_establecimiento": "INSTITUCION EDUCATIVA SANTA FE", "sector": "OFICIAL", "zona": "URBANA", "nom_mun": "SANTIAGO DE CALI", "nom_dep": "VALLE DEL CAUCA", "estado_fisico": "Reporta afectación sin definir el impacto", "total_matricula": 273.0, "confianza_geo": "2 - MEDIA"}}, {"type": "Feature", "geometry": {"type": "Point", "coordinates": [-76.5103420003664, 3.4425600001765058]}, "properties": {"cod_dane": "176001004345", "nombre_sede": "ESTADO DE PUERTO RICO", "nombre_establecimiento": "INSTITUCION EDUCATIVA SANTA FE", "sector": "OFICIAL", "zona": "URBANA", "nom_mun": "SANTIAGO DE CALI", "nom_dep": "VALLE DEL CAUCA", "estado_fisico": "Reporta afectación sin definir el impacto", "total_matricula": 82.0, "confianza_geo": "2 - MEDIA"}}, {"type": "Feature", "geometry": {"type": "Point", "coordinates": [-76.57637970632081, 3.4525575821697063]}, "properties": {"cod_dane": "176001004426", "nombre_sede": "MARICE SINISTERRA", "nombre_establecimiento": "INSTITUCION EDUCATIVA JOSE HOLGUIN GARCES", "sector": "OFICIAL", "zona": "URBANA", "nom_mun": "SANTIAGO DE CALI", "nom_dep": "VALLE DEL CAUCA", "estado_fisico": "Reporta afectación sin definir el impacto", "total_matricula": 160.0, "confianza_geo": "2 - MEDIA"}}, {"type": "Feature", "geometry": {"type": "Point", "coordinates": [-76.56767461170445, 3.4521101148050715]}, "properties": {"cod_dane": "176001004434", "nombre_sede": "ANA MARIA LLOREDA", "nombre_establecimiento": "INSTITUCION EDUCATIVA JOSE HOLGUIN GARCES", "sector": "NO OFICIAL", "zona": "URBANA", "nom_mun": "SANTIAGO DE CALI", "nom_dep": "VALLE DEL CAUCA", "estado_fisico": "Reporta afectación sin definir el impacto", "total_matricula": 378.0, "confianza_geo": "2 - MEDIA"}}, {"type": "Feature", "geometry": {"type": "Point", "coordinates": [-76.5491939100291, 3.3949240796753473]}, "properties": {"cod_dane": "176001004442", "nombre_sede": "JHON F. KENNEDY", "nombre_establecimiento": "INSTITUCION EDUCATIVA POLITECNICO MUNICIPAL DE CALI", "sector": "OFICIAL", "zona": "URBANA", "nom_mun": "SANTIAGO DE CALI", "nom_dep": "VALLE DEL CAUCA", "estado_fisico": "Reporta afectación sin definir el impacto", "total_matricula": 344.0, "confianza_geo": "2 - MEDIA"}}, {"type": "Feature", "geometry": {"type": "Point", "coordinates": [-76.54618276977317, 3.3927260501862477]}, "properties": {"cod_dane": "176001004469", "nombre_sede": "GENERAL SANTANDER", "nombre_establecimiento": "INSTITUCION EDUCATIVA POLITECNICO MUNICIPAL DE CALI", "sector": "OFICIAL", "zona": "URBANA", "nom_mun": "SANTIAGO DE CALI", "nom_dep": "VALLE DEL CAUCA", "estado_fisico": "Reporta afectación sin definir el impacto", "total_matricula": 180.0, "confianza_geo": "2 - MEDIA"}}, {"type": "Feature", "geometry": {"type": "Point", "coordinates": [-76.56306799972351, 3.4149810002213714]}, "properties": {"cod_dane": "176001004493", "nombre_sede": "REPUBLICA DE PANAMA", "nombre_establecimiento": "INSTITUCION EDUCATIVA TECNICO INDUSTRIAL  MULTIPROPOSITO", "sector": "OFICIAL", "zona": "URBANA", "nom_mun": "SANTIAGO DE CALI", "nom_dep": "VALLE DEL CAUCA", "estado_fisico": "Reporta afectación sin definir el impacto", "total_matricula": 295.0, "confianza_geo": "2 - MEDIA"}}, {"type": "Feature", "geometry": {"type": "Point", "coordinates": [-76.56892900479414, 3.452693725820327]}, "properties": {"cod_dane": "176001004507", "nombre_sede": "ULPIANO LLOREDA", "nombre_establecimiento": "INSTITUCION EDUCATIVA JOSE HOLGUIN GARCES", "sector": "OFICIAL", "zona": "URBANA", "nom_mun": "SANTIAGO DE CALI", "nom_dep": "VALLE DEL CAUCA", "estado_fisico": "Reporta afectación sin definir el impacto", "total_matricula": 373.0, "confianza_geo": "2 - MEDIA"}}, {"type": "Feature", "geometry": {"type": "Point", "coordinates": [-76.53090703604602, 3.424073109252246]}, "properties": {"cod_dane": "176001004531", "nombre_sede": "ESCUELA NORMAL SUPERIOR SANTIAGO DE CALI", "nombre_establecimiento": "ESCUELA NORMAL SUPERIOR SANTIAGO DE CALI", "sector": "OFICIAL", "zona": "URBANA", "nom_mun": "SANTIAGO DE CALI", "nom_dep": "VALLE DEL CAUCA", "estado_fisico": "Reporta afectación sin definir el impacto", "total_matricula": 1312.0, "confianza_geo": "2 - MEDIA"}}, {"type": "Feature", "geometry": {"type": "Point", "coordinates": [-76.52034519021272, 3.448792969811956]}, "properties": {"cod_dane": "176001004671", "nombre_sede": "POLICARPA SALAVARRIETA", "nombre_establecimiento": "INSTITUCION EDUCATIVA REPUBLICA DE ARGENTINA", "sector": "OFICIAL", "zona": "URBANA", "nom_mun": "SANTIAGO DE CALI", "nom_dep": "VALLE DEL CAUCA", "estado_fisico": "Reporta afectación sin definir el impacto", "total_matricula": 382.0, "confianza_geo": "2 - MEDIA"}}, {"type": "Feature", "geometry": {"type": "Point", "coordinates": [-76.52163100008286, 3.439656000234932]}, "properties": {"cod_dane": "176001004680", "nombre_sede": "NUESTRA SEÑORA DE LOS REMEDIOS", "nombre_establecimiento": "INSTITUCION EDUCATIVA GENERAL ALFREDO VASQUEZ COBO", "sector": "OFICIAL", "zona": "URBANA", "nom_mun": "SANTIAGO DE CALI", "nom_dep": "VALLE DEL CAUCA", "estado_fisico": "Reporta afectación sin definir el impacto", "total_matricula": 331.0, "confianza_geo": "2 - MEDIA"}}, {"type": "Feature", "geometry": {"type": "Point", "coordinates": [-76.53023749022373, 3.4321165796749304]}, "properties": {"cod_dane": "176001004701", "nombre_sede": "CAMILO TORRES", "nombre_establecimiento": "INSTITUCION EDUCATIVA JOAQUIN DE CAYCEDO Y CUERO", "sector": "OFICIAL", "zona": "URBANA", "nom_mun": "SANTIAGO DE CALI", "nom_dep": "VALLE DEL CAUCA", "estado_fisico": "Reporta afectación sin definir el impacto", "total_matricula": 366.0, "confianza_geo": "2 - MEDIA"}}, {"type": "Feature", "geometry": {"type": "Point", "coordinates": [-76.52495689025142, 3.4320927802513514]}, "properties": {"cod_dane": "176001004710", "nombre_sede": "GENERAL CARLOS ALBAN", "nombre_establecimiento": "INSTITUCION EDUCATIVA JOAQUIN DE CAYCEDO Y CUERO", "sector": "OFICIAL", "zona": "URBANA", "nom_mun": "SANTIAGO DE CALI", "nom_dep": "VALLE DEL CAUCA", "estado_fisico": "Reporta afectación sin definir el impacto", "total_matricula": 155.0, "confianza_geo": "2 - MEDIA"}}, {"type": "Feature", "geometry": {"type": "Point", "coordinates": [-76.52878372503987, 3.4221658079901998]}, "properties": {"cod_dane": "176001004728", "nombre_sede": "HONORIO VILLEGAS", "nombre_establecimiento": "INSTITUCION EDUCATIVA TECNICO INDUSTRIAL JOSE MARIA CARBONELL", "sector": "OFICIAL", "zona": "URBANA", "nom_mun": "SANTIAGO DE CALI", "nom_dep": "VALLE DEL CAUCA", "estado_fisico": "Reporta afectación sin definir el impacto", "total_matricula": 362.0, "confianza_geo": "2 - MEDIA"}}, {"type": "Feature", "geometry": {"type": "Point", "coordinates": [-76.55112327566373, 3.3768213462091206]}, "properties": {"cod_dane": "176001004850", "nombre_sede": "EDUARDO RIASCOS GRUESO", "nombre_establecimiento": "INSTITUCION EDUCATIVA ALVARO ECHEVERRY PEREA", "sector": "OFICIAL", "zona": "URBANA", "nom_mun": "SANTIAGO DE CALI", "nom_dep": "VALLE DEL CAUCA", "estado_fisico": "Reporta afectación sin definir el impacto", "total_matricula": 314.0, "confianza_geo": "2 - MEDIA"}}, {"type": "Feature", "geometry": null, "properties": {"cod_dane": "176001004868", "nombre_sede": "CELIMO RUEDA", "nombre_establecimiento": "INSTITUCION EDUCATIVA POLITECNICO MUNICIPAL DE CALI", "sector": "OFICIAL", "zona": "URBANA", "nom_mun": "SANTIAGO DE CALI", "nom_dep": "VALLE DEL CAUCA", "estado_fisico": "Reporta afectación sin definir el impacto", "total_matricula": 411.0, "confianza_geo": "3 - BAJA"}}, {"type": "Feature", "geometry": {"type": "Point", "coordinates": [-76.5249847299404, 3.43939204039736]}, "properties": {"cod_dane": "176001004965", "nombre_sede": "REPUBLICA DEL ECUADOR", "nombre_establecimiento": "INSTITUCION EDUCATIVA GENERAL ALFREDO VASQUEZ COBO", "sector": "OFICIAL", "zona": "URBANA", "nom_mun": "SANTIAGO DE CALI", "nom_dep": "VALLE DEL CAUCA", "estado_fisico": "Reporta afectación sin definir el impacto", "total_matricula": 260.0, "confianza_geo": "2 - MEDIA"}}, {"type": "Feature", "geometry": {"type": "Point", "coordinates": [-76.53708900018451, 3.435738999976564]}, "properties": {"cod_dane": "176001004990", "nombre_sede": "SEDE LA GRAN COLOMBIA", "nombre_establecimiento": "INSTITUCION EDUCATIVA  LICEO DEPARTAMENTAL", "sector": "OFICIAL", "zona": "URBANA", "nom_mun": "SANTIAGO DE CALI", "nom_dep": "VALLE DEL CAUCA", "estado_fisico": "Reporta afectación sin definir el impacto", "total_matricula": 582.0, "confianza_geo": "2 - MEDIA"}}, {"type": "Feature", "geometry": {"type": "Point", "coordinates": [-76.5773603333361, 3.4543685188836126]}, "properties": {"cod_dane": "176001005066", "nombre_sede": "JOSE ACEVEDO Y GOMEZ", "nombre_establecimiento": "INSTITUCION EDUCATIVA JOSE HOLGUIN GARCES", "sector": "OFICIAL", "zona": "URBANA", "nom_mun": "SANTIAGO DE CALI", "nom_dep": "VALLE DEL CAUCA", "estado_fisico": "Reporta afectación sin definir el impacto", "total_matricula": 292.0, "confianza_geo": "2 - MEDIA"}}, {"type": "Feature", "geometry": {"type": "Point", "coordinates": [-76.51826919886247, 3.4204923357390746]}, "properties": {"cod_dane": "176001005333", "nombre_sede": "ANTONIO RICAURTE", "nombre_establecimiento": "INSTITUCION EDUCATIVA AGUSTIN NIETO CABALLERO", "sector": "OFICIAL", "zona": "URBANA", "nom_mun": "SANTIAGO DE CALI", "nom_dep": "VALLE DEL CAUCA", "estado_fisico": "Reporta afectación sin definir el impacto", "total_matricula": 69.0, "confianza_geo": "2 - MEDIA"}}, {"type": "Feature", "geometry": null, "properties": {"cod_dane": "176001005368", "nombre_sede": "INSTITUCION EDUCATIVA REPUBLICA DE ARGENTINA", "nombre_establecimiento": "INSTITUCION EDUCATIVA REPUBLICA DE ARGENTINA", "sector": "OFICIAL", "zona": "URBANA", "nom_mun": "SANTIAGO DE CALI", "nom_dep": "VALLE DEL CAUCA", "estado_fisico": "Reporta afectación sin definir el impacto", "total_matricula": 285.0, "confianza_geo": "3 - BAJA"}}, {"type": "Feature", "geometry": {"type": "Point", "coordinates": [-76.52540758041935, 3.421868169929923]}, "properties": {"cod_dane": "176001005716", "nombre_sede": "INSTITUCION EDUCATIVA JOAQUIN DE CAYCEDO Y CUERO", "nombre_establecimiento": "INSTITUCION EDUCATIVA JOAQUIN DE CAYCEDO Y CUERO", "sector": "OFICIAL", "zona": "URBANA", "nom_mun": "SANTIAGO DE CALI", "nom_dep": "VALLE DEL CAUCA", "estado_fisico": "Reporta afectación sin definir el impacto", "total_matricula": 482.0, "confianza_geo": "2 - MEDIA"}}, {"type": "Feature", "geometry": {"type": "Point", "coordinates": [-76.50185609378107, 3.482522828045005]}, "properties": {"cod_dane": "176001005813", "nombre_sede": "INSTITUCION EDUCATIVA INEM JORGE ISAACS", "nombre_establecimiento": "INSTITUCION EDUCATIVA INEM JORGE ISAACS", "sector": "OFICIAL", "zona": "URBANA", "nom_mun": "SANTIAGO DE CALI", "nom_dep": "VALLE DEL CAUCA", "estado_fisico": "Reporta afectación sin definir el impacto", "total_matricula": 2303.0, "confianza_geo": "2 - MEDIA"}}, {"type": "Feature", "geometry": {"type": "Point", "coordinates": [-76.55209310043773, 3.45520739966151]}, "properties": {"cod_dane": "176001006062", "nombre_sede": "LA INMACULADA", "nombre_establecimiento": "INSTITUCION EDUCATIVA ISAIAS GAMBOA - EL AGUACATAL", "sector": "OFICIAL", "zona": "URBANA", "nom_mun": "SANTIAGO DE CALI", "nom_dep": "VALLE DEL CAUCA", "estado_fisico": "Reporta afectación sin definir el impacto", "total_matricula": 332.0, "confianza_geo": "2 - MEDIA"}}, {"type": "Feature", "geometry": {"type": "Point", "coordinates": [-76.5298484433489, 3.4405694130290447]}, "properties": {"cod_dane": "176001006071", "nombre_sede": "INSTITUCION EDUCATIVA SANTA FE", "nombre_establecimiento": "INSTITUCION EDUCATIVA SANTA FE", "sector": "OFICIAL", "zona": "URBANA", "nom_mun": "SANTIAGO DE CALI", "nom_dep": "VALLE DEL CAUCA", "estado_fisico": "Reporta afectación sin definir el impacto", "total_matricula": 402.0, "confianza_geo": "2 - MEDIA"}}, {"type": "Feature", "geometry": {"type": "Point", "coordinates": [-76.48319137042314, 3.4540697404286105]}, "properties": {"cod_dane": "176001006470", "nombre_sede": "RAFAEL POMBO", "nombre_establecimiento": "INSTITUCION EDUCATIVA  ALFONSO LOPEZ PUMAREJO", "sector": "OFICIAL", "zona": "URBANA", "nom_mun": "SANTIAGO DE CALI", "nom_dep": "VALLE DEL CAUCA", "estado_fisico": "Reporta afectación sin definir el impacto", "total_matricula": 433.0, "confianza_geo": "2 - MEDIA"}}, {"type": "Feature", "geometry": {"type": "Point", "coordinates": [-76.50565142465248, 3.412711768329761]}, "properties": {"cod_dane": "176001006496", "nombre_sede": "POLICARPA SALAVARRIETA", "nombre_establecimiento": "INSTITUCION EDUCATIVA CARLOS HOLMES TRUJILLO", "sector": "OFICIAL", "zona": "URBANA", "nom_mun": "SANTIAGO DE CALI", "nom_dep": "VALLE DEL CAUCA", "estado_fisico": "Reporta afectación sin definir el impacto", "total_matricula": 395.0, "confianza_geo": "2 - MEDIA"}}, {"type": "Feature", "geometry": {"type": "Point", "coordinates": [-76.50127428102267, 3.4197007333598313]}, "properties": {"cod_dane": "176001007115", "nombre_sede": "INSTITUCION EDUCATIVA EL DIAMANTE - SEDE PRINCIPAL", "nombre_establecimiento": "INSTITUCION EDUCATIVA  EL DIAMANTE", "sector": "OFICIAL", "zona": "URBANA", "nom_mun": "SANTIAGO DE CALI", "nom_dep": "VALLE DEL CAUCA", "estado_fisico": "Reporta afectación sin definir el impacto", "total_matricula": 1434.0, "confianza_geo": "2 - MEDIA"}}, {"type": "Feature", "geometry": {"type": "Point", "coordinates": [-76.51055570328428, 3.4061527149780995]}, "properties": {"cod_dane": "176001007131", "nombre_sede": "INSTITUCION EDUCATIVA CARLOS HOLMES TRUJILLO - SEDE PRINCIPAL", "nombre_establecimiento": "INSTITUCION EDUCATIVA CARLOS HOLMES TRUJILLO", "sector": "OFICIAL", "zona": "URBANA", "nom_mun": "SANTIAGO DE CALI", "nom_dep": "VALLE DEL CAUCA", "estado_fisico": "Reporta afectación sin definir el impacto", "total_matricula": 985.0, "confianza_geo": "2 - MEDIA"}}, {"type": "Feature", "geometry": {"type": "Point", "coordinates": [-76.52966400035646, 3.424695000087751]}, "properties": {"cod_dane": "176001007166", "nombre_sede": "INSTITUCION EDUCATIVA TECNICO INDUSTRIAL JOSE MARIA CARBONELL", "nombre_establecimiento": "INSTITUCION EDUCATIVA TECNICO INDUSTRIAL JOSE MARIA CARBONELL", "sector": "OFICIAL", "zona": "URBANA", "nom_mun": "SANTIAGO DE CALI", "nom_dep": "VALLE DEL CAUCA", "estado_fisico": "Reporta afectación sin definir el impacto", "total_matricula": 1091.0, "confianza_geo": "2 - MEDIA"}}, {"type": "Feature", "geometry": {"type": "Point", "coordinates": [-76.48203332524092, 3.458070634775399]}, "properties": {"cod_dane": "176001007336", "nombre_sede": "PURIFICACION TRUJILLO", "nombre_establecimiento": "INSTITUCION EDUCATIVA  ALFONSO LOPEZ PUMAREJO", "sector": "OFICIAL", "zona": "URBANA", "nom_mun": "SANTIAGO DE CALI", "nom_dep": "VALLE DEL CAUCA", "estado_fisico": "Reporta afectación sin definir el impacto", "total_matricula": 394.0, "confianza_geo": "2 - MEDIA"}}, {"type": "Feature", "geometry": {"type": "Point", "coordinates": [-76.50178747956134, 3.4384583099857386]}, "properties": {"cod_dane": "176001007891", "nombre_sede": "ASTURIAS", "nombre_establecimiento": "INSTITUCION EDUCATIVA INDUSTRIAL MARICE SINISTERRA", "sector": "OFICIAL", "zona": "URBANA", "nom_mun": "SANTIAGO DE CALI", "nom_dep": "VALLE DEL CAUCA", "estado_fisico": "Reporta afectación sin definir el impacto", "total_matricula": 114.0, "confianza_geo": "2 - MEDIA"}}, {"type": "Feature", "geometry": {"type": "Point", "coordinates": [-76.51793899972358, 3.4069870002017986]}, "properties": {"cod_dane": "176001007905", "nombre_sede": "SEDE LUIS ENRIQUE MONTOYA", "nombre_establecimiento": "INSTITUCION EDUCATIVA RODRIGO LLOREDA CAICEDO", "sector": "OFICIAL", "zona": "URBANA", "nom_mun": "SANTIAGO DE CALI", "nom_dep": "VALLE DEL CAUCA", "estado_fisico": "Reporta afectación sin definir el impacto", "total_matricula": 413.0, "confianza_geo": "2 - MEDIA"}}, {"type": "Feature", "geometry": {"type": "Point", "coordinates": [-76.52265271963249, 3.418538149687207]}, "properties": {"cod_dane": "176001008642", "nombre_sede": "INSTITUCION EDUCATIVA CARLOS HOLGUIN LLOREDA - SEDE PRINCIPAL", "nombre_establecimiento": "INSTITUCION EDUCATIVA CARLOS HOLGUIN LLOREDA", "sector": "OFICIAL", "zona": "URBANA", "nom_mun": "SANTIAGO DE CALI", "nom_dep": "VALLE DEL CAUCA", "estado_fisico": "Reporta afectación sin definir el impacto", "total_matricula": 483.0, "confianza_geo": "2 - MEDIA"}}, {"type": "Feature", "geometry": {"type": "Point", "coordinates": [-76.56738395909933, 3.4522130300579583]}, "properties": {"cod_dane": "176001008669", "nombre_sede": "INSTITUCION EDUCATIVA  JOSE HOLGUIN GARCES - SEDE PRINCIPAL", "nombre_establecimiento": "INSTITUCION EDUCATIVA JOSE HOLGUIN GARCES", "sector": "OFICIAL", "zona": "URBANA", "nom_mun": "SANTIAGO DE CALI", "nom_dep": "VALLE DEL CAUCA", "estado_fisico": "Reporta afectación sin definir el impacto", "total_matricula": 1287.0, "confianza_geo": "2 - MEDIA"}}, {"type": "Feature", "geometry": {"type": "Point", "coordinates": [-76.48727784617648, 3.457362626132572]}, "properties": {"cod_dane": "176001008723", "nombre_sede": "INSTITUCION EDUCATIVA MANUEL MARIA MALLARINO", "nombre_establecimiento": "INSTITUCION ETNOEDUCATIVA MANUEL MARIA MALLARINO", "sector": "OFICIAL", "zona": "URBANA", "nom_mun": "SANTIAGO DE CALI", "nom_dep": "VALLE DEL CAUCA", "estado_fisico": "Reporta afectación sin definir el impacto", "total_matricula": 701.0, "confianza_geo": "2 - MEDIA"}}, {"type": "Feature", "geometry": {"type": "Point", "coordinates": [-76.51993626721392, 3.42397390514262]}, "properties": {"cod_dane": "176001008791", "nombre_sede": "INSTITUCION EDUCATIVA BOYACA", "nombre_establecimiento": "INSTITUCION EDUCATIVA BOYACA", "sector": "OFICIAL", "zona": "URBANA", "nom_mun": "SANTIAGO DE CALI", "nom_dep": "VALLE DEL CAUCA", "estado_fisico": "Reporta afectación sin definir el impacto", "total_matricula": 200.0, "confianza_geo": "2 - MEDIA"}}, {"type": "Feature", "geometry": {"type": "Point", "coordinates": [-76.50897099966461, 3.42118799979654]}, "properties": {"cod_dane": "176001009045", "nombre_sede": "SEDE PRIMAVERA", "nombre_establecimiento": "INSTITUCION EDUCATIVA CIUDAD MODELO", "sector": "NO OFICIAL", "zona": "URBANA", "nom_mun": "SANTIAGO DE CALI", "nom_dep": "VALLE DEL CAUCA", "estado_fisico": "Reporta afectación sin definir el impacto", "total_matricula": 722.0, "confianza_geo": "2 - MEDIA"}}, {"type": "Feature", "geometry": {"type": "Point", "coordinates": [-76.48892278902248, 3.4719081099782634]}, "properties": {"cod_dane": "176001012798", "nombre_sede": "MARIANO OSPINA PEREZ", "nombre_establecimiento": "INSTITUCION EDUCATIVA CELMIRA BUENO DE OREJUELA", "sector": "OFICIAL", "zona": "URBANA", "nom_mun": "SANTIAGO DE CALI", "nom_dep": "VALLE DEL CAUCA", "estado_fisico": "Reporta afectación sin definir el impacto", "total_matricula": 549.0, "confianza_geo": "2 - MEDIA"}}, {"type": "Feature", "geometry": {"type": "Point", "coordinates": [-76.54517294032462, 3.405608300270955]}, "properties": {"cod_dane": "176001012844", "nombre_sede": "25 DE JULIO", "nombre_establecimiento": "INSTITUCION EDUCATIVA POLITECNICO MUNICIPAL DE CALI", "sector": "OFICIAL", "zona": "URBANA", "nom_mun": "SANTIAGO DE CALI", "nom_dep": "VALLE DEL CAUCA", "estado_fisico": "Reporta afectación sin definir el impacto", "total_matricula": 125.0, "confianza_geo": "2 - MEDIA"}}, {"type": "Feature", "geometry": {"type": "Point", "coordinates": [-76.53097058376753, 3.4217647707648142]}, "properties": {"cod_dane": "176001013018", "nombre_sede": "JOAQUIN DE CAICEDO Y CUERO", "nombre_establecimiento": "ESCUELA NORMAL SUPERIOR SANTIAGO DE CALI", "sector": "OFICIAL", "zona": "URBANA", "nom_mun": "SANTIAGO DE CALI", "nom_dep": "VALLE DEL CAUCA", "estado_fisico": "Reporta afectación sin definir el impacto", "total_matricula": 776.0, "confianza_geo": "2 - MEDIA"}}, {"type": "Feature", "geometry": {"type": "Point", "coordinates": [-76.55382000018037, 3.4019550001753753]}, "properties": {"cod_dane": "176001013310", "nombre_sede": "INSTITUCION EDUCATIVA POLITECNICO MUNICIPAL DE CALI - SEDE PRINCIPAL", "nombre_establecimiento": "INSTITUCION EDUCATIVA POLITECNICO MUNICIPAL DE CALI", "sector": "OFICIAL", "zona": "URBANA", "nom_mun": "SANTIAGO DE CALI", "nom_dep": "VALLE DEL CAUCA", "estado_fisico": "Reporta afectación sin definir el impacto", "total_matricula": 1117.0, "confianza_geo": "2 - MEDIA"}}, {"type": "Feature", "geometry": {"type": "Point", "coordinates": [-76.57043599965016, 3.4554660001243334]}, "properties": {"cod_dane": "176001014120", "nombre_sede": "ALEJANDRO CABAL POMBO", "nombre_establecimiento": "INSTITUCION EDUCATIVA ISAIAS GAMBOA - EL AGUACATAL", "sector": "OFICIAL", "zona": "URBANA", "nom_mun": "SANTIAGO DE CALI", "nom_dep": "VALLE DEL CAUCA", "estado_fisico": "Reporta afectación sin definir el impacto", "total_matricula": 170.0, "confianza_geo": "2 - MEDIA"}}, {"type": "Feature", "geometry": {"type": "Point", "coordinates": [-76.4801530004343, 3.4398209996433393]}, "properties": {"cod_dane": "176001014359", "nombre_sede": "INSTITUCION EDUCATIVA LA ANUNCIACION - SEDE PRINCIPAL", "nombre_establecimiento": "INSTITUCION EDUCATIVA LA ANUNCIACION", "sector": "OFICIAL", "zona": "URBANA", "nom_mun": "SANTIAGO DE CALI", "nom_dep": "VALLE DEL CAUCA", "estado_fisico": "Reporta afectación sin definir el impacto", "total_matricula": 879.0, "confianza_geo": "2 - MEDIA"}}, {"type": "Feature", "geometry": {"type": "Point", "coordinates": [-76.4765421350132, 3.4192905118334798]}, "properties": {"cod_dane": "176001017374", "nombre_sede": "INSTITUCION EDUCATIVA GABRIELA MISTRAL", "nombre_establecimiento": "INSTITUCION EDUCATIVA GABRIELA MISTRAL", "sector": "OFICIAL", "zona": "URBANA", "nom_mun": "SANTIAGO DE CALI", "nom_dep": "VALLE DEL CAUCA", "estado_fisico": "Reporta afectación sin definir el impacto", "total_matricula": 1452.0, "confianza_geo": "2 - MEDIA"}}, {"type": "Feature", "geometry": null, "properties": {"cod_dane": "176001020065", "nombre_sede": "INSTITUCION EDUCATIVA CELMIRA BUENO DE OREJUELA", "nombre_establecimiento": "INSTITUCION EDUCATIVA CELMIRA BUENO DE OREJUELA", "sector": "OFICIAL", "zona": "URBANA", "nom_mun": "SANTIAGO DE CALI", "nom_dep": "VALLE DEL CAUCA", "estado_fisico": "Reporta afectación sin definir el impacto", "total_matricula": 1182.0, "confianza_geo": "3 - BAJA"}}, {"type": "Feature", "geometry": {"type": "Point", "coordinates": [-76.53601129672803, 3.413774456245967]}, "properties": {"cod_dane": "176001020359", "nombre_sede": "INSTITUCION EDUCATIVA RAFAEL NAVIA VARON", "nombre_establecimiento": "INSTITUCION EDUCATIVA RAFAEL NAVIA VARON", "sector": "OFICIAL", "zona": "URBANA", "nom_mun": "SANTIAGO DE CALI", "nom_dep": "VALLE DEL CAUCA", "estado_fisico": "Reporta afectación sin definir el impacto", "total_matricula": 930.0, "confianza_geo": "2 - MEDIA"}}, {"type": "Feature", "geometry": {"type": "Point", "coordinates": [-76.49239888379476, 3.4253579428202996]}, "properties": {"cod_dane": "176001020383", "nombre_sede": "JOSE CARDONA HOYOS", "nombre_establecimiento": "INSTITUCION EDUCATIVA SANTA ROSA", "sector": "OFICIAL", "zona": "URBANA", "nom_mun": "SANTIAGO DE CALI", "nom_dep": "VALLE DEL CAUCA", "estado_fisico": "Reporta afectación sin definir el impacto", "total_matricula": 291.0, "confianza_geo": "2 - MEDIA"}}, {"type": "Feature", "geometry": null, "properties": {"cod_dane": "176001020693", "nombre_sede": "INSTITUCION EDUCATIVA HUMBERTO JORDAN MAZUERA - SEDE PRINCIPAL", "nombre_establecimiento": "INSTITUCION EDUCATIVA HUMBERTO JORDAN MAZUERA", "sector": "OFICIAL", "zona": "URBANA", "nom_mun": "SANTIAGO DE CALI", "nom_dep": "VALLE DEL CAUCA", "estado_fisico": "Reporta afectación sin definir el impacto", "total_matricula": 866.0, "confianza_geo": "3 - BAJA"}}, {"type": "Feature", "geometry": {"type": "Point", "coordinates": [-76.48076556072822, 3.4156917833791174]}, "properties": {"cod_dane": "176001022441", "nombre_sede": "ISAIAS HERNAN IBARRA", "nombre_establecimiento": "INSTITUCION EDUCATIVA GABRIELA MISTRAL", "sector": "OFICIAL", "zona": "URBANA", "nom_mun": "SANTIAGO DE CALI", "nom_dep": "VALLE DEL CAUCA", "estado_fisico": "Reporta afectación sin definir el impacto", "total_matricula": 656.0, "confianza_geo": "2 - MEDIA"}}, {"type": "Feature", "geometry": null, "properties": {"cod_dane": "176001025849", "nombre_sede": "ELIAS SALAZAR GARCIA", "nombre_establecimiento": "INSTITUCION EDUCATIVA GABRIELA MISTRAL", "sector": "OFICIAL", "zona": "URBANA", "nom_mun": "SANTIAGO DE CALI", "nom_dep": "VALLE DEL CAUCA", "estado_fisico": "Reporta afectación sin definir el impacto", "total_matricula": 525.0, "confianza_geo": "3 - BAJA"}}, {"type": "Feature", "geometry": {"type": "Point", "coordinates": [-76.48799300036406, 3.422723000437448]}, "properties": {"cod_dane": "176001025946", "nombre_sede": "INSTITUCION EDUCATIVA SANTA ROSA - SEDE PRINCIPAL", "nombre_establecimiento": "INSTITUCION EDUCATIVA SANTA ROSA", "sector": "OFICIAL", "zona": "URBANA", "nom_mun": "SANTIAGO DE CALI", "nom_dep": "VALLE DEL CAUCA", "estado_fisico": "Reporta afectación sin definir el impacto", "total_matricula": 1170.0, "confianza_geo": "2 - MEDIA"}}, {"type": "Feature", "geometry": {"type": "Point", "coordinates": [-76.49223482088115, 3.434221481706941]}, "properties": {"cod_dane": "176001025962", "nombre_sede": "VILLABLANCA", "nombre_establecimiento": "INSTITUCION EDUCATIVA HUMBERTO JORDAN MAZUERA", "sector": "OFICIAL", "zona": "URBANA", "nom_mun": "SANTIAGO DE CALI", "nom_dep": "VALLE DEL CAUCA", "estado_fisico": "Reporta afectación sin definir el impacto", "total_matricula": 473.0, "confianza_geo": "2 - MEDIA"}}, {"type": "Feature", "geometry": {"type": "Point", "coordinates": [-76.49227319780842, 3.4115243010874123]}, "properties": {"cod_dane": "176001028872", "nombre_sede": "INSTITUCION EDUCATIVA TECNICO INDUSTRIAL CARLOS HOLGUIN MALLARINO - SEDE PRINCIPAL", "nombre_establecimiento": "INSTITUCION EDUCATIVA TECNICO INDUSTRIAL CARLOS HOLGUIN MALLARINO", "sector": "OFICIAL", "zona": "URBANA", "nom_mun": "SANTIAGO DE CALI", "nom_dep": "VALLE DEL CAUCA", "estado_fisico": "Reporta afectación sin definir el impacto", "total_matricula": 722.0, "confianza_geo": "2 - MEDIA"}}, {"type": "Feature", "geometry": {"type": "Point", "coordinates": [-76.51441399976893, 3.408727999728724]}, "properties": {"cod_dane": "176001028970", "nombre_sede": "INSTITUCION EDUCATIVA TECNICO INDUSTRIAL DONALD RODRIGO TAFUR - SEDE PRINCIPAL", "nombre_establecimiento": "INSTITUCION EDUCATIVA TECNICO INDUSTRIAL DONALD RODRIGO TAFUR", "sector": "OFICIAL", "zona": "URBANA", "nom_mun": "SANTIAGO DE CALI", "nom_dep": "VALLE DEL CAUCA", "estado_fisico": "Reporta afectación sin definir el impacto", "total_matricula": 1472.0, "confianza_geo": "2 - MEDIA"}}, {"type": "Feature", "geometry": {"type": "Point", "coordinates": [-76.47568227031819, 3.4311596300408533]}, "properties": {"cod_dane": "176001030117", "nombre_sede": "PUERTA DEL SOL", "nombre_establecimiento": "INSTITUCION EDUCATIVA LA ANUNCIACION", "sector": "OFICIAL", "zona": "URBANA", "nom_mun": "SANTIAGO DE CALI", "nom_dep": "VALLE DEL CAUCA", "estado_fisico": "Reporta afectación sin definir el impacto", "total_matricula": 724.0, "confianza_geo": "2 - MEDIA"}}, {"type": "Feature", "geometry": {"type": "Point", "coordinates": [-76.56026245059843, 3.4122851642807444]}, "properties": {"cod_dane": "176001037600", "nombre_sede": "INSTITUCION EDUCATIVA TECNICO INDUSTRIAL  MULTIPROPOSITO - SEDE PRINCIPAL", "nombre_establecimiento": "INSTITUCION EDUCATIVA TECNICO INDUSTRIAL  MULTIPROPOSITO", "sector": "OFICIAL", "zona": "URBANA", "nom_mun": "SANTIAGO DE CALI", "nom_dep": "VALLE DEL CAUCA", "estado_fisico": "Reporta afectación sin definir el impacto", "total_matricula": 519.0, "confianza_geo": "2 - MEDIA"}}, {"type": "Feature", "geometry": {"type": "Point", "coordinates": [-76.48665099997459, 3.420330999662558]}, "properties": {"cod_dane": "176001043791", "nombre_sede": "INSTITUCION EDUCATIVA NUEVO LATIR - SEDE PRINCIPAL", "nombre_establecimiento": "INSTITUCION EDUCATIVA NUEVO LATIR", "sector": "OFICIAL", "zona": "URBANA", "nom_mun": "SANTIAGO DE CALI", "nom_dep": "VALLE DEL CAUCA", "estado_fisico": "Reporta afectación sin definir el impacto", "total_matricula": 1557.0, "confianza_geo": "2 - MEDIA"}}, {"type": "Feature", "geometry": {"type": "Point", "coordinates": [-76.49755700027471, 3.410406000320568]}, "properties": {"cod_dane": "176001800061", "nombre_sede": "SEÑOR DE LOS MILAGROS", "nombre_establecimiento": "INSTITUCION EDUCATIVA  EL DIAMANTE", "sector": "OFICIAL", "zona": "URBANA", "nom_mun": "SANTIAGO DE CALI", "nom_dep": "VALLE DEL CAUCA", "estado_fisico": "Reporta afectación sin definir el impacto", "total_matricula": 439.0, "confianza_geo": "2 - MEDIA"}}, {"type": "Feature", "geometry": {"type": "Point", "coordinates": [-76.5592545318665, 3.3823059846495127]}, "properties": {"cod_dane": "176001800206", "nombre_sede": "INSTITUCION EDUCATIVA GENERAL JOSE MARIA CABAL-SEDE PRINCIPAL", "nombre_establecimiento": "INSTITUCION EDUCATIVA GENERAL JOSE MARIA CABAL", "sector": "OFICIAL", "zona": "URBANA", "nom_mun": "SANTIAGO DE CALI", "nom_dep": "VALLE DEL CAUCA", "estado_fisico": "Reporta afectación sin definir el impacto", "total_matricula": 1759.0, "confianza_geo": "2 - MEDIA"}}, {"type": "Feature", "geometry": {"type": "Point", "coordinates": [-76.4861935472892, 3.4111536296540628]}, "properties": {"cod_dane": "176001800214", "nombre_sede": "ISAIAS DUARTE CANCINO", "nombre_establecimiento": "INSTITUCION EDUCATIVA NUEVO LATIR", "sector": "OFICIAL", "zona": "URBANA", "nom_mun": "SANTIAGO DE CALI", "nom_dep": "VALLE DEL CAUCA", "estado_fisico": "Reporta afectación sin definir el impacto", "total_matricula": 1635.0, "confianza_geo": "2 - MEDIA"}}, {"type": "Feature", "geometry": null, "properties": {"cod_dane": "176001800401", "nombre_sede": "PROGRESANDO JUNTOS", "nombre_establecimiento": "INSTITUCION EDUCATIVA TECNICA CIUDADELA DESEPAZ", "sector": "OFICIAL", "zona": "URBANA", "nom_mun": "SANTIAGO DE CALI", "nom_dep": "VALLE DEL CAUCA", "estado_fisico": "Reporta afectación sin definir el impacto", "total_matricula": 1224.0, "confianza_geo": "3 - BAJA"}}, {"type": "Feature", "geometry": {"type": "Point", "coordinates": [-76.16931600007236, 4.168648999749483]}, "properties": {"cod_dane": "176036000105", "nombre_sede": "ANTONIA SANTOS", "nombre_establecimiento": "INSTITUCION EDUCATIVA ELEAZAR LIBREROS SALAMANCA", "sector": "OFICIAL", "zona": "URBANA", "nom_mun": "ANDALUCÍA", "nom_dep": "VALLE DEL CAUCA", "estado_fisico": "Riesgo inminente de colapso", "total_matricula": 195.0, "confianza_geo": "2 - MEDIA"}}, {"type": "Feature", "geometry": {"type": "Point", "coordinates": [-75.99270954993588, 4.79688705040482]}, "properties": {"cod_dane": "176041000016", "nombre_sede": "SANTA ANA DE LOS CABALLEROS", "nombre_establecimiento": "INSTITUCION EDUCATIVA SANTA ANA DE LOS CABALLEROS", "sector": "OFICIAL", "zona": "URBANA", "nom_mun": "ANSERMANUEVO", "nom_dep": "VALLE DEL CAUCA", "estado_fisico": "Riesgo inminente de colapso", "total_matricula": 748.0, "confianza_geo": "2 - MEDIA"}}, {"type": "Feature", "geometry": {"type": "Point", "coordinates": [-75.99245899992168, 4.7962720002007675]}, "properties": {"cod_dane": "176041000423", "nombre_sede": "MARIA INMACULADA", "nombre_establecimiento": "INSTITUCION EDUCATIVA SANTA ANA DE LOS CABALLEROS", "sector": "OFICIAL", "zona": "URBANA", "nom_mun": "ANSERMANUEVO", "nom_dep": "VALLE DEL CAUCA", "estado_fisico": "Colapso parcial", "total_matricula": 200.0, "confianza_geo": "2 - MEDIA"}}, {"type": "Feature", "geometry": {"type": "Point", "coordinates": [-75.99481936734816, 4.796609260656031]}, "properties": {"cod_dane": "176041000431", "nombre_sede": "PIO XII", "nombre_establecimiento": "INSTITUCION EDUCATIVA SANTA ANA DE LOS CABALLEROS", "sector": "OFICIAL", "zona": "URBANA", "nom_mun": "ANSERMANUEVO", "nom_dep": "VALLE DEL CAUCA", "estado_fisico": "Afectación parcial", "total_matricula": 144.0, "confianza_geo": "2 - MEDIA"}}, {"type": "Feature", "geometry": {"type": "Point", "coordinates": [-75.99237763681145, 4.7976605161345525]}, "properties": {"cod_dane": "176041000440", "nombre_sede": "MARCO FIDEL SUAREZ", "nombre_establecimiento": "INSTITUCION EDUCATIVA SANTA ANA DE LOS CABALLEROS", "sector": "OFICIAL", "zona": "URBANA", "nom_mun": "ANSERMANUEVO", "nom_dep": "VALLE DEL CAUCA", "estado_fisico": "Afectación parcial", "total_matricula": 211.0, "confianza_geo": "2 - MEDIA"}}, {"type": "Feature", "geometry": {"type": "Point", "coordinates": [-75.9912429999289, 4.791853999614145]}, "properties": {"cod_dane": "176041000831", "nombre_sede": "LAUREANO GOMEZ", "nombre_establecimiento": "INSTITUCION EDUCATIVA SANTA ANA DE LOS CABALLEROS", "sector": "OFICIAL", "zona": "URBANA", "nom_mun": "ANSERMANUEVO", "nom_dep": "VALLE DEL CAUCA", "estado_fisico": "Colapso parcial", "total_matricula": 134.0, "confianza_geo": "2 - MEDIA"}}, {"type": "Feature", "geometry": {"type": "Point", "coordinates": [-76.99834401971522, 3.8626510697912426]}, "properties": {"cod_dane": "176109000176", "nombre_sede": "INSTITUCION EDUCATIVA SAN RAFAEL", "nombre_establecimiento": "SAN RAFAEL", "sector": "OFICIAL", "zona": "URBANA", "nom_mun": "BUENAVENTURA", "nom_dep": "VALLE DEL CAUCA", "estado_fisico": "Reporta afectación sin definir el impacto", "total_matricula": 851.0, "confianza_geo": "2 - MEDIA"}}, {"type": "Feature", "geometry": {"type": "Point", "coordinates": [-77.0635860303303, 3.8814278654357164]}, "properties": {"cod_dane": "176109000192", "nombre_sede": "FRANCISCO JOSE DE CALDAS", "nombre_establecimiento": "FRANCISCO JOSE DE CALDAS", "sector": "OFICIAL", "zona": "URBANA", "nom_mun": "BUENAVENTURA", "nom_dep": "VALLE DEL CAUCA", "estado_fisico": "Reporta afectación sin definir el impacto", "total_matricula": 1639.0, "confianza_geo": "2 - MEDIA"}}, {"type": "Feature", "geometry": {"type": "Point", "coordinates": [-76.99747193972897, 3.8748186416329577]}, "properties": {"cod_dane": "176109000311", "nombre_sede": "LAS AMERICAS", "nombre_establecimiento": "LAS AMERICAS", "sector": "OFICIAL", "zona": "URBANA", "nom_mun": "BUENAVENTURA", "nom_dep": "VALLE DEL CAUCA", "estado_fisico": "Reporta afectación sin definir el impacto", "total_matricula": 1067.0, "confianza_geo": "2 - MEDIA"}}, {"type": "Feature", "geometry": {"type": "Point", "coordinates": [-77.03048205569173, 3.8787206464132646]}, "properties": {"cod_dane": "176109000427", "nombre_sede": "JUAN JOSE RONDON", "nombre_establecimiento": "JUAN JOSE RONDON", "sector": "OFICIAL", "zona": "URBANA", "nom_mun": "BUENAVENTURA", "nom_dep": "VALLE DEL CAUCA", "estado_fisico": "Reporta afectación sin definir el impacto", "total_matricula": 758.0, "confianza_geo": "2 - MEDIA"}}, {"type": "Feature", "geometry": {"type": "Point", "coordinates": [-77.03213166977719, 3.885118170352973]}, "properties": {"cod_dane": "176109000516", "nombre_sede": "JOSE RAMON BEJARANO", "nombre_establecimiento": "JOSE RAMON BEJARANO", "sector": "OFICIAL", "zona": "URBANA", "nom_mun": "BUENAVENTURA", "nom_dep": "VALLE DEL CAUCA", "estado_fisico": "Reporta afectación sin definir el impacto", "total_matricula": 693.0, "confianza_geo": "2 - MEDIA"}}, {"type": "Feature", "geometry": {"type": "Point", "coordinates": [-77.01915143972312, 3.8783801679159917]}, "properties": {"cod_dane": "176109000575", "nombre_sede": "NORMAL JUAN LADRILLEROS", "nombre_establecimiento": "NORMAL SUPERIOR JUAN LADRILLEROS", "sector": "OFICIAL", "zona": "URBANA", "nom_mun": "BUENAVENTURA", "nom_dep": "VALLE DEL CAUCA", "estado_fisico": "Reporta afectación sin definir el impacto", "total_matricula": 2357.0, "confianza_geo": "2 - MEDIA"}}, {"type": "Feature", "geometry": {"type": "Point", "coordinates": [-77.07103265979377, 3.8856838156011286]}, "properties": {"cod_dane": "176109000583", "nombre_sede": "PASCUAL DE ANDAGOYA", "nombre_establecimiento": "PASCUAL DE ANDAGOYA", "sector": "OFICIAL", "zona": "URBANA", "nom_mun": "BUENAVENTURA", "nom_dep": "VALLE DEL CAUCA", "estado_fisico": "Reporta afectación sin definir el impacto", "total_matricula": 990.0, "confianza_geo": "2 - MEDIA"}}, {"type": "Feature", "geometry": {"type": "Point", "coordinates": [-77.04197757000715, 3.882203860405188]}, "properties": {"cod_dane": "176109000605", "nombre_sede": "LA ANUNCIACION", "nombre_establecimiento": "LA ANUNCIACION", "sector": "OFICIAL", "zona": "URBANA", "nom_mun": "BUENAVENTURA", "nom_dep": "VALLE DEL CAUCA", "estado_fisico": "Reporta afectación sin definir el impacto", "total_matricula": 1555.0, "confianza_geo": "2 - MEDIA"}}, {"type": "Feature", "geometry": {"type": "Point", "coordinates": [-77.07035936979338, 3.885123489601894]}, "properties": {"cod_dane": "176109000745", "nombre_sede": "MARIA AUXILIADORA", "nombre_establecimiento": "PASCUAL DE ANDAGOYA", "sector": "OFICIAL", "zona": "URBANA", "nom_mun": "BUENAVENTURA", "nom_dep": "VALLE DEL CAUCA", "estado_fisico": "Reporta afectación sin definir el impacto", "total_matricula": 400.0, "confianza_geo": "2 - MEDIA"}}, {"type": "Feature", "geometry": {"type": "Point", "coordinates": [-77.04964553986505, 3.8842075099602975]}, "properties": {"cod_dane": "176109000770", "nombre_sede": "INSTITUCION EDUCATIVA VASCO NUÑEZ DE BALBOA", "nombre_establecimiento": "INSTITUCION EDUCATIVA VASCO NUÑEZ DE BALBOA", "sector": "OFICIAL", "zona": "URBANA", "nom_mun": "BUENAVENTURA", "nom_dep": "VALLE DEL CAUCA", "estado_fisico": "Reporta afectación sin definir el impacto", "total_matricula": 468.0, "confianza_geo": "2 - MEDIA"}}, {"type": "Feature", "geometry": null, "properties": {"cod_dane": "176109000800", "nombre_sede": "JOSE MARIA CABAL", "nombre_establecimiento": "JOSE MARIA  CABAL", "sector": "OFICIAL", "zona": "URBANA", "nom_mun": "BUENAVENTURA", "nom_dep": "VALLE DEL CAUCA", "estado_fisico": "Reporta afectación sin definir el impacto", "total_matricula": 1226.0, "confianza_geo": "3 - BAJA"}}, {"type": "Feature", "geometry": {"type": "Point", "coordinates": [-77.07178650891221, 3.8829120307018186]}, "properties": {"cod_dane": "176109000818", "nombre_sede": "REPUBLICA DE VENEZUELA", "nombre_establecimiento": "REPUBLICA DE VENEZUELA", "sector": "OFICIAL", "zona": "URBANA", "nom_mun": "BUENAVENTURA", "nom_dep": "VALLE DEL CAUCA", "estado_fisico": "Reporta afectación sin definir el impacto", "total_matricula": 710.0, "confianza_geo": "2 - MEDIA"}}, {"type": "Feature", "geometry": {"type": "Point", "coordinates": [-77.00844598022533, 3.8799433829752368]}, "properties": {"cod_dane": "176109000834", "nombre_sede": "COLEGIO SAN VICENTE", "nombre_establecimiento": "SAN VICENTE", "sector": "OFICIAL", "zona": "URBANA", "nom_mun": "BUENAVENTURA", "nom_dep": "VALLE DEL CAUCA", "estado_fisico": "Reporta afectación sin definir el impacto", "total_matricula": 1118.0, "confianza_geo": "2 - MEDIA"}}, {"type": "Feature", "geometry": {"type": "Point", "coordinates": [-77.01133029992275, 3.8816091275709046]}, "properties": {"cod_dane": "176109000842", "nombre_sede": "TÉCNICO INDUSTRIAL GERARDO VALENCIA CANO - SEDE PRINCIPAL", "nombre_establecimiento": "INSTITUCION ETNOEDUCATIVA TÉCNICO INDUSTRIAL GERARDO VALENCIA CANO", "sector": "OFICIAL", "zona": "URBANA", "nom_mun": "BUENAVENTURA", "nom_dep": "VALLE DEL CAUCA", "estado_fisico": "Reporta afectación sin definir el impacto", "total_matricula": 802.0, "confianza_geo": "2 - MEDIA"}}, {"type": "Feature", "geometry": {"type": "Point", "coordinates": [-77.0203506196605, 3.881631997299267]}, "properties": {"cod_dane": "176109001806", "nombre_sede": "INSTITTUCION EDUCATIVA TEOFILO ROBERTO POTES", "nombre_establecimiento": "TEOFILO ROBERTO POTES", "sector": "OFICIAL", "zona": "URBANA", "nom_mun": "BUENAVENTURA", "nom_dep": "VALLE DEL CAUCA", "estado_fisico": "Reporta afectación sin definir el impacto", "total_matricula": 2444.0, "confianza_geo": "2 - MEDIA"}}, {"type": "Feature", "geometry": null, "properties": {"cod_dane": "176109002802", "nombre_sede": "INSTITUCION EDUCATIVA DIOCESANA JESUS ADOLESCENTE - SEDE PRINCIPAL", "nombre_establecimiento": "INSTITUCION EDUCATIVA DIOCESANA JESUS ADOLESCENTE", "sector": "NO OFICIAL", "zona": "URBANA", "nom_mun": "BUENAVENTURA", "nom_dep": "VALLE DEL CAUCA", "estado_fisico": "Reporta afectación sin definir el impacto", "total_matricula": 1595.0, "confianza_geo": "3 - BAJA"}}, {"type": "Feature", "geometry": {"type": "Point", "coordinates": [-76.97781036039186, 3.8793853941892182]}, "properties": {"cod_dane": "176109002977", "nombre_sede": "PABLO EMILIO CARVAJAL # 1", "nombre_establecimiento": "PABLO EMILIO CARVAJAL", "sector": "OFICIAL", "zona": "URBANA", "nom_mun": "BUENAVENTURA", "nom_dep": "VALLE DEL CAUCA", "estado_fisico": "Reporta afectación sin definir el impacto", "total_matricula": 1373.0, "confianza_geo": "2 - MEDIA"}}, {"type": "Feature", "geometry": {"type": "Point", "coordinates": [-77.00340256962403, 3.873118845358498]}, "properties": {"cod_dane": "176109003183", "nombre_sede": "SIMON BOLIVAR", "nombre_establecimiento": "SIMON BOLIVAR", "sector": "OFICIAL", "zona": "URBANA", "nom_mun": "BUENAVENTURA", "nom_dep": "VALLE DEL CAUCA", "estado_fisico": "Reporta afectación sin definir el impacto", "total_matricula": 784.0, "confianza_geo": "2 - MEDIA"}}, {"type": "Feature", "geometry": {"type": "Point", "coordinates": [-76.15610207419542, 4.213655525234515]}, "properties": {"cod_dane": "176113000377", "nombre_sede": "DIEGO RENGIFO SALAZAR", "nombre_establecimiento": "INSTITUCION EDUCATIVA DIEGO RENGIFO SALAZAR", "sector": "OFICIAL", "zona": "URBANA", "nom_mun": "BUGALAGRANDE", "nom_dep": "VALLE DEL CAUCA", "estado_fisico": "Colapso parcial", "total_matricula": 322.0, "confianza_geo": "2 - MEDIA"}}, {"type": "Feature", "geometry": {"type": "Point", "coordinates": [-75.82531724004286, 4.329633622897458]}, "properties": {"cod_dane": "176122000380", "nombre_sede": "BOLIVARIANO", "nombre_establecimiento": "INSTITUCION EDUCATIVA BOLIVARIANO", "sector": "OFICIAL", "zona": "URBANA", "nom_mun": "CAICEDONIA", "nom_dep": "VALLE DEL CAUCA", "estado_fisico": "Colapso parcial", "total_matricula": 709.0, "confianza_geo": "2 - MEDIA"}}, {"type": "Feature", "geometry": {"type": "Point", "coordinates": [-76.48682929759218, 3.932264904705057]}, "properties": {"cod_dane": "176126000066", "nombre_sede": "SIMON BOLIVAR", "nombre_establecimiento": "INSTITUCION EDUCATIVA SIMON BOLIVAR", "sector": "OFICIAL", "zona": "URBANA", "nom_mun": "CALIMA", "nom_dep": "VALLE DEL CAUCA", "estado_fisico": "Colapso parcial", "total_matricula": 792.0, "confianza_geo": "2 - MEDIA"}}, {"type": "Feature", "geometry": {"type": "Point", "coordinates": [-75.92355294631562, 4.748289851414515]}, "properties": {"cod_dane": "176147000015", "nombre_sede": "SOR MARIA JULIANA", "nombre_establecimiento": "SOR MARIA JULIANA", "sector": "OFICIAL", "zona": "URBANA", "nom_mun": "CARTAGO", "nom_dep": "VALLE DEL CAUCA", "estado_fisico": "Afectación parcial", "total_matricula": 1315.0, "confianza_geo": "2 - MEDIA"}}, {"type": "Feature", "geometry": {"type": "Point", "coordinates": [-75.94313109192578, 4.757089026700528]}, "properties": {"cod_dane": "176147000112", "nombre_sede": "INSTITUTO TECNICO INDUSTRIAL", "nombre_establecimiento": "INDALECIO PENILLA", "sector": "OFICIAL", "zona": "URBANA", "nom_mun": "CARTAGO", "nom_dep": "VALLE DEL CAUCA", "estado_fisico": "Riesgo inminente de colapso", "total_matricula": 436.0, "confianza_geo": "2 - MEDIA"}}, {"type": "Feature", "geometry": {"type": "Point", "coordinates": [-75.91763595643985, 4.742525368738492]}, "properties": {"cod_dane": "176147000236", "nombre_sede": "NACIONAL ACADEMICO", "nombre_establecimiento": "ACADEMICO", "sector": "OFICIAL", "zona": "URBANA", "nom_mun": "CARTAGO", "nom_dep": "VALLE DEL CAUCA", "estado_fisico": "Afectación parcial", "total_matricula": 1160.0, "confianza_geo": "2 - MEDIA"}}, {"type": "Feature", "geometry": {"type": "Point", "coordinates": [-75.92030751914535, 4.759568942336566]}, "properties": {"cod_dane": "176147000252", "nombre_sede": "MARÍA INMACULADA", "nombre_establecimiento": "GABO", "sector": "OFICIAL", "zona": "URBANA", "nom_mun": "CARTAGO", "nom_dep": "VALLE DEL CAUCA", "estado_fisico": "Afectación menor", "total_matricula": 564.0, "confianza_geo": "2 - MEDIA"}}, {"type": "Feature", "geometry": {"type": "Point", "coordinates": [-75.91067503976228, 4.749006350167593]}, "properties": {"cod_dane": "176147000261", "nombre_sede": "MERCEDES ABREGO", "nombre_establecimiento": "ALFONSO LOPEZ PUMAREJO", "sector": "OFICIAL", "zona": "URBANA", "nom_mun": "CARTAGO", "nom_dep": "VALLE DEL CAUCA", "estado_fisico": "Colapso parcial", "total_matricula": 296.0, "confianza_geo": "2 - MEDIA"}}, {"type": "Feature", "geometry": {"type": "Point", "coordinates": [-75.9133240502626, 4.748742640038982]}, "properties": {"cod_dane": "176147000287", "nombre_sede": "POLICARPA SALAVARRIETA", "nombre_establecimiento": "ALFONSO LOPEZ PUMAREJO", "sector": "OFICIAL", "zona": "URBANA", "nom_mun": "CARTAGO", "nom_dep": "VALLE DEL CAUCA", "estado_fisico": "Colapso parcial", "total_matricula": 82.0, "confianza_geo": "2 - MEDIA"}}, {"type": "Feature", "geometry": {"type": "Point", "coordinates": [-75.90703200028098, 4.735804999769881]}, "properties": {"cod_dane": "176147000295", "nombre_sede": "EMPERATRIZ BUENO", "nombre_establecimiento": "ACADEMICO", "sector": "OFICIAL", "zona": "URBANA", "nom_mun": "CARTAGO", "nom_dep": "VALLE DEL CAUCA", "estado_fisico": "Afectación menor", "total_matricula": 382.0, "confianza_geo": "2 - MEDIA"}}, {"type": "Feature", "geometry": {"type": "Point", "coordinates": [-75.92191911473138, 4.747327211988715]}, "properties": {"cod_dane": "176147000333", "nombre_sede": "SOR MARIA ANASTASIA", "nombre_establecimiento": "SOR MARIA JULIANA", "sector": "OFICIAL", "zona": "URBANA", "nom_mun": "CARTAGO", "nom_dep": "VALLE DEL CAUCA", "estado_fisico": "Afectación menor", "total_matricula": 355.0, "confianza_geo": "2 - MEDIA"}}, {"type": "Feature", "geometry": {"type": "Point", "coordinates": [-75.92519445220734, 4.752067249344459]}, "properties": {"cod_dane": "176147000350", "nombre_sede": "RIGOBERTO OROZCO CARDONA", "nombre_establecimiento": "SOR MARIA JULIANA", "sector": "OFICIAL", "zona": "URBANA", "nom_mun": "CARTAGO", "nom_dep": "VALLE DEL CAUCA", "estado_fisico": "Afectación menor", "total_matricula": 219.0, "confianza_geo": "2 - MEDIA"}}, {"type": "Feature", "geometry": {"type": "Point", "coordinates": [-75.91860871960313, 4.743048962918428]}, "properties": {"cod_dane": "176147000376", "nombre_sede": "GABO SECUNDARIA", "nombre_establecimiento": "GABO", "sector": "OFICIAL", "zona": "URBANA", "nom_mun": "CARTAGO", "nom_dep": "VALLE DEL CAUCA", "estado_fisico": "Afectación menor", "total_matricula": 1215.0, "confianza_geo": "2 - MEDIA"}}, {"type": "Feature", "geometry": {"type": "Point", "coordinates": [-75.94829623412956, 4.763084578146678]}, "properties": {"cod_dane": "176147000384", "nombre_sede": "ROBERTO DELGADO", "nombre_establecimiento": "INDALECIO PENILLA", "sector": "OFICIAL", "zona": "URBANA", "nom_mun": "CARTAGO", "nom_dep": "VALLE DEL CAUCA", "estado_fisico": "Afectación parcial", "total_matricula": 108.0, "confianza_geo": "2 - MEDIA"}}, {"type": "Feature", "geometry": {"type": "Point", "coordinates": [-75.93457225830905, 4.763654816960652]}, "properties": {"cod_dane": "176147000392", "nombre_sede": "ANTONIO NARIÑO", "nombre_establecimiento": "INDALECIO PENILLA", "sector": "OFICIAL", "zona": "URBANA", "nom_mun": "CARTAGO", "nom_dep": "VALLE DEL CAUCA", "estado_fisico": "Afectación menor", "total_matricula": 312.0, "confianza_geo": "2 - MEDIA"}}, {"type": "Feature", "geometry": {"type": "Point", "coordinates": [-75.90638745726798, 4.7430857366515475]}, "properties": {"cod_dane": "176147000406", "nombre_sede": "SAN JOSÉ", "nombre_establecimiento": "RAMON MARTINEZ BENITEZ", "sector": "OFICIAL", "zona": "URBANA", "nom_mun": "CARTAGO", "nom_dep": "VALLE DEL CAUCA", "estado_fisico": "Afectación parcial", "total_matricula": 75.0, "confianza_geo": "2 - MEDIA"}}, {"type": "Feature", "geometry": {"type": "Point", "coordinates": [-75.91757684010763, 4.742939308660621]}, "properties": {"cod_dane": "176147000414", "nombre_sede": "GABO PRIMARIA", "nombre_establecimiento": "GABO", "sector": "OFICIAL", "zona": "URBANA", "nom_mun": "CARTAGO", "nom_dep": "VALLE DEL CAUCA", "estado_fisico": "Afectación menor", "total_matricula": 394.0, "confianza_geo": "2 - MEDIA"}}, {"type": "Feature", "geometry": {"type": "Point", "coordinates": [-75.90612096575073, 4.7361229033076375]}, "properties": {"cod_dane": "176147000465", "nombre_sede": "HELIODORO PEÑA", "nombre_establecimiento": "ALFONSO LOPEZ PUMAREJO", "sector": "OFICIAL", "zona": "URBANA", "nom_mun": "CARTAGO", "nom_dep": "VALLE DEL CAUCA", "estado_fisico": "Afectación menor", "total_matricula": 375.0, "confianza_geo": "2 - MEDIA"}}, {"type": "Feature", "geometry": {"type": "Point", "coordinates": [-75.90743845470936, 4.726972801142461]}, "properties": {"cod_dane": "176147000520", "nombre_sede": "LAZARO DE GARDEA", "nombre_establecimiento": "LAZARO DE GARDEA", "sector": "OFICIAL", "zona": "URBANA", "nom_mun": "CARTAGO", "nom_dep": "VALLE DEL CAUCA", "estado_fisico": "Riesgo inminente de colapso", "total_matricula": 583.0, "confianza_geo": "2 - MEDIA"}}, {"type": "Feature", "geometry": {"type": "Point", "coordinates": [-75.94988332996283, 4.762366276755508]}, "properties": {"cod_dane": "176147000597", "nombre_sede": "MANUELA BELTRAN", "nombre_establecimiento": "INDALECIO PENILLA", "sector": "OFICIAL", "zona": "URBANA", "nom_mun": "CARTAGO", "nom_dep": "VALLE DEL CAUCA", "estado_fisico": "Riesgo inminente de colapso", "total_matricula": 83.0, "confianza_geo": "2 - MEDIA"}}, {"type": "Feature", "geometry": {"type": "Point", "coordinates": [-75.9231833308987, 4.748816270152966]}, "properties": {"cod_dane": "176147000627", "nombre_sede": "LASTENIA DURAN VERNAZA", "nombre_establecimiento": "SOR MARIA JULIANA", "sector": "OFICIAL", "zona": "URBANA", "nom_mun": "CARTAGO", "nom_dep": "VALLE DEL CAUCA", "estado_fisico": "Afectación menor", "total_matricula": 459.0, "confianza_geo": "2 - MEDIA"}}, {"type": "Feature", "geometry": {"type": "Point", "coordinates": [-75.91020508791803, 4.745187144951157]}, "properties": {"cod_dane": "176147000678", "nombre_sede": "MANUEL QUINTERO PENILLA", "nombre_establecimiento": "MANUEL QUINTERO PENILLA", "sector": "OFICIAL", "zona": "URBANA", "nom_mun": "CARTAGO", "nom_dep": "VALLE DEL CAUCA", "estado_fisico": "Afectación parcial", "total_matricula": 585.0, "confianza_geo": "2 - MEDIA"}}, {"type": "Feature", "geometry": {"type": "Point", "coordinates": [-75.90628300026843, 4.748682999703566]}, "properties": {"cod_dane": "176147000716", "nombre_sede": "RAMÓN  MARTINEZ  BENITEZ", "nombre_establecimiento": "RAMON MARTINEZ BENITEZ", "sector": "OFICIAL", "zona": "URBANA", "nom_mun": "CARTAGO", "nom_dep": "VALLE DEL CAUCA", "estado_fisico": "Afectación parcial", "total_matricula": 205.0, "confianza_geo": "2 - MEDIA"}}, {"type": "Feature", "geometry": {"type": "Point", "coordinates": [-75.90614819009375, 4.744291240255556]}, "properties": {"cod_dane": "176147001101", "nombre_sede": "CENTRO DE DESARROLLO VECINAL", "nombre_establecimiento": "RAMON MARTINEZ BENITEZ", "sector": "OFICIAL", "zona": "URBANA", "nom_mun": "CARTAGO", "nom_dep": "VALLE DEL CAUCA", "estado_fisico": "Afectación parcial", "total_matricula": 655.0, "confianza_geo": "2 - MEDIA"}}, {"type": "Feature", "geometry": null, "properties": {"cod_dane": "176147001241", "nombre_sede": "MARÍA AUXILIADORA DEPARTAMENTAL", "nombre_establecimiento": "MARIA AUXILIADORA", "sector": "OFICIAL", "zona": "URBANA", "nom_mun": "CARTAGO", "nom_dep": "VALLE DEL CAUCA", "estado_fisico": "Afectación menor", "total_matricula": 565.0, "confianza_geo": "3 - BAJA"}}, {"type": "Feature", "geometry": {"type": "Point", "coordinates": [-75.94467823967838, 4.763956420174342]}, "properties": {"cod_dane": "176147001933", "nombre_sede": "COLEGIO MUNICIPAL ANTONIO HOLGUIN GARCES", "nombre_establecimiento": "ANTONIO HOLGUIN GARCES", "sector": "OFICIAL", "zona": "URBANA", "nom_mun": "CARTAGO", "nom_dep": "VALLE DEL CAUCA", "estado_fisico": "Afectación menor", "total_matricula": 1350.0, "confianza_geo": "2 - MEDIA"}}, {"type": "Feature", "geometry": {"type": "Point", "coordinates": [-75.89748892213329, 4.75327695466098]}, "properties": {"cod_dane": "176147002174", "nombre_sede": "CIUDAD DE CARTAGO", "nombre_establecimiento": "ESCUELA NORMAL SUPERIOR REGIONAL CIUDAD CARTAGO", "sector": "OFICIAL", "zona": "URBANA", "nom_mun": "CARTAGO", "nom_dep": "VALLE DEL CAUCA", "estado_fisico": "Afectación menor", "total_matricula": 396.0, "confianza_geo": "2 - MEDIA"}}, {"type": "Feature", "geometry": {"type": "Point", "coordinates": [-75.91247155983774, 4.747526336955073]}, "properties": {"cod_dane": "176147002484", "nombre_sede": "I.D.E.I PARA JOVENES Y ADULTOS ALFONSO LOPEZ", "nombre_establecimiento": "ALFONSO LOPEZ PUMAREJO", "sector": "OFICIAL", "zona": "URBANA", "nom_mun": "CARTAGO", "nom_dep": "VALLE DEL CAUCA", "estado_fisico": "Afectación menor", "total_matricula": 330.0, "confianza_geo": "2 - MEDIA"}}, {"type": "Feature", "geometry": {"type": "Point", "coordinates": [-76.2206070000519, 4.761499000099165]}, "properties": {"cod_dane": "176246000337", "nombre_sede": "LA PRESENTACIÓN", "nombre_establecimiento": "INSTITUCION EDUCATIVA LA PRESENTACION", "sector": "OFICIAL", "zona": "URBANA", "nom_mun": "EL CAIRO", "nom_dep": "VALLE DEL CAUCA", "estado_fisico": "Colapso parcial", "total_matricula": 170.0, "confianza_geo": "2 - MEDIA"}}, {"type": "Feature", "geometry": {"type": "Point", "coordinates": [-76.31341034406992, 3.6829570376804512]}, "properties": {"cod_dane": "176248000016", "nombre_sede": "SAGRADO CORAZON", "nombre_establecimiento": "INSTITUCION EDUCATIVA SAGRADO CORAZÓN", "sector": "OFICIAL", "zona": "URBANA", "nom_mun": "EL CERRITO", "nom_dep": "VALLE DEL CAUCA", "estado_fisico": "Riesgo inminente de colapso", "total_matricula": 643.0, "confianza_geo": "2 - MEDIA"}}, {"type": "Feature", "geometry": {"type": "Point", "coordinates": [-76.3121560021842, 3.6849280660869086]}, "properties": {"cod_dane": "176248000202", "nombre_sede": "PEDRO ANTONIO MOLINA", "nombre_establecimiento": "INSTITUCION EDUCATIVA SAGRADO CORAZÓN", "sector": "OFICIAL", "zona": "URBANA", "nom_mun": "EL CERRITO", "nom_dep": "VALLE DEL CAUCA", "estado_fisico": "Riesgo inminente de colapso", "total_matricula": 434.0, "confianza_geo": "2 - MEDIA"}}, {"type": "Feature", "geometry": {"type": "Point", "coordinates": [-76.31059272518068, 3.685131124574206]}, "properties": {"cod_dane": "176248000229", "nombre_sede": "MARIA INMACULADA", "nombre_establecimiento": "INSTITUCION EDUCATIVA SAGRADO CORAZÓN", "sector": "OFICIAL", "zona": "URBANA", "nom_mun": "EL CERRITO", "nom_dep": "VALLE DEL CAUCA", "estado_fisico": "Colapso parcial", "total_matricula": 650.0, "confianza_geo": "2 - MEDIA"}}, {"type": "Feature", "geometry": {"type": "Point", "coordinates": [-76.31216518027145, 3.6830514896034208]}, "properties": {"cod_dane": "176248000296", "nombre_sede": "MARIA MONTESSORI", "nombre_establecimiento": "INSTITUCION EDUCATIVA SAGRADO CORAZÓN", "sector": "OFICIAL", "zona": "URBANA", "nom_mun": "EL CERRITO", "nom_dep": "VALLE DEL CAUCA", "estado_fisico": "Riesgo inminente de colapso", "total_matricula": 216.0, "confianza_geo": "2 - MEDIA"}}, {"type": "Feature", "geometry": {"type": "Point", "coordinates": [-76.2373489999184, 3.326343000290132]}, "properties": {"cod_dane": "176275000125", "nombre_sede": "SAGRADO CORAZON DE JESUS", "nombre_establecimiento": "INSTITUCION EDUCATIVA ABSALON TORRES CAMACHO", "sector": "OFICIAL", "zona": "URBANA", "nom_mun": "FLORIDA", "nom_dep": "VALLE DEL CAUCA", "estado_fisico": "Afectación parcial", "total_matricula": 468.0, "confianza_geo": "2 - MEDIA"}}, {"type": "Feature", "geometry": {"type": "Point", "coordinates": [-76.23208014991, 3.319949641569047]}, "properties": {"cod_dane": "176275000915", "nombre_sede": "CIUDAD FLORIDA", "nombre_establecimiento": "INSTITUCION EDUCATIVA CIUDAD FLORIDA", "sector": "OFICIAL", "zona": "URBANA", "nom_mun": "FLORIDA", "nom_dep": "VALLE DEL CAUCA", "estado_fisico": "Afectación parcial", "total_matricula": 440.0, "confianza_geo": "2 - MEDIA"}}, {"type": "Feature", "geometry": {"type": "Point", "coordinates": [-76.24071631409967, 3.3252707950823193]}, "properties": {"cod_dane": "176275001393", "nombre_sede": "ABSALON TORRES CAMACHO", "nombre_establecimiento": "INSTITUCION EDUCATIVA ABSALON TORRES CAMACHO", "sector": "OFICIAL", "zona": "URBANA", "nom_mun": "FLORIDA", "nom_dep": "VALLE DEL CAUCA", "estado_fisico": "Afectación parcial", "total_matricula": 893.0, "confianza_geo": "2 - MEDIA"}}, {"type": "Feature", "geometry": {"type": "Point", "coordinates": [-76.33406303735497, 3.7622422560805844]}, "properties": {"cod_dane": "176318000264", "nombre_sede": "MIGUEL DE CERVANTES SAAVEDRA", "nombre_establecimiento": "INSTITUCION EDUCATIVA  NORMAL SUPERIOR MIGUEL DE CERVANTES SAAVEDRA GALINDO", "sector": "OFICIAL", "zona": "URBANA", "nom_mun": "GUACARÍ", "nom_dep": "VALLE DEL CAUCA", "estado_fisico": "Afectación parcial", "total_matricula": 951.0, "confianza_geo": "2 - MEDIA"}}, {"type": "Feature", "geometry": {"type": "Point", "coordinates": [-76.54241021029587, 3.265114169963492]}, "properties": {"cod_dane": "176364000503", "nombre_sede": "SEDE MANUELA BELTRAN", "nombre_establecimiento": "INSTITUCION EDUCATIVA CENTRAL DE BACHILLERATO INTEGRADO", "sector": "OFICIAL", "zona": "URBANA", "nom_mun": "JAMUNDÍ", "nom_dep": "VALLE DEL CAUCA", "estado_fisico": "Afectación menor", "total_matricula": 799.0, "confianza_geo": "2 - MEDIA"}}, {"type": "Feature", "geometry": null, "properties": {"cod_dane": "176364001313", "nombre_sede": "TÉCNICA INDUSTRIAL ESPAÑA-SEDE PRINCIPAL", "nombre_establecimiento": "INSTITUCION EDUCATIVA TÉCNICA INDUSTRIAL ESPAÑA", "sector": "OFICIAL", "zona": "URBANA", "nom_mun": "JAMUNDÍ", "nom_dep": "VALLE DEL CAUCA", "estado_fisico": "Afectación parcial", "total_matricula": 1454.0, "confianza_geo": "3 - BAJA"}}, {"type": "Feature", "geometry": null, "properties": {"cod_dane": "176364001801", "nombre_sede": "NUESTRA SEÑORA DEL  PORTAL", "nombre_establecimiento": "INSTITUCION EDUCATIVA TECNICA COMERCIAL LITECOM", "sector": "OFICIAL", "zona": "URBANA", "nom_mun": "JAMUNDÍ", "nom_dep": "VALLE DEL CAUCA", "estado_fisico": "Afectación menor", "total_matricula": 838.0, "confianza_geo": "3 - BAJA"}}, {"type": "Feature", "geometry": null, "properties": {"cod_dane": "176364002441", "nombre_sede": "SEDE TERRANOVA", "nombre_establecimiento": "INSTITUCION EDUCATIVA ALFREDO BONILLA MONTAÑO", "sector": "OFICIAL", "zona": "RURAL", "nom_mun": "JAMUNDÍ", "nom_dep": "VALLE DEL CAUCA", "estado_fisico": "Afectación parcial", "total_matricula": 1364.0, "confianza_geo": "3 - BAJA"}}, {"type": "Feature", "geometry": {"type": "Point", "coordinates": [-76.51913055835412, 3.244925250216372]}, "properties": {"cod_dane": "176364800054", "nombre_sede": "EL RODEO - SEDE PRINCIPAL", "nombre_establecimiento": "INSTITUCION EDUCATIVA EL RODEO", "sector": "OFICIAL", "zona": "URBANA", "nom_mun": "JAMUNDÍ", "nom_dep": "VALLE DEL CAUCA", "estado_fisico": "Afectación parcial", "total_matricula": 1040.0, "confianza_geo": "2 - MEDIA"}}, {"type": "Feature", "geometry": {"type": "Point", "coordinates": [-76.51224408057259, 3.241691813341859]}, "properties": {"cod_dane": "176364800152", "nombre_sede": "INSTITUCION EDUCATIVA FARALLONES - SEDE PRINCIPAL", "nombre_establecimiento": "INSTITUCION EDUCATIVA FARALLONES", "sector": "OFICIAL", "zona": "URBANA", "nom_mun": "JAMUNDÍ", "nom_dep": "VALLE DEL CAUCA", "estado_fisico": "Afectación parcial", "total_matricula": 1081.0, "confianza_geo": "2 - MEDIA"}}, {"type": "Feature", "geometry": {"type": "Point", "coordinates": [-76.54723465834331, 3.2513587661532473]}, "properties": {"cod_dane": "176364800161", "nombre_sede": "SEMILLAS MONTESSORI - SEDE PRINCIPAL", "nombre_establecimiento": "SEMILLAS MONTESSORI", "sector": "OFICIAL", "zona": "URBANA", "nom_mun": "JAMUNDÍ", "nom_dep": "VALLE DEL CAUCA", "estado_fisico": "Afectación parcial", "total_matricula": 36.0, "confianza_geo": "2 - MEDIA"}}, {"type": "Feature", "geometry": null, "properties": {"cod_dane": "176364800195", "nombre_sede": "SEDE LAS FLORES", "nombre_establecimiento": "INSTITUCION EDUCATIVA FARALLONES", "sector": "OFICIAL", "zona": "URBANA", "nom_mun": "JAMUNDÍ", "nom_dep": "VALLE DEL CAUCA", "estado_fisico": "Afectación menor", "total_matricula": 196.0, "confianza_geo": "3 - BAJA"}}, {"type": "Feature", "geometry": {"type": "Point", "coordinates": [-76.57164479964594, 3.6524220002718217]}, "properties": {"cod_dane": "176377000049", "nombre_sede": "JOSE MARIA CORDOBA", "nombre_establecimiento": "INSTITUCION EDUCATIVA  SAN PIO X", "sector": "OFICIAL", "zona": "URBANA", "nom_mun": "LA CUMBRE", "nom_dep": "VALLE DEL CAUCA", "estado_fisico": "Colapso parcial", "total_matricula": 62.0, "confianza_geo": "2 - MEDIA"}}, {"type": "Feature", "geometry": {"type": "Point", "coordinates": [-76.56685400967555, 3.648472943861423]}, "properties": {"cod_dane": "176377000251", "nombre_sede": "SAN PIO X", "nombre_establecimiento": "INSTITUCION EDUCATIVA  SAN PIO X", "sector": "OFICIAL", "zona": "URBANA", "nom_mun": "LA CUMBRE", "nom_dep": "VALLE DEL CAUCA", "estado_fisico": "Riesgo inminente de colapso", "total_matricula": 301.0, "confianza_geo": "2 - MEDIA"}}, {"type": "Feature", "geometry": {"type": "Point", "coordinates": [-76.10174966962653, 4.532814849933628]}, "properties": {"cod_dane": "176400000043", "nombre_sede": "MAGDALENA ORTEGA", "nombre_establecimiento": "INSTITUCION EDUCATIVA MAGDALENA ORTEGA", "sector": "OFICIAL", "zona": "URBANA", "nom_mun": "LA UNIÓN", "nom_dep": "VALLE DEL CAUCA", "estado_fisico": "Riesgo inminente de colapso", "total_matricula": 766.0, "confianza_geo": "2 - MEDIA"}}, {"type": "Feature", "geometry": {"type": "Point", "coordinates": [-76.10299770983053, 4.533726088956512]}, "properties": {"cod_dane": "176400000051", "nombre_sede": "NUESTRA SEÑORA DEL PERPETUO SOCORRO", "nombre_establecimiento": "INSTITUCION EDUCATIVA MAGDALENA ORTEGA", "sector": "OFICIAL", "zona": "URBANA", "nom_mun": "LA UNIÓN", "nom_dep": "VALLE DEL CAUCA", "estado_fisico": "Colapso total", "total_matricula": 473.0, "confianza_geo": "2 - MEDIA"}}, {"type": "Feature", "geometry": {"type": "Point", "coordinates": [-76.09698158008338, 4.52904890967926]}, "properties": {"cod_dane": "176400000272", "nombre_sede": "ARGEMIRO ESCOBAR CARDONA", "nombre_establecimiento": "INSTITUCION EDUCATIVA ARGEMIRO ESCOBAR CARDONA", "sector": "OFICIAL", "zona": "URBANA", "nom_mun": "LA UNIÓN", "nom_dep": "VALLE DEL CAUCA", "estado_fisico": "Riesgo inminente de colapso", "total_matricula": 269.0, "confianza_geo": "2 - MEDIA"}}, {"type": "Feature", "geometry": {"type": "Point", "coordinates": [-76.03689325994884, 4.521481946594676]}, "properties": {"cod_dane": "176403000061", "nombre_sede": "MARCO FIDEL SUAREZ", "nombre_establecimiento": "INSTITUCION EDUCATIVA MANUEL ANTONIO BONILLA", "sector": "OFICIAL", "zona": "URBANA", "nom_mun": "LA VICTORIA", "nom_dep": "VALLE DEL CAUCA", "estado_fisico": "Colapso parcial", "total_matricula": 198.0, "confianza_geo": "2 - MEDIA"}}, {"type": "Feature", "geometry": {"type": "Point", "coordinates": [-76.03605599956133, 4.522177000208549]}, "properties": {"cod_dane": "176403000079", "nombre_sede": "SANTA TERESITA", "nombre_establecimiento": "INSTITUCION EDUCATIVA SANTA TERESITA", "sector": "OFICIAL", "zona": "URBANA", "nom_mun": "LA VICTORIA", "nom_dep": "VALLE DEL CAUCA", "estado_fisico": "Colapso parcial", "total_matricula": 297.0, "confianza_geo": "2 - MEDIA"}}, {"type": "Feature", "geometry": {"type": "Point", "coordinates": [-76.29292853011486, 3.5363766377049712]}, "properties": {"cod_dane": "176520000381", "nombre_sede": "ALEJANDRO DURAN", "nombre_establecimiento": "INSTITUCION EDUCATIVA TECNICA INDUSTRIAL HUMBERTO RAFFO RIVERA", "sector": "OFICIAL", "zona": "URBANA", "nom_mun": "PALMIRA", "nom_dep": "VALLE DEL CAUCA", "estado_fisico": "Afectación parcial", "total_matricula": 411.0, "confianza_geo": "2 - MEDIA"}}, {"type": "Feature", "geometry": {"type": "Point", "coordinates": [-76.29130371042956, 3.5374507552230927]}, "properties": {"cod_dane": "176520000471", "nombre_sede": "HUMBERTO RAFFO RIVERA", "nombre_establecimiento": "INSTITUCION EDUCATIVA TECNICA INDUSTRIAL HUMBERTO RAFFO RIVERA", "sector": "OFICIAL", "zona": "URBANA", "nom_mun": "PALMIRA", "nom_dep": "VALLE DEL CAUCA", "estado_fisico": "Afectación parcial", "total_matricula": 1004.0, "confianza_geo": "2 - MEDIA"}}, {"type": "Feature", "geometry": {"type": "Point", "coordinates": [-76.29816600017377, 3.533721000029709]}, "properties": {"cod_dane": "176520000489", "nombre_sede": "LICEO FEMENINO", "nombre_establecimiento": "INSTITUCION EDUCATIVA NUESTRA SEÑORA DEL PALMAR", "sector": "OFICIAL", "zona": "URBANA", "nom_mun": "PALMIRA", "nom_dep": "VALLE DEL CAUCA", "estado_fisico": "Riesgo inminente de colapso", "total_matricula": 816.0, "confianza_geo": "2 - MEDIA"}}, {"type": "Feature", "geometry": {"type": "Point", "coordinates": [-76.29724475988357, 3.5193953767170556]}, "properties": {"cod_dane": "176520001701", "nombre_sede": "MARIA AUXILIADORA", "nombre_establecimiento": "INSTITUCION EDUCATIVA DOMINGO IRURITA", "sector": "OFICIAL", "zona": "URBANA", "nom_mun": "PALMIRA", "nom_dep": "VALLE DEL CAUCA", "estado_fisico": "Afectación parcial", "total_matricula": 305.0, "confianza_geo": "2 - MEDIA"}}, {"type": "Feature", "geometry": {"type": "Point", "coordinates": [-76.29318870018744, 3.529666411859757]}, "properties": {"cod_dane": "176520001736", "nombre_sede": "JOSE MARIA CORDOBA", "nombre_establecimiento": "INSTITUCION EDUCATIVA LA MILAGROSA", "sector": "OFICIAL", "zona": "URBANA", "nom_mun": "PALMIRA", "nom_dep": "VALLE DEL CAUCA", "estado_fisico": "Afectación menor", "total_matricula": 273.0, "confianza_geo": "2 - MEDIA"}}, {"type": "Feature", "geometry": {"type": "Point", "coordinates": [-76.28554568193488, 3.5355643789011584]}, "properties": {"cod_dane": "176520001761", "nombre_sede": "ALFONSO CABAL MADRIÑAN", "nombre_establecimiento": "INSTITUCION EDUCATIVA MERCEDES ABREGO", "sector": "OFICIAL", "zona": "URBANA", "nom_mun": "PALMIRA", "nom_dep": "VALLE DEL CAUCA", "estado_fisico": "Riesgo inminente de colapso", "total_matricula": 190.0, "confianza_geo": "2 - MEDIA"}}, {"type": "Feature", "geometry": {"type": "Point", "coordinates": [-76.30296346821994, 3.5448651226589782]}, "properties": {"cod_dane": "176520001809", "nombre_sede": "RICARDO NIETO", "nombre_establecimiento": "INSTITUCION EDUCATIVA CARDENAS MIRRIÑAO", "sector": "OFICIAL", "zona": "URBANA", "nom_mun": "PALMIRA", "nom_dep": "VALLE DEL CAUCA", "estado_fisico": "Riesgo inminente de colapso", "total_matricula": 164.0, "confianza_geo": "2 - MEDIA"}}, {"type": "Feature", "geometry": {"type": "Point", "coordinates": [-76.30112076395909, 3.53152857468264]}, "properties": {"cod_dane": "176520001825", "nombre_sede": "GREGORIO HERNANDEZ", "nombre_establecimiento": "INSTITUCION EDUCATIVA LA MILAGROSA", "sector": "OFICIAL", "zona": "URBANA", "nom_mun": "PALMIRA", "nom_dep": "VALLE DEL CAUCA", "estado_fisico": "Afectación menor", "total_matricula": 320.0, "confianza_geo": "2 - MEDIA"}}, {"type": "Feature", "geometry": {"type": "Point", "coordinates": [-76.30102577969421, 3.5412880300303518]}, "properties": {"cod_dane": "176520001906", "nombre_sede": "GRAN COLOMBIA", "nombre_establecimiento": "INSTITUCION EDUCATIVA CARDENAS MIRRIÑAO", "sector": "OFICIAL", "zona": "URBANA", "nom_mun": "PALMIRA", "nom_dep": "VALLE DEL CAUCA", "estado_fisico": "Riesgo inminente de colapso", "total_matricula": 172.0, "confianza_geo": "2 - MEDIA"}}, {"type": "Feature", "geometry": {"type": "Point", "coordinates": [-76.30154042002891, 3.54766476438877]}, "properties": {"cod_dane": "176520001973", "nombre_sede": "BENILDA CAICEDO DE EDER", "nombre_establecimiento": "INSTITUCION EDUCATIVA CARDENAS MIRRIÑAO", "sector": "OFICIAL", "zona": "URBANA", "nom_mun": "PALMIRA", "nom_dep": "VALLE DEL CAUCA", "estado_fisico": "Riesgo inminente de colapso", "total_matricula": 170.0, "confianza_geo": "2 - MEDIA"}}, {"type": "Feature", "geometry": {"type": "Point", "coordinates": [-76.28863816014822, 3.537573129965217]}, "properties": {"cod_dane": "176520002180", "nombre_sede": "TERESA CALDERÓN DE LASSO", "nombre_establecimiento": "INSTITUCION EDUCATIVA TERESA CALDERON DE LASSO", "sector": "OFICIAL", "zona": "URBANA", "nom_mun": "PALMIRA", "nom_dep": "VALLE DEL CAUCA", "estado_fisico": "Riesgo inminente de colapso", "total_matricula": 398.0, "confianza_geo": "2 - MEDIA"}}, {"type": "Feature", "geometry": {"type": "Point", "coordinates": [-76.28590031255455, 3.532677283077391]}, "properties": {"cod_dane": "176520002244", "nombre_sede": "MERCEDES ABREGO", "nombre_establecimiento": "INSTITUCION EDUCATIVA MERCEDES ABREGO", "sector": "OFICIAL", "zona": "URBANA", "nom_mun": "PALMIRA", "nom_dep": "VALLE DEL CAUCA", "estado_fisico": "Colapso parcial", "total_matricula": 724.0, "confianza_geo": "2 - MEDIA"}}, {"type": "Feature", "geometry": {"type": "Point", "coordinates": [-76.29616600000834, 3.533600999892318]}, "properties": {"cod_dane": "176520002261", "nombre_sede": "NIÑA MARIA", "nombre_establecimiento": "INSTITUCION EDUCATIVA NUESTRA SEÑORA DEL PALMAR", "sector": "OFICIAL", "zona": "URBANA", "nom_mun": "PALMIRA", "nom_dep": "VALLE DEL CAUCA", "estado_fisico": "Colapso parcial", "total_matricula": 312.0, "confianza_geo": "2 - MEDIA"}}, {"type": "Feature", "geometry": {"type": "Point", "coordinates": [-76.29812687494987, 3.530963311577442]}, "properties": {"cod_dane": "176520002279", "nombre_sede": "LA MILAGROSA", "nombre_establecimiento": "INSTITUCION EDUCATIVA LA MILAGROSA", "sector": "OFICIAL", "zona": "URBANA", "nom_mun": "PALMIRA", "nom_dep": "VALLE DEL CAUCA", "estado_fisico": "Afectación menor", "total_matricula": 882.0, "confianza_geo": "2 - MEDIA"}}, {"type": "Feature", "geometry": {"type": "Point", "coordinates": [-76.29698033988137, 3.5464693601904287]}, "properties": {"cod_dane": "176520002759", "nombre_sede": "CARDENAS MIRRIÑAO", "nombre_establecimiento": "INSTITUCION EDUCATIVA CARDENAS MIRRIÑAO", "sector": "OFICIAL", "zona": "URBANA", "nom_mun": "PALMIRA", "nom_dep": "VALLE DEL CAUCA", "estado_fisico": "Riesgo inminente de colapso", "total_matricula": 1414.0, "confianza_geo": "2 - MEDIA"}}, {"type": "Feature", "geometry": {"type": "Point", "coordinates": [-76.30443335007831, 3.5453190828183208]}, "properties": {"cod_dane": "176520006525", "nombre_sede": "CARLOS ARTURO RODRIGUEZ", "nombre_establecimiento": "INSTITUCION EDUCATIVA CARDENAS MIRRIÑAO", "sector": "OFICIAL", "zona": "URBANA", "nom_mun": "PALMIRA", "nom_dep": "VALLE DEL CAUCA", "estado_fisico": "Riesgo inminente de colapso", "total_matricula": 167.0, "confianza_geo": "2 - MEDIA"}}, {"type": "Feature", "geometry": {"type": "Point", "coordinates": [-76.246955555719, 3.4193222224046695]}, "properties": {"cod_dane": "176563000822", "nombre_sede": "ALFREDO POSADA CORREA", "nombre_establecimiento": "INSTITUCION EDUCATIVA ALFREDO POSADA CORREA", "sector": "OFICIAL", "zona": "URBANA", "nom_mun": "PRADERA", "nom_dep": "VALLE DEL CAUCA", "estado_fisico": "Riesgo inminente de colapso", "total_matricula": 486.0, "confianza_geo": "2 - MEDIA"}}, {"type": "Feature", "geometry": {"type": "Point", "coordinates": [-76.52146344541774, 3.822991136424447]}, "properties": {"cod_dane": "176606000139", "nombre_sede": "NUESTRA SEÑORA DE LA CONSOLACION", "nombre_establecimiento": "INSTITUCION EDUCATIVA  JORGE ELIECER GAITAN", "sector": "NO OFICIAL", "zona": "URBANA", "nom_mun": "RESTREPO", "nom_dep": "VALLE DEL CAUCA", "estado_fisico": "Colapso parcial", "total_matricula": 953.0, "confianza_geo": "2 - MEDIA"}}, {"type": "Feature", "geometry": {"type": "Point", "coordinates": [-76.52686409983788, 3.8220896362054186]}, "properties": {"cod_dane": "176606000163", "nombre_sede": "SEDE PRINCIPAL JOSE FELIX RESTREPO", "nombre_establecimiento": "INSTITUCION EDUCATIVA JOSE FELIX RESTREPO", "sector": "OFICIAL", "zona": "URBANA", "nom_mun": "RESTREPO", "nom_dep": "VALLE DEL CAUCA", "estado_fisico": "Colapso total", "total_matricula": 607.0, "confianza_geo": "2 - MEDIA"}}, {"type": "Feature", "geometry": {"type": "Point", "coordinates": [-76.52553123980641, 3.8208376799163655]}, "properties": {"cod_dane": "176606000422", "nombre_sede": "JORGE ELIECER GAITAN", "nombre_establecimiento": "INSTITUCION EDUCATIVA  JORGE ELIECER GAITAN", "sector": "OFICIAL", "zona": "URBANA", "nom_mun": "RESTREPO", "nom_dep": "VALLE DEL CAUCA", "estado_fisico": "Riesgo inminente de colapso", "total_matricula": 163.0, "confianza_geo": "2 - MEDIA"}}, {"type": "Feature", "geometry": {"type": "Point", "coordinates": [-75.54564388025527, 5.01495927697154]}, "properties": {"cod_dane": "217001000178", "nombre_sede": "INSTITUCIÓN EDUCATIVA RURAL MARIA GORETTI SEDE D", "nombre_establecimiento": "INSTITUCIÓN EDUCATIVA RURAL MARIA GORETTI.", "sector": "OFICIAL", "zona": "RURAL", "nom_mun": "MANIZALES", "nom_dep": "CALDAS", "estado_fisico": "Afectación menor", "total_matricula": 58.0, "confianza_geo": "2 - MEDIA"}}, {"type": "Feature", "geometry": {"type": "Point", "coordinates": [-75.59028132033507, 5.046198506604775]}, "properties": {"cod_dane": "217001000275", "nombre_sede": "INSTITUCIÓN EDUCATIVA RURAL LA TRINIDAD", "nombre_establecimiento": "INSTITUCIÓN EDUCATIVA RURAL LA TRINIDAD", "sector": "OFICIAL", "zona": "RURAL", "nom_mun": "MANIZALES", "nom_dep": "CALDAS", "estado_fisico": "Afectación parcial", "total_matricula": 95.0, "confianza_geo": "2 - MEDIA"}}, {"type": "Feature", "geometry": null, "properties": {"cod_dane": "217001000364", "nombre_sede": "INSTITUCIÓN EDUCATIVA RURAL RAFAEL POMBO", "nombre_establecimiento": "INSTITUCIÓN EDUCATIVA RURAL RAFAEL POMBO", "sector": "OFICIAL", "zona": "RURAL", "nom_mun": "MANIZALES", "nom_dep": "CALDAS", "estado_fisico": "Afectación parcial", "total_matricula": 197.0, "confianza_geo": "3 - BAJA"}}, {"type": "Feature", "geometry": null, "properties": {"cod_dane": "217001000372", "nombre_sede": "INSTITUCIÓN EDUCATIVA RURAL SAN PEREGRINO SEDE B", "nombre_establecimiento": "INSTITUCIÓN EDUCATIVA RURAL SAN PEREGRINO", "sector": "OFICIAL", "zona": "RURAL", "nom_mun": "MANIZALES", "nom_dep": "CALDAS", "estado_fisico": "Afectación menor", "total_matricula": 20.0, "confianza_geo": "3 - BAJA"}}, {"type": "Feature", "geometry": {"type": "Point", "coordinates": [-75.51833299984847, 5.084999999701246]}, "properties": {"cod_dane": "217001000402", "nombre_sede": "INSTITUCIÓN EDUCATIVA RURAL JOSE ANTONIO GALAN SEDE B", "nombre_establecimiento": "INSTITUCIÓN EDUCATIVA RURAL JOSE ANTONIO GALAN", "sector": "OFICIAL", "zona": "RURAL", "nom_mun": "MANIZALES", "nom_dep": "CALDAS", "estado_fisico": "Afectación menor", "total_matricula": 21.0, "confianza_geo": "2 - MEDIA"}}, {"type": "Feature", "geometry": {"type": "Point", "coordinates": [-75.53888900027297, 5.024167000298037]}, "properties": {"cod_dane": "217001000526", "nombre_sede": "INSTITUCIÓN EDUCATIVA RURAL SERAFICO SAN ANTONIO DE PADUA", "nombre_establecimiento": "INSTITUCIÓN EDUCATIVA RURAL SERAFICO SAN ANTONIO DE PADUA", "sector": "OFICIAL", "zona": "RURAL", "nom_mun": "MANIZALES", "nom_dep": "CALDAS", "estado_fisico": "Colapso parcial", "total_matricula": 184.0, "confianza_geo": "2 - MEDIA"}}, {"type": "Feature", "geometry": {"type": "Point", "coordinates": [-75.5268811300386, 5.044867787599738]}, "properties": {"cod_dane": "217001000640", "nombre_sede": "INSTITUCIÓN EDUCATIVA RURAL SERAFICO SAN ANTONIO DE PADUA SEDE A", "nombre_establecimiento": "INSTITUCIÓN EDUCATIVA RURAL SERAFICO SAN ANTONIO DE PADUA", "sector": "OFICIAL", "zona": "RURAL", "nom_mun": "MANIZALES", "nom_dep": "CALDAS", "estado_fisico": "Afectación menor", "total_matricula": 62.0, "confianza_geo": "2 - MEDIA"}}, {"type": "Feature", "geometry": {"type": "Point", "coordinates": [-75.56666700013592, 5.016666999685501]}, "properties": {"cod_dane": "217001000704", "nombre_sede": "INSTITUCIÓN EDUCATIVA RURAL SERAFICO SAN ANTONIO DE PADUA SEDE B", "nombre_establecimiento": "INSTITUCIÓN EDUCATIVA RURAL SERAFICO SAN ANTONIO DE PADUA", "sector": "OFICIAL", "zona": "RURAL", "nom_mun": "MANIZALES", "nom_dep": "CALDAS", "estado_fisico": "Afectación menor", "total_matricula": 16.0, "confianza_geo": "2 - MEDIA"}}, {"type": "Feature", "geometry": null, "properties": {"cod_dane": "217001000968", "nombre_sede": "INSTITUCIÓN EDUCATIVA RURAL SAN PEREGRINO SEDE A", "nombre_establecimiento": "INSTITUCIÓN EDUCATIVA RURAL SAN PEREGRINO", "sector": "OFICIAL", "zona": "RURAL", "nom_mun": "MANIZALES", "nom_dep": "CALDAS", "estado_fisico": "Afectación menor", "total_matricula": 99.0, "confianza_geo": "3 - BAJA"}}, {"type": "Feature", "geometry": {"type": "Point", "coordinates": [-75.54583299987708, 5.092500000182896]}, "properties": {"cod_dane": "217001001000", "nombre_sede": "CENTRO EDUCATIVO RURAL LA PALMA", "nombre_establecimiento": "CENTRO EDUCATIVO RURAL LA PALMA", "sector": "OFICIAL", "zona": "RURAL", "nom_mun": "MANIZALES", "nom_dep": "CALDAS", "estado_fisico": "Colapso parcial", "total_matricula": 48.0, "confianza_geo": "2 - MEDIA"}}, {"type": "Feature", "geometry": {"type": "Point", "coordinates": [-75.5289007476132, 5.042713107328638]}, "properties": {"cod_dane": "217001001085", "nombre_sede": "INSTITUCIÓN EDUCATIVA RURAL MARIA GORETTI", "nombre_establecimiento": "INSTITUCIÓN EDUCATIVA RURAL MARIA GORETTI.", "sector": "OFICIAL", "zona": "RURAL", "nom_mun": "MANIZALES", "nom_dep": "CALDAS", "estado_fisico": "Colapso parcial", "total_matricula": 302.0, "confianza_geo": "2 - MEDIA"}}, {"type": "Feature", "geometry": {"type": "Point", "coordinates": [-75.55011327008496, 5.074013952817753]}, "properties": {"cod_dane": "217001001271", "nombre_sede": "INSTITUCIÓN EDUCATIVA ADOLFO HOYOS OCAMPO SEDE C", "nombre_establecimiento": "INSTITUCIÓN EDUCATIVA ADOLFO HOYOS OCAMPO", "sector": "OFICIAL", "zona": "RURAL", "nom_mun": "MANIZALES", "nom_dep": "CALDAS", "estado_fisico": "Afectación parcial", "total_matricula": 37.0, "confianza_geo": "2 - MEDIA"}}, {"type": "Feature", "geometry": {"type": "Point", "coordinates": [-75.52611699970174, 5.0733209999033795]}, "properties": {"cod_dane": "217001001336", "nombre_sede": "INSTITUCIÓN EDUCATIVA RURAL LA CABAÑA SEDE D", "nombre_establecimiento": "INSTITUCIÓN EDUCATIVA RURAL LA CABAÑA", "sector": "OFICIAL", "zona": "RURAL", "nom_mun": "MANIZALES", "nom_dep": "CALDAS", "estado_fisico": "Colapso parcial", "total_matricula": 86.0, "confianza_geo": "2 - MEDIA"}}, {"type": "Feature", "geometry": {"type": "Point", "coordinates": [-75.57651892985807, 5.0804243847325266]}, "properties": {"cod_dane": "217001001557", "nombre_sede": "INSTITUCIÓN EDUCATIVA RURAL GRANADA", "nombre_establecimiento": "INSTITUCIÓN EDUCATIVA RURAL GRANADA", "sector": "OFICIAL", "zona": "RURAL", "nom_mun": "MANIZALES", "nom_dep": "CALDAS", "estado_fisico": "Afectación menor", "total_matricula": 147.0, "confianza_geo": "2 - MEDIA"}}, {"type": "Feature", "geometry": null, "properties": {"cod_dane": "217001001581", "nombre_sede": "INSTITUCIÓN EDUCATIVA RURAL LA CABAÑA", "nombre_establecimiento": "INSTITUCIÓN EDUCATIVA RURAL LA CABAÑA", "sector": "OFICIAL", "zona": "RURAL", "nom_mun": "MANIZALES", "nom_dep": "CALDAS", "estado_fisico": "Colapso parcial", "total_matricula": 143.0, "confianza_geo": "3 - BAJA"}}, {"type": "Feature", "geometry": {"type": "Point", "coordinates": [-75.57751890029635, 5.005798671250449]}, "properties": {"cod_dane": "217001001689", "nombre_sede": "INSTITUCIÓN EDUCATIVA LA VIOLETA SEDE A", "nombre_establecimiento": "INSTITUCIÓN EDUCATIVA LA VIOLETA", "sector": "OFICIAL", "zona": "RURAL", "nom_mun": "MANIZALES", "nom_dep": "CALDAS", "estado_fisico": "Afectación menor", "total_matricula": 26.0, "confianza_geo": "2 - MEDIA"}}, {"type": "Feature", "geometry": {"type": "Point", "coordinates": [-75.58749999967152, 4.998333000225622]}, "properties": {"cod_dane": "217001002065", "nombre_sede": "INSTITUCIÓN EDUCATIVA LA VIOLETA", "nombre_establecimiento": "INSTITUCIÓN EDUCATIVA LA VIOLETA", "sector": "OFICIAL", "zona": "RURAL", "nom_mun": "MANIZALES", "nom_dep": "CALDAS", "estado_fisico": "Afectación parcial", "total_matricula": 93.0, "confianza_geo": "2 - MEDIA"}}, {"type": "Feature", "geometry": {"type": "Point", "coordinates": [-75.57555599965387, 5.094722000353458]}, "properties": {"cod_dane": "217001002073", "nombre_sede": "INSTITUCIÓN EDUCATIVA MALTERIA SEDE RUR B", "nombre_establecimiento": "INSTITUCIÓN EDUCATIVA MALTERIA", "sector": "OFICIAL", "zona": "RURAL", "nom_mun": "MANIZALES", "nom_dep": "CALDAS", "estado_fisico": "Afectación parcial", "total_matricula": 47.0, "confianza_geo": "1 - ALTA"}}, {"type": "Feature", "geometry": null, "properties": {"cod_dane": "217001004157", "nombre_sede": "INSTITUCION EDUCATIVA RURAL LA TRINIDAD SEDE B", "nombre_establecimiento": "INSTITUCIÓN EDUCATIVA RURAL LA TRINIDAD", "sector": "OFICIAL", "zona": "RURAL", "nom_mun": "MANIZALES", "nom_dep": "CALDAS", "estado_fisico": "Afectación menor", "total_matricula": 54.0, "confianza_geo": "3 - BAJA"}}, {"type": "Feature", "geometry": null, "properties": {"cod_dane": "217001006125", "nombre_sede": "INSTITUCIÓN EDUCATIVA RURAL SAN PEREGRINO", "nombre_establecimiento": "INSTITUCIÓN EDUCATIVA RURAL SAN PEREGRINO", "sector": "OFICIAL", "zona": "RURAL", "nom_mun": "MANIZALES", "nom_dep": "CALDAS", "estado_fisico": "Afectación menor", "total_matricula": 123.0, "confianza_geo": "3 - BAJA"}}, {"type": "Feature", "geometry": null, "properties": {"cod_dane": "217001006133", "nombre_sede": "INSTITUCIÓN EDUCATIVA RURAL JOSE ANTONIO GALAN", "nombre_establecimiento": "INSTITUCIÓN EDUCATIVA RURAL JOSE ANTONIO GALAN", "sector": "OFICIAL", "zona": "RURAL", "nom_mun": "MANIZALES", "nom_dep": "CALDAS", "estado_fisico": "Afectación menor", "total_matricula": 439.0, "confianza_geo": "3 - BAJA"}}, {"type": "Feature", "geometry": {"type": "Point", "coordinates": [-75.48055599988169, 5.46111099966512]}, "properties": {"cod_dane": "217513000021", "nombre_sede": "ESCULA RURAL LAS TROJES", "nombre_establecimiento": "INSTITUCION EDUCATIVA LAS COLES", "sector": "OFICIAL", "zona": "RURAL", "nom_mun": "PÁCORA", "nom_dep": "CALDAS", "estado_fisico": "Afectación parcial", "total_matricula": 7.0, "confianza_geo": "1 - ALTA"}}, {"type": "Feature", "geometry": {"type": "Point", "coordinates": [-75.51305600032383, 5.508055999934453]}, "properties": {"cod_dane": "217513000030", "nombre_sede": "ESCUELA RURAL VENDIGUJAL", "nombre_establecimiento": "INSTITUCION EDUCATIVA LAS COLES", "sector": "OFICIAL", "zona": "RURAL", "nom_mun": "PÁCORA", "nom_dep": "CALDAS", "estado_fisico": "Afectación parcial", "total_matricula": 7.0, "confianza_geo": "1 - ALTA"}}, {"type": "Feature", "geometry": {"type": "Point", "coordinates": [-75.45995487977542, 5.4650807640919545]}, "properties": {"cod_dane": "217513000188", "nombre_sede": "ESCUELA RURAL MATA DE GUADUA", "nombre_establecimiento": "INSTITUCION EDUCATIVA LAS COLES", "sector": "OFICIAL", "zona": "RURAL", "nom_mun": "PÁCORA", "nom_dep": "CALDAS", "estado_fisico": "Afectación parcial", "total_matricula": 9.0, "confianza_geo": "2 - MEDIA"}}, {"type": "Feature", "geometry": {"type": "Point", "coordinates": [-75.51112099955742, 5.558600000414753]}, "properties": {"cod_dane": "217513000234", "nombre_sede": "INSTITUCION EDUCATIVA LA MILAGROSA - SEDE PRINCIPAL", "nombre_establecimiento": "INSTITUCION EDUCATIVA LA MILAGROSA", "sector": "OFICIAL", "zona": "RURAL", "nom_mun": "PÁCORA", "nom_dep": "CALDAS", "estado_fisico": "Riesgo inminente de colapso", "total_matricula": 32.0, "confianza_geo": "1 - ALTA"}}, {"type": "Feature", "geometry": {"type": "Point", "coordinates": [-75.53055600042369, 5.508333000444272]}, "properties": {"cod_dane": "217513000323", "nombre_sede": "CENTRO EDUCATIVO EL ESCOBAL", "nombre_establecimiento": "INSTITUCION EDUCATIVA FRANCISCO JOSE DE CALDAS", "sector": "OFICIAL", "zona": "RURAL", "nom_mun": "PÁCORA", "nom_dep": "CALDAS", "estado_fisico": "Afectación parcial", "total_matricula": 9.0, "confianza_geo": "2 - MEDIA"}}, {"type": "Feature", "geometry": {"type": "Point", "coordinates": [-75.45000000042678, 5.460555999627571]}, "properties": {"cod_dane": "217513000331", "nombre_sede": "ESCUELA RURAL EL CONGO", "nombre_establecimiento": "INSTITUCION EDUCATIVA LAS COLES", "sector": "OFICIAL", "zona": "RURAL", "nom_mun": "PÁCORA", "nom_dep": "CALDAS", "estado_fisico": "Afectación parcial", "total_matricula": 6.0, "confianza_geo": "2 - MEDIA"}}, {"type": "Feature", "geometry": {"type": "Point", "coordinates": [-75.50138900031561, 5.551667000256111]}, "properties": {"cod_dane": "217513000391", "nombre_sede": "CENTRO EDUCATIVO CAMPO ALEGRE", "nombre_establecimiento": "INSTITUCION EDUCATIVA LA MILAGROSA", "sector": "OFICIAL", "zona": "RURAL", "nom_mun": "PÁCORA", "nom_dep": "CALDAS", "estado_fisico": "Afectación parcial", "total_matricula": 10.0, "confianza_geo": "2 - MEDIA"}}, {"type": "Feature", "geometry": {"type": "Point", "coordinates": [-75.48555600029522, 5.534167000406247]}, "properties": {"cod_dane": "217513000447", "nombre_sede": "CENTRO EDUCATIVO FILOBONITO", "nombre_establecimiento": "INSTITUCION EDUCATIVA LA MILAGROSA", "sector": "OFICIAL", "zona": "RURAL", "nom_mun": "PÁCORA", "nom_dep": "CALDAS", "estado_fisico": "Afectación menor", "total_matricula": 7.0, "confianza_geo": "2 - MEDIA"}}, {"type": "Feature", "geometry": {"type": "Point", "coordinates": [-75.4666669999502, 5.5502780001390954]}, "properties": {"cod_dane": "217513000501", "nombre_sede": "ESCUELA RURAL EL TOPACIO", "nombre_establecimiento": "INSTITUCION EDUCATIVA LA MILAGROSA", "sector": "OFICIAL", "zona": "RURAL", "nom_mun": "PÁCORA", "nom_dep": "CALDAS", "estado_fisico": "Afectación menor", "total_matricula": 10.0, "confianza_geo": "2 - MEDIA"}}, {"type": "Feature", "geometry": {"type": "Point", "coordinates": [-75.50805599991028, 5.485555999739995]}, "properties": {"cod_dane": "217513000536", "nombre_sede": "ESCUELA RURAL PALMA BAJA", "nombre_establecimiento": "INSTITUCION EDUCATIVA LA MILAGROSA", "sector": "OFICIAL", "zona": "RURAL", "nom_mun": "PÁCORA", "nom_dep": "CALDAS", "estado_fisico": "Afectación menor", "total_matricula": 5.0, "confianza_geo": "2 - MEDIA"}}, {"type": "Feature", "geometry": {"type": "Point", "coordinates": [-75.47847041003264, 5.477740936861068]}, "properties": {"cod_dane": "217513000722", "nombre_sede": "INSTITUCION EDUCATIVA LAS COLES - SEDE PRINCIPAL", "nombre_establecimiento": "INSTITUCION EDUCATIVA LAS COLES", "sector": "OFICIAL", "zona": "RURAL", "nom_mun": "PÁCORA", "nom_dep": "CALDAS", "estado_fisico": "Afectación parcial", "total_matricula": 162.0, "confianza_geo": "2 - MEDIA"}}, {"type": "Feature", "geometry": {"type": "Point", "coordinates": [-75.47470338956738, 5.546612552429014]}, "properties": {"cod_dane": "217513000765", "nombre_sede": "COLEGIO LOS MORROS", "nombre_establecimiento": "INSTITUCION EDUCATIVA LA MILAGROSA", "sector": "OFICIAL", "zona": "RURAL", "nom_mun": "PÁCORA", "nom_dep": "CALDAS", "estado_fisico": "Riesgo inminente de colapso", "total_matricula": 57.0, "confianza_geo": "1 - ALTA"}}, {"type": "Feature", "geometry": {"type": "Point", "coordinates": [-75.16563750043308, 5.445493740679262]}, "properties": {"cod_dane": "217541000312", "nombre_sede": "INSTITUCION EDUCATIVA GUACAS - SEDE PRINCIPAL", "nombre_establecimiento": "INSTITUCION EDUCATIVA GUACAS", "sector": "OFICIAL", "zona": "RURAL", "nom_mun": "PENSILVANIA", "nom_dep": "CALDAS", "estado_fisico": "Afectación parcial", "total_matricula": 54.0, "confianza_geo": "2 - MEDIA"}}, {"type": "Feature", "geometry": {"type": "Point", "coordinates": [-75.18194399974479, 5.469999999556481]}, "properties": {"cod_dane": "217541001009", "nombre_sede": "ESCUELA RURAL LA CASCADA", "nombre_establecimiento": "INSTITUCION EDUCATIVA GUACAS", "sector": "OFICIAL", "zona": "RURAL", "nom_mun": "PENSILVANIA", "nom_dep": "CALDAS", "estado_fisico": "Afectación parcial", "total_matricula": 4.0, "confianza_geo": "2 - MEDIA"}}, {"type": "Feature", "geometry": null, "properties": {"cod_dane": "217541001670", "nombre_sede": "ESCUELA NUEVA LAS PALOMAS", "nombre_establecimiento": "INSTITUCION EDUCATIVA GUACAS", "sector": "OFICIAL", "zona": "RURAL", "nom_mun": "PENSILVANIA", "nom_dep": "CALDAS", "estado_fisico": "Afectación parcial", "total_matricula": 8.0, "confianza_geo": "3 - BAJA"}}, {"type": "Feature", "geometry": null, "properties": {"cod_dane": "227001000017", "nombre_sede": "SEDE MOTOLDO", "nombre_establecimiento": "IE DE SAMURINDO", "sector": "OFICIAL", "zona": "RURAL", "nom_mun": "ATRATO", "nom_dep": "CHOCÓ", "estado_fisico": "Afectación menor", "total_matricula": 32.0, "confianza_geo": "3 - BAJA"}}, {"type": "Feature", "geometry": {"type": "Point", "coordinates": [-76.71126556407131, 5.844886779980299]}, "properties": {"cod_dane": "227001000246", "nombre_sede": "SEDE DE CURIQUIDO", "nombre_establecimiento": "CENTRO EDUCATIVO DIEGO LUIS CORDOBA", "sector": "OFICIAL", "zona": "RURAL", "nom_mun": "QUIBDÓ", "nom_dep": "CHOCÓ", "estado_fisico": "Afectación parcial", "total_matricula": 12.0, "confianza_geo": "2 - MEDIA"}}, {"type": "Feature", "geometry": {"type": "Point", "coordinates": [-76.75344347978528, 5.7063659608766155]}, "properties": {"cod_dane": "227001000319", "nombre_sede": "SEDE ALTAGRACIA", "nombre_establecimiento": "CENTRO EDUCATIVO MUNGUIDO", "sector": "OFICIAL", "zona": "RURAL", "nom_mun": "QUIBDÓ", "nom_dep": "CHOCÓ", "estado_fisico": "Afectación menor", "total_matricula": 1.0, "confianza_geo": "2 - MEDIA"}}, {"type": "Feature", "geometry": null, "properties": {"cod_dane": "227001000327", "nombre_sede": "SEDE SAN MARTIN DE PURRE", "nombre_establecimiento": "IE DE SAMURINDO", "sector": "OFICIAL", "zona": "RURAL", "nom_mun": "ATRATO", "nom_dep": "CHOCÓ", "estado_fisico": "Afectación menor", "total_matricula": 3.0, "confianza_geo": "3 - BAJA"}}, {"type": "Feature", "geometry": null, "properties": {"cod_dane": "227001000335", "nombre_sede": "IE NUESTRA SEÑORA DE LAS MERCEDES - SEDE PRINCIPAL", "nombre_establecimiento": "IE NUESTRA SEÑORA DE LAS MERCEDES", "sector": "OFICIAL", "zona": "RURAL", "nom_mun": "RÍO QUITO", "nom_dep": "CHOCÓ", "estado_fisico": "Reporta afectación sin definir el impacto", "total_matricula": 552.0, "confianza_geo": "3 - BAJA"}}, {"type": "Feature", "geometry": {"type": "Point", "coordinates": [-76.81084797970225, 5.699822443437867]}, "properties": {"cod_dane": "227001000343", "nombre_sede": "SEDE EL TAMBO", "nombre_establecimiento": "CENTRO EDUCATIVO MUNGUIDO", "sector": "OFICIAL", "zona": "RURAL", "nom_mun": "QUIBDÓ", "nom_dep": "CHOCÓ", "estado_fisico": "Afectación menor", "total_matricula": 6.0, "confianza_geo": "2 - MEDIA"}}, {"type": "Feature", "geometry": {"type": "Point", "coordinates": [-76.70005431983093, 5.6968481168011955]}, "properties": {"cod_dane": "227001000408", "nombre_sede": "SEDE DE LA COMUNIDAD", "nombre_establecimiento": "CENTRO EDUCATIVO MUNGUIDO", "sector": "OFICIAL", "zona": "RURAL", "nom_mun": "QUIBDÓ", "nom_dep": "CHOCÓ", "estado_fisico": "Afectación menor", "total_matricula": 17.0, "confianza_geo": "2 - MEDIA"}}, {"type": "Feature", "geometry": {"type": "Point", "coordinates": [-76.53980332988407, 5.799926085311174]}, "properties": {"cod_dane": "227001000459", "nombre_sede": "SEDE SAN FRANCISCO DE ICHO", "nombre_establecimiento": "IE AGROPECUARIA CRISTO REY DE TUTUNENDO", "sector": "OFICIAL", "zona": "RURAL", "nom_mun": "QUIBDÓ", "nom_dep": "CHOCÓ", "estado_fisico": "Afectación parcial", "total_matricula": 40.0, "confianza_geo": "1 - ALTA"}}, {"type": "Feature", "geometry": null, "properties": {"cod_dane": "227001000475", "nombre_sede": "IE DE SAMURINDO - SEDE PRINCIPAL", "nombre_establecimiento": "IE DE SAMURINDO", "sector": "OFICIAL", "zona": "RURAL", "nom_mun": "ATRATO", "nom_dep": "CHOCÓ", "estado_fisico": "Colapso parcial", "total_matricula": 377.0, "confianza_geo": "3 - BAJA"}}, {"type": "Feature", "geometry": null, "properties": {"cod_dane": "227001000483", "nombre_sede": "SEDE REAL DE TANANDO", "nombre_establecimiento": "IE DE SAMURINDO", "sector": "OFICIAL", "zona": "RURAL", "nom_mun": "ATRATO", "nom_dep": "CHOCÓ", "estado_fisico": "Afectación parcial", "total_matricula": 4.0, "confianza_geo": "3 - BAJA"}}, {"type": "Feature", "geometry": null, "properties": {"cod_dane": "227001000513", "nombre_sede": "IE ANTONIO ABAD HINESTROZA - SEDE PRINCIPAL", "nombre_establecimiento": "IE ANTONIO ABAD HINESTROZA", "sector": "OFICIAL", "zona": "URBANA", "nom_mun": "ATRATO", "nom_dep": "CHOCÓ", "estado_fisico": "Reporta afectación sin definir el impacto", "total_matricula": 287.0, "confianza_geo": "3 - BAJA"}}, {"type": "Feature", "geometry": null, "properties": {"cod_dane": "227001000564", "nombre_sede": "IE BOCA DE BEBARA - SEDE PRINCIPAL", "nombre_establecimiento": "IE BOCA DE BEBARA", "sector": "OFICIAL", "zona": "RURAL", "nom_mun": "MEDIO ATRATO", "nom_dep": "CHOCÓ", "estado_fisico": "Reporta afectación sin definir el impacto", "total_matricula": 150.0, "confianza_geo": "3 - BAJA"}}, {"type": "Feature", "geometry": null, "properties": {"cod_dane": "227001000599", "nombre_sede": "SEDE VILLA DE BEBARA", "nombre_establecimiento": "IE BOCA DE BEBARA", "sector": "OFICIAL", "zona": "RURAL", "nom_mun": "MEDIO ATRATO", "nom_dep": "CHOCÓ", "estado_fisico": "Reporta afectación sin definir el impacto", "total_matricula": 39.0, "confianza_geo": "3 - BAJA"}}, {"type": "Feature", "geometry": {"type": "Point", "coordinates": [-76.6398512902245, 5.73944380261385]}, "properties": {"cod_dane": "227001000718", "nombre_sede": "SEDE DE GUAYABAL", "nombre_establecimiento": "IE DIOCESANO PEDRO GRAU Y AROLA", "sector": "OFICIAL", "zona": "RURAL", "nom_mun": "QUIBDÓ", "nom_dep": "CHOCÓ", "estado_fisico": "Afectación parcial", "total_matricula": 10.0, "confianza_geo": "2 - MEDIA"}}, {"type": "Feature", "geometry": {"type": "Point", "coordinates": [-76.89314545011571, 5.82538849132901]}, "properties": {"cod_dane": "227001000726", "nombre_sede": "SEDE EL JAGUO", "nombre_establecimiento": "CENTRO EDUCATIVO MUNGUIDO", "sector": "OFICIAL", "zona": "RURAL", "nom_mun": "QUIBDÓ", "nom_dep": "CHOCÓ", "estado_fisico": "Afectación menor", "total_matricula": 6.0, "confianza_geo": "2 - MEDIA"}}, {"type": "Feature", "geometry": {"type": "Point", "coordinates": [-76.53381679962553, 5.74988820928097]}, "properties": {"cod_dane": "227001000874", "nombre_sede": "SEDE REPUBLICA DE PANAMA", "nombre_establecimiento": "IE AGROPECUARIA CRISTO REY DE TUTUNENDO", "sector": "OFICIAL", "zona": "RURAL", "nom_mun": "QUIBDÓ", "nom_dep": "CHOCÓ", "estado_fisico": "Colapso parcial", "total_matricula": 120.0, "confianza_geo": "2 - MEDIA"}}, {"type": "Feature", "geometry": {"type": "Point", "coordinates": [-76.58976036041278, 5.68690791829444]}, "properties": {"cod_dane": "227001000963", "nombre_sede": "SEDE DE PACURITA", "nombre_establecimiento": "IE  MIGUEL ANTONIO CAICEDO MENA - OBAPO", "sector": "OFICIAL", "zona": "RURAL", "nom_mun": "QUIBDÓ", "nom_dep": "CHOCÓ", "estado_fisico": "Afectación menor", "total_matricula": 12.0, "confianza_geo": "2 - MEDIA"}}, {"type": "Feature", "geometry": {"type": "Point", "coordinates": [-76.71672929010586, 5.818985328974619]}, "properties": {"cod_dane": "227001001072", "nombre_sede": "SEDE LAS MERCEDES", "nombre_establecimiento": "CENTRO EDUCATIVO DIEGO LUIS CORDOBA", "sector": "OFICIAL", "zona": "RURAL", "nom_mun": "QUIBDÓ", "nom_dep": "CHOCÓ", "estado_fisico": "Afectación parcial", "total_matricula": 49.0, "confianza_geo": "2 - MEDIA"}}, {"type": "Feature", "geometry": null, "properties": {"cod_dane": "227001001111", "nombre_sede": "SEDE LA PALOMA", "nombre_establecimiento": "IE ANTONIO MARIA CLARET", "sector": "OFICIAL", "zona": "RURAL", "nom_mun": "QUIBDÓ", "nom_dep": "CHOCÓ", "estado_fisico": "Afectación parcial", "total_matricula": 15.0, "confianza_geo": "3 - BAJA"}}, {"type": "Feature", "geometry": {"type": "Point", "coordinates": [-76.63463870080403, 5.696793971894236]}, "properties": {"cod_dane": "227001001145", "nombre_sede": "IE MIA JORGE VALENCIA LOZANO", "nombre_establecimiento": "IE MIA JORGE VALENCIA LOZANO", "sector": "OFICIAL", "zona": "URBANA", "nom_mun": "QUIBDÓ", "nom_dep": "CHOCÓ", "estado_fisico": "Riesgo inminente de colapso", "total_matricula": 832.0, "confianza_geo": "2 - MEDIA"}}, {"type": "Feature", "geometry": {"type": "Point", "coordinates": [-76.53939500965484, 5.738581009712472]}, "properties": {"cod_dane": "227001001188", "nombre_sede": "SEDE POLICARPA SALAVARRIETA", "nombre_establecimiento": "IE AGROPECUARIA CRISTO REY DE TUTUNENDO", "sector": "OFICIAL", "zona": "RURAL", "nom_mun": "QUIBDÓ", "nom_dep": "CHOCÓ", "estado_fisico": "Afectación parcial", "total_matricula": 159.0, "confianza_geo": "2 - MEDIA"}}, {"type": "Feature", "geometry": {"type": "Point", "coordinates": [-76.72878265372115, 6.223295211759049]}, "properties": {"cod_dane": "227001001234", "nombre_sede": "SEDE DE TAGACHI", "nombre_establecimiento": "IE AGROPECUARIA DE TAGACHI", "sector": "OFICIAL", "zona": "RURAL", "nom_mun": "QUIBDÓ", "nom_dep": "CHOCÓ", "estado_fisico": "Afectación menor", "total_matricula": 105.0, "confianza_geo": "2 - MEDIA"}}, {"type": "Feature", "geometry": {"type": "Point", "coordinates": [-76.86634958823434, 5.683401547649549]}, "properties": {"cod_dane": "227001001293", "nombre_sede": "CENTRO EDUCATIVO MUNGUIDO - SEDE PRINCIPAL", "nombre_establecimiento": "CENTRO EDUCATIVO MUNGUIDO", "sector": "OFICIAL", "zona": "RURAL", "nom_mun": "QUIBDÓ", "nom_dep": "CHOCÓ", "estado_fisico": "Afectación menor", "total_matricula": 13.0, "confianza_geo": "2 - MEDIA"}}, {"type": "Feature", "geometry": {"type": "Point", "coordinates": [-76.62823173204305, 5.68446274117528]}, "properties": {"cod_dane": "227001001684", "nombre_sede": "IE MIGUEL ANTONIO CAICEDO MENA - OBAPO", "nombre_establecimiento": "IE  MIGUEL ANTONIO CAICEDO MENA - OBAPO", "sector": "OFICIAL", "zona": "URBANA", "nom_mun": "QUIBDÓ", "nom_dep": "CHOCÓ", "estado_fisico": "Afectación parcial", "total_matricula": 739.0, "confianza_geo": "2 - MEDIA"}}, {"type": "Feature", "geometry": {"type": "Point", "coordinates": [-76.64353942872633, 5.67144012472732]}, "properties": {"cod_dane": "227001001692", "nombre_sede": "SEDE PUENTE DE CABI", "nombre_establecimiento": "IE ANTONIO RICAURTE", "sector": "OFICIAL", "zona": "URBANA", "nom_mun": "QUIBDÓ", "nom_dep": "CHOCÓ", "estado_fisico": "Afectación menor", "total_matricula": 583.0, "confianza_geo": "2 - MEDIA"}}, {"type": "Feature", "geometry": {"type": "Point", "coordinates": [-76.5461686302906, 5.695664335255393]}, "properties": {"cod_dane": "227001001706", "nombre_sede": "SEDE DE GUADALUPE", "nombre_establecimiento": "IE AGROPECUARIA CRISTO REY DE TUTUNENDO", "sector": "OFICIAL", "zona": "RURAL", "nom_mun": "QUIBDÓ", "nom_dep": "CHOCÓ", "estado_fisico": "Afectación parcial", "total_matricula": 13.0, "confianza_geo": "2 - MEDIA"}}, {"type": "Feature", "geometry": {"type": "Point", "coordinates": [-76.87734582969463, 5.828624557818146]}, "properties": {"cod_dane": "227001001714", "nombre_sede": "SEDE DE GUARANDO", "nombre_establecimiento": "CENTRO EDUCATIVO MUNGUIDO", "sector": "OFICIAL", "zona": "RURAL", "nom_mun": "QUIBDÓ", "nom_dep": "CHOCÓ", "estado_fisico": "Afectación parcial", "total_matricula": 12.0, "confianza_geo": "2 - MEDIA"}}, {"type": "Feature", "geometry": null, "properties": {"cod_dane": "227001001722", "nombre_sede": "SEDE LA MOLANA", "nombre_establecimiento": "IE DE SAMURINDO", "sector": "OFICIAL", "zona": "RURAL", "nom_mun": "ATRATO", "nom_dep": "CHOCÓ", "estado_fisico": "Colapso parcial", "total_matricula": 89.0, "confianza_geo": "3 - BAJA"}}, {"type": "Feature", "geometry": null, "properties": {"cod_dane": "227001001731", "nombre_sede": "SEDE ABRAHAM PINO MORENO", "nombre_establecimiento": "IE DE SAMURINDO", "sector": "OFICIAL", "zona": "RURAL", "nom_mun": "ATRATO", "nom_dep": "CHOCÓ", "estado_fisico": "Afectación menor", "total_matricula": 15.0, "confianza_geo": "3 - BAJA"}}, {"type": "Feature", "geometry": null, "properties": {"cod_dane": "227001001838", "nombre_sede": "SEDE LA PEÑA  BEBARA", "nombre_establecimiento": "IE BOCA DE BEBARA", "sector": "OFICIAL", "zona": "RURAL", "nom_mun": "MEDIO ATRATO", "nom_dep": "CHOCÓ", "estado_fisico": "Reporta afectación sin definir el impacto", "total_matricula": 38.0, "confianza_geo": "3 - BAJA"}}, {"type": "Feature", "geometry": {"type": "Point", "coordinates": [-76.92055684032469, 5.787888185131123]}, "properties": {"cod_dane": "227001001846", "nombre_sede": "SEDE DE GITRADO", "nombre_establecimiento": "CENTRO EDUCATIVO MUNGUIDO", "sector": "OFICIAL", "zona": "RURAL", "nom_mun": "QUIBDÓ", "nom_dep": "CHOCÓ", "estado_fisico": "Afectación menor", "total_matricula": 5.0, "confianza_geo": "2 - MEDIA"}}, {"type": "Feature", "geometry": {"type": "Point", "coordinates": [-76.61731427013822, 5.834422320885765]}, "properties": {"cod_dane": "227001001854", "nombre_sede": "SEDE DIEGO LUIS CORDOBA", "nombre_establecimiento": "CENTRO EDUCATIVO DIEGO LUIS CORDOBA", "sector": "OFICIAL", "zona": "RURAL", "nom_mun": "QUIBDÓ", "nom_dep": "CHOCÓ", "estado_fisico": "Afectación menor", "total_matricula": 13.0, "confianza_geo": "2 - MEDIA"}}, {"type": "Feature", "geometry": {"type": "Point", "coordinates": [-76.51798672002812, 5.743103890196472]}, "properties": {"cod_dane": "227001001871", "nombre_sede": "IE AGROPECUARIA CRISTO REY DE TUTUNENDO - SEDE PRINCIPAL", "nombre_establecimiento": "IE AGROPECUARIA CRISTO REY DE TUTUNENDO", "sector": "OFICIAL", "zona": "RURAL", "nom_mun": "QUIBDÓ", "nom_dep": "CHOCÓ", "estado_fisico": "Colapso parcial", "total_matricula": 244.0, "confianza_geo": "2 - MEDIA"}}, {"type": "Feature", "geometry": null, "properties": {"cod_dane": "227001001986", "nombre_sede": "SEDE PUENTE DE TANANDO", "nombre_establecimiento": "IE DE SAMURINDO", "sector": "OFICIAL", "zona": "RURAL", "nom_mun": "ATRATO", "nom_dep": "CHOCÓ", "estado_fisico": "Afectación menor", "total_matricula": 32.0, "confianza_geo": "3 - BAJA"}}, {"type": "Feature", "geometry": {"type": "Point", "coordinates": [-76.57897642319348, 5.735428395297439]}, "properties": {"cod_dane": "227001002486", "nombre_sede": "SEDE LOS ESTANCOS", "nombre_establecimiento": "IE AGROPECUARIA CRISTO REY DE TUTUNENDO", "sector": "OFICIAL", "zona": "RURAL", "nom_mun": "QUIBDÓ", "nom_dep": "CHOCÓ", "estado_fisico": "Afectación parcial", "total_matricula": 17.0, "confianza_geo": "2 - MEDIA"}}, {"type": "Feature", "geometry": null, "properties": {"cod_dane": "227001002907", "nombre_sede": "SEDE AGUA CLARA", "nombre_establecimiento": "IE BOCA DE BEBARA", "sector": "OFICIAL", "zona": "RURAL", "nom_mun": "MEDIO ATRATO", "nom_dep": "CHOCÓ", "estado_fisico": "Reporta afectación sin definir el impacto", "total_matricula": 19.0, "confianza_geo": "3 - BAJA"}}, {"type": "Feature", "geometry": {"type": "Point", "coordinates": [-76.86861419704815, 5.791731834445284]}, "properties": {"cod_dane": "227001003032", "nombre_sede": "SEDE ANTONIA SANTO DE WINANDO.", "nombre_establecimiento": "CENTRO EDUCATIVO MUNGUIDO", "sector": "OFICIAL", "zona": "RURAL", "nom_mun": "QUIBDÓ", "nom_dep": "CHOCÓ", "estado_fisico": "Afectación parcial", "total_matricula": 49.0, "confianza_geo": "2 - MEDIA"}}, {"type": "Feature", "geometry": {"type": "Point", "coordinates": [-76.61884816504543, 5.830036645718141]}, "properties": {"cod_dane": "227001003059", "nombre_sede": "SEDE ZABULON CORDOBA VALENCIA", "nombre_establecimiento": "CENTRO EDUCATIVO DIEGO LUIS CORDOBA", "sector": "OFICIAL", "zona": "RURAL", "nom_mun": "QUIBDÓ", "nom_dep": "CHOCÓ", "estado_fisico": "Afectación menor", "total_matricula": 8.0, "confianza_geo": "2 - MEDIA"}}, {"type": "Feature", "geometry": {"type": "Point", "coordinates": [-76.86066793989501, 5.713801776226346]}, "properties": {"cod_dane": "227001003105", "nombre_sede": "SEDE ROBERTO PARRA GARCIA", "nombre_establecimiento": "CENTRO EDUCATIVO MUNGUIDO", "sector": "OFICIAL", "zona": "RURAL", "nom_mun": "QUIBDÓ", "nom_dep": "CHOCÓ", "estado_fisico": "Afectación menor", "total_matricula": 12.0, "confianza_geo": "2 - MEDIA"}}, {"type": "Feature", "geometry": null, "properties": {"cod_dane": "227001003237", "nombre_sede": "IE BERNARDINO BECERRA RODRIGUEZ - SEDE PRINCIPAL", "nombre_establecimiento": "IE BERNARDINO BECERRA RODRIGUEZ", "sector": "OFICIAL", "zona": "URBANA", "nom_mun": "RÍO QUITO", "nom_dep": "CHOCÓ", "estado_fisico": "Reporta afectación sin definir el impacto", "total_matricula": 531.0, "confianza_geo": "3 - BAJA"}}, {"type": "Feature", "geometry": {"type": "Point", "coordinates": [-76.9521560802685, 5.7627610771776085]}, "properties": {"cod_dane": "227001003369", "nombre_sede": "SEDE SAN PEDRO CLAVER", "nombre_establecimiento": "CENTRO EDUCATIVO MUNGUIDO", "sector": "OFICIAL", "zona": "RURAL", "nom_mun": "QUIBDÓ", "nom_dep": "CHOCÓ", "estado_fisico": "Afectación menor", "total_matricula": 6.0, "confianza_geo": "2 - MEDIA"}}, {"type": "Feature", "geometry": {"type": "Point", "coordinates": [-76.67927551296145, 5.798596858951186]}, "properties": {"cod_dane": "227001003521", "nombre_sede": "SEDE BOCA DE PURDU", "nombre_establecimiento": "CENTRO EDUCATIVO DIEGO LUIS CORDOBA", "sector": "OFICIAL", "zona": "RURAL", "nom_mun": "QUIBDÓ", "nom_dep": "CHOCÓ", "estado_fisico": "Afectación menor", "total_matricula": 12.0, "confianza_geo": "2 - MEDIA"}}, {"type": "Feature", "geometry": null, "properties": {"cod_dane": "227001003547", "nombre_sede": "INSTITUCION EDUCATIVA AGROPECUARIA DE TAGACHI", "nombre_establecimiento": "IE AGROPECUARIA DE TAGACHI", "sector": "OFICIAL", "zona": "RURAL", "nom_mun": "MEDIO ATRATO", "nom_dep": "CHOCÓ", "estado_fisico": "Afectación parcial", "total_matricula": 82.0, "confianza_geo": "3 - BAJA"}}, {"type": "Feature", "geometry": {"type": "Point", "coordinates": [-76.73352813716016, 5.691008568166559]}, "properties": {"cod_dane": "227001003903", "nombre_sede": "SEDE DE PUERTO ALUMA", "nombre_establecimiento": "CENTRO EDUCATIVO MUNGUIDO", "sector": "OFICIAL", "zona": "RURAL", "nom_mun": "QUIBDÓ", "nom_dep": "CHOCÓ", "estado_fisico": "Afectación menor", "total_matricula": 9.0, "confianza_geo": "2 - MEDIA"}}, {"type": "Feature", "geometry": {"type": "Point", "coordinates": [-76.46529709974507, 5.871048000366158]}, "properties": {"cod_dane": "227001004179", "nombre_sede": "SEDE PUERTO MURILLO", "nombre_establecimiento": "CENTRO EDUCATIVO DIEGO LUIS CORDOBA", "sector": "OFICIAL", "zona": "RURAL", "nom_mun": "QUIBDÓ", "nom_dep": "CHOCÓ", "estado_fisico": "Afectación menor", "total_matricula": 13.0, "confianza_geo": "2 - MEDIA"}}, {"type": "Feature", "geometry": {"type": "Point", "coordinates": [-76.62401580815896, 5.841875076007728]}, "properties": {"cod_dane": "227001004187", "nombre_sede": "SEDE DE SAN JOAQUIN", "nombre_establecimiento": "CENTRO EDUCATIVO DIEGO LUIS CORDOBA", "sector": "OFICIAL", "zona": "RURAL", "nom_mun": "QUIBDÓ", "nom_dep": "CHOCÓ", "estado_fisico": "Afectación menor", "total_matricula": 32.0, "confianza_geo": "2 - MEDIA"}}, {"type": "Feature", "geometry": {"type": "Point", "coordinates": [-76.94651794362659, 6.221895218323356]}, "properties": {"cod_dane": "227001004233", "nombre_sede": "SEDE DE CHUSCALITO", "nombre_establecimiento": "C.E. INDIGENA EMBERA ALFONSO DUMASA DE CAIMANERO JAMPAPA", "sector": "OFICIAL", "zona": "RURAL", "nom_mun": "QUIBDÓ", "nom_dep": "CHOCÓ", "estado_fisico": "Afectación menor", "total_matricula": 68.0, "confianza_geo": "2 - MEDIA"}}, {"type": "Feature", "geometry": null, "properties": {"cod_dane": "227001017866", "nombre_sede": "SEDE SAN FRANCISCO DEL CARAÑO", "nombre_establecimiento": "IE SANTO DOMINGO DE GUZMAN", "sector": "OFICIAL", "zona": "URBANA", "nom_mun": "QUIBDÓ", "nom_dep": "CHOCÓ", "estado_fisico": "Colapso parcial", "total_matricula": 111.0, "confianza_geo": "3 - BAJA"}}, {"type": "Feature", "geometry": {"type": "Point", "coordinates": [-76.86683301211289, 5.716732849230266]}, "properties": {"cod_dane": "227001017882", "nombre_sede": "SEDE DE LA DIVISA", "nombre_establecimiento": "CENTRO EDUCATIVO MUNGUIDO", "sector": "OFICIAL", "zona": "RURAL", "nom_mun": "QUIBDÓ", "nom_dep": "CHOCÓ", "estado_fisico": "Afectación menor", "total_matricula": 8.0, "confianza_geo": "2 - MEDIA"}}, {"type": "Feature", "geometry": {"type": "Point", "coordinates": [-76.86197662356722, 6.172048568567295]}, "properties": {"cod_dane": "227001018072", "nombre_sede": "SEDE DE CHIGORODO", "nombre_establecimiento": "C.E. INDIGENA EMBERA ALFONSO DUMASA DE CAIMANERO JAMPAPA", "sector": "OFICIAL", "zona": "RURAL", "nom_mun": "QUIBDÓ", "nom_dep": "CHOCÓ", "estado_fisico": "Afectación menor", "total_matricula": 25.0, "confianza_geo": "2 - MEDIA"}}, {"type": "Feature", "geometry": {"type": "Point", "coordinates": [-76.7129670998819, 5.763422399950456]}, "properties": {"cod_dane": "227001018188", "nombre_sede": "SEDE EL MANSO", "nombre_establecimiento": "CENTRO EDUCATIVO DIEGO LUIS CORDOBA", "sector": "OFICIAL", "zona": "RURAL", "nom_mun": "QUIBDÓ", "nom_dep": "CHOCÓ", "estado_fisico": "Afectación menor", "total_matricula": 11.0, "confianza_geo": "2 - MEDIA"}}, {"type": "Feature", "geometry": {"type": "Point", "coordinates": [-76.64361932668434, 5.668874183751131]}, "properties": {"cod_dane": "227001018200", "nombre_sede": "IE TECNICA ANTONIO RICAURTE", "nombre_establecimiento": "IE ANTONIO RICAURTE", "sector": "OFICIAL", "zona": "URBANA", "nom_mun": "QUIBDÓ", "nom_dep": "CHOCÓ", "estado_fisico": "Afectación parcial", "total_matricula": 627.0, "confianza_geo": "2 - MEDIA"}}, {"type": "Feature", "geometry": {"type": "Point", "coordinates": [-76.64111645141949, 5.642778874695752]}, "properties": {"cod_dane": "227001800021", "nombre_sede": "CENTRO DE ATENCIÓN ESPECIALIZADA  CAE JUAN ANDRES PALACIOS ASPRILLA", "nombre_establecimiento": "IE ANTONIO RICAURTE", "sector": "OFICIAL", "zona": "RURAL", "nom_mun": "QUIBDÓ", "nom_dep": "CHOCÓ", "estado_fisico": "Afectación menor", "total_matricula": 32.0, "confianza_geo": "2 - MEDIA"}}, {"type": "Feature", "geometry": null, "properties": {"cod_dane": "227001800056", "nombre_sede": "SEDE LA TROJE", "nombre_establecimiento": "IE MIA JORGE VALENCIA LOZANO", "sector": "OFICIAL", "zona": "RURAL", "nom_mun": "QUIBDÓ", "nom_dep": "CHOCÓ", "estado_fisico": "Afectación menor", "total_matricula": 8.0, "confianza_geo": "3 - BAJA"}}, {"type": "Feature", "geometry": {"type": "Point", "coordinates": [-77.19713991019498, 8.38670274973115]}, "properties": {"cod_dane": "227006000511", "nombre_sede": "IE CHUGANDI - SEDE PRINCIPAL", "nombre_establecimiento": "IE CHUGANDI", "sector": "OFICIAL", "zona": "RURAL", "nom_mun": "ACANDÍ", "nom_dep": "CHOCÓ", "estado_fisico": "Afectación parcial", "total_matricula": 136.0, "confianza_geo": "2 - MEDIA"}}, {"type": "Feature", "geometry": null, "properties": {"cod_dane": "227025000069", "nombre_sede": "IE BELLAVISTA BERREBERRE - SEDE PRINCIPAL", "nombre_establecimiento": "IE BELLAVISTA BERREBERRE", "sector": "OFICIAL", "zona": "RURAL", "nom_mun": "MEDIO BAUDÓ", "nom_dep": "CHOCÓ", "estado_fisico": "Colapso total", "total_matricula": 95.0, "confianza_geo": "3 - BAJA"}}, {"type": "Feature", "geometry": null, "properties": {"cod_dane": "227025000166", "nombre_sede": "SEDE ANTONIO NARIÑO", "nombre_establecimiento": "IE MISAEL SOTO CORDOBA", "sector": "OFICIAL", "zona": "RURAL", "nom_mun": "ALTO BAUDÓ", "nom_dep": "CHOCÓ", "estado_fisico": "Afectación parcial", "total_matricula": 69.0, "confianza_geo": "3 - BAJA"}}, {"type": "Feature", "geometry": null, "properties": {"cod_dane": "227025000263", "nombre_sede": "SEDE DE CHIGORODÓ", "nombre_establecimiento": "IE HERMANO ANSELMO MOLANO", "sector": "OFICIAL", "zona": "RURAL", "nom_mun": "ALTO BAUDÓ", "nom_dep": "CHOCÓ", "estado_fisico": "Afectación menor", "total_matricula": 23.0, "confianza_geo": "3 - BAJA"}}, {"type": "Feature", "geometry": null, "properties": {"cod_dane": "227025000328", "nombre_sede": "SEDE PUERTO PLATANARES", "nombre_establecimiento": "IE NUESTRA SEÑORA DEL CARMEN- PUERTO MELUK", "sector": "OFICIAL", "zona": "RURAL", "nom_mun": "MEDIO BAUDÓ", "nom_dep": "CHOCÓ", "estado_fisico": "Afectación parcial", "total_matricula": 35.0, "confianza_geo": "3 - BAJA"}}, {"type": "Feature", "geometry": null, "properties": {"cod_dane": "227025000361", "nombre_sede": "IE HERMANO ANSELMO MOLANO - SEDE PRINCIPAL", "nombre_establecimiento": "IE HERMANO ANSELMO MOLANO", "sector": "OFICIAL", "zona": "RURAL", "nom_mun": "ALTO BAUDÓ", "nom_dep": "CHOCÓ", "estado_fisico": "Afectación parcial", "total_matricula": 74.0, "confianza_geo": "3 - BAJA"}}, {"type": "Feature", "geometry": null, "properties": {"cod_dane": "227025000620", "nombre_sede": "SEDE DE PUERTO PALACIOS", "nombre_establecimiento": "IE HERMANO ANSELMO MOLANO", "sector": "OFICIAL", "zona": "RURAL", "nom_mun": "ALTO BAUDÓ", "nom_dep": "CHOCÓ", "estado_fisico": "Afectación menor", "total_matricula": 9.0, "confianza_geo": "3 - BAJA"}}, {"type": "Feature", "geometry": null, "properties": {"cod_dane": "227025000638", "nombre_sede": "SEDE DE SANTA RITA", "nombre_establecimiento": "IE HERMANO ANSELMO MOLANO", "sector": "OFICIAL", "zona": "RURAL", "nom_mun": "ALTO BAUDÓ", "nom_dep": "CHOCÓ", "estado_fisico": "Afectación menor", "total_matricula": 24.0, "confianza_geo": "3 - BAJA"}}, {"type": "Feature", "geometry": null, "properties": {"cod_dane": "227025000808", "nombre_sede": "SEDE DE  PUERTO CORDOBA", "nombre_establecimiento": "IE MISAEL SOTO CORDOBA", "sector": "OFICIAL", "zona": "RURAL", "nom_mun": "ALTO BAUDÓ", "nom_dep": "CHOCÓ", "estado_fisico": "Afectación parcial", "total_matricula": 21.0, "confianza_geo": "3 - BAJA"}}, {"type": "Feature", "geometry": null, "properties": {"cod_dane": "227025000824", "nombre_sede": "SEDE DE PUERTO MARTINEZ", "nombre_establecimiento": "IE HERMANO ANSELMO MOLANO", "sector": "OFICIAL", "zona": "RURAL", "nom_mun": "ALTO BAUDÓ", "nom_dep": "CHOCÓ", "estado_fisico": "Afectación menor", "total_matricula": 17.0, "confianza_geo": "3 - BAJA"}}, {"type": "Feature", "geometry": null, "properties": {"cod_dane": "227025001014", "nombre_sede": "SEDE BELLAVISTA DE DUBAZA", "nombre_establecimiento": "IE MISAEL SOTO CORDOBA", "sector": "OFICIAL", "zona": "RURAL", "nom_mun": "ALTO BAUDÓ", "nom_dep": "CHOCÓ", "estado_fisico": "Afectación parcial", "total_matricula": 12.0, "confianza_geo": "3 - BAJA"}}, {"type": "Feature", "geometry": null, "properties": {"cod_dane": "227025001073", "nombre_sede": "SEDE PUERTO ARACELIS", "nombre_establecimiento": "IE MISAEL SOTO CORDOBA", "sector": "OFICIAL", "zona": "RURAL", "nom_mun": "ALTO BAUDÓ", "nom_dep": "CHOCÓ", "estado_fisico": "Afectación parcial", "total_matricula": 9.0, "confianza_geo": "3 - BAJA"}}, {"type": "Feature", "geometry": {"type": "Point", "coordinates": [-77.08421539885899, 5.636740988026961]}, "properties": {"cod_dane": "227025001227", "nombre_sede": "SEDE DE BELLA CECILIA", "nombre_establecimiento": "IE HERMANO ANSELMO MOLANO", "sector": "OFICIAL", "zona": "RURAL", "nom_mun": "ALTO BAUDÓ", "nom_dep": "CHOCÓ", "estado_fisico": "Afectación menor", "total_matricula": 21.0, "confianza_geo": "2 - MEDIA"}}, {"type": "Feature", "geometry": {"type": "Point", "coordinates": [-76.96000799994377, 5.319978000031948]}, "properties": {"cod_dane": "227025001341", "nombre_sede": "IE MISAEL SOTO CORDOBA - SEDE PRINCIPAL", "nombre_establecimiento": "IE MISAEL SOTO CORDOBA", "sector": "OFICIAL", "zona": "RURAL", "nom_mun": "ALTO BAUDÓ", "nom_dep": "CHOCÓ", "estado_fisico": "Afectación parcial", "total_matricula": 139.0, "confianza_geo": "2 - MEDIA"}}, {"type": "Feature", "geometry": null, "properties": {"cod_dane": "227025001456", "nombre_sede": "SEDE DE PUERTO VALENCIA", "nombre_establecimiento": "IE HERMANO ANSELMO MOLANO", "sector": "OFICIAL", "zona": "RURAL", "nom_mun": "ALTO BAUDÓ", "nom_dep": "CHOCÓ", "estado_fisico": "Afectación menor", "total_matricula": 6.0, "confianza_geo": "3 - BAJA"}}, {"type": "Feature", "geometry": null, "properties": {"cod_dane": "227050000014", "nombre_sede": "SEDE VILLA LENINA", "nombre_establecimiento": "IE DE SAMURINDO", "sector": "OFICIAL", "zona": "RURAL", "nom_mun": "ATRATO", "nom_dep": "CHOCÓ", "estado_fisico": "Afectación menor", "total_matricula": 45.0, "confianza_geo": "3 - BAJA"}}, {"type": "Feature", "geometry": null, "properties": {"cod_dane": "227050000049", "nombre_sede": "SEDE LA VARIANTE DE MOTOLDO", "nombre_establecimiento": "IE DE SAMURINDO", "sector": "OFICIAL", "zona": "RURAL", "nom_mun": "ATRATO", "nom_dep": "CHOCÓ", "estado_fisico": "Afectación parcial", "total_matricula": 34.0, "confianza_geo": "3 - BAJA"}}, {"type": "Feature", "geometry": null, "properties": {"cod_dane": "227073000241", "nombre_sede": "IE INDÍGENA LUIS ENRIQUE ARCE DE AGUASAL - SEDE PRINCIPAL", "nombre_establecimiento": "IE INDÍGENA LUIS ENRIQUE ARCE DE AGUASAL", "sector": "OFICIAL", "zona": "RURAL", "nom_mun": "BAGADÓ", "nom_dep": "CHOCÓ", "estado_fisico": "Colapso parcial", "total_matricula": 1068.0, "confianza_geo": "3 - BAJA"}}, {"type": "Feature", "geometry": null, "properties": {"cod_dane": "227073000411", "nombre_sede": "IE SAN ISIDRO - SEDE PRINCIPAL", "nombre_establecimiento": "IE SAN ISIDRO", "sector": "OFICIAL", "zona": "RURAL", "nom_mun": "BAGADÓ", "nom_dep": "CHOCÓ", "estado_fisico": "Reporta afectación sin definir el impacto", "total_matricula": 180.0, "confianza_geo": "3 - BAJA"}}, {"type": "Feature", "geometry": {"type": "Point", "coordinates": [-77.4030689998507, 6.226361000051354]}, "properties": {"cod_dane": "227075000043", "nombre_sede": "IE DEL VALLE - SEDE PRINCIPAL", "nombre_establecimiento": "IE DEL VALLE", "sector": "OFICIAL", "zona": "RURAL", "nom_mun": "BAHÍA SOLANO", "nom_dep": "CHOCÓ", "estado_fisico": "Afectación menor", "total_matricula": 228.0, "confianza_geo": "2 - MEDIA"}}, {"type": "Feature", "geometry": null, "properties": {"cod_dane": "227075000060", "nombre_sede": "IE INMACULADO CORAZON DE MARIA - SEDE PRINCIPAL", "nombre_establecimiento": "IE INMACULADO CORAZON DE MARIA", "sector": "OFICIAL", "zona": "RURAL", "nom_mun": "BAHÍA SOLANO", "nom_dep": "CHOCÓ", "estado_fisico": "Reporta afectación sin definir el impacto", "total_matricula": 257.0, "confianza_geo": "3 - BAJA"}}, {"type": "Feature", "geometry": {"type": "Point", "coordinates": [-77.42753123984654, 6.73418324420257]}, "properties": {"cod_dane": "227075000213", "nombre_sede": "IE NORMAL SUPERIOR SANTA TERESITA - SEDE PRINCIPAL", "nombre_establecimiento": "IE NORMAL SUPERIOR SANTA TERESITA", "sector": "OFICIAL", "zona": "RURAL", "nom_mun": "BAHÍA SOLANO", "nom_dep": "CHOCÓ", "estado_fisico": "Afectación parcial", "total_matricula": 366.0, "confianza_geo": "2 - MEDIA"}}, {"type": "Feature", "geometry": null, "properties": {"cod_dane": "227075000604", "nombre_sede": "SEDE SANTA TERESITA", "nombre_establecimiento": "IE NORMAL SUPERIOR SANTA TERESITA", "sector": "OFICIAL", "zona": "RURAL", "nom_mun": "BAHÍA SOLANO", "nom_dep": "CHOCÓ", "estado_fisico": "Afectación menor", "total_matricula": 265.0, "confianza_geo": "3 - BAJA"}}, {"type": "Feature", "geometry": null, "properties": {"cod_dane": "227077000016", "nombre_sede": "SEDE SAN FRANCISCO", "nombre_establecimiento": "IE NUESTRA SEÑORA DEL CARMEN", "sector": "OFICIAL", "zona": "RURAL", "nom_mun": "BAJO BAUDÓ", "nom_dep": "CHOCÓ", "estado_fisico": "Colapso parcial", "total_matricula": 7.0, "confianza_geo": "3 - BAJA"}}, {"type": "Feature", "geometry": {"type": "Point", "coordinates": [-77.3334335699295, 5.167238302340593]}, "properties": {"cod_dane": "227077000075", "nombre_sede": "SEDE JESUS DE PUERTO GRANADO", "nombre_establecimiento": "IE NUESTRA SEÑORA DEL CARMEN", "sector": "OFICIAL", "zona": "RURAL", "nom_mun": "BAJO BAUDÓ", "nom_dep": "CHOCÓ", "estado_fisico": "Colapso parcial", "total_matricula": 14.0, "confianza_geo": "2 - MEDIA"}}, {"type": "Feature", "geometry": null, "properties": {"cod_dane": "227077000113", "nombre_sede": "SEDE SIMON BOLIVAR", "nombre_establecimiento": "CE SAN LORENZO DE ORPUA", "sector": "OFICIAL", "zona": "RURAL", "nom_mun": "MEDIO BAUDÓ", "nom_dep": "CHOCÓ", "estado_fisico": "Afectación parcial", "total_matricula": 4.0, "confianza_geo": "3 - BAJA"}}, {"type": "Feature", "geometry": null, "properties": {"cod_dane": "227077000130", "nombre_sede": "CE SAN LORENZO DE ORPUA - SEDE PRINCIPAL", "nombre_establecimiento": "CE SAN LORENZO DE ORPUA", "sector": "OFICIAL", "zona": "RURAL", "nom_mun": "BAJO BAUDÓ", "nom_dep": "CHOCÓ", "estado_fisico": "Afectación menor", "total_matricula": 104.0, "confianza_geo": "3 - BAJA"}}, {"type": "Feature", "geometry": null, "properties": {"cod_dane": "227077000181", "nombre_sede": "SEDE LA CANDELARIA", "nombre_establecimiento": "IE FRANCISCO EUGENIO MOSQUERA", "sector": "OFICIAL", "zona": "RURAL", "nom_mun": "MEDIO BAUDÓ", "nom_dep": "CHOCÓ", "estado_fisico": "Afectación menor", "total_matricula": 19.0, "confianza_geo": "3 - BAJA"}}, {"type": "Feature", "geometry": null, "properties": {"cod_dane": "227077000334", "nombre_sede": "CE SIVIRU - SEDE PRINCIPAL", "nombre_establecimiento": "CE SIVIRU", "sector": "OFICIAL", "zona": "RURAL", "nom_mun": "BAJO BAUDÓ", "nom_dep": "CHOCÓ", "estado_fisico": "Afectación menor", "total_matricula": 133.0, "confianza_geo": "3 - BAJA"}}, {"type": "Feature", "geometry": null, "properties": {"cod_dane": "227077000369", "nombre_sede": "IE NUESTRA SEÑORA DEL CARMEN- PUERTO MELUK - SEDE PRINCIPAL", "nombre_establecimiento": "IE NUESTRA SEÑORA DEL CARMEN- PUERTO MELUK", "sector": "OFICIAL", "zona": "URBANA", "nom_mun": "MEDIO BAUDÓ", "nom_dep": "CHOCÓ", "estado_fisico": "Afectación parcial", "total_matricula": 1016.0, "confianza_geo": "3 - BAJA"}}, {"type": "Feature", "geometry": null, "properties": {"cod_dane": "227077000393", "nombre_sede": "SEDE NUESTRA SEÑORA DE LAS PEÑAS", "nombre_establecimiento": "IE FRANCISCO PIZARRO", "sector": "OFICIAL", "zona": "RURAL", "nom_mun": "BAJO BAUDÓ", "nom_dep": "CHOCÓ", "estado_fisico": "Colapso parcial", "total_matricula": 22.0, "confianza_geo": "3 - BAJA"}}, {"type": "Feature", "geometry": null, "properties": {"cod_dane": "227077000482", "nombre_sede": "SEDE POLICARPA SALAVARRIETA DE DOTENEDO", "nombre_establecimiento": "CE SIVIRU", "sector": "OFICIAL", "zona": "RURAL", "nom_mun": "BAJO BAUDÓ", "nom_dep": "CHOCÓ", "estado_fisico": "Afectación menor", "total_matricula": 27.0, "confianza_geo": "3 - BAJA"}}, {"type": "Feature", "geometry": null, "properties": {"cod_dane": "227077000849", "nombre_sede": "IE NUESTRA SEÑORA DEL CARMEN - SEDE PRINCIPAL", "nombre_establecimiento": "IE NUESTRA SEÑORA DEL CARMEN", "sector": "OFICIAL", "zona": "RURAL", "nom_mun": "BAJO BAUDÓ", "nom_dep": "CHOCÓ", "estado_fisico": "Colapso parcial", "total_matricula": 143.0, "confianza_geo": "3 - BAJA"}}, {"type": "Feature", "geometry": null, "properties": {"cod_dane": "227077000920", "nombre_sede": "SEDE SANTA TERESITA DE POMEÑO", "nombre_establecimiento": "CE SIVIRU", "sector": "OFICIAL", "zona": "RURAL", "nom_mun": "BAJO BAUDÓ", "nom_dep": "CHOCÓ", "estado_fisico": "Afectación menor", "total_matricula": 18.0, "confianza_geo": "3 - BAJA"}}, {"type": "Feature", "geometry": {"type": "Point", "coordinates": [-77.36611093104639, 4.9518946479781]}, "properties": {"cod_dane": "227077001144", "nombre_sede": "SEDE SABIO SALOMON", "nombre_establecimiento": "IE NUESTRA SEÑORA DEL CARMEN", "sector": "OFICIAL", "zona": "RURAL", "nom_mun": "BAJO BAUDÓ", "nom_dep": "CHOCÓ", "estado_fisico": "Colapso parcial", "total_matricula": 23.0, "confianza_geo": "2 - MEDIA"}}, {"type": "Feature", "geometry": null, "properties": {"cod_dane": "227077001225", "nombre_sede": "SEDE DE BELLAVISTA", "nombre_establecimiento": "IE HERNANDO PALACIOS", "sector": "OFICIAL", "zona": "RURAL", "nom_mun": "BAJO BAUDÓ", "nom_dep": "CHOCÓ", "estado_fisico": "Afectación menor", "total_matricula": 43.0, "confianza_geo": "3 - BAJA"}}, {"type": "Feature", "geometry": null, "properties": {"cod_dane": "227077001373", "nombre_sede": "SEDE FRANCISCO JOSE DE CALDAS", "nombre_establecimiento": "IE NUESTRA SEÑORA DEL CARMEN", "sector": "OFICIAL", "zona": "RURAL", "nom_mun": "BAJO BAUDÓ", "nom_dep": "CHOCÓ", "estado_fisico": "Colapso parcial", "total_matricula": 15.0, "confianza_geo": "3 - BAJA"}}, {"type": "Feature", "geometry": null, "properties": {"cod_dane": "227077001471", "nombre_sede": "SEDE ANTONIA SANTO", "nombre_establecimiento": "IE NUESTRA SEÑORA DEL CARMEN- PUERTO MELUK", "sector": "OFICIAL", "zona": "RURAL", "nom_mun": "MEDIO BAUDÓ", "nom_dep": "CHOCÓ", "estado_fisico": "Colapso total", "total_matricula": 10.0, "confianza_geo": "3 - BAJA"}}, {"type": "Feature", "geometry": null, "properties": {"cod_dane": "227077001501", "nombre_sede": "SEDE SAN ANTONIO", "nombre_establecimiento": "IE HERNANDO PALACIOS", "sector": "OFICIAL", "zona": "RURAL", "nom_mun": "BAJO BAUDÓ", "nom_dep": "CHOCÓ", "estado_fisico": "Afectación menor", "total_matricula": 7.0, "confianza_geo": "3 - BAJA"}}, {"type": "Feature", "geometry": null, "properties": {"cod_dane": "227077001519", "nombre_sede": "SEDE SANTA ELENA", "nombre_establecimiento": "IE HERNANDO PALACIOS", "sector": "OFICIAL", "zona": "RURAL", "nom_mun": "BAJO BAUDÓ", "nom_dep": "CHOCÓ", "estado_fisico": "Afectación menor", "total_matricula": 45.0, "confianza_geo": "3 - BAJA"}}, {"type": "Feature", "geometry": null, "properties": {"cod_dane": "227077001527", "nombre_sede": "SEDE NUESTRA SEÑORA DEL CARMEN", "nombre_establecimiento": "IE NUESTRA SEÑORA DEL CARMEN- PUERTO MELUK", "sector": "OFICIAL", "zona": "RURAL", "nom_mun": "MEDIO BAUDÓ", "nom_dep": "CHOCÓ", "estado_fisico": "Colapso total", "total_matricula": 10.0, "confianza_geo": "3 - BAJA"}}, {"type": "Feature", "geometry": null, "properties": {"cod_dane": "227077001535", "nombre_sede": "SEDE CAMILO CAICEDO", "nombre_establecimiento": "IE FRANCISCO EUGENIO MOSQUERA", "sector": "OFICIAL", "zona": "RURAL", "nom_mun": "MEDIO BAUDÓ", "nom_dep": "CHOCÓ", "estado_fisico": "Afectación parcial", "total_matricula": 15.0, "confianza_geo": "3 - BAJA"}}, {"type": "Feature", "geometry": {"type": "Point", "coordinates": [-76.93243773010038, 5.055821269781931]}, "properties": {"cod_dane": "227077001551", "nombre_sede": "SEDE SANTA ISABEL", "nombre_establecimiento": "IE FRANCISCO EUGENIO MOSQUERA", "sector": "OFICIAL", "zona": "RURAL", "nom_mun": "MEDIO BAUDÓ", "nom_dep": "CHOCÓ", "estado_fisico": "Afectación parcial", "total_matricula": 31.0, "confianza_geo": "2 - MEDIA"}}, {"type": "Feature", "geometry": null, "properties": {"cod_dane": "227077001608", "nombre_sede": "SEDE FRANCISCO DE PAULA SANTANDER", "nombre_establecimiento": "IE NUESTRA SEÑORA DEL CARMEN- PUERTO MELUK", "sector": "OFICIAL", "zona": "RURAL", "nom_mun": "MEDIO BAUDÓ", "nom_dep": "CHOCÓ", "estado_fisico": "Afectación parcial", "total_matricula": 17.0, "confianza_geo": "3 - BAJA"}}, {"type": "Feature", "geometry": null, "properties": {"cod_dane": "227077001624", "nombre_sede": "SEDE RAMON LOZANO", "nombre_establecimiento": "IE FRANCISCO EUGENIO MOSQUERA", "sector": "OFICIAL", "zona": "RURAL", "nom_mun": "MEDIO BAUDÓ", "nom_dep": "CHOCÓ", "estado_fisico": "Colapso total", "total_matricula": 11.0, "confianza_geo": "3 - BAJA"}}, {"type": "Feature", "geometry": null, "properties": {"cod_dane": "227077001641", "nombre_sede": "SEDE SAGRADO CORAZON DE JESUS", "nombre_establecimiento": "IE FRANCISCO EUGENIO MOSQUERA", "sector": "OFICIAL", "zona": "RURAL", "nom_mun": "MEDIO BAUDÓ", "nom_dep": "CHOCÓ", "estado_fisico": "Afectación parcial", "total_matricula": 16.0, "confianza_geo": "3 - BAJA"}}, {"type": "Feature", "geometry": null, "properties": {"cod_dane": "227077001691", "nombre_sede": "SEDE CESAR CONTO", "nombre_establecimiento": "CE SAN LORENZO DE ORPUA", "sector": "OFICIAL", "zona": "RURAL", "nom_mun": "BAJO BAUDÓ", "nom_dep": "CHOCÓ", "estado_fisico": "Afectación menor", "total_matricula": 5.0, "confianza_geo": "3 - BAJA"}}, {"type": "Feature", "geometry": null, "properties": {"cod_dane": "227077001705", "nombre_sede": "SEDE SANTA PAULINA", "nombre_establecimiento": "IE HERNANDO PALACIOS", "sector": "OFICIAL", "zona": "RURAL", "nom_mun": "BAJO BAUDÓ", "nom_dep": "CHOCÓ", "estado_fisico": "Afectación menor", "total_matricula": 23.0, "confianza_geo": "3 - BAJA"}}, {"type": "Feature", "geometry": null, "properties": {"cod_dane": "227077001730", "nombre_sede": "SEDE MARIA AUXILIADORA", "nombre_establecimiento": "IE NUESTRA SEÑORA DEL CARMEN- PUERTO MELUK", "sector": "OFICIAL", "zona": "RURAL", "nom_mun": "MEDIO BAUDÓ", "nom_dep": "CHOCÓ", "estado_fisico": "Afectación parcial", "total_matricula": 29.0, "confianza_geo": "3 - BAJA"}}, {"type": "Feature", "geometry": null, "properties": {"cod_dane": "227077001853", "nombre_sede": "SEDE FRANCISCO MIRANDA", "nombre_establecimiento": "IE HERNANDO PALACIOS", "sector": "OFICIAL", "zona": "RURAL", "nom_mun": "BAJO BAUDÓ", "nom_dep": "CHOCÓ", "estado_fisico": "Afectación menor", "total_matricula": 15.0, "confianza_geo": "3 - BAJA"}}, {"type": "Feature", "geometry": null, "properties": {"cod_dane": "227077001900", "nombre_sede": "SEDE NUESTRA SEÑORA LA POBREZA", "nombre_establecimiento": "IE FRANCISCO EUGENIO MOSQUERA", "sector": "OFICIAL", "zona": "RURAL", "nom_mun": "MEDIO BAUDÓ", "nom_dep": "CHOCÓ", "estado_fisico": "Riesgo inminente de colapso", "total_matricula": 155.0, "confianza_geo": "3 - BAJA"}}, {"type": "Feature", "geometry": null, "properties": {"cod_dane": "227077001951", "nombre_sede": "SEDE EL RETOÑO", "nombre_establecimiento": "IE FRANCISCO EUGENIO MOSQUERA", "sector": "OFICIAL", "zona": "RURAL", "nom_mun": "MEDIO BAUDÓ", "nom_dep": "CHOCÓ", "estado_fisico": "Afectación parcial", "total_matricula": 6.0, "confianza_geo": "3 - BAJA"}}, {"type": "Feature", "geometry": null, "properties": {"cod_dane": "227077001969", "nombre_sede": "SEDE SAN LUIS LA LOMA", "nombre_establecimiento": "IE FRANCISCO EUGENIO MOSQUERA", "sector": "OFICIAL", "zona": "RURAL", "nom_mun": "MEDIO BAUDÓ", "nom_dep": "CHOCÓ", "estado_fisico": "Afectación parcial", "total_matricula": 3.0, "confianza_geo": "3 - BAJA"}}, {"type": "Feature", "geometry": null, "properties": {"cod_dane": "227077001985", "nombre_sede": "SEDE SIMON BOLIVAR DE BAUDOCITO", "nombre_establecimiento": "IE NUESTRA SEÑORA DEL CARMEN- PUERTO MELUK", "sector": "OFICIAL", "zona": "RURAL", "nom_mun": "MEDIO BAUDÓ", "nom_dep": "CHOCÓ", "estado_fisico": "Afectación parcial", "total_matricula": 9.0, "confianza_geo": "3 - BAJA"}}, {"type": "Feature", "geometry": null, "properties": {"cod_dane": "227077001993", "nombre_sede": "SEDE MEDARDO MARTINEZ", "nombre_establecimiento": "IE FRANCISCO EUGENIO MOSQUERA", "sector": "OFICIAL", "zona": "RURAL", "nom_mun": "MEDIO BAUDÓ", "nom_dep": "CHOCÓ", "estado_fisico": "Riesgo inminente de colapso", "total_matricula": 62.0, "confianza_geo": "3 - BAJA"}}, {"type": "Feature", "geometry": null, "properties": {"cod_dane": "227077002001", "nombre_sede": "SEDE SANTA CECILIA SIERPE", "nombre_establecimiento": "IE FRANCISCO EUGENIO MOSQUERA", "sector": "OFICIAL", "zona": "RURAL", "nom_mun": "MEDIO BAUDÓ", "nom_dep": "CHOCÓ", "estado_fisico": "Afectación parcial", "total_matricula": 13.0, "confianza_geo": "3 - BAJA"}}, {"type": "Feature", "geometry": null, "properties": {"cod_dane": "227077002043", "nombre_sede": "SEDE LAS MERCEDES", "nombre_establecimiento": "IE FRANCISCO EUGENIO MOSQUERA", "sector": "OFICIAL", "zona": "RURAL", "nom_mun": "MEDIO BAUDÓ", "nom_dep": "CHOCÓ", "estado_fisico": "Riesgo inminente de colapso", "total_matricula": 8.0, "confianza_geo": "3 - BAJA"}}, {"type": "Feature", "geometry": null, "properties": {"cod_dane": "227077002078", "nombre_sede": "IE FRANCISCO EUGENIO MOSQUERA - SEDE PRINCIPAL", "nombre_establecimiento": "IE FRANCISCO EUGENIO MOSQUERA", "sector": "OFICIAL", "zona": "RURAL", "nom_mun": "MEDIO BAUDÓ", "nom_dep": "CHOCÓ", "estado_fisico": "Riesgo inminente de colapso", "total_matricula": 168.0, "confianza_geo": "3 - BAJA"}}, {"type": "Feature", "geometry": null, "properties": {"cod_dane": "227077002116", "nombre_sede": "SEDE MARIA ALEJANDRA", "nombre_establecimiento": "IE FRANCISCO PIZARRO", "sector": "OFICIAL", "zona": "RURAL", "nom_mun": "BAJO BAUDÓ", "nom_dep": "CHOCÓ", "estado_fisico": "Afectación parcial", "total_matricula": 17.0, "confianza_geo": "3 - BAJA"}}, {"type": "Feature", "geometry": null, "properties": {"cod_dane": "227077004992", "nombre_sede": "IE HERNANDO PALACIOS - SEDE PRINCIPAL", "nombre_establecimiento": "IE HERNANDO PALACIOS", "sector": "OFICIAL", "zona": "RURAL", "nom_mun": "BAJO BAUDÓ", "nom_dep": "CHOCÓ", "estado_fisico": "Afectación parcial", "total_matricula": 161.0, "confianza_geo": "3 - BAJA"}}, {"type": "Feature", "geometry": {"type": "Point", "coordinates": [-76.94877406964918, 6.572896375005246]}, "properties": {"cod_dane": "227099000117", "nombre_sede": "SEDE CORAZON DE JESUS", "nombre_establecimiento": "IE LA LOMA DE BOJAYA", "sector": "OFICIAL", "zona": "RURAL", "nom_mun": "BOJAYÁ", "nom_dep": "CHOCÓ", "estado_fisico": "Afectación menor", "total_matricula": 26.0, "confianza_geo": "2 - MEDIA"}}, {"type": "Feature", "geometry": {"type": "Point", "coordinates": [-76.96053356019905, 6.492238357004691]}, "properties": {"cod_dane": "227099000125", "nombre_sede": "SEDE PIEDRA CANELA", "nombre_establecimiento": "IE LA LOMA DE BOJAYA", "sector": "OFICIAL", "zona": "RURAL", "nom_mun": "BOJAYÁ", "nom_dep": "CHOCÓ", "estado_fisico": "Afectación menor", "total_matricula": 64.0, "confianza_geo": "2 - MEDIA"}}, {"type": "Feature", "geometry": null, "properties": {"cod_dane": "227099000206", "nombre_sede": "SEDE POGUE", "nombre_establecimiento": "IE LA LOMA DE BOJAYA", "sector": "OFICIAL", "zona": "RURAL", "nom_mun": "BOJAYÁ", "nom_dep": "CHOCÓ", "estado_fisico": "Afectación menor", "total_matricula": 71.0, "confianza_geo": "3 - BAJA"}}, {"type": "Feature", "geometry": null, "properties": {"cod_dane": "227099000371", "nombre_sede": "SEDE PLAYA DE CUIA", "nombre_establecimiento": "IE LA LOMA DE BOJAYA", "sector": "OFICIAL", "zona": "RURAL", "nom_mun": "BOJAYÁ", "nom_dep": "CHOCÓ", "estado_fisico": "Afectación menor", "total_matricula": 34.0, "confianza_geo": "3 - BAJA"}}, {"type": "Feature", "geometry": null, "properties": {"cod_dane": "227135002580", "nombre_sede": "IE PUERTO PERVEL - SEDE PRINCIPAL", "nombre_establecimiento": "IE PUERTO PERVEL", "sector": "OFICIAL", "zona": "RURAL", "nom_mun": "EL CANTÓN DEL SAN PABLO", "nom_dep": "CHOCÓ", "estado_fisico": "Reporta afectación sin definir el impacto", "total_matricula": 207.0, "confianza_geo": "3 - BAJA"}}, {"type": "Feature", "geometry": {"type": "Point", "coordinates": [-76.66649674987278, 7.170599575418931]}, "properties": {"cod_dane": "227150000127", "nombre_sede": "SEDE EL OVO", "nombre_establecimiento": "CE PUEBLO NUEVO", "sector": "OFICIAL", "zona": "RURAL", "nom_mun": "CARMEN DEL DARIÉN", "nom_dep": "CHOCÓ", "estado_fisico": "Afectación parcial", "total_matricula": 15.0, "confianza_geo": "2 - MEDIA"}}, {"type": "Feature", "geometry": null, "properties": {"cod_dane": "227150000313", "nombre_sede": "SEDE BUENA VISTA CAÑO CLARO", "nombre_establecimiento": "IE PRIMITIVO PALACIOS", "sector": "OFICIAL", "zona": "RURAL", "nom_mun": "CARMEN DEL DARIÉN", "nom_dep": "CHOCÓ", "estado_fisico": "Afectación parcial", "total_matricula": 120.0, "confianza_geo": "3 - BAJA"}}, {"type": "Feature", "geometry": null, "properties": {"cod_dane": "227150800034", "nombre_sede": "SEDE JIGUA", "nombre_establecimiento": "CE PUEBLO NUEVO", "sector": "OFICIAL", "zona": "RURAL", "nom_mun": "CARMEN DEL DARIÉN", "nom_dep": "CHOCÓ", "estado_fisico": "Afectación menor", "total_matricula": 31.0, "confianza_geo": "3 - BAJA"}}, {"type": "Feature", "geometry": {"type": "Point", "coordinates": [-76.96989499989459, 7.159571999731968]}, "properties": {"cod_dane": "227150800043", "nombre_sede": "SEDE MANANTIAL", "nombre_establecimiento": "IE PRIMITIVO PALACIOS", "sector": "OFICIAL", "zona": "RURAL", "nom_mun": "CARMEN DEL DARIÉN", "nom_dep": "CHOCÓ", "estado_fisico": "Afectación parcial", "total_matricula": 21.0, "confianza_geo": "2 - MEDIA"}}, {"type": "Feature", "geometry": null, "properties": {"cod_dane": "227205000156", "nombre_sede": "IE SANTA BARBARA - SEDE PRINCIPAL", "nombre_establecimiento": "IE SANTA BARBARA", "sector": "OFICIAL", "zona": "RURAL", "nom_mun": "RÍO IRÓ", "nom_dep": "CHOCÓ", "estado_fisico": "Reporta afectación sin definir el impacto", "total_matricula": 139.0, "confianza_geo": "3 - BAJA"}}, {"type": "Feature", "geometry": {"type": "Point", "coordinates": [-76.64634109982433, 5.026747567677783]}, "properties": {"cod_dane": "227205000296", "nombre_sede": "IE MANUEL MOSQUERA MORENO - SEDE PRINCIPAL", "nombre_establecimiento": "IE MANUEL MOSQUERA MORENO", "sector": "OFICIAL", "zona": "RURAL", "nom_mun": "CONDOTO", "nom_dep": "CHOCÓ", "estado_fisico": "Reporta afectación sin definir el impacto", "total_matricula": 126.0, "confianza_geo": "2 - MEDIA"}}, {"type": "Feature", "geometry": {"type": "Point", "coordinates": [-76.47308161972289, 5.180809532401242]}, "properties": {"cod_dane": "227205000342", "nombre_sede": "SEDE SANTA RITA", "nombre_establecimiento": "IE JESUS ANTONIO RIVAS", "sector": "OFICIAL", "zona": "URBANA", "nom_mun": "RÍO IRÓ", "nom_dep": "CHOCÓ", "estado_fisico": "Afectación parcial", "total_matricula": 252.0, "confianza_geo": "2 - MEDIA"}}, {"type": "Feature", "geometry": null, "properties": {"cod_dane": "227205000954", "nombre_sede": "IE JESUS ANTONIO RIVAS - SEDE PRINCIPAL", "nombre_establecimiento": "IE JESUS ANTONIO RIVAS", "sector": "OFICIAL", "zona": "URBANA", "nom_mun": "RÍO IRÓ", "nom_dep": "CHOCÓ", "estado_fisico": "Afectación parcial", "total_matricula": 341.0, "confianza_geo": "3 - BAJA"}}, {"type": "Feature", "geometry": null, "properties": {"cod_dane": "227205001021", "nombre_sede": "SEDE EL TIGRE", "nombre_establecimiento": "IE FRANCISCO EUTIMIO MUNERA", "sector": "OFICIAL", "zona": "RURAL", "nom_mun": "MEDIO SAN JUAN", "nom_dep": "CHOCÓ", "estado_fisico": "Afectación parcial", "total_matricula": 11.0, "confianza_geo": "3 - BAJA"}}, {"type": "Feature", "geometry": null, "properties": {"cod_dane": "227245000388", "nombre_sede": "SEDE CLARA", "nombre_establecimiento": "IE CORAZON DE MARIA", "sector": "OFICIAL", "zona": "RURAL", "nom_mun": "EL CARMEN DE ATRATO", "nom_dep": "CHOCÓ", "estado_fisico": "Afectación menor", "total_matricula": 8.0, "confianza_geo": "3 - BAJA"}}, {"type": "Feature", "geometry": null, "properties": {"cod_dane": "227245000396", "nombre_sede": "SEDE EL LAMENTO", "nombre_establecimiento": "IE CORAZON DE MARIA", "sector": "OFICIAL", "zona": "RURAL", "nom_mun": "EL CARMEN DE ATRATO", "nom_dep": "CHOCÓ", "estado_fisico": "Afectación parcial", "total_matricula": 1.0, "confianza_geo": "3 - BAJA"}}, {"type": "Feature", "geometry": null, "properties": {"cod_dane": "227245000469", "nombre_sede": "SEDE EL QUINCE", "nombre_establecimiento": "IE CORAZON DE MARIA", "sector": "OFICIAL", "zona": "RURAL", "nom_mun": "EL CARMEN DE ATRATO", "nom_dep": "CHOCÓ", "estado_fisico": "Afectación menor", "total_matricula": 19.0, "confianza_geo": "3 - BAJA"}}, {"type": "Feature", "geometry": {"type": "Point", "coordinates": [-77.03330704974947, 4.3497277426359044]}, "properties": {"cod_dane": "227250002470", "nombre_sede": "SEDE LA MILAGROSA", "nombre_establecimiento": "IE MARIA AUXILIADORA DE ISLA MONO", "sector": "OFICIAL", "zona": "RURAL", "nom_mun": "EL LITORAL DEL SAN JUAN", "nom_dep": "CHOCÓ", "estado_fisico": "Afectación parcial", "total_matricula": 7.0, "confianza_geo": "2 - MEDIA"}}, {"type": "Feature", "geometry": null, "properties": {"cod_dane": "227250060038", "nombre_sede": "SEDE NUESTRA SEÑORA DEL ROSARIO", "nombre_establecimiento": "IE MARIA AUXILIADORA DE ISLA MONO", "sector": "OFICIAL", "zona": "RURAL", "nom_mun": "EL LITORAL DEL SAN JUAN", "nom_dep": "CHOCÓ", "estado_fisico": "Riesgo inminente de colapso", "total_matricula": 13.0, "confianza_geo": "3 - BAJA"}}, {"type": "Feature", "geometry": null, "properties": {"cod_dane": "227361000166", "nombre_sede": "IE MIGUEL ANGEL GUERRERO - SEDE PRINCIPAL", "nombre_establecimiento": "IE MIGUEL ANGEL GUERRERO", "sector": "OFICIAL", "zona": "RURAL", "nom_mun": "ISTMINA", "nom_dep": "CHOCÓ", "estado_fisico": "Reporta afectación sin definir el impacto", "total_matricula": 158.0, "confianza_geo": "3 - BAJA"}}, {"type": "Feature", "geometry": null, "properties": {"cod_dane": "227361000409", "nombre_sede": "SEDE MANAGRU", "nombre_establecimiento": "IE JOSE MANUEL PALACIOS PALACIOS", "sector": "OFICIAL", "zona": "URBANA", "nom_mun": "EL CANTÓN DEL SAN PABLO", "nom_dep": "CHOCÓ", "estado_fisico": "Reporta afectación sin definir el impacto", "total_matricula": 397.0, "confianza_geo": "3 - BAJA"}}, {"type": "Feature", "geometry": null, "properties": {"cod_dane": "227361000662", "nombre_sede": "IE DE TARIDO - SEDE PRINCIPAL", "nombre_establecimiento": "IE DE TARIDO", "sector": "OFICIAL", "zona": "RURAL", "nom_mun": "EL CANTÓN DEL SAN PABLO", "nom_dep": "CHOCÓ", "estado_fisico": "Afectación parcial", "total_matricula": 129.0, "confianza_geo": "3 - BAJA"}}, {"type": "Feature", "geometry": null, "properties": {"cod_dane": "227361000727", "nombre_sede": "IE DE PRIMAVERA - SEDE PRINCIPAL", "nombre_establecimiento": "IE DE PRIMAVERA", "sector": "OFICIAL", "zona": "RURAL", "nom_mun": "ISTMINA", "nom_dep": "CHOCÓ", "estado_fisico": "Colapso total", "total_matricula": 96.0, "confianza_geo": "3 - BAJA"}}, {"type": "Feature", "geometry": null, "properties": {"cod_dane": "227361000760", "nombre_sede": "SEDE CHIQUICHOQUI", "nombre_establecimiento": "IE FRANCISCO EUTIMIO MUNERA", "sector": "OFICIAL", "zona": "RURAL", "nom_mun": "MEDIO SAN JUAN", "nom_dep": "CHOCÓ", "estado_fisico": "Afectación parcial", "total_matricula": 28.0, "confianza_geo": "3 - BAJA"}}, {"type": "Feature", "geometry": null, "properties": {"cod_dane": "227361000808", "nombre_sede": "SEDE BOCA DE RASPADURA", "nombre_establecimiento": "IE PUERTO PERVEL", "sector": "OFICIAL", "zona": "RURAL", "nom_mun": "EL CANTÓN DEL SAN PABLO", "nom_dep": "CHOCÓ", "estado_fisico": "Reporta afectación sin definir el impacto", "total_matricula": 18.0, "confianza_geo": "3 - BAJA"}}, {"type": "Feature", "geometry": null, "properties": {"cod_dane": "227361000905", "nombre_sede": "SEDE SAN PABLO ADENTRO", "nombre_establecimiento": "IE SAN RAFAEL EL DOS", "sector": "OFICIAL", "zona": "RURAL", "nom_mun": "UNIÓN PANAMERICANA", "nom_dep": "CHOCÓ", "estado_fisico": "Afectación menor", "total_matricula": 45.0, "confianza_geo": "3 - BAJA"}}, {"type": "Feature", "geometry": null, "properties": {"cod_dane": "227361001642", "nombre_sede": "SEDE SARDINA", "nombre_establecimiento": "IE FRANCISCO EUTIMIO MUNERA", "sector": "OFICIAL", "zona": "RURAL", "nom_mun": "MEDIO SAN JUAN", "nom_dep": "CHOCÓ", "estado_fisico": "Afectación parcial", "total_matricula": 11.0, "confianza_geo": "3 - BAJA"}}, {"type": "Feature", "geometry": null, "properties": {"cod_dane": "227361001863", "nombre_sede": "SEDE BOCA DE SURUCO", "nombre_establecimiento": "IE FRANCISCO EUTIMIO MUNERA", "sector": "OFICIAL", "zona": "RURAL", "nom_mun": "MEDIO SAN JUAN", "nom_dep": "CHOCÓ", "estado_fisico": "Afectación parcial", "total_matricula": 84.0, "confianza_geo": "3 - BAJA"}}, {"type": "Feature", "geometry": null, "properties": {"cod_dane": "227361001898", "nombre_sede": "SEDE LA VICTORIA", "nombre_establecimiento": "IE DE TARIDO", "sector": "OFICIAL", "zona": "RURAL", "nom_mun": "EL CANTÓN DEL SAN PABLO", "nom_dep": "CHOCÓ", "estado_fisico": "Reporta afectación sin definir el impacto", "total_matricula": 56.0, "confianza_geo": "3 - BAJA"}}, {"type": "Feature", "geometry": null, "properties": {"cod_dane": "227361002410", "nombre_sede": "SEDE GUINIGUINI", "nombre_establecimiento": "IE DE PRIMAVERA", "sector": "OFICIAL", "zona": "RURAL", "nom_mun": "ISTMINA", "nom_dep": "CHOCÓ", "estado_fisico": "Afectación parcial", "total_matricula": 18.0, "confianza_geo": "3 - BAJA"}}, {"type": "Feature", "geometry": {"type": "Point", "coordinates": [-76.5089106499455, 5.530215960242444]}, "properties": {"cod_dane": "227413000020", "nombre_sede": "SEDE LA PLAYA", "nombre_establecimiento": "IE ATRATO DE LLORO", "sector": "OFICIAL", "zona": "RURAL", "nom_mun": "LLORÓ", "nom_dep": "CHOCÓ", "estado_fisico": "Afectación parcial", "total_matricula": 45.0, "confianza_geo": "2 - MEDIA"}}, {"type": "Feature", "geometry": null, "properties": {"cod_dane": "227413000143", "nombre_sede": "SEDE LAS HAMACAS", "nombre_establecimiento": "IE ATRATO DE LLORO", "sector": "OFICIAL", "zona": "RURAL", "nom_mun": "LLORÓ", "nom_dep": "CHOCÓ", "estado_fisico": "Afectación parcial", "total_matricula": 4.0, "confianza_geo": "3 - BAJA"}}, {"type": "Feature", "geometry": null, "properties": {"cod_dane": "227413000623", "nombre_sede": "SEDE LLORO", "nombre_establecimiento": "IE ATRATO DE LLORO", "sector": "OFICIAL", "zona": "URBANA", "nom_mun": "LLORÓ", "nom_dep": "CHOCÓ", "estado_fisico": "Reporta afectación sin definir el impacto", "total_matricula": 276.0, "confianza_geo": "3 - BAJA"}}, {"type": "Feature", "geometry": {"type": "Point", "coordinates": [-76.45320680010025, 4.978357103341972]}, "properties": {"cod_dane": "227491000273", "nombre_sede": "CE SAN ONOFRE - SEDE PRINCIPAL", "nombre_establecimiento": "CE SAN ONOFRE", "sector": "OFICIAL", "zona": "RURAL", "nom_mun": "NÓVITA", "nom_dep": "CHOCÓ", "estado_fisico": "Afectación parcial", "total_matricula": 143.0, "confianza_geo": "2 - MEDIA"}}, {"type": "Feature", "geometry": {"type": "Point", "coordinates": [-76.42786553973427, 4.996797925924034]}, "properties": {"cod_dane": "227491000443", "nombre_sede": "SEDE URABARA", "nombre_establecimiento": "CE SAN ONOFRE", "sector": "OFICIAL", "zona": "RURAL", "nom_mun": "NÓVITA", "nom_dep": "CHOCÓ", "estado_fisico": "Afectación parcial", "total_matricula": 43.0, "confianza_geo": "2 - MEDIA"}}, {"type": "Feature", "geometry": null, "properties": {"cod_dane": "227491000451", "nombre_sede": "SEDE SAN JERONIMO", "nombre_establecimiento": "IE FRANCISCO EUTIMIO MUNERA", "sector": "OFICIAL", "zona": "RURAL", "nom_mun": "MEDIO SAN JUAN", "nom_dep": "CHOCÓ", "estado_fisico": "Afectación parcial", "total_matricula": 7.0, "confianza_geo": "3 - BAJA"}}, {"type": "Feature", "geometry": null, "properties": {"cod_dane": "227491000486", "nombre_sede": "SEDE CHITO", "nombre_establecimiento": "CE SAN ONOFRE", "sector": "OFICIAL", "zona": "RURAL", "nom_mun": "NÓVITA", "nom_dep": "CHOCÓ", "estado_fisico": "Riesgo inminente de colapso", "total_matricula": 14.0, "confianza_geo": "3 - BAJA"}}, {"type": "Feature", "geometry": {"type": "Point", "coordinates": [-76.4313395504151, 4.960225610187058]}, "properties": {"cod_dane": "227491000591", "nombre_sede": "SEDE CARMEN DE SURAMA", "nombre_establecimiento": "CE SAN ONOFRE", "sector": "OFICIAL", "zona": "RURAL", "nom_mun": "NÓVITA", "nom_dep": "CHOCÓ", "estado_fisico": "Riesgo inminente de colapso", "total_matricula": 35.0, "confianza_geo": "2 - MEDIA"}}, {"type": "Feature", "geometry": {"type": "Point", "coordinates": [-76.45306402995384, 4.989064676667509]}, "properties": {"cod_dane": "227491000672", "nombre_sede": "SEDE SAN JUAN DE IRABUBU", "nombre_establecimiento": "CE SAN ONOFRE", "sector": "OFICIAL", "zona": "RURAL", "nom_mun": "NÓVITA", "nom_dep": "CHOCÓ", "estado_fisico": "Riesgo inminente de colapso", "total_matricula": 9.0, "confianza_geo": "2 - MEDIA"}}, {"type": "Feature", "geometry": null, "properties": {"cod_dane": "227491000699", "nombre_sede": "SEDE MALTA", "nombre_establecimiento": "CE SAN ONOFRE", "sector": "OFICIAL", "zona": "RURAL", "nom_mun": "NÓVITA", "nom_dep": "CHOCÓ", "estado_fisico": "Afectación parcial", "total_matricula": 8.0, "confianza_geo": "3 - BAJA"}}, {"type": "Feature", "geometry": null, "properties": {"cod_dane": "227491000729", "nombre_sede": "SEDE ANTONIO NARIÑO DE CURUNDO", "nombre_establecimiento": "CE SAN ONOFRE", "sector": "OFICIAL", "zona": "RURAL", "nom_mun": "NÓVITA", "nom_dep": "CHOCÓ", "estado_fisico": "Riesgo inminente de colapso", "total_matricula": 50.0, "confianza_geo": "3 - BAJA"}}, {"type": "Feature", "geometry": null, "properties": {"cod_dane": "227491000745", "nombre_sede": "SEDE REMOLINO", "nombre_establecimiento": "CE SAN ONOFRE", "sector": "OFICIAL", "zona": "RURAL", "nom_mun": "NÓVITA", "nom_dep": "CHOCÓ", "estado_fisico": "Afectación parcial", "total_matricula": 9.0, "confianza_geo": "3 - BAJA"}}, {"type": "Feature", "geometry": null, "properties": {"cod_dane": "227491000753", "nombre_sede": "SEDE FIADO", "nombre_establecimiento": "CE SAN ONOFRE", "sector": "OFICIAL", "zona": "RURAL", "nom_mun": "NÓVITA", "nom_dep": "CHOCÓ", "estado_fisico": "Afectación parcial", "total_matricula": 15.0, "confianza_geo": "3 - BAJA"}}, {"type": "Feature", "geometry": null, "properties": {"cod_dane": "227491000826", "nombre_sede": "SEDE EL CHORRO", "nombre_establecimiento": "CE SAN ONOFRE", "sector": "OFICIAL", "zona": "RURAL", "nom_mun": "NÓVITA", "nom_dep": "CHOCÓ", "estado_fisico": "Afectación parcial", "total_matricula": 3.0, "confianza_geo": "3 - BAJA"}}, {"type": "Feature", "geometry": null, "properties": {"cod_dane": "227491000851", "nombre_sede": "SEDE COCOTEA", "nombre_establecimiento": "CE SAN ONOFRE", "sector": "OFICIAL", "zona": "RURAL", "nom_mun": "NÓVITA", "nom_dep": "CHOCÓ", "estado_fisico": "Riesgo inminente de colapso", "total_matricula": 17.0, "confianza_geo": "3 - BAJA"}}, {"type": "Feature", "geometry": null, "properties": {"cod_dane": "227491000869", "nombre_sede": "SEDE PIEDRA GRANDE", "nombre_establecimiento": "CE SAN ONOFRE", "sector": "OFICIAL", "zona": "RURAL", "nom_mun": "NÓVITA", "nom_dep": "CHOCÓ", "estado_fisico": "Riesgo inminente de colapso", "total_matricula": 9.0, "confianza_geo": "3 - BAJA"}}, {"type": "Feature", "geometry": {"type": "Point", "coordinates": [-76.43395695998034, 5.001080955172811]}, "properties": {"cod_dane": "227491000877", "nombre_sede": "SEDE SIN OLVIDO", "nombre_establecimiento": "CE SAN ONOFRE", "sector": "OFICIAL", "zona": "RURAL", "nom_mun": "NÓVITA", "nom_dep": "CHOCÓ", "estado_fisico": "Riesgo inminente de colapso", "total_matricula": 10.0, "confianza_geo": "2 - MEDIA"}}, {"type": "Feature", "geometry": null, "properties": {"cod_dane": "227491000885", "nombre_sede": "SEDE IPARRA", "nombre_establecimiento": "CE SAN ONOFRE", "sector": "OFICIAL", "zona": "RURAL", "nom_mun": "NÓVITA", "nom_dep": "CHOCÓ", "estado_fisico": "Afectación parcial", "total_matricula": 6.0, "confianza_geo": "3 - BAJA"}}, {"type": "Feature", "geometry": null, "properties": {"cod_dane": "227491000931", "nombre_sede": "SEDE SALSA ADENTRO", "nombre_establecimiento": "CE SAN ONOFRE", "sector": "OFICIAL", "zona": "RURAL", "nom_mun": "NÓVITA", "nom_dep": "CHOCÓ", "estado_fisico": "Colapso total", "total_matricula": 5.0, "confianza_geo": "3 - BAJA"}}, {"type": "Feature", "geometry": {"type": "Point", "coordinates": [-77.01237766008553, 7.381898731655433]}, "properties": {"cod_dane": "227615000013", "nombre_sede": "SEDE LA PUNTA", "nombre_establecimiento": "IE CARACOLI ALTO", "sector": "OFICIAL", "zona": "RURAL", "nom_mun": "RIOSUCIO", "nom_dep": "CHOCÓ", "estado_fisico": "Afectación menor", "total_matricula": 43.0, "confianza_geo": "1 - ALTA"}}, {"type": "Feature", "geometry": null, "properties": {"cod_dane": "227615000048", "nombre_sede": "IE PRIMITIVO PALACIOS - SEDE PRINCIPAL", "nombre_establecimiento": "IE PRIMITIVO PALACIOS", "sector": "OFICIAL", "zona": "RURAL", "nom_mun": "CARMEN DEL DARIÉN", "nom_dep": "CHOCÓ", "estado_fisico": "Afectación menor", "total_matricula": 730.0, "confianza_geo": "3 - BAJA"}}, {"type": "Feature", "geometry": null, "properties": {"cod_dane": "227615000358", "nombre_sede": "SEDE LOS COQUITOS", "nombre_establecimiento": "IE CARACOLI ALTO", "sector": "OFICIAL", "zona": "RURAL", "nom_mun": "RIOSUCIO", "nom_dep": "CHOCÓ", "estado_fisico": "Afectación menor", "total_matricula": 25.0, "confianza_geo": "3 - BAJA"}}, {"type": "Feature", "geometry": null, "properties": {"cod_dane": "227615000544", "nombre_sede": "CE TAMBORAL - SEDE PRINCIPAL", "nombre_establecimiento": "CE TAMBORAL", "sector": "OFICIAL", "zona": "RURAL", "nom_mun": "RIOSUCIO", "nom_dep": "CHOCÓ", "estado_fisico": "Afectación parcial", "total_matricula": 39.0, "confianza_geo": "3 - BAJA"}}, {"type": "Feature", "geometry": {"type": "Point", "coordinates": [-77.08508275999503, 7.404805137127276]}, "properties": {"cod_dane": "227615000579", "nombre_sede": "SEDE NUEVA LUZ", "nombre_establecimiento": "IE ANTONIO RICAURTE", "sector": "OFICIAL", "zona": "RURAL", "nom_mun": "RIOSUCIO", "nom_dep": "CHOCÓ", "estado_fisico": "Afectación menor", "total_matricula": 17.0, "confianza_geo": "2 - MEDIA"}}, {"type": "Feature", "geometry": null, "properties": {"cod_dane": "227615000714", "nombre_sede": "IE CUCHILLO BLANCO - SEDE PRINCIPAL", "nombre_establecimiento": "IE CUCHILLO BLANCO", "sector": "OFICIAL", "zona": "RURAL", "nom_mun": "NUEVO BELÉN DE BAJIRÁ", "nom_dep": "CHOCÓ", "estado_fisico": "Reporta afectación sin definir el impacto", "total_matricula": 245.0, "confianza_geo": "3 - BAJA"}}, {"type": "Feature", "geometry": null, "properties": {"cod_dane": "227615001061", "nombre_sede": "SEDE LAS CAMELIAS", "nombre_establecimiento": "IE PRIMITIVO PALACIOS", "sector": "OFICIAL", "zona": "RURAL", "nom_mun": "CARMEN DEL DARIÉN", "nom_dep": "CHOCÓ", "estado_fisico": "Afectación parcial", "total_matricula": 183.0, "confianza_geo": "3 - BAJA"}}, {"type": "Feature", "geometry": {"type": "Point", "coordinates": [-77.0214321795845, 7.362926624015076]}, "properties": {"cod_dane": "227615001079", "nombre_sede": "SEDE SIETE DE AGOSTO", "nombre_establecimiento": "IE CARACOLI ALTO", "sector": "OFICIAL", "zona": "RURAL", "nom_mun": "RIOSUCIO", "nom_dep": "CHOCÓ", "estado_fisico": "Afectación menor", "total_matricula": 156.0, "confianza_geo": "2 - MEDIA"}}, {"type": "Feature", "geometry": null, "properties": {"cod_dane": "227615001168", "nombre_sede": "SEDE NUEVA BARSOVIA", "nombre_establecimiento": "CE TAMBORAL", "sector": "OFICIAL", "zona": "RURAL", "nom_mun": "RIOSUCIO", "nom_dep": "CHOCÓ", "estado_fisico": "Afectación parcial", "total_matricula": 5.0, "confianza_geo": "3 - BAJA"}}, {"type": "Feature", "geometry": null, "properties": {"cod_dane": "227615001206", "nombre_sede": "SEDE LA ESPERANZA", "nombre_establecimiento": "CE PUEBLO NUEVO", "sector": "OFICIAL", "zona": "RURAL", "nom_mun": "CARMEN DEL DARIÉN", "nom_dep": "CHOCÓ", "estado_fisico": "Afectación menor", "total_matricula": 133.0, "confianza_geo": "3 - BAJA"}}, {"type": "Feature", "geometry": null, "properties": {"cod_dane": "227615001222", "nombre_sede": "SEDE LLANO RICO", "nombre_establecimiento": "IE LA UNION DE BAJIRA", "sector": "OFICIAL", "zona": "RURAL", "nom_mun": "NUEVO BELÉN DE BAJIRÁ", "nom_dep": "CHOCÓ", "estado_fisico": "Reporta afectación sin definir el impacto", "total_matricula": 356.0, "confianza_geo": "3 - BAJA"}}, {"type": "Feature", "geometry": {"type": "Point", "coordinates": [-77.24222200017074, 7.783332999568638]}, "properties": {"cod_dane": "227615001249", "nombre_sede": "SEDE BALSITA", "nombre_establecimiento": "IE NUESTROS ESFUERZOS", "sector": "OFICIAL", "zona": "RURAL", "nom_mun": "RIOSUCIO", "nom_dep": "CHOCÓ", "estado_fisico": "Afectación menor", "total_matricula": 7.0, "confianza_geo": "2 - MEDIA"}}, {"type": "Feature", "geometry": null, "properties": {"cod_dane": "227615001290", "nombre_sede": "IE HERACLIO LARA ARROYO - SEDE PRINCIPAL", "nombre_establecimiento": "IE HERACLIO LARA ARROYO", "sector": "OFICIAL", "zona": "URBANA", "nom_mun": "CARMEN DEL DARIÉN", "nom_dep": "CHOCÓ", "estado_fisico": "Afectación menor", "total_matricula": 454.0, "confianza_geo": "3 - BAJA"}}, {"type": "Feature", "geometry": null, "properties": {"cod_dane": "227615001478", "nombre_sede": "SEDE EL DIEZ", "nombre_establecimiento": "IE ANTONIO RICAURTE", "sector": "OFICIAL", "zona": "RURAL", "nom_mun": "RIOSUCIO", "nom_dep": "CHOCÓ", "estado_fisico": "Afectación menor", "total_matricula": 241.0, "confianza_geo": "3 - BAJA"}}, {"type": "Feature", "geometry": {"type": "Point", "coordinates": [-77.22573231999957, 7.43057143168048]}, "properties": {"cod_dane": "227615001494", "nombre_sede": "SEDE EL COCO ARENAL", "nombre_establecimiento": "IE LA PRESENTACION", "sector": "OFICIAL", "zona": "RURAL", "nom_mun": "RIOSUCIO", "nom_dep": "CHOCÓ", "estado_fisico": "Colapso parcial", "total_matricula": 29.0, "confianza_geo": "2 - MEDIA"}}, {"type": "Feature", "geometry": null, "properties": {"cod_dane": "227615001532", "nombre_sede": "SEDE TEGUERRE MEDIO", "nombre_establecimiento": "CE TAMBORAL", "sector": "OFICIAL", "zona": "RURAL", "nom_mun": "RIOSUCIO", "nom_dep": "CHOCÓ", "estado_fisico": "Afectación parcial", "total_matricula": 13.0, "confianza_geo": "3 - BAJA"}}, {"type": "Feature", "geometry": null, "properties": {"cod_dane": "227615001664", "nombre_sede": "SEDE LAS AMERICAS", "nombre_establecimiento": "IE ANTONIO RICAURTE", "sector": "OFICIAL", "zona": "URBANA", "nom_mun": "RIOSUCIO", "nom_dep": "CHOCÓ", "estado_fisico": "Afectación parcial", "total_matricula": 272.0, "confianza_geo": "3 - BAJA"}}, {"type": "Feature", "geometry": null, "properties": {"cod_dane": "227615001923", "nombre_sede": "SEDE EL BENDITO", "nombre_establecimiento": "IE NUESTROS ESFUERZOS", "sector": "OFICIAL", "zona": "RURAL", "nom_mun": "RIOSUCIO", "nom_dep": "CHOCÓ", "estado_fisico": "Afectación menor", "total_matricula": 14.0, "confianza_geo": "3 - BAJA"}}, {"type": "Feature", "geometry": null, "properties": {"cod_dane": "227615007051", "nombre_sede": "SEDE PUERTO LLERAS", "nombre_establecimiento": "CE PUEBLO NUEVO", "sector": "OFICIAL", "zona": "RURAL", "nom_mun": "CARMEN DEL DARIÉN", "nom_dep": "CHOCÓ", "estado_fisico": "Afectación menor", "total_matricula": 22.0, "confianza_geo": "3 - BAJA"}}, {"type": "Feature", "geometry": null, "properties": {"cod_dane": "227615060738", "nombre_sede": "SEDE PEÑITA", "nombre_establecimiento": "IE CARACOLI ALTO", "sector": "OFICIAL", "zona": "RURAL", "nom_mun": "RIOSUCIO", "nom_dep": "CHOCÓ", "estado_fisico": "Afectación menor", "total_matricula": 9.0, "confianza_geo": "3 - BAJA"}}, {"type": "Feature", "geometry": null, "properties": {"cod_dane": "227615060741", "nombre_sede": "SEDE BALSA", "nombre_establecimiento": "IE NUESTROS ESFUERZOS", "sector": "OFICIAL", "zona": "RURAL", "nom_mun": "RIOSUCIO", "nom_dep": "CHOCÓ", "estado_fisico": "Afectación menor", "total_matricula": 126.0, "confianza_geo": "3 - BAJA"}}, {"type": "Feature", "geometry": null, "properties": {"cod_dane": "227615060750", "nombre_sede": "IE CARACOLI ALTO - SEDE PRINCIPAL", "nombre_establecimiento": "IE CARACOLI ALTO", "sector": "OFICIAL", "zona": "RURAL", "nom_mun": "RIOSUCIO", "nom_dep": "CHOCÓ", "estado_fisico": "Afectación menor", "total_matricula": 409.0, "confianza_geo": "3 - BAJA"}}, {"type": "Feature", "geometry": null, "properties": {"cod_dane": "227615061071", "nombre_sede": "SEDE VILLA NUEVA SALAQUI", "nombre_establecimiento": "CE TAMBORAL", "sector": "OFICIAL", "zona": "RURAL", "nom_mun": "RIOSUCIO", "nom_dep": "CHOCÓ", "estado_fisico": "Afectación parcial", "total_matricula": 13.0, "confianza_geo": "3 - BAJA"}}, {"type": "Feature", "geometry": null, "properties": {"cod_dane": "227615061080", "nombre_sede": "SEDE CHIPI CAÑO DE ORO", "nombre_establecimiento": "IE CARACOLI ALTO", "sector": "OFICIAL", "zona": "RURAL", "nom_mun": "RIOSUCIO", "nom_dep": "CHOCÓ", "estado_fisico": "Afectación menor", "total_matricula": 9.0, "confianza_geo": "3 - BAJA"}}, {"type": "Feature", "geometry": null, "properties": {"cod_dane": "227615061128", "nombre_sede": "SEDE CARACOLI BAJO", "nombre_establecimiento": "IE CARACOLI ALTO", "sector": "OFICIAL", "zona": "RURAL", "nom_mun": "RIOSUCIO", "nom_dep": "CHOCÓ", "estado_fisico": "Afectación menor", "total_matricula": 9.0, "confianza_geo": "3 - BAJA"}}, {"type": "Feature", "geometry": null, "properties": {"cod_dane": "227615800044", "nombre_sede": "IE NUEVO ORIENTE - SEDE PRINCIPAL", "nombre_establecimiento": "IE NUEVO ORIENTE", "sector": "OFICIAL", "zona": "RURAL", "nom_mun": "NUEVO BELÉN DE BAJIRÁ", "nom_dep": "CHOCÓ", "estado_fisico": "Colapso parcial", "total_matricula": 230.0, "confianza_geo": "3 - BAJA"}}, {"type": "Feature", "geometry": null, "properties": {"cod_dane": "227615800079", "nombre_sede": "IE BLANQUICET - SEDE PRINCIPAL", "nombre_establecimiento": "IE BLANQUICET", "sector": "OFICIAL", "zona": "RURAL", "nom_mun": "NUEVO BELÉN DE BAJIRÁ", "nom_dep": "CHOCÓ", "estado_fisico": "Riesgo inminente de colapso", "total_matricula": 364.0, "confianza_geo": "3 - BAJA"}}, {"type": "Feature", "geometry": {"type": "Point", "coordinates": [-77.1119444441322, 7.76666666733248]}, "properties": {"cod_dane": "227615800095", "nombre_sede": "IE BELEN DE BAJIRA - SEDE PRINCIPAL", "nombre_establecimiento": "IE BELEN DE BAJIRA", "sector": "OFICIAL", "zona": "RURAL", "nom_mun": "NUEVO BELÉN DE BAJIRÁ", "nom_dep": "CHOCÓ", "estado_fisico": "Afectación parcial", "total_matricula": 1594.0, "confianza_geo": "2 - MEDIA"}}, {"type": "Feature", "geometry": null, "properties": {"cod_dane": "227615800117", "nombre_sede": "SEDE TIERRA ADENTRO", "nombre_establecimiento": "IE BELEN DE BAJIRA", "sector": "OFICIAL", "zona": "RURAL", "nom_mun": "NUEVO BELÉN DE BAJIRÁ", "nom_dep": "CHOCÓ", "estado_fisico": "Afectación menor", "total_matricula": 35.0, "confianza_geo": "3 - BAJA"}}, {"type": "Feature", "geometry": null, "properties": {"cod_dane": "227615800125", "nombre_sede": "SEDE BUENOS AIRES", "nombre_establecimiento": "IE NUEVO ORIENTE", "sector": "OFICIAL", "zona": "RURAL", "nom_mun": "NUEVO BELÉN DE BAJIRÁ", "nom_dep": "CHOCÓ", "estado_fisico": "Colapso parcial", "total_matricula": 22.0, "confianza_geo": "3 - BAJA"}}, {"type": "Feature", "geometry": null, "properties": {"cod_dane": "227615800168", "nombre_sede": "SEDE EUGENIA", "nombre_establecimiento": "IE BLANQUICET", "sector": "OFICIAL", "zona": "RURAL", "nom_mun": "NUEVO BELÉN DE BAJIRÁ", "nom_dep": "CHOCÓ", "estado_fisico": "Afectación parcial", "total_matricula": 8.0, "confianza_geo": "3 - BAJA"}}, {"type": "Feature", "geometry": null, "properties": {"cod_dane": "227615800214", "nombre_sede": "SEDE EUGENIA MEDIA", "nombre_establecimiento": "IE BLANQUICET", "sector": "OFICIAL", "zona": "RURAL", "nom_mun": "NUEVO BELÉN DE BAJIRÁ", "nom_dep": "CHOCÓ", "estado_fisico": "Colapso total", "total_matricula": 8.0, "confianza_geo": "3 - BAJA"}}, {"type": "Feature", "geometry": null, "properties": {"cod_dane": "227745000155", "nombre_sede": "SEDE DIEGO LUIS CORDOBA DE CHARCO HONDO", "nombre_establecimiento": "IE UNION CHARCO LARGO", "sector": "OFICIAL", "zona": "RURAL", "nom_mun": "SIPÍ", "nom_dep": "CHOCÓ", "estado_fisico": "Afectación menor", "total_matricula": 17.0, "confianza_geo": "3 - BAJA"}}, {"type": "Feature", "geometry": null, "properties": {"cod_dane": "227745000198", "nombre_sede": "IE UNION CHARCO LARGO - SEDE PRINCIPAL", "nombre_establecimiento": "IE UNION CHARCO LARGO", "sector": "OFICIAL", "zona": "RURAL", "nom_mun": "SIPÍ", "nom_dep": "CHOCÓ", "estado_fisico": "Colapso total", "total_matricula": 250.0, "confianza_geo": "3 - BAJA"}}, {"type": "Feature", "geometry": null, "properties": {"cod_dane": "227745000201", "nombre_sede": "SEDE JUSTINIANO ARBOLEDA DE BARRANCON", "nombre_establecimiento": "IE UNION CHARCO LARGO", "sector": "OFICIAL", "zona": "RURAL", "nom_mun": "SIPÍ", "nom_dep": "CHOCÓ", "estado_fisico": "Afectación parcial", "total_matricula": 37.0, "confianza_geo": "3 - BAJA"}}, {"type": "Feature", "geometry": {"type": "Point", "coordinates": [-76.4960299999373, 5.274702999902928]}, "properties": {"cod_dane": "227787000031", "nombre_sede": "IE TECNICO AGROAMBIENTAL - SEDE PRINCIPAL", "nombre_establecimiento": "IE TECNICO AGROAMBIENTAL", "sector": "OFICIAL", "zona": "URBANA", "nom_mun": "TADÓ", "nom_dep": "CHOCÓ", "estado_fisico": "Afectación menor", "total_matricula": 175.0, "confianza_geo": "2 - MEDIA"}}, {"type": "Feature", "geometry": null, "properties": {"cod_dane": "227787000091", "nombre_sede": "SEDE SIMON BOLIVAR TAPON", "nombre_establecimiento": "IE TECNICO AGROAMBIENTAL", "sector": "OFICIAL", "zona": "RURAL", "nom_mun": "TADÓ", "nom_dep": "CHOCÓ", "estado_fisico": "Afectación menor", "total_matricula": 28.0, "confianza_geo": "3 - BAJA"}}, {"type": "Feature", "geometry": {"type": "Point", "coordinates": [-76.51197842987845, 5.238485801841467]}, "properties": {"cod_dane": "227787000112", "nombre_sede": "SEDE CHACUANTE", "nombre_establecimiento": "IE TECNICO AGROAMBIENTAL", "sector": "OFICIAL", "zona": "RURAL", "nom_mun": "TADÓ", "nom_dep": "CHOCÓ", "estado_fisico": "Afectación menor", "total_matricula": 8.0, "confianza_geo": "2 - MEDIA"}}, {"type": "Feature", "geometry": {"type": "Point", "coordinates": [-76.41373126020436, 5.327838455132604]}, "properties": {"cod_dane": "227787000147", "nombre_sede": "SEDE YERRECUY", "nombre_establecimiento": "IE TECNICO AGROAMBIENTAL", "sector": "OFICIAL", "zona": "RURAL", "nom_mun": "TADÓ", "nom_dep": "CHOCÓ", "estado_fisico": "Afectación parcial", "total_matricula": 8.0, "confianza_geo": "2 - MEDIA"}}, {"type": "Feature", "geometry": null, "properties": {"cod_dane": "227787000252", "nombre_sede": "SEDE SALERO", "nombre_establecimiento": "IE SAN JOAQUIN", "sector": "OFICIAL", "zona": "RURAL", "nom_mun": "UNIÓN PANAMERICANA", "nom_dep": "CHOCÓ", "estado_fisico": "Afectación parcial", "total_matricula": 35.0, "confianza_geo": "3 - BAJA"}}, {"type": "Feature", "geometry": null, "properties": {"cod_dane": "227787000261", "nombre_sede": "SEDE MARIA AUXIL MANUNGARA", "nombre_establecimiento": "IE TECNICO AGROAMBIENTAL", "sector": "OFICIAL", "zona": "RURAL", "nom_mun": "TADÓ", "nom_dep": "CHOCÓ", "estado_fisico": "Afectación menor", "total_matricula": 3.0, "confianza_geo": "3 - BAJA"}}, {"type": "Feature", "geometry": null, "properties": {"cod_dane": "227787000279", "nombre_sede": "SEDE LA ESPERANZA", "nombre_establecimiento": "IE TECNICO AGROAMBIENTAL", "sector": "OFICIAL", "zona": "RURAL", "nom_mun": "TADÓ", "nom_dep": "CHOCÓ", "estado_fisico": "Afectación menor", "total_matricula": 5.0, "confianza_geo": "3 - BAJA"}}, {"type": "Feature", "geometry": null, "properties": {"cod_dane": "227787000295", "nombre_sede": "SEDE PROFUNDO", "nombre_establecimiento": "IE TECNICO AGROAMBIENTAL", "sector": "OFICIAL", "zona": "RURAL", "nom_mun": "TADÓ", "nom_dep": "CHOCÓ", "estado_fisico": "Riesgo inminente de colapso", "total_matricula": 5.0, "confianza_geo": "3 - BAJA"}}, {"type": "Feature", "geometry": null, "properties": {"cod_dane": "227787000376", "nombre_sede": "SEDE LA UNION", "nombre_establecimiento": "IE TECNICO AGROAMBIENTAL", "sector": "OFICIAL", "zona": "RURAL", "nom_mun": "TADÓ", "nom_dep": "CHOCÓ", "estado_fisico": "Afectación parcial", "total_matricula": 45.0, "confianza_geo": "3 - BAJA"}}, {"type": "Feature", "geometry": null, "properties": {"cod_dane": "227787000937", "nombre_sede": "SEDE REYES ARMANDO PEREA", "nombre_establecimiento": "IE SAN JOAQUIN", "sector": "OFICIAL", "zona": "RURAL", "nom_mun": "UNIÓN PANAMERICANA", "nom_dep": "CHOCÓ", "estado_fisico": "Afectación parcial", "total_matricula": 68.0, "confianza_geo": "3 - BAJA"}}, {"type": "Feature", "geometry": null, "properties": {"cod_dane": "227787001119", "nombre_sede": "IE SAN JOAQUIN - SEDE PRINCIPAL", "nombre_establecimiento": "IE SAN JOAQUIN", "sector": "OFICIAL", "zona": "URBANA", "nom_mun": "UNIÓN PANAMERICANA", "nom_dep": "CHOCÓ", "estado_fisico": "Riesgo inminente de colapso", "total_matricula": 831.0, "confianza_geo": "3 - BAJA"}}, {"type": "Feature", "geometry": {"type": "Point", "coordinates": [-77.07958159038283, 8.303902253254938]}, "properties": {"cod_dane": "227800000321", "nombre_sede": "SEDE INMACULADA CONCEPCION", "nombre_establecimiento": "IE DESARROLLO DE BALBOA", "sector": "OFICIAL", "zona": "RURAL", "nom_mun": "UNGUÍA", "nom_dep": "CHOCÓ", "estado_fisico": "Reporta afectación sin definir el impacto", "total_matricula": 120.0, "confianza_geo": "2 - MEDIA"}}, {"type": "Feature", "geometry": {"type": "Point", "coordinates": [-75.70939376960618, 4.473742082913195]}, "properties": {"cod_dane": "263001000421", "nombre_sede": "EL CAIMO", "nombre_establecimiento": "INSTITUCION EDUCATIVA EL CAIMO", "sector": "OFICIAL", "zona": "RURAL", "nom_mun": "ARMENIA", "nom_dep": "QUINDÍO", "estado_fisico": "Afectación parcial", "total_matricula": 70.0, "confianza_geo": "1 - ALTA"}}, {"type": "Feature", "geometry": {"type": "Point", "coordinates": [-75.7641149496672, 4.495702722556405]}, "properties": {"cod_dane": "263001000561", "nombre_sede": "ETELVINA LOPEZ", "nombre_establecimiento": "INSTITUCION EDUCATIVA EL CAIMO", "sector": "OFICIAL", "zona": "RURAL", "nom_mun": "ARMENIA", "nom_dep": "QUINDÍO", "estado_fisico": "Afectación parcial", "total_matricula": 12.0, "confianza_geo": "2 - MEDIA"}}, {"type": "Feature", "geometry": {"type": "Point", "coordinates": [-75.72569970567422, 4.483193460732434]}, "properties": {"cod_dane": "263001000641", "nombre_sede": "ATANASIO GIRARDOT", "nombre_establecimiento": "INSTITUCION EDUCATIVA EL CAIMO", "sector": "OFICIAL", "zona": "RURAL", "nom_mun": "ARMENIA", "nom_dep": "QUINDÍO", "estado_fisico": "Afectación menor", "total_matricula": 10.0, "confianza_geo": "2 - MEDIA"}}, {"type": "Feature", "geometry": {"type": "Point", "coordinates": [-75.72476700018608, 4.456551999575225]}, "properties": {"cod_dane": "263001000714", "nombre_sede": "LA PRADERA", "nombre_establecimiento": "INSTITUCION EDUCATIVA EL CAIMO", "sector": "OFICIAL", "zona": "RURAL", "nom_mun": "ARMENIA", "nom_dep": "QUINDÍO", "estado_fisico": "Afectación menor", "total_matricula": 9.0, "confianza_geo": "2 - MEDIA"}}, {"type": "Feature", "geometry": {"type": "Point", "coordinates": [-75.71423092881491, 4.503761168835558]}, "properties": {"cod_dane": "263001001061", "nombre_sede": "SANTA ANA", "nombre_establecimiento": "INSTITUCION EDUCATIVA EL CAIMO", "sector": "OFICIAL", "zona": "RURAL", "nom_mun": "ARMENIA", "nom_dep": "QUINDÍO", "estado_fisico": "Afectación menor", "total_matricula": 42.0, "confianza_geo": "1 - ALTA"}}, {"type": "Feature", "geometry": {"type": "Point", "coordinates": [-75.74096564956139, 4.4901740457103605]}, "properties": {"cod_dane": "263001001184", "nombre_sede": "MURILLO", "nombre_establecimiento": "INSTITUCION EDUCATIVA EL CAIMO", "sector": "OFICIAL", "zona": "RURAL", "nom_mun": "ARMENIA", "nom_dep": "QUINDÍO", "estado_fisico": "Afectación menor", "total_matricula": 16.0, "confianza_geo": "2 - MEDIA"}}, {"type": "Feature", "geometry": {"type": "Point", "coordinates": [-75.70910984628087, 4.4755154860772155]}, "properties": {"cod_dane": "263001001214", "nombre_sede": "VILLA OLIVA", "nombre_establecimiento": "INSTITUCION EDUCATIVA EL CAIMO", "sector": "OFICIAL", "zona": "RURAL", "nom_mun": "ARMENIA", "nom_dep": "QUINDÍO", "estado_fisico": "Afectación menor", "total_matricula": 5.0, "confianza_geo": "2 - MEDIA"}}, {"type": "Feature", "geometry": {"type": "Point", "coordinates": [-75.81903873036752, 5.216006370828136]}, "properties": {"cod_dane": "266088000056", "nombre_sede": "SE COLUMBIA", "nombre_establecimiento": "IE JUAN HURTADO", "sector": "OFICIAL", "zona": "RURAL", "nom_mun": "BELÉN DE UMBRÍA", "nom_dep": "RISARALDA", "estado_fisico": "Riesgo inminente de colapso", "total_matricula": 124.0, "confianza_geo": "2 - MEDIA"}}, {"type": "Feature", "geometry": null, "properties": {"cod_dane": "266318000682", "nombre_sede": "SE BACHILLERATO EN BIENESTAR RURAL -GUATICA- SEDE PRINCIPAL", "nombre_establecimiento": "CE BACHILLERATO EN BIENESTAR RURAL -GUATICA-", "sector": "OFICIAL", "zona": "RURAL", "nom_mun": "GUÁTICA", "nom_dep": "RISARALDA", "estado_fisico": "Colapso parcial", "total_matricula": 52.0, "confianza_geo": "3 - BAJA"}}, {"type": "Feature", "geometry": {"type": "Point", "coordinates": [-76.01784704993754, 4.979398565100582]}, "properties": {"cod_dane": "266383000114", "nombre_sede": "SE LA POLONIA", "nombre_establecimiento": "IE LICEO DE OCCIDENTE", "sector": "OFICIAL", "zona": "RURAL", "nom_mun": "LA CELIA", "nom_dep": "RISARALDA", "estado_fisico": "Riesgo inminente de colapso", "total_matricula": 12.0, "confianza_geo": "2 - MEDIA"}}, {"type": "Feature", "geometry": {"type": "Point", "coordinates": [-75.66722222204929, 5.295555555629667]}, "properties": {"cod_dane": "266594000544", "nombre_sede": "SE AGUA SALADA", "nombre_establecimiento": "IE SAUSAGUA", "sector": "OFICIAL", "zona": "RURAL", "nom_mun": "QUINCHÍA", "nom_dep": "RISARALDA", "estado_fisico": "Colapso parcial", "total_matricula": 18.0, "confianza_geo": "1 - ALTA"}}, {"type": "Feature", "geometry": {"type": "Point", "coordinates": [-75.1832119996161, 4.3840330002025505]}, "properties": {"cod_dane": "273001001384", "nombre_sede": "SEDE 10 CARMEN DE BULIRA", "nombre_establecimiento": "INST EDUC FERNANDO VILLALOBOS ARANGO", "sector": "OFICIAL", "zona": "RURAL", "nom_mun": "IBAGUÉ", "nom_dep": "TOLIMA", "estado_fisico": "Riesgo inminente de colapso", "total_matricula": 29.0, "confianza_geo": "1 - ALTA"}}, {"type": "Feature", "geometry": {"type": "Point", "coordinates": [-75.19161542019712, 4.389400786813938]}, "properties": {"cod_dane": "273001004286", "nombre_sede": "SEDE 1 FERNANDO VILLALOBOS ARANGO", "nombre_establecimiento": "INST EDUC FERNANDO VILLALOBOS ARANGO", "sector": "OFICIAL", "zona": "RURAL", "nom_mun": "IBAGUÉ", "nom_dep": "TOLIMA", "estado_fisico": "Afectación parcial", "total_matricula": 451.0, "confianza_geo": "2 - MEDIA"}}, {"type": "Feature", "geometry": {"type": "Point", "coordinates": [-75.53656169983209, 3.4538457166034364]}, "properties": {"cod_dane": "273067000214", "nombre_sede": "MESA DE POLE", "nombre_establecimiento": "INSTITUCION EDUCATIVA TECNICA MARTIN POMALA", "sector": "OFICIAL", "zona": "RURAL", "nom_mun": "ATACO", "nom_dep": "TOLIMA", "estado_fisico": "Afectación parcial", "total_matricula": 64.0, "confianza_geo": "1 - ALTA"}}, {"type": "Feature", "geometry": {"type": "Point", "coordinates": [-75.54222222159258, 3.4599999995583492]}, "properties": {"cod_dane": "273067000222", "nombre_sede": "LA HOLANDA", "nombre_establecimiento": "INSTITUCION EDUCATIVA TECNICA MARTIN POMALA", "sector": "OFICIAL", "zona": "RURAL", "nom_mun": "ATACO", "nom_dep": "TOLIMA", "estado_fisico": "Afectación parcial", "total_matricula": 14.0, "confianza_geo": "1 - ALTA"}}, {"type": "Feature", "geometry": {"type": "Point", "coordinates": [-75.50467691959544, 3.4182489799935234]}, "properties": {"cod_dane": "273067000508", "nombre_sede": "AGUA FRIA", "nombre_establecimiento": "INSTITUCION EDUCATIVA TECNICA MARTIN POMALA", "sector": "OFICIAL", "zona": "RURAL", "nom_mun": "ATACO", "nom_dep": "TOLIMA", "estado_fisico": "Afectación parcial", "total_matricula": 21.0, "confianza_geo": "1 - ALTA"}}, {"type": "Feature", "geometry": {"type": "Point", "coordinates": [-75.51111100041, 3.466110999641263]}, "properties": {"cod_dane": "273067000737", "nombre_sede": "PUEBLO NUEVO", "nombre_establecimiento": "INSTITUCION EDUCATIVA TECNICA MARTIN POMALA", "sector": "OFICIAL", "zona": "RURAL", "nom_mun": "ATACO", "nom_dep": "TOLIMA", "estado_fisico": "Afectación parcial", "total_matricula": 3.0, "confianza_geo": "2 - MEDIA"}}, {"type": "Feature", "geometry": {"type": "Point", "coordinates": [-75.48769394036576, 3.46942379974584]}, "properties": {"cod_dane": "273067001067", "nombre_sede": "PASTALITOS", "nombre_establecimiento": "INSTITUCION EDUCATIVA TECNICA MARTIN POMALA", "sector": "OFICIAL", "zona": "RURAL", "nom_mun": "ATACO", "nom_dep": "TOLIMA", "estado_fisico": "Afectación parcial", "total_matricula": 4.0, "confianza_geo": "2 - MEDIA"}}, {"type": "Feature", "geometry": {"type": "Point", "coordinates": [-75.53865845035023, 3.391178050052663]}, "properties": {"cod_dane": "273067001245", "nombre_sede": "SAN ANTONIO DE POLE", "nombre_establecimiento": "INSTITUCION EDUCATIVA TECNICA MARTIN POMALA", "sector": "OFICIAL", "zona": "RURAL", "nom_mun": "ATACO", "nom_dep": "TOLIMA", "estado_fisico": "Afectación parcial", "total_matricula": 5.0, "confianza_geo": "2 - MEDIA"}}, {"type": "Feature", "geometry": {"type": "Point", "coordinates": [-75.53379796009696, 3.428276199064638]}, "properties": {"cod_dane": "273067001300", "nombre_sede": "LAS CRUCES", "nombre_establecimiento": "INSTITUCION EDUCATIVA TECNICA MARTIN POMALA", "sector": "OFICIAL", "zona": "RURAL", "nom_mun": "ATACO", "nom_dep": "TOLIMA", "estado_fisico": "Afectación parcial", "total_matricula": 3.0, "confianza_geo": "2 - MEDIA"}}, {"type": "Feature", "geometry": {"type": "Point", "coordinates": [-75.46540523977686, 3.4750564318131385]}, "properties": {"cod_dane": "273067001423", "nombre_sede": "EL NEME", "nombre_establecimiento": "INSTITUCION EDUCATIVA TECNICA MARTIN POMALA", "sector": "OFICIAL", "zona": "RURAL", "nom_mun": "ATACO", "nom_dep": "TOLIMA", "estado_fisico": "Afectación parcial", "total_matricula": 3.0, "confianza_geo": "2 - MEDIA"}}, {"type": "Feature", "geometry": {"type": "Point", "coordinates": [-75.56944399990294, 3.45527799994324]}, "properties": {"cod_dane": "273067001601", "nombre_sede": "LAS SE¥ORITAS", "nombre_establecimiento": "INSTITUCION EDUCATIVA TECNICA MARTIN POMALA", "sector": "OFICIAL", "zona": "RURAL", "nom_mun": "ATACO", "nom_dep": "TOLIMA", "estado_fisico": "Afectación parcial", "total_matricula": 2.0, "confianza_geo": "2 - MEDIA"}}, {"type": "Feature", "geometry": {"type": "Point", "coordinates": [-75.5224410100158, 3.447927513571834]}, "properties": {"cod_dane": "273067001946", "nombre_sede": "LA CEIBA", "nombre_establecimiento": "INSTITUCION EDUCATIVA TECNICA MARTIN POMALA", "sector": "OFICIAL", "zona": "RURAL", "nom_mun": "ATACO", "nom_dep": "TOLIMA", "estado_fisico": "Afectación parcial", "total_matricula": 9.0, "confianza_geo": "2 - MEDIA"}}, {"type": "Feature", "geometry": {"type": "Point", "coordinates": [-75.3920367897256, 4.450025632185585]}, "properties": {"cod_dane": "273124000081", "nombre_sede": "SAN LORENZO ALTO", "nombre_establecimiento": "INSTITUCION EDUCATIVA TECNICA AGROINDUSTRIAL CAJAMARCA", "sector": "OFICIAL", "zona": "RURAL", "nom_mun": "CAJAMARCA", "nom_dep": "TOLIMA", "estado_fisico": "Colapso parcial", "total_matricula": 14.0, "confianza_geo": "2 - MEDIA"}}, {"type": "Feature", "geometry": null, "properties": {"cod_dane": "273124000145", "nombre_sede": "CRISTALES", "nombre_establecimiento": "INSTITUCION EDUCATIVA TECNICA AGROINDUSTRIAL CAJAMARCA", "sector": "OFICIAL", "zona": "RURAL", "nom_mun": "CAJAMARCA", "nom_dep": "TOLIMA", "estado_fisico": "Colapso parcial", "total_matricula": 4.0, "confianza_geo": "3 - BAJA"}}, {"type": "Feature", "geometry": {"type": "Point", "coordinates": [-75.44019610002961, 4.418391411562521]}, "properties": {"cod_dane": "273124000153", "nombre_sede": "LA TIGRERA", "nombre_establecimiento": "INSTITUCION EDUCATIVA TECNICA AGROINDUSTRIAL CAJAMARCA", "sector": "OFICIAL", "zona": "RURAL", "nom_mun": "CAJAMARCA", "nom_dep": "TOLIMA", "estado_fisico": "Colapso parcial", "total_matricula": 7.0, "confianza_geo": "2 - MEDIA"}}, {"type": "Feature", "geometry": {"type": "Point", "coordinates": [-75.43606403028404, 4.442237948668975]}, "properties": {"cod_dane": "273124000269", "nombre_sede": "EL PLACER", "nombre_establecimiento": "INSTITUCION EDUCATIVA TECNICA AGROINDUSTRIAL CAJAMARCA", "sector": "OFICIAL", "zona": "RURAL", "nom_mun": "CAJAMARCA", "nom_dep": "TOLIMA", "estado_fisico": "Colapso parcial", "total_matricula": 14.0, "confianza_geo": "1 - ALTA"}}, {"type": "Feature", "geometry": {"type": "Point", "coordinates": [-75.44799941006823, 4.434414281744642]}, "properties": {"cod_dane": "273124000366", "nombre_sede": "I.E.T. AGROINDUSTRIAL DE CAJAMARCA - SEDE PRINCIPAL", "nombre_establecimiento": "INSTITUCION EDUCATIVA TECNICA AGROINDUSTRIAL CAJAMARCA", "sector": "OFICIAL", "zona": "RURAL", "nom_mun": "CAJAMARCA", "nom_dep": "TOLIMA", "estado_fisico": "Colapso parcial", "total_matricula": 220.0, "confianza_geo": "1 - ALTA"}}, {"type": "Feature", "geometry": {"type": "Point", "coordinates": [-75.41163887004818, 4.480168936718598]}, "properties": {"cod_dane": "273124000722", "nombre_sede": "SANTA ANA", "nombre_establecimiento": "INSTITUCION EDUCATIVA TECNICA AGROINDUSTRIAL CAJAMARCA", "sector": "OFICIAL", "zona": "RURAL", "nom_mun": "CAJAMARCA", "nom_dep": "TOLIMA", "estado_fisico": "Colapso parcial", "total_matricula": 13.0, "confianza_geo": "1 - ALTA"}}, {"type": "Feature", "geometry": {"type": "Point", "coordinates": [-75.37661339003373, 4.431416102574077]}, "properties": {"cod_dane": "273124000731", "nombre_sede": "SAN LORENZO BAJO", "nombre_establecimiento": "INSTITUCION EDUCATIVA TECNICA AGROINDUSTRIAL CAJAMARCA", "sector": "OFICIAL", "zona": "RURAL", "nom_mun": "CAJAMARCA", "nom_dep": "TOLIMA", "estado_fisico": "Colapso parcial", "total_matricula": 17.0, "confianza_geo": "2 - MEDIA"}}, {"type": "Feature", "geometry": {"type": "Point", "coordinates": [-75.45356305032193, 4.4549621148123935]}, "properties": {"cod_dane": "273124000749", "nombre_sede": "ALTAMIRA", "nombre_establecimiento": "INSTITUCION EDUCATIVA TECNICA AGROINDUSTRIAL CAJAMARCA", "sector": "OFICIAL", "zona": "RURAL", "nom_mun": "CAJAMARCA", "nom_dep": "TOLIMA", "estado_fisico": "Colapso parcial", "total_matricula": 3.0, "confianza_geo": "2 - MEDIA"}}, {"type": "Feature", "geometry": {"type": "Point", "coordinates": [-75.4106513897856, 4.451831936270534]}, "properties": {"cod_dane": "273124000790", "nombre_sede": "LOS TUNJOS", "nombre_establecimiento": "INSTITUCION EDUCATIVA TECNICA AGROINDUSTRIAL CAJAMARCA", "sector": "OFICIAL", "zona": "RURAL", "nom_mun": "CAJAMARCA", "nom_dep": "TOLIMA", "estado_fisico": "Colapso parcial", "total_matricula": 25.0, "confianza_geo": "1 - ALTA"}}, {"type": "Feature", "geometry": {"type": "Point", "coordinates": [-75.42348868979315, 4.459325855137562]}, "properties": {"cod_dane": "273124000803", "nombre_sede": "EL ESPEJO", "nombre_establecimiento": "INSTITUCION EDUCATIVA TECNICA AGROINDUSTRIAL CAJAMARCA", "sector": "OFICIAL", "zona": "RURAL", "nom_mun": "CAJAMARCA", "nom_dep": "TOLIMA", "estado_fisico": "Colapso parcial", "total_matricula": 9.0, "confianza_geo": "2 - MEDIA"}}, {"type": "Feature", "geometry": null, "properties": {"cod_dane": "273124000820", "nombre_sede": "LA PALOMA", "nombre_establecimiento": "INSTITUCION EDUCATIVA TECNICA AGROINDUSTRIAL CAJAMARCA", "sector": "OFICIAL", "zona": "RURAL", "nom_mun": "CAJAMARCA", "nom_dep": "TOLIMA", "estado_fisico": "Colapso parcial", "total_matricula": 6.0, "confianza_geo": "3 - BAJA"}}, {"type": "Feature", "geometry": {"type": "Point", "coordinates": [-75.4846464704431, 4.4417851928047805]}, "properties": {"cod_dane": "273124000862", "nombre_sede": "LA LUISA", "nombre_establecimiento": "INSTITUCION EDUCATIVA TECNICA AGROINDUSTRIAL CAJAMARCA", "sector": "OFICIAL", "zona": "RURAL", "nom_mun": "CAJAMARCA", "nom_dep": "TOLIMA", "estado_fisico": "Colapso parcial", "total_matricula": 5.0, "confianza_geo": "2 - MEDIA"}}, {"type": "Feature", "geometry": {"type": "Point", "coordinates": [-75.626292710357, 3.6543363949113044]}, "properties": {"cod_dane": "273168000207", "nombre_sede": "SANTA CRUZ", "nombre_establecimiento": "INSTITUCION EDUCATIVA TECNICA CAMACHO ANGARITA", "sector": "OFICIAL", "zona": "RURAL", "nom_mun": "CHAPARRAL", "nom_dep": "TOLIMA", "estado_fisico": "Afectación menor", "total_matricula": 13.0, "confianza_geo": "1 - ALTA"}}, {"type": "Feature", "geometry": {"type": "Point", "coordinates": [-75.52410219979203, 3.627269231865203]}, "properties": {"cod_dane": "273168000525", "nombre_sede": "LA PRADERA", "nombre_establecimiento": "INSTITUCION EDUCATIVA TECNICA MEDALLA MILAGROSA", "sector": "OFICIAL", "zona": "RURAL", "nom_mun": "CHAPARRAL", "nom_dep": "TOLIMA", "estado_fisico": "Afectación menor", "total_matricula": 15.0, "confianza_geo": "2 - MEDIA"}}, {"type": "Feature", "geometry": {"type": "Point", "coordinates": [-75.58582342983931, 3.5880850616378175]}, "properties": {"cod_dane": "273168000541", "nombre_sede": "LA SIERRA", "nombre_establecimiento": "INSTITUCION EDUCATIVA TECNICA CAMACHO ANGARITA", "sector": "OFICIAL", "zona": "RURAL", "nom_mun": "CHAPARRAL", "nom_dep": "TOLIMA", "estado_fisico": "Afectación menor", "total_matricula": 8.0, "confianza_geo": "2 - MEDIA"}}, {"type": "Feature", "geometry": {"type": "Point", "coordinates": [-75.5727601900631, 3.592296708447157]}, "properties": {"cod_dane": "273168000762", "nombre_sede": "SANTA RITA", "nombre_establecimiento": "INSTITUCION EDUCATIVA TECNICA CAMACHO ANGARITA", "sector": "OFICIAL", "zona": "RURAL", "nom_mun": "CHAPARRAL", "nom_dep": "TOLIMA", "estado_fisico": "Afectación menor", "total_matricula": 14.0, "confianza_geo": "1 - ALTA"}}, {"type": "Feature", "geometry": {"type": "Point", "coordinates": [-75.31484002985216, 3.6988790323934344]}, "properties": {"cod_dane": "273168000843", "nombre_sede": "TAMARCO", "nombre_establecimiento": "INSTITUCION EDUCATIVA TECNICA MEDALLA MILAGROSA", "sector": "OFICIAL", "zona": "RURAL", "nom_mun": "CHAPARRAL", "nom_dep": "TOLIMA", "estado_fisico": "Afectación menor", "total_matricula": 8.0, "confianza_geo": "2 - MEDIA"}}, {"type": "Feature", "geometry": null, "properties": {"cod_dane": "273168000991", "nombre_sede": "LOS ANGELES", "nombre_establecimiento": "INSTITUCION EDUCATIVA TECNICA MEDALLA MILAGROSA", "sector": "OFICIAL", "zona": "RURAL", "nom_mun": "CHAPARRAL", "nom_dep": "TOLIMA", "estado_fisico": "Afectación menor", "total_matricula": 10.0, "confianza_geo": "3 - BAJA"}}, {"type": "Feature", "geometry": null, "properties": {"cod_dane": "273168001017", "nombre_sede": "MESA DE AGUAYO", "nombre_establecimiento": "INSTITUCION EDUCATIVA TECNICA MEDALLA MILAGROSA", "sector": "OFICIAL", "zona": "RURAL", "nom_mun": "CHAPARRAL", "nom_dep": "TOLIMA", "estado_fisico": "Afectación menor", "total_matricula": 27.0, "confianza_geo": "3 - BAJA"}}, {"type": "Feature", "geometry": {"type": "Point", "coordinates": [-75.4534221702309, 3.507931475217779]}, "properties": {"cod_dane": "273168001025", "nombre_sede": "ARACA MANGAS", "nombre_establecimiento": "INSTITUCION EDUCATIVA TECNICA MEDALLA MILAGROSA", "sector": "OFICIAL", "zona": "RURAL", "nom_mun": "CHAPARRAL", "nom_dep": "TOLIMA", "estado_fisico": "Afectación menor", "total_matricula": 3.0, "confianza_geo": "2 - MEDIA"}}, {"type": "Feature", "geometry": {"type": "Point", "coordinates": [-75.61334713012008, 3.6022277727477503]}, "properties": {"cod_dane": "273168001173", "nombre_sede": "FINLANDIA", "nombre_establecimiento": "INSTITUCION EDUCATIVA TECNICA CAMACHO ANGARITA", "sector": "OFICIAL", "zona": "RURAL", "nom_mun": "CHAPARRAL", "nom_dep": "TOLIMA", "estado_fisico": "Afectación menor", "total_matricula": 3.0, "confianza_geo": "2 - MEDIA"}}, {"type": "Feature", "geometry": {"type": "Point", "coordinates": [-75.59388900033018, 3.611943999700513]}, "properties": {"cod_dane": "273168001467", "nombre_sede": "JOSE MARIA CORDOBA", "nombre_establecimiento": "INSTITUCION EDUCATIVA TECNICA CAMACHO ANGARITA", "sector": "OFICIAL", "zona": "RURAL", "nom_mun": "CHAPARRAL", "nom_dep": "TOLIMA", "estado_fisico": "Afectación menor", "total_matricula": 74.0, "confianza_geo": "1 - ALTA"}}, {"type": "Feature", "geometry": {"type": "Point", "coordinates": [-75.48036751986035, 3.649883923090245]}, "properties": {"cod_dane": "273168001777", "nombre_sede": "TULUNI", "nombre_establecimiento": "INSTITUCION EDUCATIVA TECNICA MEDALLA MILAGROSA", "sector": "OFICIAL", "zona": "RURAL", "nom_mun": "CHAPARRAL", "nom_dep": "TOLIMA", "estado_fisico": "Afectación menor", "total_matricula": 25.0, "confianza_geo": "2 - MEDIA"}}, {"type": "Feature", "geometry": {"type": "Point", "coordinates": [-75.63333300037644, 3.8758329996602523]}, "properties": {"cod_dane": "273168001793", "nombre_sede": "EL J0RDAN", "nombre_establecimiento": "INSTITUCION EDUCATIVA TECNICA CAMACHO ANGARITA", "sector": "OFICIAL", "zona": "RURAL", "nom_mun": "CHAPARRAL", "nom_dep": "TOLIMA", "estado_fisico": "Afectación menor", "total_matricula": 85.0, "confianza_geo": "1 - ALTA"}}, {"type": "Feature", "geometry": {"type": "Point", "coordinates": [-75.61432938039108, 3.62383646397856]}, "properties": {"cod_dane": "273168002145", "nombre_sede": "EL TIBER", "nombre_establecimiento": "INSTITUCION EDUCATIVA TECNICA CAMACHO ANGARITA", "sector": "OFICIAL", "zona": "RURAL", "nom_mun": "CHAPARRAL", "nom_dep": "TOLIMA", "estado_fisico": "Afectación menor", "total_matricula": 7.0, "confianza_geo": "2 - MEDIA"}}, {"type": "Feature", "geometry": {"type": "Point", "coordinates": [-75.50294000004413, 3.8196259997270205]}, "properties": {"cod_dane": "273168002200", "nombre_sede": "LA ALDEA", "nombre_establecimiento": "INSTITUCION EDUCATIVA TECNICA CAMACHO ANGARITA", "sector": "OFICIAL", "zona": "RURAL", "nom_mun": "CHAPARRAL", "nom_dep": "TOLIMA", "estado_fisico": "Afectación menor", "total_matricula": 39.0, "confianza_geo": "1 - ALTA"}}, {"type": "Feature", "geometry": {"type": "Point", "coordinates": [-75.62189786003462, 3.58582883314837]}, "properties": {"cod_dane": "273168002293", "nombre_sede": "GENERAL SANTANDER", "nombre_establecimiento": "INSTITUCION EDUCATIVA TECNICA CAMACHO ANGARITA", "sector": "OFICIAL", "zona": "RURAL", "nom_mun": "CHAPARRAL", "nom_dep": "TOLIMA", "estado_fisico": "Afectación menor", "total_matricula": 14.0, "confianza_geo": "2 - MEDIA"}}, {"type": "Feature", "geometry": null, "properties": {"cod_dane": "273168002315", "nombre_sede": "POTRERITO DE AGUAYO", "nombre_establecimiento": "INSTITUCION EDUCATIVA TECNICA MEDALLA MILAGROSA", "sector": "OFICIAL", "zona": "RURAL", "nom_mun": "CHAPARRAL", "nom_dep": "TOLIMA", "estado_fisico": "Afectación menor", "total_matricula": 6.0, "confianza_geo": "3 - BAJA"}}, {"type": "Feature", "geometry": {"type": "Point", "coordinates": [-75.58577583979051, 3.6272866816469724]}, "properties": {"cod_dane": "273168002366", "nombre_sede": "CALARCA", "nombre_establecimiento": "INSTITUCION EDUCATIVA TECNICA CAMACHO ANGARITA", "sector": "OFICIAL", "zona": "RURAL", "nom_mun": "CHAPARRAL", "nom_dep": "TOLIMA", "estado_fisico": "Afectación menor", "total_matricula": 3.0, "confianza_geo": "2 - MEDIA"}}, {"type": "Feature", "geometry": {"type": "Point", "coordinates": [-75.49972200023615, 3.5833329999965824]}, "properties": {"cod_dane": "273168002510", "nombre_sede": "MENDARCO CARBONAL", "nombre_establecimiento": "INSTITUCION EDUCATIVA TECNICA CAMACHO ANGARITA", "sector": "OFICIAL", "zona": "RURAL", "nom_mun": "CHAPARRAL", "nom_dep": "TOLIMA", "estado_fisico": "Afectación menor", "total_matricula": 10.0, "confianza_geo": "2 - MEDIA"}}, {"type": "Feature", "geometry": {"type": "Point", "coordinates": [-75.515405400219, 3.678888815556984]}, "properties": {"cod_dane": "273168002641", "nombre_sede": "LA FLORIDA", "nombre_establecimiento": "INSTITUCION EDUCATIVA TECNICA MEDALLA MILAGROSA", "sector": "OFICIAL", "zona": "RURAL", "nom_mun": "CHAPARRAL", "nom_dep": "TOLIMA", "estado_fisico": "Afectación menor", "total_matricula": 11.0, "confianza_geo": "2 - MEDIA"}}, {"type": "Feature", "geometry": {"type": "Point", "coordinates": [-75.56483659021806, 3.621778230351608]}, "properties": {"cod_dane": "273168002757", "nombre_sede": "LA BEGONIA", "nombre_establecimiento": "INSTITUCION EDUCATIVA TECNICA MEDALLA MILAGROSA", "sector": "OFICIAL", "zona": "RURAL", "nom_mun": "CHAPARRAL", "nom_dep": "TOLIMA", "estado_fisico": "Afectación menor", "total_matricula": 65.0, "confianza_geo": "1 - ALTA"}}, {"type": "Feature", "geometry": {"type": "Point", "coordinates": [-75.31017483962987, 3.7428828003493146]}, "properties": {"cod_dane": "273168002820", "nombre_sede": "LA CEIBA", "nombre_establecimiento": "INSTITUCION EDUCATIVA TECNICA MEDALLA MILAGROSA", "sector": "OFICIAL", "zona": "RURAL", "nom_mun": "CHAPARRAL", "nom_dep": "TOLIMA", "estado_fisico": "Afectación menor", "total_matricula": 3.0, "confianza_geo": "2 - MEDIA"}}, {"type": "Feature", "geometry": {"type": "Point", "coordinates": [-75.44964384985767, 3.674125301612065]}, "properties": {"cod_dane": "273168002935", "nombre_sede": "EL QUESO", "nombre_establecimiento": "INSTITUCION EDUCATIVA TECNICA MEDALLA MILAGROSA", "sector": "OFICIAL", "zona": "RURAL", "nom_mun": "CHAPARRAL", "nom_dep": "TOLIMA", "estado_fisico": "Afectación menor", "total_matricula": 7.0, "confianza_geo": "2 - MEDIA"}}, {"type": "Feature", "geometry": {"type": "Point", "coordinates": [-75.58189732043218, 3.618280422982727]}, "properties": {"cod_dane": "273168003206", "nombre_sede": "LA BARRIALOSA", "nombre_establecimiento": "INSTITUCION EDUCATIVA TECNICA CAMACHO ANGARITA", "sector": "OFICIAL", "zona": "RURAL", "nom_mun": "CHAPARRAL", "nom_dep": "TOLIMA", "estado_fisico": "Afectación menor", "total_matricula": 14.0, "confianza_geo": "1 - ALTA"}}, {"type": "Feature", "geometry": {"type": "Point", "coordinates": [-75.44527777796371, 3.6619444441479643]}, "properties": {"cod_dane": "273168003303", "nombre_sede": "LA CORTES", "nombre_establecimiento": "INSTITUCION EDUCATIVA TECNICA MEDALLA MILAGROSA", "sector": "OFICIAL", "zona": "RURAL", "nom_mun": "CHAPARRAL", "nom_dep": "TOLIMA", "estado_fisico": "Afectación menor", "total_matricula": 22.0, "confianza_geo": "2 - MEDIA"}}, {"type": "Feature", "geometry": {"type": "Point", "coordinates": [-75.57249487983044, 3.549833572962661]}, "properties": {"cod_dane": "273168003338", "nombre_sede": "LA HOLANDA", "nombre_establecimiento": "INSTITUCION EDUCATIVA TECNICA CAMACHO ANGARITA", "sector": "OFICIAL", "zona": "RURAL", "nom_mun": "CHAPARRAL", "nom_dep": "TOLIMA", "estado_fisico": "Afectación menor", "total_matricula": 6.0, "confianza_geo": "2 - MEDIA"}}, {"type": "Feature", "geometry": {"type": "Point", "coordinates": [-75.48396525999684, 3.6876782840344395]}, "properties": {"cod_dane": "273168003362", "nombre_sede": "SAN ALFONSO", "nombre_establecimiento": "INSTITUCION EDUCATIVA TECNICA MEDALLA MILAGROSA", "sector": "OFICIAL", "zona": "RURAL", "nom_mun": "CHAPARRAL", "nom_dep": "TOLIMA", "estado_fisico": "Afectación menor", "total_matricula": 5.0, "confianza_geo": "2 - MEDIA"}}, {"type": "Feature", "geometry": null, "properties": {"cod_dane": "273168003397", "nombre_sede": "SANTA ROSA", "nombre_establecimiento": "INSTITUCION EDUCATIVA TECNICA MEDALLA MILAGROSA", "sector": "OFICIAL", "zona": "RURAL", "nom_mun": "CHAPARRAL", "nom_dep": "TOLIMA", "estado_fisico": "Afectación menor", "total_matricula": 8.0, "confianza_geo": "3 - BAJA"}}, {"type": "Feature", "geometry": null, "properties": {"cod_dane": "273168003460", "nombre_sede": "LA UNION CORONILLO", "nombre_establecimiento": "INSTITUCION EDUCATIVA TECNICA MEDALLA MILAGROSA", "sector": "OFICIAL", "zona": "RURAL", "nom_mun": "CHAPARRAL", "nom_dep": "TOLIMA", "estado_fisico": "Afectación menor", "total_matricula": 14.0, "confianza_geo": "3 - BAJA"}}, {"type": "Feature", "geometry": {"type": "Point", "coordinates": [-74.82469670983531, 4.482541880132732]}, "properties": {"cod_dane": "273200000052", "nombre_sede": "LIBORIO MEJIA", "nombre_establecimiento": "INSTITUCION EDUCATIVA TECNICA LA VEGA DE LOS PADRES", "sector": "OFICIAL", "zona": "RURAL", "nom_mun": "COELLO", "nom_dep": "TOLIMA", "estado_fisico": "Afectación menor", "total_matricula": 19.0, "confianza_geo": "2 - MEDIA"}}, {"type": "Feature", "geometry": {"type": "Point", "coordinates": [-74.96730999962733, 4.223282497611538]}, "properties": {"cod_dane": "273200000079", "nombre_sede": "CUNIRA", "nombre_establecimiento": "INSTITUCION EDUCATIVA CARLOS LLERAS RESTREPO", "sector": "OFICIAL", "zona": "RURAL", "nom_mun": "COELLO", "nom_dep": "TOLIMA", "estado_fisico": "Afectación menor", "total_matricula": 9.0, "confianza_geo": "1 - ALTA"}}, {"type": "Feature", "geometry": {"type": "Point", "coordinates": [-74.83367947011274, 4.426126789601901]}, "properties": {"cod_dane": "273200000095", "nombre_sede": "I.E.T. LA VEGA DE LOS PADRES - SEDE PRINCIPAL", "nombre_establecimiento": "INSTITUCION EDUCATIVA TECNICA LA VEGA DE LOS PADRES", "sector": "OFICIAL", "zona": "RURAL", "nom_mun": "COELLO", "nom_dep": "TOLIMA", "estado_fisico": "Afectación menor", "total_matricula": 96.0, "confianza_geo": "1 - ALTA"}}, {"type": "Feature", "geometry": {"type": "Point", "coordinates": [-74.87314045011452, 4.4043118919741095]}, "properties": {"cod_dane": "273200000109", "nombre_sede": "DOS QUEBRADAS", "nombre_establecimiento": "INSTITUCION EDUCATIVA TECNICA LA VEGA DE LOS PADRES", "sector": "OFICIAL", "zona": "RURAL", "nom_mun": "COELLO", "nom_dep": "TOLIMA", "estado_fisico": "Afectación menor", "total_matricula": 21.0, "confianza_geo": "1 - ALTA"}}, {"type": "Feature", "geometry": {"type": "Point", "coordinates": [-74.91391489013084, 4.257832272042833]}, "properties": {"cod_dane": "273200000150", "nombre_sede": "I.E. CARLOS LLERAS RESTREPO - SEDE PRINCIPAL", "nombre_establecimiento": "INSTITUCION EDUCATIVA CARLOS LLERAS RESTREPO", "sector": "OFICIAL", "zona": "RURAL", "nom_mun": "COELLO", "nom_dep": "TOLIMA", "estado_fisico": "Afectación menor", "total_matricula": 203.0, "confianza_geo": "1 - ALTA"}}, {"type": "Feature", "geometry": {"type": "Point", "coordinates": [-74.84399890017673, 4.463188687064326]}, "properties": {"cod_dane": "273200000206", "nombre_sede": "VINDI", "nombre_establecimiento": "INSTITUCION EDUCATIVA TECNICA LA VEGA DE LOS PADRES", "sector": "OFICIAL", "zona": "RURAL", "nom_mun": "COELLO", "nom_dep": "TOLIMA", "estado_fisico": "Afectación menor", "total_matricula": 15.0, "confianza_geo": "2 - MEDIA"}}, {"type": "Feature", "geometry": {"type": "Point", "coordinates": [-74.9521195196139, 4.303575031126143]}, "properties": {"cod_dane": "273200000303", "nombre_sede": "CHAGUALA ADENTRO", "nombre_establecimiento": "INSTITUCION EDUCATIVA CARLOS LLERAS RESTREPO", "sector": "OFICIAL", "zona": "RURAL", "nom_mun": "COELLO", "nom_dep": "TOLIMA", "estado_fisico": "Afectación menor", "total_matricula": 6.0, "confianza_geo": "1 - ALTA"}}, {"type": "Feature", "geometry": {"type": "Point", "coordinates": [-75.00189621963753, 3.757946820759059]}, "properties": {"cod_dane": "273217000293", "nombre_sede": "I.E. NUESTRA SEÑORA DEL CARMEN - SEDE PRINCIPAL", "nombre_establecimiento": "INSTITUCION EDUCATIVA NUESTRA SEÑORA DEL CARMEN", "sector": "OFICIAL", "zona": "RURAL", "nom_mun": "COYAIMA", "nom_dep": "TOLIMA", "estado_fisico": "Afectación menor", "total_matricula": 51.0, "confianza_geo": "1 - ALTA"}}, {"type": "Feature", "geometry": null, "properties": {"cod_dane": "273217000331", "nombre_sede": "LOS GUAYABOS", "nombre_establecimiento": "INSTITUCION EDUCATIVA NUESTRA SEÑORA DEL CARMEN", "sector": "OFICIAL", "zona": "RURAL", "nom_mun": "COYAIMA", "nom_dep": "TOLIMA", "estado_fisico": "Afectación menor", "total_matricula": 4.0, "confianza_geo": "3 - BAJA"}}, {"type": "Feature", "geometry": {"type": "Point", "coordinates": [-75.11031758964194, 3.828716339764296]}, "properties": {"cod_dane": "273217000641", "nombre_sede": "LAS PALMAS", "nombre_establecimiento": "INSTITUCION EDUCATIVA NUESTRA SEÑORA DEL CARMEN", "sector": "OFICIAL", "zona": "RURAL", "nom_mun": "COYAIMA", "nom_dep": "TOLIMA", "estado_fisico": "Afectación menor", "total_matricula": 3.0, "confianza_geo": "2 - MEDIA"}}, {"type": "Feature", "geometry": null, "properties": {"cod_dane": "273217000994", "nombre_sede": "TRES ESQUINAS", "nombre_establecimiento": "INSTITUCION EDUCATIVA NUESTRA SEÑORA DEL CARMEN", "sector": "OFICIAL", "zona": "RURAL", "nom_mun": "COYAIMA", "nom_dep": "TOLIMA", "estado_fisico": "Afectación menor", "total_matricula": 54.0, "confianza_geo": "3 - BAJA"}}, {"type": "Feature", "geometry": {"type": "Point", "coordinates": [-75.1276945501923, 3.8093206114157487]}, "properties": {"cod_dane": "273217001214", "nombre_sede": "CHENCHE BUENOS AIRES", "nombre_establecimiento": "INSTITUCION EDUCATIVA NUESTRA SEÑORA DEL CARMEN", "sector": "OFICIAL", "zona": "RURAL", "nom_mun": "COYAIMA", "nom_dep": "TOLIMA", "estado_fisico": "Afectación menor", "total_matricula": 92.0, "confianza_geo": "2 - MEDIA"}}, {"type": "Feature", "geometry": {"type": "Point", "coordinates": [-74.82416700026174, 3.5649999999203152]}, "properties": {"cod_dane": "273236000059", "nombre_sede": "EL JAPON", "nombre_establecimiento": "INSTITUCION EDUCATIVA TECNICA SAN JOSE", "sector": "OFICIAL", "zona": "RURAL", "nom_mun": "DOLORES", "nom_dep": "TOLIMA", "estado_fisico": "Afectación menor", "total_matricula": 16.0, "confianza_geo": "2 - MEDIA"}}, {"type": "Feature", "geometry": {"type": "Point", "coordinates": [-74.79694400024255, 3.527777999646884]}, "properties": {"cod_dane": "273236000067", "nombre_sede": "AMBICA", "nombre_establecimiento": "INSTITUCION EDUCATIVA TECNICA SAN JOSE", "sector": "OFICIAL", "zona": "RURAL", "nom_mun": "DOLORES", "nom_dep": "TOLIMA", "estado_fisico": "Afectación menor", "total_matricula": 5.0, "confianza_geo": "1 - ALTA"}}, {"type": "Feature", "geometry": {"type": "Point", "coordinates": [-74.81073444959748, 3.6489457621733057]}, "properties": {"cod_dane": "273236000113", "nombre_sede": "RIONEGRO", "nombre_establecimiento": "INSTITUCION EDUCATIVA SAN ANDRES", "sector": "OFICIAL", "zona": "RURAL", "nom_mun": "DOLORES", "nom_dep": "TOLIMA", "estado_fisico": "Colapso parcial", "total_matricula": 6.0, "confianza_geo": "2 - MEDIA"}}, {"type": "Feature", "geometry": {"type": "Point", "coordinates": [-74.82758103043103, 3.6122068840350203]}, "properties": {"cod_dane": "273236000172", "nombre_sede": "I.E. SAN ANDRES - SEDE PRINCIPAL", "nombre_establecimiento": "INSTITUCION EDUCATIVA SAN ANDRES", "sector": "OFICIAL", "zona": "RURAL", "nom_mun": "DOLORES", "nom_dep": "TOLIMA", "estado_fisico": "Colapso parcial", "total_matricula": 176.0, "confianza_geo": "1 - ALTA"}}, {"type": "Feature", "geometry": {"type": "Point", "coordinates": [-74.76038505022403, 3.6754053686933195]}, "properties": {"cod_dane": "273236000237", "nombre_sede": "LA SOLEDAD", "nombre_establecimiento": "INSTITUCION EDUCATIVA SAN ANDRES", "sector": "OFICIAL", "zona": "RURAL", "nom_mun": "DOLORES", "nom_dep": "TOLIMA", "estado_fisico": "Colapso parcial", "total_matricula": 18.0, "confianza_geo": "1 - ALTA"}}, {"type": "Feature", "geometry": {"type": "Point", "coordinates": [-74.78236270016264, 3.647482938028061]}, "properties": {"cod_dane": "273236000245", "nombre_sede": "SAN PABLO", "nombre_establecimiento": "INSTITUCION EDUCATIVA SAN ANDRES", "sector": "OFICIAL", "zona": "RURAL", "nom_mun": "DOLORES", "nom_dep": "TOLIMA", "estado_fisico": "Colapso parcial", "total_matricula": 10.0, "confianza_geo": "2 - MEDIA"}}, {"type": "Feature", "geometry": {"type": "Point", "coordinates": [-74.79456590007237, 3.6109365117996974]}, "properties": {"cod_dane": "273236000261", "nombre_sede": "LLANITOS", "nombre_establecimiento": "INSTITUCION EDUCATIVA SAN ANDRES", "sector": "OFICIAL", "zona": "RURAL", "nom_mun": "DOLORES", "nom_dep": "TOLIMA", "estado_fisico": "Colapso parcial", "total_matricula": 19.0, "confianza_geo": "2 - MEDIA"}}, {"type": "Feature", "geometry": {"type": "Point", "coordinates": [-74.82388900042739, 3.519721999598008]}, "properties": {"cod_dane": "273236000288", "nombre_sede": "I.E.T. SAN JOSE - SEDE PRINCIPAL", "nombre_establecimiento": "INSTITUCION EDUCATIVA TECNICA SAN JOSE", "sector": "OFICIAL", "zona": "RURAL", "nom_mun": "DOLORES", "nom_dep": "TOLIMA", "estado_fisico": "Afectación menor", "total_matricula": 127.0, "confianza_geo": "1 - ALTA"}}, {"type": "Feature", "geometry": {"type": "Point", "coordinates": [-74.76676066957822, 3.5651305782750424]}, "properties": {"cod_dane": "273236000504", "nombre_sede": "PORTACHUELO", "nombre_establecimiento": "INSTITUCION EDUCATIVA TECNICA SAN JOSE", "sector": "OFICIAL", "zona": "RURAL", "nom_mun": "DOLORES", "nom_dep": "TOLIMA", "estado_fisico": "Afectación menor", "total_matricula": 10.0, "confianza_geo": "2 - MEDIA"}}, {"type": "Feature", "geometry": {"type": "Point", "coordinates": [-74.79952227021086, 3.536304219833362]}, "properties": {"cod_dane": "273236000512", "nombre_sede": "PICACHOS", "nombre_establecimiento": "INSTITUCION EDUCATIVA TECNICA SAN JOSE", "sector": "OFICIAL", "zona": "RURAL", "nom_mun": "DOLORES", "nom_dep": "TOLIMA", "estado_fisico": "Afectación menor", "total_matricula": 10.0, "confianza_geo": "2 - MEDIA"}}, {"type": "Feature", "geometry": {"type": "Point", "coordinates": [-74.85482697971078, 3.5437287925575527]}, "properties": {"cod_dane": "273236000547", "nombre_sede": "EL PESCADO", "nombre_establecimiento": "INSTITUCION EDUCATIVA TECNICA SAN JOSE", "sector": "OFICIAL", "zona": "RURAL", "nom_mun": "DOLORES", "nom_dep": "TOLIMA", "estado_fisico": "Afectación menor", "total_matricula": 4.0, "confianza_geo": "2 - MEDIA"}}, {"type": "Feature", "geometry": {"type": "Point", "coordinates": [-74.74349499991386, 3.700286337175166]}, "properties": {"cod_dane": "273236000555", "nombre_sede": "PALMALOSA", "nombre_establecimiento": "INSTITUCION EDUCATIVA SAN ANDRES", "sector": "OFICIAL", "zona": "RURAL", "nom_mun": "DOLORES", "nom_dep": "TOLIMA", "estado_fisico": "Colapso parcial", "total_matricula": 52.0, "confianza_geo": "2 - MEDIA"}}, {"type": "Feature", "geometry": {"type": "Point", "coordinates": [-75.02151346621707, 5.12151944960536]}, "properties": {"cod_dane": "273270000041", "nombre_sede": "PALOCABILDO", "nombre_establecimiento": "INSTITUCION EDUCATIVA TECNICA AGROINDUSTRIAL LEOPOLDO GARCIA", "sector": "OFICIAL", "zona": "URBANA", "nom_mun": "PALOCABILDO", "nom_dep": "TOLIMA", "estado_fisico": "Afectación parcial", "total_matricula": 560.0, "confianza_geo": "2 - MEDIA"}}, {"type": "Feature", "geometry": null, "properties": {"cod_dane": "273270000068", "nombre_sede": "BUENOS AIRES", "nombre_establecimiento": "INSTITUCION EDUCATIVA TECNICA AGROINDUSTRIAL LEOPOLDO GARCIA", "sector": "OFICIAL", "zona": "RURAL", "nom_mun": "PALOCABILDO", "nom_dep": "TOLIMA", "estado_fisico": "Afectación parcial", "total_matricula": 34.0, "confianza_geo": "3 - BAJA"}}, {"type": "Feature", "geometry": null, "properties": {"cod_dane": "273270000076", "nombre_sede": "ABEJAS", "nombre_establecimiento": "INSTITUCION EDUCATIVA PLAYA RICA", "sector": "OFICIAL", "zona": "RURAL", "nom_mun": "PALOCABILDO", "nom_dep": "TOLIMA", "estado_fisico": "Afectación menor", "total_matricula": 15.0, "confianza_geo": "3 - BAJA"}}, {"type": "Feature", "geometry": null, "properties": {"cod_dane": "273270000114", "nombre_sede": "EL OLIMPO", "nombre_establecimiento": "INSTITUCION EDUCATIVA PLAYA RICA", "sector": "OFICIAL", "zona": "RURAL", "nom_mun": "PALOCABILDO", "nom_dep": "TOLIMA", "estado_fisico": "Afectación menor", "total_matricula": 25.0, "confianza_geo": "3 - BAJA"}}, {"type": "Feature", "geometry": {"type": "Point", "coordinates": [-74.9975550499416, 5.130138616072065]}, "properties": {"cod_dane": "273270000131", "nombre_sede": "EL REPOSO", "nombre_establecimiento": "INSTITUCION EDUCATIVA TECNICA AGROINDUSTRIAL LEOPOLDO GARCIA", "sector": "OFICIAL", "zona": "RURAL", "nom_mun": "PALOCABILDO", "nom_dep": "TOLIMA", "estado_fisico": "Afectación parcial", "total_matricula": 15.0, "confianza_geo": "2 - MEDIA"}}, {"type": "Feature", "geometry": null, "properties": {"cod_dane": "273270000181", "nombre_sede": "I.E. PLAYA RICA - SEDE PRINCIPAL", "nombre_establecimiento": "INSTITUCION EDUCATIVA PLAYA RICA", "sector": "OFICIAL", "zona": "RURAL", "nom_mun": "PALOCABILDO", "nom_dep": "TOLIMA", "estado_fisico": "Afectación menor", "total_matricula": 103.0, "confianza_geo": "3 - BAJA"}}, {"type": "Feature", "geometry": null, "properties": {"cod_dane": "273270000203", "nombre_sede": "POMPONA", "nombre_establecimiento": "INSTITUCION EDUCATIVA PLAYA RICA", "sector": "OFICIAL", "zona": "RURAL", "nom_mun": "PALOCABILDO", "nom_dep": "TOLIMA", "estado_fisico": "Afectación menor", "total_matricula": 22.0, "confianza_geo": "3 - BAJA"}}, {"type": "Feature", "geometry": null, "properties": {"cod_dane": "273270000211", "nombre_sede": "ERNESTO GUZMAN ARCINIEGAS", "nombre_establecimiento": "INSTITUCION EDUCATIVA TECNICA AGROINDUSTRIAL LEOPOLDO GARCIA", "sector": "OFICIAL", "zona": "RURAL", "nom_mun": "PALOCABILDO", "nom_dep": "TOLIMA", "estado_fisico": "Afectación parcial", "total_matricula": 30.0, "confianza_geo": "3 - BAJA"}}, {"type": "Feature", "geometry": null, "properties": {"cod_dane": "273270000238", "nombre_sede": "PAUJIL", "nombre_establecimiento": "INSTITUCION EDUCATIVA TECNICA AGROINDUSTRIAL LEOPOLDO GARCIA", "sector": "OFICIAL", "zona": "RURAL", "nom_mun": "PALOCABILDO", "nom_dep": "TOLIMA", "estado_fisico": "Afectación parcial", "total_matricula": 12.0, "confianza_geo": "3 - BAJA"}}, {"type": "Feature", "geometry": {"type": "Point", "coordinates": [-75.02306460967603, 5.128393250288274]}, "properties": {"cod_dane": "273270000254", "nombre_sede": "ALTO GUALI", "nombre_establecimiento": "INSTITUCION EDUCATIVA TECNICA AGROINDUSTRIAL LEOPOLDO GARCIA", "sector": "OFICIAL", "zona": "RURAL", "nom_mun": "PALOCABILDO", "nom_dep": "TOLIMA", "estado_fisico": "Afectación parcial", "total_matricula": 8.0, "confianza_geo": "2 - MEDIA"}}, {"type": "Feature", "geometry": null, "properties": {"cod_dane": "273270000289", "nombre_sede": "LA ARGELIA", "nombre_establecimiento": "INSTITUCION EDUCATIVA TECNICA AGROINDUSTRIAL LEOPOLDO GARCIA", "sector": "OFICIAL", "zona": "RURAL", "nom_mun": "PALOCABILDO", "nom_dep": "TOLIMA", "estado_fisico": "Afectación parcial", "total_matricula": 43.0, "confianza_geo": "3 - BAJA"}}, {"type": "Feature", "geometry": null, "properties": {"cod_dane": "273270000343", "nombre_sede": "SAN JOSE", "nombre_establecimiento": "INSTITUCION EDUCATIVA TECNICA AGROINDUSTRIAL LEOPOLDO GARCIA", "sector": "OFICIAL", "zona": "RURAL", "nom_mun": "PALOCABILDO", "nom_dep": "TOLIMA", "estado_fisico": "Afectación parcial", "total_matricula": 17.0, "confianza_geo": "3 - BAJA"}}, {"type": "Feature", "geometry": null, "properties": {"cod_dane": "273270000408", "nombre_sede": "I.E.T. AGROINDUSTRIAL LEOPOLDO GARCIA - SEDE PRINCIPAL", "nombre_establecimiento": "INSTITUCION EDUCATIVA TECNICA AGROINDUSTRIAL LEOPOLDO GARCIA", "sector": "OFICIAL", "zona": "URBANA", "nom_mun": "PALOCABILDO", "nom_dep": "TOLIMA", "estado_fisico": "Afectación parcial", "total_matricula": 477.0, "confianza_geo": "3 - BAJA"}}, {"type": "Feature", "geometry": null, "properties": {"cod_dane": "273270000416", "nombre_sede": "MULEROS", "nombre_establecimiento": "INSTITUCION EDUCATIVA PLAYA RICA", "sector": "OFICIAL", "zona": "RURAL", "nom_mun": "PALOCABILDO", "nom_dep": "TOLIMA", "estado_fisico": "Afectación menor", "total_matricula": 21.0, "confianza_geo": "3 - BAJA"}}, {"type": "Feature", "geometry": null, "properties": {"cod_dane": "273270000432", "nombre_sede": "EL PALMAR", "nombre_establecimiento": "INSTITUCION EDUCATIVA TECNICA AGROINDUSTRIAL LEOPOLDO GARCIA", "sector": "OFICIAL", "zona": "RURAL", "nom_mun": "PALOCABILDO", "nom_dep": "TOLIMA", "estado_fisico": "Afectación parcial", "total_matricula": 19.0, "confianza_geo": "3 - BAJA"}}, {"type": "Feature", "geometry": null, "properties": {"cod_dane": "273270000483", "nombre_sede": "GUALI BAJO", "nombre_establecimiento": "INSTITUCION EDUCATIVA TECNICA AGROINDUSTRIAL LEOPOLDO GARCIA", "sector": "OFICIAL", "zona": "RURAL", "nom_mun": "FALAN", "nom_dep": "TOLIMA", "estado_fisico": "Afectación parcial", "total_matricula": 10.0, "confianza_geo": "3 - BAJA"}}, {"type": "Feature", "geometry": null, "properties": {"cod_dane": "273270000505", "nombre_sede": "LA MARIA", "nombre_establecimiento": "INSTITUCION EDUCATIVA TECNICA AGROINDUSTRIAL LEOPOLDO GARCIA", "sector": "OFICIAL", "zona": "RURAL", "nom_mun": "PALOCABILDO", "nom_dep": "TOLIMA", "estado_fisico": "Afectación parcial", "total_matricula": 12.0, "confianza_geo": "3 - BAJA"}}, {"type": "Feature", "geometry": null, "properties": {"cod_dane": "273319000174", "nombre_sede": "CHONTADURO", "nombre_establecimiento": "INSTITUCION EDUCATIVA SOR JOSEFA DEL CASTILLO", "sector": "OFICIAL", "zona": "RURAL", "nom_mun": "GUAMO", "nom_dep": "TOLIMA", "estado_fisico": "Afectación menor", "total_matricula": 17.0, "confianza_geo": "3 - BAJA"}}, {"type": "Feature", "geometry": {"type": "Point", "coordinates": [-75.02732889975333, 4.059371027389609]}, "properties": {"cod_dane": "273319000182", "nombre_sede": "EL DIAMANTE", "nombre_establecimiento": "INSTITUCION EDUCATIVA SOR JOSEFA DEL CASTILLO", "sector": "OFICIAL", "zona": "RURAL", "nom_mun": "GUAMO", "nom_dep": "TOLIMA", "estado_fisico": "Afectación menor", "total_matricula": 7.0, "confianza_geo": "2 - MEDIA"}}, {"type": "Feature", "geometry": null, "properties": {"cod_dane": "273319000271", "nombre_sede": "EL JARDIN", "nombre_establecimiento": "INSTITUCION EDUCATIVA SOR JOSEFA DEL CASTILLO", "sector": "OFICIAL", "zona": "RURAL", "nom_mun": "GUAMO", "nom_dep": "TOLIMA", "estado_fisico": "Afectación menor", "total_matricula": 23.0, "confianza_geo": "3 - BAJA"}}, {"type": "Feature", "geometry": null, "properties": {"cod_dane": "273319000417", "nombre_sede": "TOVAR", "nombre_establecimiento": "INSTITUCION EDUCATIVA SOR JOSEFA DEL CASTILLO", "sector": "OFICIAL", "zona": "RURAL", "nom_mun": "GUAMO", "nom_dep": "TOLIMA", "estado_fisico": "Afectación menor", "total_matricula": 12.0, "confianza_geo": "3 - BAJA"}}, {"type": "Feature", "geometry": {"type": "Point", "coordinates": [-74.97558017040731, 3.9594334875772694]}, "properties": {"cod_dane": "273319000450", "nombre_sede": "PRINGAMOSAL LOS PASOS", "nombre_establecimiento": "INSTITUCION EDUCATIVA SOR JOSEFA DEL CASTILLO", "sector": "OFICIAL", "zona": "RURAL", "nom_mun": "GUAMO", "nom_dep": "TOLIMA", "estado_fisico": "Afectación menor", "total_matricula": 14.0, "confianza_geo": "2 - MEDIA"}}, {"type": "Feature", "geometry": null, "properties": {"cod_dane": "273319000484", "nombre_sede": "JAGUALITO PUEBLO NUEVO", "nombre_establecimiento": "INSTITUCION EDUCATIVA SOR JOSEFA DEL CASTILLO", "sector": "OFICIAL", "zona": "RURAL", "nom_mun": "GUAMO", "nom_dep": "TOLIMA", "estado_fisico": "Afectación menor", "total_matricula": 8.0, "confianza_geo": "3 - BAJA"}}, {"type": "Feature", "geometry": null, "properties": {"cod_dane": "273352000171", "nombre_sede": "DOSQUEBRADAS", "nombre_establecimiento": "INSTITUCION EDUCATIVA NORMAL SUPERIOR", "sector": "OFICIAL", "zona": "RURAL", "nom_mun": "ICONONZO", "nom_dep": "TOLIMA", "estado_fisico": "Afectación parcial", "total_matricula": 18.0, "confianza_geo": "3 - BAJA"}}, {"type": "Feature", "geometry": {"type": "Point", "coordinates": [-74.5332709804431, 4.192596176309396]}, "properties": {"cod_dane": "273352000252", "nombre_sede": "PORTACHUELO", "nombre_establecimiento": "INSTITUCION EDUCATIVA NORMAL SUPERIOR", "sector": "OFICIAL", "zona": "RURAL", "nom_mun": "ICONONZO", "nom_dep": "TOLIMA", "estado_fisico": "Afectación parcial", "total_matricula": 4.0, "confianza_geo": "2 - MEDIA"}}, {"type": "Feature", "geometry": null, "properties": {"cod_dane": "273352000309", "nombre_sede": "SAN JOSE DEL GUATIMBOL", "nombre_establecimiento": "INSTITUCION EDUCATIVA NORMAL SUPERIOR", "sector": "OFICIAL", "zona": "RURAL", "nom_mun": "ICONONZO", "nom_dep": "TOLIMA", "estado_fisico": "Afectación parcial", "total_matricula": 14.0, "confianza_geo": "3 - BAJA"}}, {"type": "Feature", "geometry": null, "properties": {"cod_dane": "273352000325", "nombre_sede": "EL CHAPARRO", "nombre_establecimiento": "INSTITUCION EDUCATIVA NORMAL SUPERIOR", "sector": "OFICIAL", "zona": "RURAL", "nom_mun": "ICONONZO", "nom_dep": "TOLIMA", "estado_fisico": "Riesgo inminente de colapso", "total_matricula": 16.0, "confianza_geo": "3 - BAJA"}}, {"type": "Feature", "geometry": {"type": "Point", "coordinates": [-74.53388888930623, 4.13027777816686]}, "properties": {"cod_dane": "273352000333", "nombre_sede": "PARROQUIA VIEJA", "nombre_establecimiento": "INSTITUCION EDUCATIVA NORMAL SUPERIOR", "sector": "OFICIAL", "zona": "RURAL", "nom_mun": "ICONONZO", "nom_dep": "TOLIMA", "estado_fisico": "Afectación parcial", "total_matricula": 8.0, "confianza_geo": "1 - ALTA"}}, {"type": "Feature", "geometry": {"type": "Point", "coordinates": [-74.53305600012088, 4.183056000039762]}, "properties": {"cod_dane": "273352000341", "nombre_sede": "ALTO DE ICONONZO", "nombre_establecimiento": "INSTITUCION EDUCATIVA NORMAL SUPERIOR", "sector": "OFICIAL", "zona": "RURAL", "nom_mun": "ICONONZO", "nom_dep": "TOLIMA", "estado_fisico": "Afectación parcial", "total_matricula": 16.0, "confianza_geo": "2 - MEDIA"}}, {"type": "Feature", "geometry": {"type": "Point", "coordinates": [-74.48584294998432, 4.152741642647442]}, "properties": {"cod_dane": "273352000597", "nombre_sede": "EL MESON", "nombre_establecimiento": "INSTITUCION EDUCATIVA NORMAL SUPERIOR", "sector": "OFICIAL", "zona": "RURAL", "nom_mun": "ICONONZO", "nom_dep": "TOLIMA", "estado_fisico": "Afectación parcial", "total_matricula": 5.0, "confianza_geo": "2 - MEDIA"}}, {"type": "Feature", "geometry": {"type": "Point", "coordinates": [-74.95237509031224, 4.849135965417546]}, "properties": {"cod_dane": "273408000056", "nombre_sede": "ALTO DEL SOL", "nombre_establecimiento": "INSTITUCION EDUCATIVA SAN FRANCISCO DE LA SIERRA", "sector": "OFICIAL", "zona": "RURAL", "nom_mun": "LÉRIDA", "nom_dep": "TOLIMA", "estado_fisico": "Afectación parcial", "total_matricula": 2.0, "confianza_geo": "2 - MEDIA"}}, {"type": "Feature", "geometry": {"type": "Point", "coordinates": [-74.93639597032772, 4.799820302950321]}, "properties": {"cod_dane": "273408000137", "nombre_sede": "I.E. SAN FRANCISCO DE LA SIERRA - SEDE PRINCIPAL", "nombre_establecimiento": "INSTITUCION EDUCATIVA SAN FRANCISCO DE LA SIERRA", "sector": "OFICIAL", "zona": "RURAL", "nom_mun": "LÉRIDA", "nom_dep": "TOLIMA", "estado_fisico": "Afectación parcial", "total_matricula": 205.0, "confianza_geo": "1 - ALTA"}}, {"type": "Feature", "geometry": {"type": "Point", "coordinates": [-74.99550177967983, 4.815524744640613]}, "properties": {"cod_dane": "273408000145", "nombre_sede": "ALTAMIRADA", "nombre_establecimiento": "INSTITUCION EDUCATIVA SAN FRANCISCO DE LA SIERRA", "sector": "OFICIAL", "zona": "RURAL", "nom_mun": "LÉRIDA", "nom_dep": "TOLIMA", "estado_fisico": "Afectación parcial", "total_matricula": 4.0, "confianza_geo": "2 - MEDIA"}}, {"type": "Feature", "geometry": {"type": "Point", "coordinates": [-74.95290319010483, 4.879498630920743]}, "properties": {"cod_dane": "273408000170", "nombre_sede": "ALTO DEL BLEDO", "nombre_establecimiento": "INSTITUCION EDUCATIVA SAN FRANCISCO DE LA SIERRA", "sector": "OFICIAL", "zona": "RURAL", "nom_mun": "LÉRIDA", "nom_dep": "TOLIMA", "estado_fisico": "Afectación parcial", "total_matricula": 3.0, "confianza_geo": "2 - MEDIA"}}, {"type": "Feature", "geometry": {"type": "Point", "coordinates": [-75.00002514029181, 4.829109087893744]}, "properties": {"cod_dane": "273408000188", "nombre_sede": "DELICIAS", "nombre_establecimiento": "INSTITUCION EDUCATIVA SAN FRANCISCO DE LA SIERRA", "sector": "OFICIAL", "zona": "RURAL", "nom_mun": "LÉRIDA", "nom_dep": "TOLIMA", "estado_fisico": "Afectación parcial", "total_matricula": 80.0, "confianza_geo": "1 - ALTA"}}, {"type": "Feature", "geometry": null, "properties": {"cod_dane": "273411000261", "nombre_sede": "TARAPACA", "nombre_establecimiento": "INSTITUCION EDUCATIVA CAMPOALEGRE  EUCLIDES BARRAGAN MENDEZ", "sector": "OFICIAL", "zona": "RURAL", "nom_mun": "LÍBANO", "nom_dep": "TOLIMA", "estado_fisico": "Afectación menor", "total_matricula": 14.0, "confianza_geo": "3 - BAJA"}}, {"type": "Feature", "geometry": {"type": "Point", "coordinates": [-75.01834444974487, 4.9508135818075]}, "properties": {"cod_dane": "273411000351", "nombre_sede": "EL HORIZONTE", "nombre_establecimiento": "INSTITUCION EDUCATIVA CAMPOALEGRE  EUCLIDES BARRAGAN MENDEZ", "sector": "OFICIAL", "zona": "RURAL", "nom_mun": "LÍBANO", "nom_dep": "TOLIMA", "estado_fisico": "Afectación menor", "total_matricula": 7.0, "confianza_geo": "2 - MEDIA"}}, {"type": "Feature", "geometry": {"type": "Point", "coordinates": [-75.02343558963386, 4.895837956149178]}, "properties": {"cod_dane": "273411000431", "nombre_sede": "CORALITO", "nombre_establecimiento": "INSTITUCION EDUCATIVA CAMPOALEGRE  EUCLIDES BARRAGAN MENDEZ", "sector": "OFICIAL", "zona": "RURAL", "nom_mun": "LÍBANO", "nom_dep": "TOLIMA", "estado_fisico": "Afectación menor", "total_matricula": 12.0, "confianza_geo": "2 - MEDIA"}}, {"type": "Feature", "geometry": {"type": "Point", "coordinates": [-75.03993500035621, 4.910486476156949]}, "properties": {"cod_dane": "273411000687", "nombre_sede": "I.E. CAMPOALEGRE EUCLIDES BARRAGAN MENDEZ - SEDE PRINCIPAL", "nombre_establecimiento": "INSTITUCION EDUCATIVA CAMPOALEGRE  EUCLIDES BARRAGAN MENDEZ", "sector": "OFICIAL", "zona": "RURAL", "nom_mun": "LÍBANO", "nom_dep": "TOLIMA", "estado_fisico": "Afectación menor", "total_matricula": 86.0, "confianza_geo": "1 - ALTA"}}, {"type": "Feature", "geometry": {"type": "Point", "coordinates": [-75.00694444431046, 4.934722221660928]}, "properties": {"cod_dane": "273411000784", "nombre_sede": "SABANETA", "nombre_establecimiento": "INSTITUCION EDUCATIVA CAMPOALEGRE  EUCLIDES BARRAGAN MENDEZ", "sector": "OFICIAL", "zona": "RURAL", "nom_mun": "LÍBANO", "nom_dep": "TOLIMA", "estado_fisico": "Afectación menor", "total_matricula": 4.0, "confianza_geo": "1 - ALTA"}}, {"type": "Feature", "geometry": {"type": "Point", "coordinates": [-75.02774245985563, 4.942941984657248]}, "properties": {"cod_dane": "273411000873", "nombre_sede": "AGUADOR LOS NARANJOS", "nombre_establecimiento": "INSTITUCION EDUCATIVA CAMPOALEGRE  EUCLIDES BARRAGAN MENDEZ", "sector": "OFICIAL", "zona": "RURAL", "nom_mun": "LÍBANO", "nom_dep": "TOLIMA", "estado_fisico": "Afectación menor", "total_matricula": 15.0, "confianza_geo": "2 - MEDIA"}}, {"type": "Feature", "geometry": {"type": "Point", "coordinates": [-75.00750000021141, 4.945555556376762]}, "properties": {"cod_dane": "273411001535", "nombre_sede": "LA ALCANCIA", "nombre_establecimiento": "INSTITUCION EDUCATIVA CAMPOALEGRE  EUCLIDES BARRAGAN MENDEZ", "sector": "OFICIAL", "zona": "RURAL", "nom_mun": "LÍBANO", "nom_dep": "TOLIMA", "estado_fisico": "Afectación menor", "total_matricula": 4.0, "confianza_geo": "2 - MEDIA"}}, {"type": "Feature", "geometry": {"type": "Point", "coordinates": [-75.02508551004485, 4.910501722790971]}, "properties": {"cod_dane": "273411001811", "nombre_sede": "POMARROSO", "nombre_establecimiento": "INSTITUCION EDUCATIVA CAMPOALEGRE  EUCLIDES BARRAGAN MENDEZ", "sector": "OFICIAL", "zona": "RURAL", "nom_mun": "LÍBANO", "nom_dep": "TOLIMA", "estado_fisico": "Afectación menor", "total_matricula": 7.0, "confianza_geo": "2 - MEDIA"}}, {"type": "Feature", "geometry": {"type": "Point", "coordinates": [-75.02027777784822, 4.910555556339183]}, "properties": {"cod_dane": "273411002108", "nombre_sede": "LA HELVECIA", "nombre_establecimiento": "INSTITUCION EDUCATIVA CAMPOALEGRE  EUCLIDES BARRAGAN MENDEZ", "sector": "OFICIAL", "zona": "RURAL", "nom_mun": "LÍBANO", "nom_dep": "TOLIMA", "estado_fisico": "Afectación menor", "total_matricula": 26.0, "confianza_geo": "2 - MEDIA"}}, {"type": "Feature", "geometry": null, "properties": {"cod_dane": "273504000059", "nombre_sede": "EL TRIUNFO", "nombre_establecimiento": "INSTITUCION EDUCATIVA ALTOZANO", "sector": "OFICIAL", "zona": "RURAL", "nom_mun": "ORTEGA", "nom_dep": "TOLIMA", "estado_fisico": "Riesgo inminente de colapso", "total_matricula": 63.0, "confianza_geo": "3 - BAJA"}}, {"type": "Feature", "geometry": {"type": "Point", "coordinates": [-75.32027777840533, 3.9319444439617066]}, "properties": {"cod_dane": "273504000156", "nombre_sede": "BALSA FRUTERO", "nombre_establecimiento": "INSTITUCION EDUCATIVA ALTOZANO", "sector": "OFICIAL", "zona": "RURAL", "nom_mun": "ORTEGA", "nom_dep": "TOLIMA", "estado_fisico": "Riesgo inminente de colapso", "total_matricula": 33.0, "confianza_geo": "2 - MEDIA"}}, {"type": "Feature", "geometry": null, "properties": {"cod_dane": "273504000164", "nombre_sede": "LOS ANDES", "nombre_establecimiento": "INSTITUCION EDUCATIVA ALTOZANO", "sector": "OFICIAL", "zona": "RURAL", "nom_mun": "ORTEGA", "nom_dep": "TOLIMA", "estado_fisico": "Riesgo inminente de colapso", "total_matricula": 18.0, "confianza_geo": "3 - BAJA"}}, {"type": "Feature", "geometry": {"type": "Point", "coordinates": [-75.3813685097008, 4.031236213326678]}, "properties": {"cod_dane": "273504000245", "nombre_sede": "LA POPA", "nombre_establecimiento": "INSTITUCION EDUCATIVA ALTOZANO", "sector": "OFICIAL", "zona": "RURAL", "nom_mun": "ORTEGA", "nom_dep": "TOLIMA", "estado_fisico": "Riesgo inminente de colapso", "total_matricula": 23.0, "confianza_geo": "2 - MEDIA"}}, {"type": "Feature", "geometry": {"type": "Point", "coordinates": [-75.27174700035827, 3.9994059996864078]}, "properties": {"cod_dane": "273504000466", "nombre_sede": "MESA DE ORTEGA", "nombre_establecimiento": "INSTITUCION EDUCATIVA ALTOZANO", "sector": "OFICIAL", "zona": "RURAL", "nom_mun": "ORTEGA", "nom_dep": "TOLIMA", "estado_fisico": "Riesgo inminente de colapso", "total_matricula": 38.0, "confianza_geo": "1 - ALTA"}}, {"type": "Feature", "geometry": {"type": "Point", "coordinates": [-75.26904869031519, 3.9505463872775484]}, "properties": {"cod_dane": "273504000920", "nombre_sede": "I.E. ALTOZANO - SEDE PRINCIPAL", "nombre_establecimiento": "INSTITUCION EDUCATIVA ALTOZANO", "sector": "OFICIAL", "zona": "RURAL", "nom_mun": "ORTEGA", "nom_dep": "TOLIMA", "estado_fisico": "Riesgo inminente de colapso", "total_matricula": 76.0, "confianza_geo": "2 - MEDIA"}}, {"type": "Feature", "geometry": null, "properties": {"cod_dane": "273504001250", "nombre_sede": "LOS NARANJOS", "nombre_establecimiento": "INSTITUCION EDUCATIVA ALTOZANO", "sector": "OFICIAL", "zona": "RURAL", "nom_mun": "ORTEGA", "nom_dep": "TOLIMA", "estado_fisico": "Riesgo inminente de colapso", "total_matricula": 106.0, "confianza_geo": "3 - BAJA"}}, {"type": "Feature", "geometry": {"type": "Point", "coordinates": [-75.30268967962722, 4.088966898872164]}, "properties": {"cod_dane": "273504001624", "nombre_sede": "LA YUCALA", "nombre_establecimiento": "INSTITUCION EDUCATIVA ALTOZANO", "sector": "OFICIAL", "zona": "RURAL", "nom_mun": "ORTEGA", "nom_dep": "TOLIMA", "estado_fisico": "Riesgo inminente de colapso", "total_matricula": 9.0, "confianza_geo": "2 - MEDIA"}}, {"type": "Feature", "geometry": {"type": "Point", "coordinates": [-75.2947296701654, 4.012489011609457]}, "properties": {"cod_dane": "273504001659", "nombre_sede": "CACHIPAY", "nombre_establecimiento": "INSTITUCION EDUCATIVA ALTOZANO", "sector": "OFICIAL", "zona": "RURAL", "nom_mun": "ORTEGA", "nom_dep": "TOLIMA", "estado_fisico": "Riesgo inminente de colapso", "total_matricula": 9.0, "confianza_geo": "2 - MEDIA"}}, {"type": "Feature", "geometry": {"type": "Point", "coordinates": [-75.30333333330807, 4.012499999751298]}, "properties": {"cod_dane": "273504001675", "nombre_sede": "SANTA ELENA", "nombre_establecimiento": "INSTITUCION EDUCATIVA ALTOZANO", "sector": "OFICIAL", "zona": "RURAL", "nom_mun": "ORTEGA", "nom_dep": "TOLIMA", "estado_fisico": "Riesgo inminente de colapso", "total_matricula": 25.0, "confianza_geo": "2 - MEDIA"}}, {"type": "Feature", "geometry": {"type": "Point", "coordinates": [-75.40789454012868, 4.029688473308448]}, "properties": {"cod_dane": "273504001713", "nombre_sede": "LA MILAGROSA", "nombre_establecimiento": "INSTITUCION EDUCATIVA ALTOZANO", "sector": "OFICIAL", "zona": "RURAL", "nom_mun": "ORTEGA", "nom_dep": "TOLIMA", "estado_fisico": "Riesgo inminente de colapso", "total_matricula": 16.0, "confianza_geo": "2 - MEDIA"}}, {"type": "Feature", "geometry": {"type": "Point", "coordinates": [-75.22834020011541, 4.0900687346912]}, "properties": {"cod_dane": "273504001799", "nombre_sede": "CALABOZO", "nombre_establecimiento": "INSTITUCION EDUCATIVA ALTOZANO", "sector": "OFICIAL", "zona": "RURAL", "nom_mun": "ORTEGA", "nom_dep": "TOLIMA", "estado_fisico": "Riesgo inminente de colapso", "total_matricula": 7.0, "confianza_geo": "2 - MEDIA"}}, {"type": "Feature", "geometry": {"type": "Point", "coordinates": [-75.35836052986053, 4.037179578647238]}, "properties": {"cod_dane": "273504001845", "nombre_sede": "CAMPOALEGRE", "nombre_establecimiento": "INSTITUCION EDUCATIVA ALTOZANO", "sector": "OFICIAL", "zona": "RURAL", "nom_mun": "ORTEGA", "nom_dep": "TOLIMA", "estado_fisico": "Riesgo inminente de colapso", "total_matricula": 13.0, "confianza_geo": "2 - MEDIA"}}, {"type": "Feature", "geometry": {"type": "Point", "coordinates": [-75.27018713964779, 4.099530141439914]}, "properties": {"cod_dane": "273504002027", "nombre_sede": "CERVANTES", "nombre_establecimiento": "INSTITUCION EDUCATIVA ALTOZANO", "sector": "OFICIAL", "zona": "RURAL", "nom_mun": "ORTEGA", "nom_dep": "TOLIMA", "estado_fisico": "Riesgo inminente de colapso", "total_matricula": 9.0, "confianza_geo": "2 - MEDIA"}}, {"type": "Feature", "geometry": {"type": "Point", "coordinates": [-75.40294370990055, 3.986213601909026]}, "properties": {"cod_dane": "273504002043", "nombre_sede": "BELLAVISTA", "nombre_establecimiento": "INSTITUCION EDUCATIVA ALTOZANO", "sector": "OFICIAL", "zona": "RURAL", "nom_mun": "ORTEGA", "nom_dep": "TOLIMA", "estado_fisico": "Riesgo inminente de colapso", "total_matricula": 12.0, "confianza_geo": "2 - MEDIA"}}, {"type": "Feature", "geometry": {"type": "Point", "coordinates": [-75.32284911966786, 4.072188674807143]}, "properties": {"cod_dane": "273504002078", "nombre_sede": "LOS MEDIOS", "nombre_establecimiento": "INSTITUCION EDUCATIVA ALTOZANO", "sector": "OFICIAL", "zona": "RURAL", "nom_mun": "ORTEGA", "nom_dep": "TOLIMA", "estado_fisico": "Riesgo inminente de colapso", "total_matricula": 5.0, "confianza_geo": "2 - MEDIA"}}, {"type": "Feature", "geometry": {"type": "Point", "coordinates": [-75.2939683596402, 4.092048767363924]}, "properties": {"cod_dane": "273504002094", "nombre_sede": "EL TIGRE", "nombre_establecimiento": "INSTITUCION EDUCATIVA ALTOZANO", "sector": "OFICIAL", "zona": "RURAL", "nom_mun": "ORTEGA", "nom_dep": "TOLIMA", "estado_fisico": "Riesgo inminente de colapso", "total_matricula": 6.0, "confianza_geo": "2 - MEDIA"}}, {"type": "Feature", "geometry": {"type": "Point", "coordinates": [-75.04545013966941, 5.0645888700931385]}, "properties": {"cod_dane": "273520000000", "nombre_sede": "ALTO BONITO", "nombre_establecimiento": "INSTITUCION EDUCATIVA PLAYA RICA", "sector": "OFICIAL", "zona": "RURAL", "nom_mun": "PALOCABILDO", "nom_dep": "TOLIMA", "estado_fisico": "Afectación menor", "total_matricula": 6.0, "confianza_geo": "2 - MEDIA"}}, {"type": "Feature", "geometry": {"type": "Point", "coordinates": [-75.01992164973697, 5.079735935905883]}, "properties": {"cod_dane": "273520000018", "nombre_sede": "LOS ARRAYANES", "nombre_establecimiento": "INSTITUCION EDUCATIVA PLAYA RICA", "sector": "OFICIAL", "zona": "RURAL", "nom_mun": "PALOCABILDO", "nom_dep": "TOLIMA", "estado_fisico": "Afectación menor", "total_matricula": 14.0, "confianza_geo": "1 - ALTA"}}, {"type": "Feature", "geometry": {"type": "Point", "coordinates": [-74.99638877978462, 5.102721528697571]}, "properties": {"cod_dane": "273520000042", "nombre_sede": "LA PRIMAVERA", "nombre_establecimiento": "INSTITUCION EDUCATIVA TECNICA AGROINDUSTRIAL LEOPOLDO GARCIA", "sector": "OFICIAL", "zona": "RURAL", "nom_mun": "PALOCABILDO", "nom_dep": "TOLIMA", "estado_fisico": "Afectación parcial", "total_matricula": 15.0, "confianza_geo": "1 - ALTA"}}, {"type": "Feature", "geometry": {"type": "Point", "coordinates": [-74.99441383003922, 5.07169335766521]}, "properties": {"cod_dane": "273520000051", "nombre_sede": "LA LIBERTAD", "nombre_establecimiento": "INSTITUCION EDUCATIVA TECNICA AGROINDUSTRIAL LEOPOLDO GARCIA", "sector": "OFICIAL", "zona": "RURAL", "nom_mun": "PALOCABILDO", "nom_dep": "TOLIMA", "estado_fisico": "Afectación parcial", "total_matricula": 6.0, "confianza_geo": "1 - ALTA"}}, {"type": "Feature", "geometry": null, "properties": {"cod_dane": "273520000760", "nombre_sede": "EL PORVENIR", "nombre_establecimiento": "INSTITUCION EDUCATIVA TECNICA AGROINDUSTRIAL LEOPOLDO GARCIA", "sector": "OFICIAL", "zona": "RURAL", "nom_mun": "PALOCABILDO", "nom_dep": "TOLIMA", "estado_fisico": "Afectación parcial", "total_matricula": 17.0, "confianza_geo": "3 - BAJA"}}, {"type": "Feature", "geometry": {"type": "Point", "coordinates": [-74.8105465202434, 3.745030197329513]}, "properties": {"cod_dane": "273563000101", "nombre_sede": "ACO", "nombre_establecimiento": "INSTITUCION EDUCATIVA ISLA DEL SOL", "sector": "OFICIAL", "zona": "RURAL", "nom_mun": "PRADO", "nom_dep": "TOLIMA", "estado_fisico": "Afectación menor", "total_matricula": 12.0, "confianza_geo": "1 - ALTA"}}, {"type": "Feature", "geometry": {"type": "Point", "coordinates": [-74.82584727025458, 3.758725650616331]}, "properties": {"cod_dane": "273563000585", "nombre_sede": "EL CAIMAN", "nombre_establecimiento": "INSTITUCION EDUCATIVA ISLA DEL SOL", "sector": "OFICIAL", "zona": "RURAL", "nom_mun": "PRADO", "nom_dep": "TOLIMA", "estado_fisico": "Afectación menor", "total_matricula": 9.0, "confianza_geo": "2 - MEDIA"}}, {"type": "Feature", "geometry": {"type": "Point", "coordinates": [-74.89028116003333, 3.7172211494160354]}, "properties": {"cod_dane": "273563000607", "nombre_sede": "TOMOGÓ", "nombre_establecimiento": "INSTITUCION EDUCATIVA ISLA DEL SOL", "sector": "OFICIAL", "zona": "RURAL", "nom_mun": "PRADO", "nom_dep": "TOLIMA", "estado_fisico": "Afectación menor", "total_matricula": 11.0, "confianza_geo": "2 - MEDIA"}}, {"type": "Feature", "geometry": {"type": "Point", "coordinates": [-74.86059296009235, 3.759303899007406]}, "properties": {"cod_dane": "273563000615", "nombre_sede": "I.E. ISLA DEL SOL - SEDE PRINCIPAL", "nombre_establecimiento": "INSTITUCION EDUCATIVA ISLA DEL SOL", "sector": "OFICIAL", "zona": "RURAL", "nom_mun": "PRADO", "nom_dep": "TOLIMA", "estado_fisico": "Afectación menor", "total_matricula": 150.0, "confianza_geo": "1 - ALTA"}}, {"type": "Feature", "geometry": null, "properties": {"cod_dane": "273563000704", "nombre_sede": "CORINTO", "nombre_establecimiento": "INSTITUCION EDUCATIVA ISLA DEL SOL", "sector": "OFICIAL", "zona": "RURAL", "nom_mun": "PRADO", "nom_dep": "TOLIMA", "estado_fisico": "Afectación menor", "total_matricula": 4.0, "confianza_geo": "3 - BAJA"}}, {"type": "Feature", "geometry": {"type": "Point", "coordinates": [-75.85481102479345, 3.4680775481954607]}, "properties": {"cod_dane": "273616001970", "nombre_sede": "CIB NASAUUS DOMINGO MEDINA L.M.", "nombre_establecimiento": "INSTITUCION EDUCATIVA INTERCULTURAL NASA ÜUS MANUEL QUINTÍN LAME", "sector": "OFICIAL", "zona": "RURAL", "nom_mun": "RIOBLANCO", "nom_dep": "TOLIMA", "estado_fisico": "Afectación menor", "total_matricula": 64.0, "confianza_geo": "1 - ALTA"}}, {"type": "Feature", "geometry": {"type": "Point", "coordinates": [-75.4634971597229, 3.9124524532869276]}, "properties": {"cod_dane": "273675000103", "nombre_sede": "CALARMA", "nombre_establecimiento": "INSTITUCION EDUCATIVA JOSE MARIA CARBONELL", "sector": "OFICIAL", "zona": "RURAL", "nom_mun": "SAN ANTONIO", "nom_dep": "TOLIMA", "estado_fisico": "Afectación menor", "total_matricula": 10.0, "confianza_geo": "1 - ALTA"}}, {"type": "Feature", "geometry": {"type": "Point", "coordinates": [-75.47121851016993, 3.901548573234513]}, "properties": {"cod_dane": "273675000120", "nombre_sede": "QUINTA CAJON", "nombre_establecimiento": "INSTITUCION EDUCATIVA JOSE MARIA CARBONELL", "sector": "OFICIAL", "zona": "RURAL", "nom_mun": "SAN ANTONIO", "nom_dep": "TOLIMA", "estado_fisico": "Afectación menor", "total_matricula": 66.0, "confianza_geo": "1 - ALTA"}}, {"type": "Feature", "geometry": {"type": "Point", "coordinates": [-75.48234071968757, 3.8771392637080817]}, "properties": {"cod_dane": "273675000138", "nombre_sede": "LOMA LARGA", "nombre_establecimiento": "INSTITUCION EDUCATIVA JOSE MARIA CARBONELL", "sector": "OFICIAL", "zona": "RURAL", "nom_mun": "SAN ANTONIO", "nom_dep": "TOLIMA", "estado_fisico": "Afectación menor", "total_matricula": 67.0, "confianza_geo": "1 - ALTA"}}, {"type": "Feature", "geometry": {"type": "Point", "coordinates": [-75.4857689100007, 3.91092959820246]}, "properties": {"cod_dane": "273675000227", "nombre_sede": "EL POLEO", "nombre_establecimiento": "INSTITUCION EDUCATIVA JOSE MARIA CARBONELL", "sector": "OFICIAL", "zona": "RURAL", "nom_mun": "SAN ANTONIO", "nom_dep": "TOLIMA", "estado_fisico": "Afectación menor", "total_matricula": 71.0, "confianza_geo": "1 - ALTA"}}, {"type": "Feature", "geometry": {"type": "Point", "coordinates": [-75.49994397034958, 3.888015780307528]}, "properties": {"cod_dane": "273675000235", "nombre_sede": "CARRASPOSO", "nombre_establecimiento": "INSTITUCION EDUCATIVA JOSE MARIA CARBONELL", "sector": "OFICIAL", "zona": "RURAL", "nom_mun": "SAN ANTONIO", "nom_dep": "TOLIMA", "estado_fisico": "Afectación menor", "total_matricula": 12.0, "confianza_geo": "1 - ALTA"}}, {"type": "Feature", "geometry": null, "properties": {"cod_dane": "273675000260", "nombre_sede": "EL LUGO ALTO", "nombre_establecimiento": "INSTITUCION EDUCATIVA JOSE MARIA CARBONELL", "sector": "OFICIAL", "zona": "RURAL", "nom_mun": "SAN ANTONIO", "nom_dep": "TOLIMA", "estado_fisico": "Afectación menor", "total_matricula": 50.0, "confianza_geo": "3 - BAJA"}}, {"type": "Feature", "geometry": {"type": "Point", "coordinates": [-75.4623074300623, 3.932154390630818]}, "properties": {"cod_dane": "273675000278", "nombre_sede": "EL JARDIN", "nombre_establecimiento": "INSTITUCION EDUCATIVA JOSE MARIA CARBONELL", "sector": "OFICIAL", "zona": "RURAL", "nom_mun": "SAN ANTONIO", "nom_dep": "TOLIMA", "estado_fisico": "Afectación menor", "total_matricula": 12.0, "confianza_geo": "1 - ALTA"}}, {"type": "Feature", "geometry": {"type": "Point", "coordinates": [-75.47450039995758, 3.8577228623027886]}, "properties": {"cod_dane": "273675000511", "nombre_sede": "LAS JUNTAS", "nombre_establecimiento": "INSTITUCION EDUCATIVA JOSE MARIA CARBONELL", "sector": "OFICIAL", "zona": "RURAL", "nom_mun": "SAN ANTONIO", "nom_dep": "TOLIMA", "estado_fisico": "Afectación menor", "total_matricula": 19.0, "confianza_geo": "1 - ALTA"}}, {"type": "Feature", "geometry": {"type": "Point", "coordinates": [-75.53220233026849, 3.873486791064386]}, "properties": {"cod_dane": "273675000529", "nombre_sede": "EL SALAD0", "nombre_establecimiento": "INSTITUCION EDUCATIVA JOSE MARIA CARBONELL", "sector": "OFICIAL", "zona": "RURAL", "nom_mun": "SAN ANTONIO", "nom_dep": "TOLIMA", "estado_fisico": "Afectación menor", "total_matricula": 47.0, "confianza_geo": "1 - ALTA"}}, {"type": "Feature", "geometry": {"type": "Point", "coordinates": [-75.49008587009975, 3.8471342606559396]}, "properties": {"cod_dane": "273675000804", "nombre_sede": "EL CURAL", "nombre_establecimiento": "INSTITUCION EDUCATIVA JOSE MARIA CARBONELL", "sector": "OFICIAL", "zona": "RURAL", "nom_mun": "SAN ANTONIO", "nom_dep": "TOLIMA", "estado_fisico": "Afectación menor", "total_matricula": 17.0, "confianza_geo": "1 - ALTA"}}, {"type": "Feature", "geometry": null, "properties": {"cod_dane": "273675000821", "nombre_sede": "MESETAS", "nombre_establecimiento": "INSTITUCION EDUCATIVA JOSE MARIA CARBONELL", "sector": "OFICIAL", "zona": "RURAL", "nom_mun": "SAN ANTONIO", "nom_dep": "TOLIMA", "estado_fisico": "Afectación menor", "total_matricula": 13.0, "confianza_geo": "3 - BAJA"}}, {"type": "Feature", "geometry": null, "properties": {"cod_dane": "273675001215", "nombre_sede": "LA UNION", "nombre_establecimiento": "INSTITUCION EDUCATIVA JOSE MARIA CARBONELL", "sector": "OFICIAL", "zona": "RURAL", "nom_mun": "SAN ANTONIO", "nom_dep": "TOLIMA", "estado_fisico": "Afectación menor", "total_matricula": 7.0, "confianza_geo": "3 - BAJA"}}, {"type": "Feature", "geometry": {"type": "Point", "coordinates": [-75.01234097995501, 4.709783001984011]}, "properties": {"cod_dane": "273861000253", "nombre_sede": "I.E. OTONIEL GUZMAN - SEDE PRINCIPAL", "nombre_establecimiento": "INSTITUCION EDUCATIVA OTONIEL GUZMAN", "sector": "OFICIAL", "zona": "RURAL", "nom_mun": "VENADILLO", "nom_dep": "TOLIMA", "estado_fisico": "Afectación menor", "total_matricula": 95.0, "confianza_geo": "1 - ALTA"}}, {"type": "Feature", "geometry": {"type": "Point", "coordinates": [-75.02783417964278, 4.732025378616756]}, "properties": {"cod_dane": "273861000288", "nombre_sede": "PUERTO BOY", "nombre_establecimiento": "INSTITUCION EDUCATIVA OTONIEL GUZMAN", "sector": "OFICIAL", "zona": "RURAL", "nom_mun": "VENADILLO", "nom_dep": "TOLIMA", "estado_fisico": "Afectación menor", "total_matricula": 13.0, "confianza_geo": "2 - MEDIA"}}, {"type": "Feature", "geometry": {"type": "Point", "coordinates": [-74.86911646027401, 4.704243616732271]}, "properties": {"cod_dane": "273861000334", "nombre_sede": "AGRADO BUENAVISTA", "nombre_establecimiento": "INSTITUCION EDUCATIVA OTONIEL GUZMAN", "sector": "OFICIAL", "zona": "RURAL", "nom_mun": "VENADILLO", "nom_dep": "TOLIMA", "estado_fisico": "Afectación menor", "total_matricula": 6.0, "confianza_geo": "2 - MEDIA"}}, {"type": "Feature", "geometry": {"type": "Point", "coordinates": [-75.00074705969179, 4.743596333336627]}, "properties": {"cod_dane": "273861000521", "nombre_sede": "PILOTO DE OSORIO", "nombre_establecimiento": "INSTITUCION EDUCATIVA OTONIEL GUZMAN", "sector": "OFICIAL", "zona": "RURAL", "nom_mun": "VENADILLO", "nom_dep": "TOLIMA", "estado_fisico": "Afectación menor", "total_matricula": 5.0, "confianza_geo": "2 - MEDIA"}}, {"type": "Feature", "geometry": {"type": "Point", "coordinates": [-75.11135926975719, 5.061572353116208]}, "properties": {"cod_dane": "273870000118", "nombre_sede": "LA COLORADA", "nombre_establecimiento": "INSTITUCION EDUCATIVA ESCUELA NORMAL SUPERIOR DE VILLAHERMOSA", "sector": "OFICIAL", "zona": "RURAL", "nom_mun": "VILLAHERMOSA", "nom_dep": "TOLIMA", "estado_fisico": "Afectación parcial", "total_matricula": 5.0, "confianza_geo": "2 - MEDIA"}}, {"type": "Feature", "geometry": {"type": "Point", "coordinates": [-75.1721934404109, 4.979014550873905]}, "properties": {"cod_dane": "273870000142", "nombre_sede": "GUAYABAL", "nombre_establecimiento": "INSTITUCION EDUCATIVA ESCUELA NORMAL SUPERIOR DE VILLAHERMOSA", "sector": "OFICIAL", "zona": "RURAL", "nom_mun": "VILLAHERMOSA", "nom_dep": "TOLIMA", "estado_fisico": "Afectación parcial", "total_matricula": 4.0, "confianza_geo": "2 - MEDIA"}}, {"type": "Feature", "geometry": {"type": "Point", "coordinates": [-75.10317769981371, 5.044626380667042]}, "properties": {"cod_dane": "273870000207", "nombre_sede": "FRANCISCO JOSE DE CALDAS", "nombre_establecimiento": "INSTITUCION EDUCATIVA ESCUELA NORMAL SUPERIOR DE VILLAHERMOSA", "sector": "OFICIAL", "zona": "RURAL", "nom_mun": "VILLAHERMOSA", "nom_dep": "TOLIMA", "estado_fisico": "Afectación parcial", "total_matricula": 7.0, "confianza_geo": "2 - MEDIA"}}, {"type": "Feature", "geometry": {"type": "Point", "coordinates": [-75.09638391020317, 5.015103122081119]}, "properties": {"cod_dane": "273870000215", "nombre_sede": "LA LADERA", "nombre_establecimiento": "INSTITUCION EDUCATIVA ESCUELA NORMAL SUPERIOR DE VILLAHERMOSA", "sector": "OFICIAL", "zona": "RURAL", "nom_mun": "VILLAHERMOSA", "nom_dep": "TOLIMA", "estado_fisico": "Afectación parcial", "total_matricula": 13.0, "confianza_geo": "2 - MEDIA"}}, {"type": "Feature", "geometry": {"type": "Point", "coordinates": [-75.09372745985567, 4.979266796327886]}, "properties": {"cod_dane": "273870000266", "nombre_sede": "LA FLORESTA", "nombre_establecimiento": "INSTITUCION EDUCATIVA ESCUELA NORMAL SUPERIOR DE VILLAHERMOSA", "sector": "OFICIAL", "zona": "RURAL", "nom_mun": "VILLAHERMOSA", "nom_dep": "TOLIMA", "estado_fisico": "Afectación parcial", "total_matricula": 48.0, "confianza_geo": "1 - ALTA"}}, {"type": "Feature", "geometry": {"type": "Point", "coordinates": [-75.09638900005757, 5.006110999963561]}, "properties": {"cod_dane": "273870000291", "nombre_sede": "ALTO BONITO", "nombre_establecimiento": "INSTITUCION EDUCATIVA ESCUELA NORMAL SUPERIOR DE VILLAHERMOSA", "sector": "OFICIAL", "zona": "RURAL", "nom_mun": "VILLAHERMOSA", "nom_dep": "TOLIMA", "estado_fisico": "Afectación parcial", "total_matricula": 8.0, "confianza_geo": "1 - ALTA"}}, {"type": "Feature", "geometry": {"type": "Point", "coordinates": [-75.15226220030021, 4.979195411720824]}, "properties": {"cod_dane": "273870000762", "nombre_sede": "MINA POBRE", "nombre_establecimiento": "INSTITUCION EDUCATIVA ESCUELA NORMAL SUPERIOR DE VILLAHERMOSA", "sector": "OFICIAL", "zona": "RURAL", "nom_mun": "VILLAHERMOSA", "nom_dep": "TOLIMA", "estado_fisico": "Afectación parcial", "total_matricula": 12.0, "confianza_geo": "2 - MEDIA"}}, {"type": "Feature", "geometry": {"type": "Point", "coordinates": [-75.1283756699087, 4.956419532563256]}, "properties": {"cod_dane": "273870000797", "nombre_sede": "PRIMAVERA BAJA", "nombre_establecimiento": "INSTITUCION EDUCATIVA ESCUELA NORMAL SUPERIOR DE VILLAHERMOSA", "sector": "OFICIAL", "zona": "RURAL", "nom_mun": "VILLAHERMOSA", "nom_dep": "TOLIMA", "estado_fisico": "Afectación parcial", "total_matricula": 13.0, "confianza_geo": "1 - ALTA"}}, {"type": "Feature", "geometry": {"type": "Point", "coordinates": [-75.10530577009422, 4.976346232788957]}, "properties": {"cod_dane": "273870000819", "nombre_sede": "ALTO DEL NARNAJO", "nombre_establecimiento": "INSTITUCION EDUCATIVA ESCUELA NORMAL SUPERIOR DE VILLAHERMOSA", "sector": "OFICIAL", "zona": "RURAL", "nom_mun": "VILLAHERMOSA", "nom_dep": "TOLIMA", "estado_fisico": "Afectación parcial", "total_matricula": 9.0, "confianza_geo": "2 - MEDIA"}}, {"type": "Feature", "geometry": {"type": "Point", "coordinates": [-75.21076633963457, 4.958237908365079]}, "properties": {"cod_dane": "273870000827", "nombre_sede": "LA SAMARIA", "nombre_establecimiento": "INSTITUCION EDUCATIVA ESCUELA NORMAL SUPERIOR DE VILLAHERMOSA", "sector": "OFICIAL", "zona": "RURAL", "nom_mun": "VILLAHERMOSA", "nom_dep": "TOLIMA", "estado_fisico": "Afectación parcial", "total_matricula": 9.0, "confianza_geo": "2 - MEDIA"}}, {"type": "Feature", "geometry": {"type": "Point", "coordinates": [-75.11607060014742, 5.047723889006655]}, "properties": {"cod_dane": "273870000835", "nombre_sede": "LA ESTRELLA", "nombre_establecimiento": "INSTITUCION EDUCATIVA ESCUELA NORMAL SUPERIOR DE VILLAHERMOSA", "sector": "OFICIAL", "zona": "RURAL", "nom_mun": "VILLAHERMOSA", "nom_dep": "TOLIMA", "estado_fisico": "Afectación parcial", "total_matricula": 6.0, "confianza_geo": "2 - MEDIA"}}, {"type": "Feature", "geometry": {"type": "Point", "coordinates": [-75.10536301972728, 5.055290574957285]}, "properties": {"cod_dane": "273870000886", "nombre_sede": "PALOSANTO", "nombre_establecimiento": "INSTITUCION EDUCATIVA ESCUELA NORMAL SUPERIOR DE VILLAHERMOSA", "sector": "OFICIAL", "zona": "RURAL", "nom_mun": "VILLAHERMOSA", "nom_dep": "TOLIMA", "estado_fisico": "Afectación parcial", "total_matricula": 5.0, "confianza_geo": "2 - MEDIA"}}, {"type": "Feature", "geometry": null, "properties": {"cod_dane": "273870000908", "nombre_sede": "NUEVO HORIZONTE", "nombre_establecimiento": "INSTITUCION EDUCATIVA ESCUELA NORMAL SUPERIOR DE VILLAHERMOSA", "sector": "OFICIAL", "zona": "RURAL", "nom_mun": "VILLAHERMOSA", "nom_dep": "TOLIMA", "estado_fisico": "Afectación parcial", "total_matricula": 5.0, "confianza_geo": "3 - BAJA"}}, {"type": "Feature", "geometry": null, "properties": {"cod_dane": "276001003394", "nombre_sede": "CENTRO DOCENTE NUESTRA SEÑORA DE LAS LAJAS", "nombre_establecimiento": "INSTITUCION EDUCATIVA LA BUITRERA", "sector": "OFICIAL", "zona": "RURAL", "nom_mun": "SANTIAGO DE CALI", "nom_dep": "VALLE DEL CAUCA", "estado_fisico": "Reporta afectación sin definir el impacto", "total_matricula": 328.0, "confianza_geo": "3 - BAJA"}}, {"type": "Feature", "geometry": {"type": "Point", "coordinates": [-76.61649783719056, 3.4243140108017367]}, "properties": {"cod_dane": "276001005524", "nombre_sede": "FRANCISCO JOSE DE CALDAS", "nombre_establecimiento": "INSTITUCION EDUCATIVA LOS ANDES", "sector": "OFICIAL", "zona": "RURAL", "nom_mun": "SANTIAGO DE CALI", "nom_dep": "VALLE DEL CAUCA", "estado_fisico": "Reporta afectación sin definir el impacto", "total_matricula": 32.0, "confianza_geo": "2 - MEDIA"}}, {"type": "Feature", "geometry": {"type": "Point", "coordinates": [-76.58775320965772, 3.4392000987439273]}, "properties": {"cod_dane": "276001011184", "nombre_sede": "TIERRA DE HOMBRES SEDE PRINCIPAL", "nombre_establecimiento": "INSTITUCION EDUCATIVA LOS ANDES", "sector": "OFICIAL", "zona": "RURAL", "nom_mun": "SANTIAGO DE CALI", "nom_dep": "VALLE DEL CAUCA", "estado_fisico": "Reporta afectación sin definir el impacto", "total_matricula": 177.0, "confianza_geo": "2 - MEDIA"}}, {"type": "Feature", "geometry": {"type": "Point", "coordinates": [-76.54770699970622, 3.4841880000581735]}, "properties": {"cod_dane": "276001011354", "nombre_sede": "ANTONIO RICAURTE - SEDE PRINCIPAL", "nombre_establecimiento": "INSTITUCION EDUCATIVA MONTEBELLO", "sector": "OFICIAL", "zona": "RURAL", "nom_mun": "SANTIAGO DE CALI", "nom_dep": "VALLE DEL CAUCA", "estado_fisico": "Reporta afectación sin definir el impacto", "total_matricula": 565.0, "confianza_geo": "2 - MEDIA"}}, {"type": "Feature", "geometry": {"type": "Point", "coordinates": [-76.55282314959103, 3.4673175580587396]}, "properties": {"cod_dane": "276001011770", "nombre_sede": "SEDE ANDRES JOAQUIN LENIS", "nombre_establecimiento": "INSTITUCION EDUCATIVA MONTEBELLO", "sector": "OFICIAL", "zona": "RURAL", "nom_mun": "SANTIAGO DE CALI", "nom_dep": "VALLE DEL CAUCA", "estado_fisico": "Reporta afectación sin definir el impacto", "total_matricula": 164.0, "confianza_geo": "2 - MEDIA"}}, {"type": "Feature", "geometry": null, "properties": {"cod_dane": "276001012831", "nombre_sede": "JOSE HOLGUIN GARCES", "nombre_establecimiento": "INSTITUCION EDUCATIVA FELIDIA", "sector": "OFICIAL", "zona": "RURAL", "nom_mun": "SANTIAGO DE CALI", "nom_dep": "VALLE DEL CAUCA", "estado_fisico": "Reporta afectación sin definir el impacto", "total_matricula": 158.0, "confianza_geo": "3 - BAJA"}}, {"type": "Feature", "geometry": {"type": "Point", "coordinates": [-76.61359299997206, 3.43707700021074]}, "properties": {"cod_dane": "276001022267", "nombre_sede": "JOSE HOLGUIN GARCES", "nombre_establecimiento": "INSTITUCION EDUCATIVA PICHINDE", "sector": "OFICIAL", "zona": "RURAL", "nom_mun": "SANTIAGO DE CALI", "nom_dep": "VALLE DEL CAUCA", "estado_fisico": "Reporta afectación sin definir el impacto", "total_matricula": 172.0, "confianza_geo": "2 - MEDIA"}}, {"type": "Feature", "geometry": null, "properties": {"cod_dane": "276001025452", "nombre_sede": "SEDE SAN PEDRO APOSTOL", "nombre_establecimiento": "INSTITUCION EDUCATIVA MONTEBELLO", "sector": "OFICIAL", "zona": "RURAL", "nom_mun": "SANTIAGO DE CALI", "nom_dep": "VALLE DEL CAUCA", "estado_fisico": "Reporta afectación sin definir el impacto", "total_matricula": 463.0, "confianza_geo": "3 - BAJA"}}, {"type": "Feature", "geometry": null, "properties": {"cod_dane": "276001043884", "nombre_sede": "INSTITUCION EDUCATIVA ISAIAS GAMBOA -  EL AGUACATAL", "nombre_establecimiento": "INSTITUCION EDUCATIVA ISAIAS GAMBOA - EL AGUACATAL", "sector": "OFICIAL", "zona": "URBANA", "nom_mun": "SANTIAGO DE CALI", "nom_dep": "VALLE DEL CAUCA", "estado_fisico": "Reporta afectación sin definir el impacto", "total_matricula": 514.0, "confianza_geo": "3 - BAJA"}}, {"type": "Feature", "geometry": null, "properties": {"cod_dane": "276001800260", "nombre_sede": "SAN GABRIEL", "nombre_establecimiento": "INSTITUCION EDUCATIVA LA BUITRERA", "sector": "OFICIAL", "zona": "RURAL", "nom_mun": "SANTIAGO DE CALI", "nom_dep": "VALLE DEL CAUCA", "estado_fisico": "Reporta afectación sin definir el impacto", "total_matricula": 434.0, "confianza_geo": "3 - BAJA"}}, {"type": "Feature", "geometry": {"type": "Point", "coordinates": [-75.98837999994814, 4.787052000277756]}, "properties": {"cod_dane": "276041000266", "nombre_sede": "MARIA MONTESSORI", "nombre_establecimiento": "INSTITUCION EDUCATIVA SANTA ANA DE LOS CABALLEROS", "sector": "OFICIAL", "zona": "RURAL", "nom_mun": "ANSERMANUEVO", "nom_dep": "VALLE DEL CAUCA", "estado_fisico": "Afectación parcial", "total_matricula": 63.0, "confianza_geo": "2 - MEDIA"}}, {"type": "Feature", "geometry": {"type": "Point", "coordinates": [-76.0893919999121, 4.820045999960748]}, "properties": {"cod_dane": "276041000371", "nombre_sede": "JORGE ISAACS", "nombre_establecimiento": "INSTITUCION EDUCATIVA JORGE ISAACS", "sector": "OFICIAL", "zona": "RURAL", "nom_mun": "ANSERMANUEVO", "nom_dep": "VALLE DEL CAUCA", "estado_fisico": "Afectación parcial", "total_matricula": 121.0, "confianza_geo": "2 - MEDIA"}}, {"type": "Feature", "geometry": {"type": "Point", "coordinates": [-76.14219000013757, 4.657576999654314]}, "properties": {"cod_dane": "276054000052", "nombre_sede": "BUENOS AIRES", "nombre_establecimiento": "INSTITUCION EDUCATIVA SANTIAGO GUTIERREZ ANGEL", "sector": "OFICIAL", "zona": "RURAL", "nom_mun": "ARGELIA", "nom_dep": "VALLE DEL CAUCA", "estado_fisico": "Riesgo inminente de colapso", "total_matricula": 4.0, "confianza_geo": "2 - MEDIA"}}, {"type": "Feature", "geometry": {"type": "Point", "coordinates": [-76.1469223771566, 4.698502802125617]}, "properties": {"cod_dane": "276054000079", "nombre_sede": "SEBASTIAN DE BELALCAZAR", "nombre_establecimiento": "INSTITUCION EDUCATIVA SANTIAGO GUTIERREZ ANGEL", "sector": "OFICIAL", "zona": "RURAL", "nom_mun": "ARGELIA", "nom_dep": "VALLE DEL CAUCA", "estado_fisico": "Riesgo inminente de colapso", "total_matricula": 7.0, "confianza_geo": "2 - MEDIA"}}, {"type": "Feature", "geometry": {"type": "Point", "coordinates": [-76.11691871943054, 4.708349578795227]}, "properties": {"cod_dane": "276054000095", "nombre_sede": "DOLORES SALAZAR DE LOPEZ", "nombre_establecimiento": "INSTITUCION EDUCATIVA SANTIAGO GUTIERREZ ANGEL", "sector": "OFICIAL", "zona": "RURAL", "nom_mun": "ARGELIA", "nom_dep": "VALLE DEL CAUCA", "estado_fisico": "Afectación parcial", "total_matricula": 14.0, "confianza_geo": "2 - MEDIA"}}, {"type": "Feature", "geometry": null, "properties": {"cod_dane": "276054000222", "nombre_sede": "JOSE ANTONIO GALAN", "nombre_establecimiento": "INSTITUCION EDUCATIVA SANTIAGO GUTIERREZ ANGEL", "sector": "OFICIAL", "zona": "RURAL", "nom_mun": "ARGELIA", "nom_dep": "VALLE DEL CAUCA", "estado_fisico": "Riesgo inminente de colapso", "total_matricula": 10.0, "confianza_geo": "3 - BAJA"}}, {"type": "Feature", "geometry": null, "properties": {"cod_dane": "276109000235", "nombre_sede": "I.E. FRANCISCO JAVIER CISNEROS", "nombre_establecimiento": "I.E. FRANCISCO JAVIER CISNEROS", "sector": "OFICIAL", "zona": "RURAL", "nom_mun": "BUENAVENTURA", "nom_dep": "VALLE DEL CAUCA", "estado_fisico": "Reporta afectación sin definir el impacto", "total_matricula": 436.0, "confianza_geo": "3 - BAJA"}}, {"type": "Feature", "geometry": {"type": "Point", "coordinates": [-76.97568100013059, 3.997965000014045]}, "properties": {"cod_dane": "276109000464", "nombre_sede": "NIÑO JESUS DE PRAGA", "nombre_establecimiento": "NIÑO JESUS DE PRAGA", "sector": "OFICIAL", "zona": "RURAL", "nom_mun": "BUENAVENTURA", "nom_dep": "VALLE DEL CAUCA", "estado_fisico": "Reporta afectación sin definir el impacto", "total_matricula": 508.0, "confianza_geo": "2 - MEDIA"}}, {"type": "Feature", "geometry": {"type": "Point", "coordinates": [-77.27637899974829, 4.222017999817265]}, "properties": {"cod_dane": "276109004648", "nombre_sede": "SAN PEDRO CLAVER", "nombre_establecimiento": "SAN PEDRO CLAVER", "sector": "OFICIAL", "zona": "RURAL", "nom_mun": "BUENAVENTURA", "nom_dep": "VALLE DEL CAUCA", "estado_fisico": "Reporta afectación sin definir el impacto", "total_matricula": 143.0, "confianza_geo": "2 - MEDIA"}}, {"type": "Feature", "geometry": {"type": "Point", "coordinates": [-77.27162799975513, 4.225447000061451]}, "properties": {"cod_dane": "276109008601", "nombre_sede": "SAN JUAN BAUTISTA  DE LA SALLE", "nombre_establecimiento": "SANTA TERESITA DEL NIÑO JESUS", "sector": "OFICIAL", "zona": "RURAL", "nom_mun": "BUENAVENTURA", "nom_dep": "VALLE DEL CAUCA", "estado_fisico": "Reporta afectación sin definir el impacto", "total_matricula": 12.0, "confianza_geo": "2 - MEDIA"}}, {"type": "Feature", "geometry": {"type": "Point", "coordinates": [-77.1365310001836, 4.122954564410992]}, "properties": {"cod_dane": "276109009747", "nombre_sede": "UNION AGUA CLARA", "nombre_establecimiento": "INSTITUCIÓN EDUCATIVA WASPIEN.", "sector": "OFICIAL", "zona": "RURAL", "nom_mun": "BUENAVENTURA", "nom_dep": "VALLE DEL CAUCA", "estado_fisico": "Reporta afectación sin definir el impacto", "total_matricula": 157.0, "confianza_geo": "2 - MEDIA"}}, {"type": "Feature", "geometry": {"type": "Point", "coordinates": [-76.13262000037913, 4.242258999730968]}, "properties": {"cod_dane": "276113000126", "nombre_sede": "ANTONIO RICAURTE", "nombre_establecimiento": "INSTITUCION EDUCATIVA DIEGO RENGIFO SALAZAR", "sector": "OFICIAL", "zona": "RURAL", "nom_mun": "BUGALAGRANDE", "nom_dep": "VALLE DEL CAUCA", "estado_fisico": "Riesgo inminente de colapso", "total_matricula": 197.0, "confianza_geo": "2 - MEDIA"}}, {"type": "Feature", "geometry": {"type": "Point", "coordinates": [-76.05613800033288, 4.172821999679968]}, "properties": {"cod_dane": "276113000436", "nombre_sede": "MARIANO GONZALEZ", "nombre_establecimiento": "INSTITUCION EDUCATIVA MARIANO GONZALEZ", "sector": "OFICIAL", "zona": "RURAL", "nom_mun": "BUGALAGRANDE", "nom_dep": "VALLE DEL CAUCA", "estado_fisico": "Afectación parcial", "total_matricula": 37.0, "confianza_geo": "2 - MEDIA"}}, {"type": "Feature", "geometry": {"type": "Point", "coordinates": [-76.04067600003326, 4.240068999831134]}, "properties": {"cod_dane": "276113000614", "nombre_sede": "MARIANO OSPINA PEREZ", "nombre_establecimiento": "INSTITUCION EDUCATIVA DIEGO RENGIFO SALAZAR", "sector": "OFICIAL", "zona": "RURAL", "nom_mun": "BUGALAGRANDE", "nom_dep": "VALLE DEL CAUCA", "estado_fisico": "Colapso parcial", "total_matricula": 116.0, "confianza_geo": "2 - MEDIA"}}, {"type": "Feature", "geometry": {"type": "Point", "coordinates": [-76.16399500016678, 4.22550499980744]}, "properties": {"cod_dane": "276113000631", "nombre_sede": "CAMILO TORRES", "nombre_establecimiento": "INSTITUCION EDUCATIVA DIEGO RENGIFO SALAZAR", "sector": "OFICIAL", "zona": "RURAL", "nom_mun": "BUGALAGRANDE", "nom_dep": "VALLE DEL CAUCA", "estado_fisico": "Afectación parcial", "total_matricula": 19.0, "confianza_geo": "2 - MEDIA"}}, {"type": "Feature", "geometry": null, "properties": {"cod_dane": "276113000916", "nombre_sede": "ANTONIO NARIÑO LA URIBE", "nombre_establecimiento": "INSTITUCION EDUCATIVA DIEGO RENGIFO SALAZAR", "sector": "OFICIAL", "zona": "RURAL", "nom_mun": "BUGALAGRANDE", "nom_dep": "VALLE DEL CAUCA", "estado_fisico": "Colapso parcial", "total_matricula": 74.0, "confianza_geo": "3 - BAJA"}}, {"type": "Feature", "geometry": {"type": "Point", "coordinates": [-76.45415226975025, 3.9939519423580663]}, "properties": {"cod_dane": "276126000214", "nombre_sede": "PABLO VI", "nombre_establecimiento": "INSTITUCION EDUCATIVA  PABLO  SEXTO", "sector": "OFICIAL", "zona": "RURAL", "nom_mun": "CALIMA", "nom_dep": "VALLE DEL CAUCA", "estado_fisico": "Riesgo inminente de colapso", "total_matricula": 117.0, "confianza_geo": "2 - MEDIA"}}, {"type": "Feature", "geometry": {"type": "Point", "coordinates": [-75.93006957511827, 4.6997617186098015]}, "properties": {"cod_dane": "276147000222", "nombre_sede": "INSTITUTO AGRICOLA ZARAGOZA", "nombre_establecimiento": "ZARAGOZA", "sector": "OFICIAL", "zona": "RURAL", "nom_mun": "CARTAGO", "nom_dep": "VALLE DEL CAUCA", "estado_fisico": "Riesgo inminente de colapso", "total_matricula": 467.0, "confianza_geo": "2 - MEDIA"}}, {"type": "Feature", "geometry": {"type": "Point", "coordinates": [-75.92550989112779, 4.699197954762306]}, "properties": {"cod_dane": "276147000303", "nombre_sede": "ANTONIA SANTOS", "nombre_establecimiento": "ZARAGOZA", "sector": "OFICIAL", "zona": "RURAL", "nom_mun": "CARTAGO", "nom_dep": "VALLE DEL CAUCA", "estado_fisico": "Riesgo inminente de colapso", "total_matricula": 150.0, "confianza_geo": "2 - MEDIA"}}, {"type": "Feature", "geometry": {"type": "Point", "coordinates": [-75.88936335136798, 4.681745318976461]}, "properties": {"cod_dane": "276147000427", "nombre_sede": "SIMON BOLIVAR", "nombre_establecimiento": "ZARAGOZA", "sector": "OFICIAL", "zona": "RURAL", "nom_mun": "CARTAGO", "nom_dep": "VALLE DEL CAUCA", "estado_fisico": "Riesgo inminente de colapso", "total_matricula": 59.0, "confianza_geo": "2 - MEDIA"}}, {"type": "Feature", "geometry": {"type": "Point", "coordinates": [-75.9264074958445, 4.698032058637436]}, "properties": {"cod_dane": "276147000486", "nombre_sede": "ANTONIO RICAURTE", "nombre_establecimiento": "ZARAGOZA", "sector": "OFICIAL", "zona": "RURAL", "nom_mun": "CARTAGO", "nom_dep": "VALLE DEL CAUCA", "estado_fisico": "Riesgo inminente de colapso", "total_matricula": 105.0, "confianza_geo": "2 - MEDIA"}}, {"type": "Feature", "geometry": {"type": "Point", "coordinates": [-75.87259813813621, 4.629650173584453]}, "properties": {"cod_dane": "276147000541", "nombre_sede": "JOSE MARIA CORDOBA", "nombre_establecimiento": "ZARAGOZA", "sector": "OFICIAL", "zona": "RURAL", "nom_mun": "CARTAGO", "nom_dep": "VALLE DEL CAUCA", "estado_fisico": "Riesgo inminente de colapso", "total_matricula": 1.0, "confianza_geo": "2 - MEDIA"}}, {"type": "Feature", "geometry": {"type": "Point", "coordinates": [-75.85313017089565, 4.656379562662042]}, "properties": {"cod_dane": "276147000559", "nombre_sede": "NUEVA GRANADA", "nombre_establecimiento": "ZARAGOZA", "sector": "OFICIAL", "zona": "RURAL", "nom_mun": "CARTAGO", "nom_dep": "VALLE DEL CAUCA", "estado_fisico": "Riesgo inminente de colapso", "total_matricula": 35.0, "confianza_geo": "2 - MEDIA"}}, {"type": "Feature", "geometry": {"type": "Point", "coordinates": [-75.9508333334101, 4.764444443860195]}, "properties": {"cod_dane": "276147000583", "nombre_sede": "LUIS CARLOS PEÑA", "nombre_establecimiento": "ANTONIO HOLGUIN GARCES", "sector": "OFICIAL", "zona": "RURAL", "nom_mun": "CARTAGO", "nom_dep": "VALLE DEL CAUCA", "estado_fisico": "Afectación menor", "total_matricula": 11.0, "confianza_geo": "2 - MEDIA"}}, {"type": "Feature", "geometry": {"type": "Point", "coordinates": [-75.87907672777816, 4.708390335696537]}, "properties": {"cod_dane": "276147000630", "nombre_sede": "ATANASIO GIRARDOT", "nombre_establecimiento": "ZARAGOZA", "sector": "OFICIAL", "zona": "RURAL", "nom_mun": "CARTAGO", "nom_dep": "VALLE DEL CAUCA", "estado_fisico": "Afectación menor", "total_matricula": 8.0, "confianza_geo": "2 - MEDIA"}}, {"type": "Feature", "geometry": {"type": "Point", "coordinates": [-75.85868797299833, 4.710558430373874]}, "properties": {"cod_dane": "276147000656", "nombre_sede": "MARISCAL ROBLEDO", "nombre_establecimiento": "ZARAGOZA", "sector": "OFICIAL", "zona": "RURAL", "nom_mun": "CARTAGO", "nom_dep": "VALLE DEL CAUCA", "estado_fisico": "Riesgo inminente de colapso", "total_matricula": 16.0, "confianza_geo": "2 - MEDIA"}}, {"type": "Feature", "geometry": {"type": "Point", "coordinates": [-75.88415764034764, 4.660883218830058]}, "properties": {"cod_dane": "276147000664", "nombre_sede": "SANTA TERESITA", "nombre_establecimiento": "ZARAGOZA", "sector": "OFICIAL", "zona": "RURAL", "nom_mun": "CARTAGO", "nom_dep": "VALLE DEL CAUCA", "estado_fisico": "Afectación menor", "total_matricula": 14.0, "confianza_geo": "2 - MEDIA"}}, {"type": "Feature", "geometry": {"type": "Point", "coordinates": [-75.92593170584922, 4.701549646201799]}, "properties": {"cod_dane": "276147000745", "nombre_sede": "ANTONIO GUENDICA", "nombre_establecimiento": "ZARAGOZA", "sector": "OFICIAL", "zona": "RURAL", "nom_mun": "CARTAGO", "nom_dep": "VALLE DEL CAUCA", "estado_fisico": "Afectación menor", "total_matricula": 3.0, "confianza_geo": "2 - MEDIA"}}, {"type": "Feature", "geometry": {"type": "Point", "coordinates": [-75.96745874183416, 4.763829292019279]}, "properties": {"cod_dane": "276147001083", "nombre_sede": "FABIO SALAZAR GOMEZ", "nombre_establecimiento": "ANTONIO HOLGUIN GARCES", "sector": "OFICIAL", "zona": "RURAL", "nom_mun": "CARTAGO", "nom_dep": "VALLE DEL CAUCA", "estado_fisico": "Afectación menor", "total_matricula": 7.0, "confianza_geo": "2 - MEDIA"}}, {"type": "Feature", "geometry": {"type": "Point", "coordinates": [-76.65221900040882, 3.554144000158043]}, "properties": {"cod_dane": "276233000260", "nombre_sede": "SANTA TERESITA DEL NIÑO JESUS", "nombre_establecimiento": "INSTITUCION EDUCATIVA SANTA TERESITA DEL NIÑO JESUS", "sector": "OFICIAL", "zona": "RURAL", "nom_mun": "DAGUA", "nom_dep": "VALLE DEL CAUCA", "estado_fisico": "Colapso parcial", "total_matricula": 453.0, "confianza_geo": "2 - MEDIA"}}, {"type": "Feature", "geometry": {"type": "Point", "coordinates": [-76.08294500042544, 4.867848999738987]}, "properties": {"cod_dane": "276243000021", "nombre_sede": "DIONISIO CORTES", "nombre_establecimiento": "INSTITUCION EDUCATIVA SANTA MARTA", "sector": "OFICIAL", "zona": "RURAL", "nom_mun": "EL ÁGUILA", "nom_dep": "VALLE DEL CAUCA", "estado_fisico": "Riesgo inminente de colapso", "total_matricula": 118.0, "confianza_geo": "2 - MEDIA"}}, {"type": "Feature", "geometry": {"type": "Point", "coordinates": [-76.05559052028633, 4.906986059941246]}, "properties": {"cod_dane": "276243000390", "nombre_sede": "SAN LUIS BELTRAN", "nombre_establecimiento": "INSTITUCION EDUCATIVA SANTA MARTA", "sector": "OFICIAL", "zona": "RURAL", "nom_mun": "EL ÁGUILA", "nom_dep": "VALLE DEL CAUCA", "estado_fisico": "Colapso parcial", "total_matricula": 19.0, "confianza_geo": "2 - MEDIA"}}, {"type": "Feature", "geometry": null, "properties": {"cod_dane": "276243000454", "nombre_sede": "SANTA TERESITA", "nombre_establecimiento": "INSTITUCION EDUCATIVA SANTA MARTA", "sector": "OFICIAL", "zona": "RURAL", "nom_mun": "EL ÁGUILA", "nom_dep": "VALLE DEL CAUCA", "estado_fisico": "Riesgo inminente de colapso", "total_matricula": 16.0, "confianza_geo": "3 - BAJA"}}, {"type": "Feature", "geometry": {"type": "Point", "coordinates": [-76.05280151992541, 4.8782436702538226]}, "properties": {"cod_dane": "276243000497", "nombre_sede": "SANTA MARTA", "nombre_establecimiento": "INSTITUCION EDUCATIVA SANTA MARTA", "sector": "OFICIAL", "zona": "RURAL", "nom_mun": "EL ÁGUILA", "nom_dep": "VALLE DEL CAUCA", "estado_fisico": "Colapso total", "total_matricula": 94.0, "confianza_geo": "2 - MEDIA"}}, {"type": "Feature", "geometry": {"type": "Point", "coordinates": [-76.03706523971503, 4.970455012996193]}, "properties": {"cod_dane": "276243000519", "nombre_sede": "JOSE MARIA CORDOBA", "nombre_establecimiento": "INSTITUCION EDUCATIVA JUSTINIANO ECHAVARRIA", "sector": "OFICIAL", "zona": "RURAL", "nom_mun": "EL ÁGUILA", "nom_dep": "VALLE DEL CAUCA", "estado_fisico": "Riesgo inminente de colapso", "total_matricula": 114.0, "confianza_geo": "2 - MEDIA"}}, {"type": "Feature", "geometry": {"type": "Point", "coordinates": [-76.06368755965991, 4.877244295998672]}, "properties": {"cod_dane": "276243000691", "nombre_sede": "JOSE HERNANDO DUARTE", "nombre_establecimiento": "INSTITUCION EDUCATIVA SANTA MARTA", "sector": "OFICIAL", "zona": "RURAL", "nom_mun": "EL ÁGUILA", "nom_dep": "VALLE DEL CAUCA", "estado_fisico": "Colapso parcial", "total_matricula": 12.0, "confianza_geo": "2 - MEDIA"}}, {"type": "Feature", "geometry": {"type": "Point", "coordinates": [-76.23503199956059, 3.7499659999483237]}, "properties": {"cod_dane": "276306000085", "nombre_sede": "MIGUEL ANTONIO CARO", "nombre_establecimiento": "INSTITUCION EDUCATIVA  MANUELA BELTRAN", "sector": "OFICIAL", "zona": "RURAL", "nom_mun": "GINEBRA", "nom_dep": "VALLE DEL CAUCA", "estado_fisico": "Afectación parcial", "total_matricula": 110.0, "confianza_geo": "2 - MEDIA"}}, {"type": "Feature", "geometry": {"type": "Point", "coordinates": [-76.23379999967428, 3.750034999716505]}, "properties": {"cod_dane": "276306000174", "nombre_sede": "MANUELA BELTRAN", "nombre_establecimiento": "INSTITUCION EDUCATIVA  MANUELA BELTRAN", "sector": "OFICIAL", "zona": "RURAL", "nom_mun": "GINEBRA", "nom_dep": "VALLE DEL CAUCA", "estado_fisico": "Afectación parcial", "total_matricula": 187.0, "confianza_geo": "2 - MEDIA"}}, {"type": "Feature", "geometry": {"type": "Point", "coordinates": [-76.30192640993683, 3.7630656652788135]}, "properties": {"cod_dane": "276318000226", "nombre_sede": "JOSE IGNACIO OSPINA", "nombre_establecimiento": "INSTITUCION EDUCATIVA JOSE IGNACIO OSPINA", "sector": "OFICIAL", "zona": "RURAL", "nom_mun": "GUACARÍ", "nom_dep": "VALLE DEL CAUCA", "estado_fisico": "Afectación parcial", "total_matricula": 262.0, "confianza_geo": "2 - MEDIA"}}, {"type": "Feature", "geometry": null, "properties": {"cod_dane": "276364000125", "nombre_sede": "SEDE MARIO SANCHEZ SOLIS", "nombre_establecimiento": "INSTITUCION EDUCATIVA GENERAL SANTANDER", "sector": "OFICIAL", "zona": "RURAL", "nom_mun": "JAMUNDÍ", "nom_dep": "VALLE DEL CAUCA", "estado_fisico": "Riesgo inminente de colapso", "total_matricula": 34.0, "confianza_geo": "3 - BAJA"}}, {"type": "Feature", "geometry": null, "properties": {"cod_dane": "276364000133", "nombre_sede": "SAN JUAN BOSCO-SEDE", "nombre_establecimiento": "INSTITUCION EDUCATIVA GABRIELA MISTRAL", "sector": "OFICIAL", "zona": "RURAL", "nom_mun": "JAMUNDÍ", "nom_dep": "VALLE DEL CAUCA", "estado_fisico": "Afectación menor", "total_matricula": 20.0, "confianza_geo": "3 - BAJA"}}, {"type": "Feature", "geometry": {"type": "Point", "coordinates": [-76.7390658700011, 3.153572188955364]}, "properties": {"cod_dane": "276364000176", "nombre_sede": "SEDE NUEVA GRANADA", "nombre_establecimiento": "INSTITUCION EDUCATIVA GENERAL SANTANDER", "sector": "OFICIAL", "zona": "RURAL", "nom_mun": "JAMUNDÍ", "nom_dep": "VALLE DEL CAUCA", "estado_fisico": "Afectación menor", "total_matricula": 24.0, "confianza_geo": "2 - MEDIA"}}, {"type": "Feature", "geometry": {"type": "Point", "coordinates": [-76.71809636966142, 3.1250662459216487]}, "properties": {"cod_dane": "276364000231", "nombre_sede": "JOSE ANTONIO MONTALVO-SEDE", "nombre_establecimiento": "INSTITUCION EDUCATIVA GABRIELA MISTRAL", "sector": "OFICIAL", "zona": "RURAL", "nom_mun": "JAMUNDÍ", "nom_dep": "VALLE DEL CAUCA", "estado_fisico": "Colapso parcial", "total_matricula": 28.0, "confianza_geo": "2 - MEDIA"}}, {"type": "Feature", "geometry": null, "properties": {"cod_dane": "276364000265", "nombre_sede": "ADAN CORDOBES-SEDE", "nombre_establecimiento": "INSTITUCION EDUCATIVA GABRIELA MISTRAL", "sector": "OFICIAL", "zona": "RURAL", "nom_mun": "JAMUNDÍ", "nom_dep": "VALLE DEL CAUCA", "estado_fisico": "Afectación menor", "total_matricula": 126.0, "confianza_geo": "3 - BAJA"}}, {"type": "Feature", "geometry": {"type": "Point", "coordinates": [-76.53277199966129, 3.207756000029374]}, "properties": {"cod_dane": "276364000656", "nombre_sede": "SEDE VEINTE DE JULIO", "nombre_establecimiento": "INSTITUCION EDUCATIVA GENERAL SANTANDER", "sector": "OFICIAL", "zona": "RURAL", "nom_mun": "JAMUNDÍ", "nom_dep": "VALLE DEL CAUCA", "estado_fisico": "Riesgo inminente de colapso", "total_matricula": 34.0, "confianza_geo": "2 - MEDIA"}}, {"type": "Feature", "geometry": {"type": "Point", "coordinates": [-76.72267137980899, 3.180567173718101]}, "properties": {"cod_dane": "276364000915", "nombre_sede": "SEDE CACIQUE PETECUY", "nombre_establecimiento": "INSTITUCION EDUCATIVA GENERAL SANTANDER", "sector": "OFICIAL", "zona": "RURAL", "nom_mun": "JAMUNDÍ", "nom_dep": "VALLE DEL CAUCA", "estado_fisico": "Riesgo inminente de colapso", "total_matricula": 19.0, "confianza_geo": "2 - MEDIA"}}, {"type": "Feature", "geometry": null, "properties": {"cod_dane": "276364000940", "nombre_sede": "JOSE MARIA CORDOBA-SEDE PRINCIPAL", "nombre_establecimiento": "INSTITUCION EDUCATIVA JOSE MARIA CORDOBA", "sector": "OFICIAL", "zona": "RURAL", "nom_mun": "JAMUNDÍ", "nom_dep": "VALLE DEL CAUCA", "estado_fisico": "Colapso parcial", "total_matricula": 247.0, "confianza_geo": "3 - BAJA"}}, {"type": "Feature", "geometry": {"type": "Point", "coordinates": [-76.67527800006565, 3.1858329996787935]}, "properties": {"cod_dane": "276364001351", "nombre_sede": "SEDE DIVINO NIÑO JESUS DE PRAGA", "nombre_establecimiento": "INSTITUCION EDUCATIVA GENERAL SANTANDER", "sector": "OFICIAL", "zona": "RURAL", "nom_mun": "JAMUNDÍ", "nom_dep": "VALLE DEL CAUCA", "estado_fisico": "Colapso parcial", "total_matricula": 27.0, "confianza_geo": "1 - ALTA"}}, {"type": "Feature", "geometry": {"type": "Point", "coordinates": [-76.65500000037383, 3.212222000064157]}, "properties": {"cod_dane": "276364001458", "nombre_sede": "SAN ANTONIO-SEDE PRINCIPAL", "nombre_establecimiento": "INSTITUCION EDUCATIVA SAN ANTONIO", "sector": "OFICIAL", "zona": "RURAL", "nom_mun": "JAMUNDÍ", "nom_dep": "VALLE DEL CAUCA", "estado_fisico": "Riesgo inminente de colapso", "total_matricula": 80.0, "confianza_geo": "2 - MEDIA"}}, {"type": "Feature", "geometry": {"type": "Point", "coordinates": [-76.721933749773, 3.1630662377885406]}, "properties": {"cod_dane": "276364001555", "nombre_sede": "SEDE DOCE DE OCTUBRE", "nombre_establecimiento": "INSTITUCION EDUCATIVA GENERAL SANTANDER", "sector": "OFICIAL", "zona": "RURAL", "nom_mun": "JAMUNDÍ", "nom_dep": "VALLE DEL CAUCA", "estado_fisico": "Colapso parcial", "total_matricula": 8.0, "confianza_geo": "2 - MEDIA"}}, {"type": "Feature", "geometry": null, "properties": {"cod_dane": "276364001661", "nombre_sede": "GENERAL SANTANDER-SEDE PRINCIPAL", "nombre_establecimiento": "INSTITUCION EDUCATIVA GENERAL SANTANDER", "sector": "OFICIAL", "zona": "RURAL", "nom_mun": "JAMUNDÍ", "nom_dep": "VALLE DEL CAUCA", "estado_fisico": "Riesgo inminente de colapso", "total_matricula": 239.0, "confianza_geo": "3 - BAJA"}}, {"type": "Feature", "geometry": null, "properties": {"cod_dane": "276364002390", "nombre_sede": "NASA DXI KH", "nombre_establecimiento": "INSTITUCION EDUCATIVA  KWE SX NASA KXSA WNXI IDEBIC", "sector": "OFICIAL", "zona": "RURAL", "nom_mun": "JAMUNDÍ", "nom_dep": "VALLE DEL CAUCA", "estado_fisico": "Afectación parcial", "total_matricula": 10.0, "confianza_geo": "3 - BAJA"}}, {"type": "Feature", "geometry": null, "properties": {"cod_dane": "276364002403", "nombre_sede": "SEDE DESTELLOS DE ESPERANZA", "nombre_establecimiento": "INSTITUCION EDUCATIVA SAN ANTONIO", "sector": "OFICIAL", "zona": "RURAL", "nom_mun": "JAMUNDÍ", "nom_dep": "VALLE DEL CAUCA", "estado_fisico": "Afectación parcial", "total_matricula": 20.0, "confianza_geo": "3 - BAJA"}}, {"type": "Feature", "geometry": null, "properties": {"cod_dane": "276364002543", "nombre_sede": "SEDE TRINIDAD VIAFARA", "nombre_establecimiento": "INSTITUCION EDUCATIVA SIXTO MARIA ROJAS", "sector": "OFICIAL", "zona": "RURAL", "nom_mun": "JAMUNDÍ", "nom_dep": "VALLE DEL CAUCA", "estado_fisico": "Afectación parcial", "total_matricula": 177.0, "confianza_geo": "3 - BAJA"}}, {"type": "Feature", "geometry": null, "properties": {"cod_dane": "276364800181", "nombre_sede": "SAN ANTONIO DE BACHILLERATO", "nombre_establecimiento": "INSTITUCION EDUCATIVA SAN ANTONIO", "sector": "OFICIAL", "zona": "RURAL", "nom_mun": "JAMUNDÍ", "nom_dep": "VALLE DEL CAUCA", "estado_fisico": "Afectación parcial", "total_matricula": 131.0, "confianza_geo": "3 - BAJA"}}, {"type": "Feature", "geometry": {"type": "Point", "coordinates": [-76.56572639043202, 3.662980773077316]}, "properties": {"cod_dane": "276377000116", "nombre_sede": "CRISTOBAL COLON", "nombre_establecimiento": "INSTITUCION EDUCATIVA  SAN PIO X", "sector": "OFICIAL", "zona": "RURAL", "nom_mun": "LA CUMBRE", "nom_dep": "VALLE DEL CAUCA", "estado_fisico": "Colapso parcial", "total_matricula": 31.0, "confianza_geo": "2 - MEDIA"}}, {"type": "Feature", "geometry": {"type": "Point", "coordinates": [-76.57969909987325, 3.5809205752160924]}, "properties": {"cod_dane": "276377000175", "nombre_sede": "LA SOFIA", "nombre_establecimiento": "INSTITUCION EDUCATIVA LA LIBERTAD", "sector": "OFICIAL", "zona": "RURAL", "nom_mun": "LA CUMBRE", "nom_dep": "VALLE DEL CAUCA", "estado_fisico": "Afectación parcial", "total_matricula": 12.0, "confianza_geo": "2 - MEDIA"}}, {"type": "Feature", "geometry": {"type": "Point", "coordinates": [-76.59172790983688, 3.5745279526989155]}, "properties": {"cod_dane": "276377000329", "nombre_sede": "JOSE ANTONIO GALAN", "nombre_establecimiento": "INSTITUCION EDUCATIVA LA LIBERTAD", "sector": "OFICIAL", "zona": "RURAL", "nom_mun": "LA CUMBRE", "nom_dep": "VALLE DEL CAUCA", "estado_fisico": "Afectación parcial", "total_matricula": 4.0, "confianza_geo": "2 - MEDIA"}}, {"type": "Feature", "geometry": {"type": "Point", "coordinates": [-76.59712485960476, 3.606239397891849]}, "properties": {"cod_dane": "276377000353", "nombre_sede": "CONCENTRACION DE DESARROLLO RURAL", "nombre_establecimiento": "INSTITUCION EDUCATIVA LA LIBERTAD", "sector": "OFICIAL", "zona": "RURAL", "nom_mun": "LA CUMBRE", "nom_dep": "VALLE DEL CAUCA", "estado_fisico": "Colapso total", "total_matricula": 165.0, "confianza_geo": "2 - MEDIA"}}, {"type": "Feature", "geometry": {"type": "Point", "coordinates": [-75.89282299978404, 4.603369999683495]}, "properties": {"cod_dane": "276497000136", "nombre_sede": "JUAN DEL CORRAL", "nombre_establecimiento": "INSTITUCION EDUCATIVA MARIA ANALIA ORTIZ HORMAZA", "sector": "OFICIAL", "zona": "RURAL", "nom_mun": "OBANDO", "nom_dep": "VALLE DEL CAUCA", "estado_fisico": "Afectación parcial", "total_matricula": 14.0, "confianza_geo": "2 - MEDIA"}}, {"type": "Feature", "geometry": {"type": "Point", "coordinates": [-75.90160199969715, 4.626790999802717]}, "properties": {"cod_dane": "276497000209", "nombre_sede": "JOSE ACEVEDO Y GOMEZ", "nombre_establecimiento": "INSTITUCION EDUCATIVA MARIA ANALIA ORTIZ HORMAZA", "sector": "OFICIAL", "zona": "RURAL", "nom_mun": "OBANDO", "nom_dep": "VALLE DEL CAUCA", "estado_fisico": "Afectación parcial", "total_matricula": 14.0, "confianza_geo": "2 - MEDIA"}}, {"type": "Feature", "geometry": {"type": "Point", "coordinates": [-75.91476099988266, 4.596767000415707]}, "properties": {"cod_dane": "276497000217", "nombre_sede": "MERCEDES ABREGO", "nombre_establecimiento": "INSTITUCION EDUCATIVA MARIA ANALIA ORTIZ HORMAZA", "sector": "OFICIAL", "zona": "RURAL", "nom_mun": "OBANDO", "nom_dep": "VALLE DEL CAUCA", "estado_fisico": "Riesgo inminente de colapso", "total_matricula": 20.0, "confianza_geo": "2 - MEDIA"}}, {"type": "Feature", "geometry": {"type": "Point", "coordinates": [-75.88196994978004, 4.6141583748336075]}, "properties": {"cod_dane": "276497000608", "nombre_sede": "MARIA ANALIA ORTIZ HORMAZA", "nombre_establecimiento": "INSTITUCION EDUCATIVA MARIA ANALIA ORTIZ HORMAZA", "sector": "OFICIAL", "zona": "RURAL", "nom_mun": "OBANDO", "nom_dep": "VALLE DEL CAUCA", "estado_fisico": "Afectación parcial", "total_matricula": 113.0, "confianza_geo": "2 - MEDIA"}}, {"type": "Feature", "geometry": {"type": "Point", "coordinates": [-76.19652924977744, 3.602847438896308]}, "properties": {"cod_dane": "276520000564", "nombre_sede": "TABLONES", "nombre_establecimiento": "INSTITUCION EDUCATIVA TABLONES", "sector": "OFICIAL", "zona": "RURAL", "nom_mun": "PALMIRA", "nom_dep": "VALLE DEL CAUCA", "estado_fisico": "Afectación parcial", "total_matricula": 551.0, "confianza_geo": "1 - ALTA"}}, {"type": "Feature", "geometry": {"type": "Point", "coordinates": [-76.2345589898511, 3.553110755085541]}, "properties": {"cod_dane": "276520000742", "nombre_sede": "ROSARIO DE FATIMA", "nombre_establecimiento": "INSTITUCION EDUCATIVA TABLONES", "sector": "OFICIAL", "zona": "RURAL", "nom_mun": "PALMIRA", "nom_dep": "VALLE DEL CAUCA", "estado_fisico": "Colapso parcial", "total_matricula": 35.0, "confianza_geo": "1 - ALTA"}}, {"type": "Feature", "geometry": {"type": "Point", "coordinates": [-76.23157899957594, 3.564563999824129]}, "properties": {"cod_dane": "276520001552", "nombre_sede": "CRISTOBAL COLON", "nombre_establecimiento": "INSTITUCION EDUCATIVA TABLONES", "sector": "OFICIAL", "zona": "RURAL", "nom_mun": "PALMIRA", "nom_dep": "VALLE DEL CAUCA", "estado_fisico": "Riesgo inminente de colapso", "total_matricula": 24.0, "confianza_geo": "2 - MEDIA"}}, {"type": "Feature", "geometry": {"type": "Point", "coordinates": [-76.3224324802012, 3.4646304979220957]}, "properties": {"cod_dane": "276520001561", "nombre_sede": "LUIS EDUARDO NIETO", "nombre_establecimiento": "INSTITUCION EDUCATIVA MONSEÑOR JOSE MANUEL SALCEDO", "sector": "OFICIAL", "zona": "RURAL", "nom_mun": "PALMIRA", "nom_dep": "VALLE DEL CAUCA", "estado_fisico": "Riesgo inminente de colapso", "total_matricula": 77.0, "confianza_geo": "1 - ALTA"}}, {"type": "Feature", "geometry": {"type": "Point", "coordinates": [-76.38661796963419, 3.4824515187495977]}, "properties": {"cod_dane": "276520001668", "nombre_sede": "ANTONIO NARIÑO", "nombre_establecimiento": "INSTITUCION EDUCATIVA MONSEÑOR JOSE MANUEL SALCEDO", "sector": "OFICIAL", "zona": "RURAL", "nom_mun": "PALMIRA", "nom_dep": "VALLE DEL CAUCA", "estado_fisico": "Riesgo inminente de colapso", "total_matricula": 21.0, "confianza_geo": "1 - ALTA"}}, {"type": "Feature", "geometry": {"type": "Point", "coordinates": [-76.2238644897998, 3.571562690263035]}, "properties": {"cod_dane": "276520002028", "nombre_sede": "JUAN JOSE RONDON", "nombre_establecimiento": "INSTITUCION EDUCATIVA TABLONES", "sector": "OFICIAL", "zona": "RURAL", "nom_mun": "PALMIRA", "nom_dep": "VALLE DEL CAUCA", "estado_fisico": "Afectación parcial", "total_matricula": 61.0, "confianza_geo": "1 - ALTA"}}, {"type": "Feature", "geometry": {"type": "Point", "coordinates": [-76.3512515601048, 3.539542401994038]}, "properties": {"cod_dane": "276520002036", "nombre_sede": "JOSE MARIA CABAL", "nombre_establecimiento": "INSTITUCION EDUCATIVA JUAN PABLO II", "sector": "OFICIAL", "zona": "RURAL", "nom_mun": "PALMIRA", "nom_dep": "VALLE DEL CAUCA", "estado_fisico": "Colapso parcial", "total_matricula": 78.0, "confianza_geo": "2 - MEDIA"}}, {"type": "Feature", "geometry": {"type": "Point", "coordinates": [-76.29999420921918, 3.554237350156189]}, "properties": {"cod_dane": "276520002192", "nombre_sede": "JOSE MANUEL GROOT", "nombre_establecimiento": "INSTITUCION EDUCATIVA HAROLD EDER", "sector": "OFICIAL", "zona": "URBANA", "nom_mun": "PALMIRA", "nom_dep": "VALLE DEL CAUCA", "estado_fisico": "Riesgo inminente de colapso", "total_matricula": 501.0, "confianza_geo": "2 - MEDIA"}}, {"type": "Feature", "geometry": null, "properties": {"cod_dane": "276520002796", "nombre_sede": "CARDENAS (BOLO)", "nombre_establecimiento": "INSTITUCION EDUCATIVA MONSEÑOR JOSE MANUEL SALCEDO", "sector": "OFICIAL", "zona": "RURAL", "nom_mun": "PALMIRA", "nom_dep": "VALLE DEL CAUCA", "estado_fisico": "Riesgo inminente de colapso", "total_matricula": 283.0, "confianza_geo": "3 - BAJA"}}, {"type": "Feature", "geometry": {"type": "Point", "coordinates": [-76.33611100037001, 3.608055999606593]}, "properties": {"cod_dane": "276520006635", "nombre_sede": "MONSEÑOR JOSÉ MANUEL SALCEDO", "nombre_establecimiento": "INSTITUCION EDUCATIVA MONSEÑOR JOSE MANUEL SALCEDO", "sector": "OFICIAL", "zona": "RURAL", "nom_mun": "PALMIRA", "nom_dep": "VALLE DEL CAUCA", "estado_fisico": "Afectación parcial", "total_matricula": 191.0, "confianza_geo": "2 - MEDIA"}}, {"type": "Feature", "geometry": {"type": "Point", "coordinates": [-76.30298900013695, 3.400652999628337]}, "properties": {"cod_dane": "276563000312", "nombre_sede": "POLICARPA SALAVARRIETA", "nombre_establecimiento": "INSTITUCION EDUCATIVA ALFREDO POSADA CORREA", "sector": "OFICIAL", "zona": "RURAL", "nom_mun": "PRADERA", "nom_dep": "VALLE DEL CAUCA", "estado_fisico": "Riesgo inminente de colapso", "total_matricula": 81.0, "confianza_geo": "2 - MEDIA"}}, {"type": "Feature", "geometry": {"type": "Point", "coordinates": [-76.50863462999806, 3.855472513869432]}, "properties": {"cod_dane": "276606000109", "nombre_sede": "POLICARPA SALAVARRIETA", "nombre_establecimiento": "INSTITUCION EDUCATIVA JOSE FELIX RESTREPO", "sector": "OFICIAL", "zona": "RURAL", "nom_mun": "RESTREPO", "nom_dep": "VALLE DEL CAUCA", "estado_fisico": "Afectación parcial", "total_matricula": 5.0, "confianza_geo": "2 - MEDIA"}}, {"type": "Feature", "geometry": null, "properties": {"cod_dane": "276606000265", "nombre_sede": "CRISTOBAL COLON", "nombre_establecimiento": "INSTITUCION EDUCATIVA JOSE ACEVEDO Y GOMEZ", "sector": "OFICIAL", "zona": "RURAL", "nom_mun": "RESTREPO", "nom_dep": "VALLE DEL CAUCA", "estado_fisico": "Riesgo inminente de colapso", "total_matricula": 9.0, "confianza_geo": "3 - BAJA"}}, {"type": "Feature", "geometry": null, "properties": {"cod_dane": "276606000273", "nombre_sede": "ATANASIO GIRARDOT", "nombre_establecimiento": "INSTITUCION EDUCATIVA JOSE ACEVEDO Y GOMEZ", "sector": "OFICIAL", "zona": "RURAL", "nom_mun": "RESTREPO", "nom_dep": "VALLE DEL CAUCA", "estado_fisico": "Colapso total", "total_matricula": 11.0, "confianza_geo": "3 - BAJA"}}, {"type": "Feature", "geometry": null, "properties": {"cod_dane": "276606000338", "nombre_sede": "GUILLERMO LEON VALENCIA", "nombre_establecimiento": "INSTITUCION EDUCATIVA JOSE ACEVEDO Y GOMEZ", "sector": "OFICIAL", "zona": "RURAL", "nom_mun": "RESTREPO", "nom_dep": "VALLE DEL CAUCA", "estado_fisico": "Riesgo inminente de colapso", "total_matricula": 11.0, "confianza_geo": "3 - BAJA"}}, {"type": "Feature", "geometry": {"type": "Point", "coordinates": [-76.19655788986532, 3.9388817578463353]}, "properties": {"cod_dane": "276670000279", "nombre_sede": "ANTONIO NARIÑO", "nombre_establecimiento": "INSTITUCION EDUCATIVA JULIO CAICEDO TELLEZ", "sector": "OFICIAL", "zona": "RURAL", "nom_mun": "SAN PEDRO", "nom_dep": "VALLE DEL CAUCA", "estado_fisico": "Riesgo inminente de colapso", "total_matricula": 37.0, "confianza_geo": "2 - MEDIA"}}, {"type": "Feature", "geometry": {"type": "Point", "coordinates": [-76.13960370012893, 4.586862833200092]}, "properties": {"cod_dane": "276823000125", "nombre_sede": "CRISTOBAL COLON", "nombre_establecimiento": "INSTITUCION EDUCATIVA  TECNICA AGROPECUARIA TORO", "sector": "OFICIAL", "zona": "RURAL", "nom_mun": "TORO", "nom_dep": "VALLE DEL CAUCA", "estado_fisico": "Colapso parcial", "total_matricula": 24.0, "confianza_geo": "2 - MEDIA"}}, {"type": "Feature", "geometry": {"type": "Point", "coordinates": [-76.15097469986114, 4.596965562842333]}, "properties": {"cod_dane": "276823000168", "nombre_sede": "RESTREPO MEJIA", "nombre_establecimiento": "INSTITUCION EDUCATIVA  TECNICA AGROPECUARIA TORO", "sector": "OFICIAL", "zona": "RURAL", "nom_mun": "TORO", "nom_dep": "VALLE DEL CAUCA", "estado_fisico": "Riesgo inminente de colapso", "total_matricula": 11.0, "confianza_geo": "2 - MEDIA"}}, {"type": "Feature", "geometry": {"type": "Point", "coordinates": [-76.37014726996665, 4.176068309273047]}, "properties": {"cod_dane": "276828000115", "nombre_sede": "ANTONIO JOSE DE SUCRE", "nombre_establecimiento": "INSTITUCION EDUCATIVA ANTONIO JOSE DE SUCRE", "sector": "OFICIAL", "zona": "RURAL", "nom_mun": "TRUJILLO", "nom_dep": "VALLE DEL CAUCA", "estado_fisico": "Afectación parcial", "total_matricula": 154.0, "confianza_geo": "2 - MEDIA"}}, {"type": "Feature", "geometry": null, "properties": {"cod_dane": "276828000166", "nombre_sede": "ANTONIO NARIÑO", "nombre_establecimiento": "INSTITUCION EDUCATIVA RODRIGO LLOREDA CAICEDO", "sector": "OFICIAL", "zona": "RURAL", "nom_mun": "TRUJILLO", "nom_dep": "VALLE DEL CAUCA", "estado_fisico": "Colapso parcial", "total_matricula": 6.0, "confianza_geo": "3 - BAJA"}}, {"type": "Feature", "geometry": null, "properties": {"cod_dane": "276828000191", "nombre_sede": "DIEGO FALLON", "nombre_establecimiento": "INSTITUCION EDUCATIVA RODRIGO LLOREDA CAICEDO", "sector": "OFICIAL", "zona": "RURAL", "nom_mun": "TRUJILLO", "nom_dep": "VALLE DEL CAUCA", "estado_fisico": "Afectación parcial", "total_matricula": 50.0, "confianza_geo": "3 - BAJA"}}, {"type": "Feature", "geometry": null, "properties": {"cod_dane": "276828000387", "nombre_sede": "RODRIGO LLOREDA", "nombre_establecimiento": "INSTITUCION EDUCATIVA RODRIGO LLOREDA CAICEDO", "sector": "OFICIAL", "zona": "RURAL", "nom_mun": "TRUJILLO", "nom_dep": "VALLE DEL CAUCA", "estado_fisico": "Colapso parcial", "total_matricula": 166.0, "confianza_geo": "3 - BAJA"}}, {"type": "Feature", "geometry": {"type": "Point", "coordinates": [-75.76692799972493, 4.711765999581933]}, "properties": {"cod_dane": "276845000102", "nombre_sede": "MARIA INMACULADA", "nombre_establecimiento": "INSTITUCION EDUCATIVA MARIA INMACULADA", "sector": "OFICIAL", "zona": "RURAL", "nom_mun": "ULLOA", "nom_dep": "VALLE DEL CAUCA", "estado_fisico": "Afectación parcial", "total_matricula": 226.0, "confianza_geo": "2 - MEDIA"}}, {"type": "Feature", "geometry": {"type": "Point", "coordinates": [-75.48055599988169, 5.0536110001142145]}, "properties": {"cod_dane": "317001000075", "nombre_sede": "INSTITUCIÓN EDUCATIVA COLEGIO DE CRISTO", "nombre_establecimiento": "INSTITUCIÓN EDUCATIVA COLEGIO DE CRISTO", "sector": "OFICIAL", "zona": "URBANA", "nom_mun": "MANIZALES", "nom_dep": "CALDAS", "estado_fisico": "Colapso parcial", "total_matricula": 1040.0, "confianza_geo": "2 - MEDIA"}}, {"type": "Feature", "geometry": null, "properties": {"cod_dane": "317001000121", "nombre_sede": "COLEGIO SANTA INÉS", "nombre_establecimiento": "COLEGIO SANTA INÉS", "sector": "NO OFICIAL", "zona": "URBANA", "nom_mun": "MANIZALES", "nom_dep": "CALDAS", "estado_fisico": "Afectación parcial", "total_matricula": 332.0, "confianza_geo": "3 - BAJA"}}, {"type": "Feature", "geometry": null, "properties": {"cod_dane": "317001000318", "nombre_sede": "INSTITUTO TECNICO  SAN RAFAEL", "nombre_establecimiento": "INSTITUTO TECNICO  SAN RAFAEL", "sector": "NO OFICIAL", "zona": "URBANA", "nom_mun": "MANIZALES", "nom_dep": "CALDAS", "estado_fisico": "Colapso parcial", "total_matricula": 886.0, "confianza_geo": "3 - BAJA"}}, {"type": "Feature", "geometry": {"type": "Point", "coordinates": [-75.53467999970476, 5.074298999556966]}, "properties": {"cod_dane": "317001001179", "nombre_sede": "COL.  FRANCISCANO AGUSTIN GEMELLI", "nombre_establecimiento": "COLEGIO FRANCISCANO AGUSTIN GEMELLI", "sector": "NO OFICIAL", "zona": "URBANA", "nom_mun": "MANIZALES", "nom_dep": "CALDAS", "estado_fisico": "Afectación parcial", "total_matricula": 244.0, "confianza_geo": "2 - MEDIA"}}, {"type": "Feature", "geometry": {"type": "Point", "coordinates": [-75.53043599987478, 5.069324000016337]}, "properties": {"cod_dane": "317001001519", "nombre_sede": "COLEGIO FILIPENSE NUESTRA SEÑORA DE LOURDES", "nombre_establecimiento": "COLEGIO FILIPENSE NUESTRA SEÑORA DE LOURDES", "sector": "NO OFICIAL", "zona": "URBANA", "nom_mun": "MANIZALES", "nom_dep": "CALDAS", "estado_fisico": "Afectación menor", "total_matricula": 290.0, "confianza_geo": "2 - MEDIA"}}, {"type": "Feature", "geometry": {"type": "Point", "coordinates": [-75.49114539973971, 5.062631450261546]}, "properties": {"cod_dane": "317001001616", "nombre_sede": "COLEGIO SEMINARIO MENOR DE NUESTRA SEÑORA DEL ROSARIO", "nombre_establecimiento": "COLEGIO SEMINARIO MENOR DE NUESTRA SEÑORA DEL ROSARIO", "sector": "NO OFICIAL", "zona": "URBANA", "nom_mun": "MANIZALES", "nom_dep": "CALDAS", "estado_fisico": "Colapso parcial", "total_matricula": 823.0, "confianza_geo": "2 - MEDIA"}}, {"type": "Feature", "geometry": null, "properties": {"cod_dane": "317001001632", "nombre_sede": "COLEGIO DE NUESTRA SEÑORA DEL ROSARIO", "nombre_establecimiento": "COLEGIO DE NUESTRA SEÑORA DEL ROSARIO", "sector": "NO OFICIAL", "zona": "URBANA", "nom_mun": "MANIZALES", "nom_dep": "CALDAS", "estado_fisico": "Afectación parcial", "total_matricula": 536.0, "confianza_geo": "3 - BAJA"}}, {"type": "Feature", "geometry": null, "properties": {"cod_dane": "317001001861", "nombre_sede": "LICEO ARQUIDIOCESANO DE NUESTRA SEÑORA", "nombre_establecimiento": "LICEO ARQUIDIOCESANO DE NUESTRA SEÑORA", "sector": "NO OFICIAL", "zona": "URBANA", "nom_mun": "MANIZALES", "nom_dep": "CALDAS", "estado_fisico": "Colapso parcial", "total_matricula": 819.0, "confianza_geo": "3 - BAJA"}}, {"type": "Feature", "geometry": null, "properties": {"cod_dane": "317001001896", "nombre_sede": "COLEGIO SAN LUIS GONZAGA", "nombre_establecimiento": "COLEGIO SAN LUIS GONZAGA", "sector": "NO OFICIAL", "zona": "URBANA", "nom_mun": "MANIZALES", "nom_dep": "CALDAS", "estado_fisico": "Afectación parcial", "total_matricula": 1025.0, "confianza_geo": "3 - BAJA"}}, {"type": "Feature", "geometry": {"type": "Point", "coordinates": [-75.47912064027969, 5.04986843033914]}, "properties": {"cod_dane": "317001001934", "nombre_sede": "COLEGIO SEMINARIO REDENTORISTA SAN CLEMENTE MARIA HOFBAUER", "nombre_establecimiento": "COLEGIO SEMINARIO REDENTORISTA   SAN CLEMENTE MARIA HOFBAUER", "sector": "NO OFICIAL", "zona": "URBANA", "nom_mun": "MANIZALES", "nom_dep": "CALDAS", "estado_fisico": "Afectación parcial", "total_matricula": 1163.0, "confianza_geo": "2 - MEDIA"}}, {"type": "Feature", "geometry": {"type": "Point", "coordinates": [-75.51979900008651, 5.066177000394427]}, "properties": {"cod_dane": "317001001977", "nombre_sede": "COLEGIO MAYOR DE NUESTRA SEÑORA DEL ROSARIO", "nombre_establecimiento": "COLEGIO MAYOR DE NUESTRA SEÑORA DEL ROSARIO", "sector": "NO OFICIAL", "zona": "URBANA", "nom_mun": "MANIZALES", "nom_dep": "CALDAS", "estado_fisico": "Colapso parcial", "total_matricula": 992.0, "confianza_geo": "2 - MEDIA"}}, {"type": "Feature", "geometry": {"type": "Point", "coordinates": [-75.49745456622075, 5.06366515366746]}, "properties": {"cod_dane": "317001002043", "nombre_sede": "COLEGIO NUEVO GIMNASIO", "nombre_establecimiento": "COLEGIO NUEVO GIMNASIO", "sector": "NO OFICIAL", "zona": "URBANA", "nom_mun": "MANIZALES", "nom_dep": "CALDAS", "estado_fisico": "Afectación menor", "total_matricula": 253.0, "confianza_geo": "2 - MEDIA"}}, {"type": "Feature", "geometry": {"type": "Point", "coordinates": [-75.49903925995893, 5.0610195996020995]}, "properties": {"cod_dane": "317001003015", "nombre_sede": "JARDIN INFANTIL LA ANUNCIACION", "nombre_establecimiento": "JARDIN INFANTIL LA ANUNCIACION", "sector": "NO OFICIAL", "zona": "URBANA", "nom_mun": "MANIZALES", "nom_dep": "CALDAS", "estado_fisico": "Afectación parcial", "total_matricula": 19.0, "confianza_geo": "2 - MEDIA"}}, {"type": "Feature", "geometry": null, "properties": {"cod_dane": "317001003295", "nombre_sede": "JARDIN INFANTIL  EXPERIENCIAS", "nombre_establecimiento": "JARDIN INFANTIL  EXPERIENCIAS", "sector": "NO OFICIAL", "zona": "URBANA", "nom_mun": "MANIZALES", "nom_dep": "CALDAS", "estado_fisico": "Afectación menor", "total_matricula": 25.0, "confianza_geo": "3 - BAJA"}}, {"type": "Feature", "geometry": {"type": "Point", "coordinates": [-75.52028899963295, 5.074866000250125]}, "properties": {"cod_dane": "317001003961", "nombre_sede": "COLEGIO SAN MIGUEL LIMITADA", "nombre_establecimiento": "COLEGIO SAN MIGUEL LIMITADA", "sector": "NO OFICIAL", "zona": "URBANA", "nom_mun": "MANIZALES", "nom_dep": "CALDAS", "estado_fisico": "Afectación parcial", "total_matricula": 136.0, "confianza_geo": "2 - MEDIA"}}, {"type": "Feature", "geometry": {"type": "Point", "coordinates": [-75.47645599999176, 5.0586980003362685]}, "properties": {"cod_dane": "317001004119", "nombre_sede": "LICEO INFANTIL TRAVESURAS", "nombre_establecimiento": "LICEO INFANTIL TRAVESURAS", "sector": "NO OFICIAL", "zona": "URBANA", "nom_mun": "MANIZALES", "nom_dep": "CALDAS", "estado_fisico": "Afectación menor", "total_matricula": 20.0, "confianza_geo": "2 - MEDIA"}}, {"type": "Feature", "geometry": {"type": "Point", "coordinates": [-75.49899912502867, 5.067055965839751]}, "properties": {"cod_dane": "317001004445", "nombre_sede": "JARDIN INFANTIL  BURBUJITAS", "nombre_establecimiento": "JARDIN INFANTIL  BURBUJITAS", "sector": "NO OFICIAL", "zona": "URBANA", "nom_mun": "MANIZALES", "nom_dep": "CALDAS", "estado_fisico": "Afectación menor", "total_matricula": 18.0, "confianza_geo": "2 - MEDIA"}}, {"type": "Feature", "geometry": {"type": "Point", "coordinates": [-75.48755420023679, 5.052177740406043]}, "properties": {"cod_dane": "317001004453", "nombre_sede": "JARDIN INFANTIL MIS COLORES", "nombre_establecimiento": "JARDIN INFANTIL MIS COLORES", "sector": "NO OFICIAL", "zona": "URBANA", "nom_mun": "MANIZALES", "nom_dep": "CALDAS", "estado_fisico": "Afectación menor", "total_matricula": 21.0, "confianza_geo": "2 - MEDIA"}}, {"type": "Feature", "geometry": null, "properties": {"cod_dane": "317001004917", "nombre_sede": "COLEGIO HIJAS DE LOS SAGRADOS CORAZONES", "nombre_establecimiento": "COLEGIO HIJAS DE LOS SAGRADOS CORAZONES", "sector": "NO OFICIAL", "zona": "URBANA", "nom_mun": "MANIZALES", "nom_dep": "CALDAS", "estado_fisico": "Afectación menor", "total_matricula": 141.0, "confianza_geo": "3 - BAJA"}}, {"type": "Feature", "geometry": {"type": "Point", "coordinates": [-75.50543899997683, 5.058643999963307]}, "properties": {"cod_dane": "317001005182", "nombre_sede": "LICEO INFANTIL ILUSIONES", "nombre_establecimiento": "LICEO INFANTIL ILUSIONES", "sector": "NO OFICIAL", "zona": "URBANA", "nom_mun": "MANIZALES", "nom_dep": "CALDAS", "estado_fisico": "Afectación menor", "total_matricula": 86.0, "confianza_geo": "2 - MEDIA"}}, {"type": "Feature", "geometry": null, "properties": {"cod_dane": "317001005221", "nombre_sede": "INSTITUTO PARA LA CIENCIA", "nombre_establecimiento": "INSTITUTO PARA LA CIENCIA", "sector": "NO OFICIAL", "zona": "URBANA", "nom_mun": "MANIZALES", "nom_dep": "CALDAS", "estado_fisico": "Afectación parcial", "total_matricula": 180.0, "confianza_geo": "3 - BAJA"}}, {"type": "Feature", "geometry": null, "properties": {"cod_dane": "317001005239", "nombre_sede": "GIMNASIO LOS ANDES", "nombre_establecimiento": "GIMNASIO LOS ANDES", "sector": "NO OFICIAL", "zona": "URBANA", "nom_mun": "MANIZALES", "nom_dep": "CALDAS", "estado_fisico": "Afectación menor", "total_matricula": 55.0, "confianza_geo": "3 - BAJA"}}, {"type": "Feature", "geometry": {"type": "Point", "coordinates": [-75.51740208021113, 5.065441559904036]}, "properties": {"cod_dane": "317001005271", "nombre_sede": "COLEGIO AMERICANO", "nombre_establecimiento": "COLEGIO AMERICANO", "sector": "NO OFICIAL", "zona": "URBANA", "nom_mun": "MANIZALES", "nom_dep": "CALDAS", "estado_fisico": "Afectación parcial", "total_matricula": 65.0, "confianza_geo": "2 - MEDIA"}}, {"type": "Feature", "geometry": {"type": "Point", "coordinates": [-75.50066182666953, 5.069741748717161]}, "properties": {"cod_dane": "317001005280", "nombre_sede": "LICEO INTEGRADO MANIZALES", "nombre_establecimiento": "LICEO INTEGRADO MANIZALES", "sector": "NO OFICIAL", "zona": "URBANA", "nom_mun": "MANIZALES", "nom_dep": "CALDAS", "estado_fisico": "Afectación menor", "total_matricula": 162.0, "confianza_geo": "2 - MEDIA"}}, {"type": "Feature", "geometry": {"type": "Point", "coordinates": [-75.51910000030269, 5.064203999594592]}, "properties": {"cod_dane": "317001005425", "nombre_sede": "LICEO INFANTIL NIÑOS 2000", "nombre_establecimiento": "LICEO INFANTIL NIÑOS 2000", "sector": "NO OFICIAL", "zona": "URBANA", "nom_mun": "MANIZALES", "nom_dep": "CALDAS", "estado_fisico": "Afectación menor", "total_matricula": 246.0, "confianza_geo": "2 - MEDIA"}}, {"type": "Feature", "geometry": {"type": "Point", "coordinates": [-75.51523910139865, 5.0690309953964405]}, "properties": {"cod_dane": "317001005514", "nombre_sede": "COLEGIO LOS LIBERTADORES", "nombre_establecimiento": "COLEGIO LOS LIBERTADORES", "sector": "NO OFICIAL", "zona": "URBANA", "nom_mun": "MANIZALES", "nom_dep": "CALDAS", "estado_fisico": "Afectación menor", "total_matricula": 100.0, "confianza_geo": "2 - MEDIA"}}, {"type": "Feature", "geometry": null, "properties": {"cod_dane": "317001005794", "nombre_sede": "LICEO MIS PRIMERAS PINCELADAS", "nombre_establecimiento": "LICEO MIS PRIMERAS PINCELADAS", "sector": "NO OFICIAL", "zona": "URBANA", "nom_mun": "MANIZALES", "nom_dep": "CALDAS", "estado_fisico": "Afectación menor", "total_matricula": 50.0, "confianza_geo": "3 - BAJA"}}, {"type": "Feature", "geometry": {"type": "Point", "coordinates": [-75.48715505989145, 5.0571619999002735]}, "properties": {"cod_dane": "317001005948", "nombre_sede": "COLEGIO CULTURAL ANDINO", "nombre_establecimiento": "COLEGIO CULTURAL ANDINO", "sector": "NO OFICIAL", "zona": "URBANA", "nom_mun": "MANIZALES", "nom_dep": "CALDAS", "estado_fisico": "Afectación menor", "total_matricula": 109.0, "confianza_geo": "2 - MEDIA"}}, {"type": "Feature", "geometry": null, "properties": {"cod_dane": "317001006715", "nombre_sede": "LICEO BOSQUES DEL SABER", "nombre_establecimiento": "LICEO BOSQUES DEL SABER", "sector": "NO OFICIAL", "zona": "URBANA", "nom_mun": "MANIZALES", "nom_dep": "CALDAS", "estado_fisico": "Afectación parcial", "total_matricula": 153.0, "confianza_geo": "3 - BAJA"}}, {"type": "Feature", "geometry": {"type": "Point", "coordinates": [-75.48407252872323, 5.0424642983842105]}, "properties": {"cod_dane": "317001006863", "nombre_sede": "JARDIN INFANTIL Y CENTRO DE ESTIMULACIÓN HUELLAS", "nombre_establecimiento": "JARDIN INFANTIL Y CENTRO DE ESTIMULACIÓN HUELLAS", "sector": "NO OFICIAL", "zona": "URBANA", "nom_mun": "MANIZALES", "nom_dep": "CALDAS", "estado_fisico": "Afectación menor", "total_matricula": 60.0, "confianza_geo": "2 - MEDIA"}}, {"type": "Feature", "geometry": {"type": "Point", "coordinates": [-75.51298571793264, 5.062590399919793]}, "properties": {"cod_dane": "317001007061", "nombre_sede": "JARDIN INFANTIL PERPETUO SOCORRO", "nombre_establecimiento": "JARDIN INFANTIL PERPETUO SOCORRO", "sector": "NO OFICIAL", "zona": "URBANA", "nom_mun": "MANIZALES", "nom_dep": "CALDAS", "estado_fisico": "Afectación parcial", "total_matricula": 31.0, "confianza_geo": "2 - MEDIA"}}, {"type": "Feature", "geometry": null, "properties": {"cod_dane": "317001007070", "nombre_sede": "CENTRO EDUCATIVO ASED  - SEDE PRINCIPAL", "nombre_establecimiento": "CENTRO EDUCATIVO ASED", "sector": "NO OFICIAL", "zona": "URBANA", "nom_mun": "MANIZALES", "nom_dep": "CALDAS", "estado_fisico": "Afectación parcial", "total_matricula": 28.0, "confianza_geo": "3 - BAJA"}}, {"type": "Feature", "geometry": {"type": "Point", "coordinates": [-75.49506400012937, 5.0615350000717445]}, "properties": {"cod_dane": "317001007088", "nombre_sede": "JARDIN INFANTIL EXPLORADORES", "nombre_establecimiento": "JARDIN INFANTIL EXPLORADORES", "sector": "NO OFICIAL", "zona": "URBANA", "nom_mun": "MANIZALES", "nom_dep": "CALDAS", "estado_fisico": "Afectación parcial", "total_matricula": 55.0, "confianza_geo": "2 - MEDIA"}}, {"type": "Feature", "geometry": {"type": "Point", "coordinates": [-75.50987500032574, 5.065847000369358]}, "properties": {"cod_dane": "317001007126", "nombre_sede": "LICEO EDUCATIVO CREARTE", "nombre_establecimiento": "LICEO EDUCATIVO CREARTE", "sector": "NO OFICIAL", "zona": "URBANA", "nom_mun": "MANIZALES", "nom_dep": "CALDAS", "estado_fisico": "Afectación menor", "total_matricula": 62.0, "confianza_geo": "2 - MEDIA"}}, {"type": "Feature", "geometry": {"type": "Point", "coordinates": [-75.51491848818218, 5.068105170005027]}, "properties": {"cod_dane": "317001007207", "nombre_sede": "COLEGIO BOSTON", "nombre_establecimiento": "COLEGIO BOSTON", "sector": "NO OFICIAL", "zona": "URBANA", "nom_mun": "MANIZALES", "nom_dep": "CALDAS", "estado_fisico": "Afectación parcial", "total_matricula": 641.0, "confianza_geo": "2 - MEDIA"}}, {"type": "Feature", "geometry": {"type": "Point", "coordinates": [-75.53146518711938, 5.068254635234383]}, "properties": {"cod_dane": "317001007274", "nombre_sede": "JARDÍN INFANTIL MADAGASCAR", "nombre_establecimiento": "JARDÍN INFANTIL MADAGASCAR", "sector": "NO OFICIAL", "zona": "URBANA", "nom_mun": "MANIZALES", "nom_dep": "CALDAS", "estado_fisico": "Afectación menor", "total_matricula": 44.0, "confianza_geo": "2 - MEDIA"}}, {"type": "Feature", "geometry": {"type": "Point", "coordinates": [-75.49879999997123, 5.064411000115431]}, "properties": {"cod_dane": "317001800101", "nombre_sede": "CENSA - SEDE PRINCIPAL", "nombre_establecimiento": "CENSA", "sector": "NO OFICIAL", "zona": "URBANA", "nom_mun": "MANIZALES", "nom_dep": "CALDAS", "estado_fisico": "Afectación parcial", "total_matricula": 171.0, "confianza_geo": "2 - MEDIA"}}, {"type": "Feature", "geometry": null, "properties": {"cod_dane": "317001800145", "nombre_sede": "COLEGIO REGGIO EMILIA - SEDE PRINCIPAL", "nombre_establecimiento": "COLEGIO REGGIO EMILIA", "sector": "NO OFICIAL", "zona": "URBANA", "nom_mun": "MANIZALES", "nom_dep": "CALDAS", "estado_fisico": "Afectación menor", "total_matricula": 203.0, "confianza_geo": "3 - BAJA"}}, {"type": "Feature", "geometry": {"type": "Point", "coordinates": [-76.65721097886687, 5.695811862147566]}, "properties": {"cod_dane": "327001000241", "nombre_sede": "IE NORMAL SUPERIOR MANUEL CAÑIZALEZ", "nombre_establecimiento": "IE NORMAL SUPERIOR MANUEL CAÑIZALEZ", "sector": "OFICIAL", "zona": "URBANA", "nom_mun": "QUIBDÓ", "nom_dep": "CHOCÓ", "estado_fisico": "Colapso parcial", "total_matricula": 2124.0, "confianza_geo": "2 - MEDIA"}}, {"type": "Feature", "geometry": {"type": "Point", "coordinates": [-76.65766659988739, 5.688715109875643]}, "properties": {"cod_dane": "327001000631", "nombre_sede": "CENT EDUC  CATALINA", "nombre_establecimiento": "CENTRO EDUCATIVO  CATALINA", "sector": "NO OFICIAL", "zona": "URBANA", "nom_mun": "QUIBDÓ", "nom_dep": "CHOCÓ", "estado_fisico": "Afectación parcial", "total_matricula": 419.0, "confianza_geo": "2 - MEDIA"}}, {"type": "Feature", "geometry": {"type": "Point", "coordinates": [-76.64884642030336, 5.687950321100481]}, "properties": {"cod_dane": "327001001000", "nombre_sede": "IE SANTO DOMINGO SAVIO", "nombre_establecimiento": "IE SANTO DOMINGO SAVIO", "sector": "OFICIAL", "zona": "URBANA", "nom_mun": "QUIBDÓ", "nom_dep": "CHOCÓ", "estado_fisico": "Colapso parcial", "total_matricula": 1298.0, "confianza_geo": "2 - MEDIA"}}, {"type": "Feature", "geometry": {"type": "Point", "coordinates": [-76.65188673783975, 5.691832075846516]}, "properties": {"cod_dane": "327001800167", "nombre_sede": "GUARDERÍA Y JARDÍN INFANTIL CREANDO HUELLAS - SEDE PRINCIPAL", "nombre_establecimiento": "GUARDERÍA Y JARDÍN INFANTIL CREANDO HUELLAS", "sector": "NO OFICIAL", "zona": "URBANA", "nom_mun": "QUIBDÓ", "nom_dep": "CHOCÓ", "estado_fisico": "Afectación parcial", "total_matricula": 25.0, "confianza_geo": "1 - ALTA"}}, {"type": "Feature", "geometry": {"type": "Point", "coordinates": [-76.64355212102298, 5.6785609948150215]}, "properties": {"cod_dane": "327001800175", "nombre_sede": "CENTRO EDUCATIVO PASITO A PASITO LOVE - SEDE PRINCIPAL", "nombre_establecimiento": "CENTRO EDUCATIVO PASITO A PASITO LOVE", "sector": "NO OFICIAL", "zona": "URBANA", "nom_mun": "QUIBDÓ", "nom_dep": "CHOCÓ", "estado_fisico": "Afectación parcial", "total_matricula": 63.0, "confianza_geo": "1 - ALTA"}}, {"type": "Feature", "geometry": null, "properties": {"cod_dane": "327205000789", "nombre_sede": "IE TECNICO COMERCIAL - SEDE PRINCIPAL", "nombre_establecimiento": "IE TECNICO COMERCIAL", "sector": "OFICIAL", "zona": "URBANA", "nom_mun": "CONDOTO", "nom_dep": "CHOCÓ", "estado_fisico": "Afectación menor", "total_matricula": 678.0, "confianza_geo": "3 - BAJA"}}, {"type": "Feature", "geometry": null, "properties": {"cod_dane": "327245000030", "nombre_sede": "IE CORAZON DE MARIA - SEDE PRINCIPAL", "nombre_establecimiento": "IE CORAZON DE MARIA", "sector": "OFICIAL", "zona": "URBANA", "nom_mun": "EL CARMEN DE ATRATO", "nom_dep": "CHOCÓ", "estado_fisico": "Afectación parcial", "total_matricula": 539.0, "confianza_geo": "3 - BAJA"}}, {"type": "Feature", "geometry": null, "properties": {"cod_dane": "327361000187", "nombre_sede": "IE NORMAL SUP SAN PIO X - SEDE PRINCIPAL", "nombre_establecimiento": "IE NORMAL SUP SAN PIO X", "sector": "OFICIAL", "zona": "URBANA", "nom_mun": "ISTMINA", "nom_dep": "CHOCÓ", "estado_fisico": "Afectación menor", "total_matricula": 810.0, "confianza_geo": "3 - BAJA"}}, {"type": "Feature", "geometry": null, "properties": {"cod_dane": "327361002538", "nombre_sede": "IE SAN RAFAEL EL DOS - SEDE PRINCIPAL", "nombre_establecimiento": "IE SAN RAFAEL EL DOS", "sector": "OFICIAL", "zona": "RURAL", "nom_mun": "UNIÓN PANAMERICANA", "nom_dep": "CHOCÓ", "estado_fisico": "Colapso total", "total_matricula": 455.0, "confianza_geo": "3 - BAJA"}}, {"type": "Feature", "geometry": null, "properties": {"cod_dane": "327413000024", "nombre_sede": "IE ATRATO DE LLORO - SEDE PRINCIPAL", "nombre_establecimiento": "IE ATRATO DE LLORO", "sector": "OFICIAL", "zona": "URBANA", "nom_mun": "LLORÓ", "nom_dep": "CHOCÓ", "estado_fisico": "Reporta afectación sin definir el impacto", "total_matricula": 609.0, "confianza_geo": "3 - BAJA"}}, {"type": "Feature", "geometry": {"type": "Point", "coordinates": [-76.60978599010363, 4.95630249196884]}, "properties": {"cod_dane": "327491000111", "nombre_sede": "IE CARLOS HOLGUIN MALLARINO - SEDE PRINCIPAL", "nombre_establecimiento": "IE CARLOS HOLGUIN MALLARINO", "sector": "OFICIAL", "zona": "URBANA", "nom_mun": "NÓVITA", "nom_dep": "CHOCÓ", "estado_fisico": "Reporta afectación sin definir el impacto", "total_matricula": 398.0, "confianza_geo": "2 - MEDIA"}}, {"type": "Feature", "geometry": {"type": "Point", "coordinates": [-75.66685899994224, 4.535422999810544]}, "properties": {"cod_dane": "363001002037", "nombre_sede": "MARCELINO CHAMPAGNAT", "nombre_establecimiento": "INSTITUCION EDUCATIVA MARCELINO CHAMPAGÑAT", "sector": "NO OFICIAL", "zona": "URBANA", "nom_mun": "ARMENIA", "nom_dep": "QUINDÍO", "estado_fisico": "Afectación menor", "total_matricula": 660.0, "confianza_geo": "2 - MEDIA"}}, {"type": "Feature", "geometry": {"type": "Point", "coordinates": [-76.4873705577037, 3.4327303339727537]}, "properties": {"cod_dane": "376001023667", "nombre_sede": "OMAIRA SANCHEZ", "nombre_establecimiento": "INSTITUCION EDUCATIVA  JESUS VILLAFANE FRANCO", "sector": "OFICIAL", "zona": "URBANA", "nom_mun": "SANTIAGO DE CALI", "nom_dep": "VALLE DEL CAUCA", "estado_fisico": "Reporta afectación sin definir el impacto", "total_matricula": 165.0, "confianza_geo": "2 - MEDIA"}}, {"type": "Feature", "geometry": null, "properties": {"cod_dane": "376109003671", "nombre_sede": "INSTITUTO COOPERATIVO SOFONIAS YACUP", "nombre_establecimiento": "INSTITUTO COOPERATIVO SOFONIAS YACUP", "sector": "NO OFICIAL", "zona": "URBANA", "nom_mun": "BUENAVENTURA", "nom_dep": "VALLE DEL CAUCA", "estado_fisico": "Reporta afectación sin definir el impacto", "total_matricula": 255.0, "confianza_geo": "3 - BAJA"}}, {"type": "Feature", "geometry": {"type": "Point", "coordinates": [-76.54665100044534, 3.255627000218058]}, "properties": {"cod_dane": "376364000804", "nombre_sede": "COL GIMNASIO MODERNO DEL VALLE", "nombre_establecimiento": "COL GIMNASIO MODERNO DEL VALLE", "sector": "NO OFICIAL", "zona": "URBANA", "nom_mun": "JAMUNDÍ", "nom_dep": "VALLE DEL CAUCA", "estado_fisico": "Riesgo inminente de colapso", "total_matricula": 870.0, "confianza_geo": "2 - MEDIA"}}, {"type": "Feature", "geometry": {"type": "Point", "coordinates": [-76.54051003002652, 3.2663361297507314]}, "properties": {"cod_dane": "376364000952", "nombre_sede": "COLEGIO SINTRA INFRA", "nombre_establecimiento": "COLEGIO SINTRA INFRA", "sector": "NO OFICIAL", "zona": "URBANA", "nom_mun": "JAMUNDÍ", "nom_dep": "VALLE DEL CAUCA", "estado_fisico": "Riesgo inminente de colapso", "total_matricula": 46.0, "confianza_geo": "2 - MEDIA"}}, {"type": "Feature", "geometry": {"type": "Point", "coordinates": [-76.54067421331436, 3.2607788245715468]}, "properties": {"cod_dane": "376364001002", "nombre_sede": "COLEGIO LA MERCED", "nombre_establecimiento": "COLEGIO LA MERCED", "sector": "NO OFICIAL", "zona": "URBANA", "nom_mun": "JAMUNDÍ", "nom_dep": "VALLE DEL CAUCA", "estado_fisico": "Afectación parcial", "total_matricula": 423.0, "confianza_geo": "2 - MEDIA"}}, {"type": "Feature", "geometry": {"type": "Point", "coordinates": [-76.5355679996949, 3.262184000136431]}, "properties": {"cod_dane": "376364001011", "nombre_sede": "FRAY LUIS APOSTOL", "nombre_establecimiento": "COL FRAY LUIS APOSTOL", "sector": "NO OFICIAL", "zona": "URBANA", "nom_mun": "JAMUNDÍ", "nom_dep": "VALLE DEL CAUCA", "estado_fisico": "Afectación parcial", "total_matricula": 306.0, "confianza_geo": "2 - MEDIA"}}, {"type": "Feature", "geometry": null, "properties": {"cod_dane": "376364001266", "nombre_sede": "CENTRO EDUCATIVO TÉCNICO INTEGRAL  CETI", "nombre_establecimiento": "CENTRO EDUCATIVO TÉCNICO INTEGRAL  CETI", "sector": "NO OFICIAL", "zona": "URBANA", "nom_mun": "JAMUNDÍ", "nom_dep": "VALLE DEL CAUCA", "estado_fisico": "Afectación menor", "total_matricula": 203.0, "confianza_geo": "3 - BAJA"}}, {"type": "Feature", "geometry": {"type": "Point", "coordinates": [-76.53560486026595, 3.2614154000937012]}, "properties": {"cod_dane": "376364001291", "nombre_sede": "COLEGIO JUAN PABLO II", "nombre_establecimiento": "COLEGIO JUAN PABLO II", "sector": "NO OFICIAL", "zona": "URBANA", "nom_mun": "JAMUNDÍ", "nom_dep": "VALLE DEL CAUCA", "estado_fisico": "Afectación menor", "total_matricula": 677.0, "confianza_geo": "2 - MEDIA"}}, {"type": "Feature", "geometry": {"type": "Point", "coordinates": [-76.54134594563607, 3.268924568350842]}, "properties": {"cod_dane": "376364001304", "nombre_sede": "COLEGIO VILLA DE AMPUDIA", "nombre_establecimiento": "COLEGIO VILLA DE AMPUDIA", "sector": "NO OFICIAL", "zona": "URBANA", "nom_mun": "JAMUNDÍ", "nom_dep": "VALLE DEL CAUCA", "estado_fisico": "Afectación parcial", "total_matricula": 152.0, "confianza_geo": "2 - MEDIA"}}, {"type": "Feature", "geometry": {"type": "Point", "coordinates": [-76.53998082979768, 3.2601009302377575]}, "properties": {"cod_dane": "376364001665", "nombre_sede": "COLEGIO SENDEROS", "nombre_establecimiento": "COLEGIO SENDEROS", "sector": "NO OFICIAL", "zona": "URBANA", "nom_mun": "JAMUNDÍ", "nom_dep": "VALLE DEL CAUCA", "estado_fisico": "Afectación parcial", "total_matricula": 281.0, "confianza_geo": "2 - MEDIA"}}, {"type": "Feature", "geometry": {"type": "Point", "coordinates": [-76.5446456499141, 3.262740520227409]}, "properties": {"cod_dane": "376364001711", "nombre_sede": "LICEO EL ROSARIO JAMUNDÍ", "nombre_establecimiento": "LICEO EL ROSARIO JAMUNDÍ", "sector": "NO OFICIAL", "zona": "URBANA", "nom_mun": "JAMUNDÍ", "nom_dep": "VALLE DEL CAUCA", "estado_fisico": "Afectación parcial", "total_matricula": 93.0, "confianza_geo": "2 - MEDIA"}}, {"type": "Feature", "geometry": {"type": "Point", "coordinates": [-76.54007099999097, 3.2703700002911607]}, "properties": {"cod_dane": "376364001797", "nombre_sede": "LICEO ÁGORA", "nombre_establecimiento": "LICEO ÁGORA", "sector": "NO OFICIAL", "zona": "URBANA", "nom_mun": "JAMUNDÍ", "nom_dep": "VALLE DEL CAUCA", "estado_fisico": "Riesgo inminente de colapso", "total_matricula": 176.0, "confianza_geo": "2 - MEDIA"}}, {"type": "Feature", "geometry": null, "properties": {"cod_dane": "376364001835", "nombre_sede": "INST EDUC NUESTRA SEÑORA DEL ROSARIO", "nombre_establecimiento": "INST EDUC NUESTRA SEÑORA DEL ROSARIO", "sector": "NO OFICIAL", "zona": "URBANA", "nom_mun": "JAMUNDÍ", "nom_dep": "VALLE DEL CAUCA", "estado_fisico": "Afectación parcial", "total_matricula": 685.0, "confianza_geo": "3 - BAJA"}}, {"type": "Feature", "geometry": null, "properties": {"cod_dane": "376364001878", "nombre_sede": "LICEO TALLER DE NAZARETH", "nombre_establecimiento": "LICEO TALLER DE NAZARETH", "sector": "NO OFICIAL", "zona": "URBANA", "nom_mun": "JAMUNDÍ", "nom_dep": "VALLE DEL CAUCA", "estado_fisico": "Riesgo inminente de colapso", "total_matricula": 97.0, "confianza_geo": "3 - BAJA"}}, {"type": "Feature", "geometry": {"type": "Point", "coordinates": [-76.53583301977172, 3.262467589807388]}, "properties": {"cod_dane": "376364001967", "nombre_sede": "COLEGIO BAHAI SIMMONS", "nombre_establecimiento": "COL BAHAI SIMMONS", "sector": "NO OFICIAL", "zona": "URBANA", "nom_mun": "JAMUNDÍ", "nom_dep": "VALLE DEL CAUCA", "estado_fisico": "Afectación parcial", "total_matricula": 302.0, "confianza_geo": "2 - MEDIA"}}, {"type": "Feature", "geometry": {"type": "Point", "coordinates": [-76.53500139900754, 3.268313799185846]}, "properties": {"cod_dane": "376364002033", "nombre_sede": "JARDIN INFANTIL SEMILLAS PARA EL ARTE - SEDE PRINCIPAL", "nombre_establecimiento": "JARDIN INFANTIL SEMILLAS PARA EL ARTE", "sector": "NO OFICIAL", "zona": "URBANA", "nom_mun": "JAMUNDÍ", "nom_dep": "VALLE DEL CAUCA", "estado_fisico": "Afectación menor", "total_matricula": 1.0, "confianza_geo": "2 - MEDIA"}}, {"type": "Feature", "geometry": {"type": "Point", "coordinates": [-76.54139143003383, 3.261649729940398]}, "properties": {"cod_dane": "376364002319", "nombre_sede": "COLEGIO HUMANISTA MAHATMA GANDHI-SEDE PRINCIPAL", "nombre_establecimiento": "COLEGIO HUMANISTA MAHATMA GANDHI", "sector": "NO OFICIAL", "zona": "URBANA", "nom_mun": "JAMUNDÍ", "nom_dep": "VALLE DEL CAUCA", "estado_fisico": "Afectación parcial", "total_matricula": 71.0, "confianza_geo": "2 - MEDIA"}}, {"type": "Feature", "geometry": {"type": "Point", "coordinates": [-76.5429809998274, 3.254637000140266]}, "properties": {"cod_dane": "376364002386", "nombre_sede": "INSTITUCION EDUCATIVA ANSARES - SEDE PRINCIPAL", "nombre_establecimiento": "INSTITUCION EDUCATIVA ANSARES", "sector": "NO OFICIAL", "zona": "URBANA", "nom_mun": "JAMUNDÍ", "nom_dep": "VALLE DEL CAUCA", "estado_fisico": "Afectación menor", "total_matricula": 2.0, "confianza_geo": "2 - MEDIA"}}, {"type": "Feature", "geometry": {"type": "Point", "coordinates": [-76.55586652409434, 3.2585064572005846]}, "properties": {"cod_dane": "376364002459", "nombre_sede": "FUNDACION PARA LA EDUCACION POPULAR  EL TRABAJO Y EL DESARROLLO HUMANO SIMON MAESTR - SEDE PRINCIPAL", "nombre_establecimiento": "FUNDACION PARA LA EDUCACION POPULAR  EL TRABAJO Y EL DESARROLLO HUMANO SIMON MAESTRO", "sector": "NO OFICIAL", "zona": "URBANA", "nom_mun": "JAMUNDÍ", "nom_dep": "VALLE DEL CAUCA", "estado_fisico": "Afectación parcial", "total_matricula": 72.0, "confianza_geo": "2 - MEDIA"}}, {"type": "Feature", "geometry": null, "properties": {"cod_dane": "376364002475", "nombre_sede": "ALAS COLEGIO  - SEDE PRINCIPAL", "nombre_establecimiento": "ALAS COLEGIO", "sector": "NO OFICIAL", "zona": "URBANA", "nom_mun": "JAMUNDÍ", "nom_dep": "VALLE DEL CAUCA", "estado_fisico": "Afectación parcial", "total_matricula": 196.0, "confianza_geo": "3 - BAJA"}}, {"type": "Feature", "geometry": {"type": "Point", "coordinates": [-76.53784400004483, 3.26320999987411]}, "properties": {"cod_dane": "376364002491", "nombre_sede": "COLEGIO REYES Y SACERDOTES - SEDE PRINCIPAL", "nombre_establecimiento": "COLEGIO REYES Y SACERDOTES", "sector": "NO OFICIAL", "zona": "URBANA", "nom_mun": "JAMUNDÍ", "nom_dep": "VALLE DEL CAUCA", "estado_fisico": "Afectación parcial", "total_matricula": 42.0, "confianza_geo": "2 - MEDIA"}}, {"type": "Feature", "geometry": {"type": "Point", "coordinates": [-76.5402428180604, 3.2566326827941166]}, "properties": {"cod_dane": "376364002505", "nombre_sede": "COLEGIO CARRUSEL DE AMIGOS - SEDE PRINCIPAL", "nombre_establecimiento": "COLEGIO CARRUSEL DE AMIGOS", "sector": "NO OFICIAL", "zona": "URBANA", "nom_mun": "JAMUNDÍ", "nom_dep": "VALLE DEL CAUCA", "estado_fisico": "Colapso parcial", "total_matricula": 200.0, "confianza_geo": "2 - MEDIA"}}, {"type": "Feature", "geometry": {"type": "Point", "coordinates": [-76.54178461993875, 3.2693406500519804]}, "properties": {"cod_dane": "376364002513", "nombre_sede": "COLEGIO SEMBRANDO SEMILLAS - SEDE PRINCIPAL", "nombre_establecimiento": "COLEGIO SEMBRANDO SEMILLAS", "sector": "NO OFICIAL", "zona": "URBANA", "nom_mun": "JAMUNDÍ", "nom_dep": "VALLE DEL CAUCA", "estado_fisico": "Afectación parcial", "total_matricula": 21.0, "confianza_geo": "2 - MEDIA"}}, {"type": "Feature", "geometry": null, "properties": {"cod_dane": "376364002521", "nombre_sede": "CENTRO EDUCATIVO ARTISTICO  EL ARBOL DE LOS SUEÑOS  - SEDE PRINCIPAL", "nombre_establecimiento": "CENTRO EDUCATIVO ARTISTICO  EL ARBOL DE LOS SUEÑOS", "sector": "NO OFICIAL", "zona": "URBANA", "nom_mun": "JAMUNDÍ", "nom_dep": "VALLE DEL CAUCA", "estado_fisico": "Afectación parcial", "total_matricula": 12.0, "confianza_geo": "3 - BAJA"}}, {"type": "Feature", "geometry": {"type": "Point", "coordinates": [-76.53849940009636, 3.2578659103199072]}, "properties": {"cod_dane": "376364002572", "nombre_sede": "LICEO SEMILLAS PARA EL FUTURO - SEDE PRINCIPAL", "nombre_establecimiento": "LICEO SEMILLAS PARA EL FUTURO", "sector": "NO OFICIAL", "zona": "URBANA", "nom_mun": "JAMUNDÍ", "nom_dep": "VALLE DEL CAUCA", "estado_fisico": "Afectación menor", "total_matricula": 93.0, "confianza_geo": "2 - MEDIA"}}, {"type": "Feature", "geometry": {"type": "Point", "coordinates": [-76.53785999993836, 3.270160999595065]}, "properties": {"cod_dane": "376364002581", "nombre_sede": "LICEO MATERNO INFANTIL CASITA MAGICA - SEDE PRINCIPAL", "nombre_establecimiento": "LICEO MATERNO INFANTIL CASITA MAGICA", "sector": "NO OFICIAL", "zona": "URBANA", "nom_mun": "JAMUNDÍ", "nom_dep": "VALLE DEL CAUCA", "estado_fisico": "Afectación menor", "total_matricula": 77.0, "confianza_geo": "2 - MEDIA"}}, {"type": "Feature", "geometry": {"type": "Point", "coordinates": [-76.54500395464326, 3.2533982224327302]}, "properties": {"cod_dane": "376364800002", "nombre_sede": "COLEGIO TALLER DE MARIA - SEDE PRINCIPAL", "nombre_establecimiento": "COLEGIO TALLER DE MARIA", "sector": "NO OFICIAL", "zona": "URBANA", "nom_mun": "JAMUNDÍ", "nom_dep": "VALLE DEL CAUCA", "estado_fisico": "Afectación parcial", "total_matricula": 198.0, "confianza_geo": "2 - MEDIA"}}, {"type": "Feature", "geometry": {"type": "Point", "coordinates": [-76.51147600034341, 3.2295129996159013]}, "properties": {"cod_dane": "376364800045", "nombre_sede": "COLEGIO LA VIRGEN DEL VALLE - SEDE PRINCIPAL", "nombre_establecimiento": "COLEGIO LA VIRGEN DEL VALLE", "sector": "NO OFICIAL", "zona": "URBANA", "nom_mun": "JAMUNDÍ", "nom_dep": "VALLE DEL CAUCA", "estado_fisico": "Afectación parcial", "total_matricula": 521.0, "confianza_geo": "2 - MEDIA"}}, {"type": "Feature", "geometry": {"type": "Point", "coordinates": [-76.51609500009211, 3.2295449997055288]}, "properties": {"cod_dane": "376364800100", "nombre_sede": "EDUYANCA S.A.S. - SEDE PRINCIPAL", "nombre_establecimiento": "EDUYANCA S.A.S.", "sector": "NO OFICIAL", "zona": "URBANA", "nom_mun": "JAMUNDÍ", "nom_dep": "VALLE DEL CAUCA", "estado_fisico": "Afectación parcial", "total_matricula": 44.0, "confianza_geo": "2 - MEDIA"}}, {"type": "Feature", "geometry": {"type": "Point", "coordinates": [-76.53803675964018, 3.2642710603231184]}, "properties": {"cod_dane": "376364800142", "nombre_sede": "INSTITUTO TECNICO SUR DEL VALLE - TESUVA - SEDE PRINCIPAL", "nombre_establecimiento": "INSTITUTO TECNICO SUR DEL VALLE - TESUVA", "sector": "NO OFICIAL", "zona": "URBANA", "nom_mun": "JAMUNDÍ", "nom_dep": "VALLE DEL CAUCA", "estado_fisico": "Afectación parcial", "total_matricula": 5.0, "confianza_geo": "2 - MEDIA"}}, {"type": "Feature", "geometry": {"type": "Point", "coordinates": [-76.6425374936725, 5.6458373806897315]}, "properties": {"cod_dane": "427001000016", "nombre_sede": "SEDE KILOMETRO 8", "nombre_establecimiento": "IE ANTONIO RICAURTE", "sector": "NO OFICIAL", "zona": "RURAL", "nom_mun": "QUIBDÓ", "nom_dep": "CHOCÓ", "estado_fisico": "Afectación menor", "total_matricula": 74.0, "confianza_geo": "2 - MEDIA"}}, {"type": "Feature", "geometry": null, "properties": {"cod_dane": "427361000068", "nombre_sede": "IE FRANCISCO EUTIMIO MUNERA - SEDE PRINCIPAL", "nombre_establecimiento": "IE FRANCISCO EUTIMIO MUNERA", "sector": "OFICIAL", "zona": "URBANA", "nom_mun": "MEDIO SAN JUAN", "nom_dep": "CHOCÓ", "estado_fisico": "Riesgo inminente de colapso", "total_matricula": 355.0, "confianza_geo": "3 - BAJA"}}, {"type": "Feature", "geometry": null, "properties": {"cod_dane": "427361001323", "nombre_sede": "SEDE DOIDO", "nombre_establecimiento": "IE DE PRIMAVERA", "sector": "OFICIAL", "zona": "RURAL", "nom_mun": "ISTMINA", "nom_dep": "CHOCÓ", "estado_fisico": "Afectación parcial", "total_matricula": 15.0, "confianza_geo": "3 - BAJA"}}, {"type": "Feature", "geometry": null, "properties": {"cod_dane": "427361001340", "nombre_sede": "IE MARIA AUXILIADORA DE ISLA MONO - SEDE PRINCIPAL", "nombre_establecimiento": "IE MARIA AUXILIADORA DE ISLA MONO", "sector": "OFICIAL", "zona": "RURAL", "nom_mun": "EL LITORAL DEL SAN JUAN", "nom_dep": "CHOCÓ", "estado_fisico": "Afectación parcial", "total_matricula": 56.0, "confianza_geo": "3 - BAJA"}}, {"type": "Feature", "geometry": null, "properties": {"cod_dane": "427800000461", "nombre_sede": "IE ALCIDES FERNANDEZ - SEDE PRINCIPAL", "nombre_establecimiento": "IE ALCIDES FERNANDEZ", "sector": "OFICIAL", "zona": "RURAL", "nom_mun": "UNGUÍA", "nom_dep": "CHOCÓ", "estado_fisico": "Reporta afectación sin definir el impacto", "total_matricula": 174.0, "confianza_geo": "3 - BAJA"}}, {"type": "Feature", "geometry": {"type": "Point", "coordinates": [-76.11358661022524, 4.7259157061574655]}, "properties": {"cod_dane": "476054000019", "nombre_sede": "SANTIAGO GUTIERREZ ANGEL", "nombre_establecimiento": "INSTITUCION EDUCATIVA SANTIAGO GUTIERREZ ANGEL", "sector": "OFICIAL", "zona": "RURAL", "nom_mun": "ARGELIA", "nom_dep": "VALLE DEL CAUCA", "estado_fisico": "Riesgo inminente de colapso", "total_matricula": 237.0, "confianza_geo": "2 - MEDIA"}}, {"type": "Feature", "geometry": null, "properties": {"cod_dane": "476109007786", "nombre_sede": "SAN JUAN BAUTISTA", "nombre_establecimiento": "INSTITUCIÓN EDUCATIVA WASPIEN.", "sector": "NO OFICIAL", "zona": "RURAL", "nom_mun": "BUENAVENTURA", "nom_dep": "VALLE DEL CAUCA", "estado_fisico": "Reporta afectación sin definir el impacto", "total_matricula": 282.0, "confianza_geo": "3 - BAJA"}}, {"type": "Feature", "geometry": {"type": "Point", "coordinates": [-76.52910618968414, 3.214331725688897]}, "properties": {"cod_dane": "476364002372", "nombre_sede": "LICEO YAMPAI - SEDE PRINCIPAL", "nombre_establecimiento": "LICEO YAMPAI", "sector": "NO OFICIAL", "zona": "URBANA", "nom_mun": "JAMUNDÍ", "nom_dep": "VALLE DEL CAUCA", "estado_fisico": "Riesgo inminente de colapso", "total_matricula": 140.0, "confianza_geo": "2 - MEDIA"}}, {"type": "Feature", "geometry": null, "properties": {"cod_dane": "476364002569", "nombre_sede": "COLEGIO ALEJANDRIA - SEDE PRINCIPAL", "nombre_establecimiento": "COLEGIO ALEJANDRIA", "sector": "NO OFICIAL", "zona": "RURAL", "nom_mun": "JAMUNDÍ", "nom_dep": "VALLE DEL CAUCA", "estado_fisico": "Afectación menor", "total_matricula": 63.0, "confianza_geo": "3 - BAJA"}}, {"type": "Feature", "geometry": null, "properties": {"cod_dane": "476364800074", "nombre_sede": "COLEGIO TESLA PRINCIPAL", "nombre_establecimiento": "COLEGIO BILINGÜE TESLA", "sector": "NO OFICIAL", "zona": "RURAL", "nom_mun": "JAMUNDÍ", "nom_dep": "VALLE DEL CAUCA", "estado_fisico": "Afectación parcial", "total_matricula": 105.0, "confianza_geo": "3 - BAJA"}}, {"type": "Feature", "geometry": null, "properties": {"cod_dane": "476364800121", "nombre_sede": "LICEO EL SHADDAI S.A.S. - SEDE PRINCIPAL", "nombre_establecimiento": "LICEO EL SHADDAI S.A.S.", "sector": "NO OFICIAL", "zona": "RURAL", "nom_mun": "JAMUNDÍ", "nom_dep": "VALLE DEL CAUCA", "estado_fisico": "Afectación parcial", "total_matricula": 78.0, "confianza_geo": "3 - BAJA"}}]}