{"type": "FeatureCollection", "features": [{"type": "Feature", "geometry": {"type": "Point", "coordinates": [-75.6811, 4.5339]}, "properties": {"municipio": "Armenia", "departamento": "Quindío", "n_noticias": 102, "n_prensa_recogida": 526, "noticias_ejemplo": [{"fecha": "2026-09-25T07:30:02", "medio": "Google News (agregador es-CO)", "titulo": "Sismo no confirmado o evento similar a un terremoto: 20 km al suroeste de Armenia, Departamento del Quindío, Colombia, Friday 25 Sep 2026 a las 02:19 (GMT -5) - Volcano Discovery", "url": "https://news.google.com/rss/articles/CBMi0gFBVV95cUxQXzB4ZUduN3Z3UHdCRTMtM2s1UzVISlBLRVpORUtVLUZCVlRpNmpCWlVXemRMa29hYlRZUVRFaHA2bFpRZmkyMEtxNEpvSGNvbmhwby1Tem5hLTduNkI2RDczWUl2NnNLb2pRZUxoV2RxSHFYVlVXeVFnQU00aGFkaWY2VUtXQzRJbEVxZS1FenNSOWx3b01wMGQzck5tU1JnaWp2WlpwM3QzTlZoQlJIYmlyd0NYMnN1NEtNaEJieFF4NUQwVXBtSDVOT3Uxa3htcWc?oc=5"}, {"fecha": "2026-09-25T01:10:05", "medio": "Google News — Chaparral", "titulo": "Temblor hoy 24 de septiembre en Colombia: Chaparral pone a orar a Cali, Pereira y Armenia - Minuto60", "url": "https://news.google.com/rss/articles/CBMiowFBVV95cUxPV1p3NDk3UnBHZWJSZHZNaDBwdy14S2dOQzA4M0NUY1dlVkw2Rkk0ejVRaG5UQmRMSVhSeFdZYUt2Q2VFTE5FZUxMc0lTSHV3dVlVM3hCcXI1ZFNHeEM2eUIxNGF2WkFsWWlOTmQwQVVidGxSMHp4ZGFoN0Fwdk1VYnRncmtiT3dYMEFSOEJEOUpwMEt4WnktQVJxVTd3UkVaamxF?oc=5"}, {"fecha": "2026-09-24T03:25:14", "medio": "Google News — Cajamarca", "titulo": "Sismo no confirmado o evento similar a un terremoto: 13 km al este de Armenia, Departamento del Quindío, Colombia, Wednesday 23 Sep 2026 a las 21:51 (GMT -5) - Volcano Discovery", "url": "https://news.google.com/rss/articles/CBMizAFBVV95cUxNY3U5WkV2VVE3amZ6VER0UVVwb1BlLUFkc192UkhtQnZrUG1UYU9SV1NMSElXMlBoU0c2aFYzb3BBbFdxd0ZxOUJjc3pUNW9aaE1CZlZFSlZ4Zmh3LWkxNUxnY3JWS0ZXQlplUjlDSG44UlBiUlNHTTFXcHg4bV9tOFhfZUF5T1RmQm9TR0gtN0pxX2hxV3hBUE5TdS1TMVJTVmxZMTE2dDdudVBUTzF6bnhQTFN0azZoUHRva3k4S05TZUNVM2RkVFRCY1E?oc=5"}], "dyfi_max_cdi": null, "dyfi_respuestas": null, "dyfi_celdas": 0, "dyfi_min_dist_km": null, "divipola": "63001", "poblacion_2026": 307103, "cabecera_2026": 298815, "rural_2026": 8288, "poblacion_fuente": "DANE PPED municipal por área 2018-2042", "en_aoi_copernicus": false, "estado": "mencion_prensa", "busqueda_propia": true, "fuentes": ["prensa", "rud"], "unosat_edificios": null, "unosat_observados": null, "unosat_posibles": null, "unosat_fecha_imagen": null, "unosat_codigo_inconsistente": null, "sertit_edificios": null, "sertit_destruidos": null, "sertit_danados": null, "sertit_posibles": null, "sertit_sin_grado": null, "sertit_area_km2": null, "sertit_imagen_literal": null, "rud_familias": 21935.0, "rud_personas": 41197.0, "rud_viv_destruidas": 1147.0, "rud_viv_averiadas": 2476.0, "mmi_usgs": 7.2, "tasa_rud_pct": 13.4147}}, {"type": "Feature", "geometry": {"type": "Point", "coordinates": [-75.6409, 4.5295]}, "properties": {"municipio": "Calarcá", "departamento": "Quindío", "n_noticias": 13, "n_prensa_recogida": 439, "noticias_ejemplo": [{"fecha": "2026-09-13T05:14:04", "medio": "Google News — La Crónica del Quindío", "titulo": "En el coliseo de Barcelona, Calarcá, una comunidad rearma su vida tras el terremoto - cronicadelquindio.com", "url": "https://news.google.com/rss/articles/CBMivAFBVV95cUxPRlpZZkVOVEtyVEpJeURRekRaQTZjMTRfZkV3S0ZCWTFsUmR3eFYyUHJsUnhNaHR1Y0s3aXQ4dDd5MVg1VjB3cjh4cTBucXdWR2RRR29pRHBPNGxpSGJQbm1xUUFWNTk5cy1fUUtjNy1OQkFFcS1kU3h3UGtPeG1xTnF1MWMyN2FSWURzajlqOEhhNVZUaXNXTC1ZMFFCN1Z1bDYtV0JPdUtROXJkb0ZaNXkxMXZZY3cxbW1sZg?oc=5"}, {"fecha": "2026-09-10T16:38:31", "medio": "Google News — La Crónica del Quindío", "titulo": "Calarcá reporta 453 viviendas no habitables tras el terremoto - Crónica del Quindio", "url": "https://news.google.com/rss/articles/CBMijwFBVV95cUxPZ25FZmlEdENIRW45eWdfNTluRnFWeTBHNFd2alEtVW90WjVTekFSZERhMVFnLW4xV01kY3RwNUFxbEJEcHFYVmdLbmg0UnJRcTkyaGZpeXdwbVlaWHY0V0s0UXJyNDF0STc5bTJnaXEzd2pfY051OHFuNVZVaHprbjA2ZkNObWk3aGFvaU5DWQ?oc=5"}, {"fecha": "2026-09-10T16:20:33", "medio": "Google News — La Crónica del Quindío", "titulo": "Calarcá registra 453 viviendas no habitables tras el terremoto - Crónica del Quindio", "url": "https://news.google.com/rss/articles/CBMijAFBVV95cUxQczQwTUpMSFF6MlAtV2N6SWVMZjBQRWt2ZXZHRzNxd1ZVeXlEdS0yN3M1VElUSXcydEhqM0JYa1duX01Tel91TER2bWlTM2lJNU1fWUtwbW9SbFVSU2tqakRQT3pTaGpqTjNIMHZFazRvbTlrbWhPMm1nNk5mLUI2VFpzYXNxS0FsWUNZYw?oc=5"}], "dyfi_max_cdi": 7.4, "dyfi_respuestas": 28, "dyfi_celdas": 2, "dyfi_min_dist_km": 128, "divipola": "63130", "poblacion_2026": 74399, "cabecera_2026": 57323, "rural_2026": 17076, "poblacion_fuente": "DANE PPED municipal por área 2018-2042", "en_aoi_copernicus": false, "estado": "intensidad_alta", "busqueda_propia": true, "fuentes": ["prensa", "dyfi", "rud"], "unosat_edificios": null, "unosat_observados": null, "unosat_posibles": null, "unosat_fecha_imagen": null, "unosat_codigo_inconsistente": null, "sertit_edificios": null, "sertit_destruidos": null, "sertit_danados": null, "sertit_posibles": null, "sertit_sin_grado": null, "sertit_area_km2": null, "sertit_imagen_literal": null, "rud_familias": 6883.0, "rud_personas": 10370.0, "rud_viv_destruidas": 18.0, "rud_viv_averiadas": 3454.0, "mmi_usgs": 6.8, "tasa_rud_pct": 13.9384}}, {"type": "Feature", "geometry": {"type": "Point", "coordinates": [-75.7875, 4.4524]}, "properties": {"municipio": "La Tebaida", "departamento": "Quindío", "n_noticias": 2, "n_prensa_recogida": 452, "noticias_ejemplo": [{"fecha": "2026-08-10T22:34:22", "medio": "Google News — La Tebaida", "titulo": "47 estructuras con afectación en La Tebaida, tras el terremoto - Crónica del Quindio", "url": "https://news.google.com/rss/articles/CBMiogFBVV95cUxPVVRjRkQxWUs5aFZsc2ZFalRCcDM3eS05RFgxdHJRUF9vU2I0N2oyMDNwLWpzbF9xVkVXal9ad3kzLVZTTXI0YzV4YzBaSlR6bHE1TlAzdUkxbTFfSExWZ2N6X3N6NjRBTHA1Mmxwb3NjTHV3RXVwN1VXakpNdUxHTmdLOFdLNDRSZnZ0V0FrblFZbnZYWl9RMkJrMUlrWVlUZXc?oc=5"}, {"fecha": "2026-08-10T21:14:10", "medio": "Google News — La Tebaida", "titulo": "Filandia, Salento, La Tebaida, Circasia y Quimbaya con afectación en servicio de agua - Crónica del Quindio", "url": "https://news.google.com/rss/articles/CBMivgFBVV95cUxQQmRtLXN1cTlnVEY1cTFUWnBxVHBickMwM3pPNldVWV82X2ZzMEYtYmNwUmV4LWVwd0xseW9YOEszR09CRDlUcEZxZHhwZjMxMk1oQzRqZm5hcGZXVm1uWjg2cGJVQmt0dkJOVmtPRGc2MUZFOUJWVzRCR1JoN0RnQjVaSEtiQWotMDFKZncyRFM1WnY5eWQtcEJ2bXExVEpMb19SS1JUUV85a2VIZm1DQVRsWG8wQTNyYzA5R1VB?oc=5"}], "dyfi_max_cdi": 7.5, "dyfi_respuestas": 3, "dyfi_celdas": 1, "dyfi_min_dist_km": 127, "divipola": "63401", "poblacion_2026": 33758, "cabecera_2026": 30338, "rural_2026": 3420, "poblacion_fuente": "DANE PPED municipal por área 2018-2042", "en_aoi_copernicus": false, "estado": "intensidad_alta", "busqueda_propia": true, "fuentes": ["prensa", "dyfi", "rud"], "unosat_edificios": null, "unosat_observados": null, "unosat_posibles": null, "unosat_fecha_imagen": null, "unosat_codigo_inconsistente": null, "sertit_edificios": null, "sertit_destruidos": null, "sertit_danados": null, "sertit_posibles": null, "sertit_sin_grado": null, "sertit_area_km2": null, "sertit_imagen_literal": null, "rud_familias": 1406.0, "rud_personas": 2773.0, "rud_viv_destruidas": 20.0, "rud_viv_averiadas": 613.0, "mmi_usgs": 7.3, "tasa_rud_pct": 8.2143}}, {"type": "Feature", "geometry": {"type": "Point", "coordinates": [-75.7511, 4.5669]}, "properties": {"municipio": "Montenegro", "departamento": "Quindío", "n_noticias": 17, "n_prensa_recogida": 471, "noticias_ejemplo": [{"fecha": "2026-09-23T00:23:49", "medio": "Google News — La Tebaida", "titulo": "En el municipio de Montenegro, Quindío, avanzan las demoliciones tras el terremoto - Caracol Radio", "url": "https://news.google.com/rss/articles/CBMivgFBVV95cUxQLUNFbnBoNXZCUU9EcUdVUVdxeHhxaEtGNFhLeGwxeFNla1ZsU185anU3djhaUnY2MUs5N1dFekM0OGF1bW41SDRidFZiaVQ4bWo3NXVMZkY5cVp5VTA0TFhSRTdzT216enNiZHZSQkFjYnVRTGtva0VIbURDV21teXVfcTJubDRpT2xJQW15UnhROTJoam9MVmNqOEd2RWM0Q2k1bmhuQ0l1dzd1TVZOekxXQ29Wa3JqaVZkWWl30gHSAUFVX3lxTFBwQ2taTVRzS1lrTG03TjFqN3dPbmczNTdBNnZ1Y010R0o0cHlGcHM1UmpRZ2lCWHJrTHhZVnVFTlBENWJnSVVVSjV1MEg1dVZwUjlzSXE0dlBDSkQtRkNRQUpsZXdyWFN5eXlDX2pJMmlfTzZSbG5kR0pMRkRoc2pfTHY0ZkpZZEtyMXp3cFRmdzZsQU9TNFBXRnhJdC1HZHhQWEdvbUtFQ2NpeWFLOU01aUpXd2kzd1VNdlpPTGY0cFhsQlNEVHN6NlhrSkkyaTF1dw?oc=5"}, {"fecha": "2026-09-23T00:22:43", "medio": "Google News — La Tebaida", "titulo": "En el municipio de Montenegro en el Quindío avanzan las demoliciones tras el terremoto - caracol.com.co", "url": "https://news.google.com/rss/articles/CBMi0gFBVV95cUxQcENrWk1Uc0tZa0xtN04xajd3T25nMzU3QTZ2dWNNdEdKNHB5RnBzNVJqUWdpQlhya0x4WVZ1RU5QRDViZ0lVVUo1dTBINXVWcFI5c0lxNHZQQ0pELUZDUUFKbGV3clhTeXl5Q19qSTJpX082UmxuZEdKTEZEaHNqX0x2NGZKWWRLcjF6d3BUZnc2bEFPUzRQV0Z4SXQtR2R4UFhHb21LRUNjaXlhSzlNNWlKV3dpM3dVTXZaT0xmNHBYbEJTRFRzejZYa0pJMmkxdXfSAdIBQVVfeXFMUHBDa1pNVHNLWWtMbTdOMWo3d09uZzM1N0E2dnVjTXRHSjRweUZwczVSalFnaUJYcmtMeFlWdUVOUEQ1YmdJVVVKNXUwSDV1VnBSOXNJcTR2UENKRC1GQ1FBSmxld3JYU3l5eUNfakkyaV9PNlJsbmRHSkxGRGhzal9MdjRmSllkS3IxendwVGZ3NmxBT1M0UFdGeEl0LUdkeFBYR29tS0VDY2l5YUs5TTVpSld3aTN3VU12Wk9MZjRwWGxCU0RUc3o2WGtKSTJpMXV3?oc=5"}, {"fecha": "2026-09-18T11:54:03", "medio": "Google News — Montenegro", "titulo": "3000 estudiantes sin clases en Montenegro, Quindío por terremoto, alcalde y llamado a Min. Educación - Caracol Radio", "url": "https://news.google.com/rss/articles/CBMi4AFBVV95cUxOQ3FfdkhRUHlaa2pCRDRDR2x2dUgwRWJLcFU0cl9lSzBjeHNPejdBMFczek5UQVBOQ1pVSWNYU1VzbUFpTGs1YWhEQ2V4RmdjekdPTGxCdUZOb3hPTDNhZ1FnZEhDTk02SnJRT3ktdmI4bERHQVZMamtXcS1LTEZTQTNrS2FvbnZwdHpycGNURVNTdDlyaDQxaG1MSnhibmpVRzZHSk91b05UN0FHcFk0OFhuSklVMXNaVUJVbi1ibnZiV1U3aG9XYzdodUlGVlVVUkJkalFTdkV3T1REZVJ6eNIB4AFBVV95cUxOQ3FfdkhRUHlaa2pCRDRDR2x2dUgwRWJLcFU0cl9lSzBjeHNPejdBMFczek5UQVBOQ1pVSWNYU1VzbUFpTGs1YWhEQ2V4RmdjekdPTGxCdUZOb3hPTDNhZ1FnZEhDTk02SnJRT3ktdmI4bERHQVZMamtXcS1LTEZTQTNrS2FvbnZwdHpycGNURVNTdDlyaDQxaG1MSnhibmpVRzZHSk91b05UN0FHcFk0OFhuSklVMXNaVUJVbi1ibnZiV1U3aG9XYzdodUlGVlVVUkJkalFTdkV3T1REZVJ6eA?oc=5"}], "dyfi_max_cdi": 7.9, "dyfi_respuestas": 1, "dyfi_celdas": 1, "dyfi_min_dist_km": 124, "divipola": "63470", "poblacion_2026": 37483, "cabecera_2026": 30669, "rural_2026": 6814, "poblacion_fuente": "DANE PPED municipal por área 2018-2042", "en_aoi_copernicus": false, "estado": "intensidad_alta", "busqueda_propia": true, "fuentes": ["prensa", "dyfi", "rud"], "unosat_edificios": null, "unosat_observados": null, "unosat_posibles": null, "unosat_fecha_imagen": null, "unosat_codigo_inconsistente": null, "sertit_edificios": null, "sertit_destruidos": null, "sertit_danados": null, "sertit_posibles": null, "sertit_sin_grado": null, "sertit_area_km2": null, "sertit_imagen_literal": null, "rud_familias": 5423.0, "rud_personas": 12407.0, "rud_viv_destruidas": 285.0, "rud_viv_averiadas": 455.0, "mmi_usgs": 7.4, "tasa_rud_pct": 33.1003}}, {"type": "Feature", "geometry": {"type": "Point", "coordinates": [-75.5703, 4.6375]}, "properties": {"municipio": "Salento", "departamento": "Quindío", "n_noticias": 31, "n_prensa_recogida": 484, "noticias_ejemplo": [{"fecha": "2026-09-09T12:24:28", "medio": "Google News — Salento", "titulo": "¿Qué balance tiene el municipio de Salento, Quindío a un mes del terremoto? - Caracol Radio", "url": "https://news.google.com/rss/articles/CBMiqwFBVV95cUxNN1pLMjN0STBDSFhZbVl5UUVtcFNLRWgtNjRQTEVjcW8tUHF1cG1BdERQb2oyTUYtUXF0SjJ5WkE3ZzFyZFJzRVc2YXUwWWNPd3U5NkFUa25EWk5xUHhybEhLblk2N3A3MGJyQ215ZVE3RXlsems2VHYzS09KTlNpcC1ZWjlTeGRjLVdvQndnS0NWaWR4cGpEQXM2YjZDMEhEM2lvMWY5b0FuRVHSAb8BQVVfeXFMTm04X21YS3BDc1dTUk00cW5TeUVnRkRGaDR2OU85Nm81QzZlN2xEZVdxYlB3TFM2dkJnMXYwQmlNNEgzT3JCMDBNOUNKdGd2cFM2cVdNZGc1dmE2V3ItU05vZ2xjODZFUFQ3dm9RVzJZSjdvdk5NX2dyT2VpVmRLVTdPY2FBeEwwQjhrd29UY2dlS2ZYUW50ZkRqRGlXa2dlVkdGUlJPMFRMcTlOZERZQkQ4N1dyVXQ5b0poVUpCTFU?oc=5"}, {"fecha": "2026-09-09T00:14:23", "medio": "Google News — Salento", "titulo": "Festival de la trucha en el municipio de Salento, Quindío para reactivar la economía post terremoto - Caracol Radio", "url": "https://news.google.com/rss/articles/CBMizgFBVV95cUxNa0lqa2dUZ1hLT3h2Y0o1SlZ0eVRMRXpPLXZXZ0pQd0VVQ2pfWkF0NnA1UEM2T2VMRjd5WHBGZmdfX2ppWk55VFM1WFlwaThMSU9QbnZ1MWowWEk3cjlPdlBoWGhUbmtwNjVaNDU2WGZRWDlwREx0dlBINXlvNWJRU2VWanR5U1FRcWxZY0Q1eUxxSUQtaE9sWFJ3REtUNExyRXdrN0Yza3NydDBYQVljaHUtYW1mMmdoZ0lxM2NybjVwckdDaXNxS0FMaFZHQdIB4gFBVV95cUxPVHg4NDRsWkZ4bmltWUZnYzgxWUJDX283b3g4SENaTWxrWF94OE5zSERTUjE5MHBZOHEtN2V6aU1MUjc5SUN2cmIwb01RbmFwUTB5Y1NOWTAyN093MElBQlB1SzdVU0kwNFNhZU9YRkMxTXZlVUwtaGFEVlZkZHFyVVdiczEwYnlfTDFpdGMwQWxfaTJJSDJuajJ0aXNVVlhOTWNMYnNTWkFFUzhGZGJuaHhrSV9NMlZHV2JFUk9vMTI1dmxlcDVfbHJHR1pmQmc4RVBlTUFqN3NLUDN1Y0dxZzBn?oc=5"}, {"fecha": "2026-09-07T05:14:15", "medio": "Google News — La Crónica del Quindío", "titulo": "Tras el sismo, Filandia y Salento, referentes del turismo, se reactivan ante el mundo - Crónica del Quindio", "url": "https://news.google.com/rss/articles/CBMivgFBVV95cUxNaVNfcVlGY1F5YzFqRUhQM19raGQtSjd3ajMyNW1TVlZrQllyLXBIb0tBRzdpaG44aURzV213SWFkQkF6cVhkeE9CWjg2cUd0b1F3bGhCamtLQ0xYUXhQQ3lLVzZINEtHeTJya1NHMVB6SHZCSHhIb1RVdFdQZi1zM0I4alYwdk9WRHZYOUVUcl9pclZFVXB1cVRKX1ZWTTVIN3N0bEhhZldNQUR3a2pnVHdiM2hBN25MOGdrdmx3?oc=5"}], "dyfi_max_cdi": 6, "dyfi_respuestas": 2, "dyfi_celdas": 1, "dyfi_min_dist_km": 131, "divipola": "63690", "poblacion_2026": 10372, "cabecera_2026": 4257, "rural_2026": 6115, "poblacion_fuente": "DANE PPED municipal por área 2018-2042", "en_aoi_copernicus": false, "estado": "intensidad_alta", "busqueda_propia": true, "fuentes": ["prensa", "dyfi", "rud"], "unosat_edificios": null, "unosat_observados": null, "unosat_posibles": null, "unosat_fecha_imagen": null, "unosat_codigo_inconsistente": null, "sertit_edificios": null, "sertit_destruidos": null, "sertit_danados": null, "sertit_posibles": null, "sertit_sin_grado": null, "sertit_area_km2": null, "sertit_imagen_literal": null, "rud_familias": 943.0, "rud_personas": 1945.0, "rud_viv_destruidas": 15.0, "rud_viv_averiadas": 149.0, "mmi_usgs": 6.4, "tasa_rud_pct": 18.7524}}, {"type": "Feature", "geometry": {"type": "Point", "coordinates": [-76.0715, 4.3946]}, "properties": {"municipio": "Zarzal", "departamento": "Valle del Cauca", "n_noticias": 10, "n_prensa_recogida": 163, "noticias_ejemplo": [{"fecha": "2026-09-18T17:49:16", "medio": "Google News — Zarzal", "titulo": "Últimos Sismos en o cerca de Zarzal, Valle del Cauca, Colombia: Temblores recientes últimos 7 días - Volcano Discovery", "url": "https://news.google.com/rss/articles/CBMihgFBVV95cUxPSmtrM0FTd0xTa1JqT1RiVzVsYUVyV0FSNlVJZG5xTkUyRHI4eVE1cHRLRGhPN1dwSXhORDZyLWNfNURiMU9lZTJKd1lWS1NRWmw3X2t2cDBUMDBOOVMzcXVvbEFRMkxVNlZnLU53ZzdMVWxYMzc3eTZNdkY1LW5FUGswWFJqZw?oc=5"}, {"fecha": "2026-08-19T14:59:51", "medio": "Google News — Zarzal", "titulo": "El martillo de la resiliencia: Suganorte sostiene su subasta en Zarzal tras el terremoto - CONtexto Ganadero", "url": "https://news.google.com/rss/articles/CBMiyAFBVV95cUxObU02QlpSTDhvZVNwblBNQ2dlZUpqNXdnMHFad1RqeGhpMS1QbjdyV1ZjTTU5RXdNc2VYdmplZkpQR2JpcXI2UzJxb19VNkpucXpnOFVvdDdqb2d2cjg5ZXNLZWk0OWxSSzFtcTZGb01XTmVKckhGTEtTZUNDcTNSU3AxZUhCM1lDbVV4SHp1R3dTQmNHYWlsUTQzbTdhOEFZZXhxQzhka05nbEUtWFl4NllIMGRUdmMzOUhIUE9jRDJmMmtuU3dsbA?oc=5"}, {"fecha": "2026-08-19T14:39:49", "medio": "Google News — Zarzal", "titulo": "El martillo de la resiliencia: Suganorte sostiene su subasta en Zarzal tras el terremoto - CONtexto Ganadero", "url": "https://news.google.com/rss/articles/CBMi0AFBVV95cUxNMWx2emFqRTVCeXRQTUNXYzVueDVob2RfaFFtYXoxcnBabktZdkREU3ZSZmdJdURCWmhvYkpkQjRYT3BYd0dqbUVjazY5d2l3bFRwLXBrcWFSYnpNUUVJVEp5V2VCM3R6SGhHWTZFa2xOb2duYUx1VzIwdEdOaXBObzhjM0VwcE9jTXVYbExKTGNzTEtzTURhYm1BN0FPN3R2ckNNSl9OQkZwRF9IRVlRMm9uem9JLTBnSHQydS0wR3FvUlo4SHVaSU9NQ3JXbEYz?oc=5"}], "dyfi_max_cdi": 7.9, "dyfi_respuestas": 3, "dyfi_celdas": 1, "dyfi_min_dist_km": 122, "divipola": "76895", "poblacion_2026": 43993, "cabecera_2026": 34159, "rural_2026": 9834, "poblacion_fuente": "DANE PPED municipal por área 2018-2042", "en_aoi_copernicus": false, "estado": "evaluado_unosat", "busqueda_propia": true, "fuentes": ["prensa", "dyfi", "rud", "unosat"], "unosat_edificios": 201, "unosat_observados": 21, "unosat_posibles": 180, "unosat_fecha_imagen": "20260813", "unosat_codigo_inconsistente": 201, "sertit_edificios": null, "sertit_destruidos": null, "sertit_danados": null, "sertit_posibles": null, "sertit_sin_grado": null, "sertit_area_km2": null, "sertit_imagen_literal": null, "rud_familias": 2544.0, "rud_personas": 5325.0, "rud_viv_destruidas": 181.0, "rud_viv_averiadas": 1205.0, "mmi_usgs": 7.7, "tasa_rud_pct": 12.1042}}, {"type": "Feature", "geometry": {"type": "Point", "coordinates": [-75.9117, 4.7464]}, "properties": {"municipio": "Cartago", "departamento": "Valle del Cauca", "n_noticias": 44, "n_prensa_recogida": 324, "noticias_ejemplo": [{"fecha": "2026-09-23T20:00:34", "medio": "Google News — Cartago", "titulo": "Recursos para los afectados por el sismo llegarán a Cartago - elnortehoy.com", "url": "https://news.google.com/rss/articles/CBMimgFBVV95cUxQbURrQ3dXMWQyY2Vnd1NhQVNNQXlRc3FuNnZRNUh5RHFER3ppZ25lcjc1YXk4R2cxYmFYeFFaMWR0TmZsNHphYnpIVlREYnMzNEJqVGE1UlZvQmxqVk1Hbjk2d09IYkQtQ3ljUTl6QWRROE0yM0Nsd1Z6Yk1tUi1PdW1rcWozWnR6Q2d0X0U0Y3JEdVFNaENNQU1B?oc=5"}, {"fecha": "2026-09-17T19:38:02", "medio": "Google News — Cartago", "titulo": "Últimos Sismos cerca de Cartago, Valle del Cauca, Colombia: Temblores últimas 48 horas - Volcano Discovery", "url": "https://news.google.com/rss/articles/CBMi2AFBVV95cUxPNHBmZU9TS3pMdXhmRV94d1BhdmRBa1Ewb0ZiM3BabUloSlBGZUo3MjhPUDZ3ZHd6YjJPbzFaTUpXUFA5YlNzM2RmMEZKZXpvcF9yUXFNbUE1SjJVb0hnc1pDbUthWFl5TnNKVnRpVU1vMFY1UEYxVHhUQktGOHNHek9WempGdFN4akNmd2syTXhyc1Bmcnk0SFQwckgwam52TXMyNzQ5d1h1cnNUU3BDdEx3RkxVRGJUbXJ0dHB3Q0xiUGJZQ08zNC16RVRXQlBvdno4R3d6R1Y?oc=5"}, {"fecha": "2026-09-15T01:30:00", "medio": "Google News — Cartago", "titulo": "Solidaridad en Cartago por el terremoto sigue llegando - elnortehoy.com", "url": "https://news.google.com/rss/articles/CBMikwFBVV95cUxNNjMtY0xDalNZYXd6RFFuUlJ4NEtnOEFFYnVzN2phQmR4T095MGo2WTkxcUJmOVlUMm9fRjd0TWRGRUU5MEFlUUowaHNPaEdhazhRS1lsZlZkNHRTaWpPZVcwX1pLaVB1SmJ3TmFNbEJlMGcyZWhiRHJmNnBORUJvZWM1OTBBR3RqZ0tLZjFTalhRWjA?oc=5"}], "dyfi_max_cdi": 7.9, "dyfi_respuestas": 9, "dyfi_celdas": 3, "dyfi_min_dist_km": 113, "divipola": "76147", "poblacion_2026": 144206, "cabecera_2026": 139614, "rural_2026": 4592, "poblacion_fuente": "DANE PPED municipal por área 2018-2042", "en_aoi_copernicus": false, "estado": "intensidad_alta", "busqueda_propia": true, "fuentes": ["prensa", "dyfi", "rud"], "unosat_edificios": null, "unosat_observados": null, "unosat_posibles": null, "unosat_fecha_imagen": null, "unosat_codigo_inconsistente": null, "sertit_edificios": null, "sertit_destruidos": null, "sertit_danados": null, "sertit_posibles": null, "sertit_sin_grado": null, "sertit_area_km2": null, "sertit_imagen_literal": null, "rud_familias": 2181.0, "rud_personas": 2490.0, "rud_viv_destruidas": 23.0, "rud_viv_averiadas": 567.0, "mmi_usgs": 7.5, "tasa_rud_pct": 1.7267}}, {"type": "Feature", "geometry": {"type": "Point", "coordinates": [-76.1954, 4.0847]}, "properties": {"municipio": "Tuluá", "departamento": "Valle del Cauca", "n_noticias": 62, "n_prensa_recogida": 185, "noticias_ejemplo": [{"fecha": "2026-09-25T13:45:19", "medio": "Google News — Suárez", "titulo": "¡Susto total en el Valle! Un fuerte sismo sacudió a Tuluá esta mañana y despertó a todos - hsb noticias", "url": "https://news.google.com/rss/articles/CBMitgFBVV95cUxQdjhjQ2RfQ05aeEt4ck9fX3BvQ3NwNFRGY2xPaEVYRThNQ3VTUUlZVWxmWlZsTXhqM1ZRWFJoOUpMVkpuREY4NklLY0ZwT0Z4NXlVZVlCTHBaZmpPRW9aTk43eHhPUG1HWjhzZk9maTBnbWJGRENaMzBGVFpGRFNzTXhvOHhLZ3FONGR4dEI3YXhrdlR0QTFOX1NUM2tnNm1hZ09ROTVPNG9xYzZ1NTRJZ3lacW5hdw?oc=5"}, {"fecha": "2026-09-25T13:25:00", "medio": "Google News — San Pedro", "titulo": "¡Susto total en el Valle! Un fuerte sismo sacudió a Tuluá esta mañana y despertó a todos - Diario del Cauca", "url": "https://news.google.com/rss/articles/CBMiuAFBVV95cUxQLWQwMVhaSkwyTm8yZVJKcllvNEg1NEJlOVRLVzhIYWI3T3RxRXNqcVM5RmRpNE84Z2NxN0I4SlBDUTN1MzNuWkZlVm91NVVXTW13MUpCeUNPTC03VlEzMmhNYmRXVURiYjFNQVNYMDl3c0Nrbnp6MkEtclliWmtwVGRqcGFDM2FfZE52VzhZV2VyUk9JOWFHVXVoUm9fc2t0LXMyZ3BSc2w1dVFpa1UzV1l2cm1ReUw2?oc=5"}, {"fecha": "2026-09-24T17:15:16", "medio": "Google News — Cartago", "titulo": "Terremoto moderado mag. 4.2 - 40 km al este de Tulua, Valle del Cauca, Colombia, Thursday 24 Sep 2026 a las 12:14 (Hora Bogota) - Volcano Discovery", "url": "https://news.google.com/rss/articles/CBMi1gFBVV95cUxOZmREYk5NalBiVm00TU5nNHpZTXJyNzRGRWZ1VTFvTzd5NlJWNm1RRjhjeFFmR19telJBemZVZlZ4eHJ4M3dFaEd4Y1ZoZ1g2LTV2X3hiWmFUZTh0WGF4WTV5Nl9icGJXSTZHYmh6WEpUUndnVEZsaTNjRlRjMUE4eVNRYi0yZ0JmQjdrd1d4cFptSjFfVzJKLTJETUhZZW1tMk9RV0Focl9PdTMxRl9JTWx5MmpCUHhTUS0tZUZDYkJEMmZMZGxENi1xLTc5UUxQOTY3eFZn?oc=5"}], "dyfi_max_cdi": 6.9, "dyfi_respuestas": 5, "dyfi_celdas": 1, "dyfi_min_dist_km": 137, "divipola": "76834", "poblacion_2026": 225868, "cabecera_2026": 187083, "rural_2026": 38785, "poblacion_fuente": "DANE PPED municipal por área 2018-2042", "en_aoi_copernicus": false, "estado": "intensidad_alta", "busqueda_propia": true, "fuentes": ["prensa", "dyfi", "rud"], "unosat_edificios": null, "unosat_observados": null, "unosat_posibles": null, "unosat_fecha_imagen": null, "unosat_codigo_inconsistente": null, "sertit_edificios": null, "sertit_destruidos": null, "sertit_danados": null, "sertit_posibles": null, "sertit_sin_grado": null, "sertit_area_km2": null, "sertit_imagen_literal": null, "rud_familias": 1937.0, "rud_personas": 2582.0, "rud_viv_destruidas": 4.0, "rud_viv_averiadas": 134.0, "mmi_usgs": 6.9, "tasa_rud_pct": 1.1431}}, {"type": "Feature", "geometry": {"type": "Point", "coordinates": [-76.2978, 3.9009]}, "properties": {"municipio": "Buga", "departamento": "Valle del Cauca", "n_noticias": 36, "n_prensa_recogida": 194, "noticias_ejemplo": [{"fecha": "2026-09-18T19:58:30", "medio": "Google News (agregador es-CO)", "titulo": "Terremoto moderado mag. 4.5 - del Choco, 87 km al noroeste de Guadalajara de Buga, Valle del Cauca, Colombia, Friday 18 Sep 2026 a las 13:41 (Hora Bogota) - Volcano Discovery", "url": "https://news.google.com/rss/articles/CBMi2gFBVV95cUxNTnIxclZhdHU2X3FOSUVQazNTd2xXNVlrbVdOeFNfeDRNdHhtS3JhZkJ0Y1ptNG5TMDJ5VzBLazVoeE13cUtIWnZCV0NNOGZjUnlwX2s4VGd5cTlFYWtxWk1mUEtvMFp1WkY1QThxcXJpbXhia1QyRFFzWDRIRnhpSEIxbVNZU1hTZlZBRFFuUTVtTzQ1LWNGS05IeVN6MlBteWRYWndCQWtqR0xkSzBqVkowbnV0SG1Rc00zazB4QjdCanhvcW9vbzA3OWNib1RZN21lTlNQRHNmZw?oc=5"}, {"fecha": "2026-09-07T16:02:49", "medio": "Google News — Buga", "titulo": "Hemos sentido apoyo y seguramente habrá ayuda de MinCultura: rector Basílica de Buga tras sismo - Blu Radio", "url": "https://news.google.com/rss/articles/CBMi2gFBVV95cUxQczNZdkJmaTVObGs4RFgwNFRqVmc4N19YMEw5Wjd2RVF1ckxYQjBXTkJaM0Y2QUkyTHhYQ0tZekNuTFNlODRYSUxqSlR5ZVozOHdpXy1ZZWdQS3c2bnBrQlFNNDNMZHNfNFE3bGNGYUZJd21tVXozQ19uUTVMa3RTaklhbHJzRkN0NW1WSHo1XzB3bkduVXFXalFKRnptSkVKeVNEOVYwN3pLV21BaEVjRWJfWkZNRUFJZkVxV0h5X2JrMmkwd3ZNaWNta3BkQ2h1eDBCWFktZ2xMZ9IB5wFBVV95cUxNY2JUSW1taHpEZFFabkRfT250ZlptblgyTUI3dy1GRml0NE9PYmNtSmZJSnhGbDBLOHNBWEhiLV93NGxuLXBnLU05NDhUZFpLQ3BySFdKRFpDdF9UVml0VkJ1V0tyeDdwLUoyLXZMZDZ2cDZ3QUR4WTFTektXWjROYWRsNjZ0RkNfNFhjNFlBamtxVTdDMTk1c3NXbDVYZWNnTlB3N1JNc1pyZHJQdzhMSkVsbGZ3LWNnaVRjaVRSSjgwMGJMWFRVQWRlWmlTNkt3azI4RWFFX3ZLMHpGamJvZE5XOGpxdEU?oc=5"}, {"fecha": "2026-09-06T01:05:44", "medio": "Google News — Buga", "titulo": "Buga entró en fase de reconstrucción tras el terremoto con inversiones en vivienda, educación y reactivación económica - IFM Noticias", "url": "https://news.google.com/rss/articles/CBMi5gFBVV95cUxQeXBKSFJRRktPNUxSVUhzdUJZS04tRTdYYWMzMjFnb1pPaGV4Qk1aYUtucVZhX2ZZbEtfeExQSnVVeGJ0b3Z1V3I1MzBDSWtlbkg2TmFUdzA5TUZBRDFON1NjZGtNTTlENUNxd2xCTkYwS3NhTl9GWG9NU2tMbHliVUlzNTdwUVJoMV83OXdMMV8wLXZPc2NrWl9teE55SnByZV9FU1o2Z1ZvMGc4ZWozY1dHanc0SVFLeFhsa3otVy1wLUNTODRhaGNydzVDS3VyRW1DTjJWaUxLWGdzdnJnV2todlNRQQ?oc=5"}], "dyfi_max_cdi": 6.9, "dyfi_respuestas": 4, "dyfi_celdas": 1, "dyfi_min_dist_km": 151, "divipola": "76111", "poblacion_2026": 132250, "cabecera_2026": 114352, "rural_2026": 17898, "poblacion_fuente": "DANE PPED municipal por área 2018-2042", "en_aoi_copernicus": false, "estado": "intensidad_alta", "busqueda_propia": true, "fuentes": ["prensa", "dyfi", "rud"], "unosat_edificios": null, "unosat_observados": null, "unosat_posibles": null, "unosat_fecha_imagen": null, "unosat_codigo_inconsistente": null, "sertit_edificios": null, "sertit_destruidos": null, "sertit_danados": null, "sertit_posibles": null, "sertit_sin_grado": null, "sertit_area_km2": null, "sertit_imagen_literal": null, "rud_familias": 874.0, "rud_personas": 1554.0, "rud_viv_destruidas": 9.0, "rud_viv_averiadas": 494.0, "mmi_usgs": 6.2, "tasa_rud_pct": 1.175}}, {"type": "Feature", "geometry": {"type": "Point", "coordinates": [-76.3036, 3.5394]}, "properties": {"municipio": "Palmira", "departamento": "Valle del Cauca", "n_noticias": 17, "n_prensa_recogida": 773, "noticias_ejemplo": [{"fecha": "2026-09-26T06:54:35", "medio": "Google News (agregador es-CO)", "titulo": "Sismo no confirmado o evento similar a un terremoto: 24 km al noreste de Palmira, Valle del Cauca, Colombia, Saturday 26 Sep 2026 a las 01:38 (GMT -5) - Volcano Discovery", "url": "https://news.google.com/rss/articles/CBMizAFBVV95cUxNbWlhRi1hOWJESVJXeTJUbjZvNVRpZU16eUx5U3NndWd5WmxQN1kwWWpoM2l0a3FuYURkWTh3eEowNS1EVmZ5SVB0dkQyXzFNOTVUSHFyNXZjSW1McUttV0twVDlEXzRQdERHcnFxWDBwUFRKemtOa21VbEhYTmx3THpvSjlCZVVhNm82NTZWcFYzNl9oTm9tQ0s1NHNTWHg0U0JzTXlJSGRJeHQ0aGpPZTVxOFpoajktam52cVhZRGlLT0VZWlZjQWI5cVU?oc=5"}, {"fecha": "2026-09-25T22:38:27", "medio": "El Tiempo — Colombia", "titulo": "Palmira corre por la solidaridad: más de 20.000 personas participarán en la Media Maratón Internacional 2026", "url": "https://www.eltiempo.com/colombia/cali/palmira-corre-por-la-solidaridad-mas-de-20-000-personas-participaran-en-la-media-maraton-internacional-3589127"}, {"fecha": "2026-09-25T00:10:00", "medio": "Google News — Palmira", "titulo": "Nuevo sismo en Chocó genera reportes desde Cali, Palmira y otras ciudades - Diario del Cauca", "url": "https://news.google.com/rss/articles/CBMifEFVX3lxTE42Y3RuRVBCVWRxSmRuZzNORjdxNTNiOUJwNW5kOFdYRHY0OUk2dUtycmt1aE4wX0JaSXhCV2ozUU5rcXJtYlNOd29sSzkzRjNfWjd4S2dBTzNlWldVbUx6M2JwbTYxUjlZRThwSlFsaXl5dnp0Zkp1a2VPSGI?oc=5"}], "dyfi_max_cdi": 4.3, "dyfi_respuestas": 2, "dyfi_celdas": 2, "dyfi_min_dist_km": 181, "divipola": "76520", "poblacion_2026": 382703, "cabecera_2026": 296852, "rural_2026": 85851, "poblacion_fuente": "DANE PPED municipal por área 2018-2042", "en_aoi_copernicus": false, "estado": "mencion_prensa", "busqueda_propia": true, "fuentes": ["prensa", "dyfi", "rud"], "unosat_edificios": null, "unosat_observados": null, "unosat_posibles": null, "unosat_fecha_imagen": null, "unosat_codigo_inconsistente": null, "sertit_edificios": null, "sertit_destruidos": null, "sertit_danados": null, "sertit_posibles": null, "sertit_sin_grado": null, "sertit_area_km2": null, "sertit_imagen_literal": null, "rud_familias": 956.0, "rud_personas": 2411.0, "rud_viv_destruidas": 3.0, "rud_viv_averiadas": 511.0, "mmi_usgs": 5.5, "tasa_rud_pct": 0.63}}, {"type": "Feature", "geometry": {"type": "Point", "coordinates": [-76.1546, 4.4126]}, "properties": {"municipio": "Roldanillo", "departamento": "Valle del Cauca", "n_noticias": 156, "n_prensa_recogida": 414, "noticias_ejemplo": [{"fecha": "2026-09-18T17:22:37", "medio": "Google News — Cartago", "titulo": "Parece una ciudad del oeste abandonada: alcalde de Roldanillo por devastación que dejó el terremoto - bluradio.com", "url": "https://news.google.com/rss/articles/CBMi3gFBVV95cUxPbWhlYzI1R003d1JHSTF5NFF0YmhrUTJGc1N4Y1NKOWszYW9BamtjX280M3RzdGthTzdOREZMOFBEaVIwekdDTjQ0dnlNcEFTdGlWS1gwUFZwbVpPdVAzN1RvUjVOVmtXZmJIVjVrWlA3b1dtUm1wZldFU3NaUEFtVXVtZF9Ca1BXTVZDUjFRMml4UUlwWTgteThhVk95MTh2b1h2MlEtdnBvQ1BrVktuLVktMTJGaWFJSmVfSzU2N3h6M1Eybl84eGswV1BZSlE5b3Q2NW5aWHhGNXF6MEHSAd4BQVVfeXFMT21oZWMyNUdNN3dSR0kxeTRRdGJoa1EyRnNTeGNTSjlrM2FvQWprY19vNDN0c3RrYU83TkRGTDhQRGlSMHpHQ040NHZ5TXBBU3RpVktYMFBWcG1aT3VQMzdUb1I1TlZrV2ZiSFY1a1pQN29XbVJtcGZXRVNzWlBBbVV1bWRfQmtQV01WQ1IxUTJpeFFJcFk4LXk4YVZPeTE4dm9YdjJRLXZwb0NQa1ZLbi1ZLTEyRmlhSUplX0s1Njd4ejNRMm5fOHhrMFdQWUpROW90NjVuWlh4RjVxejBB?oc=5"}, {"fecha": "2026-09-18T01:00:00", "medio": "Diario Occidente — Valle del Cauca", "titulo": "Buscan 1.200 voluntarios para reconstruir viviendas en Roldanillo y Darién: así puede inscribirse", "url": "https://occidente.co/cali/1200-voluntarios-reconstruir-viviendas-roldanillo-darien/"}, {"fecha": "2026-09-17T22:09:38", "medio": "Google News — Roldanillo", "titulo": "Campaña de ayudas para damnificados del sismo en Roldanillo: Carlos Aponte lidera recolecta - Noticiero 90 Minutos", "url": "https://news.google.com/rss/articles/CBMivwFBVV95cUxQSGgzZ3lmUGlsQlJDZDZOZGU2bUFzLW90UDBhTVcwaXNLRWgxNDFVYkVNVGktSWpVaF9DMkVJcVM3RC1CZklZcE5uQWFWSmtENXRPaWVOaW5UMDdpQTVGcDNuTm9QaVpIaTBva0F3b3lvSXJqM0Z5cFBfeHN1c1NVbXhVNlRERGJkYnAwdldaeEZJSlJDWUM5ZHVzYzNXVDBjV3dKdllFbXhYMExDVXVtbkJLLXZVNEYxNm1ZNUdkTdIBvwFBVV95cUxQSGgzZ3lmUGlsQlJDZDZOZGU2bUFzLW90UDBhTVcwaXNLRWgxNDFVYkVNVGktSWpVaF9DMkVJcVM3RC1CZklZcE5uQWFWSmtENXRPaWVOaW5UMDdpQTVGcDNuTm9QaVpIaTBva0F3b3lvSXJqM0Z5cFBfeHN1c1NVbXhVNlRERGJkYnAwdldaeEZJSlJDWUM5ZHVzYzNXVDBjV3dKdllFbXhYMExDVXVtbkJLLXZVNEYxNm1ZNUdkTQ?oc=5"}], "dyfi_max_cdi": 7.9, "dyfi_respuestas": 3, "dyfi_celdas": 1, "dyfi_min_dist_km": 121, "divipola": "76622", "poblacion_2026": 38639, "cabecera_2026": 30066, "rural_2026": 8573, "poblacion_fuente": "DANE PPED municipal por área 2018-2042", "en_aoi_copernicus": false, "estado": "evaluado_satelite", "busqueda_propia": true, "fuentes": ["prensa", "dyfi", "rud", "sertit"], "unosat_edificios": null, "unosat_observados": null, "unosat_posibles": null, "unosat_fecha_imagen": null, "unosat_codigo_inconsistente": null, "sertit_edificios": 77, "sertit_destruidos": 1, "sertit_danados": 13, "sertit_posibles": 63, "sertit_sin_grado": null, "sertit_area_km2": 33.32, "sertit_imagen_literal": "Pléiades-HR acquise le 13/08/2026", "rud_familias": 6146.0, "rud_personas": 9296.0, "rud_viv_destruidas": 363.0, "rud_viv_averiadas": 1960.0, "mmi_usgs": 7.5, "tasa_rud_pct": 24.0586}}, {"type": "Feature", "geometry": {"type": "Point", "coordinates": [-75.9309, 4.2643]}, "properties": {"municipio": "Sevilla", "departamento": "Valle del Cauca", "n_noticias": 20, "n_prensa_recogida": 162, "noticias_ejemplo": [{"fecha": "2026-09-21T23:22:21", "medio": "Google News (agregador es-CO)", "titulo": "Sismo no confirmado o evento similar a un terremoto: Departamento del Quindío, 16 km al sureste de Sevilla, Colombia, Monday 21 Sep 2026 a las 17:52 (GMT -5) - Volcano Discovery", "url": "https://news.google.com/rss/articles/CBMi6gFBVV95cUxNSGI5Rm1saEhWRGR5bnlPZzZ3OV9xYXZIclVqVHJSQ3ExanhNZ2pLR3k0eGJwSmkzRFZXcnA3anA1bXpiYnI1MmZJQ3duRjNwU3hid0piYUphWUlTdU5XaGluOHRfaHlFRU1WclF2SHMxOENGSFNyR2FaWU9tM1ZQOEY5bWpnTzd0RUwzU3RRaVZjZzZSekc2ZXdBMGN5cDJNdnFVQjRoVFBQM1RpOU5kUUw5aTlZUFJlaWZrZll6Q092X1B1NFBIZVhqZkswS3ZvNWRtNm5lSm9kbWJ5b1JwZ1FyZXZDLWJFUmc?oc=5"}, {"fecha": "2026-09-18T07:41:35", "medio": "Google News — Sevilla", "titulo": "Posible sismo reportado hace pocos minutos cerca de Sevilla, departamento del Valle del Cauca, Colombia - Volcano Discovery", "url": "https://news.google.com/rss/articles/CBMi-AFBVV95cUxOYkwyYW43UGNMcEJCQzk4bW1OWjJPVTZwUDZVNDNJMTVrVmcxVHBubEpoaDFLQkhMX243bTVmWkJBUEhOOFZGVG4wS0dmTUViSHotTVAwTC12WFVfSlVIQnRrS1dQMm9tbUxlaDVZMnVRb1BQaENWNVRFTF9YN3A2MzVXSEFMSTBDYXFnaWVJckhOR3BOV1BlRU1odXlDVVRnRlo0bXZ1Mmc2MFlLemRtZ2hiV0c5SlA4MGE2cG9seVRBT2tEZWRSdDQzdVVnYWc2NmtobG9rbDBoN0RWY0xlTEZrd3dCVHk2MU5NSFN3dEJ2VkdxOE5oZw?oc=5"}, {"fecha": "2026-09-11T17:07:59", "medio": "Google News — Sevilla", "titulo": "\"De esto salimos\": alcalde de Sevilla clama por apoyo nacional ante crisis por el terremoto - Blu Radio", "url": "https://news.google.com/rss/articles/CBMi0gFBVV95cUxOWVpPLVVYM0VBeTVmbFpQRmVTV2M3VUl2dlh3RUtQNUxYZEM3VG50TWZwdU9SZUFseXYyZU93NVNwQVM0Tm9IN2dtZmU2SDYwaXpOdTA3NzNGcHgzX19MeFNIcEpScERMSXo5N2lzRWtyRzlSSmE5VDJwMWhMVTRZWmxwM0pLVVJXYUl5YW5fZXI1UHVOUWQ0OU1pdW5Hd2gtbGJQSktaSmx2bGE4QllhXy1lMGFzNUFwcUQxd2RGLWROb0dhWFR6ZEpUYkRJSTlVVUHSAd8BQVVfeXFMUHB3ME9LRzRYQmtIT3BCT09PbkNwdVZZSWwxeFplRk5WOEVGenFFSjR5LXlUQlJzamZQUVdONVE3MjRJZUVLOFphTDBMNThWUDZibEF3QzN6UWp1dmFWX3FqdzFTeVdlOV9jRFJfNGVyeGZKQzVSTGdCQ1BjcENxN3pZeXNXNjdkR0VlWG14VnBVaXJ1QWhYS3FVc3hzRllaREhGR2I3RzlYdkp3OTZFbm45dDZ1MXMwYzAyLWZ3ZjFjWUhPTGljSk1nX1RBZXl5XzNUYzloWTc3OFRNZndzaw?oc=5"}], "dyfi_max_cdi": 7.2, "dyfi_respuestas": 1, "dyfi_celdas": 1, "dyfi_min_dist_km": 129, "divipola": "76736", "poblacion_2026": 44172, "cabecera_2026": 34327, "rural_2026": 9845, "poblacion_fuente": "DANE PPED municipal por área 2018-2042", "en_aoi_copernicus": false, "estado": "intensidad_alta", "busqueda_propia": true, "fuentes": ["prensa", "dyfi", "rud"], "unosat_edificios": null, "unosat_observados": null, "unosat_posibles": null, "unosat_fecha_imagen": null, "unosat_codigo_inconsistente": null, "sertit_edificios": null, "sertit_destruidos": null, "sertit_danados": null, "sertit_posibles": null, "sertit_sin_grado": null, "sertit_area_km2": null, "sertit_imagen_literal": null, "rud_familias": 5228.0, "rud_personas": 10677.0, "rud_viv_destruidas": 249.0, "rud_viv_averiadas": 2332.0, "mmi_usgs": 7.0, "tasa_rud_pct": 24.1714}}, {"type": "Feature", "geometry": {"type": "Point", "coordinates": [-75.8267, 4.3324]}, "properties": {"municipio": "Caicedonia", "departamento": "Valle del Cauca", "n_noticias": 3, "n_prensa_recogida": 39, "noticias_ejemplo": [{"fecha": "2026-09-02T00:13:14", "medio": "Google News — Caicedonia", "titulo": "Zipaquirá envía nuevo cargamento humanitario destinado a Caicedonia tras terremoto - Noticias Día a Día", "url": "https://news.google.com/rss/articles/CBMiowFBVV95cUxOZmU5TzBrX1BpQTNUZGR0ZUxzX0dBdG9ublo1dENaa1FmN0RTa003WWF6dWE0VlE5SnQ3ck5sQ3RwNUZ3UjFtZDUya3F6ZGttb3ZjcG5RVktWUWhWQUYyTjFURlFoblViN1NqUmtiaWZYWXRLQXlYMklpeTViVGZhd3ROTW9PRlctdG1RWDRtb3FGOTlHeWVSQl84VHJHT0hlbFM4?oc=5"}, {"fecha": "2026-08-19T21:57:00", "medio": "Google News — Caicedonia", "titulo": "En Caicedonia, la Gobernadora del Valle anunció acciones para la recuperación de viviendas y negocios afectados por el sismo - Gobernación del valle", "url": "https://news.google.com/rss/articles/CBMiiAJBVV95cUxNZjJ4X1F6TFU4UHc0MW13ekV3OGFoUzROS21aaGU3RHlEOXVUTWJrR2lmcG1iRFlDVXdFUml4TFVyTzBwUVJLQkRkQkgydC1iOS05T1REcGY2Sld1Q29BcjFSOWtzcXlDMG95clVPYl9VU1Y0VFQ2X2txd2NFdm16ZTFaVENVa1FBNm9mU1FLUjF4cmRWbkk3LXdoZUN0N0RGalUtaXFJSmVuSTZIWGE2Z0tUUm5pS2Z4VlRReUFDZEVtRDY5Zk55OWlOQmNsNloyOHJ3c21DR21feERDZk00aFZHeDczNkZCU2VaOEZ4Q2FnWDlsR1R1dDVpYndMYzNPR2Zmd01ULWo?oc=5"}, {"fecha": "2026-08-14T21:16:12", "medio": "Google News — Caicedonia", "titulo": "Radiografía del terremoto en Caicedonia: 1.100 viviendas afectadas - El Olfato", "url": "https://news.google.com/rss/articles/CBMimAFBVV95cUxNRkkybzNhWDcyZTRGRjRBR2s3a3lhN3F3Y2RRSDBJbHpWV0pjUlhSNUtRc3BYWjB0cVR5ckswRmJPQUFDWjhWeC1KdEZzeTZWaVJIR3ljY3B1MGpleU9rczNSeTBtRDVfQVRnNGxTWWYxa1JVa0thVVE0RHhpaE9JTS03cklFRldoQXg1SlhMNTczVTVXb1FmdA?oc=5"}], "dyfi_max_cdi": null, "dyfi_respuestas": null, "dyfi_celdas": 0, "dyfi_min_dist_km": null, "divipola": "76122", "poblacion_2026": 30248, "cabecera_2026": 25425, "rural_2026": 4823, "poblacion_fuente": "DANE PPED municipal por área 2018-2042", "en_aoi_copernicus": false, "estado": "mencion_prensa", "busqueda_propia": true, "fuentes": ["prensa", "rud"], "unosat_edificios": null, "unosat_observados": null, "unosat_posibles": null, "unosat_fecha_imagen": null, "unosat_codigo_inconsistente": null, "sertit_edificios": null, "sertit_destruidos": null, "sertit_danados": null, "sertit_posibles": null, "sertit_sin_grado": null, "sertit_area_km2": null, "sertit_imagen_literal": null, "rud_familias": 2620.0, "rud_personas": 4971.0, "rud_viv_destruidas": 43.0, "rud_viv_averiadas": 1173.0, "mmi_usgs": 7.0, "tasa_rud_pct": 16.4341}}, {"type": "Feature", "geometry": {"type": "Point", "coordinates": [-76.5349, 3.2607]}, "properties": {"municipio": "Jamundí", "departamento": "Valle del Cauca", "n_noticias": 7, "n_prensa_recogida": 719, "noticias_ejemplo": [{"fecha": "2026-09-15T16:03:17", "medio": "Google News — El Dovio", "titulo": "Nuevo temblor hoy en Colombia | Reportan sismo en Medellín, Quibdó, Jamundí y otras ciudades del país - redmas.com.co", "url": "https://news.google.com/rss/articles/CBMi4AFBVV95cUxOeFhJeDRYRmNtZ2x6TFItTTh3LWxpdVpNbkRlQkYwM0lPTE5uNU0xUTY3T19HTGJGaTZMVGUzd2RDMkFfMWE4VXdadHJPWmZRMHFoOXlkVV93cXFwZk9Ka3RpU250X1p6RDFjTU95R0VyOS1TU19mUnRqZkVSaHZIWUdvY3phTHlXR0JGRFNrNjUyNkI4TFd5Q3YzX0htQW9TYzllNkx0RG1pVTJ3Q0dzT1o0UzJ1UmVoeEg3N3dyT3ZiYUo0cGVWM1RpdGg0YUtXbHpTbUxXa0t3SDBuODBBbw?oc=5"}, {"fecha": "2026-08-10T20:18:00", "medio": "Google News — Jamundí", "titulo": "Jamundí no reporta vidas comprometidas tras el sismo y envía rescatistas a Cali - elpais.com.co", "url": "https://news.google.com/rss/articles/CBMivgFBVV95cUxNS1BQcnN2SWU3enM2LUM5OXlJOTV2aEhFdTdLVERFS25RcmVZMWNDbUtRQ09IeTRzekRSRnIxTmNoX1hqd0JuSVUtanpoVm4ybjFMVHdYUng3Vjc3SndkeFFLa1ZpeXprcFRiZUhMc283Z2VGZTZMTkpFWjgwQTJpTnByNFpDQVpQOWx6MFJhaUtXU3o2U0dOSFJENkVCeUFSWnhKUEJkVktHQXdBcFFwa2RqWUJBTmF0SUVISFlR0gHDAUFVX3lxTE14TmQ4UnVNU2lJNDNQVVhtVzZWUXRDTjA3UWxzWEZrX1VYcDFVUW1JbDdiNkJoa2h4cldxQzhPVXdQaTJmbkhXakEyanVPM0EwYXVzTFN5M3NuaDRBbU1ObU5EdEFXVGgwOFpzOXdDek1KTXVpVFdIX3BleDl3RWJJWnl5dUhaZVRmalR5RnJOT2gzMzczVDFxUGpYM0ZoUFRrZ203Q2VoN3Fqa0F2NTBkZ2RqMlJqbkdQMVZtZ2thamk1UQ?oc=5"}, {"fecha": "2026-08-10T14:18:44", "medio": "Google News — Jamundí", "titulo": "Impresionantes imágenes: centro comercial en Jamundí tuvo graves afectaciones por el temblor - Pulzo", "url": "https://news.google.com/rss/articles/CBMiqAFBVV95cUxPa3ZrQWIwZl9rOUVRN0ZiemtfX05YZXNmQVRuT2lmLTlCeU0wYTVuOFlDN0tpUDdSVEtHYnhIRDItclhiZDdZOE81eWVyOS1yalhwcGQyZVg5anU0V1ctLVA4UnhZS3dDd3NOUWxpQmtMVnN0ZVB3ajRILUQtNDFTdEdRQlg4eDdMMzdIN0dGb2p5NDdNblJtNUV0RkpOOGE5d0w2aWNKWVY?oc=5"}], "dyfi_max_cdi": 7.2, "dyfi_respuestas": 12, "dyfi_celdas": 4, "dyfi_min_dist_km": 207, "divipola": "76364", "poblacion_2026": 196875, "cabecera_2026": 150381, "rural_2026": 46494, "poblacion_fuente": "DANE PPED municipal por área 2018-2042", "en_aoi_copernicus": false, "estado": "intensidad_alta", "busqueda_propia": true, "fuentes": ["prensa", "dyfi", "rud"], "unosat_edificios": null, "unosat_observados": null, "unosat_posibles": null, "unosat_fecha_imagen": null, "unosat_codigo_inconsistente": null, "sertit_edificios": null, "sertit_destruidos": null, "sertit_danados": null, "sertit_posibles": null, "sertit_sin_grado": null, "sertit_area_km2": null, "sertit_imagen_literal": null, "rud_familias": 2042.0, "rud_personas": 4396.0, "rud_viv_destruidas": 34.0, "rud_viv_averiadas": 1319.0, "mmi_usgs": 6.6, "tasa_rud_pct": 2.2329}}, {"type": "Feature", "geometry": {"type": "Point", "coordinates": [-76.6886, 3.6569]}, "properties": {"municipio": "Dagua", "departamento": "Valle del Cauca", "n_noticias": 9, "n_prensa_recogida": 138, "noticias_ejemplo": [{"fecha": "2026-09-07T15:51:00", "medio": "Google News — Dagua", "titulo": "En Cali, Dagua y Calima, el Giro de Rigo, empresas privadas y la Gobernación, iniciaron la caravana de ayuda para los damnificados del sismo - Gobernación del valle", "url": "https://news.google.com/rss/articles/CBMimgJBVV95cUxOU194MEs2clhfdDEtZ1ZOU3NCS1ZBcG9BcTQ1RnNaMzl4WmkyYXg0VjgzbG9GYnFUUUFxS3ZQNkZFbmRlLWtwVUQweExSXy1xOThsRDFoTTlEZTdNVmwwZjQ0a1plR3VHa3czVTZEclhJbGtJMWI4cS1jbjU5bzNLVXd3TFE4RmwzaUNKWDY3UHdlOHdYVkwtcnlPR3Q4UTRlSWVUckdTMHFiV0NiZHJtTzhlcktDbmRFUjc2eWFTaXd2X2lVNTJaeUVOaGY3amdFMmpxeEcyQ2RCenh3VnFjZjNvVmdYcGFla1ZPT2syd3NSd3N2NFBuS0JMT1ZKY1ZnNTZHQzQ4dS02R3dhTXRIdjB1THM3N1VFYkE?oc=5"}, {"fecha": "2026-09-05T14:44:56", "medio": "Google News — La Sierra", "titulo": "Dagua, en problemas para recuperar viviendas afectadas por el terremoto - Caracol Radio", "url": "https://news.google.com/rss/articles/CBMivAFBVV95cUxQM3F4NXlGekpfOHBLX2xBNHdmYW55dkktVkdsbzc1X2syVE11MmFGcFcwNUlBQU90R0JxRUp0Mkk1eFBEcEZGWlVBd1ZNX0p6XzRDM3ViNnktZ1JRV3ZzRzM1ZFktUHZHS1FFZGpfTlZhV3IzVzB6NjI5ZXFOLW9lNEEtTmRYRm1seTdNd2J4aXI1OE9kVGV3Qm1PdW5iQ0plZ0NOaUZnN2k3Njd0SFduQUtTeEk3dldlY1AxMNIBvAFBVV95cUxQM3F4NXlGekpfOHBLX2xBNHdmYW55dkktVkdsbzc1X2syVE11MmFGcFcwNUlBQU90R0JxRUp0Mkk1eFBEcEZGWlVBd1ZNX0p6XzRDM3ViNnktZ1JRV3ZzRzM1ZFktUHZHS1FFZGpfTlZhV3IzVzB6NjI5ZXFOLW9lNEEtTmRYRm1seTdNd2J4aXI1OE9kVGV3Qm1PdW5iQ0plZ0NOaUZnN2k3Njd0SFduQUtTeEk3dldlY1AxMA?oc=5"}, {"fecha": "2026-09-05T14:44:51", "medio": "Google News — Dagua", "titulo": "Dagua, en problemas para recuperar viviendas afectadas por el terremoto - Caracol Radio", "url": "https://news.google.com/rss/articles/CBMiqAFBVV95cUxNSnFJVEZEYkFMUnI3OHhfbkVaQld5VVZQNDJiaGdEeDJ1aUxmclhqUHJVLVhQYk1WMGFYYjROamg0SGh1bXVjNTJTamVVM3ZYbnEyX0JNMkN5NDA5eE8xQUpLNVZmWEdWZ09yNmxxdDVHT0F4ZWcwdzFad3ExcjNTTXBFMGl1TW9GY1FwaFFNRlNDTDk2TDdOdUd2THNPM2tDbWJkOFlHTm7SAbwBQVVfeXFMUDNxeDV5RnpKXzhwS19sQTR3ZmFueXZJLVZHbG83NV9rMlRNdTJhRnBXMDVJQUFPdEdCcUVKdDJJNXhQRHBGRlpVQXdWTV9Kel80QzN1YjZ5LWdSUVd2c0czNWRZLVB2R0tRRWRqX05WYVdyM1cwejYyOWVxTi1vZTRBLU5kWEZtbHk3TXdieGlyNThPZFRld0JtT3VuYkNKZWdDTmlGZzdpNzY3dEhXbkFLU3hJN3ZXZWNQMTA?oc=5"}], "dyfi_max_cdi": 7.2, "dyfi_respuestas": 1, "dyfi_celdas": 1, "dyfi_min_dist_km": 177, "divipola": "76233", "poblacion_2026": 60038, "cabecera_2026": 13529, "rural_2026": 46509, "poblacion_fuente": "DANE PPED municipal por área 2018-2042", "en_aoi_copernicus": false, "estado": "intensidad_alta", "busqueda_propia": true, "fuentes": ["prensa", "dyfi", "rud"], "unosat_edificios": null, "unosat_observados": null, "unosat_posibles": null, "unosat_fecha_imagen": null, "unosat_codigo_inconsistente": null, "sertit_edificios": null, "sertit_destruidos": null, "sertit_danados": null, "sertit_posibles": null, "sertit_sin_grado": null, "sertit_area_km2": null, "sertit_imagen_literal": null, "rud_familias": 5272.0, "rud_personas": 11355.0, "rud_viv_destruidas": 651.0, "rud_viv_averiadas": 1938.0, "mmi_usgs": 6.6, "tasa_rud_pct": 18.913}}, {"type": "Feature", "geometry": {"type": "Point", "coordinates": [-75.6946, 4.8143]}, "properties": {"municipio": "Pereira", "departamento": "Risaralda", "n_noticias": 672, "n_prensa_recogida": 1123, "noticias_ejemplo": [{"fecha": "2026-09-25T18:07:37", "medio": "Google News — Pereira", "titulo": "Así buscan reconstruir la clínica de Pereira que perdió el 83 % de su capacidad tras el terremoto: buscan $ 380.000 millones - eltiempo.com", "url": "https://news.google.com/rss/articles/CBMi-AFBVV95cUxQUURjNGt6M083d1dzWXNoMFo4Tm16UWI0T1BwenZSaHdtZWFzRWV3cUNfMS05T2R6Zm0wamxURWJ5RWpPQUt1LUlYU29sTnRlS3R4T3FOemxVUE5YNnNJbi1pZWJfcUhudlE2QzNVNUFkMkJiOEdBNGxWWFRxcFNEUlV2QjItaGwwRHVobmtjeENJRjdnUmYzSFFMVW5NcEFueGZiSk5oaHRSamNHVUExT084ZVJWYzJNb3lWUXowRmJXTC1pb1FxZVdrc1lHbGZoWGlrRDJTRFhCSFFJLUxMYWxFdjRpZUUxdW9aemxfTkJoV2pHdnpFVNIB-AFBVV95cUxQUURjNGt6M083d1dzWXNoMFo4Tm16UWI0T1BwenZSaHdtZWFzRWV3cUNfMS05T2R6Zm0wamxURWJ5RWpPQUt1LUlYU29sTnRlS3R4T3FOemxVUE5YNnNJbi1pZWJfcUhudlE2QzNVNUFkMkJiOEdBNGxWWFRxcFNEUlV2QjItaGwwRHVobmtjeENJRjdnUmYzSFFMVW5NcEFueGZiSk5oaHRSamNHVUExT084ZVJWYzJNb3lWUXowRmJXTC1pb1FxZVdrc1lHbGZoWGlrRDJTRFhCSFFJLUxMYWxFdjRpZUUxdW9aemxfTkJoV2pHdnpFVA?oc=5"}, {"fecha": "2026-09-25T17:33:41", "medio": "Google News (agregador es-CO)", "titulo": "¡Un milagro! Después de 45 días del terremoto rescatan a gatico atrapado en un edificio en Pereira - Telemedellín", "url": "https://news.google.com/rss/articles/CBMie0FVX3lxTE1ZNUhKWXpWMFlVLXNHN3ZoWFJfd2lPWF9IRG1GNl9mYWxGNHBHb0JiSzlWQ2ZxQzY5WjhkNW4ycFhZTHJUQlBCdS1HUVNiaFFnUHN1RGZYeWpJNlBnODl3Ynh3WFFTd0xKLW15YktuOHBPZ3I1dWdxMWw0SQ?oc=5"}, {"fecha": "2026-09-25T08:11:58", "medio": "Google News — Pereira", "titulo": "Evento de tipo sísmico, posible sismo, reportado hace pocos minutos cerca de Pereira, Risaralda Department, Colombia - Volcano Discovery", "url": "https://news.google.com/rss/articles/CBMihwJBVV95cUxQOU1RXzd1eUpucW1KNkVmOXNjZTBNNTRLa25PcjRuSmNhNjB4S2RoRzNJenFfRFo1WWdSYm1TNFlUemNSWGt0MmFWX0gwYWdiaW5CekItaWRuZ1MxeXA2N01DandQRDQ1cGVhUUpJY0VUazBpRXJQZG80T3FxMmFwWEtmMlU1TUVxNUlaNUUzRnUyTW41dmdCVFZLaEtuQS1xSnhqMHExZ2lsRWZrcjVsaXltMmlNcDU3bHVuY21tUWxVcjNQVWtodGd3YTZFdkdIS3I2bUtROVpoMmxWRjJfT3RGTzBRRU9BaGZ0a2hmN0NvVlI1YVpxYnB0dXV1dkdTYVJJRXB6Yw?oc=5"}], "dyfi_max_cdi": 7.7, "dyfi_respuestas": 12, "dyfi_celdas": 2, "dyfi_min_dist_km": 119, "divipola": "66001", "poblacion_2026": 487820, "cabecera_2026": 409683, "rural_2026": 78137, "poblacion_fuente": "DANE PPED municipal por área 2018-2042", "en_aoi_copernicus": true, "estado": "en_aoi", "busqueda_propia": true, "fuentes": ["prensa", "dyfi", "rud", "sertit"], "unosat_edificios": null, "unosat_observados": null, "unosat_posibles": null, "unosat_fecha_imagen": null, "unosat_codigo_inconsistente": null, "sertit_edificios": 252, "sertit_destruidos": 46, "sertit_danados": 121, "sertit_posibles": 85, "sertit_sin_grado": null, "sertit_area_km2": 2.78, "sertit_imagen_literal": "Pléiades Néo acquise le 11/08/2026", "rud_familias": 47211.0, "rud_personas": 110882.0, "rud_viv_destruidas": 4341.0, "rud_viv_averiadas": 0.0, "mmi_usgs": 7.7, "tasa_rud_pct": 22.7301}}, {"type": "Feature", "geometry": {"type": "Point", "coordinates": [-75.6725, 4.8347]}, "properties": {"municipio": "Dosquebradas", "departamento": "Risaralda", "n_noticias": 46, "n_prensa_recogida": 489, "noticias_ejemplo": [{"fecha": "2026-09-23T23:01:00", "medio": "El Tiempo — Colombia", "titulo": "Alcalde de Dosquebradas denuncia que fue víctima de estafa tras falsas promesas de ayudas por el terremoto: se hicieron pasar por un senador", "url": "https://www.eltiempo.com/colombia/otras-ciudades/alcalde-de-dosquebradas-denuncia-que-fue-victima-de-estafa-tras-falsas-promesas-de-ayudas-por-el-terremoto-se-hicieron-pasar-por-un-senador-3588490"}, {"fecha": "2026-09-23T18:32:31", "medio": "Google News (agregador es-CO)", "titulo": "Alcalde de Dosquebradas, Risaralda, fue víctima de estafa con ayudas por el terremoto: se hicieron pasar por congresista - Infobae", "url": "https://news.google.com/rss/articles/CBMi9AFBVV95cUxNU3BkU1hQX0ZiSGxUcnNWN3d6WFc5YnBKZlE2RlZYU0Rfbks1UWh0X1lFcTUyVF85NTA4MTRYYXV1T2hLVEpTeVZVdTl0SDh2Qm1JTC13TzU5UTg2X3FRc3VQb0ZZV1ZVSkhNUndXU3J2MHFuMTBWMGY3M1V5Tk43OTNXRHc1UEVNQWlWT3pNNU5nU2tWMjdsWkdyWHdaWWFidk11Zmdic1lFcjBKNXdHa1JoS3ZMLUc3R2hiNmhJOF9TdV9pRlljNXhVOEZzZmhyb2dsU2xpZ19nSjNMWHRBNi1pNmJvU3BMSi1yZXNqdmhxWGxY0gGPAkFVX3lxTE1INTJYblFjQU1YMWFXTWdWTkh5YlBSN3YtYjFKRXJHVlR3WTloY2VYdnNJQzBZS0xjckdmSVpSMWxaeTd3SXVzY2lmeGxmaFY0YzN6czhVeDlGel9ELTViUWk2d0hzSWItNXpXT0pTZ05aVzdZdDM2aEFMSGlTSDF6OEtWMEs3dVVKZ2pueWtLQks0Mjc2aldoNlFVYmEyenhXM25mMGt3MWFkN3VhSXB5OHM0d0RaQ2NfeHc3TWxwZnhiTHpKcER1Z2xFWXB2SGdrWjdtY3Vmdi1zejcySUhDN0FJN1ItdExUV0s1MDZRZWJJeUsydk1Ld3BoMG10SkVLbndKbzhCOW1rWnl0VlE?oc=5"}, {"fecha": "2026-09-22T12:40:40", "medio": "Google News — Pereira", "titulo": "Procuraduría revisa acciones de autoridades tras terremoto en Risaralda, Pereira y Dosquebradas - ELHERALDO.CO", "url": "https://news.google.com/rss/articles/CBMizwFBVV95cUxPUUx6SG01Q2c4Rlp5ak5mRTctcGptdFRzREFHRnpnSTFzZG5YdjZyOGpPNlVtVDdZTzJkRkJVUnNHQlhiN0M1a05wRlpqY1B3M01MTDI0ZFdNUjhYMi1iME9EaHpGbHdIenlWLUp2X0lKaXVLM0l5aXlVRENIb1pwZjdUWjg3Mm5qeHB3ZkJmMjhtdWktcXFBN2p0WF9VWFZaSHpOSTFPREt1eGhzUE1ES0tWYVo2Z1ZTRncteVFERGFGbjF6cWFXSHhCd2ZKZEHSAeoBQVVfeXFMTWw4bkhCSHZDVVNPY3hvcUJFeGZLdzJ1SDcwMDlTM1N0RklIWjdNTnVEMXhEaURPVnJlclprMmlKeVYzZTZKWUh4OEZhWFRXZHo2LWVVdjh2Y2U4b2p0Y3U4a0RpUktZVE1wM3EydDR0SGJwbE13MFNYYVFneXFCcDRoN2xZTHhMZFBtR2JxSFJyRmY0RUtkMGZFUFZnLUNWZ2Mtb2d3Vk95Y3Jobm1XRDBWTzBWR3VMWEdqN2pJNXhkMGhUZ1pDQjVRdnl0OEw5QmNFRWFKUldhcnpsSTBERXNOanhoY0lvRFJR?oc=5"}], "dyfi_max_cdi": 8, "dyfi_respuestas": 41, "dyfi_celdas": 1, "dyfi_min_dist_km": 123, "divipola": "66170", "poblacion_2026": 246388, "cabecera_2026": 234946, "rural_2026": 11442, "poblacion_fuente": "DANE PPED municipal por área 2018-2042", "en_aoi_copernicus": false, "estado": "intensidad_alta", "busqueda_propia": true, "fuentes": ["prensa", "dyfi", "rud"], "unosat_edificios": null, "unosat_observados": null, "unosat_posibles": null, "unosat_fecha_imagen": null, "unosat_codigo_inconsistente": null, "sertit_edificios": null, "sertit_destruidos": null, "sertit_danados": null, "sertit_posibles": null, "sertit_sin_grado": null, "sertit_area_km2": null, "sertit_imagen_literal": null, "rud_familias": 8116.0, "rud_personas": 17742.0, "rud_viv_destruidas": 609.0, "rud_viv_averiadas": 99.0, "mmi_usgs": 7.7, "tasa_rud_pct": 7.2008}}, {"type": "Feature", "geometry": {"type": "Point", "coordinates": [-75.6214, 4.8681]}, "properties": {"municipio": "Santa Rosa de Cabal", "departamento": "Risaralda", "n_noticias": 8, "n_prensa_recogida": 481, "noticias_ejemplo": [{"fecha": "2026-09-06T00:25:09", "medio": "El Diario — Pereira", "titulo": "Santa Rosa de Cabal siente el golpe económico de Pereira", "url": "https://www.eldiario.com.co/noticias/risaralda/santa-rosa-de-cabal/santa-rosa-de-cabal-siente-el-golpe-economico-de-pereira/"}, {"fecha": "2026-08-16T14:09:08", "medio": "Google News — Balboa", "titulo": "El periodista Jorge Patiño Vasco recorrió el viernes Santa Rosa de Cabal, municipio de Risaralda, que también resultó afectado por el terremoto del pasado 10 de agosto 📹 Jorge A. Patiño Vasco Más info", "url": "https://news.google.com/rss/articles/CBMi7wFBVV95cUxONmlkNHdUTWNlWDVySlpLcjZKMDYxYW01ZGpjOUMyR2xzbGJoRHZxSmhVdmZjWkVmTktaaThaQW11WU9OcVEtdlVQWUwwWG03RmIxYmg4dzEyWjV1cU03dWVmU011YlpMeFBuQkVDM2xjU0ZhWERxS3hjbDIzclRieU00MHRzMWxGejNvQjVpSTZZcFZmWmFoMHJjSktQdk1WQjFSRk5fX2VnOHRxTEtKZHRGc0dWZld2WUdfaTZ3bTFTcTBiOTNHY2ZKMmx1NUpzdjBzMXN0Y3JkLS1OWW5sQVhWbWwySlNBcHBXZDdOZw?oc=5"}, {"fecha": "2026-08-16T14:09:01", "medio": "Google News — Santa Rosa de Cabal", "titulo": "El periodista Jorge Patiño Vasco recorrió el viernes Santa Rosa de Cabal, municipio de Risaralda, que también resultó afectado por el terremoto del pasado 10 de agosto 📹 Jorge A. Patiño Vasco Más info", "url": "https://news.google.com/rss/articles/CBMi8AFBVV95cUxPY2pFb0huNGc4MTNZYkFZaGZMVUZYUzZlZzBNQjBVcXV1N3JvcWhPOEFfeU53VElqamVqbmJXdTdSMmNfUUlDN0pCUzgwc1pTQk5pQVFkZm9zWklZUmVfemVyT3FLZHhaUXpoS3FGM21MOHJKRnU1b09YTTA2MUJtb0dmRE5VSUE0SF9iNnZtdm84TTEtQnNVcVBYbTh3ZmsxUGd1MmZqRzBQUk5LTTMxREZ3VXprSXFXbHBicmRYanNzUW9aRS1MZWtmZXhHNXFXOGxMRnN4TkhwQ0VsaWlqQ3d6NkdnTDdOeVN0bVZYSWw?oc=5"}], "dyfi_max_cdi": 7.9, "dyfi_respuestas": 3, "dyfi_celdas": 1, "dyfi_min_dist_km": 128, "divipola": "66682", "poblacion_2026": 84054, "cabecera_2026": 70752, "rural_2026": 13302, "poblacion_fuente": "DANE PPED municipal por área 2018-2042", "en_aoi_copernicus": false, "estado": "intensidad_alta", "busqueda_propia": true, "fuentes": ["prensa", "dyfi", "rud"], "unosat_edificios": null, "unosat_observados": null, "unosat_posibles": null, "unosat_fecha_imagen": null, "unosat_codigo_inconsistente": null, "sertit_edificios": null, "sertit_destruidos": null, "sertit_danados": null, "sertit_posibles": null, "sertit_sin_grado": null, "sertit_area_km2": null, "sertit_imagen_literal": null, "rud_familias": 5202.0, "rud_personas": 11899.0, "rud_viv_destruidas": 49.0, "rud_viv_averiadas": 567.0, "mmi_usgs": 7.4, "tasa_rud_pct": 14.1564}}, {"type": "Feature", "geometry": {"type": "Point", "coordinates": [-75.5138, 5.0703]}, "properties": {"municipio": "Manizales", "departamento": "Caldas", "n_noticias": 381, "n_prensa_recogida": 462, "noticias_ejemplo": [{"fecha": "2026-09-26T04:09:18", "medio": "Google News (agregador es-CO)", "titulo": "Cayó muro de iglesia en Manizales durante labores de desmonte tras daños del terremoto: impactante video generó confusión - semana.com", "url": "https://news.google.com/rss/articles/CBMiiAJBVV95cUxQdVpjOXpNZEtWam5DZlJhUTNXZU84LUcyRi1yTll3TDJCdnpBRnh5ZW16eExRWUFrRmp6Wm1LZ0ZWMmlya3RhRUQzQ0ZSU1FGNk16LWsxaTdBMkx4RTc0b0xSUks0eHpMMDN1T1pHWUhDMU0zeXg4bXZrQUJ1Nms2ZDQ0WC1kNnlZN3Z4bk9Cd2c2VkNnbklfS1dVOWpsSVlXc3Q3ZkFSN2NsUk5tdU56X19mLV9ETHFWZTRRdG9oWTlIU3c5MFpYcUhRRXdCSFVMUXBNWk1pVXF6TDUwWUlzbzJraGtQWVJYZHZ1YWdDT0lsVDhtSXM0MGFYWUpPTXp1cTJlb01iRkM?oc=5"}, {"fecha": "2026-09-24T16:55:34", "medio": "Google News — Chaparral", "titulo": "Temblor hoy de magnitud 4.1 en Colombia | Nuevo sismo se siente en Pereira, Manizales, y Cali este 24 de septiembre: epicentro y profundidad - redmas.com.co", "url": "https://news.google.com/rss/articles/CBMilAJBVV95cUxNZUxnZGpPZks1V2Y4MmprTElQeExoMlp3MFRSRjFVaXo5dml5V1AtNXBhd3kzWnVldElNS3pWdUUxbkJ6VVBTVk9QT2p3ZUVhUDF2RHRBZW1FaGRRQmkyME5EMTB0ZEdiMlQyNlEyWjhYSzhHRkxpcm1HcE9NVWZrRDVPZS03OHFrNlUtTGFHR215cThrTE5UTnVxOU9OcXROYklwcWxPWC1xeXhRSFdDRjFXNGxmZHdHOEkwX1lqYzEyWWN6R1ZIOWNlWTE5ZVdFQmtIVkh1bEVFd29GWWpja1hGM3pkdDV0eXBZcUt5REZkQ1Rnc050MHllclgyelRaN2psd1JpbEMzckZzdFE4ZlY5MFE?oc=5"}, {"fecha": "2026-09-23T12:56:50", "medio": "Google News — Palestina", "titulo": "Gobernación de Caldas lanza Distritos de Reactivación para impulsar la economía tras el terremoto - BC Noticias Manizales", "url": "https://news.google.com/rss/articles/CBMixwFBVV95cUxPNmM2bnJRQXY0bUhSRW1yWDRIdU1PazdMYXE3c09IOS0wS3h1U2NhR0VYUlQxTjFnVmpzOWVmemdGOFFCMHg1RmxZYndrSmpCQlhaN3RQc2NXV3BzbXZBV0ZLZG13anhQNmxiNEtQanlEYWJNNmdJX1RQdUY2UkdsTGJoanFRaTFHVjRROFNJTmhPMjQ5NUE3YTd3aWRrQUhvRTZNZGw3Q3JJcWtleU5HZDRGQTNnLTBfUHpKRUpDelNyYkJQbzJN?oc=5"}], "dyfi_max_cdi": 7.5, "dyfi_respuestas": 14, "dyfi_celdas": 1, "dyfi_min_dist_km": 136, "divipola": "17001", "poblacion_2026": 475690, "cabecera_2026": 449879, "rural_2026": 25811, "poblacion_fuente": "DANE PPED municipal por área 2018-2042", "en_aoi_copernicus": false, "estado": "evaluado_unosat", "busqueda_propia": true, "fuentes": ["prensa", "dyfi", "rud", "unosat", "sertit"], "unosat_edificios": 135, "unosat_observados": 21, "unosat_posibles": 114, "unosat_fecha_imagen": "20260811", "unosat_codigo_inconsistente": 8, "sertit_edificios": 31, "sertit_destruidos": null, "sertit_danados": 2, "sertit_posibles": 29, "sertit_sin_grado": null, "sertit_area_km2": 2.74, "sertit_imagen_literal": "Pléiades Néo acquise le 11/08/2026", "rud_familias": 9125.0, "rud_personas": 14359.0, "rud_viv_destruidas": 158.0, "rud_viv_averiadas": 2843.0, "mmi_usgs": 6.7, "tasa_rud_pct": 3.0186}}, {"type": "Feature", "geometry": {"type": "Point", "coordinates": [-75.5146, 5.0449]}, "properties": {"municipio": "Villamaría", "departamento": "Caldas", "n_noticias": 9, "n_prensa_recogida": 18, "noticias_ejemplo": [{"fecha": "2026-09-06T04:39:50", "medio": "Google News — Villamaría", "titulo": "Defensoría hace seguimiento a entrega de subsidios y ayudas para personas afectadas por el terremoto en Villamaría, Caldas - Defensoría del Pueblo de Colombia", "url": "https://news.google.com/rss/articles/CBMikgFBVV95cUxPSjNQWUgwOVZZcnliRWFCZ2xVUU9NZjdOSkxKZUpNcVV0OFlTNHZNNTRrUEhvX0x3QTdFYnIzMXc5VTFrZUY0WTZmZkRKSXN2dFdtY09MX2NlSkg0WEtXWm9ubzFWem9Ycnh2UGdwcXktOFVsTWlJb2Z0UVlPTWU3ZjhXdFF6Ui01TEwzRHl2ZHVYQQ?oc=5"}, {"fecha": "2026-09-05T03:05:29", "medio": "Google News — Villamaría", "titulo": "Defensoría hace seguimiento a entrega de subsidios y ayudas para personas afectadas por el terremoto en Villamaría, Caldas - Defensoría del Pueblo de Colombia", "url": "https://news.google.com/rss/articles/CBMiuwFBVV95cUxOMDFmNzMyXzhoTDdBRFF3ck1jMjZGanh2d0JjX0NVRy1jTldrVlRwZjlNRXI3SXVvQlhsZFJUNmZnMzZmMHVKYmtKUWE3dXdrM056b1o4Y3ppel9WVVhMN3ZJaDNGZW1IbXRVM1g1c1MwcGZPRF9adndqSGhUZkNLZDluVW0tYUhndU9NRHNXc3RfS3E4Q0w1MTBZazRJTEJ2NEEyNndqTzBJUmtOTXpmRThseEJoQldjUHkw?oc=5"}, {"fecha": "2026-09-04T12:45:45", "medio": "Google News — Villamaría", "titulo": "Dos familias damnificadas por el sismo recibirán viviendas industrializadas en Villamaría - BC Noticias Manizales", "url": "https://news.google.com/rss/articles/CBMivAFBVV95cUxQeEE0dXZTVE1yUGJOeVIzRF9Nb2RUNUlXT3hRa2wwa3BGbldYTFUzc0NERzIzRzJaWDdsN3ozYlNzRDVzTlF1dVFRNl9wcm5oUC0yNzJyd3RZUndONGVVdXJ0VlFVXzZGTnUzOEJhblpsTHgySkcyam4wVWlDbUhuNFcxdDVZOHlsLUpuam8yRkdFb3BBYmh6UWhxcTJNTFFNcTZ6UENRdDBoX3E2OXVmNFVUU1AwUEphWXRFSQ?oc=5"}], "dyfi_max_cdi": 7.6, "dyfi_respuestas": 9, "dyfi_celdas": 1, "dyfi_min_dist_km": 135, "divipola": "17873", "poblacion_2026": 74463, "cabecera_2026": 66008, "rural_2026": 8455, "poblacion_fuente": "DANE PPED municipal por área 2018-2042", "en_aoi_copernicus": false, "estado": "intensidad_alta", "busqueda_propia": true, "fuentes": ["prensa", "dyfi", "rud"], "unosat_edificios": null, "unosat_observados": null, "unosat_posibles": null, "unosat_fecha_imagen": null, "unosat_codigo_inconsistente": null, "sertit_edificios": null, "sertit_destruidos": null, "sertit_danados": null, "sertit_posibles": null, "sertit_sin_grado": null, "sertit_area_km2": null, "sertit_imagen_literal": null, "rud_familias": 1084.0, "rud_personas": 2550.0, "rud_viv_destruidas": 91.0, "rud_viv_averiadas": 173.0, "mmi_usgs": 7.0, "tasa_rud_pct": 3.4245}}, {"type": "Feature", "geometry": {"type": "Point", "coordinates": [-76.532, 3.4516]}, "properties": {"municipio": "Cali", "departamento": "Valle del Cauca", "n_noticias": 1402, "n_prensa_recogida": 2136, "noticias_ejemplo": [{"fecha": "2026-09-26T00:02:45", "medio": "Diario Occidente — Valle del Cauca", "titulo": "Cali Vuelve al Aula: así avanza el regreso a clases y la recuperación de colegios afectados por el sismo en Cali", "url": "https://occidente.co/cali/cali-vuelve-al-aula-recuperacion-colegios/"}, {"fecha": "2026-09-25T23:03:15", "medio": "Google News — El País Cali", "titulo": "Labores de demolición de edificios afectados por el terremoto siguen al sur de Cali; conozca los cierres viales - elpais.com.co", "url": "https://news.google.com/rss/articles/CBMi5gFBVV95cUxNZUtfZ0JJbUU5UUdKSmg2eDVkTzhtX01TVEY5SF9kSGRReVdHRlhRYm83WTdvRW1VV0Jmc3I3bmc0eG5Hcjk2X3hTT0NCa2tMWDJaUTlCVHFWLUc2V1ZudnQwYUpIdW5qUkp6N3dmZGQya21QWFhqYk5sa21PQWlKanZjWG0zeDBqS1RTV2VnQXp6NFk5aTQ4X1NDQnBDa0lOWldaLWc4SlZIWlNUVXA0bEJPbUxMeXJYdnRBYUphVTRlVlNkQ2hYSmlQTEZyaWJxTWpHWFBDcFpLbXdfT1ZDbDJ2eUNId9IB6wFBVV95cUxNUTFTTGtPUkIzUEROaVR6bVd5WUZkdEtBQ24zd1I1T3M5YmlkaEptak52Vm9zMXotRFNNd3BpbENXeUFQckRMVVpEbGhrTnhLU094Q3QwWHBSSzU4bnVYNTE2dTlQVjJ4Zml0TFU4X3ZrRzFHbEI1U1J2LXBTRC0tZlN1OTk2TjZLcHpRaDYxc195OVNJWl9oWHRfd1JCd1YyaVdJWkt4S3FiRzJSa3diblZJdlJaZUkxOTB0am13aXJ4X1kzT3Y3b0drTU43VXRzMGNCaDdHUWRQTGk0Wl9FTXg4OVo1bXZaOVZv?oc=5"}, {"fecha": "2026-09-25T21:58:00", "medio": "Google News (agregador es-CO)", "titulo": "Terremoto en Cali aumentó la carga de cuidado sobre las mujeres, advierte informe - elpais.com.co", "url": "https://news.google.com/rss/articles/CBMivgFBVV95cUxQNVpYeHEzVFl4ZGlvR2tfRFNGRGx1bUtSWnc0S3dqcmF5cDZScjZSQWRwMlVId2VVR2E0VE9raWtDblZWbDdyMTM5bWtkaTVYWkt6b1VvcU9Cd1pYOHl6QXBkU3hWSEROSHREUktmd2ZvakNHc0syT0dkZ1pJS3QtSUtSYXBtN0l3TUlZZ19Kbjd6dWQ5d3czT3FQTzQ0a2VoNVdzbkJOWDg4TF9WalNRRFpnMHk1aFdNUVdqMnZ30gHDAUFVX3lxTFBGSWh3dXBBS25hU1pxTHQ1UlhJZlNObGxLdF9uQ2UtV01KNWxBLVhSNDRlZDBLYnRnSmxPdDBhTE5WM0N4UkRseVBWd2FPS0l6bVdYMV9BWFVxU05rYmJzUnlnZVZSM29RdnZraGRzeExuUkRwaFpMMzVUSU9sbl94U1I2UEt3em93ZkctRVNyZ1g2LTMzTl93eVQ5Qkxla3Nmbm5SSFRyOFBMZWJuSVdqdkpyRGcwVGZZekNjekNCMWdTYw?oc=5"}], "dyfi_max_cdi": 7.1, "dyfi_respuestas": 57, "dyfi_celdas": 4, "dyfi_min_dist_km": 191, "divipola": "76001", "poblacion_2026": 2269983, "cabecera_2026": 2217353, "rural_2026": 52630, "poblacion_fuente": "DANE PPED municipal por área 2018-2042", "en_aoi_copernicus": true, "estado": "en_aoi", "busqueda_propia": true, "fuentes": ["prensa", "dyfi", "rud", "sertit"], "unosat_edificios": null, "unosat_observados": null, "unosat_posibles": null, "unosat_fecha_imagen": null, "unosat_codigo_inconsistente": null, "sertit_edificios": 94, "sertit_destruidos": 8, "sertit_danados": 34, "sertit_posibles": 52, "sertit_sin_grado": 9, "sertit_area_km2": 15.58, "sertit_imagen_literal": "Pléiades Néo acquise le 11/08/2026", "rud_familias": 45138.0, "rud_personas": 97337.0, "rud_viv_destruidas": 879.0, "rud_viv_averiadas": 16357.0, "mmi_usgs": 6.7, "tasa_rud_pct": 4.288}}, {"type": "Feature", "geometry": {"type": "Point", "coordinates": [-77.0312, 3.8801]}, "properties": {"municipio": "Buenaventura", "departamento": "Valle del Cauca", "n_noticias": 329, "n_prensa_recogida": 1127, "noticias_ejemplo": [{"fecha": "2026-09-25T08:31:30", "medio": "Google News — Cartago", "titulo": "Terremoto moderado mag. 4.0 - del Choco, 73 km al noreste de Buenaventura, Valle del Cauca, Colombia, Friday 25 Sep 2026 a las 03:06 (Hora Bogota) - Volcano Discovery", "url": "https://news.google.com/rss/articles/CBMizAFBVV95cUxPZXFZWDBOT2FaQlBOeHo4VjBjdFNXZE9nTkRvUkxIcVRWWE9heWVhaDU5VWxLV1dNMzhabkRoUjQ2UkhQTEJSQ2dHMGtYVnUyNGVIdjI2QWJtVkdieFVJX3hXR3h4ZmRFbDhsNFN6YUtld1NuVjUwcGxxLUJhZm1SVXdHWjVDdXFHTm15bXZyTjRnajQtX3hCRGFyNW51TUw3UUNVbkZVOFd0d2dfbHl4engtdWNTS1l1ZVZvTEFiQ0lWUWwzMGQ0bE9jN1k?oc=5"}, {"fecha": "2026-09-25T01:40:59", "medio": "Google News — Cartago", "titulo": "Terremoto moderado mag. 4.5 - del Choco, 72 km al norte de Buenaventura, Valle del Cauca, Colombia, Thursday 24 Sep 2026 a las 19:57 (Hora Bogota) - Volcano Discovery", "url": "https://news.google.com/rss/articles/CBMizAFBVV95cUxOVzN4cWNSNEt4SEhGNDRsLTRReXNsQmt3d0NsMjVZS0VnTUc5U0o3X3hreTB4SzdQZ1hONEJib1R4RnZtWmJwNjM1Sk5PeC1WeHFhLTZuVWZwQm1lVHBWSy1Ebkh3TVYza3VNemNhTnA3Tzl5QXBuRnJacERyYU1GVV9BRkhHdFFGTmVXVHc0V2xyeWhuOEQyQmJ4VUlBZmxNaHAzOURqZ3dOLWJzRk9nbGp3bUV4aUdlX3NUblhMU0ZKUmtCbVVybjhqWFg?oc=5"}, {"fecha": "2026-09-25T01:35:08", "medio": "Google News (agregador es-CO)", "titulo": "Terremoto moderado mag. 4.5 - del Choco, 72 km al norte de Buenaventura, Valle del Cauca, Colombia, Thursday 24 Sep 2026 a las 19:57 (Hora Bogota) - Volcano Discovery", "url": "https://news.google.com/rss/articles/CBMiowFBVV95cUxNX1dtc0JZc3NhQ2NoUFdjczg1SmtPNWNIWFQxc24xZVhZUXJNUWY0MV80c2VfVlF0VXRWLXlIbGxJalJqNnR3S0czcFdTYlJRR1hjWEU0LXp4U0plTTdWLXM0djVZeVZBUlhWZmRsSnZ4LVQ3ZVFLdFlYRmIyQ0JtdjhldEMtenZjc1JHdVJ2enVtcGM2WGxaTmh0ZjRpQTU1b29B?oc=5"}], "dyfi_max_cdi": 7.8, "dyfi_respuestas": 5, "dyfi_celdas": 1, "dyfi_min_dist_km": 181, "divipola": "76109", "poblacion_2026": 335217, "cabecera_2026": 262320, "rural_2026": 72897, "poblacion_fuente": "DANE PPED municipal por área 2018-2042", "en_aoi_copernicus": true, "estado": "en_aoi", "busqueda_propia": true, "fuentes": ["prensa", "dyfi", "rud"], "unosat_edificios": null, "unosat_observados": null, "unosat_posibles": null, "unosat_fecha_imagen": null, "unosat_codigo_inconsistente": null, "sertit_edificios": null, "sertit_destruidos": null, "sertit_danados": null, "sertit_posibles": null, "sertit_sin_grado": null, "sertit_area_km2": null, "sertit_imagen_literal": null, "rud_familias": 31654.0, "rud_personas": 67590.0, "rud_viv_destruidas": 1782.0, "rud_viv_averiadas": 16613.0, "mmi_usgs": 7.3, "tasa_rud_pct": 20.1631}}, {"type": "Feature", "geometry": {"type": "Point", "coordinates": [-76.6611, 5.6947]}, "properties": {"municipio": "Quibdó", "departamento": "Chocó", "n_noticias": 116, "n_prensa_recogida": 191, "noticias_ejemplo": [{"fecha": "2026-09-24T20:38:41", "medio": "Chocó 7 días", "titulo": "Escenarios Solidarios: artistas chocoanos se presentarán en Quibdó y otras ciudades", "url": "https://choco7dias.com/escenarios-solidarios-artistas-chocoanos-se-presentaran-en-quibdo-y-otras-ciudades/"}, {"fecha": "2026-09-22T17:28:44", "medio": "Google News — La Sierra", "titulo": "Quibdó proyecta 27 viviendas para familias afectadas por el terremoto - Proclama del Pacifico", "url": "https://news.google.com/rss/articles/CBMiiAFBVV95cUxQYXJFZWQxaXE3TE9QWVJaN3BETGdQNnBNLTdIT19FVEplbXVRdDlQTnB6VnFGU0RhWTRGU05nYnd2bFE3X0gzamhhRVNWSHVQbzFzZHNjaG5ESU8zSmpPOEMxWU1zZk0xRl8yUGo5dTNoN2RCTklXbENZX2pERHhIQ0QycHpsdnJB?oc=5"}, {"fecha": "2026-09-21T16:10:14", "medio": "Chocó 7 días", "titulo": "San Pacho: cuando calla el tambor, también sufre el bolsillo de Quibdó", "url": "https://choco7dias.com/san-pacho-cuando-calla-el-tambor-tambien-sufre-el-bolsillo-de-quibdo/"}], "dyfi_max_cdi": 7.8, "dyfi_respuestas": 4, "dyfi_celdas": 1, "dyfi_min_dist_km": 146, "divipola": "27001", "poblacion_2026": 143332, "cabecera_2026": 122692, "rural_2026": 20640, "poblacion_fuente": "DANE PPED municipal por área 2018-2042", "en_aoi_copernicus": true, "estado": "en_aoi", "busqueda_propia": true, "fuentes": ["prensa", "dyfi", "rud"], "unosat_edificios": null, "unosat_observados": null, "unosat_posibles": null, "unosat_fecha_imagen": null, "unosat_codigo_inconsistente": null, "sertit_edificios": null, "sertit_destruidos": null, "sertit_danados": null, "sertit_posibles": null, "sertit_sin_grado": null, "sertit_area_km2": null, "sertit_imagen_literal": null, "rud_familias": 14889.0, "rud_personas": 34608.0, "rud_viv_destruidas": 1202.0, "rud_viv_averiadas": 8296.0, "mmi_usgs": 7.1, "tasa_rud_pct": 24.1453}}, {"type": "Feature", "geometry": {"type": "Point", "coordinates": [-76.683, 5.1605]}, "properties": {"municipio": "Istmina", "departamento": "Chocó", "n_noticias": 107, "n_prensa_recogida": 255, "noticias_ejemplo": [{"fecha": "2026-09-23T02:11:25", "medio": "Google News — Chaparral", "titulo": "Temblor hoy en Colombia: Chaparral, Istmina y Los Santos ¿municipios ‘terror’ de Colombia? - Minuto60", "url": "https://news.google.com/rss/articles/CBMinAFBVV95cUxOMV9GcExINHo3ZUEtcF8xNVBmNmNEaDhLRmlPbVdrTVdIYVMteHpLUVFoWHAwYUJaRzV2TGMxeUFsVTZDeGVFOWdXWnlhQVJRQ3ZFeVlndmtzN2ZwU0J1c3FOR1V5YThXeWp3bElZLTBRYUZ3NEE2SEJESVhNVnA5TzhNTENSVHMyNGpySllVTXdxT3FXbEpHZ0lVekE?oc=5"}, {"fecha": "2026-09-21T12:35:33", "medio": "Google News (agregador es-CO)", "titulo": "Temblor hoy en Colombia: ¿Los Santos o Istmina, Chocó, dónde tiembla más? - Minuto60", "url": "https://news.google.com/rss/articles/CBMioAFBVV95cUxPc3pvUURhWUIwOFlhcTBTdUdIV010RVVZMWptdjdoVEN4Si01cWRublF6MzZMY1UtQTZPMExpOENhUzc4M2tfSmlVeHloWUtyZXV2bGFKa0dzS0M5U1BJN1FidC1RTUhTNDFJZXgxTjFGRktTa2J1RWRsNUxELXZhal9UQzU1TnBTRE9UNkhVQ0FZY1k3M3JOaFRUdnlTdEhV?oc=5"}, {"fecha": "2026-09-19T23:46:24", "medio": "Google News (agregador es-CO)", "titulo": "Temblor de esta tarde en Istmina, Chocó, fue de magnitud 4,3 y a 40 kilómetros de profundidad - Minuto60", "url": "https://news.google.com/rss/articles/CBMingFBVV95cUxPVG5QLWZoWnRvbzVHN3F5a1dBckE5aTVidjdtYlQxMHRBamM1NDk0YVNMSWRpaGJHY3dNQzM3aDB2UEN0eC1HSDZOZ0Nlb1JEa01oZ0dBaGx6T1hNUWUta0VNMVJ2dW9DLW5IT2F0NWU1Y2EybjlUSjBVcjRHVEJsa2djSEpDSjBVaEtKdThaY0cxdFJNbUs5czBMME5DZw?oc=5"}], "dyfi_max_cdi": null, "dyfi_respuestas": null, "dyfi_celdas": 0, "dyfi_min_dist_km": null, "divipola": "27361", "poblacion_2026": 36717, "cabecera_2026": 26467, "rural_2026": 10250, "poblacion_fuente": "DANE PPED municipal por área 2018-2042", "en_aoi_copernicus": true, "estado": "en_aoi", "busqueda_propia": true, "fuentes": ["prensa", "rud"], "unosat_edificios": null, "unosat_observados": null, "unosat_posibles": null, "unosat_fecha_imagen": null, "unosat_codigo_inconsistente": null, "sertit_edificios": null, "sertit_destruidos": null, "sertit_danados": null, "sertit_posibles": null, "sertit_sin_grado": null, "sertit_area_km2": null, "sertit_imagen_literal": null, "rud_familias": 1710.0, "rud_personas": 2738.0, "rud_viv_destruidas": 93.0, "rud_viv_averiadas": 709.0, "mmi_usgs": 6.9, "tasa_rud_pct": 7.457}}, {"type": "Feature", "geometry": {"type": "Point", "coordinates": [-76.228, 4.974]}, "properties": {"municipio": "San José del Palmar", "departamento": "Chocó", "n_noticias": 139, "n_prensa_recogida": 339, "noticias_ejemplo": [{"fecha": "2026-09-23T04:09:18", "medio": "Google News — San José del Palmar", "titulo": "Secuencia sísmica asociada al evento de magnitud 7,4 Mw, en San José del Palmar, Chocó - Chocó 7 días", "url": "https://news.google.com/rss/articles/CBMiqwFBVV95cUxPRGhjZ2tBaG9MNVk1REZ4OHUxdGhlQkdlR1l4QVM4NXdSZTBaM0pSaHZBSFpFRW1KcDZyRGowVjFqNmkwZDZzVlRkTFJBWU9xc0VGZV8yR3dVV2YtQ3h5OC1aRkFrcnZIUERSQlBpWklCZVVmLWlFVlhFbXR0eW1idnk5VkEwNzg1RDBFU2pEaDBmNnFJbmFzYVhwckhndk00OUVxaGZkUkNEWkE?oc=5"}, {"fecha": "2026-09-23T04:04:25", "medio": "Chocó 7 días", "titulo": "Secuencia sísmica asociada al evento de magnitud 7,4 Mw, en San José del Palmar, Chocó", "url": "https://choco7dias.com/secuencia-sismica-asociada-al-evento-de-magnitud-74-mw-en-san-jose-del-palmar-choco/"}, {"fecha": "2026-09-23T02:42:46", "medio": "Google News — San José del Palmar", "titulo": "Secuencia sísmica asociada al evento de magnitud 7,4 Mw, en San José del Palmar, Chocó - Servicio Geológico Colombiano (SGC)", "url": "https://news.google.com/rss/articles/CBMiygFBVV95cUxQYlh6bTJhUzl0ZTFxMUdtLWtuN21GN2o5dlhsSmVTQ2MyYkJtRmMxRmhrSnhJanZtM0E2TERmRXlRTE9DbVA5LVA3b09oNm1tMkxmRDNzTkVscG9iYzBnOXZva2lBN2JWeFB0aE5CQ3NOQnBpSWZScmJmdTBVNW1qZjNKaXc5T0s2VTRoV1M3YkFxTnZtVkVSTENyeE9fcG04OVZLck1zODZBV1NsZXMzN2EwT2IxTWFtNW1HRmYyWkItbFdPLWhic0pB?oc=5"}], "dyfi_max_cdi": 6.3, "dyfi_respuestas": 1, "dyfi_celdas": 1, "dyfi_min_dist_km": 108, "divipola": "27660", "poblacion_2026": 5136, "cabecera_2026": 1163, "rural_2026": 3973, "poblacion_fuente": "DANE PPED municipal por área 2018-2042", "en_aoi_copernicus": false, "estado": "intensidad_alta", "busqueda_propia": true, "fuentes": ["prensa", "dyfi", "rud"], "unosat_edificios": null, "unosat_observados": null, "unosat_posibles": null, "unosat_fecha_imagen": null, "unosat_codigo_inconsistente": null, "sertit_edificios": null, "sertit_destruidos": null, "sertit_danados": null, "sertit_posibles": null, "sertit_sin_grado": null, "sertit_area_km2": null, "sertit_imagen_literal": null, "rud_familias": 926.0, "rud_personas": 2065.0, "rud_viv_destruidas": 28.0, "rud_viv_averiadas": 302.0, "mmi_usgs": 7.1, "tasa_rud_pct": 40.2064}}, {"type": "Feature", "geometry": {"type": "Point", "coordinates": [-75.784343, 5.236471]}, "properties": {"municipio": "Anserma", "departamento": "Caldas", "n_noticias": 8, "n_prensa_recogida": 26, "noticias_ejemplo": [{"fecha": "2026-09-19T02:25:14", "medio": "Google News — Anserma", "titulo": "Tras el terremoto, en Anserma, Caldas, confirman nuevas fechas para la edición 25 de las Fiestas del Regreso - La Patria", "url": "https://news.google.com/rss/articles/CBMiuAFBVV95cUxNTUU2a1V0andqUENZVEFzTnoxY0JlbFdsYU1kb3JIZWsxQU4tWTZudDNPb1Ria1V3YS1pSlRKcy04VzdoUXZHYzRQYWhCcHBsbUdoVDZGWUtxdFRMYkJBMGtoQ1drUmRoWndpbDNyQ3A5eGpfSEtKRzlwZ2ZmaVJDYkctWU5PWnRzWkx3VXlEc3NzeXJzSXRIQXVocUtYSDdPRC1IbzFOd05fU3NqN1RtX29zYmZXWUN3?oc=5"}, {"fecha": "2026-08-31T12:33:28", "medio": "Google News — Anserma", "titulo": "Federación de Cafeteros evalúa daños del terremoto en fincas de Anserma y Risaralda - BC Noticias Manizales", "url": "https://news.google.com/rss/articles/CBMitAFBVV95cUxNTHlhbERLZC02MTRocV83bS1QNllMSWhneW9UUUNTU18zZVZMYkp4WjRsRGYwVm10eEJMdzBQSEtqQXhwUGRrUVRfUi03QmlfemRyb29FanUtWUlDeHZ2TEtqYVJSdEJUaWRsb1J6RXVGQklzT1A4czZ2WHNZdF9HRUtZZTFvZG9MaEdTc1phWGFVaEdyUlBJNVc3R0s5OFBiNmM0VTY3NE5Va3pxYWIyZmFFRGI?oc=5"}, {"fecha": "2026-08-18T02:24:16", "medio": "Google News — Anserma", "titulo": "Anserma suma 780 familias afectadas por el terremoto y advierte retos para la reconstrucción: golpe al campo - La Patria", "url": "https://news.google.com/rss/articles/CBMiwgFBVV95cUxOWmh1ZnQ4VjNCYUpLQmNsNWJOUm9MOExYaGdLWlRDQ1NUdExVZkcwdmdiLV8tTjJNYWVGWm1tQ1ZzX3ZoVW0xNUtXRFdjc1hQNXVZRGt0Vm9rR1dNWGRyRzBuU1M2VnBOcDdaeDZrMER4OEVpM1lLakQ2SU9BUG1KZ09VUU8xYkxzWHhpXzJnWXJRTUpqM05FTnNOMTFseWJ5bVZ5dTlxc1ZFYWl2NTgyT29zVi1uT1pYeW5fMkhPdEpZQQ?oc=5"}], "dyfi_max_cdi": null, "dyfi_respuestas": null, "dyfi_celdas": 0, "dyfi_min_dist_km": null, "divipola": "17042", "poblacion_2026": 37352, "cabecera_2026": 22190, "rural_2026": 15162, "poblacion_fuente": "DANE PPED municipal por área 2018-2042", "en_aoi_copernicus": false, "estado": "evaluado_unosat", "busqueda_propia": true, "fuentes": ["prensa", "rud", "unosat"], "unosat_edificios": 104, "unosat_observados": 21, "unosat_posibles": 83, "unosat_fecha_imagen": "20260812", "unosat_codigo_inconsistente": null, "sertit_edificios": null, "sertit_destruidos": null, "sertit_danados": null, "sertit_posibles": null, "sertit_sin_grado": null, "sertit_area_km2": null, "sertit_imagen_literal": null, "rud_familias": 1391.0, "rud_personas": 3834.0, "rud_viv_destruidas": 78.0, "rud_viv_averiadas": 485.0, "mmi_usgs": 6.2, "tasa_rud_pct": 10.2645}}, {"type": "Feature", "geometry": {"type": "Point", "coordinates": [-75.49129, 5.271195]}, "properties": {"municipio": "Aranzazu", "departamento": "Caldas", "n_noticias": 5, "n_prensa_recogida": 23, "noticias_ejemplo": [{"fecha": "2026-09-06T21:18:58", "medio": "Google News — Aranzazu", "titulo": "Escuela Normal Superior de Aranzazu enfrenta desafíos tras el terremoto del 10 de agosto - lapatria.com", "url": "https://news.google.com/rss/articles/CBMiwAFBVV95cUxOYjAxSEFMemt5Q0F4Y3NRVGRNR2VaUDdUMEVpLXAyYkhlZjVMODhLdnJoRURLbEY0dEZuSTQ5OHF3VFJpSndsREIycjNZUTlqckFNVjZsSFJOaGxCMGcwYU5ZdXcwTC1aM1VkTm9GWk9aakNmbXd1eURKQXZRZ3lsaVFhVEhYdC11d05OYTl1R3VuUkt5Qk0zaGs3UHpXTG9HNjAwb2xBSm5fQVlBMVlVT0pRdFgySlVPaWJfSlV3ZWY?oc=5"}, {"fecha": "2026-08-15T07:00:00", "medio": "Google News — Aranzazu", "titulo": "La Patria Manizales. . El alcalde de Aranzazu, Sebastián Merchán (@sebastianmerchanz @alcaldiadearanzazu), dialogó con la periodista Sania Salazar (@comosoniaperocona) este sábado sobre el impacto del", "url": "https://news.google.com/rss/articles/CBMi7wFBVV95cUxQWjNabGpKR3ZIMkZ2Q0lvRVpkMGo1c2JjRlk1bzU5RVNQNUo3SmVrSTQ0UEJtV3E5bUdLWVBfZlpKNTVjeExHXzdYcDBneXE0SGhjQzJSaEVkLTE5b0gwYXNtWVpwY2VTWWpfTTJJa0EtTXFJa19MRkhkMTBMR20xVGgybFFUcjBMaV9iOXBHRTBUN1h6TlF2MEtqUDRWdjk3NGNCVFJ3OWhJaExTQ2s4Nk9JVjdLUUEwaVVacWtyX3J3eEZjYTlzN2pDQTNYVVJNMUhjZnR2SDUzdW9FU0tkRFdCOG9OeDlUUDlLMktqTQ?oc=5"}, {"fecha": "2026-08-14T15:45:00", "medio": "Google News — Aranzazu", "titulo": "El gobernador Henry Gutiérrez visitó Aguadas, Pácora, Salamina y Aranzazu junto a congresistas y técnicos para evaluar los daños del sismo de 7,4. - facebook.com", "url": "https://news.google.com/rss/articles/CBMi9gFBVV95cUxQdjFMakRrdjF5SVZtNWcyVE9YZmxaS0JEeEtvVkhHWlFtbVdLanJBcHJwcGZSTHlrUS1FNkJ5WkVpblhQb0hya3NtS3doVmlnVjhGNFdfc0M5Q2JmUTlYbVMxcmQ5NFQ3emFFWkRaOTVOLVZrU3NVVVFpQ2I1S1NYcnZKaXg2WllFam1GTERjRHBVbUw3NzNwTi16Z2wxSGFvQVhPQi1BRGpGOVFhdHRjU2NjbDliSU1BRThXRjlUaWM3ai1Manp5UENseFVkWlR0bWpuUjBsanVxWDVRMEd2cEptcV9SN1J5eWRuWWVnNjRST25JSEE?oc=5"}], "dyfi_max_cdi": null, "dyfi_respuestas": null, "dyfi_celdas": 0, "dyfi_min_dist_km": null, "divipola": "17050", "poblacion_2026": 10781, "cabecera_2026": 7349, "rural_2026": 3432, "poblacion_fuente": "DANE PPED municipal por área 2018-2042", "en_aoi_copernicus": false, "estado": "mencion_prensa", "busqueda_propia": true, "fuentes": ["prensa", "rud"], "unosat_edificios": null, "unosat_observados": null, "unosat_posibles": null, "unosat_fecha_imagen": null, "unosat_codigo_inconsistente": null, "sertit_edificios": null, "sertit_destruidos": null, "sertit_danados": null, "sertit_posibles": null, "sertit_sin_grado": null, "sertit_area_km2": null, "sertit_imagen_literal": null, "rud_familias": 491.0, "rud_personas": 1046.0, "rud_viv_destruidas": 6.0, "rud_viv_averiadas": 111.0, "mmi_usgs": 6.4, "tasa_rud_pct": 9.7023}}, {"type": "Feature", "geometry": {"type": "Point", "coordinates": [-75.811918, 4.993785]}, "properties": {"municipio": "Belalcázar", "departamento": "Caldas", "requiere_depto": true, "n_noticias": 3, "n_prensa_recogida": 7, "noticias_ejemplo": [{"fecha": "2026-09-20T02:58:44", "medio": "Google News (agregador es-CO)", "titulo": "Alcalde de Belalcázar, conocido municipio turístico de Caldas, solicita apoyo para su reconstrucción tras el terremoto: “Tenemos impactos grandes” - Infobae", "url": "https://news.google.com/rss/articles/CBMilAJBVV95cUxQWnFnQ1FjNGRZckxLWk5ORXNOV2FfN1Z0R0hEUndadHR2TFNIXy1QcjRFZkpZTUowMk5GSjlJN2RlcGMybU44M2puRnQxVk9tQmFJaS1nbjc0VlBUUjRFd01ycjFWbVlsTi1DWVM3SzdHVHVENVU5eFcwbnBJWE1TbTZrM3pQaEVXY0oxNG1pZnRxd0lLOFVubVZRZUVKZWhnNTlOWXJfcDJlblU2Wm9WRF9SRWJtOW1TU2k4Zm9jS1E1S0ZCc0RQTS1qYWRUWlBtNFB3LXRUQ1N0T0hleUlWNTFwVEJ0SU9Tbk4zTHVpMEJ3Uk1EQkRvbVFqclRSWnhiSy1nWDJQOWtaVXllbEtTMlRnc23SAa8CQVVfeXFMTnJJOGkyeFVKZ21qS1VEbVN5SHZLUjV5dk5KY01RdTBGQVBsWjR4aDlfR1g4dWVTcC1Ta2tBNUVyVk4tVXhzUFFrbWRfcm1fWERyZUNZS1kybHA4cms5S0MzeHBoVXkzV3lOMm5BektINWpXcUpnM2p4X0c3UWNsZU1PTi1scGl5QjFoamhQZFBXNWRxSEdvYThXQXA3T092LW1GZ2lpalJLTWF5ODRtdnpNRlRSV09RZFQ3U0xucHRpWjAxejMxa2JhTzhrN244ZVVWUE9aVU5JMGlBQnQ0UUZPQVBEM2c0YWJrODlEdS1nMFc4R3lYS1BDdUdSVGFGcVdtcUZlWU9NNm1ZNEJxOWFlVGF4RXBYSXBuYXlBZXB4azN0SHUyU0h3UWZNdmtR?oc=5"}, {"fecha": "2026-08-12T21:23:23", "medio": "Google News — Manizales", "titulo": "Nuestro reportero gráfico Luis Fernando Trejos Ocampo recorrió este miércoles Belalcázar, municipio del occidente de Caldas afectado por el terremoto de este lunes. Este es el panorama en el casco urb", "url": "https://news.google.com/rss/articles/CBMi9gFBVV95cUxOcENERzNRcnhfaU1yal82M1U4UXhOck55RGRuWUlmTUgzTlBHSXZjWTgyenRPWENacDFTRjFqQmlkV203elk1TldEUW12TWtYTHpROW9jMzVpVzAwTEVvNDBKV0I4cDZCOXFyaTAwTWZReTlGdEtLbGlXQVhHaE5hVzhfSTRjTFM4Y3RVd2tvWDVDRWYzNFlyYS1rZGZPVnRjanljRUcxMTUyTXVQLUYzV2VwelNNenpJS2pEVmdFWFZWY0ZUaWVMa1RrNEkzeGIwa0tTbjNyV2MxTEVSMHNrTGVPV19nSGJjM24wZXdUNFNtRmZsN1E?oc=5"}, {"fecha": "2026-08-12T18:14:15", "medio": "Google News — Belalcázar", "titulo": "En Belalcázar (Caldas) hay 83 familias damnificadas y 300 viviendas afectadas después del terremoto - La Patria", "url": "https://news.google.com/rss/articles/CBMiuwFBVV95cUxOT0pUMXFfMEs4RVk2dVFLbVV3a09OQXdiLWtZU212aUpOdHVwdmJwTE5GSDdBemVKaFhvdGdMYXFWemhPMjV6N0dITGhvRm1aaDUwNkRwUm93WmJ6VWgxWGRKN19TOXlGb0htdnloRjcyM2R1ZkRrZGtoYkszVFJCWnJLNWFTTk9YT1lFT294dDlqdEZLbXRnbGk2SWFQQl9ISV9qQlNqMElKWDlKbTE1b3VSSnM4S3Z1TU9z?oc=5"}], "dyfi_max_cdi": null, "dyfi_respuestas": null, "dyfi_celdas": 0, "dyfi_min_dist_km": null, "divipola": "17088", "poblacion_2026": 10327, "cabecera_2026": 4897, "rural_2026": 5430, "poblacion_fuente": "DANE PPED municipal por área 2018-2042", "en_aoi_copernicus": false, "estado": "mencion_prensa", "busqueda_propia": true, "fuentes": ["prensa", "rud"], "unosat_edificios": null, "unosat_observados": null, "unosat_posibles": null, "unosat_fecha_imagen": null, "unosat_codigo_inconsistente": null, "sertit_edificios": null, "sertit_destruidos": null, "sertit_danados": null, "sertit_posibles": null, "sertit_sin_grado": null, "sertit_area_km2": null, "sertit_imagen_literal": null, "rud_familias": 994.0, "rud_personas": 2144.0, "rud_viv_destruidas": 19.0, "rud_viv_averiadas": 228.0, "mmi_usgs": 7.4, "tasa_rud_pct": 20.7611}}, {"type": "Feature", "geometry": {"type": "Point", "coordinates": [-75.607529, 4.985227]}, "properties": {"municipio": "Chinchiná", "departamento": "Caldas", "n_noticias": 9, "n_prensa_recogida": 17, "noticias_ejemplo": [{"fecha": "2026-09-24T05:55:13", "medio": "Google News — Chinchiná", "titulo": "Evento sísmico, posible sismo, reportado hace pocos minutos cerca de Chinchina, departamento de Caldas, Colombia - Volcano Discovery", "url": "https://news.google.com/rss/articles/CBMiggJBVV95cUxQUWFQbDNwM0NUUkRieU0yNTZHQlpxczN0Y1dnWWtncHBSTmZFMVY3d1BNLXNYajZpOGl4cFVwYi1aYlJOZW5BaDRFUXgzSDc1Zzc1X1J3bEYydGtzNTQwU3hnaVFLTTVFTmdOekVod2FrRXBDRVdXemhGRVJzcHU2WlN1amtrOEtYeVhJOHNoYkY1XzRxa0lZVEtieE9sUENQY2ZTV3ZkSVl1bVlfNGN5NUFLNDlmWlZvcF9XMVFwMmRWNVAtU3U1VGZoT2tnWnU4M1VXNElLUUI4WWVFMWdTSDBUZ3BpajhVb1czU0NlSmZCNVROR25OUno2THJqQ21HaFE?oc=5"}, {"fecha": "2026-09-01T19:31:55", "medio": "Google News — Chinchiná", "titulo": "Chinchiná: Profesora salva alumnos tras terremoto, colegio dañado - Estrella Digital Colombia", "url": "https://news.google.com/rss/articles/CBMihAFBVV95cUxNcjhmSHF2ay0wWldPRHlaLTgwTUttYTY4MEFpSjk3RVh1UlU0VlFEVGp0bnJKdjJxTFVYUkE4THJaMEhIdGxVaWRhSFJ0WWpoRXhETEFkcy1iQ1pjSXdXNFVZZFpDN1BDLUYwRXcwYldNcWpwbm4wV2Zpc1dNYWRBd1dmUXE?oc=5"}, {"fecha": "2026-09-01T19:31:55", "medio": "Google News — Chinchiná", "titulo": "Tres segundos, la diferencia entre una tragedia y la historia de supervivencia de la profe Diana y sus 30 alumnos en Chinchiná tras el terremoto - El Tiempo", "url": "https://news.google.com/rss/articles/CBMipwJBVV95cUxPZmdMaDkzTmVpVWhQVzd5azZaMUQ5aW1WMkRvVW9PVVhiN1JzdGU3d0FEX3U5dkxNZFduTUFCNTlMTlNvd1VNSjhNQ2w4cnNZemVLN2pCU3Bvc3F1eGlOaVF4ZFNlRFpYbFotQ3R2dTZMQ2NieFk4STNIWTBBMllpX0RSVklJNjBLMU02YVdycmxHZ3g0T3U0Q2tJSms5WGVLOHdzaGlXQnhUSFRlWGVkZUVCRU5EVml4TkdIOVl3RTJpVUV3NXh0NDJWNV9rN3pRSUItU3NwejlJdU13eEtfSXZ5U2JFQXhQRWZxdklQYUEwdWZrc3FoT3ZlMUtob2ZPR0tYLWJPaHllM0dOMy1pSnY2anlDd3pfVU1ySnMxT2loYXo0Wl9F?oc=5"}], "dyfi_max_cdi": null, "dyfi_respuestas": null, "dyfi_celdas": 0, "dyfi_min_dist_km": null, "divipola": "17174", "poblacion_2026": 50452, "cabecera_2026": 44899, "rural_2026": 5553, "poblacion_fuente": "DANE PPED municipal por área 2018-2042", "en_aoi_copernicus": false, "estado": "mencion_prensa", "busqueda_propia": true, "fuentes": ["prensa", "rud"], "unosat_edificios": null, "unosat_observados": null, "unosat_posibles": null, "unosat_fecha_imagen": null, "unosat_codigo_inconsistente": null, "sertit_edificios": null, "sertit_destruidos": null, "sertit_danados": null, "sertit_posibles": null, "sertit_sin_grado": null, "sertit_area_km2": null, "sertit_imagen_literal": null, "rud_familias": 663.0, "rud_personas": 1619.0, "rud_viv_destruidas": 78.0, "rud_viv_averiadas": 138.0, "mmi_usgs": 7.2, "tasa_rud_pct": 3.209}}, {"type": "Feature", "geometry": {"type": "Point", "coordinates": [-75.562474, 5.297091]}, "properties": {"municipio": "Filadelfia", "departamento": "Caldas", "requiere_depto": true, "n_noticias": 0, "n_prensa_recogida": 9, "noticias_ejemplo": [], "dyfi_max_cdi": null, "dyfi_respuestas": null, "dyfi_celdas": 0, "dyfi_min_dist_km": null, "divipola": "17272", "poblacion_2026": 10931, "cabecera_2026": 4180, "rural_2026": 6751, "poblacion_fuente": "DANE PPED municipal por área 2018-2042", "en_aoi_copernicus": false, "estado": "solo_rud", "busqueda_propia": true, "fuentes": ["rud"], "unosat_edificios": null, "unosat_observados": null, "unosat_posibles": null, "unosat_fecha_imagen": null, "unosat_codigo_inconsistente": null, "sertit_edificios": null, "sertit_destruidos": null, "sertit_danados": null, "sertit_posibles": null, "sertit_sin_grado": null, "sertit_area_km2": null, "sertit_imagen_literal": null, "rud_familias": 283.0, "rud_personas": 658.0, "rud_viv_destruidas": 5.0, "rud_viv_averiadas": 130.0, "mmi_usgs": 6.4, "tasa_rud_pct": 6.0196}}, {"type": "Feature", "geometry": {"type": "Point", "coordinates": [-75.259721, 5.284304]}, "properties": {"municipio": "Marulanda", "departamento": "Caldas", "requiere_depto": true, "n_noticias": 1, "n_prensa_recogida": 6, "noticias_ejemplo": [{"fecha": "2026-08-11T22:06:07", "medio": "Google News — Manizales", "titulo": "Tras el fuerte sismo que afectó a Caldas, municipios como Manizales, Pensilvania, Samaná, Aguadas, Marulanda y Pácora decidieron cancelar o reprogramar sus principales festivales y eventos masivos par", "url": "https://news.google.com/rss/articles/CBMi6gFBVV95cUxNMGtEVEFkQU1VOWMtY3FndHZpeDVRbGpGdnlMNWNSVkg3UndtN1R1cUZlREpNMnhTRVhybHJyWmtIQnZBQjBCWERoLVl5WFlYYkxxUVJZUkpEVHBlMllxUGEydURMTDJEWTljYTR0X0VmUE1NbVR1Y3FUenpmN29PMDBrbWJnTGwtWTRLTFNKYnRXdGN1RG0tdmRVZ2lZNFFQaTVfbjdPQ2FKNHlMSFJkajBBVUI5LWdiaDNTTTNsT09VYkhBTF81S2hXbnB5MXBzX2xORENyNzRGTGZyVlRpb0VuUm1Qam9SelE?oc=5"}], "dyfi_max_cdi": null, "dyfi_respuestas": null, "dyfi_celdas": 0, "dyfi_min_dist_km": null, "divipola": "17446", "poblacion_2026": 2676, "cabecera_2026": 934, "rural_2026": 1742, "poblacion_fuente": "DANE PPED municipal por área 2018-2042", "en_aoi_copernicus": false, "estado": "mencion_prensa", "busqueda_propia": true, "fuentes": ["prensa", "rud"], "unosat_edificios": null, "unosat_observados": null, "unosat_posibles": null, "unosat_fecha_imagen": null, "unosat_codigo_inconsistente": null, "sertit_edificios": null, "sertit_destruidos": null, "sertit_danados": null, "sertit_posibles": null, "sertit_sin_grado": null, "sertit_area_km2": null, "sertit_imagen_literal": null, "rud_familias": 121.0, "rud_personas": 220.0, "rud_viv_destruidas": 0.0, "rud_viv_averiadas": 14.0, "mmi_usgs": 5.5, "tasa_rud_pct": 8.2212}}, {"type": "Feature", "geometry": {"type": "Point", "coordinates": [-75.624577, 5.017879]}, "properties": {"municipio": "Palestina", "departamento": "Caldas", "requiere_depto": true, "n_noticias": 2, "n_prensa_recogida": 40, "noticias_ejemplo": [{"fecha": "2026-09-16T22:47:57", "medio": "Google News — Palestina", "titulo": "La Patria Manizales. . El alcalde de Palestina (Caldas), Álvaro Andrés Osorio Valencia, habló con #LaPatriaRadio 🎙 sobre las afectaciones que sufrió el municipio tras el terremoto del 10 de agosto, lo", "url": "https://news.google.com/rss/articles/CBMi9wFBVV95cUxObzUyRVo0eXRGUi02WFVacVR6bHU2MUUwcVQ1NUMtVzkyZ0F3R09id3BEUU5WVFJlSXEtYmxoX2VDYVV0cGFMUU9vZGZkRVd2MnFXelI4aGZvb2xITVAyMUp6OWQ5WWd1NTVnamRQTVdudmFtT2R1dlRTMEotTXRra0hTbG5HWERBcExGcTJvRmZoRzVzWEd4TTlSRzdDOGVvOGtHMWFFVl81RVNDNndMM21VdnpybElxM282N0U4dHF6dDE1ZGhYREJLV05LNFBTX0FjRnQ5NVFwdVkyUWJvUlFCRExGLUYtODJpQzlPODhpTkhTY2p3?oc=5"}, {"fecha": "2026-08-14T02:14:00", "medio": "Google News — Palestina", "titulo": "Palestina, Caldas, se levanta con solidaridad tras el terremoto - La Patria", "url": "https://news.google.com/rss/articles/CBMimAFBVV95cUxNV2c1ZTRlS0F3ZU52MHVIRXY2OURSRjd0VEJjNGVZeWNKbWxydUdPTDZ1QW9aUUl3ZWR5dklOeFhxLXFzQ3B6a0V6MXRxTnZDNElfV3p0NWoxM0ZZMDZDd0R0enlzSXIyNXNNeEJFR0E0Z2lhVnVKZFoxeXBhX05kZW0xaWtrR3M1dDNhSi1WMUpkNTZZY2tKMA?oc=5"}], "dyfi_max_cdi": null, "dyfi_respuestas": null, "dyfi_celdas": 0, "dyfi_min_dist_km": null, "divipola": "17524", "poblacion_2026": 15966, "cabecera_2026": 5828, "rural_2026": 10138, "poblacion_fuente": "DANE PPED municipal por área 2018-2042", "en_aoi_copernicus": false, "estado": "mencion_prensa", "busqueda_propia": true, "fuentes": ["prensa", "rud"], "unosat_edificios": null, "unosat_observados": null, "unosat_posibles": null, "unosat_fecha_imagen": null, "unosat_codigo_inconsistente": null, "sertit_edificios": null, "sertit_destruidos": null, "sertit_danados": null, "sertit_posibles": null, "sertit_sin_grado": null, "sertit_area_km2": null, "sertit_imagen_literal": null, "rud_familias": 624.0, "rud_personas": 1419.0, "rud_viv_destruidas": 7.0, "rud_viv_averiadas": 252.0, "mmi_usgs": 7.2, "tasa_rud_pct": 8.8876}}, {"type": "Feature", "geometry": {"type": "Point", "coordinates": [-75.160299, 5.383281]}, "properties": {"municipio": "Pensilvania", "departamento": "Caldas", "requiere_depto": true, "n_noticias": 1, "n_prensa_recogida": 12, "noticias_ejemplo": [{"fecha": "2026-08-11T22:06:07", "medio": "Google News — Manizales", "titulo": "Tras el fuerte sismo que afectó a Caldas, municipios como Manizales, Pensilvania, Samaná, Aguadas, Marulanda y Pácora decidieron cancelar o reprogramar sus principales festivales y eventos masivos par", "url": "https://news.google.com/rss/articles/CBMi6gFBVV95cUxNMGtEVEFkQU1VOWMtY3FndHZpeDVRbGpGdnlMNWNSVkg3UndtN1R1cUZlREpNMnhTRVhybHJyWmtIQnZBQjBCWERoLVl5WFlYYkxxUVJZUkpEVHBlMllxUGEydURMTDJEWTljYTR0X0VmUE1NbVR1Y3FUenpmN29PMDBrbWJnTGwtWTRLTFNKYnRXdGN1RG0tdmRVZ2lZNFFQaTVfbjdPQ2FKNHlMSFJkajBBVUI5LWdiaDNTTTNsT09VYkhBTF81S2hXbnB5MXBzX2xORENyNzRGTGZyVlRpb0VuUm1Qam9SelE?oc=5"}], "dyfi_max_cdi": null, "dyfi_respuestas": null, "dyfi_celdas": 0, "dyfi_min_dist_km": null, "divipola": "17541", "poblacion_2026": 20404, "cabecera_2026": 8917, "rural_2026": 11487, "poblacion_fuente": "DANE PPED municipal por área 2018-2042", "en_aoi_copernicus": false, "estado": "mencion_prensa", "busqueda_propia": true, "fuentes": ["prensa", "rud"], "unosat_edificios": null, "unosat_observados": null, "unosat_posibles": null, "unosat_fecha_imagen": null, "unosat_codigo_inconsistente": null, "sertit_edificios": null, "sertit_destruidos": null, "sertit_danados": null, "sertit_posibles": null, "sertit_sin_grado": null, "sertit_area_km2": null, "sertit_imagen_literal": null, "rud_familias": 275.0, "rud_personas": 689.0, "rud_viv_destruidas": 0.0, "rud_viv_averiadas": 227.0, "mmi_usgs": 5.4, "tasa_rud_pct": 3.3768}}, {"type": "Feature", "geometry": {"type": "Point", "coordinates": [-75.702104, 5.423673]}, "properties": {"municipio": "Riosucio (Caldas)", "departamento": "Caldas", "requiere_depto": true, "n_noticias": 11, "n_prensa_recogida": 58, "noticias_ejemplo": [{"fecha": "2026-09-07T19:10:01", "medio": "Google News — Manizales", "titulo": "Riosucio, Caldas, busca alternativas para reubicar a mil estudiantes afectados por el sismo - Caracol Radio", "url": "https://news.google.com/rss/articles/CBMiwgFBVV95cUxPVFQxbzVnSUJSZ0JnNF9Da0FnUU4zWld4UER4WjQ4WmhZMktKMGdMWUJsNU1faVF0ajhEMnV6YnE1Y0MwWmZxanJHN3BDWkVWRmNaNncyRkFhNG9QWVR5T3c2UFlFQmE2elA5VUJWQVlnS21Ec25aWFQ1VFY5UURudXhLVlhnNENuaENPR3RUYkdSbUVxMWo0T2hYRl9YdUJhWHF6eUxCUXZYakc2emU1REFoN3JFSmJzcG1XRVMxTHhlZ9IB1gFBVV95cUxPWE9vWGhfcGdlWGh2U2drWmx5dXYwand0cTdXWDJQVjdhc21mU3dCVEtobW9SSUVIN0ZySWRuZE42UEZILWs0OU90ckRzMk1UVzNFVzQzOE1nMnNLUlR3SEN2MkpodGxTMldXYVJmNXFYYU5mMzNuYVRUWm9Bck5tYU1qSWJEaFdoclR6WDk3dW9DMVhzQ2h4bnZiRmdpOGRVNGRCdUZtYTQ0WXpJUFoxTGtZWDVvSVF0SmI2ZFRrd0pOeTZ0OFEybElCV3BqaFV0U3RsVjJR?oc=5"}, {"fecha": "2026-09-05T11:30:05", "medio": "Google News — Manizales", "titulo": "#PortadaLP La línea 3 del cable aéreo de Manizales regresa al aire este domingo; Ministra de Salud, a sanar las grietas del terremoto en Caldas; La Plaza de Mercado de Riosucio está a la intemperie; M", "url": "https://news.google.com/rss/articles/CBMi7wFBVV95cUxNSXVHR2NBZnBzMVRCQkloMDlyZDdRZkd6cUZMeXJXLUJOYlR3WXB2N3dKbzl2Tk5mTTdHcWo2RHl5T25nQVN6bnhIRl9EYkQ0WGJhYlhMVngxb1U4SUN6d2x4T3h1a0xjcHlJT3JQbnVuMVZfa1dBa1Q0bm1NOWtPbzNiUGw1MmY3bDJScy1Ld3gwUHRNSjhDamVsVHFWNm5Ub3BwR1N5dHgwdmxfTXpCNWctLUpnVWJUTFMyTXdudEFTVVhpdTNJRERRTlVLMUk1WEtYNDRQVzdQTW5iMVYxdTRMdTZabzFrSjZ6bmE3VQ?oc=5"}, {"fecha": "2026-09-04T16:30:10", "medio": "Google News — Riosucio (Caldas)", "titulo": "La Patria Manizales. . En el recorrido por Riosucio, Caldas, LA PATRIA dialogó con el alcalde del municipio, Abel David Jaramillo, (@alcaldiaderiosuciocaldas) sobre las afectaciones ocasionadas por el", "url": "https://news.google.com/rss/articles/CBMi6gFBVV95cUxNa2FsZzlMVE1wZnJ5eHZ4U3VNRjJRM2R5VEN3alVXaVhlSnBMTHZ1NnlRRWhuZ1QtcEZrN1pOR3lLd1lDME1qQXRFWF9RZWxmTFZtUWgwTFJ0S2ZYTEtKVV9lTm90WENSU1g2YTFiNUwwTjhsSDh6LXJMTEVseHgxckc2NHlENkhCbVd4QTRSWHhmN0xWTHFZVmpMMmtHYkZLZks5YW9BTlF1OU4ycE96NkVRSzVzRm15UnBYbUpTdjZQT2JmeU5XMmpYY09sS1hWdDZ2LTAwN25vR1FRS2lFcGxjb1FPR2FlZ1E?oc=5"}], "dyfi_max_cdi": null, "dyfi_respuestas": null, "dyfi_celdas": 0, "dyfi_min_dist_km": null, "divipola": "17614", "poblacion_2026": 52118, "cabecera_2026": 20610, "rural_2026": 31508, "poblacion_fuente": "DANE PPED municipal por área 2018-2042", "en_aoi_copernicus": false, "estado": "mencion_prensa", "busqueda_propia": true, "fuentes": ["prensa", "rud"], "unosat_edificios": null, "unosat_observados": null, "unosat_posibles": null, "unosat_fecha_imagen": null, "unosat_codigo_inconsistente": null, "sertit_edificios": null, "sertit_destruidos": null, "sertit_danados": null, "sertit_posibles": null, "sertit_sin_grado": null, "sertit_area_km2": null, "sertit_imagen_literal": null, "rud_familias": 1598.0, "rud_personas": 4701.0, "rud_viv_destruidas": 23.0, "rud_viv_averiadas": 662.0, "mmi_usgs": 5.8, "tasa_rud_pct": 9.0199}}, {"type": "Feature", "geometry": {"type": "Point", "coordinates": [-75.76722, 5.164509]}, "properties": {"municipio": "Risaralda", "departamento": "Caldas", "homonimo_de_departamento": true, "n_noticias": null, "n_prensa_recogida": 0, "noticias_ejemplo": [], "dyfi_max_cdi": null, "dyfi_respuestas": null, "dyfi_celdas": 0, "dyfi_min_dist_km": null, "divipola": "17616", "poblacion_2026": 11079, "cabecera_2026": 4944, "rural_2026": 6135, "poblacion_fuente": "DANE PPED municipal por área 2018-2042", "en_aoi_copernicus": false, "estado": "solo_rud", "busqueda_propia": false, "fuentes": ["rud"], "unosat_edificios": null, "unosat_observados": null, "unosat_posibles": null, "unosat_fecha_imagen": null, "unosat_codigo_inconsistente": null, "sertit_edificios": null, "sertit_destruidos": null, "sertit_danados": null, "sertit_posibles": null, "sertit_sin_grado": null, "sertit_area_km2": null, "sertit_imagen_literal": null, "rud_familias": 397.0, "rud_personas": 1097.0, "rud_viv_destruidas": 4.0, "rud_viv_averiadas": 219.0, "mmi_usgs": 6.6, "tasa_rud_pct": 9.9016}}, {"type": "Feature", "geometry": {"type": "Point", "coordinates": [-75.792063, 5.08231]}, "properties": {"municipio": "San José", "departamento": "Caldas", "requiere_depto": true, "n_noticias": 1, "n_prensa_recogida": 13, "noticias_ejemplo": [{"fecha": "2026-08-14T19:49:40", "medio": "Google News — San José", "titulo": "Egresada de UNIMINUTO impulsa campaña de solidaridad para ayudar a San José, Caldas, tras emergencia de sismo - UNIMINUTO Radio", "url": "https://news.google.com/rss/articles/CBMi2gFBVV95cUxQWkU1c1MyV3VrOVFyR1dGR0RlT0xEZFpCaVZHcTY1TmJaVndDcmJieW9PWV92LUV2SnZ6VVp6WTRCVGMtOG8wc3dpYlJqZS1iMTJ3OGJ2VWpQUGxDYUE0TWo3NWdfM1VReS1oMXBWYzFtM0k5Y3ZxVXpDbDVJQy0xTGtERVhKcDZGbjltSUtfQWY4S1M5NlQ2SkhtWGt3cFVNV21tMHR0UEhQRjhnaS00bW9LWHYtQ2lmcFd2TzRhRGJnNjNMbDBJN1FNMnQ1cC05U1MtMUtwbVByQQ?oc=5"}], "dyfi_max_cdi": null, "dyfi_respuestas": null, "dyfi_celdas": 0, "dyfi_min_dist_km": null, "divipola": "17665", "poblacion_2026": 4960, "cabecera_2026": 1533, "rural_2026": 3427, "poblacion_fuente": "DANE PPED municipal por área 2018-2042", "en_aoi_copernicus": false, "estado": "mencion_prensa", "busqueda_propia": true, "fuentes": ["prensa", "rud"], "unosat_edificios": null, "unosat_observados": null, "unosat_posibles": null, "unosat_fecha_imagen": null, "unosat_codigo_inconsistente": null, "sertit_edificios": null, "sertit_destruidos": null, "sertit_danados": null, "sertit_posibles": null, "sertit_sin_grado": null, "sertit_area_km2": null, "sertit_imagen_literal": null, "rud_familias": 632.0, "rud_personas": 1417.0, "rud_viv_destruidas": 20.0, "rud_viv_averiadas": 201.0, "mmi_usgs": 7.0, "tasa_rud_pct": 28.5685}}, {"type": "Feature", "geometry": {"type": "Point", "coordinates": [-75.87061, 5.062664]}, "properties": {"municipio": "Viterbo", "departamento": "Caldas", "requiere_depto": true, "n_noticias": 1, "n_prensa_recogida": 36, "noticias_ejemplo": [{"fecha": "2026-08-27T00:31:43", "medio": "Google News (agregador es-CO)", "titulo": "Vicepresidente Restrepo anuncia ayudas para damnificados de terremoto en Viterbo, Caldas - Caracol Radio", "url": "https://news.google.com/rss/articles/CBMivwFBVV95cUxPUUdxbEk4bVRleHJScjc2YXhMSmtjWUdOWXFfODRWUk53bjd0RzV0ekM2YkpNMEY1WWZfQm1XMmp2VHNjZk55SU02cWFWZkdHNkN2ZmFCRTluRUZTMFdRQkd5dlpRWkp2QUpKMDdoLXNTalhIVGFUZE43SDV2SnQyLURDUlYyZjRJMjJXanJoaFdVNXNJSnFzWFZOeGhPUnhUNkJ1WmdZLW5HTVFDZm1UaHJOU2RYVXhfRkJxZDBLTdIB0wFBVV95cUxOa3VJXzI3Q0tqcWh0SFkyTGlSclg5MGRPWXQxXzJ1ckZ5bG40RmpXQzkzTFdfR0NMX3d1RnB0bHRhNFJuS3RsMzQ3SlJUWVllZkQyYndSampEcS1kT1lzN1FVdGltUjI2Vk5YNnlhakY5WXhWRUhYbHZxdHh0d01kRGx0dHo0emhuOWlNNHMtUEtfQk5EOHNmU01kQWtaUXBDYXZ4VktGMmM5cS1PelVNZ01RZVNtbWc1cXpjUzh1cTFSeDRQWmt1MXFNQ0ZyUGwteFBz?oc=5"}], "dyfi_max_cdi": 8.8, "dyfi_respuestas": 1, "dyfi_celdas": 1, "dyfi_min_dist_km": 116, "divipola": "17877", "poblacion_2026": 12613, "cabecera_2026": 10818, "rural_2026": 1795, "poblacion_fuente": "DANE PPED municipal por área 2018-2042", "en_aoi_copernicus": false, "estado": "evaluado_unosat", "busqueda_propia": true, "fuentes": ["prensa", "dyfi", "rud", "unosat"], "unosat_edificios": 108, "unosat_observados": 42, "unosat_posibles": 66, "unosat_fecha_imagen": "20260812", "unosat_codigo_inconsistente": null, "sertit_edificios": null, "sertit_destruidos": null, "sertit_danados": null, "sertit_posibles": null, "sertit_sin_grado": null, "sertit_area_km2": null, "sertit_imagen_literal": null, "rud_familias": 839.0, "rud_personas": 2141.0, "rud_viv_destruidas": 28.0, "rud_viv_averiadas": 173.0, "mmi_usgs": 7.7, "tasa_rud_pct": 16.9746}}, {"type": "Feature", "geometry": {"type": "Point", "coordinates": [-77.279951, 8.512178]}, "properties": {"municipio": "Acandí", "departamento": "Chocó", "n_noticias": 0, "n_prensa_recogida": 8, "noticias_ejemplo": [], "dyfi_max_cdi": null, "dyfi_respuestas": null, "dyfi_celdas": 0, "dyfi_min_dist_km": null, "divipola": "27006", "poblacion_2026": 16455, "cabecera_2026": 6863, "rural_2026": 9592, "poblacion_fuente": "DANE PPED municipal por área 2018-2042", "en_aoi_copernicus": false, "estado": "solo_rud", "busqueda_propia": true, "fuentes": ["rud"], "unosat_edificios": null, "unosat_observados": null, "unosat_posibles": null, "unosat_fecha_imagen": null, "unosat_codigo_inconsistente": null, "sertit_edificios": null, "sertit_destruidos": null, "sertit_danados": null, "sertit_posibles": null, "sertit_sin_grado": null, "sertit_area_km2": null, "sertit_imagen_literal": null, "rud_familias": 155.0, "rud_personas": 359.0, "rud_viv_destruidas": 0.0, "rud_viv_averiadas": 67.0, "mmi_usgs": null, "tasa_rud_pct": 2.1817}}, {"type": "Feature", "geometry": {"type": "Point", "coordinates": [-76.974373, 5.516221]}, "properties": {"municipio": "Alto Baudó", "departamento": "Chocó", "n_noticias": 0, "n_prensa_recogida": 33, "noticias_ejemplo": [], "dyfi_max_cdi": null, "dyfi_respuestas": null, "dyfi_celdas": 0, "dyfi_min_dist_km": null, "divipola": "27025", "poblacion_2026": 29358, "cabecera_2026": 3149, "rural_2026": 26209, "poblacion_fuente": "DANE PPED municipal por área 2018-2042", "en_aoi_copernicus": false, "estado": "solo_rud", "busqueda_propia": true, "fuentes": ["rud"], "unosat_edificios": null, "unosat_observados": null, "unosat_posibles": null, "unosat_fecha_imagen": null, "unosat_codigo_inconsistente": null, "sertit_edificios": null, "sertit_destruidos": null, "sertit_danados": null, "sertit_posibles": null, "sertit_sin_grado": null, "sertit_area_km2": null, "sertit_imagen_literal": null, "rud_familias": 2027.0, "rud_personas": 5662.0, "rud_viv_destruidas": 103.0, "rud_viv_averiadas": 798.0, "mmi_usgs": 6.2, "tasa_rud_pct": 19.2861}}, {"type": "Feature", "geometry": {"type": "Point", "coordinates": [-76.416063, 5.409681]}, "properties": {"municipio": "Bagadó", "departamento": "Chocó", "n_noticias": 0, "n_prensa_recogida": 0, "noticias_ejemplo": [], "dyfi_max_cdi": null, "dyfi_respuestas": null, "dyfi_celdas": 0, "dyfi_min_dist_km": null, "divipola": "27073", "poblacion_2026": 12936, "cabecera_2026": 2513, "rural_2026": 10423, "poblacion_fuente": "DANE PPED municipal por área 2018-2042", "en_aoi_copernicus": false, "estado": "solo_rud", "busqueda_propia": true, "fuentes": ["rud"], "unosat_edificios": null, "unosat_observados": null, "unosat_posibles": null, "unosat_fecha_imagen": null, "unosat_codigo_inconsistente": null, "sertit_edificios": null, "sertit_destruidos": null, "sertit_danados": null, "sertit_posibles": null, "sertit_sin_grado": null, "sertit_area_km2": null, "sertit_imagen_literal": null, "rud_familias": 1428.0, "rud_personas": 2305.0, "rud_viv_destruidas": 24.0, "rud_viv_averiadas": 1173.0, "mmi_usgs": 6.9, "tasa_rud_pct": 17.8185}}, {"type": "Feature", "geometry": {"type": "Point", "coordinates": [-77.401359, 6.222807]}, "properties": {"municipio": "Bahía Solano", "departamento": "Chocó", "n_noticias": 30, "n_prensa_recogida": 61, "noticias_ejemplo": [{"fecha": "2026-08-13T22:13:43", "medio": "Google News — Bahía Solano", "titulo": "Chocó busca proteger la actividad turística en Nuquí, Bahía Solano y Juradó tras el terremoto - IFM Noticias", "url": "https://news.google.com/rss/articles/CBMiwwFBVV95cUxQSnk2YXZDWGZLRkY5WGZJUW1tRG10MzNPVGVPV0tnRGl1SmpFdld1Rng0V0dkMTY5clZpZVRnbWFfcGlQU1BQNk1HTk55ZnlzbHA0N2pRczZqME9yZmhNT29oYlpVU0V4MlZhRzFUNnYzQXlGenRwZ3JtMHplQ2VjTVlCMTcyWTN4VGRSU0tWWmhXdFVaTXZEalk3cTZycjBDRHVQUS1ycnpvd3o5b2dmbEFFZTRFTzN0bnN2azhxR3htNDQ?oc=5"}, {"fecha": "2026-08-11T20:23:05", "medio": "Google News — Bahía Solano", "titulo": "Un niño de seis años, hijo del alcalde de Bahía Solano, es una de las 14 personas muertas por el terremoto en Chocó - MiOriente", "url": "https://news.google.com/rss/articles/CBMi4AFBVV95cUxORV9vWVQ4NXBTUkFEV2ZLbUpBc000S0hHTVcxa2QzSUZDY2pqQWcwWHVJV1czUDZCeFg4dWoxcWVQVU1NcERJVTRWX0gyQjM1eVF0VFRMdU02UFdhVXUtWEUtSDNIWlJKMFFPc0xsYVBaeDR4ZUo4WWUycDJmalA2dWY2RG1KMXFZeGVoeUhyeUF5X3lwRUtPODdvM0hCQm8wUmlhQngwOHZpd0cwZmEzbEpLZVF0eGdVeko4SkV6VDRtV0pTVzVaYjU4bnJia1k1YzNZSG12ZFIxRk5mTmpOSw?oc=5"}, {"fecha": "2026-08-11T19:35:00", "medio": "Google News — Bahía Solano", "titulo": "La historia detrás de la muerte del pequeño Mateo Valencia, hijo del alcalde de Bahía Solano, Chocó, durante el terremoto - El Tiempo", "url": "https://news.google.com/rss/articles/CBMihAJBVV95cUxQRm1aS2FKZkFqZEtQTWtGcXR6Y2JfTjFvektVdzlrVGxxTlYzdl9LbXEwdHFJYzV5NE5UVlhCRmpidkZ4bnQzc2tQX2ZXWVlveFVBOVpMdlZrMVhwT0tNVmJhang1UEhVQmhZX2Y3a2ZYdGV5LWU1eTd4TUdhZC1OaEh0eld6bnRTTjRuVVFyNkgtLXByVUJYN1ZZNjM0U0hQeVNHVTl3Rm1tbG40bS1vSll1SEJmbVF0OHJmb2s4OFpJUC1PRTJpb3N2YkRBMnF2TzlMMkM0OWxzWjN6Y0pmSjhQQ2VJTlFrLVQxRlBEYnlIWTBsLTZIVzBrc2VpbzN5WWlkMdIBigJBVV95cUxPblZpY0w5NnFKYzhmbnVoU25UZDhhWHZISE1sdjdYc0MtTy1tWFBMQWtnZGkxVXBLZkY4eXBQVGdvQnU2RXlXT2VralQ4M2FwZ1FNamFFa290RHRNNmNJVmtRaGdKbFo3QVBOMjMxYkhUcFRIYzI4TVgtX3FJR2dYQ0pocnRyQm05cGlwc0s1NkxPM3dlSlI3WjZsQVRQUG1xZ21iUi00Q0U1d1duNjVCRFp1LU5QZ2oxVXVXR2dGMGdEVkRxeWg1VWVoSF85UDBaWHFmZm9Zem1vU2tMTlYwSC1Ud1l0Ylpubm0zeG1QR19LVjRUZWZDa2w5UXZ2TDhkbHc3M0ZPaU4wdw?oc=5"}], "dyfi_max_cdi": null, "dyfi_respuestas": null, "dyfi_celdas": 0, "dyfi_min_dist_km": null, "divipola": "27075", "poblacion_2026": 10943, "cabecera_2026": 6573, "rural_2026": 4370, "poblacion_fuente": "DANE PPED municipal por área 2018-2042", "en_aoi_copernicus": false, "estado": "mencion_prensa", "busqueda_propia": true, "fuentes": ["prensa", "rud"], "unosat_edificios": null, "unosat_observados": null, "unosat_posibles": null, "unosat_fecha_imagen": null, "unosat_codigo_inconsistente": null, "sertit_edificios": null, "sertit_destruidos": null, "sertit_danados": null, "sertit_posibles": null, "sertit_sin_grado": null, "sertit_area_km2": null, "sertit_imagen_literal": null, "rud_familias": 66.0, "rud_personas": 165.0, "rud_viv_destruidas": 4.0, "rud_viv_averiadas": 42.0, "mmi_usgs": 4.9, "tasa_rud_pct": 1.5078}}, {"type": "Feature", "geometry": {"type": "Point", "coordinates": [-77.365717, 4.954576]}, "properties": {"municipio": "Bajo Baudó", "departamento": "Chocó", "n_noticias": 1, "n_prensa_recogida": 20, "noticias_ejemplo": [{"fecha": "2026-09-24T11:21:52", "medio": "Google News — Bajo Baudó", "titulo": "Tembló en Chocó este jueves: sismo de magnitud 2,7 fue registrado en Bajo Baudó - Revista Semana", "url": "https://news.google.com/rss/articles/CBMiwgFBVV95cUxPV2FVcHVIeWxkZy1wZVE5bXNuS2J2NFNvNmFIaEhrRHNEUkJQaVBPVXdJLTkxN2JoeEx2VTcxQnF3VjY2VFl1a2dDdUE5ZzQyTDZOV19iWkNuQ3p4Y3BPRlBqZ3FoZzhua0ZrQ3Q5bG5QNzZCakVUQmZXWG9tcDEyV1pQeU4xc296Uk95NnhVbW9QQjNMX2EyRU9SS2dOYm0zODVFX2wwVFR2R3VyQTRWRlRrU2RzRzZvWE1oYmZRTkRudw?oc=5"}], "dyfi_max_cdi": null, "dyfi_respuestas": null, "dyfi_celdas": 0, "dyfi_min_dist_km": null, "divipola": "27077", "poblacion_2026": 35053, "cabecera_2026": 7317, "rural_2026": 27736, "poblacion_fuente": "DANE PPED municipal por área 2018-2042", "en_aoi_copernicus": false, "estado": "mencion_prensa", "busqueda_propia": true, "fuentes": ["prensa", "rud"], "unosat_edificios": null, "unosat_observados": null, "unosat_posibles": null, "unosat_fecha_imagen": null, "unosat_codigo_inconsistente": null, "sertit_edificios": null, "sertit_destruidos": null, "sertit_danados": null, "sertit_posibles": null, "sertit_sin_grado": null, "sertit_area_km2": null, "sertit_imagen_literal": null, "rud_familias": 1420.0, "rud_personas": 2363.0, "rud_viv_destruidas": 269.0, "rud_viv_averiadas": 815.0, "mmi_usgs": 6.3, "tasa_rud_pct": 6.7412}}, {"type": "Feature", "geometry": {"type": "Point", "coordinates": [-76.650683, 5.091003]}, "properties": {"municipio": "Condoto", "departamento": "Chocó", "n_noticias": 7, "n_prensa_recogida": 31, "noticias_ejemplo": [{"fecha": "2026-09-20T20:26:21", "medio": "Google News — Alto Baudó", "titulo": "Últimos Sismos en o cerca de Condoto, del Choco, Colombia: Temblores recientes últimos 7 días - Volcano Discovery", "url": "https://news.google.com/rss/articles/CBMiekFVX3lxTE5BVVJYMklPbXY5alNxVG5MQktaV05wYUhfTXpLMkZBaUQ0QVFKRWtsZFBGV2Z3Tzg2Y1hRTEpPamtYdnh6SUszd0FsWmRfSnlrdGN4dHJDbEJ6Ml94VE5BUk51ZklXRUZOc3Y0QjRLYWhXQk41TWl4djNR?oc=5"}, {"fecha": "2026-09-17T17:47:00", "medio": "Google News (agregador es-CO)", "titulo": "Estos eran los miembros de la misión de salud que se accidentó tras ayudar a las víctimas del terremoto en Chocó: atendieron a unas 600 personas en Condoto antes de despegar - Infobae", "url": "https://news.google.com/rss/articles/CBMivgJBVV95cUxPcHJWSDVlajdSRkpPUjhjRDNaYlhfN3dJMlJfQnVwNExELTdsMU5ZdHE3c1UwMHgxYXhydnIyOFlUY0kteTZxa3BpSDVSZUFCZ0Q5OEdwZXNEWk9fam9xcE5CckI1ZzVHWnpZSEN2S2JBazBxdFZMX2tzb2NoWmZER1NLdHB0b2JpeUkyMkJzMFI2dm4wV0syNnhMVHpGcm81VHZneGMwSHk3enpYUndwdlZxZS1KT0toS0RHQ0xDb1g5NWMwbzFIaWktdjZ3WXZONUhCWEJrNi1BODRWcXBTSEg2YUZQcWtWd2ZlV3VKTERsWWFyQVdBcUk4QnlCaGFhVGxndUpYYTdvSlFmZ0YxSWNuMGZ5NGtSZlJqNnV3cTFKY3pfdDBJd0NSV1lsbHZpcjJIYzY1elNCck1ZRVHSAdgCQVVfeXFMT0hDZS1XckNDLU4zTFBlN3N4RHVhdnhMRTZiSlBVclVuaUgwbW03SjV2b1NfUGRoNFhMU2JmcGF2STZ0cjlCYjdCblNzR1BQcHNyWFdrZWYtZWNudG9QYnVENnl1OXBBM3EycVllSTZkM2VYNHNNNkdjc243VGV6Z2dhQmFZUVdOamVZVERUTTRoRDlDQVlFSFNaNUhROW91cFBjZXJRYVhUUGoxajVlQVFncElrZXpPS1VfZm9LbElBMGRUOGRWd25lUWRCVC0zN1g2TTR6OEhvaWdobjJ2bl9STmt3UG1jZ3NPVW1VR2t1dnFSNjRIV3F1WHltZnBaX3dGRlBQWWZ6V0FpYVVyZy1MdDJsMGZ3dmVWSVZOOG81V2Uwb0p0SnFWVjl6bWpSSlVRV09Wb0FlbXluMFUzLW4yWmRqcmFSTWd5RVNWdkZkei1LOXNLS04?oc=5"}, {"fecha": "2026-08-27T14:11:00", "medio": "Google News (agregador es-CO)", "titulo": "Terremoto leve mag. 3.2 (inconfirmado) - 52 km al sur de Condoto, del Choco, Colombia, Wednesday 26 Aug 2026 a las 20:58 (Hora Bogota) - Volcano Discovery", "url": "https://news.google.com/rss/articles/CBMiowFBVV95cUxQcWt0N1BsUGtrNFFZekQxek5TSE1NZ2RmRUVWaTA1MzV1aFBjcGR1UHVtNG1hWE9zV1JMUU4wVEpTRnd1LXIzbGg2cFpqbmxNOTZqOGlMT0dDRTlWNjhITktVSzZWaWdWY3R3cEhkUGhlSEN5cTBoUWg0aHNuUXI0LWZVZ0dEOHZJd0hoS0VqMGl3QWtqM1FRRlE4dFdnb1VIMnVB?oc=5"}], "dyfi_max_cdi": null, "dyfi_respuestas": null, "dyfi_celdas": 0, "dyfi_min_dist_km": null, "divipola": "27205", "poblacion_2026": 12620, "cabecera_2026": 9710, "rural_2026": 2910, "poblacion_fuente": "DANE PPED municipal por área 2018-2042", "en_aoi_copernicus": false, "estado": "mencion_prensa", "busqueda_propia": true, "fuentes": ["prensa", "rud"], "unosat_edificios": null, "unosat_observados": null, "unosat_posibles": null, "unosat_fecha_imagen": null, "unosat_codigo_inconsistente": null, "sertit_edificios": null, "sertit_destruidos": null, "sertit_danados": null, "sertit_posibles": null, "sertit_sin_grado": null, "sertit_area_km2": null, "sertit_imagen_literal": null, "rud_familias": 1065.0, "rud_personas": 3055.0, "rud_viv_destruidas": 86.0, "rud_viv_averiadas": 22.0, "mmi_usgs": 7.0, "tasa_rud_pct": 24.2076}}, {"type": "Feature", "geometry": {"type": "Point", "coordinates": [-76.142112, 5.899789]}, "properties": {"municipio": "El Carmen de Atrato", "departamento": "Chocó", "n_noticias": 0, "n_prensa_recogida": 6, "noticias_ejemplo": [], "dyfi_max_cdi": null, "dyfi_respuestas": null, "dyfi_celdas": 0, "dyfi_min_dist_km": null, "divipola": "27245", "poblacion_2026": 8768, "cabecera_2026": 2543, "rural_2026": 6225, "poblacion_fuente": "DANE PPED municipal por área 2018-2042", "en_aoi_copernicus": false, "estado": "solo_rud", "busqueda_propia": true, "fuentes": ["rud"], "unosat_edificios": null, "unosat_observados": null, "unosat_posibles": null, "unosat_fecha_imagen": null, "unosat_codigo_inconsistente": null, "sertit_edificios": null, "sertit_destruidos": null, "sertit_danados": null, "sertit_posibles": null, "sertit_sin_grado": null, "sertit_area_km2": null, "sertit_imagen_literal": null, "rud_familias": 390.0, "rud_personas": 444.0, "rud_viv_destruidas": 4.0, "rud_viv_averiadas": 23.0, "mmi_usgs": 5.6, "tasa_rud_pct": 5.0639}}, {"type": "Feature", "geometry": {"type": "Point", "coordinates": [-77.363702, 4.259564]}, "properties": {"municipio": "El Litoral del San Juan", "departamento": "Chocó", "n_noticias": 5, "n_prensa_recogida": 30, "noticias_ejemplo": [{"fecha": "2026-09-11T17:01:29", "medio": "Google News — Cali", "titulo": "Sismo de magnitud 4,5 se registra en El Litoral del San Juan, Chocó, según el Servicio Geológico Colombiano - Pulzo", "url": "https://news.google.com/rss/articles/CBMixgFBVV95cUxQNDB5Y1dyUk5taTZOYy1neWJsVmMwa0lwdW5ad19sbE1hajhmQjdtTm5HSTZ4TDZJUHhvSGR6R1BmZmtKR1B0LVpRLTFhM3lNZkxubGlENEVJX2hsNkF5UFN4MnJfU1hOX1RwZDNaTVVCOHVNd1Nmbm82d2FlYzJpTWRQRFVaQ2NWbjAwOVY0UmhkRDNDZjBhbTNiTlgyUG9FYUV3Wkp6ZW1lMkJLVXBGdXNkbllPcG9VcGpZNFpnelhuVmdrZ2c?oc=5"}, {"fecha": "2026-09-11T17:01:29", "medio": "Google News — Trujillo", "titulo": "Sismo de magnitud 4,5 se registra en El Litoral del San Juan, Chocó, según el Servicio Geológico Colombiano - Pulzo", "url": "https://news.google.com/rss/articles/CBMiywFBVV95cUxPY25oWWU4clRISFIyRkMyMG1kNk8wdWxndzJMSWYzZ0RPTWlZMlRUWFBjNmFqV084NU5tYWNBRDg4RmVBXzZjS2RiOXhacHpxejRrcDNod2xPYVpyU3dIUWZ3ZHZTdWJKTTd0NmVUZk05ZFFUb0FmaXdLdTJsS3FraFRsd2xaRzVNZ1hKcEE3MU1OY0NEaE5rZ0t0Q1l5ZlhEYnpxVzZLRm5TbEp1NW9xaWZ4Y0hQako1UzJ2RzdBVjI4eEMyenVyUGxpcw?oc=5"}, {"fecha": "2026-08-18T07:00:00", "medio": "Google News — El Litoral del San Juan", "titulo": "Sismo de magnitud 3,0 sacudió al Chocó: movimiento fue superficial y tuvo epicentro en El Litoral del San Juan - Diario La Libertad", "url": "https://news.google.com/rss/articles/CBMi4wFBVV95cUxNMVAtLXhWclB4bTY3dnZlSEQ5a0w3aUFza0JVMllCZmxIY2Rmc3MyY2dfT1llUFk1QXVUN290dFN5NElSaE5vbEkzSE9tcVR2alZiSzdIRjl3bnJfdnRqeFVxLWRXTWpaVXNJS3V1bDdRVC04V1c0ak9EMVUzNjdGNFB5UEtUTHdmelA2dXlsQVptUFpabGt4TGlQOXc3c2o5QnlWcmptNUFKOFg2U2VmcGY4RXhBQk52ZURuZU5kYnVSZ2VaQVJpWFd0X05BNE1zb2dpMGxDRVM4YzFwSl95NEVQbw?oc=5"}], "dyfi_max_cdi": null, "dyfi_respuestas": null, "dyfi_celdas": 0, "dyfi_min_dist_km": null, "divipola": "27250", "poblacion_2026": 27635, "cabecera_2026": 1741, "rural_2026": 25894, "poblacion_fuente": "DANE PPED municipal por área 2018-2042", "en_aoi_copernicus": false, "estado": "mencion_prensa", "busqueda_propia": true, "fuentes": ["prensa", "rud"], "unosat_edificios": null, "unosat_observados": null, "unosat_posibles": null, "unosat_fecha_imagen": null, "unosat_codigo_inconsistente": null, "sertit_edificios": null, "sertit_destruidos": null, "sertit_danados": null, "sertit_posibles": null, "sertit_sin_grado": null, "sertit_area_km2": null, "sertit_imagen_literal": null, "rud_familias": 1179.0, "rud_personas": 3826.0, "rud_viv_destruidas": 233.0, "rud_viv_averiadas": 672.0, "mmi_usgs": 6.9, "tasa_rud_pct": 13.8448}}, {"type": "Feature", "geometry": {"type": "Point", "coordinates": [-76.545147, 5.49789]}, "properties": {"municipio": "Lloró", "departamento": "Chocó", "n_noticias": 2, "n_prensa_recogida": 4, "noticias_ejemplo": [{"fecha": "2026-09-19T03:43:31", "medio": "Google News — Lloró", "titulo": "Últimos Sismos cerca de Lloro, del Choco, Colombia: Temblores recientes últimos 7 días - Volcano Discovery", "url": "https://news.google.com/rss/articles/CBMi1wFBVV95cUxOS0NGSVlxYWN2VkVNNHBCaWhhX2ZaUHJ4dW9ScDZZeS11NVJ1ZjdnbnZiMVoxNEFJNFFUeVZPUE0xbTYxeldSYzI3aTA4aF9qNmhxMkYxbnBOZVVfY2IxaU1ORWxPQXFJcEFJSlNVV29qTEp5b2I3SnJQb2JtV21LbzhZdXZ1VkNoeV9naEpFWlVPa0otZmFzRk1Id3Vvc29OVzJ6NWNGMVdyVWpLMlA5LUNhV2N5UDd5TlRISnBJNm0xOXBTcW9rZHR1bkFSU3JpSjdOWGM0TQ?oc=5"}, {"fecha": "2026-08-18T16:39:57", "medio": "Google News — Lloró", "titulo": "[Video] Excavadoras incautadas a minería ilegal en Lloró serán destinadas a reconstrucción tras terremoto en Chocó - Análisis Urbano", "url": "https://news.google.com/rss/articles/CBMi1wFBVV95cUxOVVAxV1I4STdDNkROUl9oVnB2SXRxNXNtdDB4OVZPZXVPRWxIYmRvdDVzdFpSQk4taTFGYnVGbENmdUoyOG5WX0M4NlptV0dFYThuSU5mdXVyZzQ3Q2Y4S3Fod3RCMlo4UV9FZEdyRjBUUG5ZeFo5a1dHVGlQOURBRWlyMWgxdW41Y2lJOXAwWGNtWm5RVE1memtpYXd2UTRpNDJrOGRydWNpRW5kVF9PYWJaOWFXYThCR29yM0JMeUcxcWRoTGxLcWtnbS12aVk1NTBETThrcw?oc=5"}], "dyfi_max_cdi": null, "dyfi_respuestas": null, "dyfi_celdas": 0, "dyfi_min_dist_km": null, "divipola": "27413", "poblacion_2026": 10485, "cabecera_2026": 3428, "rural_2026": 7057, "poblacion_fuente": "DANE PPED municipal por área 2018-2042", "en_aoi_copernicus": false, "estado": "mencion_prensa", "busqueda_propia": true, "fuentes": ["prensa", "rud"], "unosat_edificios": null, "unosat_observados": null, "unosat_posibles": null, "unosat_fecha_imagen": null, "unosat_codigo_inconsistente": null, "sertit_edificios": null, "sertit_destruidos": null, "sertit_danados": null, "sertit_posibles": null, "sertit_sin_grado": null, "sertit_area_km2": null, "sertit_imagen_literal": null, "rud_familias": 523.0, "rud_personas": 907.0, "rud_viv_destruidas": 9.0, "rud_viv_averiadas": 470.0, "mmi_usgs": 6.9, "tasa_rud_pct": 8.6505}}, {"type": "Feature", "geometry": {"type": "Point", "coordinates": [-76.783042, 5.994935]}, "properties": {"municipio": "Medio Atrato", "departamento": "Chocó", "n_noticias": 2, "n_prensa_recogida": 14, "noticias_ejemplo": [{"fecha": "2026-08-24T14:44:41", "medio": "Google News — Medio Atrato", "titulo": "Medio Atrato: entregan la primera vivienda de plástico reciclado en Tanguí tras el sismo en Chocó - Chocó 7 días", "url": "https://news.google.com/rss/articles/CBMivAFBVV95cUxOWEdvS190M09RSTJlb3BzckhWU0ZjbGdWWGZ5MkRpc2N5N0pkUnhwc21qclgyMGhHZTJmdmlqRWo2WFdfM1I1SmQ3dlp3aGFKWTdYTFN4M18wVGRKN2w1SmFrZXBrOFdvb2RhanRXcy1hUUF4REVLa3hVWFJLTXBKUVpVUE5xOGhhNER6YnhiQ0oyUERuQVRqVmpXU3FCaVVNNGRheEVITXBWNTVZMVgxNW9Bb0RUSldLaFhUQQ?oc=5"}, {"fecha": "2026-08-24T14:19:58", "medio": "Chocó 7 días", "titulo": "Medio Atrato: entregan la primera vivienda de plástico reciclado en Tanguí tras el sismo en Chocó", "url": "https://choco7dias.com/medio-atrato-entregan-la-primera-vivienda-de-plastico-reciclado-en-tangui-tras-el-sismo-en-choco/"}], "dyfi_max_cdi": null, "dyfi_respuestas": null, "dyfi_celdas": 0, "dyfi_min_dist_km": null, "divipola": "27425", "poblacion_2026": 11341, "cabecera_2026": 794, "rural_2026": 10547, "poblacion_fuente": "DANE PPED municipal por área 2018-2042", "en_aoi_copernicus": false, "estado": "mencion_prensa", "busqueda_propia": true, "fuentes": ["prensa", "rud"], "unosat_edificios": null, "unosat_observados": null, "unosat_posibles": null, "unosat_fecha_imagen": null, "unosat_codigo_inconsistente": null, "sertit_edificios": null, "sertit_destruidos": null, "sertit_danados": null, "sertit_posibles": null, "sertit_sin_grado": null, "sertit_area_km2": null, "sertit_imagen_literal": null, "rud_familias": 252.0, "rud_personas": 573.0, "rud_viv_destruidas": 22.0, "rud_viv_averiadas": 60.0, "mmi_usgs": 6.2, "tasa_rud_pct": 5.0525}}, {"type": "Feature", "geometry": {"type": "Point", "coordinates": [-76.950891, 5.192471]}, "properties": {"municipio": "Medio Baudó", "departamento": "Chocó", "n_noticias": 0, "n_prensa_recogida": 4, "noticias_ejemplo": [], "dyfi_max_cdi": null, "dyfi_respuestas": null, "dyfi_celdas": 0, "dyfi_min_dist_km": null, "divipola": "27430", "poblacion_2026": 17617, "cabecera_2026": 2307, "rural_2026": 15310, "poblacion_fuente": "DANE PPED municipal por área 2018-2042", "en_aoi_copernicus": false, "estado": "solo_rud", "busqueda_propia": true, "fuentes": ["rud"], "unosat_edificios": null, "unosat_observados": null, "unosat_posibles": null, "unosat_fecha_imagen": null, "unosat_codigo_inconsistente": null, "sertit_edificios": null, "sertit_destruidos": null, "sertit_danados": null, "sertit_posibles": null, "sertit_sin_grado": null, "sertit_area_km2": null, "sertit_imagen_literal": null, "rud_familias": 3359.0, "rud_personas": 9055.0, "rud_viv_destruidas": 395.0, "rud_viv_averiadas": 2088.0, "mmi_usgs": 6.7, "tasa_rud_pct": 51.3992}}, {"type": "Feature", "geometry": {"type": "Point", "coordinates": [-76.694409, 5.098291]}, "properties": {"municipio": "Medio San Juan", "departamento": "Chocó", "n_noticias": 8, "n_prensa_recogida": 65, "noticias_ejemplo": [{"fecha": "2026-09-11T01:17:12", "medio": "Google News — Bajo Baudó", "titulo": "Sismo de magnitud 3,1 con epicentro en Medio San Juan, Chocó: el SGC lo ubicó a 43 km de profundidad - Minuto60", "url": "https://news.google.com/rss/articles/CBMimgFBVV95cUxOZFdud2VfeXBkQ0d0bm5YSFIwZ1Z3a2FBbkQ3cHFDMWRzU1o0UHNudmJvb2tjQV9Zb2xFRERPcEFCWXBicmdITFVVTEdOZnEzVU01U09xczRselk5MlpkczRnbXhIaUNEVzh5UFFwWU13Q2labnZaQmhFZ2thSlNhSDBQeTIxNC1EOUhLVnlGSXN2dkxYd3IwNmRn?oc=5"}, {"fecha": "2026-09-08T11:04:41", "medio": "Google News — Medio San Juan", "titulo": "Sismo de magnitud 4,0 se registró en Medio San Juan, Chocó - río noticias", "url": "https://news.google.com/rss/articles/CBMihwFBVV95cUxNTEZHbmVvYWR5d3hfT3NKVmZPZmRLczFUcU1KZ056Ukx4QVpqWDJnbU54N0VLSjNlMWZrb25ZSTVUUkF0MExNRUt4c2NUU0xiVTdiYW9LdkM4RUs3MnNYdXQ1LUtKaVpyVXlQZzg1OWhjSGFibDJMc3B0MGl4cmhWNzh3MW5nblXSAYwBQVVfeXFMT0tGUWFTcTU5UUI3MWk3VkpDWFRWUDNKTllWU00zb3lScE05YXc4ek5LdUFoaFpNNzZYUS0zbXNvUUROMWtvVlZLX085SHA3d2RsejZOWVVsREgxS19Ybzd3ZGcxbHEtYWxLNERpMXhfeHoteVpwSDZYM0dINXVhcTBMVE1wbThlbnZaOWc?oc=5"}, {"fecha": "2026-09-06T23:14:50", "medio": "Google News — Medio San Juan", "titulo": "Nuevo sismo de magnitud 3,7 sacudió al Chocó este domingo: epicentro en Medio San Juan - Diario La Libertad", "url": "https://news.google.com/rss/articles/CBMiwwFBVV95cUxQdzQ4bWYzcUlkQ1luM2ZpMmljWEdYMkstTFVOTEltb3c5RXFIeXlYMVpSUFdpTFFTUzlBNUZtY1QxWVNrTFBDdm1lbDF5YmsteXBXdHE1bDhBV0ZqWnZQMGpJMUtWa2FRRGREVnoydXJlNUVQdDVOSjAzSURsd0Y5RWJyVEtfTkFuM1Q3VU91MGtRSTBQeDFsc01CUTdNNkN4aGJqaHg4LU5hQTZtM1ZmZGJ2dGRuYXFjNm9iZXl4RlZXSGc?oc=5"}], "dyfi_max_cdi": null, "dyfi_respuestas": null, "dyfi_celdas": 0, "dyfi_min_dist_km": null, "divipola": "27450", "poblacion_2026": 11296, "cabecera_2026": 2632, "rural_2026": 8664, "poblacion_fuente": "DANE PPED municipal por área 2018-2042", "en_aoi_copernicus": false, "estado": "mencion_prensa", "busqueda_propia": true, "fuentes": ["prensa", "rud"], "unosat_edificios": null, "unosat_observados": null, "unosat_posibles": null, "unosat_fecha_imagen": null, "unosat_codigo_inconsistente": null, "sertit_edificios": null, "sertit_destruidos": null, "sertit_danados": null, "sertit_posibles": null, "sertit_sin_grado": null, "sertit_area_km2": null, "sertit_imagen_literal": null, "rud_familias": 1247.0, "rud_personas": 2294.0, "rud_viv_destruidas": 72.0, "rud_viv_averiadas": 298.0, "mmi_usgs": 7.0, "tasa_rud_pct": 20.3081}}, {"type": "Feature", "geometry": {"type": "Point", "coordinates": [-77.265507, 5.709812]}, "properties": {"municipio": "Nuquí", "departamento": "Chocó", "n_noticias": 3, "n_prensa_recogida": 3, "noticias_ejemplo": [{"fecha": "2026-08-13T22:13:43", "medio": "Google News — Bahía Solano", "titulo": "Chocó busca proteger la actividad turística en Nuquí, Bahía Solano y Juradó tras el terremoto - IFM Noticias", "url": "https://news.google.com/rss/articles/CBMiwwFBVV95cUxQSnk2YXZDWGZLRkY5WGZJUW1tRG10MzNPVGVPV0tnRGl1SmpFdld1Rng0V0dkMTY5clZpZVRnbWFfcGlQU1BQNk1HTk55ZnlzbHA0N2pRczZqME9yZmhNT29oYlpVU0V4MlZhRzFUNnYzQXlGenRwZ3JtMHplQ2VjTVlCMTcyWTN4VGRSU0tWWmhXdFVaTXZEalk3cTZycjBDRHVQUS1ycnpvd3o5b2dmbEFFZTRFTzN0bnN2azhxR3htNDQ?oc=5"}, {"fecha": "2026-08-10T17:19:34", "medio": "Google News — Nuquí", "titulo": "“Las afectaciones han sido numerosas”: personero municipal de Nuquí, Chocó, tras el terremoto - NTN24", "url": "https://news.google.com/rss/articles/CBMi0wFBVV95cUxOemRoXzUwRU8td2h2SHJqRTlQTVJ5V1I3dUdZdkY3ejFNYUplTTlOcElDcUJLQlc3VUowbUQxdm5oWlR2VlhUVmxZUm1YSUtqcmc3NF9xX2xyZzhvSm1LWHVYbzdhQTJxbUI0NDZ2YzYwTU94TkU0eUY2dFFrUFZuOUNWSklGRlpPTkg4UXdWU3FfZTBrdm42aWJBYnJpMEUwT1FWWE44bGl5Y1lVak8yVjRlUWVEeXhGT2lua2hyZ3AzWV8xSmZYNTJ3NUMxM1ZkVXhB0gHTAUFVX3lxTE1fZmF0ejBWMXFhd0xkRWtUYTRmNmpGOVBOYTlwelJ1dlJEVm43dTVsWHkwNENhYW1zN19sMWh0NWwyQ1puU3JRUXd2MzBwSElVVjd4QnJYNDI0VW8yU094cFlrV290a0l3QnE3Vy1wdjEtUWg4OW1vZHcycG9CRksxNlNpUkpHZDg4b3BTaVNCM0hfa2I5UXdNQTV2VVQ3QWJiYlh1Yzcza0tjdWtRT1hxSWFjUzhVT0FseGRtYm5LRmJMUnJITDl1Z0VYYjZKUVdpYkU?oc=5"}, {"fecha": "2026-08-10T07:00:00", "medio": "Google News — Nuquí", "titulo": "🔴🔵 #ExitosaTeEscucha 🎤 | En diálogo con Exitosa, Jhon Jaramillo, personero municipal de Nuquí, Chocó, Colombia, informó sobre la situación tras el fuerte terremoto que remeció el país. 📻 95.5 FM 📡 6.1", "url": "https://news.google.com/rss/articles/CBMi5AFBVV95cUxORFcwWWxfTzFrOENza2lrWDRfdVJhc19Gb0Z0VlJyaHhBLVpRLXZrMDFWY0E3REk1SXZTczBKN0ZnYnZXY1VPdlVqU21malNKR25ndUpBSE1mcE1sYXQ2emFscFozVWw5dEVvdklwRHRIcjRrbEE3V2NTa04xaXdwM29PVVlTMTlhOFVyeE5XaE9xT1pUOWlFZ3NSVzlRdGoxRVc3MnNvN1d1WS1fY0xweHJQZGdSakdQYTAwaU5DeFB1cWQtR0lwVm9obWQ3SERUQ3cyOURMQWNuUl9YcFFMM2c5V1M?oc=5"}], "dyfi_max_cdi": null, "dyfi_respuestas": null, "dyfi_celdas": 0, "dyfi_min_dist_km": null, "divipola": "27495", "poblacion_2026": 18970, "cabecera_2026": 1332, "rural_2026": 17638, "poblacion_fuente": "DANE PPED municipal por área 2018-2042", "en_aoi_copernicus": false, "estado": "mencion_prensa", "busqueda_propia": true, "fuentes": ["prensa", "rud"], "unosat_edificios": null, "unosat_observados": null, "unosat_posibles": null, "unosat_fecha_imagen": null, "unosat_codigo_inconsistente": null, "sertit_edificios": null, "sertit_destruidos": null, "sertit_danados": null, "sertit_posibles": null, "sertit_sin_grado": null, "sertit_area_km2": null, "sertit_imagen_literal": null, "rud_familias": 225.0, "rud_personas": 284.0, "rud_viv_destruidas": 0.0, "rud_viv_averiadas": 4.0, "mmi_usgs": 5.8, "tasa_rud_pct": 1.4971}}, {"type": "Feature", "geometry": {"type": "Point", "coordinates": [-76.609467, 4.956063]}, "properties": {"municipio": "Nóvita", "departamento": "Chocó", "n_noticias": 8, "n_prensa_recogida": 13, "noticias_ejemplo": [{"fecha": "2026-08-14T05:14:35", "medio": "Google News — Nóvita", "titulo": "Nuevo sismo de magnitud 4,0 en Chocó: SGC indicó que el epicentro fue en el municipio de Nóvita - ELHERALDO.CO", "url": "https://news.google.com/rss/articles/CBMi1gFBVV95cUxNTnlodnpLeXh5TXNJdVZzWmllTzQzTXVYYkYzMi1OZmVzUHhXSXM4OGxqajEzWjB3cUlvUUxaeUFXRzRfci1xOWdsdk4zZWd0enhJZTFGV29SUmpWaGEzYXFuLXRROF9yaGxNaUt5MnlHWThrUDJQRERheF94ZkRQZVZQYUxrU0FmSm1Ua0ZtT0o1VXd5SWdtWl9pcHNadUw2ZkdDNjBFVEYwN2hCMnp0RDVxX2laVFBjdVZQUmtyOEk3bGVSTDZNX0d0clFvVm5MQmE3aExR0gHwAUFVX3lxTFBOTGJkLUx1OVpNaEt4cWU3SWtsN1RySndaUm9YX3FCNWRwRmxaRXQ5NE12R3U2Z2cxTklKeklqZlJCWWQ3bVZMeGFRMlhfZS1GdWlKQVJxZGNmMTF5Rjhyc0FFWmlpZmNRaGZLZDFIUkFqdUs4WHBoTTVlTGsxSEVRRU1oeWpxUHNFM18xSUMyU3dJZ1d2M0ZqMDdScFFZbEVJRjljdlMtalVXbm55SmktV2hwQW03dVdFY3M0RVp4VDdVdk01OTU1cXRPckNRWlZEYUh2YklKanhuRzRDLXNHaHVFNGxDcl9kRE03Z0llZw?oc=5"}, {"fecha": "2026-08-13T15:14:29", "medio": "Google News — San José del Palmar", "titulo": "No deja de temblar en Chocó: en San José del Palmar y Nóvita vivieron momentos de zozobra la madrugada del jueves 13 de agosto - Infobae", "url": "https://news.google.com/rss/articles/CBMi_wFBVV95cUxOcjhpOUpIcEY1dE8zYncxV0o0WFBjaC1Ld2ZJT3RWRzlpUlZEY25iX05weWQ4czdhYk5aRkdWT05WVWVZeTdfWklqekcyMFNBLTAyNElNbU9lcWxKQTNTUlpYWE0tbEYxRTBNdGcxQU5ySmlxT3U4eDJMRUFLeXRJM01WRGdWcmJmcm9jQTllVElGSHVhZnJuSXZyUkZhNFUxS3lraVBOWkZjNjhSU2hvT2VHeFJwUHRNWFN1M3B4RWtEYTh0NHZTcUZWbDl1enlkSWJCbG9UQ3V2ZXFYQ3k2aU1UcVIwNXdZc3J4OHg5STcyT1BIMm85MFVrV0NGOWfSAZoCQVVfeXFMUHY0TjB1WTV0Xy1sQjdUUWo4N3BaYVlSckJWdkJTc3Vpa0ZfeWtEQmFXTHF0THNHODhwZkhxeExJZ2xBSXJIUktmRkNUWWZaaUZtOTlMTTNjdGFBemlaWnRxaVN1QXhtWmE5OUh2TU1KdzhtTXk3Qnh6VjdISG9vcHkwR0F2UEFlT1VpWElIbFJVZG1qM0pwcGhvYkJqQ3JvenBvWHlBQVdoVlZLZU5HU1JmaWNLbGQtOUpJNmhqUFVZZUJ5OHRQM3N3akd0ZWNTc3B2NWNxRmg1dFlPeEN1a3BjczVUYUtyb0VZQnFKYlp1ZUN6bWFXd013NTB1ZkJRYkMtN3hvc1E1N3gyQk9aSnFJX1RpZ2lJcTF3?oc=5"}, {"fecha": "2026-08-13T07:00:00", "medio": "Google News — Medio San Juan", "titulo": "No deja de temblar en Chocó: en San José del Palmar y Nóvita vivieron momentos de zozobra la madrugada del jueves 13 de agosto - Infobae", "url": "https://news.google.com/rss/articles/CBMi_wFBVV95cUxOcjhpOUpIcEY1dE8zYncxV0o0WFBjaC1Ld2ZJT3RWRzlpUlZEY25iX05weWQ4czdhYk5aRkdWT05WVWVZeTdfWklqekcyMFNBLTAyNElNbU9lcWxKQTNTUlpYWE0tbEYxRTBNdGcxQU5ySmlxT3U4eDJMRUFLeXRJM01WRGdWcmJmcm9jQTllVElGSHVhZnJuSXZyUkZhNFUxS3lraVBOWkZjNjhSU2hvT2VHeFJwUHRNWFN1M3B4RWtEYTh0NHZTcUZWbDl1enlkSWJCbG9UQ3V2ZXFYQ3k2aU1UcVIwNXdZc3J4OHg5STcyT1BIMm85MFVrV0NGOWc?oc=5"}], "dyfi_max_cdi": null, "dyfi_respuestas": null, "dyfi_celdas": 0, "dyfi_min_dist_km": null, "divipola": "27491", "poblacion_2026": 10016, "cabecera_2026": 3721, "rural_2026": 6295, "poblacion_fuente": "DANE PPED municipal por área 2018-2042", "en_aoi_copernicus": false, "estado": "mencion_prensa", "busqueda_propia": true, "fuentes": ["prensa", "rud"], "unosat_edificios": null, "unosat_observados": null, "unosat_posibles": null, "unosat_fecha_imagen": null, "unosat_codigo_inconsistente": null, "sertit_edificios": null, "sertit_destruidos": null, "sertit_danados": null, "sertit_posibles": null, "sertit_sin_grado": null, "sertit_area_km2": null, "sertit_imagen_literal": null, "rud_familias": 2007.0, "rud_personas": 4442.0, "rud_viv_destruidas": 0.0, "rud_viv_averiadas": 1515.0, "mmi_usgs": 7.1, "tasa_rud_pct": 44.349}}, {"type": "Feature", "geometry": {"type": "Point", "coordinates": [-77.113156, 7.436704]}, "properties": {"municipio": "Riosucio (Chocó)", "departamento": "Chocó", "requiere_depto": true, "n_noticias": 1, "n_prensa_recogida": 11, "noticias_ejemplo": [{"fecha": "2026-09-06T23:56:39", "medio": "Google News — Acandí", "titulo": "Sismo débil mag. 2.8 (inconfirmado) - 25 km al sur de Riosucio, del Choco, Colombia, Sunday 6 Sep 2026 a las 18:47 (GMT -5) - volcanodiscovery.com", "url": "https://news.google.com/rss/articles/CBMivgFBVV95cUxOcm9lMVpKMDZLWnAyelFvcjRxUHhNTWdaQUlGU1d5Mng3bHNFb09NSTdaRHBGenJ1WjViMUNPSERRWk9hbDcxX2VNdzRLRWtvdEYya3NtdXNlNHRoRTFNRndubENmRV9FREpXTkx2M3BMVDJ4MklHYWdDdTB1THpGZG11WW1ROGhhUjlLOVhFeHRJMHBTLXpaZkdfNXNaZUtlSGdyeU9CQV9QQjFLV1dqNDNpRHVCWUNGdmlDSEdn?oc=5"}], "dyfi_max_cdi": null, "dyfi_respuestas": null, "dyfi_celdas": 0, "dyfi_min_dist_km": null, "divipola": "27615", "poblacion_2026": 30386, "cabecera_2026": 14861, "rural_2026": 15525, "poblacion_fuente": "DANE PPED municipal por área 2018-2042", "en_aoi_copernicus": false, "estado": "mencion_prensa", "busqueda_propia": true, "fuentes": ["prensa", "rud"], "unosat_edificios": null, "unosat_observados": null, "unosat_posibles": null, "unosat_fecha_imagen": null, "unosat_codigo_inconsistente": null, "sertit_edificios": null, "sertit_destruidos": null, "sertit_danados": null, "sertit_posibles": null, "sertit_sin_grado": null, "sertit_area_km2": null, "sertit_imagen_literal": null, "rud_familias": 86.0, "rud_personas": 168.0, "rud_viv_destruidas": 5.0, "rud_viv_averiadas": 78.0, "mmi_usgs": 4.8, "tasa_rud_pct": 0.5529}}, {"type": "Feature", "geometry": {"type": "Point", "coordinates": [-76.472925, 5.1863]}, "properties": {"municipio": "Río Iró", "departamento": "Chocó", "n_noticias": 0, "n_prensa_recogida": 10, "noticias_ejemplo": [], "dyfi_max_cdi": null, "dyfi_respuestas": null, "dyfi_celdas": 0, "dyfi_min_dist_km": null, "divipola": "27580", "poblacion_2026": 5848, "cabecera_2026": 1548, "rural_2026": 4300, "poblacion_fuente": "DANE PPED municipal por área 2018-2042", "en_aoi_copernicus": false, "estado": "solo_rud", "busqueda_propia": true, "fuentes": ["rud"], "unosat_edificios": null, "unosat_observados": null, "unosat_posibles": null, "unosat_fecha_imagen": null, "unosat_codigo_inconsistente": null, "sertit_edificios": null, "sertit_destruidos": null, "sertit_danados": null, "sertit_posibles": null, "sertit_sin_grado": null, "sertit_area_km2": null, "sertit_imagen_literal": null, "rud_familias": 670.0, "rud_personas": 2064.0, "rud_viv_destruidas": 132.0, "rud_viv_averiadas": 437.0, "mmi_usgs": 6.9, "tasa_rud_pct": 35.2941}}, {"type": "Feature", "geometry": {"type": "Point", "coordinates": [-76.643453, 4.65262]}, "properties": {"municipio": "Sipí", "departamento": "Chocó", "n_noticias": 27, "n_prensa_recogida": 31, "noticias_ejemplo": [{"fecha": "2026-09-19T23:35:54", "medio": "Google News (agregador es-CO)", "titulo": "Terremoto moderado mag. 4.2 - 24 km S of Sipí, Colombia, Saturday 19 Sep 2026 a las 18:20 (Hora Bogota) - Volcano Discovery", "url": "https://news.google.com/rss/articles/CBMi2gFBVV95cUxNRzNhUHNMWU5QVTA0RFVab1NHYjZ5cWF6SFhFeDhxcHByejdQSjJxdjBINEZXaFh2cHlHRzJ3bmpCMDYtbHR6VXZaRGNMd0wyMFh3czZEYThPT09mcVJqZFRFNWgwNW9yUC0wZmpsMTVGM2lsOGdMd1VjcDhBcG0tRFNuaG42RnBaMllxUk8tNTRiSHpVblI1aFBoR2ZPM0wtMzV5MjItejY5UDhMVGNXY0t1emZ1U3FhLU1fUGVwRHcwTjdYVmMwZ1NZaUxXQ2ZTYmJ4ZDkySWtDdw?oc=5"}, {"fecha": "2026-09-19T14:00:39", "medio": "Google News (agregador es-CO)", "titulo": "Terremoto moderado mag. 4.8 - 29 km WSW of Sipí, Colombia, Saturday 19 Sep 2026 a las 08:44 (Hora Bogota) - Volcano Discovery", "url": "https://news.google.com/rss/articles/CBMi1gFBVV95cUxQVGhIQXZ0UGZRV0szZ281d3E5elU0WVlQdDhEYVUydzk4YWo0bzRKV2xFU3F6VWhwd044S0xvZ0ZYTjMzaC1ycFpsWl9VMWdLeVlrMDRsLU1zbmZYQUl0QzZ3aTRudXVoN3pwWTdxZEN3VDdJdW9LNVJzV095U2lscnNDeTJLR1QwdzVJMXROT2lGVDRQRHVpRkR5MkIxMDVULVhKZnFsdVJVS3ppZy16TndTd21COS1rV0d5X0lyOGZsSWRPaV9BZWlQci1oM3NqRWFhTHV3?oc=5"}, {"fecha": "2026-09-19T05:11:17", "medio": "Google News (agregador es-CO)", "titulo": "Terremoto moderado mag. 4.3 - 29 km SSW of Sipí, Colombia, Saturday 19 Sep 2026 a las 00:01 (Hora Bogota) - Volcano Discovery", "url": "https://news.google.com/rss/articles/CBMi0gFBVV95cUxNVlNhallMRGtTUjdjQmEyeUIxYklwZlRSR1dSc0piQy02VGhOd0V4NUdZSWpkbUFOemxzdjZ0X2N5dThlN3liZFR0Z2dvRnIySXk0bmh5TzFWQWZkc1gwaDQ5eGZ5NEh3V3dNc3VKRV9fb1d6UE1sc1l5a1J4aFRfaVM5ZW9iSk1qZDhvcGNOd3FZTHgybHdmM29FQmxfQ1E2WGNGRDRjUHk0YkNuU2kwd3k4TG9iM0ZnQ09IWjJHb0w2NnJvUWZobmNlVHhVZ2liSXc?oc=5"}], "dyfi_max_cdi": null, "dyfi_respuestas": null, "dyfi_celdas": 0, "dyfi_min_dist_km": null, "divipola": "27745", "poblacion_2026": 3378, "cabecera_2026": 712, "rural_2026": 2666, "poblacion_fuente": "DANE PPED municipal por área 2018-2042", "en_aoi_copernicus": false, "estado": "mencion_prensa", "busqueda_propia": true, "fuentes": ["prensa", "rud"], "unosat_edificios": null, "unosat_observados": null, "unosat_posibles": null, "unosat_fecha_imagen": null, "unosat_codigo_inconsistente": null, "sertit_edificios": null, "sertit_destruidos": null, "sertit_danados": null, "sertit_posibles": null, "sertit_sin_grado": null, "sertit_area_km2": null, "sertit_imagen_literal": null, "rud_familias": 666.0, "rud_personas": 1599.0, "rud_viv_destruidas": 129.0, "rud_viv_averiadas": 409.0, "mmi_usgs": 7.2, "tasa_rud_pct": 47.3357}}, {"type": "Feature", "geometry": {"type": "Point", "coordinates": [-76.558571, 5.264873]}, "properties": {"municipio": "Tadó", "departamento": "Chocó", "n_noticias": 14, "n_prensa_recogida": 15, "noticias_ejemplo": [{"fecha": "2026-09-13T00:07:26", "medio": "Chocó 7 días", "titulo": "PÓDCAST | A un mes del terremoto, ¿dónde están las ayudas para Tadó, Chocó?", "url": "https://choco7dias.com/podcast-a-un-mes-del-terremoto-donde-estan-las-ayudas-para-tado-choco/"}, {"fecha": "2026-09-10T22:49:37", "medio": "Google News — Tadó", "titulo": "PÓDCAST | A un mes del terremoto, ¿dónde están las ayudas para Tadó, Chocó? - consonante.org", "url": "https://news.google.com/rss/articles/CBMiowFBVV95cUxQSkJjN1hnbXhFdW5sWmhLMDVESng4eGI5czQ0TFBJbVpSZ21YR2k4RGg4d2U5WjlnaTI3TW9DVlJMTzQ1a3l2cUlkZ2dSTFlydkhzTTdkUkE3clE0NUZnaUZhaUNhZkdLQTk4Z0hScTFheTVibUxoQ09lc181ZjJ4dUJuRGlWSlFKdVg1VEF4QUxwQ1BiOGE0N3htY2NEZlpPZW5B?oc=5"}, {"fecha": "2026-09-09T12:06:36", "medio": "Google News — Tadó", "titulo": "Sismo débil mag. 2.0 (inconfirmado) - 47 km al sur de Tado, del Choco, Colombia, Tuesday 8 Sep 2026 a las 22:33 (GMT -5) - Volcano Discovery", "url": "https://news.google.com/rss/articles/CBMi0AFBVV95cUxQcE0tdGdHZFZCMldIMjBFek56aVNIUmt2QmtQRU16SU5RRlRybDVqMTRvVGdPTHVTSXZCeUVRM2lKSDJrTUQ1RjF6Yld0VFc0TS1ac0MxN2c3S0p0QXFjZ2gxaGt1RkxsUTZSTEZGd2NLSDNqTXFERm9fTHUzUFRDVkQ2YjRFSV9NcjBSTjZYSk9oempaRlNDN3pJNmJBelpHT3V3ZkNxVFNkSko0QkxfSUNUMjJRSDdxNW5yM05acDRxSzN1VmZtVDkwR1NVTzRh?oc=5"}], "dyfi_max_cdi": null, "dyfi_respuestas": null, "dyfi_celdas": 0, "dyfi_min_dist_km": null, "divipola": "27787", "poblacion_2026": 19486, "cabecera_2026": 11436, "rural_2026": 8050, "poblacion_fuente": "DANE PPED municipal por área 2018-2042", "en_aoi_copernicus": false, "estado": "mencion_prensa", "busqueda_propia": true, "fuentes": ["prensa", "rud"], "unosat_edificios": null, "unosat_observados": null, "unosat_posibles": null, "unosat_fecha_imagen": null, "unosat_codigo_inconsistente": null, "sertit_edificios": null, "sertit_destruidos": null, "sertit_danados": null, "sertit_posibles": null, "sertit_sin_grado": null, "sertit_area_km2": null, "sertit_imagen_literal": null, "rud_familias": 1465.0, "rud_personas": 1557.0, "rud_viv_destruidas": 299.0, "rud_viv_averiadas": 44.0, "mmi_usgs": 6.9, "tasa_rud_pct": 7.9904}}, {"type": "Feature", "geometry": {"type": "Point", "coordinates": [-75.687866, 4.392485]}, "properties": {"municipio": "Córdoba", "departamento": "Quindío", "homonimo_de_departamento": true, "n_noticias": null, "n_prensa_recogida": 0, "noticias_ejemplo": [], "dyfi_max_cdi": null, "dyfi_respuestas": null, "dyfi_celdas": 0, "dyfi_min_dist_km": null, "divipola": "63212", "poblacion_2026": 5863, "cabecera_2026": 3470, "rural_2026": 2393, "poblacion_fuente": "DANE PPED municipal por área 2018-2042", "en_aoi_copernicus": false, "estado": "solo_rud", "busqueda_propia": false, "fuentes": ["rud"], "unosat_edificios": null, "unosat_observados": null, "unosat_posibles": null, "unosat_fecha_imagen": null, "unosat_codigo_inconsistente": null, "sertit_edificios": null, "sertit_destruidos": null, "sertit_danados": null, "sertit_posibles": null, "sertit_sin_grado": null, "sertit_area_km2": null, "sertit_imagen_literal": null, "rud_familias": 1084.0, "rud_personas": 2142.0, "rud_viv_destruidas": 19.0, "rud_viv_averiadas": 359.0, "mmi_usgs": 6.6, "tasa_rud_pct": 36.5342}}, {"type": "Feature", "geometry": {"type": "Point", "coordinates": [-75.942356, 5.106526]}, "properties": {"municipio": "Apía", "departamento": "Risaralda", "n_noticias": 1, "n_prensa_recogida": 2, "noticias_ejemplo": [{"fecha": "2026-08-21T19:30:00", "medio": "Google News — Apía", "titulo": "Pácora se une en jornada solidaria: 2 toneladas de ayuda humanitaria para Apía tras el terremoto - La Patria", "url": "https://news.google.com/rss/articles/CBMiugFBVV95cUxNemZZc1RoeHFKMXIwVy0ybC1JRWVSOGpONUhETlRaZlNGVlZSVUdKclRUb3JpUzcxekZvS0w4b2tEZW5pXzRobHJBdEFKWjFMSFVWb0loMmhUckFpYVd3R2o1TkVaZzdoc3NIRHNiaEY3VXFEZXpFRFRJeXJ1M25LNmxxdmdNbUZORVREYXFfd0Ywb2NYUmF1Q1pOOVE5NU1pSHZpRzUxQTRXa3pqVEs1SlgxVXE3Ykh4Smc?oc=5"}], "dyfi_max_cdi": null, "dyfi_respuestas": null, "dyfi_celdas": 0, "dyfi_min_dist_km": null, "divipola": "66045", "poblacion_2026": 12698, "cabecera_2026": 5919, "rural_2026": 6779, "poblacion_fuente": "DANE PPED municipal por área 2018-2042", "en_aoi_copernicus": false, "estado": "mencion_prensa", "busqueda_propia": true, "fuentes": ["prensa", "rud"], "unosat_edificios": null, "unosat_observados": null, "unosat_posibles": null, "unosat_fecha_imagen": null, "unosat_codigo_inconsistente": null, "sertit_edificios": null, "sertit_destruidos": null, "sertit_danados": null, "sertit_posibles": null, "sertit_sin_grado": null, "sertit_area_km2": null, "sertit_imagen_literal": null, "rud_familias": 983.0, "rud_personas": 2335.0, "rud_viv_destruidas": 36.0, "rud_viv_averiadas": 419.0, "mmi_usgs": 6.9, "tasa_rud_pct": 18.3887}}, {"type": "Feature", "geometry": {"type": "Point", "coordinates": [-75.958663, 4.949096]}, "properties": {"municipio": "Balboa", "departamento": "Risaralda", "requiere_depto": true, "n_noticias": 2, "n_prensa_recogida": 27, "noticias_ejemplo": [{"fecha": "2026-08-17T15:10:26", "medio": "Google News — Pereira", "titulo": "Terremoto en Balboa, Risaralda: viviendas destruidas, daños en escuelas y emergencia por suministro de agua - Pulzo", "url": "https://news.google.com/rss/articles/CBMivwFBVV95cUxOeEpxMVMxcUVxV3ZoWTV1UkpWcmQxcE1JdGtTWFJqSjlDTWdmRE4ybURVS25QSDRuMVFWS0hIbTZkeGgzb0VncjhnU2VaalRxMVQxSWxZOTJ5VTVmaG93VU42U29pWlVpMFpUcng3OFl3OTRRMEpiR1N5d2tnVjJERnVESm5jYno3dTduZmtUTUs1c0lLWjEyUUpfMHdiWEFSd0RKc3I0dXdNRFdtNWRaeTJrSUN5QWcyb3dleHZhMA?oc=5"}, {"fecha": "2026-08-17T15:10:26", "medio": "Google News — Pereira", "titulo": "Terremoto en Balboa, Risaralda: viviendas destruidas, daños en escuelas y emergencia por suministro de agua - Pulzo", "url": "https://news.google.com/rss/articles/CBMivwFBVV95cUxOeEpxMVMxcUVxV3ZoWTV1UkpWcmQxcE1JdGtTWFJqSjlDTWdmRE4ybURVS25QSDRuMVFWS0hIbTZkeGgzb0VncjhnU2VaalRxMVQxSWxZOTJ5VTVmaG93VU42U29pWlVpMFpUcng3OFl3OTRRMEpiR1N5d2tnVjJERnVESm5jYno3dTduZmtUTUs1c0lLWjEyUUpfMHdiWEFSd0RKc3I0dXdNRFdtNWRaeTJrSUN5QWcyb3dleHZhMNIBxAFBVV95cUxQeFEtZnFJX2I4NENaM3JwdU1nQ1AwbkVfTy1WeEJzLVdoSHY2SEJIWEQzLWxEZEg1bzl4RzNPLVNzWEhmb283Zlo4NW40LTB4UzBLN0FDSkh3cklJYmhNdHVJaDd4NnhZR1V1WEs5d1Y1Q0RQcndfUlQxRWJGUDVqOWxvcTd5dUp4dEtLZXJETW1KcWpYdUl3UUpkSHpYZTRURGNOSk9abkM1dzVBMGFOTjdNRmx6TmtqRmlINDd0blR3a2hQ?oc=5"}], "dyfi_max_cdi": null, "dyfi_respuestas": null, "dyfi_celdas": 0, "dyfi_min_dist_km": null, "divipola": "66075", "poblacion_2026": 6601, "cabecera_2026": 1738, "rural_2026": 4863, "poblacion_fuente": "DANE PPED municipal por área 2018-2042", "en_aoi_copernicus": false, "estado": "mencion_prensa", "busqueda_propia": true, "fuentes": ["prensa", "rud"], "unosat_edificios": null, "unosat_observados": null, "unosat_posibles": null, "unosat_fecha_imagen": null, "unosat_codigo_inconsistente": null, "sertit_edificios": null, "sertit_destruidos": null, "sertit_danados": null, "sertit_posibles": null, "sertit_sin_grado": null, "sertit_area_km2": null, "sertit_imagen_literal": null, "rud_familias": 773.0, "rud_personas": 2179.0, "rud_viv_destruidas": 47.0, "rud_viv_averiadas": 560.0, "mmi_usgs": 7.3, "tasa_rud_pct": 33.0101}}, {"type": "Feature", "geometry": {"type": "Point", "coordinates": [-75.868334, 5.200793]}, "properties": {"municipio": "Belén de Umbría", "departamento": "Risaralda", "n_noticias": 7, "n_prensa_recogida": 33, "noticias_ejemplo": [{"fecha": "2026-08-29T21:20:02", "medio": "Google News — Belén de Umbría", "titulo": "Los fuertes vientos provocaron daños en cultivos, derribaron árboles y golpearon viviendas que habían sido cubiertas provisionalmente con plástico tras el terremoto en Belén de Umbría. - facebook.com", "url": "https://news.google.com/rss/articles/CBMi7wFBVV95cUxQbkdZZG5SMU4wRXQ0T0FtTFFBTDhwYzBRZHcyWnY3ZTNLSXkwMkdzcDRGc1Q1MmNubm9SUkM4RUYtWHRrYXJldFprY0tqUmFpOXB6LWtsSnhKTW5hMkVldEY1NmZNYWd4cndRTGtYXzc2NHVhRHZoeG1kTHp6WDBPWERFcTV3bWVzZ3FSSlRDTkRiYUdYdzA3X0Rxc1hiRzhWNkJUZVZSb3FRbHFzaGt2QTBYVVR6MmlRdnNmbkpRenEybXJXU19ldURaTDJJZEJyWUJoTUFfUllBSWFmTWxaZzh2Tl9YWUhxWVlSd0dPbw?oc=5"}, {"fecha": "2026-08-28T11:28:24", "medio": "Google News — Belén de Umbría", "titulo": "Belén de Umbría pide revisar situación catastral de predios de viviendas colapsadas por el terremoto - Caracol Radio", "url": "https://news.google.com/rss/articles/CBMi0AFBVV95cUxQWDV5NFVLTHk0SzlTWTlvc2Yyc1Y3M1JIaVJLV0o1aV9IZUxMME1xSWVST1pkWi1NSDJheDdvNnVpLXZ4YnFkX3ZLSWFfN2oyQXhnNzBpUWt5cFBxb2JHNkJCMTRuLTlFcHUtcUxlZGJsNV9Qakdja3l0SFd5TXV5OXpqYTBneVhiWnV1N0d5djlRRzctNm5mR2FhUzJkVDRxWk1ZNlBoRGRZOXREZV9oS014RTVqaWJ5THZ6SDVlT2dMblFyQ1JRcFR4RVVNRzhI0gHkAUFVX3lxTE82dlBhb3ljRktMTkRnVE9jM0xqeTFMcWdVQkFmYTROUXVPQVFGNmNmbk8wTVdLM2lpLUI3WkdiandPam1iYS1CZ3p6Q3ZJR2p5VTVZRlpMeDVGMW9ES1pMZVE0MmZIVTBmTE5BUVAzcEpqX2VyOC1LTFR1dlR0Y1k3MVZYcGhCRHNPYlNHWlRzNUhJdEhiNEZFNDRuNDl4YXBfdkswU3NRUjVibHhOVWxTVGZONm1FZXBYY1lnNUFjcUEtZ1g5aTNxSGNNX01PT1N5VmgxR24zZERUek4tOWxZaWxkVQ?oc=5"}, {"fecha": "2026-08-21T23:20:00", "medio": "Google News — Chinchiná", "titulo": "Sismo débil mag. 2.7 (inconfirmado) - 29 km al oeste de Belen de Umbria, Risaralda, Colombia, Friday 21 Aug 2026 a las 05:31 (GMT -5) - Volcano Discovery", "url": "https://news.google.com/rss/articles/CBMiowFBVV95cUxPSnRBN2t0OC1wdEFkaXpBZTFxZVNSOG1GODhuSW5JZ3FBdGlwaFBaN2lnbHV2ZXNDMlFoUzdvVzVDeHpIYWVVZUVDRktzbV9zZW42X3pGcHVITm1FalExTHQ2b3RJVHd6X0dDajlCZHh4REx6Z09qSEx3dGwtdmVfNkdzS3NTVWJXcldLTDRBdDFZZVVJWE5MYjlFSllhZmMxTzJv?oc=5"}], "dyfi_max_cdi": 5.6, "dyfi_respuestas": 1, "dyfi_celdas": 1, "dyfi_min_dist_km": 120, "divipola": "66088", "poblacion_2026": 25277, "cabecera_2026": 13413, "rural_2026": 11864, "poblacion_fuente": "DANE PPED municipal por área 2018-2042", "en_aoi_copernicus": false, "estado": "mencion_prensa", "busqueda_propia": true, "fuentes": ["prensa", "dyfi", "rud"], "unosat_edificios": null, "unosat_observados": null, "unosat_posibles": null, "unosat_fecha_imagen": null, "unosat_codigo_inconsistente": null, "sertit_edificios": null, "sertit_destruidos": null, "sertit_danados": null, "sertit_posibles": null, "sertit_sin_grado": null, "sertit_area_km2": null, "sertit_imagen_literal": null, "rud_familias": 1736.0, "rud_personas": 4040.0, "rud_viv_destruidas": 79.0, "rud_viv_averiadas": 852.0, "mmi_usgs": 6.4, "tasa_rud_pct": 15.9829}}, {"type": "Feature", "geometry": {"type": "Point", "coordinates": [-75.799005, 5.315367]}, "properties": {"municipio": "Guática", "departamento": "Risaralda", "n_noticias": 0, "n_prensa_recogida": 0, "noticias_ejemplo": [], "dyfi_max_cdi": null, "dyfi_respuestas": null, "dyfi_celdas": 0, "dyfi_min_dist_km": null, "divipola": "66318", "poblacion_2026": 12461, "cabecera_2026": 4058, "rural_2026": 8403, "poblacion_fuente": "DANE PPED municipal por área 2018-2042", "en_aoi_copernicus": false, "estado": "solo_rud", "busqueda_propia": true, "fuentes": ["rud"], "unosat_edificios": null, "unosat_observados": null, "unosat_posibles": null, "unosat_fecha_imagen": null, "unosat_codigo_inconsistente": null, "sertit_edificios": null, "sertit_destruidos": null, "sertit_danados": null, "sertit_posibles": null, "sertit_sin_grado": null, "sertit_area_km2": null, "sertit_imagen_literal": null, "rud_familias": 883.0, "rud_personas": 2140.0, "rud_viv_destruidas": 51.0, "rud_viv_averiadas": 462.0, "mmi_usgs": 6.1, "tasa_rud_pct": 17.1736}}, {"type": "Feature", "geometry": {"type": "Point", "coordinates": [-76.0032, 5.002787]}, "properties": {"municipio": "La Celia", "departamento": "Risaralda", "n_noticias": 1, "n_prensa_recogida": 17, "noticias_ejemplo": [{"fecha": "2026-09-15T18:14:05", "medio": "Google News — La Celia", "titulo": "Últimos Sismos cerca de La Celia, Risaralda, Colombia: Temblores recientes últimos 7 días - Volcano Discovery", "url": "https://news.google.com/rss/articles/CBMieEFVX3lxTE1VcnJ3ckZaMHpNTjJLb3plQkFwTk1OT2NucnpoWTlpTkJZOEc1TGlWT2FrUjUyWnVxVU0zbDFuNkExNmtDY0Y2d1ZYa0FEMVphSnFxZGx5UjNEQ0ZWbDRHVWwxVXlpNXRKSm51bDlUZzBTY3lKSW15Zw?oc=5"}], "dyfi_max_cdi": null, "dyfi_respuestas": null, "dyfi_celdas": 0, "dyfi_min_dist_km": null, "divipola": "66383", "poblacion_2026": 7700, "cabecera_2026": 3145, "rural_2026": 4555, "poblacion_fuente": "DANE PPED municipal por área 2018-2042", "en_aoi_copernicus": false, "estado": "mencion_prensa", "busqueda_propia": true, "fuentes": ["prensa", "rud"], "unosat_edificios": null, "unosat_observados": null, "unosat_posibles": null, "unosat_fecha_imagen": null, "unosat_codigo_inconsistente": null, "sertit_edificios": null, "sertit_destruidos": null, "sertit_danados": null, "sertit_posibles": null, "sertit_sin_grado": null, "sertit_area_km2": null, "sertit_imagen_literal": null, "rud_familias": 586.0, "rud_personas": 1457.0, "rud_viv_destruidas": 19.0, "rud_viv_averiadas": 274.0, "mmi_usgs": 7.2, "tasa_rud_pct": 18.9221}}, {"type": "Feature", "geometry": {"type": "Point", "coordinates": [-75.880394, 4.896624]}, "properties": {"municipio": "La Virginia", "departamento": "Risaralda", "requiere_depto": true, "n_noticias": 5, "n_prensa_recogida": 45, "noticias_ejemplo": [{"fecha": "2026-08-17T12:05:44", "medio": "Google News — Pereira", "titulo": "Gobierno Nacional anuncia subsidios y plan de reconstrucción para familias afectadas por el terremoto en La Virginia, Risaralda - Pulzo", "url": "https://news.google.com/rss/articles/CBMixwFBVV95cUxQX2R5R0UxZ3RZWDJ3RE5WWC0xeFdaME96VktId1RsZFhqVVBXMnhtYUFtczNBZnZHVDRacmFaTEttZU1xdHczT0ttWW9JTVFUaDFyd2QzckFGT0Y5cGNtekx5S3dNdVJ3TFpfM2VPRmtwQjBmZ3Y0QW5URkxjV1NlT2p3WnlRS1VMVWZoQWwzV2VNRDV6NjJsNkxaU19HSlBHbFFkT3gzNkFBNHByMTNaa1lCdlR3Z1UxMmVCX2w1ZmZhclZmTEZZ0gHMAUFVX3lxTE9wOXUwdm1CRmpfdlY1enpmMWlXaHYwRVl5MDY4cWtScFFOaDZaSHl1RkZhTDZoU3lVZ3NSdWdBVDNtT1pIM1hRM1dSY2NVdGg3U09GT0cxN1R1NmMxUkJ6Z20wNkw4OVlEYkFSRUtDckthY0U4b2RNWmFrLU9pdENUbkFfOHVjRklwVTZBVXZhVjU1cWx0M0xVUmZaa19zbHA2VE1sOVpWVEJSa004Z1N3c2xSaEdLemVrOXR5M21oM1dGM29RcEE0VURlRw?oc=5"}, {"fecha": "2026-08-17T12:05:44", "medio": "Google News — Pereira", "titulo": "Reconstrucción en La Virginia, Risaralda: ayudas y subsidios tras el terremoto en Colombia - Pulzo", "url": "https://news.google.com/rss/articles/CBMixwFBVV95cUxQX2R5R0UxZ3RZWDJ3RE5WWC0xeFdaME96VktId1RsZFhqVVBXMnhtYUFtczNBZnZHVDRacmFaTEttZU1xdHczT0ttWW9JTVFUaDFyd2QzckFGT0Y5cGNtekx5S3dNdVJ3TFpfM2VPRmtwQjBmZ3Y0QW5URkxjV1NlT2p3WnlRS1VMVWZoQWwzV2VNRDV6NjJsNkxaU19HSlBHbFFkT3gzNkFBNHByMTNaa1lCdlR3Z1UxMmVCX2w1ZmZhclZmTEZZ?oc=5"}, {"fecha": "2026-08-15T17:04:30", "medio": "Google News — La Virginia", "titulo": "Terremoto en La Virginia, Risaralda: balance de daños, familias afectadas y necesidades de ayuda tras la emergencia - Pulzo", "url": "https://news.google.com/rss/articles/CBMixwFBVV95cUxNdU1aRnZyWEMyYjRFVWVJblR2OTNUWnR6UUVCeEFxa1NVaVJfa3FORHRjQVB3WWhadHBvbDZNbVhjNkVuSGdQaTNhWVc2MmpjdVp4cnk4Q01wWGJQckdXcktIenpXMVVRRHZDWWZkRE5sRTVxRHJsWHBYZ0hfM2RjaFI2N2owSUFnVlFxRFNna2x6eXRDRkltT1JsNmlabmw2VVdlRmRxaXZQR3NEMndScTNQa1lTUXhNT3lQZkhfd1lNQ3U3TENn?oc=5"}], "dyfi_max_cdi": null, "dyfi_respuestas": null, "dyfi_celdas": 0, "dyfi_min_dist_km": null, "divipola": "66400", "poblacion_2026": 28386, "cabecera_2026": 27764, "rural_2026": 622, "poblacion_fuente": "DANE PPED municipal por área 2018-2042", "en_aoi_copernicus": false, "estado": "evaluado_satelite", "busqueda_propia": true, "fuentes": ["prensa", "rud", "sertit"], "unosat_edificios": null, "unosat_observados": null, "unosat_posibles": null, "unosat_fecha_imagen": null, "unosat_codigo_inconsistente": null, "sertit_edificios": 49, "sertit_destruidos": 7, "sertit_danados": 14, "sertit_posibles": 28, "sertit_sin_grado": null, "sertit_area_km2": 154.19, "sertit_imagen_literal": "Pléiades-HR acquise le 12/08/2026", "rud_familias": 1982.0, "rud_personas": 4408.0, "rud_viv_destruidas": 105.0, "rud_viv_averiadas": 732.0, "mmi_usgs": 7.6, "tasa_rud_pct": 15.5288}}, {"type": "Feature", "geometry": {"type": "Point", "coordinates": [-75.73879, 4.935771]}, "properties": {"municipio": "Marsella", "departamento": "Risaralda", "requiere_depto": true, "n_noticias": 0, "n_prensa_recogida": 29, "noticias_ejemplo": [], "dyfi_max_cdi": null, "dyfi_respuestas": null, "dyfi_celdas": 0, "dyfi_min_dist_km": null, "divipola": "66440", "poblacion_2026": 17320, "cabecera_2026": 9332, "rural_2026": 7988, "poblacion_fuente": "DANE PPED municipal por área 2018-2042", "en_aoi_copernicus": false, "estado": "solo_rud", "busqueda_propia": true, "fuentes": ["rud"], "unosat_edificios": null, "unosat_observados": null, "unosat_posibles": null, "unosat_fecha_imagen": null, "unosat_codigo_inconsistente": null, "sertit_edificios": null, "sertit_destruidos": null, "sertit_danados": null, "sertit_posibles": null, "sertit_sin_grado": null, "sertit_area_km2": null, "sertit_imagen_literal": null, "rud_familias": 1948.0, "rud_personas": 4518.0, "rud_viv_destruidas": 49.0, "rud_viv_averiadas": 522.0, "mmi_usgs": 7.3, "tasa_rud_pct": 26.0855}}, {"type": "Feature", "geometry": {"type": "Point", "coordinates": [-75.882886, 5.297039]}, "properties": {"municipio": "Mistrató", "departamento": "Risaralda", "n_noticias": 1, "n_prensa_recogida": 1, "noticias_ejemplo": [{"fecha": "2026-09-02T16:31:41", "medio": "Google News — Mistrató", "titulo": "Soldados llevan ayuda a 12 familias afectadas por el terremoto en Mistrató, Risaralda - Diario La Libertad", "url": "https://news.google.com/rss/articles/CBMiwwFBVV95cUxQZC1fbHFENTFaekQ2RHdhMUszNksweGxaOXV2V3RWTmZzdE9xVmJRX2ptUlV3ZE0tM012UHFmZU83cURyMjlYaVJWMk9sODNlLVcwa1BmNUhYeW1XUjVUdzFSLWRNNHplYjRuTHNSTW42VFRiOTB2aHNrczFhWEZFa1ppc3VkSlBydEdESVN0SDF1UVJ2WmdmQTd0MTZYTTkybS0tYTJIZy1RRHN0MjgzamlTd3VwV3pMNXdUWFo4VzR4Qzg?oc=5"}], "dyfi_max_cdi": null, "dyfi_respuestas": null, "dyfi_celdas": 0, "dyfi_min_dist_km": null, "divipola": "66456", "poblacion_2026": 18515, "cabecera_2026": 4715, "rural_2026": 13800, "poblacion_fuente": "DANE PPED municipal por área 2018-2042", "en_aoi_copernicus": false, "estado": "mencion_prensa", "busqueda_propia": true, "fuentes": ["prensa", "rud"], "unosat_edificios": null, "unosat_observados": null, "unosat_posibles": null, "unosat_fecha_imagen": null, "unosat_codigo_inconsistente": null, "sertit_edificios": null, "sertit_destruidos": null, "sertit_danados": null, "sertit_posibles": null, "sertit_sin_grado": null, "sertit_area_km2": null, "sertit_imagen_literal": null, "rud_familias": 1152.0, "rud_personas": 4008.0, "rud_viv_destruidas": 12.0, "rud_viv_averiadas": 979.0, "mmi_usgs": 6.3, "tasa_rud_pct": 21.6473}}, {"type": "Feature", "geometry": {"type": "Point", "coordinates": [-76.030801, 5.222043]}, "properties": {"municipio": "Pueblo Rico", "departamento": "Risaralda", "n_noticias": 0, "n_prensa_recogida": 24, "noticias_ejemplo": [], "dyfi_max_cdi": null, "dyfi_respuestas": null, "dyfi_celdas": 0, "dyfi_min_dist_km": null, "divipola": "66572", "poblacion_2026": 18544, "cabecera_2026": 3657, "rural_2026": 14887, "poblacion_fuente": "DANE PPED municipal por área 2018-2042", "en_aoi_copernicus": false, "estado": "solo_rud", "busqueda_propia": true, "fuentes": ["rud"], "unosat_edificios": null, "unosat_observados": null, "unosat_posibles": null, "unosat_fecha_imagen": null, "unosat_codigo_inconsistente": null, "sertit_edificios": null, "sertit_destruidos": null, "sertit_danados": null, "sertit_posibles": null, "sertit_sin_grado": null, "sertit_area_km2": null, "sertit_imagen_literal": null, "rud_familias": 1080.0, "rud_personas": 3490.0, "rud_viv_destruidas": 47.0, "rud_viv_averiadas": 382.0, "mmi_usgs": 6.7, "tasa_rud_pct": 18.8201}}, {"type": "Feature", "geometry": {"type": "Point", "coordinates": [-75.730431, 5.340456]}, "properties": {"municipio": "Quinchía", "departamento": "Risaralda", "n_noticias": 0, "n_prensa_recogida": 1, "noticias_ejemplo": [], "dyfi_max_cdi": null, "dyfi_respuestas": null, "dyfi_celdas": 0, "dyfi_min_dist_km": null, "divipola": "66594", "poblacion_2026": 28053, "cabecera_2026": 8208, "rural_2026": 19845, "poblacion_fuente": "DANE PPED municipal por área 2018-2042", "en_aoi_copernicus": false, "estado": "solo_rud", "busqueda_propia": true, "fuentes": ["rud"], "unosat_edificios": null, "unosat_observados": null, "unosat_posibles": null, "unosat_fecha_imagen": null, "unosat_codigo_inconsistente": null, "sertit_edificios": null, "sertit_destruidos": null, "sertit_danados": null, "sertit_posibles": null, "sertit_sin_grado": null, "sertit_area_km2": null, "sertit_imagen_literal": null, "rud_familias": 1034.0, "rud_personas": 3057.0, "rud_viv_destruidas": 53.0, "rud_viv_averiadas": 627.0, "mmi_usgs": 6.1, "tasa_rud_pct": 10.8972}}, {"type": "Feature", "geometry": {"type": "Point", "coordinates": [-75.964628, 5.074911]}, "properties": {"municipio": "Santuario", "departamento": "Risaralda", "requiere_depto": true, "n_noticias": 0, "n_prensa_recogida": 23, "noticias_ejemplo": [], "dyfi_max_cdi": null, "dyfi_respuestas": null, "dyfi_celdas": 0, "dyfi_min_dist_km": null, "divipola": "66687", "poblacion_2026": 12968, "cabecera_2026": 6836, "rural_2026": 6132, "poblacion_fuente": "DANE PPED municipal por área 2018-2042", "en_aoi_copernicus": false, "estado": "solo_rud", "busqueda_propia": true, "fuentes": ["rud"], "unosat_edificios": null, "unosat_observados": null, "unosat_posibles": null, "unosat_fecha_imagen": null, "unosat_codigo_inconsistente": null, "sertit_edificios": null, "sertit_destruidos": null, "sertit_danados": null, "sertit_posibles": null, "sertit_sin_grado": null, "sertit_area_km2": null, "sertit_imagen_literal": null, "rud_familias": 945.0, "rud_personas": 2447.0, "rud_viv_destruidas": 17.0, "rud_viv_averiadas": 342.0, "mmi_usgs": 7.1, "tasa_rud_pct": 18.8695}}, {"type": "Feature", "geometry": {"type": "Point", "coordinates": [-75.779792, 4.674994]}, "properties": {"municipio": "Alcalá", "departamento": "Valle del Cauca", "requiere_depto": true, "n_noticias": 0, "n_prensa_recogida": 2, "noticias_ejemplo": [], "dyfi_max_cdi": null, "dyfi_respuestas": null, "dyfi_celdas": 0, "dyfi_min_dist_km": null, "divipola": "76020", "poblacion_2026": 14335, "cabecera_2026": 10752, "rural_2026": 3583, "poblacion_fuente": "DANE PPED municipal por área 2018-2042", "en_aoi_copernicus": false, "estado": "solo_rud", "busqueda_propia": true, "fuentes": ["rud"], "unosat_edificios": null, "unosat_observados": null, "unosat_posibles": null, "unosat_fecha_imagen": null, "unosat_codigo_inconsistente": null, "sertit_edificios": null, "sertit_destruidos": null, "sertit_danados": null, "sertit_posibles": null, "sertit_sin_grado": null, "sertit_area_km2": null, "sertit_imagen_literal": null, "rud_familias": 1507.0, "rud_personas": 2714.0, "rud_viv_destruidas": 70.0, "rud_viv_averiadas": 513.0, "mmi_usgs": 7.4, "tasa_rud_pct": 18.9327}}, {"type": "Feature", "geometry": {"type": "Point", "coordinates": [-76.167925, 4.171713]}, "properties": {"municipio": "Andalucía", "departamento": "Valle del Cauca", "requiere_depto": true, "n_noticias": 0, "n_prensa_recogida": 3, "noticias_ejemplo": [], "dyfi_max_cdi": null, "dyfi_respuestas": null, "dyfi_celdas": 0, "dyfi_min_dist_km": null, "divipola": "76036", "poblacion_2026": 25109, "cabecera_2026": 20021, "rural_2026": 5088, "poblacion_fuente": "DANE PPED municipal por área 2018-2042", "en_aoi_copernicus": false, "estado": "solo_rud", "busqueda_propia": true, "fuentes": ["rud"], "unosat_edificios": null, "unosat_observados": null, "unosat_posibles": null, "unosat_fecha_imagen": null, "unosat_codigo_inconsistente": null, "sertit_edificios": null, "sertit_destruidos": null, "sertit_danados": null, "sertit_posibles": null, "sertit_sin_grado": null, "sertit_area_km2": null, "sertit_imagen_literal": null, "rud_familias": 1270.0, "rud_personas": 2805.0, "rud_viv_destruidas": 8.0, "rud_viv_averiadas": 982.0, "mmi_usgs": 7.3, "tasa_rud_pct": 11.1713}}, {"type": "Feature", "geometry": {"type": "Point", "coordinates": [-75.992003, 4.794984]}, "properties": {"municipio": "Ansermanuevo", "departamento": "Valle del Cauca", "n_noticias": 11, "n_prensa_recogida": 19, "noticias_ejemplo": [{"fecha": "2026-09-17T17:28:11", "medio": "Google News — Tuluá", "titulo": "Últimos Sismos en o cerca de Ansermanuevo, Valle del Cauca, Colombia: Temblores recientes últimos 7 días - Volcano Discovery", "url": "https://news.google.com/rss/articles/CBMijgFBVV95cUxQbjdCMkdWbXkwaUJ2SF84UDB2bzJOb1RpQTU0S0JzTDV1eE1DTWhab2VYVGNGTEZQMFBGMHloNzZpSUlqOEpBdmc0RjR6NGRqVzFNU0pBVldIazg0NEZ5dm9zZWFYU2F1aWQxc3BlNXB6UnFNa2c1LWZWaVVRbno5dUtST1BvRm5JUnFWMXV3?oc=5"}, {"fecha": "2026-08-21T16:12:17", "medio": "Google News — Caicedonia", "titulo": "¡A reconstruir Ansermanuevo! Gobierno anuncia plan tras el terremoto - Q'hubo Cali", "url": "https://news.google.com/rss/articles/CBMiqgFBVV95cUxOdzdUdkVSS3czaEJGVTdPcVluaVJmRXRiTHNCZWk4aW1CMU8yeHF1SG4xWDFQenRUOHdvRDVhWmplMDBMUDRjQW1aSC1Nd01IVHRiT0FRbVBsS01RQUkyRUVtV1I0c2FPRUdmQ09idC1CcFY1OUxzNmJac1h2Z2xNcFI5UEw5Yy1CU1VPRHlETkplRGVhZlRaX1VyQ2lPcVNZMmFOTDlqaWhFUdIBqgFBVV95cUxOdzdUdkVSS3czaEJGVTdPcVluaVJmRXRiTHNCZWk4aW1CMU8yeHF1SG4xWDFQenRUOHdvRDVhWmplMDBMUDRjQW1aSC1Nd01IVHRiT0FRbVBsS01RQUkyRUVtV1I0c2FPRUdmQ09idC1CcFY1OUxzNmJac1h2Z2xNcFI5UEw5Yy1CU1VPRHlETkplRGVhZlRaX1VyQ2lPcVNZMmFOTDlqaWhFUQ?oc=5"}, {"fecha": "2026-08-21T16:11:52", "medio": "Google News — Ansermanuevo", "titulo": "¡A reconstruir Ansermanuevo! Gobierno anuncia plan tras el terremoto - Q'hubo Cali", "url": "https://news.google.com/rss/articles/CBMipAFBVV95cUxNZ3MxVndqR1NzZng5VUc5SmcwY25za3A3NE1XRVc0MEhhSzJqemxIWVZnN2pYdTBFNnhXMmpVc0oxTGRMTkx1MC1SQVZyY2ZORXBmNlpiNXZRQkxSN0JaVXZ3Ym1BVVA1TnQxbWFxOWR3YllsSEFpdUYxYXU1bVl2YXc5YThBd3hVZDRSbzNsdHRNTUtoWkdkaEcyVWlIUVFEdlFlYtIBqgFBVV95cUxOdzdUdkVSS3czaEJGVTdPcVluaVJmRXRiTHNCZWk4aW1CMU8yeHF1SG4xWDFQenRUOHdvRDVhWmplMDBMUDRjQW1aSC1Nd01IVHRiT0FRbVBsS01RQUkyRUVtV1I0c2FPRUdmQ09idC1CcFY1OUxzNmJac1h2Z2xNcFI5UEw5Yy1CU1VPRHlETkplRGVhZlRaX1VyQ2lPcVNZMmFOTDlqaWhFUQ?oc=5"}], "dyfi_max_cdi": null, "dyfi_respuestas": null, "dyfi_celdas": 0, "dyfi_min_dist_km": null, "divipola": "76041", "poblacion_2026": 17825, "cabecera_2026": 11006, "rural_2026": 6819, "poblacion_fuente": "DANE PPED municipal por área 2018-2042", "en_aoi_copernicus": false, "estado": "mencion_prensa", "busqueda_propia": true, "fuentes": ["prensa", "rud"], "unosat_edificios": null, "unosat_observados": null, "unosat_posibles": null, "unosat_fecha_imagen": null, "unosat_codigo_inconsistente": null, "sertit_edificios": null, "sertit_destruidos": null, "sertit_danados": null, "sertit_posibles": null, "sertit_sin_grado": null, "sertit_area_km2": null, "sertit_imagen_literal": null, "rud_familias": 2284.0, "rud_personas": 4512.0, "rud_viv_destruidas": 175.0, "rud_viv_averiadas": 747.0, "mmi_usgs": 7.3, "tasa_rud_pct": 25.3128}}, {"type": "Feature", "geometry": {"type": "Point", "coordinates": [-76.346519, 3.408354]}, "properties": {"municipio": "Candelaria", "departamento": "Valle del Cauca", "requiere_depto": true, "n_noticias": 0, "n_prensa_recogida": 15, "noticias_ejemplo": [], "dyfi_max_cdi": 4.9, "dyfi_respuestas": 2, "dyfi_celdas": 1, "dyfi_min_dist_km": 198, "divipola": "76130", "poblacion_2026": 115933, "cabecera_2026": 29309, "rural_2026": 86624, "poblacion_fuente": "DANE PPED municipal por área 2018-2042", "en_aoi_copernicus": false, "estado": "solo_rud", "busqueda_propia": true, "fuentes": ["dyfi", "rud"], "unosat_edificios": null, "unosat_observados": null, "unosat_posibles": null, "unosat_fecha_imagen": null, "unosat_codigo_inconsistente": null, "sertit_edificios": null, "sertit_destruidos": null, "sertit_danados": null, "sertit_posibles": null, "sertit_sin_grado": null, "sertit_area_km2": null, "sertit_imagen_literal": null, "rud_familias": 417.0, "rud_personas": 573.0, "rud_viv_destruidas": 0.0, "rud_viv_averiadas": 334.0, "mmi_usgs": 5.3, "tasa_rud_pct": 0.4943}}, {"type": "Feature", "geometry": {"type": "Point", "coordinates": [-76.237084, 4.510452]}, "properties": {"municipio": "El Dovio", "departamento": "Valle del Cauca", "n_noticias": 2, "n_prensa_recogida": 116, "noticias_ejemplo": [{"fecha": "2026-09-23T21:54:00", "medio": "Google News — El Dovio", "titulo": "En el Dovio, la Gobernación del Valle inició la reconstrucción: 374 familias damnificadas por el sismo recuperarán sus viviendas - Gobernación del valle", "url": "https://news.google.com/rss/articles/CBMijAJBVV95cUxNVFFQT0lCblJYdEh1RmdNdmkydXpuR2hpU2NRcVZERmFkUlVWa0xfLTRTdC1tSmNrQzZYYjc0VGhOb0p1SmR0VGtldThLNU5uNE02N2dHejZjcEV3OEdpZHpFbVk3UDFUd1I2N2xCS0VLLV9RZDZnaHNWZi1SNDVEdEFOamZoNXhoSGQ0TVB3N1k4bE9xZDV1b09oeDhfakpydjNVcXA2cjVadC1SU2Z0eXhUN1dOYmJibXgyci1kU2dHcDd3bll1SGs0SGVXTDBIcmhRdUJnNmg0QmFCRUFPeWFMdnpZaE0tckh0ZUhaZm5rYTJ5X1F5TnRpbVlzQzZKQ0hFUW80UkxLQUk5?oc=5"}, {"fecha": "2026-09-18T17:28:06", "medio": "Google News — Tuluá", "titulo": "Últimos Sismos en o cerca de El Dovio, Valle del Cauca, Colombia: Temblores recientes últimos 7 días - Volcano Discovery", "url": "https://news.google.com/rss/articles/CBMiiAFBVV95cUxNVHRMMUwyd3dHNXpZU1d6M2psZmZOSDZoblNDTUM2d3oxTkYtMlZ2alpodVFDbUdmX3ZpNG5pSjJCcS1pNVVvNDRQZlNGVk5zRklNTTFWRlVhR01fdG1ZdWhXREUyUnpuT05meFMydkx4R0ZiTllfT1lfTjJSNm13bmk3TXVaa3JT?oc=5"}], "dyfi_max_cdi": null, "dyfi_respuestas": null, "dyfi_celdas": 0, "dyfi_min_dist_km": null, "divipola": "76250", "poblacion_2026": 9312, "cabecera_2026": 6041, "rural_2026": 3271, "poblacion_fuente": "DANE PPED municipal por área 2018-2042", "en_aoi_copernicus": false, "estado": "mencion_prensa", "busqueda_propia": true, "fuentes": ["prensa", "rud"], "unosat_edificios": null, "unosat_observados": null, "unosat_posibles": null, "unosat_fecha_imagen": null, "unosat_codigo_inconsistente": null, "sertit_edificios": null, "sertit_destruidos": null, "sertit_danados": null, "sertit_posibles": null, "sertit_sin_grado": null, "sertit_area_km2": null, "sertit_imagen_literal": null, "rud_familias": 1355.0, "rud_personas": 3345.0, "rud_viv_destruidas": 52.0, "rud_viv_averiadas": 502.0, "mmi_usgs": 7.2, "tasa_rud_pct": 35.9214}}, {"type": "Feature", "geometry": {"type": "Point", "coordinates": [-76.042779, 4.906062]}, "properties": {"municipio": "El Águila", "departamento": "Valle del Cauca", "n_noticias": 17, "n_prensa_recogida": 115, "noticias_ejemplo": [{"fecha": "2026-09-23T14:15:43", "medio": "Google News — El Águila", "titulo": "324 kits de materiales serán entregados a damnificados en El Águila - El Tabloide", "url": "https://news.google.com/rss/articles/CBMimgFBVV95cUxPLUlERGlqV3g0Q25SbmhHNDlBcWd4S0I0UXpSMjljb19TV0h2c0ZTbkpFYm1BUUdXMGJCZE1GcXp0SDlUeXhoRWdfMXprdlk4ZGJqSnZfVXFkXzF6YWdrT0tUTkZnVnFIQU9SdkVMVWc4OTBEUHlRWm5sdGcwMTU3S0Q1TXp6WURxR2k2TGVJeG1TbWdaNzI2SUd3?oc=5"}, {"fecha": "2026-09-22T21:55:00", "medio": "Google News — Cali", "titulo": "Con 40 casas nuevas y kits de materiales, Gobernación del Valle inicia en El Águila plan de reconstrucción para damnificados por el terremoto - Gobernación del valle", "url": "https://news.google.com/rss/articles/CBMinwJBVV95cUxQMm1TOE1ycUF1U0lPZmI5UDdmZjRQTEo0NGR3ZnZlblVpQkZpeTVLczZaSEh5NmJTODVJaW5qNlhsSGQ3dnE0aTZFajIxTVNieVhOM3g1dzlXQ3VyS0cyMmtycU5rdEVBRnBUYzJyMVhWaVdMSmlZajg1NXEtWVJITG9GcE1sQk5lWHNNRkR6anhxbFQ3MFgtWGFtQlQ3VUQ5S2phTnZ1Q1RGMmlna2hDeWtYd2U2bHhUamVjaGhoVzZqNklZLVFjWlk4ZEdTZVlFaG5vY0dLQXRNNWM0QzA2MHVhSDNDMW1hUEc3ZWNhV052Z2dodnZxLWtoRkVyNU5uRXhXUmJLZDZTNHZaU2RHOXZiYVVvRUZkN185OTE0SQ?oc=5"}, {"fecha": "2026-09-10T22:24:12", "medio": "Google News — Roldanillo", "titulo": "#Noti90 Las afectaciones por el terremoto en el Valle del Cauca fueron grandes. Además de Cali, municipios como Roldanillo, El Cairo, El Águila, Buenaventura, Versalles y Yumbo, entre otros, resultaro", "url": "https://news.google.com/rss/articles/CBMi5AFBVV95cUxONkQ3YnJvZnRhcHlLVDNOUG1XVnFIMUZ0WmEwVFQ4V29jYWtJTi0yalg3dUxSME9VLVEydF9CN2xEVV80RzUwZzg1U1pFeTkyMmgtbW1vQy1GYW5YUE9pbTRpZFJZOTNsYU5BaXNXdHN2b1BRREFNN0pub2VXVVVrN2I3YnV1bEZjRnFGX0p1THMyblJSX0VfejB5MmNBRnU3cThpTW51RDBJb0JqdEVudHFUOXBFOU0tcnljRktFa1dvbHJhN2xIZ2NjanRVU1VILVpkOFl5aGppQVY0M3RQS3FMVEE?oc=5"}], "dyfi_max_cdi": null, "dyfi_respuestas": null, "dyfi_celdas": 0, "dyfi_min_dist_km": null, "divipola": "76243", "poblacion_2026": 9164, "cabecera_2026": 2732, "rural_2026": 6432, "poblacion_fuente": "DANE PPED municipal por área 2018-2042", "en_aoi_copernicus": false, "estado": "mencion_prensa", "busqueda_propia": true, "fuentes": ["prensa", "rud"], "unosat_edificios": null, "unosat_observados": null, "unosat_posibles": null, "unosat_fecha_imagen": null, "unosat_codigo_inconsistente": null, "sertit_edificios": null, "sertit_destruidos": null, "sertit_danados": null, "sertit_posibles": null, "sertit_sin_grado": null, "sertit_area_km2": null, "sertit_imagen_literal": null, "rud_familias": 1355.0, "rud_personas": 2848.0, "rud_viv_destruidas": 83.0, "rud_viv_averiadas": 434.0, "mmi_usgs": 7.2, "tasa_rud_pct": 31.0781}}, {"type": "Feature", "geometry": {"type": "Point", "coordinates": [-76.268068, 3.724181]}, "properties": {"municipio": "Ginebra", "departamento": "Valle del Cauca", "requiere_depto": true, "n_noticias": 0, "n_prensa_recogida": 8, "noticias_ejemplo": [], "dyfi_max_cdi": null, "dyfi_respuestas": null, "dyfi_celdas": 0, "dyfi_min_dist_km": null, "divipola": "76306", "poblacion_2026": 24545, "cabecera_2026": 11874, "rural_2026": 12671, "poblacion_fuente": "DANE PPED municipal por área 2018-2042", "en_aoi_copernicus": false, "estado": "solo_rud", "busqueda_propia": true, "fuentes": ["rud"], "unosat_edificios": null, "unosat_observados": null, "unosat_posibles": null, "unosat_fecha_imagen": null, "unosat_codigo_inconsistente": null, "sertit_edificios": null, "sertit_destruidos": null, "sertit_danados": null, "sertit_posibles": null, "sertit_sin_grado": null, "sertit_area_km2": null, "sertit_imagen_literal": null, "rud_familias": 471.0, "rud_personas": 740.0, "rud_viv_destruidas": 5.0, "rud_viv_averiadas": 103.0, "mmi_usgs": 6.0, "tasa_rud_pct": 3.0149}}, {"type": "Feature", "geometry": {"type": "Point", "coordinates": [-76.330911, 3.761815]}, "properties": {"municipio": "Guacarí", "departamento": "Valle del Cauca", "n_noticias": 0, "n_prensa_recogida": 3, "noticias_ejemplo": [], "dyfi_max_cdi": null, "dyfi_respuestas": null, "dyfi_celdas": 0, "dyfi_min_dist_km": null, "divipola": "76318", "poblacion_2026": 34739, "cabecera_2026": 22272, "rural_2026": 12467, "poblacion_fuente": "DANE PPED municipal por área 2018-2042", "en_aoi_copernicus": false, "estado": "solo_rud", "busqueda_propia": true, "fuentes": ["rud"], "unosat_edificios": null, "unosat_observados": null, "unosat_posibles": null, "unosat_fecha_imagen": null, "unosat_codigo_inconsistente": null, "sertit_edificios": null, "sertit_destruidos": null, "sertit_danados": null, "sertit_posibles": null, "sertit_sin_grado": null, "sertit_area_km2": null, "sertit_imagen_literal": null, "rud_familias": 171.0, "rud_personas": 373.0, "rud_viv_destruidas": 7.0, "rud_viv_averiadas": 31.0, "mmi_usgs": 6.3, "tasa_rud_pct": 1.0737}}, {"type": "Feature", "geometry": {"type": "Point", "coordinates": [-76.56805, 3.649268]}, "properties": {"municipio": "La Cumbre", "departamento": "Valle del Cauca", "requiere_depto": true, "n_noticias": 0, "n_prensa_recogida": 43, "noticias_ejemplo": [], "dyfi_max_cdi": null, "dyfi_respuestas": null, "dyfi_celdas": 0, "dyfi_min_dist_km": null, "divipola": "76377", "poblacion_2026": 18765, "cabecera_2026": 3928, "rural_2026": 14837, "poblacion_fuente": "DANE PPED municipal por área 2018-2042", "en_aoi_copernicus": false, "estado": "solo_rud", "busqueda_propia": true, "fuentes": ["rud"], "unosat_edificios": null, "unosat_observados": null, "unosat_posibles": null, "unosat_fecha_imagen": null, "unosat_codigo_inconsistente": null, "sertit_edificios": null, "sertit_destruidos": null, "sertit_danados": null, "sertit_posibles": null, "sertit_sin_grado": null, "sertit_area_km2": null, "sertit_imagen_literal": null, "rud_familias": 1726.0, "rud_personas": 3156.0, "rud_viv_destruidas": 254.0, "rud_viv_averiadas": 553.0, "mmi_usgs": 6.7, "tasa_rud_pct": 16.8185}}, {"type": "Feature", "geometry": {"type": "Point", "coordinates": [-76.036529, 4.523603]}, "properties": {"municipio": "La Victoria", "departamento": "Valle del Cauca", "requiere_depto": true, "n_noticias": 2, "n_prensa_recogida": 65, "noticias_ejemplo": [{"fecha": "2026-09-18T17:55:18", "medio": "Google News — Caicedonia", "titulo": "Últimos Sismos en o cerca de La Victoria, Valle del Cauca, Colombia: Temblores recientes últimos 7 días - Volcano Discovery", "url": "https://news.google.com/rss/articles/CBMijAFBVV95cUxPMXUzRERWUWpITmFTekxLdHBOcE45VUZWNVh4U3RuQWo4cDJtS2FBbmZoU0pnUDV1OE5vUFFDRHdGNDNKYW1VSG5uNl9tR09FYktHR091bG1sRnVDMWxhWDd5LVZCOWluZzR0eGN0OVVRdzR3eVotSkk2S1NQelU2Sm1tVzVWLUx1TmdIdw?oc=5"}, {"fecha": "2026-09-17T19:29:15", "medio": "Google News — La Victoria", "titulo": "Últimos Sismos cerca de La Victoria, Valle del Cauca, Colombia: Temblores últimas 48 horas - VolcanoDiscovery", "url": "https://news.google.com/rss/articles/CBMi3gFBVV95cUxQY3R6TlN3Z2FUN0pwcDVyN2w0ZG5EM2FYbkVScUlKdGpUV3A1OFNSTE9mMmRHbFo5czlkcnNERzF6VmpEWm82dE9ra2k4cEVhMzVwRnBRa1pYeENLcWJCYUVoMC1lR0FKU3ZPdDZWNzdVbW1tWjc5TWZZUmNKX2hRZWNDSmp4ZFFhaVRsOXVrenFpdHhYamh0N0txY1dwemU2U29PQko5cXptNGlEaHVWSnRfQVJlMUdqNjYwM2FSQzZ3MHRMVEhnNGF2cWlnQ2NsSzNOU1drMHpLdXhrQ2c?oc=5"}], "dyfi_max_cdi": null, "dyfi_respuestas": null, "dyfi_celdas": 0, "dyfi_min_dist_km": null, "divipola": "76403", "poblacion_2026": 12765, "cabecera_2026": 9883, "rural_2026": 2882, "poblacion_fuente": "DANE PPED municipal por área 2018-2042", "en_aoi_copernicus": false, "estado": "mencion_prensa", "busqueda_propia": true, "fuentes": ["prensa", "rud"], "unosat_edificios": null, "unosat_observados": null, "unosat_posibles": null, "unosat_fecha_imagen": null, "unosat_codigo_inconsistente": null, "sertit_edificios": null, "sertit_destruidos": null, "sertit_danados": null, "sertit_posibles": null, "sertit_sin_grado": null, "sertit_area_km2": null, "sertit_imagen_literal": null, "rud_familias": 1091.0, "rud_personas": 2267.0, "rud_viv_destruidas": 23.0, "rud_viv_averiadas": 434.0, "mmi_usgs": 7.6, "tasa_rud_pct": 17.7595}}, {"type": "Feature", "geometry": {"type": "Point", "coordinates": [-75.974709, 4.575712]}, "properties": {"municipio": "Obando", "departamento": "Valle del Cauca", "requiere_depto": true, "n_noticias": 0, "n_prensa_recogida": 13, "noticias_ejemplo": [], "dyfi_max_cdi": null, "dyfi_respuestas": null, "dyfi_celdas": 0, "dyfi_min_dist_km": null, "divipola": "76497", "poblacion_2026": 12558, "cabecera_2026": 9626, "rural_2026": 2932, "poblacion_fuente": "DANE PPED municipal por área 2018-2042", "en_aoi_copernicus": false, "estado": "solo_rud", "busqueda_propia": true, "fuentes": ["rud"], "unosat_edificios": null, "unosat_observados": null, "unosat_posibles": null, "unosat_fecha_imagen": null, "unosat_codigo_inconsistente": null, "sertit_edificios": null, "sertit_destruidos": null, "sertit_danados": null, "sertit_posibles": null, "sertit_sin_grado": null, "sertit_area_km2": null, "sertit_imagen_literal": null, "rud_familias": 1177.0, "rud_personas": 2313.0, "rud_viv_destruidas": 38.0, "rud_viv_averiadas": 647.0, "mmi_usgs": 7.5, "tasa_rud_pct": 18.4185}}, {"type": "Feature", "geometry": {"type": "Point", "coordinates": [-76.523329, 3.821351]}, "properties": {"municipio": "Restrepo", "departamento": "Valle del Cauca", "requiere_depto": true, "n_noticias": 1, "n_prensa_recogida": 54, "noticias_ejemplo": [{"fecha": "2026-08-20T21:13:06", "medio": "Google News — Restrepo", "titulo": "José Manuel restrepo y la ministra de las TIC viajaron al norte del Valle del Cauca para atender la emergencia por el terremoto - El Tiempo", "url": "https://news.google.com/rss/articles/CBMiigJBVV95cUxPa2dDNkxLMDhUTHBUT3ozZEtrdlcyaUY2aGVPbHFzVkhUMUJLbldfcG4yamxYY1pYVjNsOW42S24ydFQ0UU1nc1BiV2I3X2pFM0M2cE55bWFWUzllNzVVS2wwMzZNRHVwdXdjd255ZEZkZ0pjTDhudzctRFVOcWRoSXNVOFRuRFNWY3c4RmFRV19NUlNwR1kyMF9fS3RiR0JLVjNzUi0yekVhWGxUTk9ka1p6cUJLbG16MzFGQkFTSS1rOW5XRThFdnMydTZuNWVNcGJ4VWFkZmFnc095bDh3Wk5MUkdkc1BySXE0bXhYT08yQm5zamdXQXVfWjhYbW9vNVlERnEzdmNvd9IBjwJBVV95cUxOdG83eVVNanlQM2ZqMC02YVhocFBhQ1A2VS1mYUlET3V3dTZxdFM4eG1vbGdCVExkTmdXUEItUlgxbmhGcW9VS3I1NkZVX2xKaW9HQ3B4a1ZzNGdSblJFRVBuRldPc2R1c1ZCc0JtQ2NsUXR3VDVldkhrN0k1UUFiaXpFWTVyVEQ3TlpGeGpZSXBKVmFraVBpcFRHZTZHN01sSWR4c05vZThkWUtrUlV1QW9iWGZDRUZvWnp0YlhOR29ydW9kYUNreGw5Wld1OHRidWtTMWM0eDh3dV9jNFV0LTNBQzBQMlJXNkw4TmtNTXlLZ0tuUDRZNmp6NTdpbTdrc05KZ1FDc3QyMHpQQUJJ?oc=5"}], "dyfi_max_cdi": null, "dyfi_respuestas": null, "dyfi_celdas": 0, "dyfi_min_dist_km": null, "divipola": "76606", "poblacion_2026": 16021, "cabecera_2026": 11017, "rural_2026": 5004, "poblacion_fuente": "DANE PPED municipal por área 2018-2042", "en_aoi_copernicus": false, "estado": "mencion_prensa", "busqueda_propia": true, "fuentes": ["prensa", "rud"], "unosat_edificios": null, "unosat_observados": null, "unosat_posibles": null, "unosat_fecha_imagen": null, "unosat_codigo_inconsistente": null, "sertit_edificios": null, "sertit_destruidos": null, "sertit_danados": null, "sertit_posibles": null, "sertit_sin_grado": null, "sertit_area_km2": null, "sertit_imagen_literal": null, "rud_familias": 2180.0, "rud_personas": 5076.0, "rud_viv_destruidas": 232.0, "rud_viv_averiadas": 814.0, "mmi_usgs": 6.7, "tasa_rud_pct": 31.6834}}, {"type": "Feature", "geometry": {"type": "Point", "coordinates": [-76.228692, 3.995073]}, "properties": {"municipio": "San Pedro", "departamento": "Valle del Cauca", "requiere_depto": true, "n_noticias": 0, "n_prensa_recogida": 13, "noticias_ejemplo": [], "dyfi_max_cdi": null, "dyfi_respuestas": null, "dyfi_celdas": 0, "dyfi_min_dist_km": null, "divipola": "76670", "poblacion_2026": 17244, "cabecera_2026": 8466, "rural_2026": 8778, "poblacion_fuente": "DANE PPED municipal por área 2018-2042", "en_aoi_copernicus": false, "estado": "solo_rud", "busqueda_propia": true, "fuentes": ["rud"], "unosat_edificios": null, "unosat_observados": null, "unosat_posibles": null, "unosat_fecha_imagen": null, "unosat_codigo_inconsistente": null, "sertit_edificios": null, "sertit_destruidos": null, "sertit_danados": null, "sertit_posibles": null, "sertit_sin_grado": null, "sertit_area_km2": null, "sertit_imagen_literal": null, "rud_familias": 867.0, "rud_personas": 1900.0, "rud_viv_destruidas": 20.0, "rud_viv_averiadas": 121.0, "mmi_usgs": 6.6, "tasa_rud_pct": 11.0183}}, {"type": "Feature", "geometry": {"type": "Point", "coordinates": [-76.076859, 4.608085]}, "properties": {"municipio": "Toro", "departamento": "Valle del Cauca", "requiere_depto": true, "n_noticias": 7, "n_prensa_recogida": 114, "noticias_ejemplo": [{"fecha": "2026-09-23T22:04:01", "medio": "Google News — Cali", "titulo": "#Noti90 En medio de la reconstrucción tras el terremoto, el Valle del Cauca pide no frenar su desarrollo. La gobernadora Dilian Francisca Toro hizo un llamado al Gobierno Nacional para destrabar obras", "url": "https://news.google.com/rss/articles/CBMi6wFBVV95cUxOWHZwQmhjT3BtZGRNRkNfbnJtMXotVUpNa3BLQTVHN3AyQ0RaREwyTlZlalc0THFSd2ZVN0pxRUxHMnFtVi0tTTlabHlLckg3U3l4QTlaOTJVMHJWMTcydm4zTlZBWkpjLUd2dDA2dVRXMW9QdF9QTlk5cnEydFpWTDhvc2xhNE1PS2tZR1hFZ19keUlZWmhvU2FpOV9TcUxaand1SDgtRnV6WFZmUEFjY2lPMUJ3bFJHYUY3aU9EbzVTRlM4QzFLQ3k1QXYwNEZjV3ZTNUNxQzgzcHZ2UGtMbE9WbDc0UjV6NVhr?oc=5"}, {"fecha": "2026-09-23T22:02:37", "medio": "Google News — Buenaventura", "titulo": "#Noti90 En medio de la reconstrucción tras el terremoto, el Valle del Cauca pide no frenar su desarrollo. La gobernadora Dilian Francisca Toro hizo un llamado al Gobierno Nacional para destrabar obras", "url": "https://news.google.com/rss/articles/CBMi6gFBVV95cUxONDd2aGU2NGY1WFUtaDZjZkdYcTZiTkZzYVMtbGFRLW8weVNCdUJ4MHYwQTBYb0R4N01FcDlvWWZXcVpyRUNxMzJZcXM3dGJENkV6Q3R3YWxHdFAtWTVrQnpmRHNQaDhsTVBpOHdfSnJVeHpJT21DZkE4b1hlc1FPRG1iS1d4NFJXM01iWjI2RUJoVVF1QWs1WE51TXhpTjV3enZpNFFjMXVmeE94WUtUN0RySlNVWkt4dTMzaExQRTBFa2xrci0yRmxqVXZGSkdYZVRBRC1iS1VBZTF2M1Y3M1dtajJtdzJVZUE?oc=5"}, {"fecha": "2026-09-02T15:34:17", "medio": "Google News — Cali", "titulo": "El Valle del Cauca pide auxilio a Europa: la advertencia de Dilian Francisca Toro sobre lo que puede pasar después del terremoto - Revista Semana", "url": "https://news.google.com/rss/articles/CBMiiwJBVV95cUxPdGktdjBxbjNSNkx4ZUZ4c2JSS3MyOFJKekhuUVp6WkNqbkZRZ05KcE1FeVpzbUh5MWNOVjFjUng4ODZFZEJsSnFMMjJyc1d0OHEyNzdBX09xS1pmNXNCTnpvamNEWFhhaTRSTmtUdUhUV3IxTnBJdmFEb2ctSGZXZXdLYTE2TXpiX2ExdDNzbkVrblRVeDBFTnp0LW10TVdYVFZXZnhudm1hbW1ISjA4TTNsSWo1NFVtZ28tWEduaWl3d3hpZU5PYXJ2RTM0UVdUdnlnSHExdXotVmJ4MGhQLWtWTjc3RzJFZHdzdkRDWU1wc0RTbmhyS3R5SzNFb0pDcl83YS1RSWJWRE3SAZACQVVfeXFMT0g3WDZ0Zm9lZms2T2N0QWNoWHkxTmhtVXJaa3ZIcVZpWmJ2Y2pGR3pNY0txRG5kT2R3SlduRVN0Y0hENV9qRmxoSFhOSmtqcDVDZXpDUHFrY1YzbEdpSUxaNXlsMDNMdkVVVXhhU050LTRpZ2g4LTBvT0dKMl8teDJKUk1oSE9Vc3VxVzNHa1FLUy1nRVlDc2FtSEgzYnlKc1dlSTZ2THByX0pyMGxGQWlfMHNwSXRFbTNlUFpEZ2ZQd1psbl90MDVTU1NHTFB3T3Z5VTJ0U3RjZHQ2aDRNd25CcF9vY3hiV1Z1b0paaHZQcjFlQkczNjlZZHRyT1ROUHMtNEpNeTB5M0MwOVMxc2g?oc=5"}], "dyfi_max_cdi": null, "dyfi_respuestas": null, "dyfi_celdas": 0, "dyfi_min_dist_km": null, "divipola": "76823", "poblacion_2026": 14922, "cabecera_2026": 10513, "rural_2026": 4409, "poblacion_fuente": "DANE PPED municipal por área 2018-2042", "en_aoi_copernicus": false, "estado": "mencion_prensa", "busqueda_propia": true, "fuentes": ["prensa", "rud"], "unosat_edificios": null, "unosat_observados": null, "unosat_posibles": null, "unosat_fecha_imagen": null, "unosat_codigo_inconsistente": null, "sertit_edificios": null, "sertit_destruidos": null, "sertit_danados": null, "sertit_posibles": null, "sertit_sin_grado": null, "sertit_area_km2": null, "sertit_imagen_literal": null, "rud_familias": 2196.0, "rud_personas": 4986.0, "rud_viv_destruidas": 266.0, "rud_viv_averiadas": 471.0, "mmi_usgs": 7.4, "tasa_rud_pct": 33.4138}}, {"type": "Feature", "geometry": {"type": "Point", "coordinates": [-75.737808, 4.703623]}, "properties": {"municipio": "Ulloa", "departamento": "Valle del Cauca", "requiere_depto": true, "n_noticias": 0, "n_prensa_recogida": 23, "noticias_ejemplo": [], "dyfi_max_cdi": 7.5, "dyfi_respuestas": 3, "dyfi_celdas": 1, "dyfi_min_dist_km": 124, "divipola": "76845", "poblacion_2026": 5601, "cabecera_2026": 2697, "rural_2026": 2904, "poblacion_fuente": "DANE PPED municipal por área 2018-2042", "en_aoi_copernicus": false, "estado": "intensidad_alta", "busqueda_propia": true, "fuentes": ["dyfi", "rud"], "unosat_edificios": null, "unosat_observados": null, "unosat_posibles": null, "unosat_fecha_imagen": null, "unosat_codigo_inconsistente": null, "sertit_edificios": null, "sertit_destruidos": null, "sertit_danados": null, "sertit_posibles": null, "sertit_sin_grado": null, "sertit_area_km2": null, "sertit_imagen_literal": null, "rud_familias": 744.0, "rud_personas": 1412.0, "rud_viv_destruidas": 6.0, "rud_viv_averiadas": 222.0, "mmi_usgs": 7.2, "tasa_rud_pct": 25.2098}}, {"type": "Feature", "geometry": {"type": "Point", "coordinates": [-76.199203, 4.575019]}, "properties": {"municipio": "Versalles", "departamento": "Valle del Cauca", "requiere_depto": true, "n_noticias": 5, "n_prensa_recogida": 20, "noticias_ejemplo": [{"fecha": "2026-09-10T22:24:12", "medio": "Google News — Roldanillo", "titulo": "#Noti90 Las afectaciones por el terremoto en el Valle del Cauca fueron grandes. Además de Cali, municipios como Roldanillo, El Cairo, El Águila, Buenaventura, Versalles y Yumbo, entre otros, resultaro", "url": "https://news.google.com/rss/articles/CBMi5AFBVV95cUxONkQ3YnJvZnRhcHlLVDNOUG1XVnFIMUZ0WmEwVFQ4V29jYWtJTi0yalg3dUxSME9VLVEydF9CN2xEVV80RzUwZzg1U1pFeTkyMmgtbW1vQy1GYW5YUE9pbTRpZFJZOTNsYU5BaXNXdHN2b1BRREFNN0pub2VXVVVrN2I3YnV1bEZjRnFGX0p1THMyblJSX0VfejB5MmNBRnU3cThpTW51RDBJb0JqdEVudHFUOXBFOU0tcnljRktFa1dvbHJhN2xIZ2NjanRVU1VILVpkOFl5aGppQVY0M3RQS3FMVEE?oc=5"}, {"fecha": "2026-09-10T22:21:15", "medio": "Google News — Roldanillo", "titulo": "Noticiero 90 Minutos . . #Noti90 Las afectaciones por el terremoto en el Valle del Cauca fueron grandes. Además de Cali, municipios como Roldanillo, El Cairo, El Águila, Buenaventura, Versalles y Yumb", "url": "https://news.google.com/rss/articles/CBMi4wFBVV95cUxObTJpLWJDWEE3MTRNQVBaY0pQVGFkNXFuLTJBZjRSdHhrb1lLZ0FIbTJqdXFiMDUwbHByeGtVVVJ6eDFHckNXSWlYaVZYVmMzRVlFbHdFNk5Qam1SZTVEd1JjT0RjMlZudHVpQmswaGZPa1U2QkxJLXVDb3FrV2lOVnZ5Wm1UOXBKSUhDeGZRR3dyTmN2NldxT0VmLWNqU3k0NlhKeFlaX3ViMGZFSTR1dUs5RlMtTWZXcXJlVnVXS1N1V0JSd2pzaWRZcnZ2TWFCVFpicFZPRzFTLVhFTXBNbndzVQ?oc=5"}, {"fecha": "2026-09-08T19:56:10", "medio": "Google News — Roldanillo", "titulo": "Sismo en La Florida, Versalles: 90% de las edificaciones rurales afectadas en Valle del Cauca - Pulzo", "url": "https://news.google.com/rss/articles/CBMizwFBVV95cUxOY2VDcW5aak9HbFBVUEg2cjJKdTZPZW10WmJHSUR3ZGt5cXVMMkcwclBuTmdBQlZTSl9nNS1PdDM0ek9aUXI0NnJVWjY5MTBnUjlFcHQyU2JtWVl4TG5WT1FuUDdIWVRIdDF5WGVLZlBuQjc2dGRsOXBBSVJNaHA1Tm1WZkhXWXRUQTdzNGFTcnR2NEc3ZWVmb0syNF9TRnh0QVkyWnRMSTlyYjY5VnJvUzVHLUtRRXEyZDRKSzNYN3BWb0wwYjVnNWRYVzMzek0?oc=5"}], "dyfi_max_cdi": null, "dyfi_respuestas": null, "dyfi_celdas": 0, "dyfi_min_dist_km": null, "divipola": "76863", "poblacion_2026": 7441, "cabecera_2026": 4471, "rural_2026": 2970, "poblacion_fuente": "DANE PPED municipal por área 2018-2042", "en_aoi_copernicus": false, "estado": "mencion_prensa", "busqueda_propia": true, "fuentes": ["prensa", "rud"], "unosat_edificios": null, "unosat_observados": null, "unosat_posibles": null, "unosat_fecha_imagen": null, "unosat_codigo_inconsistente": null, "sertit_edificios": null, "sertit_destruidos": null, "sertit_danados": null, "sertit_posibles": null, "sertit_sin_grado": null, "sertit_area_km2": null, "sertit_imagen_literal": null, "rud_familias": 1416.0, "rud_personas": 3151.0, "rud_viv_destruidas": 174.0, "rud_viv_averiadas": 372.0, "mmi_usgs": 7.3, "tasa_rud_pct": 42.3465}}, {"type": "Feature", "geometry": {"type": "Point", "coordinates": [-76.382698, 3.861241]}, "properties": {"municipio": "Yotoco", "departamento": "Valle del Cauca", "n_noticias": 6, "n_prensa_recogida": 13, "noticias_ejemplo": [{"fecha": "2026-09-07T05:00:00", "medio": "Google News — Cali", "titulo": "Hasta Vijes, Yotoco Yumbo, también llegó la caravana con ayudas del Giro de Rigo y la Gobernación del Valle para víctimas del sismo - Gobernación del valle", "url": "https://news.google.com/rss/articles/CBMikAJBVV95cUxOM3JxekxRaksyWDBnb3drZTFJN1hpVlVnUGpETjY1UGI3bjFxVl85V2VhQWZiNGFmLTd0NEpUTU5Ed2ZkNExuTm0wUXk0VWlLWUdVTzg3UDdEZWZ0TC0tN3N0Y2ZXNWxnaFdFQ2JxeW5zc09nNF9pdWM4Uy1iaVdwZDZ3OUc2Z01mb1RXM1dnVEtYN0RubGNJM05PRkhwRy1SX3lielgwRjBTYlREYTRPMFlUV0VLQlQzTlBNRVN4UE9YdW10Mk1IenlsbmZNVGliUEdOSlQxOHcyZ0Y4MWQtb3Z4RmRXb3A0VUxQU2ZWNGdfdWxmU2dxS2RyQ3Z5NF9rX0hJbjhHLXZsYnQ4R1FBMg?oc=5"}, {"fecha": "2026-08-30T21:26:23", "medio": "Google News — Dagua", "titulo": "Tras el terremoto, gobernadora Dilian Francisca Toro, lidera acciones de recuperación en Dagua, La Cumbre y Yotoco - elpais.com.co", "url": "https://news.google.com/rss/articles/CBMi7gFBVV95cUxPNl80OEVwQnhLUkZiOFhzSHJHTkpHalFZOHhsWVFsSnpaNGNkdWRydFE2TnAtaFhfczFDb3pGRlZJQ3dCQ0FZM1F3ck9xbm5ZWHVfRGR6Q0xwa0dETWloTTVvUEVXRFNrWUt4NFhwckVuSmdWbFVLZU5rYk5GbmZoNVVWVXQ2OUVaRHJLMnJkY0pxMngzRGowVUREbzFoWm04ZTVhZ0ZIc2FsYzhYSGFNRS1wQzB0cmpUZnhvUnY5cW5sOHBNS19ZMWFwa0ZjRk5iYTU0Q3J2dUJkLXY1dm12NkswRVlVOC1MQ01LMEFB0gHuAUFVX3lxTE82XzQ4RXBCeEtSRmI4WHNIckdOSkdqUVk4eGxZUWxKelo0Y2R1ZHJ0UTZOcC1oWF9zMUNvekZGVklDd0JDQVkzUXdyT3FubllYdV9EZHpDTHBrR0RNaWhNNW9QRVdEU2tZS3g0WHByRW5KZ1ZsVUtlTmtiTkZuZmg1VVZVdDY5RVpEcksycmRjSnEyeDNEajBVRERvMWhabThlNWFnRkhzYWxjOFhIYU1FLXBDMHRyalRmeG9Sdjlxbmw4cE1LX1kxYXBrRmNGTmJhNTRDcnZ1QmQtdjV2bXY2SzBFWVU4LUxDTUswQUE?oc=5"}, {"fecha": "2026-08-30T21:17:19", "medio": "Google News — Dagua", "titulo": "Tras el terremoto, gobernadora Dilian Francisca Toro, lidera acciones de recuperación en Dagua, La Cumbre y Yotoco - elpais.com.co", "url": "https://news.google.com/rss/articles/CBMi6AFBVV95cUxNNWc4UFJ1elZpUkNpdUdFbU1nSk9OWTdUM1BVM0E2b1c0dV9GTk9veFJDZzUyTDdab05TQ1d2SVhySl80aUVuUHlhTnk4VEpPSjdNdW9OV3JuUVVvN0l2SlFPYXZPNkFFRkJNVFhWQl9IM1ZvbVpQYWlNcHhaZDY2TmJKVWJsMVQzbVBZOU5TV1ZXNXRBcW9BT0QxM1JPb1RvaWZVSFRFanpEeTFWUEhEcEpVUGd2NzV4aXRNSUdqY3oxelZBZG1Wckdac0llajh4a05sOHdLQ1U1dkVvdU9seTJvVWh2WEF60gHuAUFVX3lxTE82XzQ4RXBCeEtSRmI4WHNIckdOSkdqUVk4eGxZUWxKelo0Y2R1ZHJ0UTZOcC1oWF9zMUNvekZGVklDd0JDQVkzUXdyT3FubllYdV9EZHpDTHBrR0RNaWhNNW9QRVdEU2tZS3g0WHByRW5KZ1ZsVUtlTmtiTkZuZmg1VVZVdDY5RVpEcksycmRjSnEyeDNEajBVRERvMWhabThlNWFnRkhzYWxjOFhIYU1FLXBDMHRyalRmeG9Sdjlxbmw4cE1LX1kxYXBrRmNGTmJhNTRDcnZ1QmQtdjV2bXY2SzBFWVU4LUxDTUswQUE?oc=5"}], "dyfi_max_cdi": null, "dyfi_respuestas": null, "dyfi_celdas": 0, "dyfi_min_dist_km": null, "divipola": "76890", "poblacion_2026": 16843, "cabecera_2026": 9223, "rural_2026": 7620, "poblacion_fuente": "DANE PPED municipal por área 2018-2042", "en_aoi_copernicus": false, "estado": "mencion_prensa", "busqueda_propia": true, "fuentes": ["prensa", "rud"], "unosat_edificios": null, "unosat_observados": null, "unosat_posibles": null, "unosat_fecha_imagen": null, "unosat_codigo_inconsistente": null, "sertit_edificios": null, "sertit_destruidos": null, "sertit_danados": null, "sertit_posibles": null, "sertit_sin_grado": null, "sertit_area_km2": null, "sertit_imagen_literal": null, "rud_familias": 2522.0, "rud_personas": 6237.0, "rud_viv_destruidas": 235.0, "rud_viv_averiadas": 712.0, "mmi_usgs": 6.3, "tasa_rud_pct": 37.0302}}, {"type": "Feature", "geometry": {"type": "Point", "coordinates": [-75.765074, 4.624387]}, "properties": {"municipio": "Quimbaya", "departamento": "Quindío", "divipola": "63594", "requiere_depto": true, "homonimo_de_departamento": false, "n_noticias": 25, "n_prensa_recogida": 24, "noticias_ejemplo": [{"fecha": "2026-09-25T22:51:54", "medio": "Google News — La Crónica del Quindío", "titulo": "UNGRD paga $1.185 millones a damnificados del terremoto en Quimbaya, Quindío - cronicadelquindio.com", "url": "https://news.google.com/rss/articles/CBMiswFBVV95cUxPb1Z4R1FIRkVPRTBWMnF4aFFyNGRoSDlWZ290Y1RpUWJoY2NLbXp3R3pBUzNhTlpfX0VkcnZucmZGRWJOc1ZLY0NfZ0RJM0VEQm1ZRk00ek5QT0xwdmtySG92MWRYc3BkNlp5NTRsQlE2ZnZ2TmlQR015RkZka05rQ0U3elc1UWd6QXVMQ0tOQ3BWQm1zTV85RmRFQzZVQ1ZUcU01ZGFleklocHVfX0VUSHlIcw?oc=5"}, {"fecha": "2026-09-18T18:22:21", "medio": "Google News — Quimbaya", "titulo": "Basílica Menor Jesús de Quimbaya desmontará parte de su torre tras daños del terremoto en Quindío - lafm.com.co", "url": "https://news.google.com/rss/articles/CBMipwFBVV95cUxOME1FaFFrVVlaLWd5TVZ2Yk9NQ2w0QlBmQzQxUmVMV3JRYW9HdG9NMXJsRGpuZmp2UmRta2Q5TzFQandGVUd4VFBSNnlucG5GX1N2QlhWMHNucDVMRmVfU2RVanVidVM4SWlBWlU0SnZqY1dISFJWXzJVTXdDUHBvOE9UNWJnRExIT0t5cGM2WTZfaHRwWmlaMVRVSFhqOWJhMFl5ODFPY9IBpwFBVV95cUxNUno2OW9ycndMbzg5TlJ6U09fbUdxUnI2ekpDcXQ1SHl0UGo4dDRiWTBISm5Jemd6eUxIbllxNzAzOVBxdEFaNXhkaG0zak5LcEdjVFJSYUdRQ1dFU0h4ME1xUklSWmRsb1NCejdQblpxcUdZX1RVaW5JOTFGR0x0R3htOFpZcmJRODNObXc1Y1JWRWp2bDBjdG9PakU2UWRlRWhOamYwaw?oc=5"}, {"fecha": "2026-09-11T01:43:36", "medio": "Google News — Quimbaya", "titulo": "53 familias damnificadas permanecen en el albergue de Quimbaya en el Quindío tras el terremoto - Caracol Radio", "url": "https://news.google.com/rss/articles/CBMiyAFBVV95cUxPXzZzR2lmZXo2ajFSVlNJY2lVNFgzVzhYU25FRGlGeXRydzdzVVF6SXdSZjF2NkZNLUxjVUlnVTh2UEZjeXFTUWJBbFRXbHlQQ2lyWnI5a01FanpjVFg4RUN0Vm1wclhiSTlSZHlPVV9vdjlOdnJDSWFzWVF1ODQ2cEpVbjNITV9QUU42eFA1YjdCdUNZS0VNd3NDT1kwSm5Dc2otU3dJUmRYZ0kzUW9MSV81YjMyRzQ5Q2JTZlBaU0ZWU0N4SVN4X9IB3AFBVV95cUxPRXJvTjFtRG1ZcnNiRDFNcFNhR3B4MHNKVTBPM3N5SHhyRHNzSWIydWcyMmI1NHp5Rzk2RnV2N2ZjeWxNZ3VQQmhPTWE4OEVZWDVVeC1IbXp2M0tZRFFVMnJYREg4QThIUEJjTFd2SXBreWtIM09DejRDM2FheWRGTUdWWnp3Smo2MzlyRTM4RlgyQnlSMGVSbTg4ZHhuZEFBR1Q3SENUMG5rcC1ETHFpQ2p6VkRZMXllNE90OUpsb3JwaS1lM1JNa09zRjFhczZHUDdaQm9RZ0tyY0Zq?oc=5"}], "dyfi_max_cdi": null, "dyfi_respuestas": null, "dyfi_celdas": 0, "dyfi_min_dist_km": null, "poblacion_2026": 31350, "cabecera_2026": 25378, "rural_2026": 5972, "poblacion_fuente": "DANE PPED municipal por área 2018-2042", "en_aoi_copernicus": false, "estado": "mencion_prensa", "busqueda_propia": true, "fuentes": ["prensa", "rud"], "unosat_edificios": null, "unosat_observados": null, "unosat_posibles": null, "unosat_fecha_imagen": null, "unosat_codigo_inconsistente": null, "sertit_edificios": null, "sertit_destruidos": null, "sertit_danados": null, "sertit_posibles": null, "sertit_sin_grado": null, "sertit_area_km2": null, "sertit_imagen_literal": null, "rud_familias": 5728.0, "rud_personas": 12739.0, "rud_viv_destruidas": 338.0, "rud_viv_averiadas": 768.0, "mmi_usgs": 7.3, "tasa_rud_pct": 40.6348}}, {"type": "Feature", "geometry": {"type": "Point", "coordinates": [-76.099661, 4.533869]}, "properties": {"municipio": "La Unión", "departamento": "Valle del Cauca", "divipola": "76400", "requiere_depto": true, "homonimo_de_departamento": false, "n_noticias": 27, "n_prensa_recogida": 58, "noticias_ejemplo": [{"fecha": "2026-09-24T18:01:07", "medio": "Google News — La Unión", "titulo": "Magnitude 4.7 earthquake strikes near La Union, La Unión, Departamento del Valle del Cauca, Colombia - Volcano Discovery", "url": "https://news.google.com/rss/articles/CBMi8gFBVV95cUxOd0hOeDhab0hodWNRNVhzN1FHZ2hFb0ZwR21vSkJaeEI5R2NoU09TVEFwelJBM3Q5WEhrOVlCVXlidjZaSWUyZnhrcGp2VkR3ME91OWwyTzVLMVo4QXAxenE3SjJUTHZrTF9VTU9nMTJHMzhYN3FULUdsWjdleWl1d3dhU3phVDlRblRhR1cwSU1TUFBGcm1oT1hjeS1NSmtyU0VSMlFpWnVXM3dSN2xGMlRzSHdMYkVOLTAtSXhJSzVQRUlTMUl2U3kyVzUwZV9TRjFBQ0hobmdWX2FJYTl2ajN6ZEVyT2UxLUlOZDNwRU92Zw?oc=5"}, {"fecha": "2026-09-17T13:18:54", "medio": "Google News — Caicedonia", "titulo": "Últimos Sismos cerca de La Union, Valle del Cauca, Colombia: Temblores recientes últimos 7 días - Volcano Discovery", "url": "https://news.google.com/rss/articles/CBMid0FVX3lxTE1tSXJyWXVHT0t6M2wwR3ZpTVRCcGdna1UwNnZqWDBwOWNyM05pWjNvUGM1TmZnNXl6T0l6Zk1ydlpoY0NFMUhvRzUwVk5hUmVubVNKZURUUHk2ajBLLUZzVzZtMkJYZF9BVjdRY3pUdzl4VVlhdV9v?oc=5"}, {"fecha": "2026-09-16T20:24:59", "medio": "Google News (agregador es-CO)", "titulo": "Fuerte terremoto magnitud 5.0 - del Choco, 86 km al oeste de La Union, Valle del Cauca, Colombia, Wednesday 16 Sep 2026 a las 15:12 (Hora Bogota) - Volcano Discovery", "url": "https://news.google.com/rss/articles/CBMi1gFBVV95cUxNTmFWRDMwQ0N5Qkk1R0NLcmRleG9CMFlUa1VQemhUbkRDYUl1V1NIMVNRNVd3cU9GOWpwNHhpd2NQblpqMHhtVEQ2YldWbVp1T253ZUgxYk02aVJiOFptSERYU3hyRy1oMzJNNzhjNzAzZHRPVHVtMDlvQ2l2YjhRRFBJOEliOTFMcDhac2IxU3o2RzhFTHhjaUtFTTBmZFJVanBDVnZOSFBTYm9aYkhCZkVQVjJLTjNEd0FVUFhYTjNaam9uR3dHVHcxVkFweE9IV2VHSlhn?oc=5"}], "dyfi_max_cdi": null, "dyfi_respuestas": null, "dyfi_celdas": 0, "dyfi_min_dist_km": null, "poblacion_2026": 34699, "cabecera_2026": 28254, "rural_2026": 6445, "poblacion_fuente": "DANE PPED municipal por área 2018-2042", "en_aoi_copernicus": false, "estado": "mencion_prensa", "busqueda_propia": true, "fuentes": ["prensa", "rud"], "unosat_edificios": null, "unosat_observados": null, "unosat_posibles": null, "unosat_fecha_imagen": null, "unosat_codigo_inconsistente": null, "sertit_edificios": null, "sertit_destruidos": null, "sertit_danados": null, "sertit_posibles": null, "sertit_sin_grado": null, "sertit_area_km2": null, "sertit_imagen_literal": null, "rud_familias": 3824.0, "rud_personas": 7130.0, "rud_viv_destruidas": 205.0, "rud_viv_averiadas": 1563.0, "mmi_usgs": 7.3, "tasa_rud_pct": 20.5481}}, {"type": "Feature", "geometry": {"type": "Point", "coordinates": [-76.318818, 4.212037]}, "properties": {"municipio": "Trujillo", "departamento": "Valle del Cauca", "divipola": "76828", "requiere_depto": true, "homonimo_de_departamento": false, "n_noticias": 0, "n_prensa_recogida": 24, "noticias_ejemplo": [], "dyfi_max_cdi": null, "dyfi_respuestas": null, "dyfi_celdas": 0, "dyfi_min_dist_km": null, "poblacion_2026": 20058, "cabecera_2026": 10051, "rural_2026": 10007, "poblacion_fuente": "DANE PPED municipal por área 2018-2042", "en_aoi_copernicus": false, "estado": "solo_rud", "busqueda_propia": true, "fuentes": ["rud"], "unosat_edificios": null, "unosat_observados": null, "unosat_posibles": null, "unosat_fecha_imagen": null, "unosat_codigo_inconsistente": null, "sertit_edificios": null, "sertit_destruidos": null, "sertit_danados": null, "sertit_posibles": null, "sertit_sin_grado": null, "sertit_area_km2": null, "sertit_imagen_literal": null, "rud_familias": 3089.0, "rud_personas": 7897.0, "rud_viv_destruidas": 225.0, "rud_viv_averiadas": 1127.0, "mmi_usgs": 6.7, "tasa_rud_pct": 39.3708}}, {"type": "Feature", "geometry": {"type": "Point", "coordinates": [-76.183583, 4.337846]}, "properties": {"municipio": "Bolívar", "departamento": "Valle del Cauca", "divipola": "76100", "requiere_depto": true, "homonimo_de_departamento": true, "n_noticias": null, "n_prensa_recogida": 0, "noticias_ejemplo": [], "dyfi_max_cdi": null, "dyfi_respuestas": null, "dyfi_celdas": 0, "dyfi_min_dist_km": null, "poblacion_2026": 15958, "cabecera_2026": 5013, "rural_2026": 10945, "poblacion_fuente": "DANE PPED municipal por área 2018-2042", "en_aoi_copernicus": false, "estado": "solo_rud", "busqueda_propia": false, "fuentes": ["rud"], "unosat_edificios": null, "unosat_observados": null, "unosat_posibles": null, "unosat_fecha_imagen": null, "unosat_codigo_inconsistente": null, "sertit_edificios": null, "sertit_destruidos": null, "sertit_danados": null, "sertit_posibles": null, "sertit_sin_grado": null, "sertit_area_km2": null, "sertit_imagen_literal": null, "rud_familias": 2724.0, "rud_personas": 5463.0, "rud_viv_destruidas": 198.0, "rud_viv_averiadas": 1477.0, "mmi_usgs": 7.3, "tasa_rud_pct": 34.2336}}, {"type": "Feature", "geometry": {"type": "Point", "coordinates": [-75.636533, 4.617759]}, "properties": {"municipio": "Circasia", "departamento": "Quindío", "divipola": "63190", "requiere_depto": true, "homonimo_de_departamento": false, "n_noticias": 4, "n_prensa_recogida": 5, "noticias_ejemplo": [{"fecha": "2026-08-19T20:38:21", "medio": "Google News — La Crónica del Quindío", "titulo": "Circasia luego del terremoto Archivos - Crónica del Quindio", "url": "https://news.google.com/rss/articles/CBMicEFVX3lxTE1CTG5JcU1MUV8xMTQ4RF95RWVJemJRcmZBdUNSRGR5V1dUNG1xeFRBbmc4cnhqekFzN2tSWGp4X01WTnR3TUFhM043TFRxLTJvZWtudW9GYS00ekZsU1NwWkRydEJ3dEZzdmE1Qkt5SGs?oc=5"}, {"fecha": "2026-08-17T12:03:54", "medio": "Google News — Circasia", "titulo": "Alcalde de Circasia expone afectaciones por el terremoto ante ministra del Trabajo y gobernador del Quindío - La Cuyabra Radio", "url": "https://news.google.com/rss/articles/CBMi3wFBVV95cUxNQkFtZC04WXdwejRuLVItNTQ5c1ROV3UxeEdOM00xNHdnOFFkSmYwcXRIVFJaVXhyckJ1b3pLejVsa3VHNzZLZldDLXpJNmRkUGVZeUtoTjhtS3ZGaHFlV2Y4dDJMdTZzX3M1dDBmWThfWVQ3QXdvY0JSZWFJWTNDNVBfSUR5Q2ZQa2JHbVdOam9COHJBZ0RHeFFFajR1U2xPUlhBOTJIeGdab2pBZVZnTU41RVpTUDRvS1RyWWdJUWZZRVZZaEFIaGVzWmJMZkRlemRjeWFJX3FNNEFVblgw?oc=5"}, {"fecha": "2026-08-12T05:10:55", "medio": "Google News — La Crónica del Quindío", "titulo": "Circasia: entre el susto y la berraquera para levantarse tras el sismo - Crónica del Quindio", "url": "https://news.google.com/rss/articles/CBMirAFBVV95cUxPcGx3ZVZpUzdYYkZsQUJKWkRWM1lieGY4R3NSdzlTRmV6dnhRU3ZZUEhpYVBJMkhVTlRCOV8wc09ZZWpoLWM4LTJGeGRocFozTE5KaURta0xyc3YtNWZsX0IyYjEyaGRyYmRHcDVMTXM2QXBRaGhrOVlTRnAtclo3S0htSHpNaVQ2eUluTlhlTlhfWkhtY2VkWjc4cmpBdXduWHBWYzVvNlRDbFJW?oc=5"}], "dyfi_max_cdi": null, "dyfi_respuestas": null, "dyfi_celdas": 0, "dyfi_min_dist_km": null, "poblacion_2026": 28971, "cabecera_2026": 21536, "rural_2026": 7435, "poblacion_fuente": "DANE PPED municipal por área 2018-2042", "en_aoi_copernicus": false, "estado": "mencion_prensa", "busqueda_propia": true, "fuentes": ["prensa", "rud"], "unosat_edificios": null, "unosat_observados": null, "unosat_posibles": null, "unosat_fecha_imagen": null, "unosat_codigo_inconsistente": null, "sertit_edificios": null, "sertit_destruidos": null, "sertit_danados": null, "sertit_posibles": null, "sertit_sin_grado": null, "sertit_area_km2": null, "sertit_imagen_literal": null, "rud_familias": 2634.0, "rud_personas": 4714.0, "rud_viv_destruidas": 117.0, "rud_viv_averiadas": 464.0, "mmi_usgs": 6.9, "tasa_rud_pct": 16.2714}}, {"type": "Feature", "geometry": {"type": "Point", "coordinates": [-76.15682, 4.208358]}, "properties": {"municipio": "Bugalagrande", "departamento": "Valle del Cauca", "divipola": "76113", "requiere_depto": true, "homonimo_de_departamento": false, "n_noticias": 0, "n_prensa_recogida": 11, "noticias_ejemplo": [], "dyfi_max_cdi": 8.1, "dyfi_respuestas": 1, "dyfi_celdas": 1, "dyfi_min_dist_km": 131, "poblacion_2026": 25527, "cabecera_2026": 13894, "rural_2026": 11633, "poblacion_fuente": "DANE PPED municipal por área 2018-2042", "en_aoi_copernicus": false, "estado": "intensidad_alta", "busqueda_propia": true, "fuentes": ["dyfi", "rud"], "unosat_edificios": null, "unosat_observados": null, "unosat_posibles": null, "unosat_fecha_imagen": null, "unosat_codigo_inconsistente": null, "sertit_edificios": null, "sertit_destruidos": null, "sertit_danados": null, "sertit_posibles": null, "sertit_sin_grado": null, "sertit_area_km2": null, "sertit_imagen_literal": null, "rud_familias": 2195.0, "rud_personas": 3427.0, "rud_viv_destruidas": 205.0, "rud_viv_averiadas": 211.0, "mmi_usgs": 7.5, "tasa_rud_pct": 13.425}}, {"type": "Feature", "geometry": {"type": "Point", "coordinates": [-76.288313, 4.156908]}, "properties": {"municipio": "Riofrío", "departamento": "Valle del Cauca", "divipola": "76616", "requiere_depto": true, "homonimo_de_departamento": false, "n_noticias": 1, "n_prensa_recogida": 5, "noticias_ejemplo": [{"fecha": "2026-08-10T02:11:33", "medio": "Google News — Toro", "titulo": "Valle del Cauca activa Puesto de Mando Unificado y reporta daños preliminares en Riofrío y Vijes tras el sismo - larazon.co", "url": "https://news.google.com/rss/articles/CBMiygFBVV95cUxNMHItbExSV1JHbXV4QnhHczM2QUxmRU56elZydjZGNFJZUEtXOHVUQUVsOGR0cTRNdFV3TktoeHd0WnVPRmk1UTU2cVYwaDlnX3BvZlk3NHFWWDNYenU0MXdtYW53Z0NEWEdKTEp2dVdwbXNaejJ3c3lDNFJyMW45SXkzVllTeE1pMHpSX2Vyb0hjU1JCbktXTDhPanQ0X0t2Y1BxeU1ud2F3bnMxcGEwSDl3ZlVqX2dybjJtMWpIYmp3VVRjeXpPNWJB?oc=5"}], "dyfi_max_cdi": null, "dyfi_respuestas": null, "dyfi_celdas": 0, "dyfi_min_dist_km": null, "poblacion_2026": 16207, "cabecera_2026": 8159, "rural_2026": 8048, "poblacion_fuente": "DANE PPED municipal por área 2018-2042", "en_aoi_copernicus": false, "estado": "mencion_prensa", "busqueda_propia": true, "fuentes": ["prensa", "rud"], "unosat_edificios": null, "unosat_observados": null, "unosat_posibles": null, "unosat_fecha_imagen": null, "unosat_codigo_inconsistente": null, "sertit_edificios": null, "sertit_destruidos": null, "sertit_danados": null, "sertit_posibles": null, "sertit_sin_grado": null, "sertit_area_km2": null, "sertit_imagen_literal": null, "rud_familias": 2095.0, "rud_personas": 4418.0, "rud_viv_destruidas": 143.0, "rud_viv_averiadas": 480.0, "mmi_usgs": 6.7, "tasa_rud_pct": 27.2598}}, {"type": "Feature", "geometry": {"type": "Point", "coordinates": [-76.221611, 4.760874]}, "properties": {"municipio": "El Cairo", "departamento": "Valle del Cauca", "divipola": "76246", "requiere_depto": false, "homonimo_de_departamento": false, "n_noticias": 38, "n_prensa_recogida": 85, "noticias_ejemplo": [{"fecha": "2026-09-25T12:09:43", "medio": "Google News — El Cairo", "titulo": "Últimos Sismos cerca de El Cairo, Valle del Cauca, Colombia: Temblores recientes últimos 7 días - Volcano Discovery", "url": "https://news.google.com/rss/articles/CBMi2wFBVV95cUxOMjFDdnA4UHBzRlBBOERUcmwtTXFtczhUdmdBNldvV3M4LXhhbW9fNVBiVTZQdk5kLWFudDBaM0cyYlQ0TmRlMTNxM29iMGNFQml6UTc0S0hreGVRQTNncjlaRnZMbGRFTmllbW9WV1phLTdwQXl1bVNXMXptLW1EQ3lhR1JBUE9xRGVRX3h5S3drb3JuMG1feE93SG9xZ0RYS1VuMEtJQmR4OWFvanRQVlVlVllkdE9IcWYwZnNaNUM2SlZMSmR2aThoVENVb0RoVTBGQUZiLTJiZWs?oc=5"}, {"fecha": "2026-09-22T15:56:49", "medio": "Google News — Buenaventura", "titulo": "Así avanza la reconstrucción de viviendas afectadas por el terremoto en El Cairo, Valle del Cauca - elpais.com.co", "url": "https://news.google.com/rss/articles/CBMi2gFBVV95cUxNYTJLZFNnTThCYlRZdjFxNmNGRTlBODY2YjZGSkJMTkRpRkdGNUE3SkdjNXE0Nm5MaEpiWUhMdzNrZ2U3YWxoemYyeE40SEtKcktYc1dkcktYYTNMZlpMQmNGREo5R1g0aVlKNTRFaFhCMmtoZFNsNGswZXpRUzVjUGYwY1NMa19sZTVfRGI1Sl92WklYdmR1WTZXT3ZNQk5DYWJ4M2lnN29IM21ZcC1telphZTY3NUs3SGFRSnNvZmZsVGtaeU5WNTBRSFFZNFJDSEs4ZWFVa0hPd9IB2gFBVV95cUxNYTJLZFNnTThCYlRZdjFxNmNGRTlBODY2YjZGSkJMTkRpRkdGNUE3SkdjNXE0Nm5MaEpiWUhMdzNrZ2U3YWxoemYyeE40SEtKcktYc1dkcktYYTNMZlpMQmNGREo5R1g0aVlKNTRFaFhCMmtoZFNsNGswZXpRUzVjUGYwY1NMa19sZTVfRGI1Sl92WklYdmR1WTZXT3ZNQk5DYWJ4M2lnN29IM21ZcC1telphZTY3NUs3SGFRSnNvZmZsVGtaeU5WNTBRSFFZNFJDSEs4ZWFVa0hPdw?oc=5"}, {"fecha": "2026-09-22T15:40:20", "medio": "Google News — El Cairo", "titulo": "Así avanza la reconstrucción de viviendas afectadas por el terremoto en El Cairo, Valle del Cauca - elpais.com.co", "url": "https://news.google.com/rss/articles/CBMi1AFBVV95cUxOck5MV1RhTC1fZldacDM2Rmpxb19OWlg3U3lBQ1FmNlVZWFo3NmttOXZBZU93TmJzN19FT2Q2eFZDMFBuODM1SHJ4MnVNRFRQWlZOWmZNTldnbHJmbnJLR3hGQ3VkdXlrWWRURmllQjN6Z1hrXzU1NVdya2hwcWJqZEFtYlNzNTZXdGxaYzA1M3RKZnU0WmVXVEFoSWFSTTFqWnJTS1c0TzQtNG84UUZmclBES2ZEZjUyczFBd0JMYi1LOWF4VTYwYmNkb1pYeTlIOEpWMNIB2gFBVV95cUxNYTJLZFNnTThCYlRZdjFxNmNGRTlBODY2YjZGSkJMTkRpRkdGNUE3SkdjNXE0Nm5MaEpiWUhMdzNrZ2U3YWxoemYyeE40SEtKcktYc1dkcktYYTNMZlpMQmNGREo5R1g0aVlKNTRFaFhCMmtoZFNsNGswZXpRUzVjUGYwY1NMa19sZTVfRGI1Sl92WklYdmR1WTZXT3ZNQk5DYWJ4M2lnN29IM21ZcC1telphZTY3NUs3SGFRSnNvZmZsVGtaeU5WNTBRSFFZNFJDSEs4ZWFVa0hPdw?oc=5"}], "dyfi_max_cdi": 9.1, "dyfi_respuestas": 2, "dyfi_celdas": 1, "dyfi_min_dist_km": 108, "poblacion_2026": 7010, "cabecera_2026": 3477, "rural_2026": 3533, "poblacion_fuente": "DANE PPED municipal por área 2018-2042", "en_aoi_copernicus": false, "estado": "intensidad_alta", "busqueda_propia": true, "fuentes": ["prensa", "dyfi", "rud"], "unosat_edificios": null, "unosat_observados": null, "unosat_posibles": null, "unosat_fecha_imagen": null, "unosat_codigo_inconsistente": null, "sertit_edificios": null, "sertit_destruidos": null, "sertit_danados": null, "sertit_posibles": null, "sertit_sin_grado": null, "sertit_area_km2": null, "sertit_imagen_literal": null, "rud_familias": 1987.0, "rud_personas": 4563.0, "rud_viv_destruidas": 95.0, "rud_viv_averiadas": 593.0, "mmi_usgs": 7.5, "tasa_rud_pct": 65.0927}}, {"type": "Feature", "geometry": {"type": "Point", "coordinates": [-76.642238, 3.015382]}, "properties": {"municipio": "Buenos Aires", "departamento": "Cauca", "divipola": "19110", "requiere_depto": true, "homonimo_de_departamento": false, "n_noticias": 7, "n_prensa_recogida": 36, "noticias_ejemplo": [{"fecha": "2026-08-26T15:11:21", "medio": "Google News — Buenos Aires", "titulo": "Buenos Aires, Cauca, confirmó 1300 viviendas afectadas desde el terremoto del pasado 10 de agosto - diariodelcesar.com", "url": "https://news.google.com/rss/articles/CBMi2wFBVV95cUxOVTdfVk5aaFA4VEI5eWZDTFpiVXlmLWtacnpLcmFIQXFCamE2Q3pwYlZkRldieU1zRVRzN3NubnlDZ2Y4b19LQjVMeDVhZ1NYcHotUmpON3Fob1lVUjR6bTlTbW5uSmJtZGVoVGZ2VkpDVmZmX3BOS2JsVTdaeUNzcnhTVFlsaDdrenN3OVVkcFpYM3d3ZnBON1d4dW1OTVZVWXFrZFg5ZVA5RVFhVF9xMGdxZFpNeXlRVTBWQkRyQWFTM3hBN1VtZTY1WEdySWFjUUlwQWtSRG8wT2M?oc=5"}, {"fecha": "2026-08-26T11:53:00", "medio": "Google News — Buenos Aires", "titulo": "Buenos Aires, Cauca, confirmó 1300 viviendas afectadas desde el terremoto del pasado 10 de agosto - Hoy Diario del Magdalena", "url": "https://news.google.com/rss/articles/CBMi4wFBVV95cUxNbUxWOGg5THRlVjNtRlUzSXJzUUVKcnBubkRPMkRLblpHcVNscWVXMVd2VHVubkoydXFLczFmVldXQU9GTnRNdTVSc1BNLXNKUkVIYVczV0tpTWJIMUM3TnBYZnFGcWJaOGFtMGdKemdYaVBXSjk5NndhWXFyU1pVZ2Vjc0pHN2JRQ0xFWVdPbUt1UTNnWVVLLWlYbzlPeV9GaDZYWUVsaERWdVpoTURLMTVfZllnZVpBZUhLNGVTSWVjUEdnRUpaWjdUYlVqVmdFMU1ZSDFxMjJCV2tuazBEUWdXaw?oc=5"}, {"fecha": "2026-08-26T11:53:00", "medio": "Google News — Buenos Aires", "titulo": "Buenos Aires, Cauca, confirmó 1300 viviendas afectadas desde el terremoto del pasado 10 de agosto - Hoy Diario del Magdalena", "url": "https://news.google.com/rss/articles/CBMi5AFBVV95cUxPQzAyTjByclpmM3oxLWdYMnJqa1BxZjA1NXZTWEdPdUNrSHRQY081R3NKejNsdnNUeVZfdkRWTEtZZ1pPeWd3QWhLTW1sYTVzNU1aTldZd3FnT3ZFaFdCa2Y3U243cWU4STNLVDNjUkFjUC1paVk1YlV4S2tsRU5vZ0pfZ1lrZC1LaHY4VkRyV00tWl9pYW9hYy0zVHppaFFINmNlX1doQUt4UGhtZTU4ZG5adFJmWlNlblhXWWFNbUxWX3YxN1duUFJmb0E0UzY4ZGhncjRDNHJaUGpqcV9kdS1UZ18?oc=5"}], "dyfi_max_cdi": null, "dyfi_respuestas": null, "dyfi_celdas": 0, "dyfi_min_dist_km": null, "poblacion_2026": 33342, "cabecera_2026": 828, "rural_2026": 32514, "poblacion_fuente": "DANE PPED municipal por área 2018-2042", "en_aoi_copernicus": false, "estado": "mencion_prensa", "busqueda_propia": true, "fuentes": ["prensa", "rud"], "unosat_edificios": null, "unosat_observados": null, "unosat_posibles": null, "unosat_fecha_imagen": null, "unosat_codigo_inconsistente": null, "sertit_edificios": null, "sertit_destruidos": null, "sertit_danados": null, "sertit_posibles": null, "sertit_sin_grado": null, "sertit_area_km2": null, "sertit_imagen_literal": null, "rud_familias": 1873.0, "rud_personas": 4044.0, "rud_viv_destruidas": 52.0, "rud_viv_averiadas": 1102.0, "mmi_usgs": 5.9, "tasa_rud_pct": 12.1288}}, {"type": "Feature", "geometry": {"type": "Point", "coordinates": [-75.790402, 4.206641]}, "properties": {"municipio": "Génova", "departamento": "Quindío", "divipola": "63302", "requiere_depto": true, "homonimo_de_departamento": false, "n_noticias": 1, "n_prensa_recogida": 1, "noticias_ejemplo": [{"fecha": "2026-08-14T05:11:25", "medio": "Google News — La Crónica del Quindío", "titulo": "En Génova, el sismo dañó 266 edificaciones, incluida la sede de la alcaldía - Crónica del Quindio", "url": "https://news.google.com/rss/articles/CBMisgFBVV95cUxQRVFrem4zUUg3dGs5VkpsMk5Weks5b0l2U3VoZ0U5SC1BNDJMRHozZkpDTFU1dFotZm1TRzgtWXVhWWVsbDRiaDE2SkpRbnNDcnR6S1FyckVZOHpoR2trd0oxd20tUS1EQzVMVGlEcW9pZHMzSExabU1ic1E3V3U1VjRELUk2QndVVUFvUmV0cllSVnI0THZTTGdXTi1tMDdEdC0zemhscm5DQ2xnam5JMVRB?oc=5"}], "dyfi_max_cdi": null, "dyfi_respuestas": null, "dyfi_celdas": 0, "dyfi_min_dist_km": null, "poblacion_2026": 7694, "cabecera_2026": 4318, "rural_2026": 3376, "poblacion_fuente": "DANE PPED municipal por área 2018-2042", "en_aoi_copernicus": false, "estado": "mencion_prensa", "busqueda_propia": true, "fuentes": ["prensa", "rud"], "unosat_edificios": null, "unosat_observados": null, "unosat_posibles": null, "unosat_fecha_imagen": null, "unosat_codigo_inconsistente": null, "sertit_edificios": null, "sertit_destruidos": null, "sertit_danados": null, "sertit_posibles": null, "sertit_sin_grado": null, "sertit_area_km2": null, "sertit_imagen_literal": null, "rud_familias": 1611.0, "rud_personas": 3582.0, "rud_viv_destruidas": 7.0, "rud_viv_averiadas": 494.0, "mmi_usgs": 6.4, "tasa_rud_pct": 46.5558}}, {"type": "Feature", "geometry": {"type": "Point", "coordinates": [-76.484132, 3.933664]}, "properties": {"municipio": "Calima", "departamento": "Valle del Cauca", "divipola": "76126", "requiere_depto": false, "homonimo_de_departamento": false, "n_noticias": 39, "n_prensa_recogida": 39, "noticias_ejemplo": [{"fecha": "2026-09-17T20:22:00", "medio": "Google News — Cali", "titulo": "Con jornadas de bienestar, Gobierno del Valle acompaña a damnificados por el sismo en Calima El Darién y La Cumbre - Gobernación del valle", "url": "https://news.google.com/rss/articles/CBMi-wFBVV95cUxNVDVTaHl3c29YaVJUeE5rdFUzaDZ3RGhXSlc3b0ZrWmhkX0o2ZnROdm5QaUxKLWs4clQ4RzNyOUFkdS1IcHM5VHhHZXhQcDlERG5ZMzkyRDJ5M1BKQjhKaHEwWGlhVkdadFhFZU5XektfMW9NTHlUR0trcW9XZ3dNeU1VR2tuSkFzbklQNHJRLXRkdFVGa1h5eDNzX0lGSk5KUVJuUVoyVHRuOUNKQ0VhZC11azNDUGlvZmlEM09RSUhxcE9FNDZXZ2lKbzhyVFgwLWZKSHl4VVk1Ujh6bGoyOHNObUFkSE5xYVE1Y2V1UGNZdWNfaEExd0ctMA?oc=5"}, {"fecha": "2026-09-15T12:14:08", "medio": "Google News — Yumbo", "titulo": "Gobernación del Valle visita a niña afectada por el terremoto en Calima El Darién, quien sufrió múltiples fracturas - elpais.com.co", "url": "https://news.google.com/rss/articles/CBMi8gFBVV95cUxPYVBJbWFSNjU4WktPWjI1bHVXTC04MXlBVDM4TTBjRHYyQU9vRzBvcUNkWmtJRi1KNHBuVlpMVnUzTnNSQnhjVE1oU3Rwc1BabDU4Nk96RUxWRG1hSElZUXp5Q3REZlVjeTJjNFRXTzVJWjBBZWJwVzd3NUlRRENfaWFZek5MVG5wejg1ZnNvZkt1MjZHeVVQUG0zb2cxdERzY2MwR0NNdmlNVnBZbUlxaTFkUHh5bElfVjFRbkZIQTZJZkhEZVJYN2ttdzhQVFdPcDRjLTB3eU9vejk2VWpVb0tvZUZGU0VDN1h1MGI4a1JBUdIB8gFBVV95cUxPYVBJbWFSNjU4WktPWjI1bHVXTC04MXlBVDM4TTBjRHYyQU9vRzBvcUNkWmtJRi1KNHBuVlpMVnUzTnNSQnhjVE1oU3Rwc1BabDU4Nk96RUxWRG1hSElZUXp5Q3REZlVjeTJjNFRXTzVJWjBBZWJwVzd3NUlRRENfaWFZek5MVG5wejg1ZnNvZkt1MjZHeVVQUG0zb2cxdERzY2MwR0NNdmlNVnBZbUlxaTFkUHh5bElfVjFRbkZIQTZJZkhEZVJYN2ttdzhQVFdPcDRjLTB3eU9vejk2VWpVb0tvZUZGU0VDN1h1MGI4a1JBUQ?oc=5"}, {"fecha": "2026-09-15T12:05:37", "medio": "Google News — El País Cali", "titulo": "Gobernación del Valle visita a niña afectada por el terremoto en Calima El Darién, quien sufrió múltiples fracturas - elpais.com.co", "url": "https://news.google.com/rss/articles/CBMi7AFBVV95cUxOM2N6V0E2VmRpMFo0YlRKOUZ0N3pFcmpoN0lEel8zZ1NmcllFUU1raVRQNms4THVvdWc2Ukx6WlNvVS1Od25Cd2wwZ3ZaUnVUaVhhNkdxNXNPc0pCbzVlY1JqSkNFUjItZU1LVi1MTXYwZXRVbExKd0tQcWVLVnMyM3ZVU00yaUdaSWRTRi02Zl9xSVNnVUV4MFhPS3ZaZHo4dmVtNDlKbXFqYXFUOHI2aktJMUNsTmZZU1h2Rkx2V2NfLWE1cTZiNzNVaW5NcWhVbDNGRGlYZ2JPd01reU5yRVRzRjFvcm05X1h5MtIB8gFBVV95cUxPYVBJbWFSNjU4WktPWjI1bHVXTC04MXlBVDM4TTBjRHYyQU9vRzBvcUNkWmtJRi1KNHBuVlpMVnUzTnNSQnhjVE1oU3Rwc1BabDU4Nk96RUxWRG1hSElZUXp5Q3REZlVjeTJjNFRXTzVJWjBBZWJwVzd3NUlRRENfaWFZek5MVG5wejg1ZnNvZkt1MjZHeVVQUG0zb2cxdERzY2MwR0NNdmlNVnBZbUlxaTFkUHh5bElfVjFRbkZIQTZJZkhEZVJYN2ttdzhQVFdPcDRjLTB3eU9vejk2VWpVb0tvZUZGU0VDN1h1MGI4a1JBUQ?oc=5"}], "dyfi_max_cdi": null, "dyfi_respuestas": null, "dyfi_celdas": 0, "dyfi_min_dist_km": null, "poblacion_2026": 19402, "cabecera_2026": 12804, "rural_2026": 6598, "poblacion_fuente": "DANE PPED municipal por área 2018-2042", "en_aoi_copernicus": false, "estado": "mencion_prensa", "busqueda_propia": true, "fuentes": ["prensa", "rud"], "unosat_edificios": null, "unosat_observados": null, "unosat_posibles": null, "unosat_fecha_imagen": null, "unosat_codigo_inconsistente": null, "sertit_edificios": null, "sertit_destruidos": null, "sertit_danados": null, "sertit_posibles": null, "sertit_sin_grado": null, "sertit_area_km2": null, "sertit_imagen_literal": null, "rud_familias": 1605.0, "rud_personas": 3690.0, "rud_viv_destruidas": 149.0, "rud_viv_averiadas": 397.0, "mmi_usgs": 6.6, "tasa_rud_pct": 19.0187}}, {"type": "Feature", "geometry": {"type": "Point", "coordinates": [-75.658387, 4.674338]}, "properties": {"municipio": "Filandia", "departamento": "Quindío", "divipola": "63272", "requiere_depto": false, "homonimo_de_departamento": false, "n_noticias": 18, "n_prensa_recogida": 18, "noticias_ejemplo": [{"fecha": "2026-09-26T05:03:30", "medio": "Google News — La Crónica del Quindío", "titulo": "Filandia demolerá su torre mirador y la Casa del Artesano tras el sismo - cronicadelquindio.com", "url": "https://news.google.com/rss/articles/CBMirwFBVV95cUxPdUN1VkhXVDRxUUdUNE5WMk9OUzhrdkxYbDlHdmNfbEFWb0ZZSmpWQVZCZUdxaUlLNzBIbHRHTk1paGd5Z2lNeENaRkliNVQ4eHJjUS1JMmVxNjhpM0J0alNiOXlKSnZPNWN5cmtRN0pkcXBPa1RUOV80cWh6VEhTSmlsNG9WeWZfNWR6aVA2U2lIM19RRjI4QXZRNjlfUDV5NF96OFVpaERxY2staHRB?oc=5"}, {"fecha": "2026-09-25T15:54:34", "medio": "Google News — Filandia", "titulo": "El emblemático y recordado mirador turístico de Filandia, Quindío, será demolido tras daños causados por el terremoto del 10 de agosto - eltiempo.com", "url": "https://news.google.com/rss/articles/CBMimAJBVV95cUxNZmgyWDQ2b0h6WlpXNXJHZXFBUnVJa2FaazJScHZlVlJGdFZFLTdoVFQ4MC1SSnZKZkQ2UTlXSWxkb3pSTW1GSktDUnhmUTEyRU5uMmhHbUc5NzhBZ0xhMFV0UnZwZGRDb0dWZEFqVXdzUTM2TVJXV0ZodXhzTzRhaWl1NjVJeXZCSHhDaGIxWTQ3SC1sZUE2a3dqWFpRWGdmaUR5WU10Qm9uOWdiXzF5N2s0X3B4OW5CRFpmcTNpM3JnRFdiNkV0UUl0Q0dVXzE2MFR1aHh0X1owdUVyV0NFb2toZjh4dmVPX19YQ1pLeU55VUdtSVZpUTVWRlBBSGFCYmJ6ZW1halJCMkxCSUl1YXVNQk9vV09h0gGeAkFVX3lxTE8wa0RNNzBYWWpNS2k0c1FLRWF0YzZwLVRrU1JfaV81N2tXTUplM25Ic28xNzBTaFR0ZnpNVjVqRnNvSXJ1eXRYbXRXWTdoN3h5bkdnYm16a0J4aWhwTU16UzcwZjVYeVFEdkdKX1BEeUN5M3Y4VnBBcldyUFZFeUxDUmlpZmhnblc2UGczZEdnUWoxWmFFdU5vdmNETENjUHV6cGVCRS1Pamt2OXBkWUxzUGowblNsZGFGNzl3dnQzTVB3VXN0VkY2UXlwS1FQQU1WblFJcHZNYlVtOVhTUU9YbnNZY1N6NUxUSVdwVVdxWUVfSnhGWFVnSzJEVkdGZzQ0b1RIYk1DdDBjbUhJQnB5MnhvYlhUM0pzVVdaOEE?oc=5"}, {"fecha": "2026-09-25T11:59:03", "medio": "Google News — Filandia", "titulo": "Demolerán el Mirador de Filandia y la Casa del Artesano por los daños del terremoto - CiudadRegion", "url": "https://news.google.com/rss/articles/CBMioAFBVV95cUxPOUJaYmwtejBnNzkxdDJJZHRJb0RJRXN3Tl9IRTRoMGJ3bUxtQzBaSFNEUEpMQ0pTTHloZHJpemdsUDdvY3JoN1dpSWRRRmNIUXhiVHRrVzZyY3hJLXFETk00amN1bUdMQkhIZmhBTlhPTkpMS203N19XU0hWa1ZKeGtNdG5iS1cwaWtnNjFyMjYzeFBNM2hONkkwcFBkN2kw?oc=5"}], "dyfi_max_cdi": null, "dyfi_respuestas": null, "dyfi_celdas": 0, "dyfi_min_dist_km": null, "poblacion_2026": 12345, "cabecera_2026": 6795, "rural_2026": 5550, "poblacion_fuente": "DANE PPED municipal por área 2018-2042", "en_aoi_copernicus": false, "estado": "mencion_prensa", "busqueda_propia": true, "fuentes": ["prensa", "rud"], "unosat_edificios": null, "unosat_observados": null, "unosat_posibles": null, "unosat_fecha_imagen": null, "unosat_codigo_inconsistente": null, "sertit_edificios": null, "sertit_destruidos": null, "sertit_danados": null, "sertit_posibles": null, "sertit_sin_grado": null, "sertit_area_km2": null, "sertit_imagen_literal": null, "rud_familias": 1592.0, "rud_personas": 3747.0, "rud_viv_destruidas": 29.0, "rud_viv_averiadas": 129.0, "mmi_usgs": 7.0, "tasa_rud_pct": 30.3524}}, {"type": "Feature", "geometry": {"type": "Point", "coordinates": [-76.119905, 4.726945]}, "properties": {"municipio": "Argelia", "departamento": "Valle del Cauca", "divipola": "76054", "requiere_depto": false, "homonimo_de_departamento": false, "n_noticias": 27, "n_prensa_recogida": 16, "noticias_ejemplo": [{"fecha": "2026-09-10T10:06:30", "medio": "Google News (agregador es-CO)", "titulo": "Alcalde de Argelia reclama ausencia del Gobierno tras un mes del terremoto - Infobae", "url": "https://news.google.com/rss/articles/CBMiuwFBVV95cUxNbGs2MzY2ZVVETDhLdU9KbHNtV2RESGdwS1Q1aFVsQ1YyWnpLM0FnNTVEY0xPb2xvOXhvOGpRNDZYMEIwYVNvR2kwT0duZ3VQbnloNDc4MWNMampkTVBUNmNpbm5vMEZETm9IZmxBaUwtSWR4OG4yXzg3RkFZa3dUcjlLQVUycUN1OFRZOVcxckhOMjdyTElZdUlVeEFMVkZYbkFBN1JiZXNYWkhwVkRPRUdaMU9ObDZSbE530gHWAUFVX3lxTE9lQ3lWbloxY3Fwb21TWUtnUTdEWkM3OGlYSVp4b3pEemQ0RGl2Zk9CUDJhSlJySXpYenozVlJQVHg2R28zcThDLVQ4SFR6N0E5TG1LWGxTczl5QkpRbE9DMTNTTDQtZFNfbjgwTFdJcHg1YUlZMVl5ZUxFUDFDTGZrenNYVGJLNXhkOGZqRUUyNm80aWt3T3hILVFqZTN5WVNZekRJcXo1TjlVVmVXYkZYU1VHUkwteEIybkxObmlUdlVCNVFFQkxWM3dITm5VWDg4aUZ1cVE?oc=5"}, {"fecha": "2026-09-09T17:04:12", "medio": "Google News — Argelia", "titulo": "\"Hasta el momento no hemos tenido visitas del Gobierno\": alcalde de Argelia tras un mes del sismo - Blu Radio", "url": "https://news.google.com/rss/articles/CBMi2gFBVV95cUxPWjU3Y1BfeHpxa0swZ3lhQlNWYy1UMUxPeUpyVGF0Vi1DTTBSUWU5NFdpRFR3RE9xS0VRanhNMk4xMndvcUlpUnI1a3dWQlBoeWhZQzhSR2JuVkFqdThGZXpPT0hoUU1ZQktfdGZpeDk1YmcxV3FRdjJSQ21EMnNUb3Uwb2txaHRVZVBZdExWY083ZTdGOGM2RDhaeEh4ZWp6WDRRM1R6RW5PYzNLMU1yVlV4LWQ3YzNoQnRxVms1SEFIVjhzM1hlRVhOc1pCVEJNdmtGM0RBRVd5UdIB5wFBVV95cUxPaEpkVzRYcGFzb3dMbm9IZDhaaEQwLUhwRHltN2tidFI0d3VjUm82UW9aTkpMUEhGd1phclFnb1pvQ3YxX1d2d1ZOS3g4cDNNdXBNQlRYRmtST1E3WlhnOVFOZkRtYWg2UDVQdThHNi12NXNEY2N5N3BUbHN0czRpOU92N1JSSFlNU2pLNEF2Yk02b21fN0lycVkwNEx2SThPWTJYYmo2Mkl4ZEpDWnFOVlptR2tQWWhGMndfWTJvMDJfVXVwMlRXVWw4Q041VW1XQUhGQjlETmtTM0RXWnBxTlJBYWFBdGM?oc=5"}, {"fecha": "2026-08-31T17:24:58", "medio": "Google News — Argelia", "titulo": "Hay 600 viviendas no habitables en Argelia tras terremoto del 10 de agosto: alcalde - Noticias RCN", "url": "https://news.google.com/rss/articles/CBMixgFBVV95cUxQR0M2TFdqTm9nZTcwdTZqYWhzZE5neVRpR2JwS1VpU1RWelJBNHF1MkxrdThQRk9zN3pldmZoNHRtbkxFNHRjbVF0NEZfMTQ1UExQZWxseUl6THJKb1FLZnhUQ1dhcjRzMEtXcmhlVmE2bWJZcDNJeFkwQmUyMmp2eVQ3WVUzbGZIMVdaZ254dWhzTnpNRXBoZGhpdXU3NGtFcjl1WmtFQUNwdi1QLWlQTEJvRDBCN0tidjBETEhRSHF5VnVFTXfSAcYBQVVfeXFMUGFzQ292QXZDYzFhRk1Md1hnQmZhRHlRZDJfU29KWEdrY043WXhZYnV2Y2dGM1JZXzVlc09NR2JyaHF6bUhpYWJlQ01USEdrT01ITmVKdndvQjFKUTRZUmFVNlNYZFZZS3BBNU8tTlN2VFFleFcxcHpXcTAyN1ZYbWlya3FNczM4MTg4UGx1Y1FSTUtZNW93d29vdUsxWHJBRmh4a1gxUEU0dnZrX21SaDdIS01Ddlp1ZU1acmZwY2ZURjRQLTNR?oc=5"}], "dyfi_max_cdi": null, "dyfi_respuestas": null, "dyfi_celdas": 0, "dyfi_min_dist_km": null, "poblacion_2026": 5538, "cabecera_2026": 3065, "rural_2026": 2473, "poblacion_fuente": "DANE PPED municipal por área 2018-2042", "en_aoi_copernicus": false, "estado": "mencion_prensa", "busqueda_propia": true, "fuentes": ["prensa", "rud"], "unosat_edificios": null, "unosat_observados": null, "unosat_posibles": null, "unosat_fecha_imagen": null, "unosat_codigo_inconsistente": null, "sertit_edificios": null, "sertit_destruidos": null, "sertit_danados": null, "sertit_posibles": null, "sertit_sin_grado": null, "sertit_area_km2": null, "sertit_imagen_literal": null, "rud_familias": 1514.0, "rud_personas": 3700.0, "rud_viv_destruidas": 95.0, "rud_viv_averiadas": 187.0, "mmi_usgs": 7.4, "tasa_rud_pct": 66.8111}}, {"type": "Feature", "geometry": {"type": "Point", "coordinates": [-77.667541, 2.777312]}, "properties": {"municipio": "Timbiquí", "departamento": "Cauca", "divipola": "19809", "requiere_depto": true, "homonimo_de_departamento": false, "n_noticias": 0, "n_prensa_recogida": 4, "noticias_ejemplo": [], "dyfi_max_cdi": null, "dyfi_respuestas": null, "dyfi_celdas": 0, "dyfi_min_dist_km": null, "poblacion_2026": 29935, "cabecera_2026": 6800, "rural_2026": 23135, "poblacion_fuente": "DANE PPED municipal por área 2018-2042", "en_aoi_copernicus": false, "estado": "solo_rud", "busqueda_propia": true, "fuentes": ["rud"], "unosat_edificios": null, "unosat_observados": null, "unosat_posibles": null, "unosat_fecha_imagen": null, "unosat_codigo_inconsistente": null, "sertit_edificios": null, "sertit_destruidos": null, "sertit_danados": null, "sertit_posibles": null, "sertit_sin_grado": null, "sertit_area_km2": null, "sertit_imagen_literal": null, "rud_familias": 1367.0, "rud_personas": 1633.0, "rud_viv_destruidas": 10.0, "rud_viv_averiadas": 964.0, "mmi_usgs": 5.6, "tasa_rud_pct": 5.4552}}, {"type": "Feature", "geometry": {"type": "Point", "coordinates": [-76.485141, 3.015008]}, "properties": {"municipio": "Santander de Quilichao", "departamento": "Cauca", "divipola": "19698", "requiere_depto": false, "homonimo_de_departamento": false, "n_noticias": 4, "n_prensa_recogida": 25, "noticias_ejemplo": [{"fecha": "2026-08-24T14:18:24", "medio": "Google News — El País Cali", "titulo": "Continúa la entrega de ayudas a familias afectadas por el terremoto en Santander de Quilichao, Cauca - elpais.com.co", "url": "https://news.google.com/rss/articles/CBMi3AFBVV95cUxORXNqTFloLVdIbURyTlYzZDJ4Vkd4TEYwcmlURXlfZmdCVExYaGJUeENyVDBHaUVXcGEzWkx6aVNzMktRb1NVVF9SZm1mb2pPbDUyejJHWVFVSklqaTFsdzI1MDFveTFRbUxKNGpHbjJiLWZsLWF5d2t6cXdNN1h2UHFfUzkwZ0J6a20zVm5hcFZXUGxIeV9zbEI3T3Q2WFk5MHY3ektRU3Q3el8yZUV3enlZVDVYaU9IN0pmVE9JNlgyZl80cWFTanlwMThORzBuazFNYTJDQlItRFJW0gHiAUFVX3lxTE5YTXVhbzh2eUhKTE5fX0p5Y0hGdkZsTURBNkNoSXlYX0Q4R1dDU1dOMUpXNDlsR25rSUYtVkp3M0kzQVVQM2xkMy1MdnFrblltQTVSTlk2X29QYUNrZzl6QUtlZmdfbVl0Y2FmQnZGajBnZEc0T0RPXzZaeHBucVBPTFhwaHhaNXBqdUs4VGlPeGprYmNTbUJ3bHplYjg3eDExVjc3Ynd2UFZuOUJ5a0ZyTWtMRmNzeXUxYTNwRVJPWlotTl9BQnJYSzlNeW1sQy1GWk1lM0pQd2I2V01adG5qaVE?oc=5"}, {"fecha": "2026-08-18T07:00:00", "medio": "Google News — Santander de Quilichao", "titulo": "El corazón de Unicauca en Santander de Quilichao: estudiantes unen conocimiento y empatía tras el reciente sismo - unicauca - home", "url": "https://news.google.com/rss/articles/CBMi1wFBVV95cUxQRXlRWV9wNmJlZE12b2FwMGpMMGVJYVA0VklkRWJRMDFtRFhSaFg4MlNiVmQ3U3lQellNM0dMMnN3UGVxZjZLLTZUMGgwNzNaN3UtMW85aFhWVV9PYXhQMGNmbUVBN0I4YU1vNkFibm5UajIzcVVySXpCUkVRaks4bVZZQ3RtV2FGblNaY3JRT3pXY1BlRUJtYlZlTmo0VERmaHRqbTlKTk43bno4X3lIMHh3MFhCZnh1Sk5JaUNzX1R0dlZnZmxtVDlzbnlVaXJwTGFEWXpTNA?oc=5"}, {"fecha": "2026-08-10T07:00:00", "medio": "Google News — Salento", "titulo": "Noticiero 90 Minutos . . #Noti90 Este es el reporte después del sismo desde la zona urbana del municipio de Santander de Quilichao. Vivienda colapsó, la institución educativa Limbania Velasco quedó gr", "url": "https://news.google.com/rss/articles/CBMi6gFBVV95cUxNSElMcm1LdGJfVmZuU1l6bkctd0NPTlBYVkZlYWs4c3U4cFdMY2N2ZWZnMVJKVXU1UXRSQU1VZWttcmNDWEdjdGRnQ0pOZnN5OU9zMHo2UW5WeGFRRUJGYXJLSDljbm9ZbHBhamxiZnVFVUhtekJmcnVpeE1iM2lpMGNZVGYyeTNFaERfUWQ2SW1NTkdqU1pmR1RmVGlyanZMTkZyY0FrWDRaSlRUeF9EY2t0ekFscktsNWlDUGxzZGxtNndWZW8weVZFbm1jNzB0bXh5a3BwZnFpcFNUc1hxbXYySFpUX0N3TVE?oc=5"}], "dyfi_max_cdi": null, "dyfi_respuestas": null, "dyfi_celdas": 0, "dyfi_min_dist_km": null, "poblacion_2026": 130768, "cabecera_2026": 60193, "rural_2026": 70575, "poblacion_fuente": "DANE PPED municipal por área 2018-2042", "en_aoi_copernicus": false, "estado": "mencion_prensa", "busqueda_propia": true, "fuentes": ["prensa", "rud"], "unosat_edificios": null, "unosat_observados": null, "unosat_posibles": null, "unosat_fecha_imagen": null, "unosat_codigo_inconsistente": null, "sertit_edificios": null, "sertit_destruidos": null, "sertit_danados": null, "sertit_posibles": null, "sertit_sin_grado": null, "sertit_area_km2": null, "sertit_imagen_literal": null, "rud_familias": 1199.0, "rud_personas": 2271.0, "rud_viv_destruidas": 41.0, "rud_viv_averiadas": 737.0, "mmi_usgs": 6.1, "tasa_rud_pct": 1.7367}}, {"type": "Feature", "geometry": {"type": "Point", "coordinates": [-76.635674, 5.531419]}, "properties": {"municipio": "Atrato", "departamento": "Chocó", "divipola": "27050", "requiere_depto": true, "homonimo_de_departamento": false, "n_noticias": 2, "n_prensa_recogida": 8, "noticias_ejemplo": [{"fecha": "2026-08-24T14:44:41", "medio": "Google News — Medio Atrato", "titulo": "Medio Atrato: entregan la primera vivienda de plástico reciclado en Tanguí tras el sismo en Chocó - Chocó 7 días", "url": "https://news.google.com/rss/articles/CBMivAFBVV95cUxOWEdvS190M09RSTJlb3BzckhWU0ZjbGdWWGZ5MkRpc2N5N0pkUnhwc21qclgyMGhHZTJmdmlqRWo2WFdfM1I1SmQ3dlp3aGFKWTdYTFN4M18wVGRKN2w1SmFrZXBrOFdvb2RhanRXcy1hUUF4REVLa3hVWFJLTXBKUVpVUE5xOGhhNER6YnhiQ0oyUERuQVRqVmpXU3FCaVVNNGRheEVITXBWNTVZMVgxNW9Bb0RUSldLaFhUQQ?oc=5"}, {"fecha": "2026-08-24T14:19:58", "medio": "Chocó 7 días", "titulo": "Medio Atrato: entregan la primera vivienda de plástico reciclado en Tanguí tras el sismo en Chocó", "url": "https://choco7dias.com/medio-atrato-entregan-la-primera-vivienda-de-plastico-reciclado-en-tangui-tras-el-sismo-en-choco/"}], "dyfi_max_cdi": null, "dyfi_respuestas": null, "dyfi_celdas": 0, "dyfi_min_dist_km": null, "poblacion_2026": 6532, "cabecera_2026": 2987, "rural_2026": 3545, "poblacion_fuente": "DANE PPED municipal por área 2018-2042", "en_aoi_copernicus": false, "estado": "mencion_prensa", "busqueda_propia": true, "fuentes": ["prensa", "rud"], "unosat_edificios": null, "unosat_observados": null, "unosat_posibles": null, "unosat_fecha_imagen": null, "unosat_codigo_inconsistente": null, "sertit_edificios": null, "sertit_destruidos": null, "sertit_danados": null, "sertit_posibles": null, "sertit_sin_grado": null, "sertit_area_km2": null, "sertit_imagen_literal": null, "rud_familias": 925.0, "rud_personas": 1721.0, "rud_viv_destruidas": 1.0, "rud_viv_averiadas": 222.0, "mmi_usgs": 6.9, "tasa_rud_pct": 26.3472}}, {"type": "Feature", "geometry": {"type": "Point", "coordinates": [-76.499893, 3.540097]}, "properties": {"municipio": "Yumbo", "departamento": "Valle del Cauca", "divipola": "76892", "requiere_depto": false, "homonimo_de_departamento": false, "n_noticias": 11, "n_prensa_recogida": 28, "noticias_ejemplo": [{"fecha": "2026-09-10T22:24:12", "medio": "Google News — Roldanillo", "titulo": "#Noti90 Las afectaciones por el terremoto en el Valle del Cauca fueron grandes. Además de Cali, municipios como Roldanillo, El Cairo, El Águila, Buenaventura, Versalles y Yumbo, entre otros, resultaro", "url": "https://news.google.com/rss/articles/CBMi5AFBVV95cUxONkQ3YnJvZnRhcHlLVDNOUG1XVnFIMUZ0WmEwVFQ4V29jYWtJTi0yalg3dUxSME9VLVEydF9CN2xEVV80RzUwZzg1U1pFeTkyMmgtbW1vQy1GYW5YUE9pbTRpZFJZOTNsYU5BaXNXdHN2b1BRREFNN0pub2VXVVVrN2I3YnV1bEZjRnFGX0p1THMyblJSX0VfejB5MmNBRnU3cThpTW51RDBJb0JqdEVudHFUOXBFOU0tcnljRktFa1dvbHJhN2xIZ2NjanRVU1VILVpkOFl5aGppQVY0M3RQS3FMVEE?oc=5"}, {"fecha": "2026-09-07T14:27:38", "medio": "El Colombiano — Colombia", "titulo": "Incendio en Yumbo, Valle del Cauca, se expande tras 17 horas; habría 120 hectáreas quemadas", "url": "https://www.elcolombiano.com/colombia/incendio-yumbo-valle-del-cauca-activo-120-hectareas-afectadas-JA40732038"}, {"fecha": "2026-09-07T05:00:00", "medio": "Google News — Cali", "titulo": "Hasta Vijes, Yotoco Yumbo, también llegó la caravana con ayudas del Giro de Rigo y la Gobernación del Valle para víctimas del sismo - Gobernación del valle", "url": "https://news.google.com/rss/articles/CBMikAJBVV95cUxOM3JxekxRaksyWDBnb3drZTFJN1hpVlVnUGpETjY1UGI3bjFxVl85V2VhQWZiNGFmLTd0NEpUTU5Ed2ZkNExuTm0wUXk0VWlLWUdVTzg3UDdEZWZ0TC0tN3N0Y2ZXNWxnaFdFQ2JxeW5zc09nNF9pdWM4Uy1iaVdwZDZ3OUc2Z01mb1RXM1dnVEtYN0RubGNJM05PRkhwRy1SX3lielgwRjBTYlREYTRPMFlUV0VLQlQzTlBNRVN4UE9YdW10Mk1IenlsbmZNVGliUEdOSlQxOHcyZ0Y4MWQtb3Z4RmRXb3A0VUxQU2ZWNGdfdWxmU2dxS2RyQ3Z5NF9rX0hJbjhHLXZsYnQ4R1FBMg?oc=5"}], "dyfi_max_cdi": null, "dyfi_respuestas": null, "dyfi_celdas": 0, "dyfi_min_dist_km": null, "poblacion_2026": 115667, "cabecera_2026": 98767, "rural_2026": 16900, "poblacion_fuente": "DANE PPED municipal por área 2018-2042", "en_aoi_copernicus": false, "estado": "mencion_prensa", "busqueda_propia": true, "fuentes": ["prensa", "rud"], "unosat_edificios": null, "unosat_observados": null, "unosat_posibles": null, "unosat_fecha_imagen": null, "unosat_codigo_inconsistente": null, "sertit_edificios": null, "sertit_destruidos": null, "sertit_danados": null, "sertit_posibles": null, "sertit_sin_grado": null, "sertit_area_km2": null, "sertit_imagen_literal": null, "rud_familias": 925.0, "rud_personas": 2388.0, "rud_viv_destruidas": 24.0, "rud_viv_averiadas": 270.0, "mmi_usgs": 6.4, "tasa_rud_pct": 2.0645}}, {"type": "Feature", "geometry": {"type": "Point", "coordinates": [-76.484319, 2.798059]}, "properties": {"municipio": "Caldono", "departamento": "Cauca", "divipola": "19137", "requiere_depto": true, "homonimo_de_departamento": false, "n_noticias": 1, "n_prensa_recogida": 22, "noticias_ejemplo": [{"fecha": "2026-08-12T07:00:00", "medio": "Google News — Caldono", "titulo": "Solidaridad desde el Cauca: comunidades de Caldono se organizan para apoyar a familias caleñas afectadas por el terremoto - elpais.com.co", "url": "https://news.google.com/rss/articles/CBMi-AFBVV95cUxNRjFnai15bFVsdmJIV1pkdkcwLUFKS3JxNTMweTBQYzNkbnI5OHVmS2JFRGlJc2pfUFhZYW9kcEhPRGxVSHNCRVpjcVM4V3o4LWJGdS1QNVRwdmYwSnIwYVZTaUwyTXJjMlpXcUdWQkZoOWNXLUNaMHJueVpUOVE5Wl8tcHlUaE0tZzhmTnRFQzZFNzhtNHNJVHIyUXVGbjZ1MmNVckt2ZVMwM0hKSUsxa3o1NC1MN0NSMUtYbHBMenQySjJORDZuS1BRaWZNeDBPUS1uTmUyUDRpUVVhNmFfMDNnSUpMTDhISTV5c2J1YWNJbkFYdC1Vc9IB_gFBVV95cUxOOUFaLVBhVjdTUldxSWM1ejMtZGh5NEhmb19FWVNremdKRUZxLU5NOGVnUk8wbDFwdnM4dnc5OVV4YUlydm5JQkVCXzFmcC15QUZrLXhla0xJNHd2eFNYa0wxX2JEdkFuU3NjUWR1TGVFaFZfbVB0VlpyNXh1SHBtUGJzRzlVeXlfY2tQeXdsaDNWWFkxZWU4SHY4MW8tNTMyR2paWVMyMjYwcERvbklVME93MHVQQWdFTl91TU9jRjJxX0xNd2Yyb2ZKekZ1cUtHaFh0dUNNRTZuZzdTaXZ4MnMtTjFXUEcyRGtqZF8tY3Eya1ZVZjlYSldKUVh6UQ?oc=5"}], "dyfi_max_cdi": null, "dyfi_respuestas": null, "dyfi_celdas": 0, "dyfi_min_dist_km": null, "poblacion_2026": 45131, "cabecera_2026": 1751, "rural_2026": 43380, "poblacion_fuente": "DANE PPED municipal por área 2018-2042", "en_aoi_copernicus": false, "estado": "mencion_prensa", "busqueda_propia": true, "fuentes": ["prensa", "rud"], "unosat_edificios": null, "unosat_observados": null, "unosat_posibles": null, "unosat_fecha_imagen": null, "unosat_codigo_inconsistente": null, "sertit_edificios": null, "sertit_destruidos": null, "sertit_danados": null, "sertit_posibles": null, "sertit_sin_grado": null, "sertit_area_km2": null, "sertit_imagen_literal": null, "rud_familias": 872.0, "rud_personas": 1737.0, "rud_viv_destruidas": 29.0, "rud_viv_averiadas": 178.0, "mmi_usgs": 5.4, "tasa_rud_pct": 3.8488}}, {"type": "Feature", "geometry": {"type": "Point", "coordinates": [-75.703329, 4.335036]}, "properties": {"municipio": "Pijao", "departamento": "Quindío", "divipola": "63548", "requiere_depto": true, "homonimo_de_departamento": false, "n_noticias": 1, "n_prensa_recogida": 6, "noticias_ejemplo": [{"fecha": "2026-08-12T07:00:00", "medio": "Google News — Pijao", "titulo": "Doble emergencia en Pijao: Tras los daños del terremoto, incendio forestal fuera de control amenaza bosques y cultivos en Quindío - canaltrece.com.co", "url": "https://news.google.com/rss/articles/CBMi9gFBVV95cUxPMDZpSF9EVC1qOVVsNHNPX2x5Q25mZkh1TWtybS00TEFpc2p4U19JLTktelhMd2xyMy0wNzE4VGR3eklHZm9sUHFrRTluSVVTdS1DY1Q3T0YyOGwycUo1VjFoaXBKbGdKc3E1Q3J2M25pUjVuVGRCUXN2NXFadHlFRC1CS1JQM3ROeU1nenhKMndpQ1hTYnNvVm1BcXg5WGZTczR3b3RTaERnZFlmdnljbTh3Y1h3cTFhellEMXJpc1FuejJrOHI5Vnl4VHRtZE9oNXdiVklGMVNJanVXMUt1NVFHNU1YU0NnM2hvekhMaTROQmhDLXc?oc=5"}], "dyfi_max_cdi": null, "dyfi_respuestas": null, "dyfi_celdas": 0, "dyfi_min_dist_km": null, "poblacion_2026": 5347, "cabecera_2026": 3006, "rural_2026": 2341, "poblacion_fuente": "DANE PPED municipal por área 2018-2042", "en_aoi_copernicus": false, "estado": "mencion_prensa", "busqueda_propia": true, "fuentes": ["prensa", "rud"], "unosat_edificios": null, "unosat_observados": null, "unosat_posibles": null, "unosat_fecha_imagen": null, "unosat_codigo_inconsistente": null, "sertit_edificios": null, "sertit_destruidos": null, "sertit_danados": null, "sertit_posibles": null, "sertit_sin_grado": null, "sertit_area_km2": null, "sertit_imagen_literal": null, "rud_familias": 817.0, "rud_personas": 2000.0, "rud_viv_destruidas": 6.0, "rud_viv_averiadas": 433.0, "mmi_usgs": 6.5, "tasa_rud_pct": 37.4042}}, {"type": "Feature", "geometry": {"type": "Point", "coordinates": [-77.247803, 2.846788]}, "properties": {"municipio": "López de Micay", "departamento": "Cauca", "divipola": "19418", "requiere_depto": true, "homonimo_de_departamento": false, "n_noticias": 0, "n_prensa_recogida": 3, "noticias_ejemplo": [], "dyfi_max_cdi": null, "dyfi_respuestas": null, "dyfi_celdas": 0, "dyfi_min_dist_km": null, "poblacion_2026": 19757, "cabecera_2026": 1718, "rural_2026": 18039, "poblacion_fuente": "DANE PPED municipal por área 2018-2042", "en_aoi_copernicus": false, "estado": "solo_rud", "busqueda_propia": true, "fuentes": ["rud"], "unosat_edificios": null, "unosat_observados": null, "unosat_posibles": null, "unosat_fecha_imagen": null, "unosat_codigo_inconsistente": null, "sertit_edificios": null, "sertit_destruidos": null, "sertit_danados": null, "sertit_posibles": null, "sertit_sin_grado": null, "sertit_area_km2": null, "sertit_imagen_literal": null, "rud_familias": 801.0, "rud_personas": 1980.0, "rud_viv_destruidas": 18.0, "rud_viv_averiadas": 151.0, "mmi_usgs": 5.7, "tasa_rud_pct": 10.0218}}, {"type": "Feature", "geometry": {"type": "Point", "coordinates": [-76.441804, 3.698686]}, "properties": {"municipio": "Vijes", "departamento": "Valle del Cauca", "divipola": "76869", "requiere_depto": true, "homonimo_de_departamento": false, "n_noticias": 3, "n_prensa_recogida": 28, "noticias_ejemplo": [{"fecha": "2026-09-20T07:07:27", "medio": "Google News — Vijes", "titulo": "Últimos Sismos en o cerca de Vijes, Valle del Cauca, Colombia: Temblores recientes últimos 7 días - Volcano Discovery", "url": "https://news.google.com/rss/articles/CBMihAFBVV95cUxNdVhTYW1pbWk5cnZoQXlacmVxWm5QQlR4dmVuWDlUbEZycTVZRUVvWGk0Y051MmZXVXQyQWNhS2hjZGVfdVFDVy1RN1V0OHc2RUdjV3BPVS12bElKa3hZeW5MclNhODVQaDRCb1AzTWItMTVWMVlSNFVkdFF5b2VDT0hjalE?oc=5"}, {"fecha": "2026-08-20T17:56:39", "medio": "Google News — Vijes", "titulo": "Soacha reúne 70 toneladas de ayudas para damnificados por el terremoto en Vijes, Valle del Cauca - Extrategia Medios", "url": "https://news.google.com/rss/articles/CBMiwwFBVV95cUxNWDRrcGZnODR4YnJCdHljUXJ0OERMWnR5cWwzZkdxYlVTNFFmbVdxbk9tWTdhUHpwWHN1Z2FLeVNBWFpGQUpMVzU1cHA5U0JqbmYzZjdpUlhvQlNocF8xSEd5NUFUMmltQTljN19wUmZuMUNvcVl5Zm5nWVVLNlRxaDRKZEYwVGs5YkhCQ1JyTUVhV0w5NklMY0lyNGN0UnVrR2N4Q1JIdmVpWXZXVHFrR05rdVVOSWZCai1NcEV3bmRUR0U?oc=5"}, {"fecha": "2026-08-10T02:11:33", "medio": "Google News — Toro", "titulo": "Valle del Cauca activa Puesto de Mando Unificado y reporta daños preliminares en Riofrío y Vijes tras el sismo - larazon.co", "url": "https://news.google.com/rss/articles/CBMiygFBVV95cUxNMHItbExSV1JHbXV4QnhHczM2QUxmRU56elZydjZGNFJZUEtXOHVUQUVsOGR0cTRNdFV3TktoeHd0WnVPRmk1UTU2cVYwaDlnX3BvZlk3NHFWWDNYenU0MXdtYW53Z0NEWEdKTEp2dVdwbXNaejJ3c3lDNFJyMW45SXkzVllTeE1pMHpSX2Vyb0hjU1JCbktXTDhPanQ0X0t2Y1BxeU1ud2F3bnMxcGEwSDl3ZlVqX2dybjJtMWpIYmp3VVRjeXpPNWJB?oc=5"}], "dyfi_max_cdi": null, "dyfi_respuestas": null, "dyfi_celdas": 0, "dyfi_min_dist_km": null, "poblacion_2026": 14126, "cabecera_2026": 9264, "rural_2026": 4862, "poblacion_fuente": "DANE PPED municipal por área 2018-2042", "en_aoi_copernicus": false, "estado": "mencion_prensa", "busqueda_propia": true, "fuentes": ["prensa", "rud"], "unosat_edificios": null, "unosat_observados": null, "unosat_posibles": null, "unosat_fecha_imagen": null, "unosat_codigo_inconsistente": null, "sertit_edificios": null, "sertit_destruidos": null, "sertit_danados": null, "sertit_posibles": null, "sertit_sin_grado": null, "sertit_area_km2": null, "sertit_imagen_literal": null, "rud_familias": 797.0, "rud_personas": 1698.0, "rud_viv_destruidas": 56.0, "rud_viv_averiadas": 338.0, "mmi_usgs": 6.1, "tasa_rud_pct": 12.0204}}, {"type": "Feature", "geometry": {"type": "Point", "coordinates": [-76.528615, 2.64228]}, "properties": {"municipio": "Piendamó - Tunía", "departamento": "Cauca", "divipola": "19548", "requiere_depto": true, "homonimo_de_departamento": false, "n_noticias": 0, "n_prensa_recogida": 0, "noticias_ejemplo": [], "dyfi_max_cdi": null, "dyfi_respuestas": null, "dyfi_celdas": 0, "dyfi_min_dist_km": null, "poblacion_2026": 42986, "cabecera_2026": 14339, "rural_2026": 28647, "poblacion_fuente": "DANE PPED municipal por área 2018-2042", "en_aoi_copernicus": false, "estado": "solo_rud", "busqueda_propia": false, "fuentes": ["rud"], "unosat_edificios": null, "unosat_observados": null, "unosat_posibles": null, "unosat_fecha_imagen": null, "unosat_codigo_inconsistente": null, "sertit_edificios": null, "sertit_destruidos": null, "sertit_danados": null, "sertit_posibles": null, "sertit_sin_grado": null, "sertit_area_km2": null, "sertit_imagen_literal": null, "rud_familias": 747.0, "rud_personas": 920.0, "rud_viv_destruidas": 2.0, "rud_viv_averiadas": 585.0, "mmi_usgs": 5.3, "tasa_rud_pct": 2.1402}}, {"type": "Feature", "geometry": {"type": "Point", "coordinates": [-76.630143, 5.281108]}, "properties": {"municipio": "Unión Panamericana", "departamento": "Chocó", "divipola": "27810", "requiere_depto": true, "homonimo_de_departamento": false, "n_noticias": 1, "n_prensa_recogida": 16, "noticias_ejemplo": [{"fecha": "2026-08-10T07:00:00", "medio": "Google News — Unión Panamericana", "titulo": "“La capacidad nuestra es muy pequeña”: alcalde de Unión Panamericana, Chocó, tras terremoto - Blu Radio", "url": "https://news.google.com/rss/articles/CBMiwAFBVV95cUxPNjBkYkJQcjZ3cEpodWxfbGlMbTlKQzVNMWRud1cwSkNFd19sbDhqTWctTEdqaXZSWXl6cThxTUdNX2lYbHd3Rmc1SU10U1N4elpzazlXUWVVT2gtc0tPaTVJX045X2s4czlvY2JCV09Cd0wzN3J6cTN4a3FCY29uOVhZZjE5c0dSZjlCNlRBaWNqdDVRSkNQcVIwZDJkOVI1Qm0zQlJkb3V5M1BuYkhPMFZQMnhkMjVJTFptTjdGMGvSAc4BQVVfeXFMTXBHVUJYRGpBcm5fMk1rOEptTVpCVlljUlJpemw0TEZjeFktdC1oWXdNaXBGNXExVktCNW9felYzSUJVLXliNjQtVGZ3WFZnQTZUUnU3SmJWd3dyMXZMMG9HSzlZaVlTcTJSNEpEYnZ1X0J6SWhfQV95Z25nM1FfUUdzV2dJeUlZRldjWk9SQ003a3Y5UXQ2WVRwQk16NDFkN2JMcXVWNE5nZ29GQ3hYNnFBT3JxbWlvQUI2b1RxV1BxQ09ENllQZFIzNExKN0E?oc=5"}], "dyfi_max_cdi": null, "dyfi_respuestas": null, "dyfi_celdas": 0, "dyfi_min_dist_km": null, "poblacion_2026": 7322, "cabecera_2026": 3033, "rural_2026": 4289, "poblacion_fuente": "DANE PPED municipal por área 2018-2042", "en_aoi_copernicus": false, "estado": "mencion_prensa", "busqueda_propia": true, "fuentes": ["prensa", "rud"], "unosat_edificios": null, "unosat_observados": null, "unosat_posibles": null, "unosat_fecha_imagen": null, "unosat_codigo_inconsistente": null, "sertit_edificios": null, "sertit_destruidos": null, "sertit_danados": null, "sertit_posibles": null, "sertit_sin_grado": null, "sertit_area_km2": null, "sertit_imagen_literal": null, "rud_familias": 681.0, "rud_personas": 1687.0, "rud_viv_destruidas": 129.0, "rud_viv_averiadas": 344.0, "mmi_usgs": 7.0, "tasa_rud_pct": 23.0402}}, {"type": "Feature", "geometry": {"type": "Point", "coordinates": [-75.45487, 5.610244]}, "properties": {"municipio": "Aguadas", "departamento": "Caldas", "divipola": "17013", "requiere_depto": true, "homonimo_de_departamento": false, "n_noticias": 7, "n_prensa_recogida": 22, "noticias_ejemplo": [{"fecha": "2026-09-10T19:10:08", "medio": "Google News — Aguadas", "titulo": "Antioquia brindará asesoría técnica a Aguadas, Caldas, para la reconstrucción tras el terremoto - Blu Radio", "url": "https://news.google.com/rss/articles/CBMi2gFBVV95cUxOT3Y0SlZpQThIWEJIUnY0ZUxrOWN2YVFwMWV6azVXLTl0cnBnNkpCc1Zqc3BrcllJU0V2ek5OeVkwMGIxcHZaVlVwNGdsZVozVHo0UEtJbkUzM01OckgtLU1Zd0R5aXgwN0dkU0lpWXd0VWhCaVhsUEh5ekktajQ4MDdJX2ZoR2RyQzFyRkozZWhsa2NNY0o3aVJnaDJoN3JZdlJCNV80X2E3WGFlWkNQYmN6RzRTSWNzWURYSU5YcXJJUVhpNzJabTFTX21pcklmN0pVYldFSC1zUdIB5wFBVV95cUxNUTVxdUhTTWI1QklwUU5iMGo4OVByRFh5bUg4M1NPT1EzSVdsY0pFMDlfZV81Vm43Wk4ySWM1TVc0cTB4dUFiMnpITEZ1aFVPLXN3c3BVcmNwNktUbGFaMFo1b0IyS2JRZ1JldFFvN0NLSG5vckZoM3ltaW9GckVIb3J6SWZCZDVlOGZKQVMzM0tzREs2SV9CalBfQnNvdmpaNDRORlZsem9ja1Jid3VnR19MT0dsdHE3MDhxQ3FqMzQtelRLZ054ZUxVMEhpSEVETktiNTkxd0FPYzRjcmkzZTBBWUZwQ0E?oc=5"}, {"fecha": "2026-09-10T19:10:08", "medio": "Google News — Aguadas", "titulo": "Antioquia brindará asesoría técnica a Aguadas, Caldas, para la reconstrucción tras el terremoto - Blu Radio", "url": "https://news.google.com/rss/articles/CBMi5wFBVV95cUxNUTVxdUhTTWI1QklwUU5iMGo4OVByRFh5bUg4M1NPT1EzSVdsY0pFMDlfZV81Vm43Wk4ySWM1TVc0cTB4dUFiMnpITEZ1aFVPLXN3c3BVcmNwNktUbGFaMFo1b0IyS2JRZ1JldFFvN0NLSG5vckZoM3ltaW9GckVIb3J6SWZCZDVlOGZKQVMzM0tzREs2SV9CalBfQnNvdmpaNDRORlZsem9ja1Jid3VnR19MT0dsdHE3MDhxQ3FqMzQtelRLZ054ZUxVMEhpSEVETktiNTkxd0FPYzRjcmkzZTBBWUZwQ0HSAecBQVVfeXFMTVE1cXVIU01iNUJJcFFOYjBqODlQckRYeW1IODNTT09RM0lXbGNKRTA5X2VfNVZuN1pOMkljNU1XNHEweHVBYjJ6SExGdWhVTy1zd3NwVXJjcDZLVGxhWjBaNW9CMktiUWdSZXRRbzdDS0hub3JGaDN5bWlvRnJFSG9yeklmQmQ1ZThmSkFTMzNLc0RLNklfQmpQX0Jzb3ZqWjQ0TkZWbHpvY2tSYnd1Z0dfTE9HbHRxNzA4cUNxajM0LXpUS2dOeGVMVTBIaUhFRE5LYjU5MXdBT2M0Y3JpM2UwQVlGcENB?oc=5"}, {"fecha": "2026-08-28T02:30:01", "medio": "Google News — Manizales", "titulo": "El Vicepresidente de Colombia, José Manuel Restrepo, visitó este jueves (27 de agosto) el corregimiento de Arma, en Aguadas (Caldas), uno de los sitios más afectados por el terremoto del pasado 10 de ", "url": "https://news.google.com/rss/articles/CBMi7wFBVV95cUxNbTVvMjU0bHN3RFBQWjdUUmR0NTJGb1NxcE51dWY0alZodzlCVFhmVVB4eUVIZ2ZOYmxxamx6T01XOE5FQWk0VjhRM0Q0VkNSVHlLRVRYUS1nWmN0LUF4dE83dEVZeV9fNjI0c0lEajF4ci1lOXNTd1ZjSnZtYTBRdjBYTmZqU011OV93Y1I1Q3lOTjRhTHJ1Vk9WTENUcHplMlY1bi1uelFEcEluNHZqOVc5WDdyRzRuQUswZ2JHUEhoMGtyQzdyQ0ZKNWF6M1lmeEJEOWhKSGdpbFpMZ05oUW9MWnpGOUdXZDNSNXYtSQ?oc=5"}], "dyfi_max_cdi": null, "dyfi_respuestas": null, "dyfi_celdas": 0, "dyfi_min_dist_km": null, "poblacion_2026": 22301, "cabecera_2026": 12048, "rural_2026": 10253, "poblacion_fuente": "DANE PPED municipal por área 2018-2042", "en_aoi_copernicus": false, "estado": "mencion_prensa", "busqueda_propia": true, "fuentes": ["prensa", "rud"], "unosat_edificios": null, "unosat_observados": null, "unosat_posibles": null, "unosat_fecha_imagen": null, "unosat_codigo_inconsistente": null, "sertit_edificios": null, "sertit_destruidos": null, "sertit_danados": null, "sertit_posibles": null, "sertit_sin_grado": null, "sertit_area_km2": null, "sertit_imagen_literal": null, "rud_familias": 676.0, "rud_personas": 1017.0, "rud_viv_destruidas": 34.0, "rud_viv_averiadas": 403.0, "mmi_usgs": 5.5, "tasa_rud_pct": 4.5603}}, {"type": "Feature", "geometry": {"type": "Point", "coordinates": [-75.395445, 9.302322]}, "properties": {"municipio": "Sincelejo", "departamento": "Sucre", "divipola": "70001", "requiere_depto": true, "homonimo_de_departamento": false, "n_noticias": 3, "n_prensa_recogida": 26, "noticias_ejemplo": [{"fecha": "2026-08-12T07:00:00", "medio": "Google News — Sincelejo", "titulo": "El departamento de Sucre y la ciudad de Sincelejo se unen a la campaña por los afectados del sismo - ELHERALDO.CO", "url": "https://news.google.com/rss/articles/CBMi3AFBVV95cUxNNlNaTmtLQzlKWDU4OWRfdW1BQzZLa0V3NmIzdDV3RnJuaktDelJEb2xwcEVGUlFsX0xCRXozRFhYOUNLd1BrVk55ZF9WMkNWLTAxZWs2UlJ2eW9TMXBLNmNmYmxVTUdkUklCYWl1TWpINGpXa2VWLVUxU2F0Yzltc19BQlhuTzhpRnJFM2tWVTdsZnFPZ2F3MzB5QzV1NHAwZFVZQVBFeTlNRTlyTEhrb3BKM09Sb3hOLWluV2dlNGdyOEc0Qm9NOU4zSUh5UW0xbmxiQnB4a3c5bUZF0gH3AUFVX3lxTFA5NVp0bHA5am4wY1lTMkc1bXJ3S3NJWEc2OW9rZ1dyOEJIN0wzMWtXQ3dQdXRtX21LamRaWWZ3MkppZy1xSk1KTWFFMXNndHNQT1JxUmY3N2kyZVMyUk9NVFJESFBnUzgteFZ3ZVZKT1I0Y3NKMWd1blVEbVRORHloMk9rcEhCQWxMZ2RldVQ4QWVFX1lhTE9FRUd0TWZXM0JsSXBhNTVsZmx5MUQxOEFTX05YQjlMZzlLNjhqU1hWbE55LTF1eDFnck9oQlpJM0tRams4ZWw2dW5mTktOdXh2c1dNYmhwcE0xSi0waS1FMFQ0YUdzMmM?oc=5"}, {"fecha": "2026-08-10T14:46:12", "medio": "Google News — Sincelejo", "titulo": "Sucre activó sus protocolos de gestión del riesgo tras el sismo que se sintió en Sincelejo - larazon.co", "url": "https://news.google.com/rss/articles/CBMirwFBVV95cUxORVVOSWxjYmhZRlJrRUdvODZNcXNnU004STlNYzlCTHNMSWM2UUVmazF0Q0pkLW84LWRUVWE2cUdRNEcwM3o2cWU5MmNpOXZwOE5XbHV3RzFRUVlvSmpBVk9zLVlscjA3TXdudTY0Q0cyTV9GWWthdjF4cHVjMFB5T2ltUGZta3RfVDRwaTJqdmdMbnk0SEM1QWZxLUxNTFBsRGE3Y1p4SWtHX1ViRUtz?oc=5"}, {"fecha": "2026-08-10T07:00:00", "medio": "Google News — Sincelejo", "titulo": "Temblor de magnitud 6.7 se siente en Sucre y obliga a evacuaciones en Sincelejo - El Meridiano", "url": "https://news.google.com/rss/articles/CBMiwgFBVV95cUxPZy1pUzRwVW1iMTVVQ3JrZHpQTnl1RVlEdnVQamNZUTF0bnhsR0JyS1NkdkNURW1GVllMN3BYUFk2bm9OOUV0ZUtKaHZkcWJQZ2JYRHEwaWl5WUxpcTVtelhPWElSY2VaWXdFdTREbWhnaHl3MEZrTDNTSExnVnEtV2hTNFVnUWtNQ0tmbXpURTZLc2FsVnlGLVJwX2M4NlhSc2JUTzlDRnpKUWhQTXNzR3lfb1VISUUwVTZSbkt5QUhoQQ?oc=5"}], "dyfi_max_cdi": null, "dyfi_respuestas": null, "dyfi_celdas": 0, "dyfi_min_dist_km": null, "poblacion_2026": 331045, "cabecera_2026": 294007, "rural_2026": 37038, "poblacion_fuente": "DANE PPED municipal por área 2018-2042", "en_aoi_copernicus": false, "estado": "mencion_prensa", "busqueda_propia": true, "fuentes": ["prensa", "rud"], "unosat_edificios": null, "unosat_observados": null, "unosat_posibles": null, "unosat_fecha_imagen": null, "unosat_codigo_inconsistente": null, "sertit_edificios": null, "sertit_destruidos": null, "sertit_danados": null, "sertit_posibles": null, "sertit_sin_grado": null, "sertit_area_km2": null, "sertit_imagen_literal": null, "rud_familias": 614.0, "rud_personas": 2011.0, "rud_viv_destruidas": 0.0, "rud_viv_averiadas": 515.0, "mmi_usgs": null, "tasa_rud_pct": 0.6075}}, {"type": "Feature", "geometry": {"type": "Point", "coordinates": [-75.878828, 5.657194]}, "properties": {"municipio": "Andes", "departamento": "Antioquia", "divipola": "05034", "requiere_depto": true, "homonimo_de_departamento": false, "n_noticias": 7, "n_prensa_recogida": 60, "noticias_ejemplo": [{"fecha": "2026-08-23T00:31:51", "medio": "Google News — Andes", "titulo": "Teletón en Andes, Antioquia, buscará ayudar a 800 familias afectadas por el terremoto - Blu Radio", "url": "https://news.google.com/rss/articles/CBMi2gFBVV95cUxQelhKLUdKMGZWWjNNOFUxN2VVVzRIbTEwRmpIRF9wc1RmaWdVNGtwV3JOcWpEMW4yVnNiWFRQbTdPXzJRWGR5WVNVdmhqRWIwNDVyVXRMcC1WY1psQXFNa2M0eGhuQ0RKdVNVcWNVeU95RU1ZdWZ0MUJJQlA1OThad0tLbERaZnBjdHNrUGhUYzdNQmZxYVJjc3VCRU5VVktZZEpVc04tM3Q4UTRiajdvanhSQ25zYzlHbldfUXF3eTJXSHk3THhlMXAtaDVJUC1iaTNnQ0tab3NvUdIB2gFBVV95cUxQelhKLUdKMGZWWjNNOFUxN2VVVzRIbTEwRmpIRF9wc1RmaWdVNGtwV3JOcWpEMW4yVnNiWFRQbTdPXzJRWGR5WVNVdmhqRWIwNDVyVXRMcC1WY1psQXFNa2M0eGhuQ0RKdVNVcWNVeU95RU1ZdWZ0MUJJQlA1OThad0tLbERaZnBjdHNrUGhUYzdNQmZxYVJjc3VCRU5VVktZZEpVc04tM3Q4UTRiajdvanhSQ25zYzlHbldfUXF3eTJXSHk3THhlMXAtaDVJUC1iaTNnQ0tab3NvUQ?oc=5"}, {"fecha": "2026-08-23T00:31:51", "medio": "Google News — Andes", "titulo": "Teletón en Andes, Antioquia, buscará ayudar a 800 familias afectadas por el terremoto - Blu Radio", "url": "https://news.google.com/rss/articles/CBMizAFBVV95cUxPNFlqU1VKejgyNzF6M1llai1lR0R1OWsxejBEcWpac0pzcm5yWGROM1dhX1hNX3R2WHJQeDdJbnloR183LVplWEFGRzA3MlVFd0p6NE5falpzM3NsYWRveUNhVGJGcnNJb29mNjl5VGpNZmZ6b0g4Z3R4b1JFU3dTMENRWXk0dUlzTDhSTTBaVWJfMU83aXVfWVY4bmlzWmIwRm05d2RKNm9WV284a2EyWjN5RnFEQXRYS3ZmdVg0Vkl4c2NUTll5ZDhBbDXSAdoBQVVfeXFMUHpYSi1HSjBmVlozTThVMTdlVVc0SG0xMEZqSERfcHNUZmlnVTRrcFdyTnFqRDFuMlZzYlhUUG03T18yUVhkeVlTVXZoakViMDQ1clV0THAtVmNabEFxTWtjNHhobkNESnVTVXFjVXlPeUVNWXVmdDFCSUJQNTk4WndLS2xEWmZwY3Rza1BoVGM3TUJmcWFSY3N1QkVOVVZLWWRKVXNOLTN0OFE0Ymo3b2p4UkNuc2M5R25XX1Fxd3kyV0h5N0x4ZTFwLWg1SVAtYmkzZ0NLWm9zb1E?oc=5"}, {"fecha": "2026-08-21T20:31:30", "medio": "Google News — Andes", "titulo": "Gobernación de Antioquia y sector privado adelantan en Andes y Ciudad Bolívar un piloto integral para la reconstrucción tras el terremoto - El Tiempo", "url": "https://news.google.com/rss/articles/CBMilwJBVV95cUxNSk9rcllPMFVVc0JhMXNINV9wWlZVa1RlTDk0ZzBlbUdUUGpyUWdhRDBTUERGWkhWaXJpdnFURWpoaEt4eUZMZDRISnhTa2VhQVB0dEtRXzgwSG55Z3A0MmJmaS12X3VpdU9VZ3F1NFVjMno3V2Uzb1dsVHhoZW0wMnF4TEJkZTIzZkJZTzhFYXBjbWd1X3BlYTB4RWJWLXpLVkUyNGRXTmVHWjg4TURUbzd2Zjh1eUZ2NmNTZUY4X2VEYnAyaVFrUG1WZmJDSkdGVEVXSnBDc3p2UHZnOVJzODVicnFtc2tVTkZkSHJVenFST21rTnIxMWUzTmhRUFZrZDRlZWlxUXRQbzVFR29IMkdGY19UNGPSAZwCQVVfeXFMT0h1a0FQaFJUTlFyZUFBYWZEWHZhZ1Q5TGo1S1NQeEJkRmFzS2VkVWVUNUQzcjBVRE5aT3RQYjVnZFhzNEVRQnRuS2xnMTJvdEQtSGt3Mkh6Zk12RkxiWVpsMElFbW9heXpWdF81eEkzdFpMVkpUZ08weDkzVlNTUUxaZlQ3LUVFU0hLOER0LTVIUFk3NzBJOFlQLTFBcUx6S3V2ZFdMUmxBdW5wcTE4SFkwU0dEQzJzTXgwSm9JU09CdWFVbEVjU01QRHpMNmNzejAtNlZYRmdoRHN4N1NtczFrTC1ydUU1T2txTkxxWlFSUms1WDBXZFlBX1ExTVhCNDZWU0VzdzBuUDJUZnU0dUpGa1g2VmVPc0E4TzA?oc=5"}], "dyfi_max_cdi": null, "dyfi_respuestas": null, "dyfi_celdas": 0, "dyfi_min_dist_km": null, "poblacion_2026": 45436, "cabecera_2026": 22394, "rural_2026": 23042, "poblacion_fuente": "DANE PPED municipal por área 2018-2042", "en_aoi_copernicus": false, "estado": "mencion_prensa", "busqueda_propia": true, "fuentes": ["prensa", "rud"], "unosat_edificios": null, "unosat_observados": null, "unosat_posibles": null, "unosat_fecha_imagen": null, "unosat_codigo_inconsistente": null, "sertit_edificios": null, "sertit_destruidos": null, "sertit_danados": null, "sertit_posibles": null, "sertit_sin_grado": null, "sertit_area_km2": null, "sertit_imagen_literal": null, "rud_familias": 613.0, "rud_personas": 1496.0, "rud_viv_destruidas": 6.0, "rud_viv_averiadas": 106.0, "mmi_usgs": 5.9, "tasa_rud_pct": 3.2925}}, {"type": "Feature", "geometry": {"type": "Point", "coordinates": [-75.487223, 5.403025]}, "properties": {"municipio": "Salamina", "departamento": "Caldas", "divipola": "17653", "requiere_depto": true, "homonimo_de_departamento": false, "n_noticias": 2, "n_prensa_recogida": 28, "noticias_ejemplo": [{"fecha": "2026-08-24T23:05:00", "medio": "Google News — Salamina", "titulo": "Reto en Salamina (Caldas): ¿cómo proteger un pueblo patrimonio de Colombia después de un terremoto? - La Patria", "url": "https://news.google.com/rss/articles/CBMiugFBVV95cUxPM2hMdlc1S2tqRFJONExsampfcDk1RHpub1Yxakd6blBSUVh2ZWk2aHpFeW9vOWlhcnc4VXdydW9wRXg3V2tiQ3FOc2hoT2NtalBPWW9wNkZLbnFMdmdwcHBEUVdqclJrXzdJdTI5MU9rd3lyTXduRC1sZ1R1T2xHdE1vTGZPZXpDTUZEV0R4WHR5T1hDNFlWaVB3ajVfVGdvU1pFMTlQaUJfV19GZlV5MWxEQTlIQ0d6OFE?oc=5"}, {"fecha": "2026-08-18T07:00:00", "medio": "Google News — Salamina", "titulo": "El martes (18 de agosto), durante una entrevista a LA PATRIA, el alcalde de Salamina (Caldas), Manuel Fermín Giraldo Gutiérrez, realizó un resumen del trabajo en la última semana, desde el sismo ocurr", "url": "https://news.google.com/rss/articles/CBMi4wFBVV95cUxNcl9mQmRVb0hCbXRNOVlabWM5UGxzRGkyOVpmMHhUWTJYTWNwS3NWcmN2bHk3Rm90VmpVNE1Fb3pKRjhyMTYxZGdZODNlR0dPa1RFTEdEaHJZcVo2akQ3ZU1WOXFZTHhIQmRPc3k0ajc2cEc2UmI3SWUyXzBrdEo5Z2JRTi01R3RoaFAxYW9FeXZnSlRTWV9ieS1YWGhFeFIySHMxM3FvOW5yZmp6d3M3TlJiVkNncEYxNnZCYnQ4bzctZEJaVmFYUExyM01nczI1dmtUcGRwcnlwcHF3VUk3UE5ORQ?oc=5"}], "dyfi_max_cdi": 8.6, "dyfi_respuestas": 1, "dyfi_celdas": 1, "dyfi_min_dist_km": 145, "poblacion_2026": 19254, "cabecera_2026": 11918, "rural_2026": 7336, "poblacion_fuente": "DANE PPED municipal por área 2018-2042", "en_aoi_copernicus": false, "estado": "intensidad_alta", "busqueda_propia": true, "fuentes": ["prensa", "dyfi", "rud"], "unosat_edificios": null, "unosat_observados": null, "unosat_posibles": null, "unosat_fecha_imagen": null, "unosat_codigo_inconsistente": null, "sertit_edificios": null, "sertit_destruidos": null, "sertit_danados": null, "sertit_posibles": null, "sertit_sin_grado": null, "sertit_area_km2": null, "sertit_imagen_literal": null, "rud_familias": 580.0, "rud_personas": 1438.0, "rud_viv_destruidas": 0.0, "rud_viv_averiadas": 480.0, "mmi_usgs": 6.7, "tasa_rud_pct": 7.4686}}, {"type": "Feature", "geometry": {"type": "Point", "coordinates": [-75.520006, 5.166895]}, "properties": {"municipio": "Neira", "departamento": "Caldas", "divipola": "17486", "requiere_depto": true, "homonimo_de_departamento": false, "n_noticias": 0, "n_prensa_recogida": 18, "noticias_ejemplo": [], "dyfi_max_cdi": null, "dyfi_respuestas": null, "dyfi_celdas": 0, "dyfi_min_dist_km": null, "poblacion_2026": 21492, "cabecera_2026": 12752, "rural_2026": 8740, "poblacion_fuente": "DANE PPED municipal por área 2018-2042", "en_aoi_copernicus": false, "estado": "solo_rud", "busqueda_propia": true, "fuentes": ["rud"], "unosat_edificios": null, "unosat_observados": null, "unosat_posibles": null, "unosat_fecha_imagen": null, "unosat_codigo_inconsistente": null, "sertit_edificios": null, "sertit_destruidos": null, "sertit_danados": null, "sertit_posibles": null, "sertit_sin_grado": null, "sertit_area_km2": null, "sertit_imagen_literal": null, "rud_familias": 557.0, "rud_personas": 1165.0, "rud_viv_destruidas": 8.0, "rud_viv_averiadas": 180.0, "mmi_usgs": 6.5, "tasa_rud_pct": 5.4206}}, {"type": "Feature", "geometry": {"type": "Point", "coordinates": [-76.69357, 2.959785]}, "properties": {"municipio": "Suárez", "departamento": "Cauca", "divipola": "19780", "requiere_depto": true, "homonimo_de_departamento": false, "n_noticias": 2, "n_prensa_recogida": 35, "noticias_ejemplo": [{"fecha": "2026-08-20T12:34:17", "medio": "Google News — Suárez", "titulo": "Once salones tendrán que ser demolidos en colegio de Suárez, Cauca, tras daños del terremoto - :.Periodicovirtual.com.:", "url": "https://news.google.com/rss/articles/CBMivAFBVV95cUxPd1ZNVERLVFgwLThaVEtQemVLcjF3UlEyLVBwNHZmd3YtcHRlZDM0X3RUcE9tVHZXVko2XzEtUVhIU2FzMWMwV0JLcWgzdk5NY3E5M21HTHRTR2FIZndkODFjZHJ3STRwbHJCMmJPeU5wU20tTU1kZDRRZzltSnR5SGFicTYzQ2VZMWRFb0ozU1ZYUFo4UkZScm9jZXJaN3ZrWF81Ym1QMlBmWDk2THVXUVFVc2NNRmJZZE1hdg?oc=5"}, {"fecha": "2026-08-19T21:40:54", "medio": "Google News — El País Cali", "titulo": "Once salones tendrán que ser demolidos en colegio de Suárez, Cauca, tras daños del terremoto - elpais.com.co", "url": "https://news.google.com/rss/articles/CBMi0AFBVV95cUxPOWZzSmlwSlNFSEZEb1dtMGZEM0JZSHNfZ3R4RHc4Sjltc1E1SjJtR0x1aWxGTFlieFhwNGItQnc2RjFZellEMlZ1bUhGRXFHT2FoV1U2MmlEWWQ0RGExa3FISm5vMzc4eXBiVFpGdXpYY3ZYZlNVVlJNQjFibVRtYTktRXBRTXM5WkIySVNlRHhXalJoWlprd3daZjN6cGJ3TFNjSEFBekpJOXg0Z1FPM3hqbXlKZkU4UTMwTkR4MGZQbXlvd25pUFpFMzVqZVhM0gHWAUFVX3lxTE12eEpnMTlySU1QLXpId1ZqdVp6NWdwUVdxRG55aXdFMmFEQk0yQ1liSmhHVVU4cUl4NkRSSENaN3ZvQ2YyUlZYUEx2X2g0aXBaVUk1Vk5ya1VCc0pxZEFwR0Rka185dUt0d1hnMlNWZHd1SFJQZlBvVE1xUDF3MDBXZFVpYXNMd1ZvN2ZMVXlqSXNUbzlkS3JMSW9mc2tkNjQtT0pobnRVRDFoLXZEV3VLeGJ4SzBYbXdNR2NNaTR0SDBmZUtUSUZEUGhfU2w5a3ZXUi1XWEE?oc=5"}], "dyfi_max_cdi": null, "dyfi_respuestas": null, "dyfi_celdas": 0, "dyfi_min_dist_km": null, "poblacion_2026": 38524, "cabecera_2026": 6828, "rural_2026": 31696, "poblacion_fuente": "DANE PPED municipal por área 2018-2042", "en_aoi_copernicus": false, "estado": "mencion_prensa", "busqueda_propia": true, "fuentes": ["prensa", "rud"], "unosat_edificios": null, "unosat_observados": null, "unosat_posibles": null, "unosat_fecha_imagen": null, "unosat_codigo_inconsistente": null, "sertit_edificios": null, "sertit_destruidos": null, "sertit_danados": null, "sertit_posibles": null, "sertit_sin_grado": null, "sertit_area_km2": null, "sertit_imagen_literal": null, "rud_familias": 543.0, "rud_personas": 1274.0, "rud_viv_destruidas": 39.0, "rud_viv_averiadas": 161.0, "mmi_usgs": 5.7, "tasa_rud_pct": 3.307}}, {"type": "Feature", "geometry": {"type": "Point", "coordinates": [-76.629106, 2.754684]}, "properties": {"municipio": "Morales", "departamento": "Cauca", "divipola": "19473", "requiere_depto": true, "homonimo_de_departamento": false, "n_noticias": 0, "n_prensa_recogida": 44, "noticias_ejemplo": [], "dyfi_max_cdi": null, "dyfi_respuestas": null, "dyfi_celdas": 0, "dyfi_min_dist_km": null, "poblacion_2026": 46001, "cabecera_2026": 2249, "rural_2026": 43752, "poblacion_fuente": "DANE PPED municipal por área 2018-2042", "en_aoi_copernicus": false, "estado": "solo_rud", "busqueda_propia": true, "fuentes": ["rud"], "unosat_edificios": null, "unosat_observados": null, "unosat_posibles": null, "unosat_fecha_imagen": null, "unosat_codigo_inconsistente": null, "sertit_edificios": null, "sertit_destruidos": null, "sertit_danados": null, "sertit_posibles": null, "sertit_sin_grado": null, "sertit_area_km2": null, "sertit_imagen_literal": null, "rud_familias": 541.0, "rud_personas": 1166.0, "rud_viv_destruidas": 16.0, "rud_viv_averiadas": 157.0, "mmi_usgs": 5.6, "tasa_rud_pct": 2.5347}}, {"type": "Feature", "geometry": {"type": "Point", "coordinates": [-75.739572, 4.360029]}, "properties": {"municipio": "Buenavista", "departamento": "Quindío", "divipola": "63111", "requiere_depto": true, "homonimo_de_departamento": false, "n_noticias": 0, "n_prensa_recogida": 2, "noticias_ejemplo": [], "dyfi_max_cdi": null, "dyfi_respuestas": null, "dyfi_celdas": 0, "dyfi_min_dist_km": null, "poblacion_2026": 3165, "cabecera_2026": 1213, "rural_2026": 1952, "poblacion_fuente": "DANE PPED municipal por área 2018-2042", "en_aoi_copernicus": false, "estado": "solo_rud", "busqueda_propia": true, "fuentes": ["rud"], "unosat_edificios": null, "unosat_observados": null, "unosat_posibles": null, "unosat_fecha_imagen": null, "unosat_codigo_inconsistente": null, "sertit_edificios": null, "sertit_destruidos": null, "sertit_danados": null, "sertit_posibles": null, "sertit_sin_grado": null, "sertit_area_km2": null, "sertit_imagen_literal": null, "rud_familias": 532.0, "rud_personas": 606.0, "rud_viv_destruidas": 4.0, "rud_viv_averiadas": 76.0, "mmi_usgs": 6.8, "tasa_rud_pct": 19.1469}}, {"type": "Feature", "geometry": {"type": "Point", "coordinates": [-75.222601, 3.934916]}, "properties": {"municipio": "Ortega", "departamento": "Tolima", "divipola": "73504", "requiere_depto": true, "homonimo_de_departamento": false, "n_noticias": 1, "n_prensa_recogida": 50, "noticias_ejemplo": [{"fecha": "2026-08-17T16:00:22", "medio": "Google News — Ortega", "titulo": "Ortega pide solidaridad para atender a familias afectadas por incendios y sismo - Gobernación del Tolima", "url": "https://news.google.com/rss/articles/CBMitwFBVV95cUxON0dqSVJYZm0wVTZ1WEZPOVdZaEdxZWtIaGNobnRwRDVzaG1CWnNrNk82Xy1yblhnNnY0MUYwYlFEWDhyR1kyZzJuNnc1SFQ3ZWpXclo1XzBlSXZubXkzUnpON2ZRX0tRNXE0NDRYUFpPWi1VRzE3Yk9RWjQ3YTF3YkdYMkF6ZzRYc1dBN0VLS0RmMW96UmM2WWJ2WmkyMGpTSFRlaXp4Xzc2czZPMF9lbmhrVkZlM3M?oc=5"}], "dyfi_max_cdi": null, "dyfi_respuestas": null, "dyfi_celdas": 0, "dyfi_min_dist_km": null, "poblacion_2026": 36604, "cabecera_2026": 7756, "rural_2026": 28848, "poblacion_fuente": "DANE PPED municipal por área 2018-2042", "en_aoi_copernicus": false, "estado": "mencion_prensa", "busqueda_propia": true, "fuentes": ["prensa", "rud"], "unosat_edificios": null, "unosat_observados": null, "unosat_posibles": null, "unosat_fecha_imagen": null, "unosat_codigo_inconsistente": null, "sertit_edificios": null, "sertit_destruidos": null, "sertit_danados": null, "sertit_posibles": null, "sertit_sin_grado": null, "sertit_area_km2": null, "sertit_imagen_literal": null, "rud_familias": 490.0, "rud_personas": 1152.0, "rud_viv_destruidas": 7.0, "rud_viv_averiadas": 467.0, "mmi_usgs": 5.4, "tasa_rud_pct": 3.1472}}, {"type": "Feature", "geometry": {"type": "Point", "coordinates": [-75.480765, 3.722918]}, "properties": {"municipio": "Chaparral", "departamento": "Tolima", "divipola": "73168", "requiere_depto": true, "homonimo_de_departamento": false, "n_noticias": 129, "n_prensa_recogida": 247, "noticias_ejemplo": [{"fecha": "2026-09-26T08:15:45", "medio": "Google News — Roncesvalles", "titulo": "Sismo de magnitud 4,5 en Chaparral, Tolima, el 26 de septiembre - buenaventuraenlinea.com", "url": "https://news.google.com/rss/articles/CBMikAFBVV95cUxOcGdXRV9qLTVBa3hXNWRBb3hQYVpfODJCTkxEQlF6QS1IOVhsb1drR0ZYVG5qY05FRFN3Wjl3UUp3dFZkaUpMOGVhd1FyQ0F3OF8yQmVLc1hpT3JtSVVDWDdMRHQ5dEhhUXpTb2Y5TklnNnQycGk4Q0Q1VlBhZUpEM3RPS3BUdHdMNXBOeEFqbFQ?oc=5"}, {"fecha": "2026-09-26T07:01:16", "medio": "Google News — Chaparral", "titulo": "Temblor de magnitud 4.5 en Chaparral (Tolima) este 26 de septiembre de 2026 - Pulzo", "url": "https://news.google.com/rss/articles/CBMinwFBVV95cUxPOElTYzQwWVc2OC02Qjc3dU9JSmpHb2wwY3lvT25qNzJ0RmtyY3F0cGdCWnNCZEV0LXhVQWpzdXczUFYtdHN3MkpoVjRFaUhJa3FydlQxX1lHUm5LcWRMR1AyRGtfa1IzeVBlWDQ1X2lzVVdjQ2IxbDhNSjRwS1l6dHY0LW5lNndJSFd0dEJuQkJVaTlrWkxpYlBjUnBtaGM?oc=5"}, {"fecha": "2026-09-26T06:59:32", "medio": "Google News — Chaparral", "titulo": "Temblor en Colombia | Reportan sismo de magnitud 4,5 durante la madrugada de este sábado 26 de septiembre en Chaparral, Tolima: profundidad y detalles - eltiempo.com", "url": "https://news.google.com/rss/articles/CBMisAJBVV95cUxQMjU1cjU3Yjh4R2lidmFVWGFaRkM0bGxMRjJfSkJOdlo1QS1aRWRla2ZydEZXT09ORHJIejk5cW44SllOWjIyT2FmcHdVVElWT01QZXEtSEc0UHRiQ2lfbEZ6SDU1VnJUNGREazZ5NXM1cGxrZnhDWXRJazU4WTNvczRxLXNmZ1R5M2dFOGtDaWhBS1NHeTdqZ2xLelNWaml3TWRKVmhuS1FSYlJwamNhc2xfR0lRRkJJUEFsYTU0ZWpuV3pqdV9JTzMxc0VteGhzOG9uWjNzVmlxUW8tXzh1VE1ISHotQVBZNkJad1RHWmhPOTBROERHU19sRFpLV0hGOGhMdng4ZUR1dW1NS2dWMm1Rd2xjS21tYlJYQ1U4b2VaUVVtd2FYQ2wzaVA2ZFRx0gGwAkFVX3lxTFAyNTVyNTdiOHhHaWJ2YVVYYVpGQzRsbExGMl9KQk52WjVBLVpFZGVrZnJ0RldPT05Eckh6OTlxbjhKWU5aMjJPYWZwd1VUSVZPTVBlcS1IRzRQdGJDaV9sRnpINTVWclQ0ZERrNnk1czVwbGtmeENZdElrNThZM29zNHEtc2ZnVHkzZ0U4a0NpaEFLU0d5N2pnbEt6U1ZqaXdNZEpWaG5LUVJiUnBqY2FzbF9HSVFGQklQQWxhNTRlam5Xemp1X0lPMzFzRW14aHM4b25aM3NWaXFRby1fOHVUTUhIei1BUFk2Qlp3VEdaaE85MFE4REdTX2xEWktXSEY4aEx2eDhlRHV1bU1LZ1YybVF3bGNLbW1iUlhDVThvZVpRVW13YVhDbDNpUDZkVHE?oc=5"}], "dyfi_max_cdi": null, "dyfi_respuestas": null, "dyfi_celdas": 0, "dyfi_min_dist_km": null, "poblacion_2026": 53336, "cabecera_2026": 30467, "rural_2026": 22869, "poblacion_fuente": "DANE PPED municipal por área 2018-2042", "en_aoi_copernicus": false, "estado": "mencion_prensa", "busqueda_propia": true, "fuentes": ["prensa", "rud"], "unosat_edificios": null, "unosat_observados": null, "unosat_posibles": null, "unosat_fecha_imagen": null, "unosat_codigo_inconsistente": null, "sertit_edificios": null, "sertit_destruidos": null, "sertit_danados": null, "sertit_posibles": null, "sertit_sin_grado": null, "sertit_area_km2": null, "sertit_imagen_literal": null, "rud_familias": 480.0, "rud_personas": 793.0, "rud_viv_destruidas": 30.0, "rud_viv_averiadas": 232.0, "mmi_usgs": 5.8, "tasa_rud_pct": 1.4868}}, {"type": "Feature", "geometry": {"type": "Point", "coordinates": [-76.270284, 2.953017]}, "properties": {"municipio": "Toribío", "departamento": "Cauca", "divipola": "19821", "requiere_depto": true, "homonimo_de_departamento": false, "n_noticias": 0, "n_prensa_recogida": 0, "noticias_ejemplo": [], "dyfi_max_cdi": null, "dyfi_respuestas": null, "dyfi_celdas": 0, "dyfi_min_dist_km": null, "poblacion_2026": 40488, "cabecera_2026": 2185, "rural_2026": 38303, "poblacion_fuente": "DANE PPED municipal por área 2018-2042", "en_aoi_copernicus": false, "estado": "solo_rud", "busqueda_propia": true, "fuentes": ["rud"], "unosat_edificios": null, "unosat_observados": null, "unosat_posibles": null, "unosat_fecha_imagen": null, "unosat_codigo_inconsistente": null, "sertit_edificios": null, "sertit_destruidos": null, "sertit_danados": null, "sertit_posibles": null, "sertit_sin_grado": null, "sertit_area_km2": null, "sertit_imagen_literal": null, "rud_familias": 476.0, "rud_personas": 1386.0, "rud_viv_destruidas": 1.0, "rud_viv_averiadas": 452.0, "mmi_usgs": 5.3, "tasa_rud_pct": 3.4232}}, {"type": "Feature", "geometry": {"type": "Point", "coordinates": [-76.234199, 3.324118]}, "properties": {"municipio": "Florida", "departamento": "Valle del Cauca", "divipola": "76275", "requiere_depto": true, "homonimo_de_departamento": false, "n_noticias": 1, "n_prensa_recogida": 25, "noticias_ejemplo": [{"fecha": "2026-09-08T19:56:10", "medio": "Google News — Roldanillo", "titulo": "Sismo en La Florida, Versalles: 90% de las edificaciones rurales afectadas en Valle del Cauca - Pulzo", "url": "https://news.google.com/rss/articles/CBMizwFBVV95cUxOY2VDcW5aak9HbFBVUEg2cjJKdTZPZW10WmJHSUR3ZGt5cXVMMkcwclBuTmdBQlZTSl9nNS1PdDM0ek9aUXI0NnJVWjY5MTBnUjlFcHQyU2JtWVl4TG5WT1FuUDdIWVRIdDF5WGVLZlBuQjc2dGRsOXBBSVJNaHA1Tm1WZkhXWXRUQTdzNGFTcnR2NEc3ZWVmb0syNF9TRnh0QVkyWnRMSTlyYjY5VnJvUzVHLUtRRXEyZDRKSzNYN3BWb0wwYjVnNWRYVzMzek0?oc=5"}], "dyfi_max_cdi": null, "dyfi_respuestas": null, "dyfi_celdas": 0, "dyfi_min_dist_km": null, "poblacion_2026": 57017, "cabecera_2026": 40906, "rural_2026": 16111, "poblacion_fuente": "DANE PPED municipal por área 2018-2042", "en_aoi_copernicus": false, "estado": "mencion_prensa", "busqueda_propia": true, "fuentes": ["prensa", "rud"], "unosat_edificios": null, "unosat_observados": null, "unosat_posibles": null, "unosat_fecha_imagen": null, "unosat_codigo_inconsistente": null, "sertit_edificios": null, "sertit_destruidos": null, "sertit_danados": null, "sertit_posibles": null, "sertit_sin_grado": null, "sertit_area_km2": null, "sertit_imagen_literal": null, "rud_familias": 452.0, "rud_personas": 986.0, "rud_viv_destruidas": 2.0, "rud_viv_averiadas": 166.0, "mmi_usgs": 5.6, "tasa_rud_pct": 1.7293}}, {"type": "Feature", "geometry": {"type": "Point", "coordinates": [-76.379753, 2.611927]}, "properties": {"municipio": "Silvia", "departamento": "Cauca", "divipola": "19743", "requiere_depto": true, "homonimo_de_departamento": false, "n_noticias": 1, "n_prensa_recogida": 29, "noticias_ejemplo": [{"fecha": "2026-08-26T07:00:00", "medio": "Google News — Silvia", "titulo": "Gobernación del Cauca llegó con doce toneladas de ayudas humanitarias a familias afectadas por el sismo en Silvia, Piendamó-Tunía, Miranda y Villa Rica - Gobernacion Cauca", "url": "https://news.google.com/rss/articles/CBMiogJBVV95cUxNdG1rZHpVT3JGOXR0VXYwNEdDTzRneEhwWFVIV3ljVi04VGNoQXEzVG5LOXl0UGx0djVhTUI3M3dzS3lRZzd1aTJIbGFZRU9uS0VjM0sxVkJOTmYxUjBXNWRadDFyQzRlS1Z4ZjREMkx3RGQzckFWZkhSbGpaVDFpM1M5ajJEcnpZZ1NBYzVRc25qdTJsNlgwR1FpV0tNZGJxcEN0OHlrUXBOd0VDZkZKcWlELXI3ZnpMekVsQ2U2TGhHd0pHWV9EbjlGMktPNW10ZjFma2M3N2hKTFg2cE5oaEVnTHhIVTFIRDkyRTc5VXQ2RzRwV0xmWmRCRUlnNUM0MEhnaHdFRXFEQ202UHI1R2pIY2FoeDRkeVVkcjNIcXpTZw?oc=5"}], "dyfi_max_cdi": null, "dyfi_respuestas": null, "dyfi_celdas": 0, "dyfi_min_dist_km": null, "poblacion_2026": 40504, "cabecera_2026": 4076, "rural_2026": 36428, "poblacion_fuente": "DANE PPED municipal por área 2018-2042", "en_aoi_copernicus": false, "estado": "mencion_prensa", "busqueda_propia": true, "fuentes": ["prensa", "rud"], "unosat_edificios": null, "unosat_observados": null, "unosat_posibles": null, "unosat_fecha_imagen": null, "unosat_codigo_inconsistente": null, "sertit_edificios": null, "sertit_destruidos": null, "sertit_danados": null, "sertit_posibles": null, "sertit_sin_grado": null, "sertit_area_km2": null, "sertit_imagen_literal": null, "rud_familias": 444.0, "rud_personas": 685.0, "rud_viv_destruidas": 0.0, "rud_viv_averiadas": 0.0, "mmi_usgs": 5.1, "tasa_rud_pct": 1.6912}}, {"type": "Feature", "geometry": {"type": "Point", "coordinates": [-76.570682, 2.623371]}, "properties": {"municipio": "Cajibío", "departamento": "Cauca", "divipola": "19130", "requiere_depto": true, "homonimo_de_departamento": false, "n_noticias": 0, "n_prensa_recogida": 5, "noticias_ejemplo": [], "dyfi_max_cdi": null, "dyfi_respuestas": null, "dyfi_celdas": 0, "dyfi_min_dist_km": null, "poblacion_2026": 46986, "cabecera_2026": 1830, "rural_2026": 45156, "poblacion_fuente": "DANE PPED municipal por área 2018-2042", "en_aoi_copernicus": false, "estado": "solo_rud", "busqueda_propia": true, "fuentes": ["rud"], "unosat_edificios": null, "unosat_observados": null, "unosat_posibles": null, "unosat_fecha_imagen": null, "unosat_codigo_inconsistente": null, "sertit_edificios": null, "sertit_destruidos": null, "sertit_danados": null, "sertit_posibles": null, "sertit_sin_grado": null, "sertit_area_km2": null, "sertit_imagen_literal": null, "rud_familias": 435.0, "rud_personas": 996.0, "rud_viv_destruidas": 40.0, "rud_viv_averiadas": 294.0, "mmi_usgs": 5.4, "tasa_rud_pct": 2.1198}}, {"type": "Feature", "geometry": {"type": "Point", "coordinates": [-75.818982, 5.597542]}, "properties": {"municipio": "Jardín", "departamento": "Antioquia", "divipola": "05364", "requiere_depto": true, "homonimo_de_departamento": false, "n_noticias": 1, "n_prensa_recogida": 8, "noticias_ejemplo": [{"fecha": "2026-08-11T07:00:00", "medio": "Google News — Jardín", "titulo": "Jardín - Antioquia, uno de los municipios más turísticos del país, sufrió daños por el sismo - paisa.alerta.com.co", "url": "https://news.google.com/rss/articles/CBMiowFBVV95cUxNdGlUclhvQnJRQmZEVWxkaTVEbDB2Nkl1a2dYaUF3S2xoc0k1ck40eEFQdklRZDRzNVRabEw5X0gzQjJTYjcyRTVncm9TVk9nWUs0dkpRZG9yUXJncFJfcFJrV3J1Y3FLUlNkamtzWjQzVXB5eU1mNnk1S3BCaS1mdGt0OHRtMmNLTHBONHhOelotMnBBUy1DTlNDUHMwbFpuYWFn0gGnAUFVX3lxTFBaOVY5dTdNVkJjaFdob3FkWGlNbTRTUFl6T0p2QkRNRGdlZTJ6WGFPMDRxOENGbkVmWUFvdFR2TzYxdFprVHdfNWpYc1NFMGpKXzVfWDN2VDhmNmJvQ1V1dlV2OU9RazF5YldESFJ6ZHFsWkdVV2FTT3lLYU94bTNsLWpvaWg4WmRGTXVfWk5vNkFVUFZOWWV3LVgwbVhFX3hMaDNNMnhn?oc=5"}], "dyfi_max_cdi": 7.1, "dyfi_respuestas": 5, "dyfi_celdas": 1, "dyfi_min_dist_km": 137, "poblacion_2026": 15531, "cabecera_2026": 8504, "rural_2026": 7027, "poblacion_fuente": "DANE PPED municipal por área 2018-2042", "en_aoi_copernicus": false, "estado": "intensidad_alta", "busqueda_propia": true, "fuentes": ["prensa", "dyfi", "rud"], "unosat_edificios": null, "unosat_observados": null, "unosat_posibles": null, "unosat_fecha_imagen": null, "unosat_codigo_inconsistente": null, "sertit_edificios": null, "sertit_destruidos": null, "sertit_danados": null, "sertit_posibles": null, "sertit_sin_grado": null, "sertit_area_km2": null, "sertit_imagen_literal": null, "rud_familias": 431.0, "rud_personas": 1084.0, "rud_viv_destruidas": 3.0, "rud_viv_averiadas": 234.0, "mmi_usgs": 6.0, "tasa_rud_pct": 6.9796}}, {"type": "Feature", "geometry": {"type": "Point", "coordinates": [-75.095804, 4.133721]}, "properties": {"municipio": "San Luis", "departamento": "Tolima", "divipola": "73678", "requiere_depto": true, "homonimo_de_departamento": false, "n_noticias": 1, "n_prensa_recogida": 41, "noticias_ejemplo": [{"fecha": "2026-08-13T07:00:00", "medio": "Google News — San Luis", "titulo": "Ibagué envía ayuda humanitaria a Pereira, San Luis y Payandé tras terremoto e incendios en Tolima - Pulzo", "url": "https://news.google.com/rss/articles/CBMizgFBVV95cUxPUk5lVTNrby1pSlNHemFucmplYm45Tm1HcFFRbFJ2cGR4c3R3WmpNandqU1djYjcwdG9MdUdBVFdQdWw2SGtGWkxBRkJBdzREV3VEdHc5MXJCOS1CcVE0RUlkd0EwMmRDdFpNT25jNlprQlFCV25XWWdYQVpGX1Z4NlU3dnlKa2lBWUl5UnlRUENPQmdPWlJuQzlTUGxJT0hoZk84anc2YVNXaGdBYWFaZDZSeTZ5VFM1c1pXam81QnlKcGFfLUw4ZmZiQU5pdw?oc=5"}], "dyfi_max_cdi": null, "dyfi_respuestas": null, "dyfi_celdas": 0, "dyfi_min_dist_km": null, "poblacion_2026": 14054, "cabecera_2026": 4012, "rural_2026": 10042, "poblacion_fuente": "DANE PPED municipal por área 2018-2042", "en_aoi_copernicus": false, "estado": "mencion_prensa", "busqueda_propia": true, "fuentes": ["prensa", "rud"], "unosat_edificios": null, "unosat_observados": null, "unosat_posibles": null, "unosat_fecha_imagen": null, "unosat_codigo_inconsistente": null, "sertit_edificios": null, "sertit_destruidos": null, "sertit_danados": null, "sertit_posibles": null, "sertit_sin_grado": null, "sertit_area_km2": null, "sertit_imagen_literal": null, "rud_familias": 430.0, "rud_personas": 810.0, "rud_viv_destruidas": 7.0, "rud_viv_averiadas": 200.0, "mmi_usgs": 5.4, "tasa_rud_pct": 5.7635}}, {"type": "Feature", "geometry": {"type": "Point", "coordinates": [-76.810911, 2.451409]}, "properties": {"municipio": "El Tambo", "departamento": "Cauca", "divipola": "19256", "requiere_depto": true, "homonimo_de_departamento": false, "n_noticias": 2, "n_prensa_recogida": 24, "noticias_ejemplo": [{"fecha": "2026-08-12T07:00:00", "medio": "Google News — Caldono", "titulo": "Terremoto obliga a aplazar las Ferias de El Tambo mientras el Cauca continúa atendiendo la emergencia - elpais.com.co", "url": "https://news.google.com/rss/articles/CBMi3wFBVV95cUxPMGdXWlRmLTRvdmFlejFJSmxib0gtVVVqalhGcG5EcTZJNjhqcUtvYkhZRjg5c1JKckRqUC05UnhZQ1d0LXBWSUREeGpDeGlvTkZKRmlteE5ZRGFjelJQMmJSM2dzQjZRQWk2eml0X0JUSEMxS3I0ZGpSU3ZIeGlrT3BKZTRqb2FQUFhUVXZRb0NfYWtxZlRHLU9hOUhIYlBMM0JzUHMyakVkRExaS1VzYW9mWUc5T05mNFd3WXpKMS16VUY4Uko1UE8wa0ktTjd4Vk9Pbmt2eE9NdEVCTDNB0gHkAUFVX3lxTFBjaHRvN0ZRNWY5SmxkOXBfanFLVXJBSlBsLURTcERHdlI3TVptQk9yTURkd3luNWpTOGpsYmF6ZGlNMVRtSXI3Q2g1eGxmbURSYUhzMjdRa2FuQTBVemxKUzBwZG40ZVQ0RWh0bE10TGNKU2pJTUkxcjg4LVNETThDZ1JwLTZPcHZ6ZTNTcVhnT2xxQWJkSFlyNU91S3BBWmpKTlJncmFZb0lGZU0wQy1ySkVrWTUwMGFBR3RqS0xGS0Z5b2dkYXhkb19hampMMjFLZjE3YWd1WEV0TFYyaUNMN2hBQg?oc=5"}, {"fecha": "2026-08-10T07:00:00", "medio": "Google News — Caldono", "titulo": "🚨🇨🇴 #10Ago #Colombia En el departamento del Cauca se registraron las primeras afectaciones tras el sismo, específicamente en la iglesia Jesús Nazareno del municipio de El Tambo, donde parte de la cubi", "url": "https://news.google.com/rss/articles/CBMiVkFVX3lxTE85TFlXLUxCbUh2SHZnMDdGTGZQR2xNa3didmVoTHdPbXFoOFZqNUxmRVctZHkyYkx4b2V4R1E1ZnBoQU5vZnptajRvdXhtYXY2Njl4eHR3?oc=5"}], "dyfi_max_cdi": null, "dyfi_respuestas": null, "dyfi_celdas": 0, "dyfi_min_dist_km": null, "poblacion_2026": 58555, "cabecera_2026": 2546, "rural_2026": 56009, "poblacion_fuente": "DANE PPED municipal por área 2018-2042", "en_aoi_copernicus": false, "estado": "mencion_prensa", "busqueda_propia": true, "fuentes": ["prensa", "rud"], "unosat_edificios": null, "unosat_observados": null, "unosat_posibles": null, "unosat_fecha_imagen": null, "unosat_codigo_inconsistente": null, "sertit_edificios": null, "sertit_destruidos": null, "sertit_danados": null, "sertit_posibles": null, "sertit_sin_grado": null, "sertit_area_km2": null, "sertit_imagen_literal": null, "rud_familias": 414.0, "rud_personas": 810.0, "rud_viv_destruidas": 30.0, "rud_viv_averiadas": 348.0, "mmi_usgs": 5.2, "tasa_rud_pct": 1.3833}}, {"type": "Feature", "geometry": {"type": "Point", "coordinates": [-75.97679, 5.74615]}, "properties": {"municipio": "Betania", "departamento": "Antioquia", "divipola": "05091", "requiere_depto": true, "homonimo_de_departamento": false, "n_noticias": 1, "n_prensa_recogida": 24, "noticias_ejemplo": [{"fecha": "2026-08-24T20:16:58", "medio": "Google News — Andes", "titulo": "Inició proceso de reconstrucción de viviendas tras el terremoto en Antioquia: Caramanta, Hispania y Betania recibieron primer cargamento de materiales - El Tiempo", "url": "https://news.google.com/rss/articles/CBMipgJBVV95cUxOMmo2NFZKOEYxMlpYUzVVTElLdXg4NlVvTC04ai1EeWJ1TXJDU0hZbnBlTUtjRVdDYmNaRjZYaXp6MjgxR3Y2TmFjeFcyOXQwbzNLUmlXeFU4b1A1dE9vaGFKQWF4UU9RYWhyd2xYTUsyMWZ0X2ZFUlBLYmhuTnQwa2o2Z055UG9TTGdlbW5YdUxZSTEzQy02bU9SNU5UMXFLZXFtVk9SeUhIRTFmOGxJMTlkX1I2NGpOQlVWUUh0cmR0NzFDTUlsRjBoSDVpXy1QUGJ5dENOeEZ0UUJWT3FLUUo3aHZJSGxFcDNHZ2NJSzlHRjlaYlU4b0M1dlU5S1A3a0hiYi1IY1dYTEN0X3hyQU5FblBEOGhoSm9UWWZ1NU1nZDlrc2fSAasCQVVfeXFMTmVXNC1oV2J5V3hyNnBZdHNFaVRNUzFXMFZ2WW5HaEQ1c3ZkcXEwdzVwbU43SE1HQmNVVU1TaVhGcnpvb3QwQng3NDBPVk1WTTYtd2ZyVnlXTUVfaGE3b0JxNlpZLVg0bk5zWjhwYy0wUXBGRFFJQ3lqdzViMkdFdUd4cXI5NjVmM3lnTUc1aHRGR3Q4cld2V0NERmJWQUNBTDRndUhGc01XOFBOVHlGUGxDOEJnSVhvYVJOMll6ZTlhSnFGNnVHQlFERXE3TlF4a0JKcDE4bEd3amtlNy1mNmhxbVl1Y3E0ODF6a29ha0dENFZlNlpETHJ3ZzRWYm14MVZ4NVBSdjNyMmxGMlNLV2xQUUk0Z09JNTNEcWlQUjh5djlsR3dnX2lnZms?oc=5"}], "dyfi_max_cdi": null, "dyfi_respuestas": null, "dyfi_celdas": 0, "dyfi_min_dist_km": null, "poblacion_2026": 10743, "cabecera_2026": 4033, "rural_2026": 6710, "poblacion_fuente": "DANE PPED municipal por área 2018-2042", "en_aoi_copernicus": false, "estado": "mencion_prensa", "busqueda_propia": true, "fuentes": ["prensa", "rud"], "unosat_edificios": null, "unosat_observados": null, "unosat_posibles": null, "unosat_fecha_imagen": null, "unosat_codigo_inconsistente": null, "sertit_edificios": null, "sertit_destruidos": null, "sertit_danados": null, "sertit_posibles": null, "sertit_sin_grado": null, "sertit_area_km2": null, "sertit_imagen_literal": null, "rud_familias": 413.0, "rud_personas": 476.0, "rud_viv_destruidas": 3.0, "rud_viv_averiadas": 222.0, "mmi_usgs": 5.5, "tasa_rud_pct": 4.4308}}, {"type": "Feature", "geometry": {"type": "Point", "coordinates": [-75.64966, 5.446843]}, "properties": {"municipio": "Supía", "departamento": "Caldas", "divipola": "17777", "requiere_depto": true, "homonimo_de_departamento": false, "n_noticias": 0, "n_prensa_recogida": 1, "noticias_ejemplo": [], "dyfi_max_cdi": null, "dyfi_respuestas": null, "dyfi_celdas": 0, "dyfi_min_dist_km": null, "poblacion_2026": 31774, "cabecera_2026": 16130, "rural_2026": 15644, "poblacion_fuente": "DANE PPED municipal por área 2018-2042", "en_aoi_copernicus": false, "estado": "solo_rud", "busqueda_propia": true, "fuentes": ["rud"], "unosat_edificios": null, "unosat_observados": null, "unosat_posibles": null, "unosat_fecha_imagen": null, "unosat_codigo_inconsistente": null, "sertit_edificios": null, "sertit_destruidos": null, "sertit_danados": null, "sertit_posibles": null, "sertit_sin_grado": null, "sertit_area_km2": null, "sertit_imagen_literal": null, "rud_familias": 404.0, "rud_personas": 906.0, "rud_viv_destruidas": 5.0, "rud_viv_averiadas": 178.0, "mmi_usgs": 5.8, "tasa_rud_pct": 2.8514}}, {"type": "Feature", "geometry": {"type": "Point", "coordinates": [-75.382545, 3.590591]}, "properties": {"municipio": "Ataco", "departamento": "Tolima", "divipola": "73067", "requiere_depto": true, "homonimo_de_departamento": false, "n_noticias": 0, "n_prensa_recogida": 19, "noticias_ejemplo": [], "dyfi_max_cdi": null, "dyfi_respuestas": null, "dyfi_celdas": 0, "dyfi_min_dist_km": null, "poblacion_2026": 20589, "cabecera_2026": 5668, "rural_2026": 14921, "poblacion_fuente": "DANE PPED municipal por área 2018-2042", "en_aoi_copernicus": false, "estado": "solo_rud", "busqueda_propia": true, "fuentes": ["rud"], "unosat_edificios": null, "unosat_observados": null, "unosat_posibles": null, "unosat_fecha_imagen": null, "unosat_codigo_inconsistente": null, "sertit_edificios": null, "sertit_destruidos": null, "sertit_danados": null, "sertit_posibles": null, "sertit_sin_grado": null, "sertit_area_km2": null, "sertit_imagen_literal": null, "rud_familias": 403.0, "rud_personas": 690.0, "rud_viv_destruidas": 5.0, "rud_viv_averiadas": 301.0, "mmi_usgs": 5.6, "tasa_rud_pct": 3.3513}}, {"type": "Feature", "geometry": {"type": "Point", "coordinates": [-76.392189, 3.134153]}, "properties": {"municipio": "Guachené", "departamento": "Cauca", "divipola": "19300", "requiere_depto": true, "homonimo_de_departamento": false, "n_noticias": 1, "n_prensa_recogida": 3, "noticias_ejemplo": [{"fecha": "2026-09-16T12:21:03", "medio": "Google News — Guachené", "titulo": "Últimos Sismos en o cerca de Guachene, Cauca, Colombia: Temblores recientes últimos 7 días - Volcano Discovery", "url": "https://news.google.com/rss/articles/CBMi3gFBVV95cUxNXzBBOWJZcnprTFoyRHp3U3hPNWpGUTRFa043Z2M3Ymktb0lySHBxVEJxbFhpbEptbktodUM4aHlDc0hEa1UxRkU3MzZ5NlpTbVdpYWhrQVd3NEh4TDNGWkxKMHB3c2xTV3BkZExyVDlYVVY5VmVwUlhuYXJ5Y0N2S1F6TFVtZE9rdnZod3ozc1ZSbC1xeW5TUnBaclVxVmlkQ3plTkszQ0hQb3l2T3lwck1Xd2NUbFEwTHQwSVNhcTJnZTBRQThUN0FuV0lCanlONFNRMDY2YWY2b1VWQ2c?oc=5"}], "dyfi_max_cdi": null, "dyfi_respuestas": null, "dyfi_celdas": 0, "dyfi_min_dist_km": null, "poblacion_2026": 20437, "cabecera_2026": 6520, "rural_2026": 13917, "poblacion_fuente": "DANE PPED municipal por área 2018-2042", "en_aoi_copernicus": false, "estado": "mencion_prensa", "busqueda_propia": true, "fuentes": ["prensa", "rud"], "unosat_edificios": null, "unosat_observados": null, "unosat_posibles": null, "unosat_fecha_imagen": null, "unosat_codigo_inconsistente": null, "sertit_edificios": null, "sertit_destruidos": null, "sertit_danados": null, "sertit_posibles": null, "sertit_sin_grado": null, "sertit_area_km2": null, "sertit_imagen_literal": null, "rud_familias": 400.0, "rud_personas": 573.0, "rud_viv_destruidas": 6.0, "rud_viv_averiadas": 357.0, "mmi_usgs": 6.2, "tasa_rud_pct": 2.8037}}, {"type": "Feature", "geometry": {"type": "Point", "coordinates": [-77.88797, 2.571337]}, "properties": {"municipio": "Guapi", "departamento": "Cauca", "divipola": "19318", "requiere_depto": true, "homonimo_de_departamento": false, "n_noticias": 2, "n_prensa_recogida": 3, "noticias_ejemplo": [{"fecha": "2026-08-11T22:14:13", "medio": "Google News — Buenos Aires", "titulo": "Sismo deja afectaciones en al menos 33 municipios del Cauca; Guapi reporta 11 viviendas averiadas - agenciademedioshoynoticias.com", "url": "https://news.google.com/rss/articles/CBMi0gFBVV95cUxNLXZwWUR0clBESy1GLU5YeFc5Sy0wVmFqS3MwOVZ5Z2JodTQ0dlpnaE44V19LSy1WOXU4aHBiQnpQOEd2cFZrUlRXVkNYQUhRWGotaXZHZkt3dzE4eWo3eFRZNG9VblhYMktjVWJURk5aUXNYNGlSU3lqTkIxSGZOeWFmVFYxdnhtTE0wS0szX3VtaVNSX0R2Y1QxZEwzVGh4dHRoaVg0SW5LaXUySldrMTlQOUx5X0ZvR042Y1FPUHppTGNMaEFJMlVJLUt2ZWVZWVE?oc=5"}, {"fecha": "2026-08-11T07:00:00", "medio": "Google News — Guapi", "titulo": "Terremoto en Colombia: reportan daños en 33 municipios del Cauca; hay 44 personas afectadas en Guapi - elpais.com.co", "url": "https://news.google.com/rss/articles/CBMiywFBVV95cUxQR19Kc1lOT1VlZUtHNkU0MDVnSmVhRDFwWExTWE9WcnFsQ1hFSjZMSmtrdjhpMFFHYjFsbUVNdFUxRjljM3d5WnhWNkl1SUN6ckZ1N0I2SWxZOEhxLXU2czgtS1RCTTVZeTdjRXRBRnZJbTQ1TWY2Slcza0V3Vmh5STJhcC13WDUzcDEtVlRmNmo3RDc3Y2tZOWFkMGRBN3oyT3ZNZnNGN3R6Wldzd2wzNmg4NUdLMEpqVlhZaUtXcjdERUpBcGEwVzZURdIB0AFBVV95cUxQYTFzOFYwdWJFREl2dGxIV2JPTEJvbmpWOUZ1bEJhRXNZRXNsX0dzRFhFLWZFNkpkLTB4V1FLZ3ctM3Q4MlhVMmNHdzh3SXJ5Rk9DcjQ5bDFOVzU5eGIzeXk0b1RfeWFSaFRmMDJaTW5ZODN1NFJudlkxU2NYZG4xb01QVXVOQ3lzT1ZzeGlpbFBmTDQzeFd5aUlmRnRCWHpROTJkcEVXWFJzYjNJck1GNENCU0dTNnhiYk5uTEMtTVNDNVZLc0FTQW1qeFIycEQ4?oc=5"}], "dyfi_max_cdi": null, "dyfi_respuestas": null, "dyfi_celdas": 0, "dyfi_min_dist_km": null, "poblacion_2026": 29766, "cabecera_2026": 14854, "rural_2026": 14912, "poblacion_fuente": "DANE PPED municipal por área 2018-2042", "en_aoi_copernicus": false, "estado": "mencion_prensa", "busqueda_propia": true, "fuentes": ["prensa", "rud"], "unosat_edificios": null, "unosat_observados": null, "unosat_posibles": null, "unosat_fecha_imagen": null, "unosat_codigo_inconsistente": null, "sertit_edificios": null, "sertit_destruidos": null, "sertit_danados": null, "sertit_posibles": null, "sertit_sin_grado": null, "sertit_area_km2": null, "sertit_imagen_literal": null, "rud_familias": 365.0, "rud_personas": 701.0, "rud_viv_destruidas": 4.0, "rud_viv_averiadas": 373.0, "mmi_usgs": 5.4, "tasa_rud_pct": 2.355}}, {"type": "Feature", "geometry": {"type": "Point", "coordinates": [-74.992263, 5.41308]}, "properties": {"municipio": "Samaná", "departamento": "Caldas", "divipola": "17662", "requiere_depto": true, "homonimo_de_departamento": false, "n_noticias": 2, "n_prensa_recogida": 1, "noticias_ejemplo": [{"fecha": "2026-08-11T22:06:07", "medio": "Google News — Manizales", "titulo": "Tras el fuerte sismo que afectó a Caldas, municipios como Manizales, Pensilvania, Samaná, Aguadas, Marulanda y Pácora decidieron cancelar o reprogramar sus principales festivales y eventos masivos par", "url": "https://news.google.com/rss/articles/CBMi6gFBVV95cUxNMGtEVEFkQU1VOWMtY3FndHZpeDVRbGpGdnlMNWNSVkg3UndtN1R1cUZlREpNMnhTRVhybHJyWmtIQnZBQjBCWERoLVl5WFlYYkxxUVJZUkpEVHBlMllxUGEydURMTDJEWTljYTR0X0VmUE1NbVR1Y3FUenpmN29PMDBrbWJnTGwtWTRLTFNKYnRXdGN1RG0tdmRVZ2lZNFFQaTVfbjdPQ2FKNHlMSFJkajBBVUI5LWdiaDNTTTNsT09VYkhBTF81S2hXbnB5MXBzX2xORENyNzRGTGZyVlRpb0VuUm1Qam9SelE?oc=5"}, {"fecha": "2026-08-11T07:00:00", "medio": "Google News — Samaná", "titulo": "Samaná (Caldas) reporta 33 viviendas afectadas, aunque sin víctimas tras el fuerte sismo - La Patria", "url": "https://news.google.com/rss/articles/CBMiuAFBVV95cUxONG9FWXVXRXNnWWhLUjBnbW9XNHgtMVlQN3hwRU5qVnphVEFPdktxZ3Y5bzNMN2dHZ0RrSHBzelVxQmV4TGtYSFl2dW1GVTN1Ymxvc1lwWktSOHBEMl8xdzJtYXBha1RpTVJhcWp1d1l2RHJhaTJDZUNiRjloVUxSbkljWXRsc01UcWlvMmRiVXRaaHpYRDFaRFpIclMyQXZLQWNDbTkyMEY4Rnd2Y3VnYllwSnV0WHFm?oc=5"}], "dyfi_max_cdi": null, "dyfi_respuestas": null, "dyfi_celdas": 0, "dyfi_min_dist_km": null, "poblacion_2026": 21004, "cabecera_2026": 7287, "rural_2026": 13717, "poblacion_fuente": "DANE PPED municipal por área 2018-2042", "en_aoi_copernicus": false, "estado": "mencion_prensa", "busqueda_propia": true, "fuentes": ["prensa", "rud"], "unosat_edificios": null, "unosat_observados": null, "unosat_posibles": null, "unosat_fecha_imagen": null, "unosat_codigo_inconsistente": null, "sertit_edificios": null, "sertit_destruidos": null, "sertit_danados": null, "sertit_posibles": null, "sertit_sin_grado": null, "sertit_area_km2": null, "sertit_imagen_literal": null, "rud_familias": 361.0, "rud_personas": 919.0, "rud_viv_destruidas": 7.0, "rud_viv_averiadas": 269.0, "mmi_usgs": 5.0, "tasa_rud_pct": 4.3754}}, {"type": "Feature", "geometry": {"type": "Point", "coordinates": [-76.684476, 2.349686]}, "properties": {"municipio": "Timbío", "departamento": "Cauca", "divipola": "19807", "requiere_depto": true, "homonimo_de_departamento": false, "n_noticias": 0, "n_prensa_recogida": 0, "noticias_ejemplo": [], "dyfi_max_cdi": null, "dyfi_respuestas": null, "dyfi_celdas": 0, "dyfi_min_dist_km": null, "poblacion_2026": 39534, "cabecera_2026": 15712, "rural_2026": 23822, "poblacion_fuente": "DANE PPED municipal por área 2018-2042", "en_aoi_copernicus": false, "estado": "solo_rud", "busqueda_propia": true, "fuentes": ["rud"], "unosat_edificios": null, "unosat_observados": null, "unosat_posibles": null, "unosat_fecha_imagen": null, "unosat_codigo_inconsistente": null, "sertit_edificios": null, "sertit_destruidos": null, "sertit_danados": null, "sertit_posibles": null, "sertit_sin_grado": null, "sertit_area_km2": null, "sertit_imagen_literal": null, "rud_familias": 350.0, "rud_personas": 747.0, "rud_viv_destruidas": 6.0, "rud_viv_averiadas": 216.0, "mmi_usgs": 4.9, "tasa_rud_pct": 1.8895}}, {"type": "Feature", "geometry": {"type": "Point", "coordinates": [-75.605959, 4.011567]}, "properties": {"municipio": "Roncesvalles", "departamento": "Tolima", "divipola": "73622", "requiere_depto": true, "homonimo_de_departamento": false, "n_noticias": 4, "n_prensa_recogida": 46, "noticias_ejemplo": [{"fecha": "2026-09-21T18:51:09", "medio": "Google News — Chaparral", "titulo": "Sismos en Tolima: suspenden clases en escuelas de Chaparral y Roncesvalles por seguridad - Pulzo", "url": "https://news.google.com/rss/articles/CBMiywFBVV95cUxQTWxNYXRNdllhVDQwcXVSOE56ekNIRXlSaHNRNWJKSVlRbGE2LUJwUXduYTJuLVFpUEFPTEhhSWhqQzFVaXpSOXRnV2ZTbDNhQzBNdWVwOGxmUGN2dmdhd2xUZXZadV9lWWhEdGlLZGRwVnpwOVR4R2dBcmF4RXJ0Wl8wb2NrVWlGOEY0WVMyNkJBTUtXb0ZhNjJuQ3ppaGdGQ0dMVng5X0VIUmVPZTZaQTY5RVBQZmwyVC1HZnZjejRMLWFfX0JzQjQwNA?oc=5"}, {"fecha": "2026-08-13T07:00:00", "medio": "Google News — Roncesvalles", "titulo": "Sismo leve en Tolima activa alerta y medidas de prevención en Roncesvalles tras recientes movimientos sísmicos - Pulzo", "url": "https://news.google.com/rss/articles/CBMiwAFBVV95cUxPMHB1QlVsNS1nRDVxR0xrSGlkYlNVOG1YbDZTTGhJS0ZTSkZiSGhDLVAxd0R5RzFvaVlNN2NMblIwN1pGazlMRU5NeVZUeHMzRGxXMnVrTEJiX013WUlJbEsxN1RGSTBtN3lDeGZwd296THZYUUxEX1lrYzhNeE9ldDFxcjI3OThCRnBVVDd6LU5jdFpqNnNsR2REUUhaR0ZwenNrQ2tpOGd0QzRyd2UzQ1JQNVVMZ055ZXBOY0tQaEo?oc=5"}, {"fecha": "2026-08-11T07:00:00", "medio": "Google News — Roncesvalles", "titulo": "Roncesvalles, uno de los municipios más afectados por el terremoto en el Tolima - elcronista.co", "url": "https://news.google.com/rss/articles/CBMisAFBVV95cUxQZEhOZDBoazlLX0Zub3NfaDZWeDA1TnNwZ0NHc3MzcVplbjB5elU5TE96b0I5UnVsRFRrNDJpWEJVZm1icGsybjBuQkt6alB6clBLUXlqNnQwa3Z1R0QySHZCdGdvX055eElndXZhdHJUTzZJeTVZZU5tRDh1MjVRREw2VFNFNlF1cHdlbDhDUXowV2FjcndiMlNVejAzUEV3dEdaY0NiQmV2eW9VOEFiRA?oc=5"}], "dyfi_max_cdi": null, "dyfi_respuestas": null, "dyfi_celdas": 0, "dyfi_min_dist_km": null, "poblacion_2026": 5652, "cabecera_2026": 1959, "rural_2026": 3693, "poblacion_fuente": "DANE PPED municipal por área 2018-2042", "en_aoi_copernicus": false, "estado": "mencion_prensa", "busqueda_propia": true, "fuentes": ["prensa", "rud"], "unosat_edificios": null, "unosat_observados": null, "unosat_posibles": null, "unosat_fecha_imagen": null, "unosat_codigo_inconsistente": null, "sertit_edificios": null, "sertit_destruidos": null, "sertit_danados": null, "sertit_posibles": null, "sertit_sin_grado": null, "sertit_area_km2": null, "sertit_imagen_literal": null, "rud_familias": 342.0, "rud_personas": 343.0, "rud_viv_destruidas": 4.0, "rud_viv_averiadas": 109.0, "mmi_usgs": 6.0, "tasa_rud_pct": 6.0686}}, {"type": "Feature", "geometry": {"type": "Point", "coordinates": [-77.215773, 2.040998]}, "properties": {"municipio": "Balboa (Cauca)", "departamento": "Cauca", "divipola": "19075", "requiere_depto": true, "homonimo_de_departamento": false, "n_noticias": 1, "n_prensa_recogida": 5, "noticias_ejemplo": [{"fecha": "2026-09-09T01:36:24", "medio": "Google News — Balboa (Cauca)", "titulo": "Sismos pasados cerca de Balboa, Cauca, Colombia, durante August 2026 - Volcano Discovery", "url": "https://news.google.com/rss/articles/CBMiiwFBVV95cUxOWE9sMC02ZHEzU0M0MFN3SGpzQl9TbDhfTy1jX0c5cGlzZVlBbXVEcDhMZmdfeElONEE4MHRDdFJrM0dZeUZMMTNrNzJWRWVVS2hYZmtmVFNSMGN4a0lFRTVmdTRobzhjMHQxSmZIN2FLSjBMTFFld0hrdFM5OC1ZR3NHMGFVSlNKWWlr?oc=5"}], "dyfi_max_cdi": null, "dyfi_respuestas": null, "dyfi_celdas": 0, "dyfi_min_dist_km": null, "poblacion_2026": 22556, "cabecera_2026": 5506, "rural_2026": 17050, "poblacion_fuente": "DANE PPED municipal por área 2018-2042", "en_aoi_copernicus": false, "estado": "mencion_prensa", "busqueda_propia": true, "fuentes": ["prensa", "rud"], "unosat_edificios": null, "unosat_observados": null, "unosat_posibles": null, "unosat_fecha_imagen": null, "unosat_codigo_inconsistente": null, "sertit_edificios": null, "sertit_destruidos": null, "sertit_danados": null, "sertit_posibles": null, "sertit_sin_grado": null, "sertit_area_km2": null, "sertit_imagen_literal": null, "rud_familias": 338.0, "rud_personas": 934.0, "rud_viv_destruidas": 2.0, "rud_viv_averiadas": 88.0, "mmi_usgs": 4.3, "tasa_rud_pct": 4.1408}}, {"type": "Feature", "geometry": {"type": "Point", "coordinates": [-76.740684, 5.483667]}, "properties": {"municipio": "Río Quito", "departamento": "Chocó", "divipola": "27600", "requiere_depto": true, "homonimo_de_departamento": false, "n_noticias": 0, "n_prensa_recogida": 5, "noticias_ejemplo": [], "dyfi_max_cdi": null, "dyfi_respuestas": null, "dyfi_celdas": 0, "dyfi_min_dist_km": null, "poblacion_2026": 8477, "cabecera_2026": 2190, "rural_2026": 6287, "poblacion_fuente": "DANE PPED municipal por área 2018-2042", "en_aoi_copernicus": false, "estado": "solo_rud", "busqueda_propia": true, "fuentes": ["rud"], "unosat_edificios": null, "unosat_observados": null, "unosat_posibles": null, "unosat_fecha_imagen": null, "unosat_codigo_inconsistente": null, "sertit_edificios": null, "sertit_destruidos": null, "sertit_danados": null, "sertit_posibles": null, "sertit_sin_grado": null, "sertit_area_km2": null, "sertit_imagen_literal": null, "rud_familias": 325.0, "rud_personas": 937.0, "rud_viv_destruidas": 0.0, "rud_viv_averiadas": 297.0, "mmi_usgs": 6.8, "tasa_rud_pct": 11.0534}}, {"type": "Feature", "geometry": {"type": "Point", "coordinates": [-76.926279, 2.038237]}, "properties": {"municipio": "Sucre", "departamento": "Cauca", "divipola": "19785", "requiere_depto": true, "homonimo_de_departamento": true, "n_noticias": null, "n_prensa_recogida": 0, "noticias_ejemplo": [], "dyfi_max_cdi": null, "dyfi_respuestas": null, "dyfi_celdas": 0, "dyfi_min_dist_km": null, "poblacion_2026": 9826, "cabecera_2026": 1575, "rural_2026": 8251, "poblacion_fuente": "DANE PPED municipal por área 2018-2042", "en_aoi_copernicus": false, "estado": "solo_rud", "busqueda_propia": false, "fuentes": ["rud"], "unosat_edificios": null, "unosat_observados": null, "unosat_posibles": null, "unosat_fecha_imagen": null, "unosat_codigo_inconsistente": null, "sertit_edificios": null, "sertit_destruidos": null, "sertit_danados": null, "sertit_posibles": null, "sertit_sin_grado": null, "sertit_area_km2": null, "sertit_imagen_literal": null, "rud_familias": 318.0, "rud_personas": 687.0, "rud_viv_destruidas": 0.0, "rud_viv_averiadas": 3.0, "mmi_usgs": 4.4, "tasa_rud_pct": 6.9917}}, {"type": "Feature", "geometry": {"type": "Point", "coordinates": [-76.241799, 3.419793]}, "properties": {"municipio": "Pradera", "departamento": "Valle del Cauca", "divipola": "76563", "requiere_depto": true, "homonimo_de_departamento": false, "n_noticias": 0, "n_prensa_recogida": 7, "noticias_ejemplo": [], "dyfi_max_cdi": null, "dyfi_respuestas": null, "dyfi_celdas": 0, "dyfi_min_dist_km": null, "poblacion_2026": 50067, "cabecera_2026": 44163, "rural_2026": 5904, "poblacion_fuente": "DANE PPED municipal por área 2018-2042", "en_aoi_copernicus": false, "estado": "solo_rud", "busqueda_propia": true, "fuentes": ["rud"], "unosat_edificios": null, "unosat_observados": null, "unosat_posibles": null, "unosat_fecha_imagen": null, "unosat_codigo_inconsistente": null, "sertit_edificios": null, "sertit_destruidos": null, "sertit_danados": null, "sertit_posibles": null, "sertit_sin_grado": null, "sertit_area_km2": null, "sertit_imagen_literal": null, "rud_familias": 318.0, "rud_personas": 742.0, "rud_viv_destruidas": 13.0, "rud_viv_averiadas": 221.0, "mmi_usgs": 5.4, "tasa_rud_pct": 1.482}}, {"type": "Feature", "geometry": {"type": "Point", "coordinates": [-75.428739, 5.789315]}, "properties": {"municipio": "Abejorral", "departamento": "Antioquia", "divipola": "05002", "requiere_depto": true, "homonimo_de_departamento": false, "n_noticias": 0, "n_prensa_recogida": 15, "noticias_ejemplo": [], "dyfi_max_cdi": null, "dyfi_respuestas": null, "dyfi_celdas": 0, "dyfi_min_dist_km": null, "poblacion_2026": 21126, "cabecera_2026": 8520, "rural_2026": 12606, "poblacion_fuente": "DANE PPED municipal por área 2018-2042", "en_aoi_copernicus": false, "estado": "solo_rud", "busqueda_propia": true, "fuentes": ["rud"], "unosat_edificios": null, "unosat_observados": null, "unosat_posibles": null, "unosat_fecha_imagen": null, "unosat_codigo_inconsistente": null, "sertit_edificios": null, "sertit_destruidos": null, "sertit_danados": null, "sertit_posibles": null, "sertit_sin_grado": null, "sertit_area_km2": null, "sertit_imagen_literal": null, "rud_familias": 301.0, "rud_personas": 337.0, "rud_viv_destruidas": 0.0, "rud_viv_averiadas": 170.0, "mmi_usgs": 5.4, "tasa_rud_pct": 1.5952}}, {"type": "Feature", "geometry": {"type": "Point", "coordinates": [-75.459621, 5.527172]}, "properties": {"municipio": "Pácora", "departamento": "Caldas", "divipola": "17513", "requiere_depto": true, "homonimo_de_departamento": false, "n_noticias": 2, "n_prensa_recogida": 2, "noticias_ejemplo": [{"fecha": "2026-08-14T03:37:00", "medio": "Google News — Pácora", "titulo": "Daños en el Templo San José de Pácora, Caldas, por terremoto: restringen acceso y evalúan 5 casas evacuadas - La Patria", "url": "https://news.google.com/rss/articles/CBMivAFBVV95cUxQRy1RR3E5Q3dLcm1vTW41aVlvSkV0ZmRqWmNkdFp0eVMzSzZJbEhEN1J4SjhBdTlfbXRWRWhsczJZT2hIc3ZXeVdfRERxNEd6MXNFeXQ1UE1hQ2hTSlRhSmFJUlBpUjUweUdRdUlCZlZJUVpEMGZOQUJWSDI4b3FraVM5Y21pUlJmVzhMa0lCa0daZ3BzQmd5OUs5RmRUYnhnQ1E5dmgzYVg1bklJUTJxTFk3eWU5ZFd5WkxmVA?oc=5"}, {"fecha": "2026-08-11T22:06:07", "medio": "Google News — Manizales", "titulo": "Tras el fuerte sismo que afectó a Caldas, municipios como Manizales, Pensilvania, Samaná, Aguadas, Marulanda y Pácora decidieron cancelar o reprogramar sus principales festivales y eventos masivos par", "url": "https://news.google.com/rss/articles/CBMi6gFBVV95cUxNMGtEVEFkQU1VOWMtY3FndHZpeDVRbGpGdnlMNWNSVkg3UndtN1R1cUZlREpNMnhTRVhybHJyWmtIQnZBQjBCWERoLVl5WFlYYkxxUVJZUkpEVHBlMllxUGEydURMTDJEWTljYTR0X0VmUE1NbVR1Y3FUenpmN29PMDBrbWJnTGwtWTRLTFNKYnRXdGN1RG0tdmRVZ2lZNFFQaTVfbjdPQ2FKNHlMSFJkajBBVUI5LWdiaDNTTTNsT09VYkhBTF81S2hXbnB5MXBzX2xORENyNzRGTGZyVlRpb0VuUm1Qam9SelE?oc=5"}], "dyfi_max_cdi": null, "dyfi_respuestas": null, "dyfi_celdas": 0, "dyfi_min_dist_km": null, "poblacion_2026": 15657, "cabecera_2026": 8180, "rural_2026": 7477, "poblacion_fuente": "DANE PPED municipal por área 2018-2042", "en_aoi_copernicus": false, "estado": "mencion_prensa", "busqueda_propia": true, "fuentes": ["prensa", "rud"], "unosat_edificios": null, "unosat_observados": null, "unosat_posibles": null, "unosat_fecha_imagen": null, "unosat_codigo_inconsistente": null, "sertit_edificios": null, "sertit_destruidos": null, "sertit_danados": null, "sertit_posibles": null, "sertit_sin_grado": null, "sertit_area_km2": null, "sertit_imagen_literal": null, "rud_familias": 300.0, "rud_personas": 587.0, "rud_viv_destruidas": 0.0, "rud_viv_averiadas": 274.0, "mmi_usgs": 5.9, "tasa_rud_pct": 3.7491}}, {"type": "Feature", "geometry": {"type": "Point", "coordinates": [-76.458025, 3.17762]}, "properties": {"municipio": "Villa Rica", "departamento": "Cauca", "divipola": "19845", "requiere_depto": true, "homonimo_de_departamento": false, "n_noticias": 1, "n_prensa_recogida": 3, "noticias_ejemplo": [{"fecha": "2026-08-26T07:00:00", "medio": "Google News — Silvia", "titulo": "Gobernación del Cauca llegó con doce toneladas de ayudas humanitarias a familias afectadas por el sismo en Silvia, Piendamó-Tunía, Miranda y Villa Rica - Gobernacion Cauca", "url": "https://news.google.com/rss/articles/CBMiogJBVV95cUxNdG1rZHpVT3JGOXR0VXYwNEdDTzRneEhwWFVIV3ljVi04VGNoQXEzVG5LOXl0UGx0djVhTUI3M3dzS3lRZzd1aTJIbGFZRU9uS0VjM0sxVkJOTmYxUjBXNWRadDFyQzRlS1Z4ZjREMkx3RGQzckFWZkhSbGpaVDFpM1M5ajJEcnpZZ1NBYzVRc25qdTJsNlgwR1FpV0tNZGJxcEN0OHlrUXBOd0VDZkZKcWlELXI3ZnpMekVsQ2U2TGhHd0pHWV9EbjlGMktPNW10ZjFma2M3N2hKTFg2cE5oaEVnTHhIVTFIRDkyRTc5VXQ2RzRwV0xmWmRCRUlnNUM0MEhnaHdFRXFEQ202UHI1R2pIY2FoeDRkeVVkcjNIcXpTZw?oc=5"}], "dyfi_max_cdi": null, "dyfi_respuestas": null, "dyfi_celdas": 0, "dyfi_min_dist_km": null, "poblacion_2026": 23909, "cabecera_2026": 16186, "rural_2026": 7723, "poblacion_fuente": "DANE PPED municipal por área 2018-2042", "en_aoi_copernicus": false, "estado": "mencion_prensa", "busqueda_propia": true, "fuentes": ["prensa", "rud"], "unosat_edificios": null, "unosat_observados": null, "unosat_posibles": null, "unosat_fecha_imagen": null, "unosat_codigo_inconsistente": null, "sertit_edificios": null, "sertit_destruidos": null, "sertit_danados": null, "sertit_posibles": null, "sertit_sin_grado": null, "sertit_area_km2": null, "sertit_imagen_literal": null, "rud_familias": 297.0, "rud_personas": 558.0, "rud_viv_destruidas": 4.0, "rud_viv_averiadas": 111.0, "mmi_usgs": 6.3, "tasa_rud_pct": 2.3338}}, {"type": "Feature", "geometry": {"type": "Point", "coordinates": [-76.323877, 2.777834]}, "properties": {"municipio": "Jambaló", "departamento": "Cauca", "divipola": "19364", "requiere_depto": true, "homonimo_de_departamento": false, "n_noticias": 0, "n_prensa_recogida": 0, "noticias_ejemplo": [], "dyfi_max_cdi": null, "dyfi_respuestas": null, "dyfi_celdas": 0, "dyfi_min_dist_km": null, "poblacion_2026": 19492, "cabecera_2026": 1803, "rural_2026": 17689, "poblacion_fuente": "DANE PPED municipal por área 2018-2042", "en_aoi_copernicus": false, "estado": "solo_rud", "busqueda_propia": true, "fuentes": ["rud"], "unosat_edificios": null, "unosat_observados": null, "unosat_posibles": null, "unosat_fecha_imagen": null, "unosat_codigo_inconsistente": null, "sertit_edificios": null, "sertit_destruidos": null, "sertit_danados": null, "sertit_posibles": null, "sertit_sin_grado": null, "sertit_area_km2": null, "sertit_imagen_literal": null, "rud_familias": 292.0, "rud_personas": 986.0, "rud_viv_destruidas": 2.0, "rud_viv_averiadas": 268.0, "mmi_usgs": 5.2, "tasa_rud_pct": 5.0585}}, {"type": "Feature", "geometry": {"type": "Point", "coordinates": [-75.480074, 3.914146]}, "properties": {"municipio": "San Antonio", "departamento": "Tolima", "divipola": "73675", "requiere_depto": true, "homonimo_de_departamento": false, "n_noticias": 1, "n_prensa_recogida": 25, "noticias_ejemplo": [{"fecha": "2026-08-10T18:04:54", "medio": "Google News — Roncesvalles", "titulo": "Sismo golpea las vías del sur del Tolima: cerrado el paso entre Payarrica – San Antonio - vozdelpueblo920am.com", "url": "https://news.google.com/rss/articles/CBMitgFBVV95cUxPZldZWDNtdWhxN0N5QmlqV3VGT2V4QVpsVG55Zm95TW1nZXNselNMdTNETFV0Rko1YXR2RERYdnpROFctS3ZkZ1Ixc1pfV3ZReDV3T1RWYk0zc3htbWRESmRSeXNUMjMweWZpZ2g4c1lpV0FSTlg4T1EtbVE3WGFRQnZWNDQtUW1wazE5UXpMRzUzcERaZHpNRV95MHJXNVAzcV9mQTN1MTNoRzlaM2hoU0MxQ1JRZw?oc=5"}], "dyfi_max_cdi": null, "dyfi_respuestas": null, "dyfi_celdas": 0, "dyfi_min_dist_km": null, "poblacion_2026": 13351, "cabecera_2026": 4583, "rural_2026": 8768, "poblacion_fuente": "DANE PPED municipal por área 2018-2042", "en_aoi_copernicus": false, "estado": "mencion_prensa", "busqueda_propia": true, "fuentes": ["prensa", "rud"], "unosat_edificios": null, "unosat_observados": null, "unosat_posibles": null, "unosat_fecha_imagen": null, "unosat_codigo_inconsistente": null, "sertit_edificios": null, "sertit_destruidos": null, "sertit_danados": null, "sertit_posibles": null, "sertit_sin_grado": null, "sertit_area_km2": null, "sertit_imagen_literal": null, "rud_familias": 289.0, "rud_personas": 735.0, "rud_viv_destruidas": 6.0, "rud_viv_averiadas": 161.0, "mmi_usgs": 5.6, "tasa_rud_pct": 5.5052}}, {"type": "Feature", "geometry": {"type": "Point", "coordinates": [-76.740336, 2.260941]}, "properties": {"municipio": "Rosas", "departamento": "Cauca", "divipola": "19622", "requiere_depto": true, "homonimo_de_departamento": false, "n_noticias": 2, "n_prensa_recogida": 14, "noticias_ejemplo": [{"fecha": "2026-08-14T17:36:33", "medio": "Google News — El País Cali", "titulo": "Rosas aplaza sus Ferias y Fiestas de Verano 2026 por afectaciones del terremoto y la emergencia sanitaria en el Cauca - elpais.com.co", "url": "https://news.google.com/rss/articles/CBMi9AFBVV95cUxQS2RYS0k4SnZxVmVBYzZpVUJ0VXk0YzYwNHpwekQ4ZWYxY3haQXVBeUJvZEs3WFpmQmwyU2hSM2NBMVZpajBiRWg3eHpUcTJwbVJkY3hJRU91andPOU9vTEZzRUhndHpZSkpfTkx3RWtRRmhGWnI2eXp4eklzQ1FSM2hKbUs3aDFzdDhUOE5od0JlNjk4bndRLXItcV9GVUpESmVKQUNqaktlY2xZdzg1NWNxM3dMQ1VYVnVOdmhiVlhDcW1ZQjdZUHd1emliYllBN0I4ai1iUDV1TnNVelhQNW5NS3E0VndiNXkzM09sdzZ0YnNZ0gH6AUFVX3lxTFBnV2thMnZJTFA0TFZwVXNpakJSa1c5LUY2SENsT3FwTFB4RWRZeUNmZ3UzZUxFdUJHakhOQ1NXYUtKeVA2c1NhQmhERHd1dmY4SWFIWEpTWkZmVjNZdGMxb1Nnc2N1akJFZUdua3F4SFRaMmlTRDRzNFhUWVRPTUczaFhKejZaZHFmd2Q0bk5wcm9ZZjluNldnNDBfRm9jTmRKdHR0TjFJdWFQWFIxenBETHdQblJ4SzBtNmVlNFp4ajZXRkdKRE53YWI1cW9TS2VlRnpkRzE2TEtXNlQ0aUhtM29YV2JOZEZlaHc1VlZPRVkxMzlWWkJLWkE?oc=5"}, {"fecha": "2026-08-14T13:53:29", "medio": "Google News — Rosas", "titulo": "Rosas, Cauca aplaza sus Ferias y Fiestas de Verano 2026 tras el terremoto y la alerta roja en salud - :.Periodicovirtual.com.:", "url": "https://news.google.com/rss/articles/CBMixwFBVV95cUxPbThRWHhRa1F1UEV3RUNEQy1SMTV1Sm45V3d3RmoyQzhGRjd1Vjkyc1pRTTRjeWxIY1dNVFBPcE1qOE12Rkd4eGt2bmFxOEpOYU9Xc2RwSE8tblBNSWdIS1BOR2tLQ05iMjhRM2pXWlNLc2VyY0haRGhYbjVNbFdlZlA5VXlFS1ZBeGl3Q1hQSDRpZjFRa0lFMlo1aHhPVmpCY2ZnQlNUQVJtSnI5d2VOd2lUMGU2aUZlMC15UXR0ejFHS2ZGeTU0?oc=5"}], "dyfi_max_cdi": null, "dyfi_respuestas": null, "dyfi_celdas": 0, "dyfi_min_dist_km": null, "poblacion_2026": 12211, "cabecera_2026": 1014, "rural_2026": 11197, "poblacion_fuente": "DANE PPED municipal por área 2018-2042", "en_aoi_copernicus": false, "estado": "mencion_prensa", "busqueda_propia": true, "fuentes": ["prensa", "rud"], "unosat_edificios": null, "unosat_observados": null, "unosat_posibles": null, "unosat_fecha_imagen": null, "unosat_codigo_inconsistente": null, "sertit_edificios": null, "sertit_destruidos": null, "sertit_danados": null, "sertit_posibles": null, "sertit_sin_grado": null, "sertit_area_km2": null, "sertit_imagen_literal": null, "rud_familias": 283.0, "rud_personas": 294.0, "rud_viv_destruidas": 0.0, "rud_viv_averiadas": 267.0, "mmi_usgs": 4.6, "tasa_rud_pct": 2.4077}}, {"type": "Feature", "geometry": {"type": "Point", "coordinates": [-75.240648, 4.239019]}, "properties": {"municipio": "Rovira", "departamento": "Tolima", "divipola": "73624", "requiere_depto": true, "homonimo_de_departamento": false, "n_noticias": 1, "n_prensa_recogida": 16, "noticias_ejemplo": [{"fecha": "2026-09-20T18:59:09", "medio": "Google News — Rovira", "titulo": "Últimos sismos y temblores en o cerca de Municipio de Rovira, Tolima, Colombia, en los últimos 30 días - Volcano Discovery", "url": "https://news.google.com/rss/articles/CBMiekFVX3lxTFA3c3FBWTVXVWZxcGd1eG5qTlI2dWJ3UE1OWm5BelBuLUR0bi1EcWltZjdhWnJJNG9jTm9ueU9FcmFsUzlETlgxOEZHQkZRbWY0QTRReXFrWUt3cnZGMTZZbjQzSW5sXzV6aHBibzVFUEVBZW8xa2VyRV93?oc=5"}], "dyfi_max_cdi": null, "dyfi_respuestas": null, "dyfi_celdas": 0, "dyfi_min_dist_km": null, "poblacion_2026": 22391, "cabecera_2026": 10656, "rural_2026": 11735, "poblacion_fuente": "DANE PPED municipal por área 2018-2042", "en_aoi_copernicus": false, "estado": "mencion_prensa", "busqueda_propia": true, "fuentes": ["prensa", "rud"], "unosat_edificios": null, "unosat_observados": null, "unosat_posibles": null, "unosat_fecha_imagen": null, "unosat_codigo_inconsistente": null, "sertit_edificios": null, "sertit_destruidos": null, "sertit_danados": null, "sertit_posibles": null, "sertit_sin_grado": null, "sertit_area_km2": null, "sertit_imagen_literal": null, "rud_familias": 277.0, "rud_personas": 734.0, "rud_viv_destruidas": 5.0, "rud_viv_averiadas": 52.0, "mmi_usgs": 5.4, "tasa_rud_pct": 3.2781}}, {"type": "Feature", "geometry": {"type": "Point", "coordinates": [-76.417673, 3.233254]}, "properties": {"municipio": "Puerto Tejada", "departamento": "Cauca", "divipola": "19573", "requiere_depto": true, "homonimo_de_departamento": false, "n_noticias": 1, "n_prensa_recogida": 3, "noticias_ejemplo": [{"fecha": "2026-09-18T14:59:09", "medio": "Google News — Guachené", "titulo": "Sismos en o cerca de Puerto Tejada, Cauca, Colombia: Terremotos hoy y últimos 30 días - Volcano Discovery", "url": "https://news.google.com/rss/articles/CBMiggFBVV95cUxNVTJIZklXVk9TUkxraHFBNGxGRWhORXp5cV9VTkhEZElGQTU4WWVKUmxCcmNqNl9EcWxpcFAwTUptTmlqTjdvX1dQQXAwSk00UjNBQVVDazN4OGgxTjBrRHJDYW1LTjgxWkhESXNFNWF0YmoxYldWSU15VWgyc2lJbWhB?oc=5"}], "dyfi_max_cdi": null, "dyfi_respuestas": null, "dyfi_celdas": 0, "dyfi_min_dist_km": null, "poblacion_2026": 43709, "cabecera_2026": 37405, "rural_2026": 6304, "poblacion_fuente": "DANE PPED municipal por área 2018-2042", "en_aoi_copernicus": false, "estado": "mencion_prensa", "busqueda_propia": true, "fuentes": ["prensa", "rud"], "unosat_edificios": null, "unosat_observados": null, "unosat_posibles": null, "unosat_fecha_imagen": null, "unosat_codigo_inconsistente": null, "sertit_edificios": null, "sertit_destruidos": null, "sertit_danados": null, "sertit_posibles": null, "sertit_sin_grado": null, "sertit_area_km2": null, "sertit_imagen_literal": null, "rud_familias": 276.0, "rud_personas": 393.0, "rud_viv_destruidas": 4.0, "rud_viv_averiadas": 241.0, "mmi_usgs": 6.0, "tasa_rud_pct": 0.8991}}, {"type": "Feature", "geometry": {"type": "Point", "coordinates": [-76.778771, 2.001803]}, "properties": {"municipio": "La Vega", "departamento": "Cauca", "divipola": "19397", "requiere_depto": true, "homonimo_de_departamento": false, "n_noticias": 0, "n_prensa_recogida": 15, "noticias_ejemplo": [], "dyfi_max_cdi": null, "dyfi_respuestas": null, "dyfi_celdas": 0, "dyfi_min_dist_km": null, "poblacion_2026": 24376, "cabecera_2026": 689, "rural_2026": 23687, "poblacion_fuente": "DANE PPED municipal por área 2018-2042", "en_aoi_copernicus": false, "estado": "solo_rud", "busqueda_propia": true, "fuentes": ["rud"], "unosat_edificios": null, "unosat_observados": null, "unosat_posibles": null, "unosat_fecha_imagen": null, "unosat_codigo_inconsistente": null, "sertit_edificios": null, "sertit_destruidos": null, "sertit_danados": null, "sertit_posibles": null, "sertit_sin_grado": null, "sertit_area_km2": null, "sertit_imagen_literal": null, "rud_familias": 270.0, "rud_personas": 349.0, "rud_viv_destruidas": 2.0, "rud_viv_averiadas": 267.0, "mmi_usgs": 4.3, "tasa_rud_pct": 1.4317}}, {"type": "Feature", "geometry": {"type": "Point", "coordinates": [-76.311972, 3.684229]}, "properties": {"municipio": "El Cerrito", "departamento": "Valle del Cauca", "divipola": "76248", "requiere_depto": true, "homonimo_de_departamento": false, "n_noticias": 0, "n_prensa_recogida": 9, "noticias_ejemplo": [], "dyfi_max_cdi": null, "dyfi_respuestas": null, "dyfi_celdas": 0, "dyfi_min_dist_km": null, "poblacion_2026": 56397, "cabecera_2026": 37017, "rural_2026": 19380, "poblacion_fuente": "DANE PPED municipal por área 2018-2042", "en_aoi_copernicus": false, "estado": "solo_rud", "busqueda_propia": true, "fuentes": ["rud"], "unosat_edificios": null, "unosat_observados": null, "unosat_posibles": null, "unosat_fecha_imagen": null, "unosat_codigo_inconsistente": null, "sertit_edificios": null, "sertit_destruidos": null, "sertit_danados": null, "sertit_posibles": null, "sertit_sin_grado": null, "sertit_area_km2": null, "sertit_imagen_literal": null, "rud_familias": 262.0, "rud_personas": 537.0, "rud_viv_destruidas": 1.0, "rud_viv_averiadas": 89.0, "mmi_usgs": 6.3, "tasa_rud_pct": 0.9522}}, {"type": "Feature", "geometry": {"type": "Point", "coordinates": [-76.607619, 5.371373]}, "properties": {"municipio": "Cértegui", "departamento": "Chocó", "divipola": "27160", "requiere_depto": true, "homonimo_de_departamento": false, "n_noticias": 0, "n_prensa_recogida": 0, "noticias_ejemplo": [], "dyfi_max_cdi": null, "dyfi_respuestas": null, "dyfi_celdas": 0, "dyfi_min_dist_km": null, "poblacion_2026": 6063, "cabecera_2026": 3455, "rural_2026": 2608, "poblacion_fuente": "DANE PPED municipal por área 2018-2042", "en_aoi_copernicus": false, "estado": "solo_rud", "busqueda_propia": true, "fuentes": ["rud"], "unosat_edificios": null, "unosat_observados": null, "unosat_posibles": null, "unosat_fecha_imagen": null, "unosat_codigo_inconsistente": null, "sertit_edificios": null, "sertit_destruidos": null, "sertit_danados": null, "sertit_posibles": null, "sertit_sin_grado": null, "sertit_area_km2": null, "sertit_imagen_literal": null, "rud_familias": 261.0, "rud_personas": 398.0, "rud_viv_destruidas": 0.0, "rud_viv_averiadas": 1.0, "mmi_usgs": 6.9, "tasa_rud_pct": 6.5644}}, {"type": "Feature", "geometry": {"type": "Point", "coordinates": [-76.726844, 5.335321]}, "properties": {"municipio": "El Cantón del San Pablo", "departamento": "Chocó", "divipola": "27135", "requiere_depto": true, "homonimo_de_departamento": false, "n_noticias": 1, "n_prensa_recogida": 2, "noticias_ejemplo": [{"fecha": "2026-09-21T10:30:02", "medio": "Google News — El Cantón del San Pablo", "titulo": "Sismos en o cerca de El Canton del San Pablo, del Choco, Colombia: Terremotos hoy y últimos 30 días - Volcano Discovery", "url": "https://news.google.com/rss/articles/CBMihgFBVV95cUxQekY1UnMzRFRPVTkxbWxaQkFVR1BOc0prY0hmZnFJaEtZWHJFcTlvYUQ0VUppSTBxVFFkbWpKUDUwNFMwX01jZkE5QkF3aEpMNGRibEt1WWlMbUtYd0tQZXlvdFlVYnhGNEVCTEhNaERNVzV5clFMZmdxM1ljc3daV0I4dkpzdw?oc=5"}], "dyfi_max_cdi": null, "dyfi_respuestas": null, "dyfi_celdas": 0, "dyfi_min_dist_km": null, "poblacion_2026": 6585, "cabecera_2026": 2956, "rural_2026": 3629, "poblacion_fuente": "DANE PPED municipal por área 2018-2042", "en_aoi_copernicus": false, "estado": "mencion_prensa", "busqueda_propia": true, "fuentes": ["prensa", "rud"], "unosat_edificios": null, "unosat_observados": null, "unosat_posibles": null, "unosat_fecha_imagen": null, "unosat_codigo_inconsistente": null, "sertit_edificios": null, "sertit_destruidos": null, "sertit_danados": null, "sertit_posibles": null, "sertit_sin_grado": null, "sertit_area_km2": null, "sertit_imagen_literal": null, "rud_familias": 250.0, "rud_personas": 680.0, "rud_viv_destruidas": 7.0, "rud_viv_averiadas": 1.0, "mmi_usgs": 6.8, "tasa_rud_pct": 10.3265}}, {"type": "Feature", "geometry": {"type": "Point", "coordinates": [-76.313265, 3.220984]}, "properties": {"municipio": "Padilla", "departamento": "Cauca", "divipola": "19513", "requiere_depto": true, "homonimo_de_departamento": false, "n_noticias": 0, "n_prensa_recogida": 13, "noticias_ejemplo": [], "dyfi_max_cdi": null, "dyfi_respuestas": null, "dyfi_celdas": 0, "dyfi_min_dist_km": null, "poblacion_2026": 10622, "cabecera_2026": 4655, "rural_2026": 5967, "poblacion_fuente": "DANE PPED municipal por área 2018-2042", "en_aoi_copernicus": false, "estado": "solo_rud", "busqueda_propia": true, "fuentes": ["rud"], "unosat_edificios": null, "unosat_observados": null, "unosat_posibles": null, "unosat_fecha_imagen": null, "unosat_codigo_inconsistente": null, "sertit_edificios": null, "sertit_destruidos": null, "sertit_danados": null, "sertit_posibles": null, "sertit_sin_grado": null, "sertit_area_km2": null, "sertit_imagen_literal": null, "rud_familias": 245.0, "rud_personas": 285.0, "rud_viv_destruidas": 2.0, "rud_viv_averiadas": 100.0, "mmi_usgs": 6.0, "tasa_rud_pct": 2.6831}}, {"type": "Feature", "geometry": {"type": "Point", "coordinates": [-75.431971, 4.438812]}, "properties": {"municipio": "Cajamarca", "departamento": "Tolima", "divipola": "73124", "requiere_depto": true, "homonimo_de_departamento": false, "n_noticias": 2, "n_prensa_recogida": 23, "noticias_ejemplo": [{"fecha": "2026-08-14T13:17:38", "medio": "Google News — Cajamarca", "titulo": "Tolima reporta 31 vías rurales afectadas tras el sismo, pero descarta cierres en Cajamarca y Fresno - vozdelpueblo920am.com", "url": "https://news.google.com/rss/articles/CBMiyAFBVV95cUxPMDRGdkJPUEwyS0NSY3VfYWk4Y0FuVS1meGtGV0VDWnhQRXBmNktYS1VGTFlrQWNnWFptTmI3dGloRW9ucmxQSllCbkFlRTc4T0VuT3VLZWpRdW9vQUtCMEo5cDhKMzh1c1EzcFhVZ1dKLUJfT3o0ajNydnByemRYT1BXRzBHWlBaOVlmS3pkVS1JZDMtekpRRmUxZ05yWWl5eG5zRzBaT0V6U2xKRktwUkROaTZRaDNldE9LcEJ1RGtaQlR5UlVvcg?oc=5"}, {"fecha": "2026-08-12T10:17:03", "medio": "Google News — San Luis", "titulo": "Fresno-Manizales sigue cerrada tras el sismo: Tolima habilita ruta Ibagué-Cajamarca-Armenia como alternativa - vozdelpueblo920am.com", "url": "https://news.google.com/rss/articles/CBMi1AFBVV95cUxQc3Buem1qVWhFcjFKWTBxS3JBYk83a1lTeW13bVlCdVduWmstV2U5aUVXdWFvVWxrekNUX1BldTNkT01vY0ZOcXFveEd1b0FzeXNNVlpnTW84RW9Ucjd5UHRUZEp2WFhDRWxiYk4zZG1aamQwVTNlRUlPQ0VySWtyUHREWUlkS3h3Uzd0NktuN1RDYW84dWxKWFFBNjJtaElUamlzSUpXY3IzSi1FallOM2lGbEtweGJsM2JfTFFVbmpId2ljWk1SZnIyaGk3dVR1S3l1dg?oc=5"}], "dyfi_max_cdi": null, "dyfi_respuestas": null, "dyfi_celdas": 0, "dyfi_min_dist_km": null, "poblacion_2026": 18927, "cabecera_2026": 9878, "rural_2026": 9049, "poblacion_fuente": "DANE PPED municipal por área 2018-2042", "en_aoi_copernicus": false, "estado": "mencion_prensa", "busqueda_propia": true, "fuentes": ["prensa", "rud"], "unosat_edificios": null, "unosat_observados": null, "unosat_posibles": null, "unosat_fecha_imagen": null, "unosat_codigo_inconsistente": null, "sertit_edificios": null, "sertit_destruidos": null, "sertit_danados": null, "sertit_posibles": null, "sertit_sin_grado": null, "sertit_area_km2": null, "sertit_imagen_literal": null, "rud_familias": 239.0, "rud_personas": 609.0, "rud_viv_destruidas": 11.0, "rud_viv_averiadas": 119.0, "mmi_usgs": 5.8, "tasa_rud_pct": 3.2176}}, {"type": "Feature", "geometry": {"type": "Point", "coordinates": [-75.309596, 5.714851]}, "properties": {"municipio": "Sonsón", "departamento": "Antioquia", "divipola": "05756", "requiere_depto": true, "homonimo_de_departamento": false, "n_noticias": 1, "n_prensa_recogida": 4, "noticias_ejemplo": [{"fecha": "2026-09-17T15:09:42", "medio": "Google News — Sonsón", "titulo": "Sismos cerca de Sonson, Antioquia, Colombia: Terremotos hoy y últimos 30 días - VolcanoDiscovery", "url": "https://news.google.com/rss/articles/CBMi2AFBVV95cUxNX3JmWHJIMVZuLVlXbTV0YnJNYlhPUmU5U0hDMnl1dXFUVkVfaV8yTDlKekJTUWtNZFp0QVBMUjZpLXIyZVNuWkZjV0VzQm9BUTBtN0pLbUtoTmJoTkxfWGg5a2xleUtTY1dNYWZWZGVwSDlnUDlSTFdZSFJBNXlPNDZPYWpBU3VIcG1pNi14X0h0ZENCZ2szTnNseXdoVXV0NlRTc242dmhPZzdrNzREejZnRkJSaVlmSGNKUldWb3cwem43QUllcE9tVGV5RF9SSFpzem8ydXI?oc=5"}], "dyfi_max_cdi": null, "dyfi_respuestas": null, "dyfi_celdas": 0, "dyfi_min_dist_km": null, "poblacion_2026": 35750, "cabecera_2026": 17640, "rural_2026": 18110, "poblacion_fuente": "DANE PPED municipal por área 2018-2042", "en_aoi_copernicus": false, "estado": "mencion_prensa", "busqueda_propia": true, "fuentes": ["prensa", "rud"], "unosat_edificios": null, "unosat_observados": null, "unosat_posibles": null, "unosat_fecha_imagen": null, "unosat_codigo_inconsistente": null, "sertit_edificios": null, "sertit_destruidos": null, "sertit_danados": null, "sertit_posibles": null, "sertit_sin_grado": null, "sertit_area_km2": null, "sertit_imagen_literal": null, "rud_familias": 236.0, "rud_personas": 472.0, "rud_viv_destruidas": 1.0, "rud_viv_averiadas": 100.0, "mmi_usgs": 5.4, "tasa_rud_pct": 1.3203}}, {"type": "Feature", "geometry": {"type": "Point", "coordinates": [-76.261866, 3.173854]}, "properties": {"municipio": "Corinto", "departamento": "Cauca", "divipola": "19212", "requiere_depto": true, "homonimo_de_departamento": false, "n_noticias": 0, "n_prensa_recogida": 4, "noticias_ejemplo": [], "dyfi_max_cdi": null, "dyfi_respuestas": null, "dyfi_celdas": 0, "dyfi_min_dist_km": null, "poblacion_2026": 27500, "cabecera_2026": 13340, "rural_2026": 14160, "poblacion_fuente": "DANE PPED municipal por área 2018-2042", "en_aoi_copernicus": false, "estado": "solo_rud", "busqueda_propia": true, "fuentes": ["rud"], "unosat_edificios": null, "unosat_observados": null, "unosat_posibles": null, "unosat_fecha_imagen": null, "unosat_codigo_inconsistente": null, "sertit_edificios": null, "sertit_destruidos": null, "sertit_danados": null, "sertit_posibles": null, "sertit_sin_grado": null, "sertit_area_km2": null, "sertit_imagen_literal": null, "rud_familias": 234.0, "rud_personas": 581.0, "rud_viv_destruidas": 12.0, "rud_viv_averiadas": 176.0, "mmi_usgs": 5.8, "tasa_rud_pct": 2.1127}}, {"type": "Feature", "geometry": {"type": "Point", "coordinates": [-76.021509, 5.850273]}, "properties": {"municipio": "Ciudad Bolívar", "departamento": "Antioquia", "divipola": "05101", "requiere_depto": true, "homonimo_de_departamento": false, "n_noticias": 6, "n_prensa_recogida": 34, "noticias_ejemplo": [{"fecha": "2026-09-25T20:57:10", "medio": "Google News — Ciudad Bolívar", "titulo": "En Ciudad Bolívar, Antioquia, sector privado y Gobierno nacional entregan primera de 1.057 viviendas cafeteras proyectadas para hogares afectados por el sismo - Minvivienda", "url": "https://news.google.com/rss/articles/CBMimwJBVV95cUxPRkZOclpBZ0diUmM4QmxJR2NWOFRwZEtITUJWb1pkbVd0VnJHdGpWY0I0T3lJaWxvOTFyTTAtTzFZZzNVdWFEX1RCNEV6QTVQZ3lQTDFFZm1fcFpmLXI2SFRNbTM5NC1wVlVVZmM0cTZ1TDB3QXZmZ0ZBTDB5TzkwZWFXc1M5VHR5NVcyZ09vbTlHSWVYb2dPMlJYVjBWZ2I0SkdUb1pLamVYVVp3bE1MOEc0UDlmdlRfMlZqc211NHdKM0xtVUQtMVd3X2xKQ0tPcHRJWUVoLWhBX19BbnVIOENTSWRITmN0clNZRV9aUVN5dHBfRVptRGZld1YxRmtQNk5GY0FsVmlpeHRfaGVxaENKMkNhMnV1SHZn?oc=5"}, {"fecha": "2026-09-24T19:02:23", "medio": "Google News — Ciudad Bolívar", "titulo": "Alianza con el sector privado permitió entrega de vivienda rural reconstruida tras el sismo en Ciudad Bolívar - Gobernación de Antioquia", "url": "https://news.google.com/rss/articles/CBMi9wFBVV95cUxOdnZjQXVyMmlWeWl5VGhveVVmZzl6OGRLZDg4M20zcVdIT0kxdEg1NXp1THZWeEpDR3pZM1p6UEcydXY0UVpHN2VrUm1oS1hzd2t1d0V5WFRZcmd4Ujl3Z2JtSEllUmk2Zk9LZzBKX0RhN0pZNjVjSzl2VkhicWg5U0hLLW1LdWRrblVRMi1UdHNGd2twV2hLaGNsUml0eGV2aFJiNFlRcGRIajJTSjZLMGdzdzBqRzBxd2RfbU1KOTJHYVNQSXJUZ1BMMHZDQXBXU0FOM2czV3RPaHY2cmFUNmx3cjJxOERhWEt2THBSaUMyWWM1b2tF?oc=5"}, {"fecha": "2026-09-02T19:41:11", "medio": "Google News — Ciudad Bolívar", "titulo": "Inicia la reconstrucción de las primeras viviendas colapsadas por el sismo en Ciudad Bolívar con materiales entregados por VIVA - Gobernación de Antioquia", "url": "https://news.google.com/rss/articles/CBMijwJBVV95cUxONm9hcFpfQ2ZyV3N6dnRVOGdRb19OdUUyUUhnZFYzMndPWmRfR0FMWHNzVWZDNHg3cF9ZZUo0TDV0OTRIZFJZdWpOMnVuRHlmb3hLZ1BFV1pVOFFKa2Z6RW1TeTNWdWlQY251QndNZmtmVVAzaUhuUzVjTFM0bTlBOVhQNjRWTmstaG9BLW1zYVBySWM1TXB2cWp4NDNPMC1vRlkzX195dlF0bktITnVwd2dEMVpOaGh3ZEl4emI3UklCVk9aUnBNeThIMG53aWNWLW1zMUJsRDlaMWNPOTJyWU5Ec2U2WWVpa0RjM1FiY1dwUG1Jbkt1eFVDS0s0SDdhV2lBNV9sU2pnZUFJNzFN?oc=5"}], "dyfi_max_cdi": null, "dyfi_respuestas": null, "dyfi_celdas": 0, "dyfi_min_dist_km": null, "poblacion_2026": 27720, "cabecera_2026": 17192, "rural_2026": 10528, "poblacion_fuente": "DANE PPED municipal por área 2018-2042", "en_aoi_copernicus": false, "estado": "mencion_prensa", "busqueda_propia": true, "fuentes": ["prensa", "rud"], "unosat_edificios": null, "unosat_observados": null, "unosat_posibles": null, "unosat_fecha_imagen": null, "unosat_codigo_inconsistente": null, "sertit_edificios": null, "sertit_destruidos": null, "sertit_danados": null, "sertit_posibles": null, "sertit_sin_grado": null, "sertit_area_km2": null, "sertit_imagen_literal": null, "rud_familias": 230.0, "rud_personas": 605.0, "rud_viv_destruidas": 3.0, "rud_viv_averiadas": 131.0, "mmi_usgs": 5.3, "tasa_rud_pct": 2.1825}}, {"type": "Feature", "geometry": {"type": "Point", "coordinates": [-75.644069, 3.529932]}, "properties": {"municipio": "Rioblanco", "departamento": "Tolima", "divipola": "73616", "requiere_depto": true, "homonimo_de_departamento": false, "n_noticias": 4, "n_prensa_recogida": 11, "noticias_ejemplo": [{"fecha": "2026-09-24T17:25:04", "medio": "Google News (agregador es-CO)", "titulo": "Terremoto moderado mag. 4.6 - 22 km al noroeste de Rioblanco, Tolima, Colombia, Thursday 24 Sep 2026 a las 11:46 (Hora Bogota) - Volcano Discovery", "url": "https://news.google.com/rss/articles/CBMi1gFBVV95cUxNbEpDb1h4NDVUblpLdWVQbEoycE5hRjJQWlVGMTdZU1pBMUVHT0YxVUlKUmh3dXUwZ1dEc09XdEE2eEw5NUJNTURNMUNYZUg1V1pndkpLS0JrU2FsLVJoOHhJWWVpZDFUWnJrX1JZeXc2amM5aC1zOEh3dldXTmZsLW9scWNGUFI4YXhLUklfWVZhOUpHRmpUVFJrZ1pVWUVGQXNVRkhJMFk3VlZ4RnJ1aE9uN3d4Z3M5MXZGVjFELWUzNmFKNVhNeDgzbUV2OWIyeWJyM1V3?oc=5"}, {"fecha": "2026-09-23T05:18:06", "medio": "Google News — Rioblanco", "titulo": "Moderado sismo de magnitud 4.4 sacude la zona de Rioblanco (Tolima) - Volcano Discovery", "url": "https://news.google.com/rss/articles/CBMi5gFBVV95cUxOMEM2TUozTURzTXc1QTlaTV9HZFlLblJ4N284ZHYwT1JXck1Eem9uSmhjbXM1Y1VCNDVLdHlvVmhlUE9mUno5UUhiQWw3UGdGb0U0UVVTVXdEaUpGWjRycGZkVDU0MkloTjhqaW9VelJ0S2Q0QVMwbDAybnkwUnl3d056UW5TVjdSUFFBU3lmOWFnMjdneHBaTk5vbVRYXzM5Y0lOWV9MZ3JtWHVDYW1IYlpQSGlXVGFiZFdkQzU0eUV3M1Y0U01MOU55UlkzUmtMR3FiUjcyNFRUd2Zva29YWTZkTmphQQ?oc=5"}, {"fecha": "2026-09-23T05:18:06", "medio": "Google News — Ibagué", "titulo": "Moderado sismo de magnitud 4.4 sacude la zona de Rioblanco (Tolima) - Volcano Discovery", "url": "https://news.google.com/rss/articles/CBMiyAFBVV95cUxPSjZCbW1mZDFhVk9GN0ZPQlF4S3gyOW1xQmVFbjRIV0VpXzBKVFhwdHpRb2F4ZTlfQ0VLMndjS2ZWWWxwTThVSWYwdFRkQ2lSMEhra3pnMV9OYXFMR211VVdfY3lkYlBfUVBEcnA2aENKeFFIOU9yekNLcHVUN1pVOXloaHU2NERVbXlhaFhzVi04TDdzTXpRcWk4cWFLRlhVV1VkODEzRDlQa3EtbDUzUm1NWWdvVW1SMk52NFBwUUY4ajlfYk5Reg?oc=5"}], "dyfi_max_cdi": null, "dyfi_respuestas": null, "dyfi_celdas": 0, "dyfi_min_dist_km": null, "poblacion_2026": 24152, "cabecera_2026": 4520, "rural_2026": 19632, "poblacion_fuente": "DANE PPED municipal por área 2018-2042", "en_aoi_copernicus": false, "estado": "mencion_prensa", "busqueda_propia": true, "fuentes": ["prensa", "rud"], "unosat_edificios": null, "unosat_observados": null, "unosat_posibles": null, "unosat_fecha_imagen": null, "unosat_codigo_inconsistente": null, "sertit_edificios": null, "sertit_destruidos": null, "sertit_danados": null, "sertit_posibles": null, "sertit_sin_grado": null, "sertit_area_km2": null, "sertit_imagen_literal": null, "rud_familias": 212.0, "rud_personas": 460.0, "rud_viv_destruidas": 3.0, "rud_viv_averiadas": 196.0, "mmi_usgs": 5.5, "tasa_rud_pct": 1.9046}}, {"type": "Feature", "geometry": {"type": "Point", "coordinates": [-75.643868, 5.54853]}, "properties": {"municipio": "Caramanta", "departamento": "Antioquia", "divipola": "05145", "requiere_depto": true, "homonimo_de_departamento": false, "n_noticias": 3, "n_prensa_recogida": 15, "noticias_ejemplo": [{"fecha": "2026-08-24T20:16:58", "medio": "Google News — Andes", "titulo": "Inició proceso de reconstrucción de viviendas tras el terremoto en Antioquia: Caramanta, Hispania y Betania recibieron primer cargamento de materiales - El Tiempo", "url": "https://news.google.com/rss/articles/CBMipgJBVV95cUxOMmo2NFZKOEYxMlpYUzVVTElLdXg4NlVvTC04ai1EeWJ1TXJDU0hZbnBlTUtjRVdDYmNaRjZYaXp6MjgxR3Y2TmFjeFcyOXQwbzNLUmlXeFU4b1A1dE9vaGFKQWF4UU9RYWhyd2xYTUsyMWZ0X2ZFUlBLYmhuTnQwa2o2Z055UG9TTGdlbW5YdUxZSTEzQy02bU9SNU5UMXFLZXFtVk9SeUhIRTFmOGxJMTlkX1I2NGpOQlVWUUh0cmR0NzFDTUlsRjBoSDVpXy1QUGJ5dENOeEZ0UUJWT3FLUUo3aHZJSGxFcDNHZ2NJSzlHRjlaYlU4b0M1dlU5S1A3a0hiYi1IY1dYTEN0X3hyQU5FblBEOGhoSm9UWWZ1NU1nZDlrc2fSAasCQVVfeXFMTmVXNC1oV2J5V3hyNnBZdHNFaVRNUzFXMFZ2WW5HaEQ1c3ZkcXEwdzVwbU43SE1HQmNVVU1TaVhGcnpvb3QwQng3NDBPVk1WTTYtd2ZyVnlXTUVfaGE3b0JxNlpZLVg0bk5zWjhwYy0wUXBGRFFJQ3lqdzViMkdFdUd4cXI5NjVmM3lnTUc1aHRGR3Q4cld2V0NERmJWQUNBTDRndUhGc01XOFBOVHlGUGxDOEJnSVhvYVJOMll6ZTlhSnFGNnVHQlFERXE3TlF4a0JKcDE4bEd3amtlNy1mNmhxbVl1Y3E0ODF6a29ha0dENFZlNlpETHJ3ZzRWYm14MVZ4NVBSdjNyMmxGMlNLV2xQUUk0Z09JNTNEcWlQUjh5djlsR3dnX2lnZms?oc=5"}, {"fecha": "2026-08-12T07:00:00", "medio": "Google News — Caramanta", "titulo": "Por terremoto, autoridades decretan calamidad pública y urgencia manifiesta en Caramanta, Antioquia - Blu Radio", "url": "https://news.google.com/rss/articles/CBMi3wFBVV95cUxOYWQzTXVucHRzSlRIaFFKbjZnaHpKVFMtTFU0bldPcXpYTWFtS1pEejNGZUdodzEwcWhEaGFKemQyQU9vbW5oSDlYdHFqMGdlSFdZRGJuOEFDRkxabE4yeUFfQy1KNDcyc1h4RUFvdFJ1ZGZqTE1zTHJZNVFFUDU3WXFUV3RSbTk3TXhaTVlST3R2QnRnSjBYamYtdkQzVTlYMGdGRjliLUJGcmIyQ2x2UlFnOUxPQ3pOZUFPUGRaT2JSSXR1ZFhpQTF0c1RCaEdoTUFBVTJUQ0dicDk5aHdB0gHsAUFVX3lxTE5kMlhCMWhGRDlpb2JvaVQ3ZU9tSzhWSGgtbEtQOE1tcDAzRmZDR0xmUTRSemJ1bjg5WXVXM0IwMmJuYVR6ekhvNkxtS0ZFSndFTUFvM2pzbnlZMkhjYzNXYW5fZlVHaXZQWEpHTHlDOW4xeXp3WDlObzZYenJtTWZYbE12SGRmaF96YVg4ZDFHQTdfV0F6Y3l2RzZsWnFqZnJYRFhyNzJ5VXQzSDl4RnBWU3BGRVV6anFEaUxqZnJMRTJ5cC1LNy10Ql96UVl1cVo5MFZzYnN1UVI1Nlh4b2trYkVCb05KVlN3N3hq?oc=5"}, {"fecha": "2026-08-12T07:00:00", "medio": "Google News — Caramanta", "titulo": "Caramanta, Antioquia decreta calamidad pública y urgencia manifiesta por afectaciones del terremoto - Caracol Radio", "url": "https://news.google.com/rss/articles/CBMizgFBVV95cUxQSVE2MUpwdXE4bEhnZkFWQUFZUDB3NDc3ZEhCMXlvQjFnOXFhV2JUMW0wdWZJdlRhbUtPaWVJNEU0LV9sQVFLLXdGazFyU1ZpdnM2WmJxbUpKeV9tTGU3R2RpUlE4aWtLcHBMNnh4YWZhVjYyYVRleUxBamtkVUpOZDdsYXJ5LTYzTTRZV1hKd3c3dG5mbUNNRndsM0pqTllXSUp1SldmN05wTDlqQTFONllIRC1zWmRsVDgza3piSlhodlZGMzMyZnpVTnRaUdIB4gFBVV95cUxPcktYcWs3Uy1Ham1tRmZQUnNkVU53bTZaYVd1Qk96UmJVMjU3a0pWNDRoSzFOTTVvRnlUdDMwOVU3aktocllnVDl0RFZ1WHduVEtKRDdkM2dZWDJra09ObUh3bjByS1kxWjR3TXBlS1NidmRUckJlQVgyRm10UDBPdW1XNlhLYWpaYTN2QjVQSjV4YTVObTFVZ3drQ1czUHg1WDFBMXdxU0RMVzJEeDJHSl9LOWdNSk5DcEM5ZGJLOVZERjRTR3NpOEZnUXNpOFczZlZqZlRRalJFZ3p3blBOWkdn?oc=5"}], "dyfi_max_cdi": null, "dyfi_respuestas": null, "dyfi_celdas": 0, "dyfi_min_dist_km": null, "poblacion_2026": 4444, "cabecera_2026": 2140, "rural_2026": 2304, "poblacion_fuente": "DANE PPED municipal por área 2018-2042", "en_aoi_copernicus": false, "estado": "mencion_prensa", "busqueda_propia": true, "fuentes": ["prensa", "rud"], "unosat_edificios": null, "unosat_observados": null, "unosat_posibles": null, "unosat_fecha_imagen": null, "unosat_codigo_inconsistente": null, "sertit_edificios": null, "sertit_destruidos": null, "sertit_danados": null, "sertit_posibles": null, "sertit_sin_grado": null, "sertit_area_km2": null, "sertit_imagen_literal": null, "rud_familias": 205.0, "rud_personas": 482.0, "rud_viv_destruidas": 1.0, "rud_viv_averiadas": 14.0, "mmi_usgs": 5.4, "tasa_rud_pct": 10.8461}}, {"type": "Feature", "geometry": {"type": "Point", "coordinates": [-76.228722, 3.254651]}, "properties": {"municipio": "Miranda", "departamento": "Cauca", "divipola": "19455", "requiere_depto": true, "homonimo_de_departamento": false, "n_noticias": 1, "n_prensa_recogida": 3, "noticias_ejemplo": [{"fecha": "2026-08-26T07:00:00", "medio": "Google News — Silvia", "titulo": "Gobernación del Cauca llegó con doce toneladas de ayudas humanitarias a familias afectadas por el sismo en Silvia, Piendamó-Tunía, Miranda y Villa Rica - Gobernacion Cauca", "url": "https://news.google.com/rss/articles/CBMiogJBVV95cUxNdG1rZHpVT3JGOXR0VXYwNEdDTzRneEhwWFVIV3ljVi04VGNoQXEzVG5LOXl0UGx0djVhTUI3M3dzS3lRZzd1aTJIbGFZRU9uS0VjM0sxVkJOTmYxUjBXNWRadDFyQzRlS1Z4ZjREMkx3RGQzckFWZkhSbGpaVDFpM1M5ajJEcnpZZ1NBYzVRc25qdTJsNlgwR1FpV0tNZGJxcEN0OHlrUXBOd0VDZkZKcWlELXI3ZnpMekVsQ2U2TGhHd0pHWV9EbjlGMktPNW10ZjFma2M3N2hKTFg2cE5oaEVnTHhIVTFIRDkyRTc5VXQ2RzRwV0xmWmRCRUlnNUM0MEhnaHdFRXFEQ202UHI1R2pIY2FoeDRkeVVkcjNIcXpTZw?oc=5"}], "dyfi_max_cdi": null, "dyfi_respuestas": null, "dyfi_celdas": 0, "dyfi_min_dist_km": null, "poblacion_2026": 32700, "cabecera_2026": 18447, "rural_2026": 14253, "poblacion_fuente": "DANE PPED municipal por área 2018-2042", "en_aoi_copernicus": false, "estado": "mencion_prensa", "busqueda_propia": true, "fuentes": ["prensa", "rud"], "unosat_edificios": null, "unosat_observados": null, "unosat_posibles": null, "unosat_fecha_imagen": null, "unosat_codigo_inconsistente": null, "sertit_edificios": null, "sertit_destruidos": null, "sertit_danados": null, "sertit_posibles": null, "sertit_sin_grado": null, "sertit_area_km2": null, "sertit_imagen_literal": null, "rud_familias": 204.0, "rud_personas": 205.0, "rud_viv_destruidas": 1.0, "rud_viv_averiadas": 5.0, "mmi_usgs": 5.6, "tasa_rud_pct": 0.6269}}, {"type": "Feature", "geometry": {"type": "Point", "coordinates": [-76.970798, 7.158294]}, "properties": {"municipio": "Carmen del Darién", "departamento": "Chocó", "divipola": "27150", "requiere_depto": true, "homonimo_de_departamento": false, "n_noticias": 0, "n_prensa_recogida": 1, "noticias_ejemplo": [], "dyfi_max_cdi": null, "dyfi_respuestas": null, "dyfi_celdas": 0, "dyfi_min_dist_km": null, "poblacion_2026": 21673, "cabecera_2026": 2204, "rural_2026": 19469, "poblacion_fuente": "DANE PPED municipal por área 2018-2042", "en_aoi_copernicus": false, "estado": "solo_rud", "busqueda_propia": true, "fuentes": ["rud"], "unosat_edificios": null, "unosat_observados": null, "unosat_posibles": null, "unosat_fecha_imagen": null, "unosat_codigo_inconsistente": null, "sertit_edificios": null, "sertit_destruidos": null, "sertit_danados": null, "sertit_posibles": null, "sertit_sin_grado": null, "sertit_area_km2": null, "sertit_imagen_literal": null, "rud_familias": 193.0, "rud_personas": 503.0, "rud_viv_destruidas": 0.0, "rud_viv_averiadas": 192.0, "mmi_usgs": 5.0, "tasa_rud_pct": 2.3209}}, {"type": "Feature", "geometry": {"type": "Point", "coordinates": [-76.981075, 2.115875]}, "properties": {"municipio": "Patía", "departamento": "Cauca", "divipola": "19532", "requiere_depto": true, "homonimo_de_departamento": false, "n_noticias": 0, "n_prensa_recogida": 0, "noticias_ejemplo": [], "dyfi_max_cdi": null, "dyfi_respuestas": null, "dyfi_celdas": 0, "dyfi_min_dist_km": null, "poblacion_2026": 39457, "cabecera_2026": 14070, "rural_2026": 25387, "poblacion_fuente": "DANE PPED municipal por área 2018-2042", "en_aoi_copernicus": false, "estado": "solo_rud", "busqueda_propia": true, "fuentes": ["rud"], "unosat_edificios": null, "unosat_observados": null, "unosat_posibles": null, "unosat_fecha_imagen": null, "unosat_codigo_inconsistente": null, "sertit_edificios": null, "sertit_destruidos": null, "sertit_danados": null, "sertit_posibles": null, "sertit_sin_grado": null, "sertit_area_km2": null, "sertit_imagen_literal": null, "rud_familias": 188.0, "rud_personas": 444.0, "rud_viv_destruidas": 1.0, "rud_viv_averiadas": 85.0, "mmi_usgs": 4.9, "tasa_rud_pct": 1.1253}}, {"type": "Feature", "geometry": {"type": "Point", "coordinates": [-75.14107, 5.731474]}, "properties": {"municipio": "Argelia (Antioquia)", "departamento": "Antioquia", "divipola": "05055", "requiere_depto": true, "homonimo_de_departamento": false, "n_noticias": 8, "n_prensa_recogida": 23, "noticias_ejemplo": [{"fecha": "2026-08-26T20:34:10", "medio": "Google News — Argelia (Antioquia)", "titulo": "Tres casas destechadas dejó sismo de este miércoles en Argelia, Antioquia: siguen inspecciones - Blu Radio", "url": "https://news.google.com/rss/articles/CBMi2AFBVV95cUxPM3pKWXo3MmtXZUVLcWxyUVd4TkJPdGktZWlsMjBzZFZ5OWNmS2hrNGJSSFBLRm9QZ0VSZ2xzWFRkR3VzUVVWYk5XaVV6ZkNCQXBmdE1NaVhxeDh0YWsyamR0OEs4aDJ3alFhdklidGVPd0tvOHVUQ3BOZ3hDZHF1cWFkemhGRTFEYndpeGgxaUZVSGFiZlpfOGYtSVVMN0ExSVVmaWMtNFkwUXNWT2RIZlRvbXFORDZfSWVQZ092OVo0aWNPdzkxbEdySl9odUVvMzAyQ3cwNmjSAeYBQVVfeXFMTmY2THVzbVBqUEdPRmtFUnRmVVNzRXpxZHp1NTcwUm56VllJTlhLN0FnamVGNUNHaGhPVmJvU3RJclJXTGVlVkNfZTZlWV9RdVpyTDVvT0Y2QklxLXhSRDJOTFRCZl81dWZzWi0xajVOc3BETVBCRzhRYkJYMVNDSTJsY0xTS0luVk9RMmt5ZTF4d0JHSGpWVDRiV0NtYVFEcjhHblFQVjh3OHFab0hwdUlrN0l4WklrMVNfMndDQnRZWGJDSmZlay0zX1BoYzduc1FfampzNHE2TFBISFc0dGdFbXg5dEE?oc=5"}, {"fecha": "2026-08-26T20:34:10", "medio": "Google News — Argelia (Antioquia)", "titulo": "Tres casas destechadas dejó sismo de este miércoles en Argelia, Antioquia: siguen inspecciones - Blu Radio", "url": "https://news.google.com/rss/articles/CBMi5gFBVV95cUxOZjZMdXNtUGpQR09Ga0VSdGZVU3NFenFkenU1NzBSbnpWWUlOWEs3QWdqZUY1Q0doaE9WYm9TdElyUldMZWVWQ19lNmVZX1F1WnJMNW9PRjZCSXEteFJEMk5MVEJmXzV1ZnNaLTFqNU5zcERNUEJHOFFiQlgxU0NJMmxjTFNLSW5WT1Eya3llMXh3QkdIalZUNGJXQ21hUURyOEduUVBWOHc4cVpvSHB1SWs3SXhaSWsxU18yd0NCdFlYYkNKZmVrLTNfUGhjN25zUV9qanM0cTZMUEhIVzR0Z0VteDl0QdIB5gFBVV95cUxOZjZMdXNtUGpQR09Ga0VSdGZVU3NFenFkenU1NzBSbnpWWUlOWEs3QWdqZUY1Q0doaE9WYm9TdElyUldMZWVWQ19lNmVZX1F1WnJMNW9PRjZCSXEteFJEMk5MVEJmXzV1ZnNaLTFqNU5zcERNUEJHOFFiQlgxU0NJMmxjTFNLSW5WT1Eya3llMXh3QkdIalZUNGJXQ21hUURyOEduUVBWOHc4cVpvSHB1SWs3SXhaSWsxU18yd0NCdFlYYkNKZmVrLTNfUGhjN25zUV9qanM0cTZMUEhIVzR0Z0VteDl0QQ?oc=5"}, {"fecha": "2026-08-26T20:25:57", "medio": "Google News — Argelia (Antioquia)", "titulo": "Tres casas sufrieron daños tras el sismo en Argelia, Antioquia - Caracol Radio", "url": "https://news.google.com/rss/articles/CBMinAFBVV95cUxOZU16M1c2d3R2cE1KWXN3WWZMZ0d1V05zT1o4bUIzM01sQzUtTE81LVNUWFRaU2l6THJpWGJBR0RqU3J4SzhmSTFsa183YnY2Rmc4bnEtUnQwVkpPY2dPY1RVVDQ4YjNBdzNsZ213UjU0UDZTS0ZTNVlsUGdzc21qc0xaVHNfWFFxc1RKMHlQZVpfdHdRNFdVOG1lLXjSAbABQVVfeXFMT3NXZUItVFF2N0JIYmdfakxVSlBTWXJHX1JZY3Z4c2M1RFFUeC0zOVNYSldLV0Mtcms1ZzZOY3A0aUZKOV9fMmdKRkdxdWpvX1lVNzZ5MlRCU01uaTdNenZ6dGZwNE5yeG5kczRuOW1MaHFGWkhWNzBzZkZpVjFvN3hTVV9ZVkQ0Q3pjZGd0TkEtdzhlRGwwbUVJQU5helExdEgtZmxLZXY2eU5zR1Q1blk?oc=5"}], "dyfi_max_cdi": null, "dyfi_respuestas": null, "dyfi_celdas": 0, "dyfi_min_dist_km": null, "poblacion_2026": 8242, "cabecera_2026": 3934, "rural_2026": 4308, "poblacion_fuente": "DANE PPED municipal por área 2018-2042", "en_aoi_copernicus": false, "estado": "mencion_prensa", "busqueda_propia": true, "fuentes": ["prensa", "rud"], "unosat_edificios": null, "unosat_observados": null, "unosat_posibles": null, "unosat_fecha_imagen": null, "unosat_codigo_inconsistente": null, "sertit_edificios": null, "sertit_destruidos": null, "sertit_danados": null, "sertit_posibles": null, "sertit_sin_grado": null, "sertit_area_km2": null, "sertit_imagen_literal": null, "rud_familias": 182.0, "rud_personas": 440.0, "rud_viv_destruidas": 7.0, "rud_viv_averiadas": 52.0, "mmi_usgs": 5.1, "tasa_rud_pct": 5.3385}}, {"type": "Feature", "geometry": {"type": "Point", "coordinates": [-74.968135, 4.030992]}, "properties": {"municipio": "Guamo", "departamento": "Tolima", "divipola": "73319", "requiere_depto": true, "homonimo_de_departamento": false, "n_noticias": 0, "n_prensa_recogida": 7, "noticias_ejemplo": [], "dyfi_max_cdi": null, "dyfi_respuestas": null, "dyfi_celdas": 0, "dyfi_min_dist_km": null, "poblacion_2026": 33934, "cabecera_2026": 17284, "rural_2026": 16650, "poblacion_fuente": "DANE PPED municipal por área 2018-2042", "en_aoi_copernicus": false, "estado": "solo_rud", "busqueda_propia": true, "fuentes": ["rud"], "unosat_edificios": null, "unosat_observados": null, "unosat_posibles": null, "unosat_fecha_imagen": null, "unosat_codigo_inconsistente": null, "sertit_edificios": null, "sertit_destruidos": null, "sertit_danados": null, "sertit_posibles": null, "sertit_sin_grado": null, "sertit_area_km2": null, "sertit_imagen_literal": null, "rud_familias": 174.0, "rud_personas": 316.0, "rud_viv_destruidas": 10.0, "rud_viv_averiadas": 161.0, "mmi_usgs": 5.6, "tasa_rud_pct": 0.9312}}, {"type": "Feature", "geometry": {"type": "Point", "coordinates": [-75.19425, 4.432248]}, "properties": {"municipio": "Ibagué", "departamento": "Tolima", "divipola": "73001", "requiere_depto": true, "homonimo_de_departamento": false, "n_noticias": 42, "n_prensa_recogida": 68, "noticias_ejemplo": [{"fecha": "2026-09-23T23:00:56", "medio": "Google News — Chaparral", "titulo": "Temblor de magnitud 4,5 en Chaparral, Tolima: impacto y reacción en Ibagué y Colombia - Pulzo", "url": "https://news.google.com/rss/articles/CBMiwAFBVV95cUxNYkxCSDZzNUVvVVBLSzRkaGpzUW54R3ZYemo3QW5obWlMc1Z0UHFfVlRjTUxSN2VaZHNDU2xTTWZVbGwxdDVzUE1rQ1JPal9xcHZhSHhSaXBHTFZocjNhOHc4bEpocUpqQWc0anVvSG1BTTRPcmpuUHYxTjdJTjhYMHFiay1XZ3VqZmhZbmsxRXk3UUJNV3MyOGRUaHlUb2xsX2UzdnRXUEVwTGpmaXl4OHRiX1BjbFhSemRaWVNyb3E?oc=5"}, {"fecha": "2026-09-23T21:01:15", "medio": "Google News (agregador es-CO)", "titulo": "Sismo no confirmado o evento similar a un terremoto: 46 km al sur de Ibague, Tolima, Colombia, Wednesday 23 Sep 2026 a las 15:49 (GMT -5) - Volcano Discovery", "url": "https://news.google.com/rss/articles/CBMizwFBVV95cUxOaGMxNl9qUlNRZFJHVGlVN0dfbXZQX1RmRi1QZVBRbkQ5U2VCQ3p4V1Zvb1RTNHJadEM4U1MzZllMaUFkU1RNalpLdkdrSU1hdTBzc29CSm5TbFRVbThITUFaZS1mVnBxdHlDMHRaR05saG9qWUtfV0U0U3kyWHNUVmVyVHFVV183V3R5VWVtQm9JNzBCOHUyZmpFbnh4YUNhMEhKSWZzNlVFSllxNXppTFNNdzB2bWRhUldUTVpWV005czZDT2p6dnVraUlSTWc?oc=5"}, {"fecha": "2026-09-23T20:22:03", "medio": "Google News — Chaparral", "titulo": "¡El más fuerte! Duro temblor sacudió Ibagué y el Tolima - elnuevodia.com.co", "url": "https://news.google.com/rss/articles/CBMingFBVV95cUxNTDlrbHRNZjZjYWxBdjZWVnB0aXV4bnVHZXB3a3JlZDZrRmlrc28xRWUyZEhicmxMbHNSNnZiQThwc1d3QkI0LVVfRGpxZzRGaGUtQ2ZzM0M1d19WTFVjLVpRc0xfZ3VwQjBWOFhtVlo5dVdmMHBERUVrT0t3VjJ4TzZMSHVKOWlkY0VlYkRDUzFsclNxem1IUnZCSHc2QQ?oc=5"}], "dyfi_max_cdi": 6.3, "dyfi_respuestas": 14, "dyfi_celdas": 3, "dyfi_min_dist_km": 160, "poblacion_2026": 557317, "cabecera_2026": 516862, "rural_2026": 40455, "poblacion_fuente": "DANE PPED municipal por área 2018-2042", "en_aoi_copernicus": false, "estado": "intensidad_alta", "busqueda_propia": true, "fuentes": ["prensa", "dyfi", "rud"], "unosat_edificios": null, "unosat_observados": null, "unosat_posibles": null, "unosat_fecha_imagen": null, "unosat_codigo_inconsistente": null, "sertit_edificios": null, "sertit_destruidos": null, "sertit_danados": null, "sertit_posibles": null, "sertit_sin_grado": null, "sertit_area_km2": null, "sertit_imagen_literal": null, "rud_familias": 166.0, "rud_personas": 375.0, "rud_viv_destruidas": 1.0, "rud_viv_averiadas": 39.0, "mmi_usgs": 5.0, "tasa_rud_pct": 0.0673}}, {"type": "Feature", "geometry": {"type": "Point", "coordinates": [-75.152829, 5.255699]}, "properties": {"municipio": "Manzanares", "departamento": "Caldas", "divipola": "17433", "requiere_depto": true, "homonimo_de_departamento": false, "n_noticias": 3, "n_prensa_recogida": 5, "noticias_ejemplo": [{"fecha": "2026-08-13T02:36:00", "medio": "Google News — San José", "titulo": "Bomberos informan sobre afectaciones por terremoto en Manzanares (Caldas): 38 viviendas sufrieron daños - La Patria", "url": "https://news.google.com/rss/articles/CBMitwFBVV95cUxPTVNjWk1MXzJ0QWFmR2lqWGdKZDlXSU5lTWM3WmJlSG1ydGMybkFiWkYtVXQ2TlQ1MDRheHVyM3B2dDZJekE0YnVxZGJTZTJUNXQ3VkJhdkhhamk2OTZaWFZYeG9WZ05obmR2VXA4Qmh5c0hYQ19pWE53V0FQMlVKeEFlbkxiQXc1S3hLMEpoS1FpcWV6NC1xMUhDdjMwc3BmT2wxQjdRU0I1TS1aQTY3emhwcU5yRFE?oc=5"}, {"fecha": "2026-08-12T20:09:30", "medio": "Google News — Manizales", "titulo": "La Basílica Menor San Antonio de Padua, en Manzanares (Caldas), presentó fisuras en el adoquín de una cúpula tras el terremoto de magnitud 7.4 registrado el lunes 10 de agosto, con epicentro en San Jo", "url": "https://news.google.com/rss/articles/CBMi7wFBVV95cUxOaEpFLXJzWnc0Rk9aN05UalJJbElXLUZIcEFoVzdjU3Q1dVNKcjZSRlJhTVdNTWpvbXh5Z2ZhemNBTWdiMkJpQlZycnhqUlU5bTNiYmlYS3NtUlJ1Y2RBbnZPMUYtaDBmU3Fib2ZHU1REYzZLZWpMQ2t3bDJBazJEVWlJX1h0b3JTbkFSd3FHcXZhZzFVckQ1dmNuVkFIVDBuRUpBdVJtejloUGF6Q3ZnNFdFMVVQVUljVElyNXQxcXotTUpPQlM5S19VVmxBNnozeDhROTBQSFIzWDBDYWctemY4ZzhUMkhnZUNzNXdNOA?oc=5"}, {"fecha": "2026-08-12T20:09:18", "medio": "Google News — Manzanares", "titulo": "La Patria Manizales. . La Basílica Menor San Antonio de Padua, en Manzanares (Caldas), presentó fisuras en el adoquín de una cúpula tras el terremoto de magnitud 7.4 registrado el lunes 10 de agosto, ", "url": "https://news.google.com/rss/articles/CBMi8AFBVV95cUxOSnpDVTRLdFRPS0RoRkx4eUVPSnJDRThPMDBjaHpjY2FIR1Q4bExrQ2tsbkpaeVNGek9mNVdTZjlpdzQzMG4wN3E5MjE2WTVIMjlZTDJyNjlSRXBYLWJZZGEwWmxfenNlMmtpWkpmeWU0YWY0OWNoVUl3aFZkV193V0NWRVVjclBEX29VaGRHMFFxMkVBTFg1a1V6a1RhbW1taFNPekx1eVBuNUJhaHQ2bENVQWk4MFpnNGFQLWZ3bWhielNjb3lTOWFPbXR4SnY4MTR1ME5MN0ROQTFIdVJLemdfQ1B2VkI2ekhPWWp0VXc?oc=5"}], "dyfi_max_cdi": null, "dyfi_respuestas": null, "dyfi_celdas": 0, "dyfi_min_dist_km": null, "poblacion_2026": 18310, "cabecera_2026": 11208, "rural_2026": 7102, "poblacion_fuente": "DANE PPED municipal por área 2018-2042", "en_aoi_copernicus": false, "estado": "mencion_prensa", "busqueda_propia": true, "fuentes": ["prensa", "rud"], "unosat_edificios": null, "unosat_observados": null, "unosat_posibles": null, "unosat_fecha_imagen": null, "unosat_codigo_inconsistente": null, "sertit_edificios": null, "sertit_destruidos": null, "sertit_danados": null, "sertit_posibles": null, "sertit_sin_grado": null, "sertit_area_km2": null, "sertit_imagen_literal": null, "rud_familias": 160.0, "rud_personas": 182.0, "rud_viv_destruidas": 2.0, "rud_viv_averiadas": 46.0, "mmi_usgs": 5.3, "tasa_rud_pct": 0.994}}, {"type": "Feature", "geometry": {"type": "Point", "coordinates": [-75.984452, 6.115208]}, "properties": {"municipio": "Betulia", "departamento": "Antioquia", "divipola": "05093", "requiere_depto": true, "homonimo_de_departamento": false, "n_noticias": 0, "n_prensa_recogida": 3, "noticias_ejemplo": [], "dyfi_max_cdi": null, "dyfi_respuestas": null, "dyfi_celdas": 0, "dyfi_min_dist_km": null, "poblacion_2026": 17068, "cabecera_2026": 5204, "rural_2026": 11864, "poblacion_fuente": "DANE PPED municipal por área 2018-2042", "en_aoi_copernicus": false, "estado": "solo_rud", "busqueda_propia": true, "fuentes": ["rud"], "unosat_edificios": null, "unosat_observados": null, "unosat_posibles": null, "unosat_fecha_imagen": null, "unosat_codigo_inconsistente": null, "sertit_edificios": null, "sertit_destruidos": null, "sertit_danados": null, "sertit_posibles": null, "sertit_sin_grado": null, "sertit_area_km2": null, "sertit_imagen_literal": null, "rud_familias": 154.0, "rud_personas": 364.0, "rud_viv_destruidas": 0.0, "rud_viv_averiadas": 135.0, "mmi_usgs": 5.3, "tasa_rud_pct": 2.1326}}, {"type": "Feature", "geometry": {"type": "Point", "coordinates": [-74.896761, 3.539072]}, "properties": {"municipio": "Dolores", "departamento": "Tolima", "divipola": "73236", "requiere_depto": true, "homonimo_de_departamento": false, "n_noticias": 0, "n_prensa_recogida": 24, "noticias_ejemplo": [], "dyfi_max_cdi": null, "dyfi_respuestas": null, "dyfi_celdas": 0, "dyfi_min_dist_km": null, "poblacion_2026": 8635, "cabecera_2026": 3590, "rural_2026": 5045, "poblacion_fuente": "DANE PPED municipal por área 2018-2042", "en_aoi_copernicus": false, "estado": "solo_rud", "busqueda_propia": true, "fuentes": ["rud"], "unosat_edificios": null, "unosat_observados": null, "unosat_posibles": null, "unosat_fecha_imagen": null, "unosat_codigo_inconsistente": null, "sertit_edificios": null, "sertit_destruidos": null, "sertit_danados": null, "sertit_posibles": null, "sertit_sin_grado": null, "sertit_area_km2": null, "sertit_imagen_literal": null, "rud_familias": 144.0, "rud_personas": 280.0, "rud_viv_destruidas": 0.0, "rud_viv_averiadas": 143.0, "mmi_usgs": 4.8, "tasa_rud_pct": 3.2426}}, {"type": "Feature", "geometry": {"type": "Point", "coordinates": [-75.177151, 5.080228]}, "properties": {"municipio": "Herveo", "departamento": "Tolima", "divipola": "73347", "requiere_depto": true, "homonimo_de_departamento": false, "n_noticias": 1, "n_prensa_recogida": 12, "noticias_ejemplo": [{"fecha": "2026-08-18T22:23:25", "medio": "Google News — Herveo", "titulo": "Gobernación del Tolima entregó ayudas materiales a familias damnificadas por el terremoto en Herveo - El Irreverente", "url": "https://news.google.com/rss/articles/CBMizAFBVV95cUxQYlhEc05lbU1zeUZjWENsdU11VXJPNzBQcEtBQmt0a2phR2FrOWhJQmJ4ZU5aTVlsa3N6Qk5lY20tWWpZZWc2ZHA2MnIyMDlpNGdzbWxuSDBWSFl1VFg5Zml3eEFWSl8yUUsxWkZhcHl1NDhPa1VKYnJIZHJvYW5vTUF1WWhaSkFGM09QQnZFVk8zdFpTa05vNEZXemc3ZHZYUkRuc2hGQ2kyVXhhY2tLMzNFZXZ0OEgtYVAwQ2dUWVpSYTNHZHR1WjdnSHg?oc=5"}], "dyfi_max_cdi": null, "dyfi_respuestas": null, "dyfi_celdas": 0, "dyfi_min_dist_km": null, "poblacion_2026": 7565, "cabecera_2026": 2348, "rural_2026": 5217, "poblacion_fuente": "DANE PPED municipal por área 2018-2042", "en_aoi_copernicus": false, "estado": "mencion_prensa", "busqueda_propia": true, "fuentes": ["prensa", "rud"], "unosat_edificios": null, "unosat_observados": null, "unosat_posibles": null, "unosat_fecha_imagen": null, "unosat_codigo_inconsistente": null, "sertit_edificios": null, "sertit_destruidos": null, "sertit_danados": null, "sertit_posibles": null, "sertit_sin_grado": null, "sertit_area_km2": null, "sertit_imagen_literal": null, "rud_familias": 143.0, "rud_personas": 292.0, "rud_viv_destruidas": 0.0, "rud_viv_averiadas": 45.0, "mmi_usgs": 5.0, "tasa_rud_pct": 3.8599}}, {"type": "Feature", "geometry": {"type": "Point", "coordinates": [-75.546486, 5.39647]}, "properties": {"municipio": "La Merced", "departamento": "Caldas", "divipola": "17388", "requiere_depto": true, "homonimo_de_departamento": false, "n_noticias": 0, "n_prensa_recogida": 1, "noticias_ejemplo": [], "dyfi_max_cdi": null, "dyfi_respuestas": null, "dyfi_celdas": 0, "dyfi_min_dist_km": null, "poblacion_2026": 5679, "cabecera_2026": 2318, "rural_2026": 3361, "poblacion_fuente": "DANE PPED municipal por área 2018-2042", "en_aoi_copernicus": false, "estado": "solo_rud", "busqueda_propia": true, "fuentes": ["rud"], "unosat_edificios": null, "unosat_observados": null, "unosat_posibles": null, "unosat_fecha_imagen": null, "unosat_codigo_inconsistente": null, "sertit_edificios": null, "sertit_destruidos": null, "sertit_danados": null, "sertit_posibles": null, "sertit_sin_grado": null, "sertit_area_km2": null, "sertit_imagen_literal": null, "rud_familias": 138.0, "rud_personas": 170.0, "rud_viv_destruidas": 0.0, "rud_viv_averiadas": 28.0, "mmi_usgs": 6.5, "tasa_rud_pct": 2.9935}}, {"type": "Feature", "geometry": {"type": "Point", "coordinates": [-75.115669, 4.197494]}, "properties": {"municipio": "Valle de San Juan", "departamento": "Tolima", "divipola": "73854", "requiere_depto": true, "homonimo_de_departamento": false, "n_noticias": 0, "n_prensa_recogida": 4, "noticias_ejemplo": [], "dyfi_max_cdi": null, "dyfi_respuestas": null, "dyfi_celdas": 0, "dyfi_min_dist_km": null, "poblacion_2026": 5515, "cabecera_2026": 2212, "rural_2026": 3303, "poblacion_fuente": "DANE PPED municipal por área 2018-2042", "en_aoi_copernicus": false, "estado": "solo_rud", "busqueda_propia": true, "fuentes": ["rud"], "unosat_edificios": null, "unosat_observados": null, "unosat_posibles": null, "unosat_fecha_imagen": null, "unosat_codigo_inconsistente": null, "sertit_edificios": null, "sertit_destruidos": null, "sertit_danados": null, "sertit_posibles": null, "sertit_sin_grado": null, "sertit_area_km2": null, "sertit_imagen_literal": null, "rud_familias": 138.0, "rud_personas": 140.0, "rud_viv_destruidas": 0.0, "rud_viv_averiadas": 130.0, "mmi_usgs": 5.5, "tasa_rud_pct": 2.5385}}, {"type": "Feature", "geometry": {"type": "Point", "coordinates": [-76.403628, 2.510252]}, "properties": {"municipio": "Totoró", "departamento": "Cauca", "divipola": "19824", "requiere_depto": true, "homonimo_de_departamento": false, "n_noticias": 9, "n_prensa_recogida": 9, "noticias_ejemplo": [{"fecha": "2026-09-07T02:35:26", "medio": "Google News — El País Cali", "titulo": "Fuerte sismo de magnitud 4,1 sacudió a Totoró, Cauca, este sábado 6 de septiembre - elpais.com.co", "url": "https://news.google.com/rss/articles/CBMixgFBVV95cUxQTjE3MTh3WVRtY3JyTmRCUTh0alpaYTM0MkJ5MmRudEt2WUhsNjBNLXhCV1RCSHZoYW91WmZVNS1scVNJWHJFeG44ZGpUUFAxNmlJSk1DV0FrU0NQdC1GY2RPdDBOV1ZiTnVqTElpRUI3TjdfSktLSUVXeWZ4MEtkX1RoOEZvOE9PQ0o4VllvY0dic0hKY3hwZFBpOW9pRXdGVnZWb2xaMGdWbXc4bElOOHRIdVFubTRLVzNNRlA0X3NEVzhDcHfSAcYBQVVfeXFMUE4xNzE4d1lUbWNyck5kQlE4dGpaWmEzNDJCeTJkbnRLdllIbDYwTS14QldUQkh2aGFvdVpmVTUtbHFTSVhyRXhuOGRqVFBQMTZpSUpNQ1dBa1NDUHQtRmNkT3QwTldWYk51akxJaUVCN043X0pLS0lFV3lmeDBLZF9UaDhGbzhPT0NKOFZZb2NHYnNISmN4cGRQaTlvaUV3RlZ2Vm9sWjBnVm13OGxJTjh0SHVRbm00S1czTUZQNF9zRFc4Q3B3?oc=5"}, {"fecha": "2026-09-07T00:50:00", "medio": "Google News (agregador es-CO)", "titulo": "Fuerte sismo de magnitud 4,1 sacudió a Totoró, Cauca, este sábado 6 de septiembre - elpais.com.co", "url": "https://news.google.com/rss/articles/CBMiwAFBVV95cUxQVWZjN1d0c1pTYURVbzJXM1dnM0t1Z20yN2Y3Uk40d09JZzNvVUREQVIwMi1hWlZvX1JSNl92UU1JTE9SMGsxbTN3QlgwYTZGT1pnODRrRXN5RWJRVV9hRmtVTDhTTUFIYkY3aEw0LTZDdll1VDVVdEpsNW1BYXptcEtCWVJpNm92R2lkYkl3RGROXzN5WDFPaWdOOUJhZzdRRFdPbVBteE13VjVka1VrNS1WSXc0SzhRMnFkMmVfVUrSAcYBQVVfeXFMUE4xNzE4d1lUbWNyck5kQlE4dGpaWmEzNDJCeTJkbnRLdllIbDYwTS14QldUQkh2aGFvdVpmVTUtbHFTSVhyRXhuOGRqVFBQMTZpSUpNQ1dBa1NDUHQtRmNkT3QwTldWYk51akxJaUVCN043X0pLS0lFV3lmeDBLZF9UaDhGbzhPT0NKOFZZb2NHYnNISmN4cGRQaTlvaUV3RlZ2Vm9sWjBnVm13OGxJTjh0SHVRbm00S1czTUZQNF9zRFc4Q3B3?oc=5"}, {"fecha": "2026-09-05T22:19:38", "medio": "Google News — Totoró", "titulo": "Nuevo temblor sacudió hoy a Colombia: sismo se registró en Totoró, Cauca, ¿sintió el movimiento? - Minuto60", "url": "https://news.google.com/rss/articles/CBMilAFBVV95cUxOZGNxNFRfY0w0WTFZdDV2dGVycF9sUVhsN0hET1VINGNIM24zdXd5ZnI1YWVsOTFQRmxRTUtrQzFFT1lrVWp2RnY5UF9SbW5pZlZsR3hKNTN4VGlkZl9xNDVPZW9FSkZvMTVtSGdfRmdRSG1zRXE1RktlTTd5dkl4bnpnbm5YMVpXMVhHbnk1ZUlFSkR5?oc=5"}], "dyfi_max_cdi": null, "dyfi_respuestas": null, "dyfi_celdas": 0, "dyfi_min_dist_km": null, "poblacion_2026": 27710, "cabecera_2026": 1089, "rural_2026": 26621, "poblacion_fuente": "DANE PPED municipal por área 2018-2042", "en_aoi_copernicus": false, "estado": "mencion_prensa", "busqueda_propia": true, "fuentes": ["prensa", "rud"], "unosat_edificios": null, "unosat_observados": null, "unosat_posibles": null, "unosat_fecha_imagen": null, "unosat_codigo_inconsistente": null, "sertit_edificios": null, "sertit_destruidos": null, "sertit_danados": null, "sertit_posibles": null, "sertit_sin_grado": null, "sertit_area_km2": null, "sertit_imagen_literal": null, "rud_familias": 136.0, "rud_personas": 250.0, "rud_viv_destruidas": 5.0, "rud_viv_averiadas": 72.0, "mmi_usgs": 4.9, "tasa_rud_pct": 0.9022}}, {"type": "Feature", "geometry": {"type": "Point", "coordinates": [-75.053097, 5.297525]}, "properties": {"municipio": "Marquetalia", "departamento": "Caldas", "divipola": "17444", "requiere_depto": true, "homonimo_de_departamento": false, "n_noticias": 0, "n_prensa_recogida": 2, "noticias_ejemplo": [], "dyfi_max_cdi": null, "dyfi_respuestas": null, "dyfi_celdas": 0, "dyfi_min_dist_km": null, "poblacion_2026": 13558, "cabecera_2026": 7081, "rural_2026": 6477, "poblacion_fuente": "DANE PPED municipal por área 2018-2042", "en_aoi_copernicus": false, "estado": "solo_rud", "busqueda_propia": true, "fuentes": ["rud"], "unosat_edificios": null, "unosat_observados": null, "unosat_posibles": null, "unosat_fecha_imagen": null, "unosat_codigo_inconsistente": null, "sertit_edificios": null, "sertit_destruidos": null, "sertit_danados": null, "sertit_posibles": null, "sertit_sin_grado": null, "sertit_area_km2": null, "sertit_imagen_literal": null, "rud_familias": 135.0, "rud_personas": 284.0, "rud_viv_destruidas": 0.0, "rud_viv_averiadas": 103.0, "mmi_usgs": 5.1, "tasa_rud_pct": 2.0947}}, {"type": "Feature", "geometry": {"type": "Point", "coordinates": [-76.028228, 6.753859]}, "properties": {"municipio": "Cañasgordas", "departamento": "Antioquia", "divipola": "05138", "requiere_depto": true, "homonimo_de_departamento": false, "n_noticias": 0, "n_prensa_recogida": 2, "noticias_ejemplo": [], "dyfi_max_cdi": null, "dyfi_respuestas": null, "dyfi_celdas": 0, "dyfi_min_dist_km": null, "poblacion_2026": 15337, "cabecera_2026": 5462, "rural_2026": 9875, "poblacion_fuente": "DANE PPED municipal por área 2018-2042", "en_aoi_copernicus": false, "estado": "solo_rud", "busqueda_propia": true, "fuentes": ["rud"], "unosat_edificios": null, "unosat_observados": null, "unosat_posibles": null, "unosat_fecha_imagen": null, "unosat_codigo_inconsistente": null, "sertit_edificios": null, "sertit_destruidos": null, "sertit_danados": null, "sertit_posibles": null, "sertit_sin_grado": null, "sertit_area_km2": null, "sertit_imagen_literal": null, "rud_familias": 130.0, "rud_personas": 130.0, "rud_viv_destruidas": 0.0, "rud_viv_averiadas": 0.0, "mmi_usgs": 4.8, "tasa_rud_pct": 0.8476}}, {"type": "Feature", "geometry": {"type": "Point", "coordinates": [-75.193862, 3.798036]}, "properties": {"municipio": "Coyaima", "departamento": "Tolima", "divipola": "73217", "requiere_depto": true, "homonimo_de_departamento": false, "n_noticias": 0, "n_prensa_recogida": 20, "noticias_ejemplo": [], "dyfi_max_cdi": null, "dyfi_respuestas": null, "dyfi_celdas": 0, "dyfi_min_dist_km": null, "poblacion_2026": 23765, "cabecera_2026": 4300, "rural_2026": 19465, "poblacion_fuente": "DANE PPED municipal por área 2018-2042", "en_aoi_copernicus": false, "estado": "solo_rud", "busqueda_propia": true, "fuentes": ["rud"], "unosat_edificios": null, "unosat_observados": null, "unosat_posibles": null, "unosat_fecha_imagen": null, "unosat_codigo_inconsistente": null, "sertit_edificios": null, "sertit_destruidos": null, "sertit_danados": null, "sertit_posibles": null, "sertit_sin_grado": null, "sertit_area_km2": null, "sertit_imagen_literal": null, "rud_familias": 130.0, "rud_personas": 265.0, "rud_viv_destruidas": 0.0, "rud_viv_averiadas": 129.0, "mmi_usgs": 5.5, "tasa_rud_pct": 1.1151}}, {"type": "Feature", "geometry": {"type": "Point", "coordinates": [-76.613365, 2.253156]}, "properties": {"municipio": "Sotará Paispamba", "departamento": "Cauca", "divipola": "19760", "requiere_depto": true, "homonimo_de_departamento": false, "n_noticias": 0, "n_prensa_recogida": 1, "noticias_ejemplo": [], "dyfi_max_cdi": null, "dyfi_respuestas": null, "dyfi_celdas": 0, "dyfi_min_dist_km": null, "poblacion_2026": 14806, "cabecera_2026": 405, "rural_2026": 14401, "poblacion_fuente": "DANE PPED municipal por área 2018-2042", "en_aoi_copernicus": false, "estado": "solo_rud", "busqueda_propia": true, "fuentes": ["rud"], "unosat_edificios": null, "unosat_observados": null, "unosat_posibles": null, "unosat_fecha_imagen": null, "unosat_codigo_inconsistente": null, "sertit_edificios": null, "sertit_destruidos": null, "sertit_danados": null, "sertit_posibles": null, "sertit_sin_grado": null, "sertit_area_km2": null, "sertit_imagen_literal": null, "rud_familias": 126.0, "rud_personas": 212.0, "rud_viv_destruidas": 1.0, "rud_viv_averiadas": 85.0, "mmi_usgs": 4.6, "tasa_rud_pct": 1.4319}}, {"type": "Feature", "geometry": {"type": "Point", "coordinates": [-74.025183, 4.40245]}, "properties": {"municipio": "Une", "departamento": "Cundinamarca", "divipola": "25845", "requiere_depto": true, "homonimo_de_departamento": false, "n_noticias": 1, "n_prensa_recogida": 27, "noticias_ejemplo": [{"fecha": "2026-08-11T07:00:00", "medio": "Google News — Une", "titulo": "El deporte se une a Colombia tras el terremoto con mensajes de solidaridad y ayuda - eldoradoradio.cundinamarca.gov.co", "url": "https://news.google.com/rss/articles/CBMizwFBVV95cUxOZzlOeHpzRXlZNXRYdkNETWNOSy1pb2lfZ1RtZS1iX0VXYkcyLXpFT3dVVDVDV3R0MC1WaTV2QV9Od0VMRjdjWDI0Rmc1Q2wzbVlkQXRuUFMwcmI3RTUwS0FKVjdKUTZmUUVhT0RzSzJqRlBMempWX3JhaWVNaVpjWTd0NGxHekpDQUdxZkRxVTNCVjM2dTV2dlFBb25McmNOWng2RWxyaEhvRjR6YllBSGtQN0RzaTU0XzFVSjdLTW1FVHc0Vm1yaTJGYUh4SEk?oc=5"}], "dyfi_max_cdi": null, "dyfi_respuestas": null, "dyfi_celdas": 0, "dyfi_min_dist_km": null, "poblacion_2026": 6630, "cabecera_2026": 3954, "rural_2026": 2676, "poblacion_fuente": "DANE PPED municipal por área 2018-2042", "en_aoi_copernicus": false, "estado": "mencion_prensa", "busqueda_propia": true, "fuentes": ["prensa", "rud"], "unosat_edificios": null, "unosat_observados": null, "unosat_posibles": null, "unosat_fecha_imagen": null, "unosat_codigo_inconsistente": null, "sertit_edificios": null, "sertit_destruidos": null, "sertit_danados": null, "sertit_posibles": null, "sertit_sin_grado": null, "sertit_area_km2": null, "sertit_imagen_literal": null, "rud_familias": 125.0, "rud_personas": 314.0, "rud_viv_destruidas": 0.0, "rud_viv_averiadas": 124.0, "mmi_usgs": 4.0, "tasa_rud_pct": 4.736}}, {"type": "Feature", "geometry": {"type": "Point", "coordinates": [-75.035722, 5.153576]}, "properties": {"municipio": "Fresno", "departamento": "Tolima", "divipola": "73283", "requiere_depto": true, "homonimo_de_departamento": false, "n_noticias": 2, "n_prensa_recogida": 27, "noticias_ejemplo": [{"fecha": "2026-08-14T13:17:38", "medio": "Google News — Cajamarca", "titulo": "Tolima reporta 31 vías rurales afectadas tras el sismo, pero descarta cierres en Cajamarca y Fresno - vozdelpueblo920am.com", "url": "https://news.google.com/rss/articles/CBMiyAFBVV95cUxPMDRGdkJPUEwyS0NSY3VfYWk4Y0FuVS1meGtGV0VDWnhQRXBmNktYS1VGTFlrQWNnWFptTmI3dGloRW9ucmxQSllCbkFlRTc4T0VuT3VLZWpRdW9vQUtCMEo5cDhKMzh1c1EzcFhVZ1dKLUJfT3o0ajNydnByemRYT1BXRzBHWlBaOVlmS3pkVS1JZDMtekpRRmUxZ05yWWl5eG5zRzBaT0V6U2xKRktwUkROaTZRaDNldE9LcEJ1RGtaQlR5UlVvcg?oc=5"}, {"fecha": "2026-08-12T10:17:03", "medio": "Google News — San Luis", "titulo": "Fresno-Manizales sigue cerrada tras el sismo: Tolima habilita ruta Ibagué-Cajamarca-Armenia como alternativa - vozdelpueblo920am.com", "url": "https://news.google.com/rss/articles/CBMi1AFBVV95cUxQc3Buem1qVWhFcjFKWTBxS3JBYk83a1lTeW13bVlCdVduWmstV2U5aUVXdWFvVWxrekNUX1BldTNkT01vY0ZOcXFveEd1b0FzeXNNVlpnTW84RW9Ucjd5UHRUZEp2WFhDRWxiYk4zZG1aamQwVTNlRUlPQ0VySWtyUHREWUlkS3h3Uzd0NktuN1RDYW84dWxKWFFBNjJtaElUamlzSUpXY3IzSi1FallOM2lGbEtweGJsM2JfTFFVbmpId2ljWk1SZnIyaGk3dVR1S3l1dg?oc=5"}], "dyfi_max_cdi": 4.3, "dyfi_respuestas": 1, "dyfi_celdas": 1, "dyfi_min_dist_km": 171, "poblacion_2026": 31883, "cabecera_2026": 16246, "rural_2026": 15637, "poblacion_fuente": "DANE PPED municipal por área 2018-2042", "en_aoi_copernicus": false, "estado": "mencion_prensa", "busqueda_propia": true, "fuentes": ["prensa", "dyfi", "rud"], "unosat_edificios": null, "unosat_observados": null, "unosat_posibles": null, "unosat_fecha_imagen": null, "unosat_codigo_inconsistente": null, "sertit_edificios": null, "sertit_destruidos": null, "sertit_danados": null, "sertit_posibles": null, "sertit_sin_grado": null, "sertit_area_km2": null, "sertit_imagen_literal": null, "rud_familias": 125.0, "rud_personas": 226.0, "rud_viv_destruidas": 2.0, "rud_viv_averiadas": 61.0, "mmi_usgs": 4.9, "tasa_rud_pct": 0.7088}}, {"type": "Feature", "geometry": {"type": "Point", "coordinates": [-76.763278, 2.179383]}, "properties": {"municipio": "La Sierra", "departamento": "Cauca", "divipola": "19392", "requiere_depto": true, "homonimo_de_departamento": false, "n_noticias": 0, "n_prensa_recogida": 52, "noticias_ejemplo": [], "dyfi_max_cdi": null, "dyfi_respuestas": null, "dyfi_celdas": 0, "dyfi_min_dist_km": null, "poblacion_2026": 11466, "cabecera_2026": 1773, "rural_2026": 9693, "poblacion_fuente": "DANE PPED municipal por área 2018-2042", "en_aoi_copernicus": false, "estado": "solo_rud", "busqueda_propia": true, "fuentes": ["rud"], "unosat_edificios": null, "unosat_observados": null, "unosat_posibles": null, "unosat_fecha_imagen": null, "unosat_codigo_inconsistente": null, "sertit_edificios": null, "sertit_destruidos": null, "sertit_danados": null, "sertit_posibles": null, "sertit_sin_grado": null, "sertit_area_km2": null, "sertit_imagen_literal": null, "rud_familias": 124.0, "rud_personas": 219.0, "rud_viv_destruidas": 4.0, "rud_viv_averiadas": 84.0, "mmi_usgs": 4.6, "tasa_rud_pct": 1.91}}, {"type": "Feature", "geometry": {"type": "Point", "coordinates": [-75.600049, 5.47422]}, "properties": {"municipio": "Marmato", "departamento": "Caldas", "divipola": "17442", "requiere_depto": true, "homonimo_de_departamento": false, "n_noticias": 0, "n_prensa_recogida": 1, "noticias_ejemplo": [], "dyfi_max_cdi": 4.6, "dyfi_respuestas": 1, "dyfi_celdas": 1, "dyfi_min_dist_km": 144, "poblacion_2026": 9363, "cabecera_2026": 1446, "rural_2026": 7917, "poblacion_fuente": "DANE PPED municipal por área 2018-2042", "en_aoi_copernicus": false, "estado": "solo_rud", "busqueda_propia": true, "fuentes": ["dyfi", "rud"], "unosat_edificios": null, "unosat_observados": null, "unosat_posibles": null, "unosat_fecha_imagen": null, "unosat_codigo_inconsistente": null, "sertit_edificios": null, "sertit_destruidos": null, "sertit_danados": null, "sertit_posibles": null, "sertit_sin_grado": null, "sertit_area_km2": null, "sertit_imagen_literal": null, "rud_familias": 123.0, "rud_personas": 354.0, "rud_viv_destruidas": 0.0, "rud_viv_averiadas": 115.0, "mmi_usgs": 5.6, "tasa_rud_pct": 3.7808}}, {"type": "Feature", "geometry": {"type": "Point", "coordinates": [-77.092538, 8.04406]}, "properties": {"municipio": "Unguía", "departamento": "Chocó", "divipola": "27800", "requiere_depto": true, "homonimo_de_departamento": false, "n_noticias": 1, "n_prensa_recogida": 0, "noticias_ejemplo": [{"fecha": "2026-08-11T07:10:52", "medio": "Google News — Acandí", "titulo": "Sismo débil mag. 2.4 (inconfirmado) - 38 km al sur de Unguia, del Choco, Colombia, Tuesday 11 Aug 2026 a las 01:44 (GMT -5) - Volcano Discovery", "url": "https://news.google.com/rss/articles/CBMivwFBVV95cUxPVklmU2hLMkdlS1dVTlNiUDlHZTh2T3Y0OF9BWmhyRFFUTHlGV3Q2MGFURE9LUTJFSG1Fa2RSRFU0cTREWlpGeFNjbWZCZWllYndCaUNpTFlJYVFPTjNPU3FMWGpTT2NDQ3YycVpMd21HTVFCemgxOEZzd3k2MTVDZXpaTjdHNVlsZzVHRFZLclp6NVExcDlkcHVPNWh3ZEswVDRIU0JaamhUbjZvTVR5WWtuV1FGN0o2VGlVdzdrQQ?oc=5"}], "dyfi_max_cdi": null, "dyfi_respuestas": null, "dyfi_celdas": 0, "dyfi_min_dist_km": null, "poblacion_2026": 12481, "cabecera_2026": 3422, "rural_2026": 9059, "poblacion_fuente": "DANE PPED municipal por área 2018-2042", "en_aoi_copernicus": false, "estado": "mencion_prensa", "busqueda_propia": true, "fuentes": ["prensa", "rud"], "unosat_edificios": null, "unosat_observados": null, "unosat_posibles": null, "unosat_fecha_imagen": null, "unosat_codigo_inconsistente": null, "sertit_edificios": null, "sertit_destruidos": null, "sertit_danados": null, "sertit_posibles": null, "sertit_sin_grado": null, "sertit_area_km2": null, "sertit_imagen_literal": null, "rud_familias": 121.0, "rud_personas": 286.0, "rud_viv_destruidas": 0.0, "rud_viv_averiadas": 59.0, "mmi_usgs": null, "tasa_rud_pct": 2.2915}}, {"type": "Feature", "geometry": {"type": "Point", "coordinates": [-75.523455, 5.946313]}, "properties": {"municipio": "Montebello", "departamento": "Antioquia", "divipola": "05467", "requiere_depto": true, "homonimo_de_departamento": false, "n_noticias": 0, "n_prensa_recogida": 9, "noticias_ejemplo": [], "dyfi_max_cdi": null, "dyfi_respuestas": null, "dyfi_celdas": 0, "dyfi_min_dist_km": null, "poblacion_2026": 6477, "cabecera_2026": 2064, "rural_2026": 4413, "poblacion_fuente": "DANE PPED municipal por área 2018-2042", "en_aoi_copernicus": false, "estado": "solo_rud", "busqueda_propia": true, "fuentes": ["rud"], "unosat_edificios": null, "unosat_observados": null, "unosat_posibles": null, "unosat_fecha_imagen": null, "unosat_codigo_inconsistente": null, "sertit_edificios": null, "sertit_destruidos": null, "sertit_danados": null, "sertit_posibles": null, "sertit_sin_grado": null, "sertit_area_km2": null, "sertit_imagen_literal": null, "rud_familias": 120.0, "rud_personas": 242.0, "rud_viv_destruidas": 1.0, "rud_viv_averiadas": 81.0, "mmi_usgs": 5.0, "tasa_rud_pct": 3.7363}}, {"type": "Feature", "geometry": {"type": "Point", "coordinates": [-75.567351, 5.875527]}, "properties": {"municipio": "Santa Bárbara", "departamento": "Antioquia", "divipola": "05679", "requiere_depto": true, "homonimo_de_departamento": false, "n_noticias": 0, "n_prensa_recogida": 6, "noticias_ejemplo": [], "dyfi_max_cdi": null, "dyfi_respuestas": null, "dyfi_celdas": 0, "dyfi_min_dist_km": null, "poblacion_2026": 29737, "cabecera_2026": 14267, "rural_2026": 15470, "poblacion_fuente": "DANE PPED municipal por área 2018-2042", "en_aoi_copernicus": false, "estado": "solo_rud", "busqueda_propia": true, "fuentes": ["rud"], "unosat_edificios": null, "unosat_observados": null, "unosat_posibles": null, "unosat_fecha_imagen": null, "unosat_codigo_inconsistente": null, "sertit_edificios": null, "sertit_destruidos": null, "sertit_danados": null, "sertit_posibles": null, "sertit_sin_grado": null, "sertit_area_km2": null, "sertit_imagen_literal": null, "rud_familias": 120.0, "rud_personas": 201.0, "rud_viv_destruidas": 0.0, "rud_viv_averiadas": 99.0, "mmi_usgs": 5.1, "tasa_rud_pct": 0.6759}}, {"type": "Feature", "geometry": {"type": "Point", "coordinates": [-75.054843, 3.152204]}, "properties": {"municipio": "Baraya", "departamento": "Huila", "divipola": "41078", "requiere_depto": true, "homonimo_de_departamento": false, "n_noticias": 0, "n_prensa_recogida": 6, "noticias_ejemplo": [], "dyfi_max_cdi": null, "dyfi_respuestas": null, "dyfi_celdas": 0, "dyfi_min_dist_km": null, "poblacion_2026": 8137, "cabecera_2026": 3849, "rural_2026": 4288, "poblacion_fuente": "DANE PPED municipal por área 2018-2042", "en_aoi_copernicus": false, "estado": "solo_rud", "busqueda_propia": true, "fuentes": ["rud"], "unosat_edificios": null, "unosat_observados": null, "unosat_posibles": null, "unosat_fecha_imagen": null, "unosat_codigo_inconsistente": null, "sertit_edificios": null, "sertit_destruidos": null, "sertit_danados": null, "sertit_posibles": null, "sertit_sin_grado": null, "sertit_area_km2": null, "sertit_imagen_literal": null, "rud_familias": 117.0, "rud_personas": 156.0, "rud_viv_destruidas": 0.0, "rud_viv_averiadas": 94.0, "mmi_usgs": 5.0, "tasa_rud_pct": 1.9172}}, {"type": "Feature", "geometry": {"type": "Point", "coordinates": [-75.138773, 3.067538]}, "properties": {"municipio": "Tello", "departamento": "Huila", "divipola": "41799", "requiere_depto": true, "homonimo_de_departamento": false, "n_noticias": 0, "n_prensa_recogida": 8, "noticias_ejemplo": [], "dyfi_max_cdi": null, "dyfi_respuestas": null, "dyfi_celdas": 0, "dyfi_min_dist_km": null, "poblacion_2026": 12653, "cabecera_2026": 5621, "rural_2026": 7032, "poblacion_fuente": "DANE PPED municipal por área 2018-2042", "en_aoi_copernicus": false, "estado": "solo_rud", "busqueda_propia": true, "fuentes": ["rud"], "unosat_edificios": null, "unosat_observados": null, "unosat_posibles": null, "unosat_fecha_imagen": null, "unosat_codigo_inconsistente": null, "sertit_edificios": null, "sertit_destruidos": null, "sertit_danados": null, "sertit_posibles": null, "sertit_sin_grado": null, "sertit_area_km2": null, "sertit_imagen_literal": null, "rud_familias": 117.0, "rud_personas": 310.0, "rud_viv_destruidas": 0.0, "rud_viv_averiadas": 76.0, "mmi_usgs": 5.0, "tasa_rud_pct": 2.45}}, {"type": "Feature", "geometry": {"type": "Point", "coordinates": [-74.64119, 5.871318]}, "properties": {"municipio": "Puerto Triunfo", "departamento": "Antioquia", "divipola": "05591", "requiere_depto": true, "homonimo_de_departamento": false, "n_noticias": 0, "n_prensa_recogida": 2, "noticias_ejemplo": [], "dyfi_max_cdi": null, "dyfi_respuestas": null, "dyfi_celdas": 0, "dyfi_min_dist_km": null, "poblacion_2026": 20322, "cabecera_2026": 3985, "rural_2026": 16337, "poblacion_fuente": "DANE PPED municipal por área 2018-2042", "en_aoi_copernicus": false, "estado": "solo_rud", "busqueda_propia": true, "fuentes": ["rud"], "unosat_edificios": null, "unosat_observados": null, "unosat_posibles": null, "unosat_fecha_imagen": null, "unosat_codigo_inconsistente": null, "sertit_edificios": null, "sertit_destruidos": null, "sertit_danados": null, "sertit_posibles": null, "sertit_sin_grado": null, "sertit_area_km2": null, "sertit_imagen_literal": null, "rud_familias": 115.0, "rud_personas": 288.0, "rud_viv_destruidas": 0.0, "rud_viv_averiadas": 79.0, "mmi_usgs": 5.5, "tasa_rud_pct": 1.4172}}, {"type": "Feature", "geometry": {"type": "Point", "coordinates": [-75.277327, 2.935432]}, "properties": {"municipio": "Neiva", "departamento": "Huila", "divipola": "41001", "requiere_depto": true, "homonimo_de_departamento": false, "n_noticias": 5, "n_prensa_recogida": 27, "noticias_ejemplo": [{"fecha": "2026-09-04T20:00:03", "medio": "Google News — Neiva", "titulo": "Huila ha enviado 60 toneladas de ayudas a damnificados por el sismo - Neiva Estéreo", "url": "https://news.google.com/rss/articles/CBMilwFBVV95cUxQTS1hSjR2QmV6NnR1RHhVNXBxbWVTc1o4QXB4VzJaZ3FSQWpvX0VpaEhOUktqZFVPS3EwVDVRWmRMTFl3NkpIOC1xa2lZU0FnRGJyejdlSTNvNGJ2TVNBbkFkX25MOWdhdjN5bmF2LW9UM1RqbkdLQkZkekdsY2JsMm04TlhHQTQ2NFM5S2JCc1U5OXJObzFJ?oc=5"}, {"fecha": "2026-08-16T22:12:10", "medio": "Google News — Neiva", "titulo": "Rock de Neiva se une en concierto por Buenaventura tras terremoto - Diario del Huila", "url": "https://news.google.com/rss/articles/CBMibkFVX3lxTE5vaVlKamZGX0pDY3BaT3ZQUzJLbDlBMl9HZF81Y2JVWFBxaGxIYWwzVkxKUzNVQ2hXbmhqVmR0UmxkSTlfSEVWRHZIdi1qdjhheDVFZ1NILU5maWRPYk1MdHM5NEswaHhFSU5LTHJn?oc=5"}, {"fecha": "2026-08-16T14:59:00", "medio": "Google News — Tello", "titulo": "Sismo débil mag. 2.1 (inconfirmado) - del Caqueta, 46 km al este de Neiva, Huila, Colombia, Sunday 16 Aug 2026 a las 03:24 (GMT -5) - Volcano Discovery", "url": "https://news.google.com/rss/articles/CBMiowFBVV95cUxPVXNKZjhsRThoZWFWOFpnT2hxRXBqX1pPNm43bHNSdjNpVEVsNDBLUmJpT1hycUtuRnJVLUpQREhvaDhNdUp6bDlXTXZQR1ZEODJFYjZyc0NZTHhCWEZWYUpnU1VxNWtJQ21mRmloSnN1N25vc3dWa0tNYzZPNUVtMzZPRW1zU2xHQkZKWUxndy01WHhULXBCMEliLTRYTXRIXzZB?oc=5"}], "dyfi_max_cdi": 4.6, "dyfi_respuestas": 6, "dyfi_celdas": 1, "dyfi_min_dist_km": 260, "poblacion_2026": 408218, "cabecera_2026": 382081, "rural_2026": 26137, "poblacion_fuente": "DANE PPED municipal por área 2018-2042", "en_aoi_copernicus": false, "estado": "mencion_prensa", "busqueda_propia": true, "fuentes": ["prensa", "dyfi", "rud"], "unosat_edificios": null, "unosat_observados": null, "unosat_posibles": null, "unosat_fecha_imagen": null, "unosat_codigo_inconsistente": null, "sertit_edificios": null, "sertit_destruidos": null, "sertit_danados": null, "sertit_posibles": null, "sertit_sin_grado": null, "sertit_area_km2": null, "sertit_imagen_literal": null, "rud_familias": 112.0, "rud_personas": 194.0, "rud_viv_destruidas": 2.0, "rud_viv_averiadas": 20.0, "mmi_usgs": 4.5, "tasa_rud_pct": 0.0475}}, {"type": "Feature", "geometry": {"type": "Point", "coordinates": [-74.764429, 4.782682]}, "properties": {"municipio": "Ambalema", "departamento": "Tolima", "divipola": "73030", "requiere_depto": true, "homonimo_de_departamento": false, "n_noticias": 0, "n_prensa_recogida": 3, "noticias_ejemplo": [], "dyfi_max_cdi": null, "dyfi_respuestas": null, "dyfi_celdas": 0, "dyfi_min_dist_km": null, "poblacion_2026": 6763, "cabecera_2026": 5358, "rural_2026": 1405, "poblacion_fuente": "DANE PPED municipal por área 2018-2042", "en_aoi_copernicus": false, "estado": "solo_rud", "busqueda_propia": true, "fuentes": ["rud"], "unosat_edificios": null, "unosat_observados": null, "unosat_posibles": null, "unosat_fecha_imagen": null, "unosat_codigo_inconsistente": null, "sertit_edificios": null, "sertit_destruidos": null, "sertit_danados": null, "sertit_posibles": null, "sertit_sin_grado": null, "sertit_area_km2": null, "sertit_imagen_literal": null, "rud_familias": 112.0, "rud_personas": 125.0, "rud_viv_destruidas": 0.0, "rud_viv_averiadas": 4.0, "mmi_usgs": 5.4, "tasa_rud_pct": 1.8483}}, {"type": "Feature", "geometry": {"type": "Point", "coordinates": [-77.072547, 1.682535]}, "properties": {"municipio": "Florencia", "departamento": "Cauca", "divipola": "19290", "requiere_depto": true, "homonimo_de_departamento": false, "n_noticias": 0, "n_prensa_recogida": 10, "noticias_ejemplo": [], "dyfi_max_cdi": null, "dyfi_respuestas": null, "dyfi_celdas": 0, "dyfi_min_dist_km": null, "poblacion_2026": 5181, "cabecera_2026": 1132, "rural_2026": 4049, "poblacion_fuente": "DANE PPED municipal por área 2018-2042", "en_aoi_copernicus": false, "estado": "solo_rud", "busqueda_propia": true, "fuentes": ["rud"], "unosat_edificios": null, "unosat_observados": null, "unosat_posibles": null, "unosat_fecha_imagen": null, "unosat_codigo_inconsistente": null, "sertit_edificios": null, "sertit_destruidos": null, "sertit_danados": null, "sertit_posibles": null, "sertit_sin_grado": null, "sertit_area_km2": null, "sertit_imagen_literal": null, "rud_familias": 111.0, "rud_personas": 324.0, "rud_viv_destruidas": 0.0, "rud_viv_averiadas": 111.0, "mmi_usgs": 4.2, "tasa_rud_pct": 6.2536}}, {"type": "Feature", "geometry": {"type": "Point", "coordinates": [-74.927447, 3.750939]}, "properties": {"municipio": "Prado", "departamento": "Tolima", "divipola": "73563", "requiere_depto": true, "homonimo_de_departamento": false, "n_noticias": 0, "n_prensa_recogida": 10, "noticias_ejemplo": [], "dyfi_max_cdi": null, "dyfi_respuestas": null, "dyfi_celdas": 0, "dyfi_min_dist_km": null, "poblacion_2026": 8625, "cabecera_2026": 3875, "rural_2026": 4750, "poblacion_fuente": "DANE PPED municipal por área 2018-2042", "en_aoi_copernicus": false, "estado": "solo_rud", "busqueda_propia": true, "fuentes": ["rud"], "unosat_edificios": null, "unosat_observados": null, "unosat_posibles": null, "unosat_fecha_imagen": null, "unosat_codigo_inconsistente": null, "sertit_edificios": null, "sertit_destruidos": null, "sertit_danados": null, "sertit_posibles": null, "sertit_sin_grado": null, "sertit_area_km2": null, "sertit_imagen_literal": null, "rud_familias": 105.0, "rud_personas": 224.0, "rud_viv_destruidas": 0.0, "rud_viv_averiadas": 65.0, "mmi_usgs": 5.0, "tasa_rud_pct": 2.5971}}, {"type": "Feature", "geometry": {"type": "Point", "coordinates": [-75.016852, 3.929815]}, "properties": {"municipio": "Saldaña", "departamento": "Tolima", "divipola": "73671", "requiere_depto": true, "homonimo_de_departamento": false, "n_noticias": 1, "n_prensa_recogida": 2, "noticias_ejemplo": [{"fecha": "2026-09-24T03:24:31", "medio": "Google News — Saldaña", "titulo": "Últimos Sismos cerca de Saldana, Tolima, Colombia: Temblores recientes últimos 7 días - Volcano Discovery", "url": "https://news.google.com/rss/articles/CBMi1wFBVV95cUxOQVFnbU43cWtIQmJBWFQ4eGlBOTVUdUlndnpGa2RSeHBYWmhCeHNSZW5NdzhMOEVhd2M2SENqSWM3a1QtVHhfSUhGcFA3RDRsQ3RFRzV6bF8wU08xRlpfSkdqV29LQXNiMnRuMVR5LWI0MDRXOThYcDNuS1VjUFRaWG5hX09VWHN2VjBiY1ZnVU1kWXJmVmFBTl80ZjFuaEg3Ylc0T2xkaThsWG5DRDJfQUhRX192RnplT3llT3RVQ19pN1JGVDJ5UGthcWR3al9fT3FEMFhvOA?oc=5"}], "dyfi_max_cdi": 2, "dyfi_respuestas": 1, "dyfi_celdas": 1, "dyfi_min_dist_km": 199, "poblacion_2026": 14826, "cabecera_2026": 8751, "rural_2026": 6075, "poblacion_fuente": "DANE PPED municipal por área 2018-2042", "en_aoi_copernicus": false, "estado": "mencion_prensa", "busqueda_propia": true, "fuentes": ["prensa", "dyfi", "rud"], "unosat_edificios": null, "unosat_observados": null, "unosat_posibles": null, "unosat_fecha_imagen": null, "unosat_codigo_inconsistente": null, "sertit_edificios": null, "sertit_destruidos": null, "sertit_danados": null, "sertit_posibles": null, "sertit_sin_grado": null, "sertit_area_km2": null, "sertit_imagen_literal": null, "rud_familias": 104.0, "rud_personas": 258.0, "rud_viv_destruidas": 1.0, "rud_viv_averiadas": 91.0, "mmi_usgs": 5.6, "tasa_rud_pct": 1.7402}}, {"type": "Feature", "geometry": {"type": "Point", "coordinates": [-75.906587, 5.799461]}, "properties": {"municipio": "Hispania", "departamento": "Antioquia", "divipola": "05353", "requiere_depto": true, "homonimo_de_departamento": false, "n_noticias": 1, "n_prensa_recogida": 19, "noticias_ejemplo": [{"fecha": "2026-08-24T20:16:58", "medio": "Google News — Andes", "titulo": "Inició proceso de reconstrucción de viviendas tras el terremoto en Antioquia: Caramanta, Hispania y Betania recibieron primer cargamento de materiales - El Tiempo", "url": "https://news.google.com/rss/articles/CBMipgJBVV95cUxOMmo2NFZKOEYxMlpYUzVVTElLdXg4NlVvTC04ai1EeWJ1TXJDU0hZbnBlTUtjRVdDYmNaRjZYaXp6MjgxR3Y2TmFjeFcyOXQwbzNLUmlXeFU4b1A1dE9vaGFKQWF4UU9RYWhyd2xYTUsyMWZ0X2ZFUlBLYmhuTnQwa2o2Z055UG9TTGdlbW5YdUxZSTEzQy02bU9SNU5UMXFLZXFtVk9SeUhIRTFmOGxJMTlkX1I2NGpOQlVWUUh0cmR0NzFDTUlsRjBoSDVpXy1QUGJ5dENOeEZ0UUJWT3FLUUo3aHZJSGxFcDNHZ2NJSzlHRjlaYlU4b0M1dlU5S1A3a0hiYi1IY1dYTEN0X3hyQU5FblBEOGhoSm9UWWZ1NU1nZDlrc2fSAasCQVVfeXFMTmVXNC1oV2J5V3hyNnBZdHNFaVRNUzFXMFZ2WW5HaEQ1c3ZkcXEwdzVwbU43SE1HQmNVVU1TaVhGcnpvb3QwQng3NDBPVk1WTTYtd2ZyVnlXTUVfaGE3b0JxNlpZLVg0bk5zWjhwYy0wUXBGRFFJQ3lqdzViMkdFdUd4cXI5NjVmM3lnTUc1aHRGR3Q4cld2V0NERmJWQUNBTDRndUhGc01XOFBOVHlGUGxDOEJnSVhvYVJOMll6ZTlhSnFGNnVHQlFERXE3TlF4a0JKcDE4bEd3amtlNy1mNmhxbVl1Y3E0ODF6a29ha0dENFZlNlpETHJ3ZzRWYm14MVZ4NVBSdjNyMmxGMlNLV2xQUUk0Z09JNTNEcWlQUjh5djlsR3dnX2lnZms?oc=5"}], "dyfi_max_cdi": null, "dyfi_respuestas": null, "dyfi_celdas": 0, "dyfi_min_dist_km": null, "poblacion_2026": 5966, "cabecera_2026": 3888, "rural_2026": 2078, "poblacion_fuente": "DANE PPED municipal por área 2018-2042", "en_aoi_copernicus": false, "estado": "mencion_prensa", "busqueda_propia": true, "fuentes": ["prensa", "rud"], "unosat_edificios": null, "unosat_observados": null, "unosat_posibles": null, "unosat_fecha_imagen": null, "unosat_codigo_inconsistente": null, "sertit_edificios": null, "sertit_destruidos": null, "sertit_danados": null, "sertit_posibles": null, "sertit_sin_grado": null, "sertit_area_km2": null, "sertit_imagen_literal": null, "rud_familias": 100.0, "rud_personas": 214.0, "rud_viv_destruidas": 0.0, "rud_viv_averiadas": 3.0, "mmi_usgs": 5.3, "tasa_rud_pct": 3.587}}, {"type": "Feature", "geometry": {"type": "Point", "coordinates": [-77.164319, 1.789193]}, "properties": {"municipio": "Mercaderes", "departamento": "Cauca", "divipola": "19450", "requiere_depto": true, "homonimo_de_departamento": false, "n_noticias": 0, "n_prensa_recogida": 2, "noticias_ejemplo": [], "dyfi_max_cdi": null, "dyfi_respuestas": null, "dyfi_celdas": 0, "dyfi_min_dist_km": null, "poblacion_2026": 26766, "cabecera_2026": 6570, "rural_2026": 20196, "poblacion_fuente": "DANE PPED municipal por área 2018-2042", "en_aoi_copernicus": false, "estado": "solo_rud", "busqueda_propia": true, "fuentes": ["rud"], "unosat_edificios": null, "unosat_observados": null, "unosat_posibles": null, "unosat_fecha_imagen": null, "unosat_codigo_inconsistente": null, "sertit_edificios": null, "sertit_destruidos": null, "sertit_danados": null, "sertit_posibles": null, "sertit_sin_grado": null, "sertit_area_km2": null, "sertit_imagen_literal": null, "rud_familias": 100.0, "rud_personas": 214.0, "rud_viv_destruidas": 1.0, "rud_viv_averiadas": 88.0, "mmi_usgs": 4.4, "tasa_rud_pct": 0.7995}}, {"type": "Feature", "geometry": {"type": "Point", "coordinates": [-76.769467, 1.838451]}, "properties": {"municipio": "San Sebastián", "departamento": "Cauca", "divipola": "19693", "requiere_depto": true, "homonimo_de_departamento": false, "n_noticias": 0, "n_prensa_recogida": 26, "noticias_ejemplo": [], "dyfi_max_cdi": null, "dyfi_respuestas": null, "dyfi_celdas": 0, "dyfi_min_dist_km": null, "poblacion_2026": 10784, "cabecera_2026": 498, "rural_2026": 10286, "poblacion_fuente": "DANE PPED municipal por área 2018-2042", "en_aoi_copernicus": false, "estado": "solo_rud", "busqueda_propia": true, "fuentes": ["rud"], "unosat_edificios": null, "unosat_observados": null, "unosat_posibles": null, "unosat_fecha_imagen": null, "unosat_codigo_inconsistente": null, "sertit_edificios": null, "sertit_destruidos": null, "sertit_danados": null, "sertit_posibles": null, "sertit_sin_grado": null, "sertit_area_km2": null, "sertit_imagen_literal": null, "rud_familias": 96.0, "rud_personas": 242.0, "rud_viv_destruidas": 0.0, "rud_viv_averiadas": 96.0, "mmi_usgs": 4.2, "tasa_rud_pct": 2.2441}}, {"type": "Feature", "geometry": {"type": "Point", "coordinates": [-78.110217, 2.479688]}, "properties": {"municipio": "El Charco", "departamento": "Nariño", "divipola": "52250", "requiere_depto": true, "homonimo_de_departamento": false, "n_noticias": 2, "n_prensa_recogida": 3, "noticias_ejemplo": [{"fecha": "2026-09-09T00:02:27", "medio": "Google News — El Charco", "titulo": "Sismo de magnitud 3,1 se registró este martes cerca de El Charco, Nariño - ELHERALDO.CO", "url": "https://news.google.com/rss/articles/CBMitgFBVV95cUxNUENVR3pNZEQyWkpYMDY1SzRuTkR5ei0tTy13OWtTNGhKUExveS1pQVFQdTRCZmNJSjFkQjdqckpiZ2cxNm94QzM4V1VfMkY2ckQ4X0pOd05WbEFyTjNreVc3TlRHNHJRWlVkQlpEaG1pb19vSzh2RWJLM082UkFHY2VhS0JqZ3ZKWDhlalE2ZTVGaVhlQUdBWHl2OUNJSnBGWGstRFRmMU1yblV2ejEzS2VTSUhyZ9IB0AFBVV95cUxQZnlwQnpTZXllaXR2dGQzVVlySVB5YjV3d2h4aG1lcHNXaENvaUZfbk55ZEpBdmVnamJIZ0NKS3RaS1pFVXRjMGIxSTZCTk9lMjhZN2N5allsSDFZcWQtd2cwekJXbzI4SE5pd0ZWcmF4SDdtdElaSXFVdmticUpweXN0NV9zU1M0VkcwRHQ5ZGg1bzNMV0hnSWVPZG56cGttYjRxMHBpWUhra09DNUhuY0FqbEpwVnFpUUNpME41VGsyU01TZmZldnhSenZIS2Iy?oc=5"}, {"fecha": "2026-09-09T00:01:29", "medio": "Google News — El Charco", "titulo": "Sismo de magnitud 3,1 se registró este marte cerca de El Charco, Nariño - ELHERALDO.CO", "url": "https://news.google.com/rss/articles/CBMi0AFBVV95cUxQZnlwQnpTZXllaXR2dGQzVVlySVB5YjV3d2h4aG1lcHNXaENvaUZfbk55ZEpBdmVnamJIZ0NKS3RaS1pFVXRjMGIxSTZCTk9lMjhZN2N5allsSDFZcWQtd2cwekJXbzI4SE5pd0ZWcmF4SDdtdElaSXFVdmticUpweXN0NV9zU1M0VkcwRHQ5ZGg1bzNMV0hnSWVPZG56cGttYjRxMHBpWUhra09DNUhuY0FqbEpwVnFpUUNpME41VGsyU01TZmZldnhSenZIS2Iy0gHQAUFVX3lxTFBmeXBCelNleWVpdHZ0ZDNVWXJJUHliNXd3aHhobWVwc1doQ29pRl9uTnlkSkF2ZWdqYkhnQ0pLdFpLWkVVdGMwYjFJNkJOT2UyOFk3Y3lqWWxIMVlxZC13ZzB6QldvMjhITml3RlZyYXhIN210SVpJcVV2a2JxSnB5c3Q1X3NTUzRWRzBEdDlkaDVvM0xXSGdJZU9kbnpwa21iNHEwcGlZSGtrT0M1SG5jQWpsSnBWcWlRQ2kwTjVUazJTTVNmZmV2eFJ6dkhLYjI?oc=5"}], "dyfi_max_cdi": null, "dyfi_respuestas": null, "dyfi_celdas": 0, "dyfi_min_dist_km": null, "poblacion_2026": 22503, "cabecera_2026": 7530, "rural_2026": 14973, "poblacion_fuente": "DANE PPED municipal por área 2018-2042", "en_aoi_copernicus": false, "estado": "mencion_prensa", "busqueda_propia": true, "fuentes": ["prensa", "rud"], "unosat_edificios": null, "unosat_observados": null, "unosat_posibles": null, "unosat_fecha_imagen": null, "unosat_codigo_inconsistente": null, "sertit_edificios": null, "sertit_destruidos": null, "sertit_danados": null, "sertit_posibles": null, "sertit_sin_grado": null, "sertit_area_km2": null, "sertit_imagen_literal": null, "rud_familias": 96.0, "rud_personas": 96.0, "rud_viv_destruidas": 0.0, "rud_viv_averiadas": 0.0, "mmi_usgs": 5.1, "tasa_rud_pct": 0.4266}}, {"type": "Feature", "geometry": {"type": "Point", "coordinates": [-75.093182, 3.624324]}, "properties": {"municipio": "Natagaima", "departamento": "Tolima", "divipola": "73483", "requiere_depto": true, "homonimo_de_departamento": false, "n_noticias": 2, "n_prensa_recogida": 2, "noticias_ejemplo": [{"fecha": "2026-09-07T21:43:31", "medio": "Google News — Natagaima", "titulo": "Sismos pasados en o cerca de Natagaima, Tolima, Colombia, durante 2025 - Volcano Discovery", "url": "https://news.google.com/rss/articles/CBMinAFBVV95cUxQamJ4SmJaT1BBR2FmOU9iVmFZRjRPd3dON2dHYXZ4cm1ndl9MTk1zYnozMjc2NEFQbzZMMnVXNE00TjhieTNhNlh2WEdHX0VqUkRvNlltMnBDWTZGZndibTB3a1pFaHg1YjZUOGM4R2ZWelpQbU82YVpLYnFHODUxckFjQzBUU1ZFTW1SalU3MDVWNnlJTm0zdXNKeTE?oc=5"}, {"fecha": "2026-09-07T21:43:14", "medio": "Google News — Natagaima", "titulo": "Estadísticas de sismos: Municipio de Natagaima, Tolima, Colombia - Volcano Discovery", "url": "https://news.google.com/rss/articles/CBMikwFBVV95cUxNOU5vSVp3ZkNLSjF3ZUY4T2h3ZGJVMkViWTk4Tzd1blJ4ci1oM0Q5RmZnOXRnYWtjRW9mY1Iyb3VOQ0NaQ3hkazdUcTJ4NmpIVHhROWRTY2NhNllEQjloWEV2ZFZzSjh1R1k3YVFseERNbWFhRE1SQmEwNEJjcUxOWTRsc2htYTRGdlpxU3lKY2IzZFU?oc=5"}], "dyfi_max_cdi": null, "dyfi_respuestas": null, "dyfi_celdas": 0, "dyfi_min_dist_km": null, "poblacion_2026": 15989, "cabecera_2026": 8981, "rural_2026": 7008, "poblacion_fuente": "DANE PPED municipal por área 2018-2042", "en_aoi_copernicus": false, "estado": "mencion_prensa", "busqueda_propia": true, "fuentes": ["prensa", "rud"], "unosat_edificios": null, "unosat_observados": null, "unosat_posibles": null, "unosat_fecha_imagen": null, "unosat_codigo_inconsistente": null, "sertit_edificios": null, "sertit_destruidos": null, "sertit_danados": null, "sertit_posibles": null, "sertit_sin_grado": null, "sertit_area_km2": null, "sertit_imagen_literal": null, "rud_familias": 96.0, "rud_personas": 199.0, "rud_viv_destruidas": 0.0, "rud_viv_averiadas": 41.0, "mmi_usgs": 5.5, "tasa_rud_pct": 1.2446}}, {"type": "Feature", "geometry": {"type": "Point", "coordinates": [-75.117729, 5.030452]}, "properties": {"municipio": "Villahermosa", "departamento": "Tolima", "divipola": "73870", "requiere_depto": true, "homonimo_de_departamento": false, "n_noticias": 0, "n_prensa_recogida": 1, "noticias_ejemplo": [], "dyfi_max_cdi": null, "dyfi_respuestas": null, "dyfi_celdas": 0, "dyfi_min_dist_km": null, "poblacion_2026": 9603, "cabecera_2026": 3547, "rural_2026": 6056, "poblacion_fuente": "DANE PPED municipal por área 2018-2042", "en_aoi_copernicus": false, "estado": "solo_rud", "busqueda_propia": true, "fuentes": ["rud"], "unosat_edificios": null, "unosat_observados": null, "unosat_posibles": null, "unosat_fecha_imagen": null, "unosat_codigo_inconsistente": null, "sertit_edificios": null, "sertit_destruidos": null, "sertit_danados": null, "sertit_posibles": null, "sertit_sin_grado": null, "sertit_area_km2": null, "sertit_imagen_literal": null, "rud_familias": 94.0, "rud_personas": 106.0, "rud_viv_destruidas": 2.0, "rud_viv_averiadas": 80.0, "mmi_usgs": 4.6, "tasa_rud_pct": 1.1038}}, {"type": "Feature", "geometry": {"type": "Point", "coordinates": [-74.935555, 3.857246]}, "properties": {"municipio": "Purificación", "departamento": "Tolima", "divipola": "73585", "requiere_depto": true, "homonimo_de_departamento": false, "n_noticias": 0, "n_prensa_recogida": 0, "noticias_ejemplo": [], "dyfi_max_cdi": null, "dyfi_respuestas": null, "dyfi_celdas": 0, "dyfi_min_dist_km": null, "poblacion_2026": 24149, "cabecera_2026": 13726, "rural_2026": 10423, "poblacion_fuente": "DANE PPED municipal por área 2018-2042", "en_aoi_copernicus": false, "estado": "solo_rud", "busqueda_propia": true, "fuentes": ["rud"], "unosat_edificios": null, "unosat_observados": null, "unosat_posibles": null, "unosat_fecha_imagen": null, "unosat_codigo_inconsistente": null, "sertit_edificios": null, "sertit_destruidos": null, "sertit_danados": null, "sertit_posibles": null, "sertit_sin_grado": null, "sertit_area_km2": null, "sertit_imagen_literal": null, "rud_familias": 93.0, "rud_personas": 242.0, "rud_viv_destruidas": 0.0, "rud_viv_averiadas": 65.0, "mmi_usgs": 5.4, "tasa_rud_pct": 1.0021}}, {"type": "Feature", "geometry": {"type": "Point", "coordinates": [-74.911239, 5.317437]}, "properties": {"municipio": "Victoria", "departamento": "Caldas", "divipola": "17867", "requiere_depto": true, "homonimo_de_departamento": false, "n_noticias": 1, "n_prensa_recogida": 36, "noticias_ejemplo": [{"fecha": "2026-08-26T11:15:01", "medio": "Google News — Victoria", "titulo": "#PortadaLP Lavando las dificultades, Temblor mueve el piso, los ladrones el resto; 6 candidatos ya huelen la victoria en Caldas; Blindado para hacer el control fiscal; Entrevista con Carlos Felipe Mej", "url": "https://news.google.com/rss/articles/CBMi4gFBVV95cUxOVEhCSWRnZktIc0xzdDNSSGJRUDVpZUVEVlA4R0V2RHJUTHlHUWFzX2pCWnRwSEVZYW5xM0xDWDBJVHp4bUJiUnJNNWFWaXZqY0J1OFBvNW1UdFViZ0hYTG5zWDU5ckw1NVJTdnZDN0J1VnFEcHRpa3o1ZUpkZk9rWTAyNDlaSWV1OTNIZTktVTRRNkhmaEFObHZuS3JNMzhDUXR3SFkyd0ZuREJ5dVB6VEVOVkliRmlRamlRR2VVRzNvaXgzQmU1Rmp5Q3RpcU5vZmdWRE1CLVBodURLRGJnYkh3?oc=5"}], "dyfi_max_cdi": null, "dyfi_respuestas": null, "dyfi_celdas": 0, "dyfi_min_dist_km": null, "poblacion_2026": 11015, "cabecera_2026": 5095, "rural_2026": 5920, "poblacion_fuente": "DANE PPED municipal por área 2018-2042", "en_aoi_copernicus": false, "estado": "mencion_prensa", "busqueda_propia": true, "fuentes": ["prensa", "rud"], "unosat_edificios": null, "unosat_observados": null, "unosat_posibles": null, "unosat_fecha_imagen": null, "unosat_codigo_inconsistente": null, "sertit_edificios": null, "sertit_destruidos": null, "sertit_danados": null, "sertit_posibles": null, "sertit_sin_grado": null, "sertit_area_km2": null, "sertit_imagen_literal": null, "rud_familias": 89.0, "rud_personas": 192.0, "rud_viv_destruidas": 0.0, "rud_viv_averiadas": 13.0, "mmi_usgs": 4.9, "tasa_rud_pct": 1.7431}}, {"type": "Feature", "geometry": {"type": "Point", "coordinates": [-75.624452, 5.614555]}, "properties": {"municipio": "Valparaíso", "departamento": "Antioquia", "divipola": "05856", "requiere_depto": true, "homonimo_de_departamento": false, "n_noticias": 0, "n_prensa_recogida": 0, "noticias_ejemplo": [], "dyfi_max_cdi": 3.1, "dyfi_respuestas": 1, "dyfi_celdas": 1, "dyfi_min_dist_km": 154, "poblacion_2026": 6717, "cabecera_2026": 3946, "rural_2026": 2771, "poblacion_fuente": "DANE PPED municipal por área 2018-2042", "en_aoi_copernicus": false, "estado": "solo_rud", "busqueda_propia": true, "fuentes": ["dyfi", "rud"], "unosat_edificios": null, "unosat_observados": null, "unosat_posibles": null, "unosat_fecha_imagen": null, "unosat_codigo_inconsistente": null, "sertit_edificios": null, "sertit_destruidos": null, "sertit_danados": null, "sertit_posibles": null, "sertit_sin_grado": null, "sertit_area_km2": null, "sertit_imagen_literal": null, "rud_familias": 82.0, "rud_personas": 212.0, "rud_viv_destruidas": 1.0, "rud_viv_averiadas": 27.0, "mmi_usgs": 5.2, "tasa_rud_pct": 3.1562}}, {"type": "Feature", "geometry": {"type": "Point", "coordinates": [-76.896004, 6.588164]}, "properties": {"municipio": "Vigía del Fuerte", "departamento": "Antioquia", "divipola": "05873", "requiere_depto": true, "homonimo_de_departamento": false, "n_noticias": 0, "n_prensa_recogida": 4, "noticias_ejemplo": [], "dyfi_max_cdi": null, "dyfi_respuestas": null, "dyfi_celdas": 0, "dyfi_min_dist_km": null, "poblacion_2026": 11686, "cabecera_2026": 4273, "rural_2026": 7413, "poblacion_fuente": "DANE PPED municipal por área 2018-2042", "en_aoi_copernicus": false, "estado": "solo_rud", "busqueda_propia": true, "fuentes": ["rud"], "unosat_edificios": null, "unosat_observados": null, "unosat_posibles": null, "unosat_fecha_imagen": null, "unosat_codigo_inconsistente": null, "sertit_edificios": null, "sertit_destruidos": null, "sertit_danados": null, "sertit_posibles": null, "sertit_sin_grado": null, "sertit_area_km2": null, "sertit_imagen_literal": null, "rud_familias": 82.0, "rud_personas": 267.0, "rud_viv_destruidas": 4.0, "rud_viv_averiadas": 79.0, "mmi_usgs": 5.5, "tasa_rud_pct": 2.2848}}, {"type": "Feature", "geometry": {"type": "Point", "coordinates": [-75.315389, 2.521674]}, "properties": {"municipio": "Algeciras", "departamento": "Huila", "divipola": "41020", "requiere_depto": true, "homonimo_de_departamento": false, "n_noticias": 0, "n_prensa_recogida": 10, "noticias_ejemplo": [], "dyfi_max_cdi": null, "dyfi_respuestas": null, "dyfi_celdas": 0, "dyfi_min_dist_km": null, "poblacion_2026": 22750, "cabecera_2026": 11063, "rural_2026": 11687, "poblacion_fuente": "DANE PPED municipal por área 2018-2042", "en_aoi_copernicus": false, "estado": "solo_rud", "busqueda_propia": true, "fuentes": ["rud"], "unosat_edificios": null, "unosat_observados": null, "unosat_posibles": null, "unosat_fecha_imagen": null, "unosat_codigo_inconsistente": null, "sertit_edificios": null, "sertit_destruidos": null, "sertit_danados": null, "sertit_posibles": null, "sertit_sin_grado": null, "sertit_area_km2": null, "sertit_imagen_literal": null, "rud_familias": 82.0, "rud_personas": 176.0, "rud_viv_destruidas": 0.0, "rud_viv_averiadas": 53.0, "mmi_usgs": 4.3, "tasa_rud_pct": 0.7736}}, {"type": "Feature", "geometry": {"type": "Point", "coordinates": [-74.802815, 3.376745]}, "properties": {"municipio": "Colombia", "departamento": "Huila", "divipola": "41206", "requiere_depto": true, "homonimo_de_departamento": false, "n_noticias": 19, "n_prensa_recogida": 17, "noticias_ejemplo": [{"fecha": "2026-09-18T08:33:36", "medio": "Google News — Hobo", "titulo": "Últimos Sismos cerca de Hobo, Huila, Colombia: Temblores recientes últimos 7 días - Volcano Discovery", "url": "https://news.google.com/rss/articles/CBMi1gFBVV95cUxOVTlyZHlraHFVdnRPbzVST2xuTVo4bXJ6a21NU0VBakUxZWx1RkRFMkNKeDBfdEVuVmR1RDNxUU1GY1QyVDRMaUdIa0dmcENtVWt2dW1xeGpfQ3oxN0ZxQjBnb2k2YTBaTEJURWRkejF4ZzJHNzR1WjNwNGt1aTJiTmRKYlJ2RVZReERPd0J6aWRuSHQxR1ZuZnNnaXJJQXVZUlU3blF6Rk1mQVF3bFQtQVotYlB5ekRZaEN3MjM2SWpuQXMteU9Mc3hPWWhybFEtWHpwX2tB?oc=5"}, {"fecha": "2026-09-17T06:38:01", "medio": "Google News — Teruel", "titulo": "Últimos Sismos cerca de Teruel, Huila, Colombia: Temblores recientes últimos 7 días - VolcanoDiscovery", "url": "https://news.google.com/rss/articles/CBMi2AFBVV95cUxNYm95RGxRZ0hVSEpTNzBnT045Ti0tcEtVUnFkVFdpT2pPa2Y4RlhETHNNcVV4WnVXcDlOWGZ4NVVKaDY3UUNWSGpRSmFINDFCZzZkUDhhS216aHFXUksycE9adzRGME50NGd0ai05U0lhOXNfeEdnUDVkbktrM1BLQ29RUVZNUDdqVzZubmJBWXFXbHR1X1lzWFJwWHhkTTBXVXh3eHkyZFRwQTh1alRjTW5hX3d1eHN3b2lHZlF6RGNKZ0MwY0tDX0ZiSEVBVWRqS2xxV0p2eDk?oc=5"}, {"fecha": "2026-09-10T15:00:11", "medio": "Google News — Neiva", "titulo": "Colombia registra sismo de 3.5 en Los Santos: qué sintieron en el Huila - Opanoticias", "url": "https://news.google.com/rss/articles/CBMiogFBVV95cUxOMDJVTHljTC1PNkp3aEFWRTJkQTVtVDJ2SEIxMnZyN19CZlhfYTR1czRzbGExa1dLUGxLOHNlRjlaVFpSclV3Qk5XUXpMWVVxeVpuWVRtT282STVVYXB4LW5KY3BRelZCQ1JENWJuWDBycnJEZW0yU0NVQTZpLTU0alB2NmRUVldyc2E1bDZLNTNudkhpTDhvSEdsOENrb2huY1E?oc=5"}], "dyfi_max_cdi": null, "dyfi_respuestas": null, "dyfi_celdas": 0, "dyfi_min_dist_km": null, "poblacion_2026": 7761, "cabecera_2026": 2256, "rural_2026": 5505, "poblacion_fuente": "DANE PPED municipal por área 2018-2042", "en_aoi_copernicus": false, "estado": "mencion_prensa", "busqueda_propia": true, "fuentes": ["prensa", "rud"], "unosat_edificios": null, "unosat_observados": null, "unosat_posibles": null, "unosat_fecha_imagen": null, "unosat_codigo_inconsistente": null, "sertit_edificios": null, "sertit_destruidos": null, "sertit_danados": null, "sertit_posibles": null, "sertit_sin_grado": null, "sertit_area_km2": null, "sertit_imagen_literal": null, "rud_familias": 78.0, "rud_personas": 169.0, "rud_viv_destruidas": 0.0, "rud_viv_averiadas": 63.0, "mmi_usgs": 4.8, "tasa_rud_pct": 2.1776}}, {"type": "Feature", "geometry": {"type": "Point", "coordinates": [-75.822956, 5.864542]}, "properties": {"municipio": "Tarso", "departamento": "Antioquia", "divipola": "05792", "requiere_depto": true, "homonimo_de_departamento": false, "n_noticias": 0, "n_prensa_recogida": 9, "noticias_ejemplo": [], "dyfi_max_cdi": null, "dyfi_respuestas": null, "dyfi_celdas": 0, "dyfi_min_dist_km": null, "poblacion_2026": 6597, "cabecera_2026": 3736, "rural_2026": 2861, "poblacion_fuente": "DANE PPED municipal por área 2018-2042", "en_aoi_copernicus": false, "estado": "solo_rud", "busqueda_propia": true, "fuentes": ["rud"], "unosat_edificios": null, "unosat_observados": null, "unosat_posibles": null, "unosat_fecha_imagen": null, "unosat_codigo_inconsistente": null, "sertit_edificios": null, "sertit_destruidos": null, "sertit_danados": null, "sertit_posibles": null, "sertit_sin_grado": null, "sertit_area_km2": null, "sertit_imagen_literal": null, "rud_familias": 77.0, "rud_personas": 180.0, "rud_viv_destruidas": 1.0, "rud_viv_averiadas": 33.0, "mmi_usgs": 5.1, "tasa_rud_pct": 2.7285}}, {"type": "Feature", "geometry": {"type": "Point", "coordinates": [-77.131316, 1.600219]}, "properties": {"municipio": "La Unión (Nariño)", "departamento": "Nariño", "divipola": "52399", "requiere_depto": true, "homonimo_de_departamento": false, "n_noticias": 0, "n_prensa_recogida": 0, "noticias_ejemplo": [], "dyfi_max_cdi": null, "dyfi_respuestas": null, "dyfi_celdas": 0, "dyfi_min_dist_km": null, "poblacion_2026": 35059, "cabecera_2026": 14178, "rural_2026": 20881, "poblacion_fuente": "DANE PPED municipal por área 2018-2042", "en_aoi_copernicus": false, "estado": "solo_rud", "busqueda_propia": true, "fuentes": ["rud"], "unosat_edificios": null, "unosat_observados": null, "unosat_posibles": null, "unosat_fecha_imagen": null, "unosat_codigo_inconsistente": null, "sertit_edificios": null, "sertit_destruidos": null, "sertit_danados": null, "sertit_posibles": null, "sertit_sin_grado": null, "sertit_area_km2": null, "sertit_imagen_literal": null, "rud_familias": 75.0, "rud_personas": 128.0, "rud_viv_destruidas": 1.0, "rud_viv_averiadas": 73.0, "mmi_usgs": 4.2, "tasa_rud_pct": 0.3651}}, {"type": "Feature", "geometry": {"type": "Point", "coordinates": [-75.061959, 4.92042]}, "properties": {"municipio": "Líbano", "departamento": "Tolima", "divipola": "73411", "requiere_depto": true, "homonimo_de_departamento": false, "n_noticias": 2, "n_prensa_recogida": 8, "noticias_ejemplo": [{"fecha": "2026-09-25T02:12:53", "medio": "Google News — Líbano", "titulo": "Sismos cerca de Libano, Tolima, Colombia: Terremotos hoy y últimos 30 días - Volcano Discovery", "url": "https://news.google.com/rss/articles/CBMi1wFBVV95cUxOc0F5S0ZUZlE1Rm9HclJOcFc3Y2FpYXlkX3Q0d1NFZV8zc2FjZkV2Vm1IOW5DSTNRbmQ1UVRwczBmUHFuTWsxa3FTUGVERlc3ZlVvc1dEWEl2OVhfelpQbDBwR1ZvRk9JMjBmQUdjTTRnQjZlWUF2b2tOdm5NYnhwV21nTGhtWDlIZjh6UmZtWFdQSWVNWFhRTDBfcGNhdVE2d1ZlY0xRbXh3UU1UWFpCSDdaNDRQcmZhSTRtWnBzaWxwTkdTSHhONENJVzRIWVBTbmQyWHFmYw?oc=5"}, {"fecha": "2026-09-15T06:15:15", "medio": "Google News — Líbano", "titulo": "Líbano, Murillo y Falan: destinos del Tolima que esperan a los viajeros tras el terremoto - elcronista.co", "url": "https://news.google.com/rss/articles/CBMivAFBVV95cUxQaHBoWlNoMmY2WkZoczJFRW1tT1hqVU52cTEwRG0xLUt0d001Snh1RkpBRWl3SF9QZVp4bUE1YXdzRTdVcnFlUWhZUU1SWDNRemlvNzU5RnJtOXdQUGdlZzlzS0ZVN0lWMUJOZUJqRDNZaVFqYmhNcjdjSGptc1VjRTJoVTU1Y2g3MjZLb1RId3ZxbF9qOFhQWnhISGhkNWF2SWx1cVJUbFJmUnJCeTRPLVZsTDV5WUxlTGYwcw?oc=5"}], "dyfi_max_cdi": 4.3, "dyfi_respuestas": 1, "dyfi_celdas": 1, "dyfi_min_dist_km": 169, "poblacion_2026": 37626, "cabecera_2026": 24178, "rural_2026": 13448, "poblacion_fuente": "DANE PPED municipal por área 2018-2042", "en_aoi_copernicus": false, "estado": "mencion_prensa", "busqueda_propia": true, "fuentes": ["prensa", "dyfi", "rud"], "unosat_edificios": null, "unosat_observados": null, "unosat_posibles": null, "unosat_fecha_imagen": null, "unosat_codigo_inconsistente": null, "sertit_edificios": null, "sertit_destruidos": null, "sertit_danados": null, "sertit_posibles": null, "sertit_sin_grado": null, "sertit_area_km2": null, "sertit_imagen_literal": null, "rud_familias": 75.0, "rud_personas": 110.0, "rud_viv_destruidas": 1.0, "rud_viv_averiadas": 26.0, "mmi_usgs": 4.8, "tasa_rud_pct": 0.2924}}, {"type": "Feature", "geometry": {"type": "Point", "coordinates": [-74.929333, 4.717878]}, "properties": {"municipio": "Venadillo", "departamento": "Tolima", "divipola": "73861", "requiere_depto": true, "homonimo_de_departamento": false, "n_noticias": 0, "n_prensa_recogida": 3, "noticias_ejemplo": [], "dyfi_max_cdi": null, "dyfi_respuestas": null, "dyfi_celdas": 0, "dyfi_min_dist_km": null, "poblacion_2026": 13092, "cabecera_2026": 8943, "rural_2026": 4149, "poblacion_fuente": "DANE PPED municipal por área 2018-2042", "en_aoi_copernicus": false, "estado": "solo_rud", "busqueda_propia": true, "fuentes": ["rud"], "unosat_edificios": null, "unosat_observados": null, "unosat_posibles": null, "unosat_fecha_imagen": null, "unosat_codigo_inconsistente": null, "sertit_edificios": null, "sertit_destruidos": null, "sertit_danados": null, "sertit_posibles": null, "sertit_sin_grado": null, "sertit_area_km2": null, "sertit_imagen_literal": null, "rud_familias": 75.0, "rud_personas": 139.0, "rud_viv_destruidas": 2.0, "rud_viv_averiadas": 3.0, "mmi_usgs": 5.4, "tasa_rud_pct": 1.0617}}, {"type": "Feature", "geometry": {"type": "Point", "coordinates": [-75.332616, 6.282164]}, "properties": {"municipio": "San Vicente Ferrer", "departamento": "Antioquia", "divipola": "05674", "requiere_depto": true, "homonimo_de_departamento": false, "n_noticias": 0, "n_prensa_recogida": 1, "noticias_ejemplo": [], "dyfi_max_cdi": null, "dyfi_respuestas": null, "dyfi_celdas": 0, "dyfi_min_dist_km": null, "poblacion_2026": 24984, "cabecera_2026": 7188, "rural_2026": 17796, "poblacion_fuente": "DANE PPED municipal por área 2018-2042", "en_aoi_copernicus": false, "estado": "solo_rud", "busqueda_propia": true, "fuentes": ["rud"], "unosat_edificios": null, "unosat_observados": null, "unosat_posibles": null, "unosat_fecha_imagen": null, "unosat_codigo_inconsistente": null, "sertit_edificios": null, "sertit_destruidos": null, "sertit_danados": null, "sertit_posibles": null, "sertit_sin_grado": null, "sertit_area_km2": null, "sertit_imagen_literal": null, "rud_familias": 72.0, "rud_personas": 177.0, "rud_viv_destruidas": 0.0, "rud_viv_averiadas": 33.0, "mmi_usgs": 4.5, "tasa_rud_pct": 0.7085}}, {"type": "Feature", "geometry": {"type": "Point", "coordinates": [-74.668819, 5.460834]}, "properties": {"municipio": "La Dorada", "departamento": "Caldas", "divipola": "17380", "requiere_depto": true, "homonimo_de_departamento": false, "n_noticias": 1, "n_prensa_recogida": 15, "noticias_ejemplo": [{"fecha": "2026-08-11T20:05:18", "medio": "Google News — Líbano", "titulo": "Sismo débil mag. 2.2 (inconfirmado) - Cundinamarca, 31 km al este de La Dorada, Caldas, Colombia, Tuesday 11 Aug 2026 a las 14:19 (GMT -5) - Volcano Discovery", "url": "https://news.google.com/rss/articles/CBMiowFBVV95cUxQRE8tT0h2NkZGeWNTbS1LQ216X2NveS12c0xJa1hxeGZiUnhHNGRIQjRYZ0twZzhxRHktTUZXd243dnRfdTBRZzVnT1A5NVdFYzlBbHhHdTFPS0lTVE0xMDNwaEkyN0dMRjl1M2QwX3Q5a0djMUZvdS1raUNHcDA0VWJxNmwyZVh3YkdNQnFXU2xJTENLQ09lQzYwcXR3bnMzQnpZ?oc=5"}], "dyfi_max_cdi": null, "dyfi_respuestas": null, "dyfi_celdas": 0, "dyfi_min_dist_km": null, "poblacion_2026": 71480, "cabecera_2026": 63028, "rural_2026": 8452, "poblacion_fuente": "DANE PPED municipal por área 2018-2042", "en_aoi_copernicus": false, "estado": "mencion_prensa", "busqueda_propia": true, "fuentes": ["prensa", "rud"], "unosat_edificios": null, "unosat_observados": null, "unosat_posibles": null, "unosat_fecha_imagen": null, "unosat_codigo_inconsistente": null, "sertit_edificios": null, "sertit_destruidos": null, "sertit_danados": null, "sertit_posibles": null, "sertit_sin_grado": null, "sertit_area_km2": null, "sertit_imagen_literal": null, "rud_familias": 69.0, "rud_personas": 147.0, "rud_viv_destruidas": 0.0, "rud_viv_averiadas": 46.0, "mmi_usgs": 5.3, "tasa_rud_pct": 0.2057}}, {"type": "Feature", "geometry": {"type": "Point", "coordinates": [-77.24905, 2.257427]}, "properties": {"municipio": "Argelia (Cauca)", "departamento": "Cauca", "divipola": "19050", "requiere_depto": true, "homonimo_de_departamento": false, "n_noticias": 2, "n_prensa_recogida": 1, "noticias_ejemplo": [{"fecha": "2026-08-12T07:00:00", "medio": "Google News — Argelia", "titulo": "Así quedó Argelia, Valle del Cauca, tras el terremoto: imágenes de viviendas agrietadas y vías rurales afectadas - Revista Semana", "url": "https://news.google.com/rss/articles/CBMi8wFBVV95cUxPR0lBZXlxdFVnMGRwUEY3VmJaZjVPMWtrSlhYbm1EbTFSNVFkQjJoajItZ2o1UjhCQUtFYnlPY0d0QVhVWFV1NWhDc3lBelByb2V0SGNQX0k0azZvUWJRbXVVZDdhNnVlelQ4UTRIOUdxamRqYXdvVlpZREdPb3A0bDcwV3Bla2k1anV2LUhwaDNvd0ZHOVYxOEhXbENTaFhXZkUwMkx3cGd2blo5V3N1dnRtRWlZY1BRUENEeHgxTGJyd1A1WVdtNjg2b3VQNUNiZTdjcDFHbEtvV00xLWZ2WWFzQmV0VHg4N0ZXalNGb1RoZWM?oc=5"}, {"fecha": "2026-08-12T07:00:00", "medio": "Google News — Argelia", "titulo": "Así quedó Argelia, Valle del Cauca, tras el terremoto: imágenes de viviendas agrietadas y vías rurales afectadas - Revista Semana", "url": "https://news.google.com/rss/articles/CBMi8wFBVV95cUxPR0lBZXlxdFVnMGRwUEY3VmJaZjVPMWtrSlhYbm1EbTFSNVFkQjJoajItZ2o1UjhCQUtFYnlPY0d0QVhVWFV1NWhDc3lBelByb2V0SGNQX0k0azZvUWJRbXVVZDdhNnVlelQ4UTRIOUdxamRqYXdvVlpZREdPb3A0bDcwV3Bla2k1anV2LUhwaDNvd0ZHOVYxOEhXbENTaFhXZkUwMkx3cGd2blo5V3N1dnRtRWlZY1BRUENEeHgxTGJyd1A1WVdtNjg2b3VQNUNiZTdjcDFHbEtvV00xLWZ2WWFzQmV0VHg4N0ZXalNGb1RoZWPSAfgBQVVfeXFMTkFVNUkzckpFUHlUczJJVjVXMlJmSWJFcXFsVHpPV1A0c2Jmd0Y5MFVhdDNIT3prVVVnaDlwZXFrZUF5bTlia3hfTnd6VGRERS1idmNPVmk0VHVUNlFEa0YzM2xOTENPZ2xjTGItdFJMbVQ3cHBmZ3kyOGNnTGxFM2dCVU9ZaXRONnJobWJINWsxeTFUeG9HUVkxN1pWeWduMHB1ZG5LRGRBRjNkeHZUZC0yOGFnUEx6UTV3RXNqSFdBMFhyWGpOaXJuZUh4Si01MzQ1QkFBZlZtai1EMHpKU2NJX2JjYnhTN3pFV1F5R18wVHhSWWpVVXg?oc=5"}], "dyfi_max_cdi": null, "dyfi_respuestas": null, "dyfi_celdas": 0, "dyfi_min_dist_km": null, "poblacion_2026": 27853, "cabecera_2026": 2511, "rural_2026": 25342, "poblacion_fuente": "DANE PPED municipal por área 2018-2042", "en_aoi_copernicus": false, "estado": "mencion_prensa", "busqueda_propia": true, "fuentes": ["prensa", "rud"], "unosat_edificios": null, "unosat_observados": null, "unosat_posibles": null, "unosat_fecha_imagen": null, "unosat_codigo_inconsistente": null, "sertit_edificios": null, "sertit_destruidos": null, "sertit_danados": null, "sertit_posibles": null, "sertit_sin_grado": null, "sertit_area_km2": null, "sertit_imagen_literal": null, "rud_familias": 69.0, "rud_personas": 176.0, "rud_viv_destruidas": 3.0, "rud_viv_averiadas": 35.0, "mmi_usgs": 4.5, "tasa_rud_pct": 0.6319}}, {"type": "Feature", "geometry": {"type": "Point", "coordinates": [-75.979763, 2.198496]}, "properties": {"municipio": "La Argentina", "departamento": "Huila", "divipola": "41378", "requiere_depto": true, "homonimo_de_departamento": false, "n_noticias": 0, "n_prensa_recogida": 2, "noticias_ejemplo": [], "dyfi_max_cdi": null, "dyfi_respuestas": null, "dyfi_celdas": 0, "dyfi_min_dist_km": null, "poblacion_2026": 14169, "cabecera_2026": 5331, "rural_2026": 8838, "poblacion_fuente": "DANE PPED municipal por área 2018-2042", "en_aoi_copernicus": false, "estado": "solo_rud", "busqueda_propia": true, "fuentes": ["rud"], "unosat_edificios": null, "unosat_observados": null, "unosat_posibles": null, "unosat_fecha_imagen": null, "unosat_codigo_inconsistente": null, "sertit_edificios": null, "sertit_destruidos": null, "sertit_danados": null, "sertit_posibles": null, "sertit_sin_grado": null, "sertit_area_km2": null, "sertit_imagen_literal": null, "rud_familias": 67.0, "rud_personas": 149.0, "rud_viv_destruidas": 1.0, "rud_viv_averiadas": 66.0, "mmi_usgs": 4.3, "tasa_rud_pct": 1.0516}}, {"type": "Feature", "geometry": {"type": "Point", "coordinates": [-75.60781, 5.743808]}, "properties": {"municipio": "La Pintada", "departamento": "Antioquia", "divipola": "05390", "requiere_depto": true, "homonimo_de_departamento": false, "n_noticias": 3, "n_prensa_recogida": 21, "noticias_ejemplo": [{"fecha": "2026-08-15T19:21:29", "medio": "Google News — La Pintada", "titulo": "Terremoto dejó 22 sedes de alcaldías afectadas en Antioquia: La Pintada presenta la situación más crítica - abceconomia.co", "url": "https://news.google.com/rss/articles/CBMiswFBVV95cUxQSDEyX0JtX3NWVEVQeFBCQll0dnoxSnRUZFRJZVp6bDhLcFVhTlhEaE9BLUsxNzRKbUZ1RXJCaGdDX1BtWU9YQWtMMjQwdVNnMmhSWlVfc0hiN0liX196Yy1xNVd4X00yM0xJeVpIMVF1Z25OQjFtaTFxMGRCbmZvLThXTUNkUTBLS0NLRkJJVkxaYnBzY1U4NEN1SGxUVVhzYW1JUjBoUFYyZGxvc1l6SmtjUQ?oc=5"}, {"fecha": "2026-08-13T07:00:00", "medio": "Google News — La Pintada", "titulo": "Infraestructura de la Alcaldía de La Pintada, la más afectada tras el sismo en Antioquia - Caracol Radio", "url": "https://news.google.com/rss/articles/CBMivwFBVV95cUxOdHBEVUVuYzlCR0pBcHlWZVRNUVJnT3pqcTFpSDA2S21NdXl3R2VZMjBVNTM0NzRWcTFReW1XSjNKX1VVRmdtWFdmS2kxUzF5ZUJnVUZRS0pPR2lkNnhjMWJTNjlCZk5FMW9HajNGR0FkeTFIVk5JTktxZ2VZV050Z21DN2NER2luSHZOVEtrQ0UtM2k5SjJ5TnNwLXdUek52VzY0eFN0NU4zVmY1c25HM2lyeTdpUnhDYmJZUXBRb9IB0wFBVV95cUxNdHd5N3I5OXcxTTYxUW8zYktraEJyTGg0Q29EWE40TjhqQjlTMWM5UXR0QzZjaUxWcXFPN3ZJMjJHRzRjRUVhNFN0QUlkMnN2Y2M2bkdFTFBoX285a3RhQWl0Rk9rX0dMbzd1MFdEZkJfZUJkY3lUZDhFd2Rld3dYVXYyRS04YmZUbGVRT0NQLWRmekt3ZVJtSGFSRlQxcmRVY2QtbUw0ZW5SMUVSWUd2STJYRXN0ZG5jaVU0N1hCNTNiY3BsdnJyYy1aTi1fd0NqOTFn?oc=5"}, {"fecha": "2026-08-13T07:00:00", "medio": "Google News — La Pintada", "titulo": "Terremoto dejó 22 sedes de alcaldías afectadas en Antioquia: La Pintada, la más crítica - Blu Radio", "url": "https://news.google.com/rss/articles/CBMizwFBVV95cUxNWDdBWXVHWWZKQXhsM19RcjYzel92ZlF4MlZyemlMRFJxY1VTZWdNaGpreUI1T2NodkpST3hIZDBMVHRIUkJGRUxsQU9UVG1tNzBtcmE4VU5XdC1fRldpZWhUbDhsY2ZEM29hSnVVQzF2R1JxbUhIcjB1cTFfM2J2bnBNSGlMYzl2S2VNMHg4OUM3NERQZ1l4SWhNWVB5RW9GWTdacTZPZ2JrcE1wdGdKRkRqa29qT2k4NkFXR1NkcVQzUHB0djRTMXplcFp3WE3SAdwBQVVfeXFMTjBoYkszc2llcXVXMFUyY1l4M3BVWHltZDVWVDJvMUNpVDhBZ3VsRjdUN2tIak1sNldvQVNfRkJqQ1JpcTJoMlNrZkh2NG1kZ1ZULXBZT2xHUUNJdXZhN2U1dm9xX3RyU3ZZSjY5azY4X0ZtTXRkNzNuR3V1SnI2bFkzbGNJX2pLN0RMNkpxT09haDNCNnFyT0dTWUVIQlBEaVk1OXBicW9QazVlV21VSUt6VXZaWERndzdzWm9XQnhyTzBxbk9BQ3phaWNMWDdvWnpOc0FrRFJKQ29HbQ?oc=5"}], "dyfi_max_cdi": null, "dyfi_respuestas": null, "dyfi_celdas": 0, "dyfi_min_dist_km": null, "poblacion_2026": 8722, "cabecera_2026": 7811, "rural_2026": 911, "poblacion_fuente": "DANE PPED municipal por área 2018-2042", "en_aoi_copernicus": false, "estado": "mencion_prensa", "busqueda_propia": true, "fuentes": ["prensa", "rud"], "unosat_edificios": null, "unosat_observados": null, "unosat_posibles": null, "unosat_fecha_imagen": null, "unosat_codigo_inconsistente": null, "sertit_edificios": null, "sertit_destruidos": null, "sertit_danados": null, "sertit_posibles": null, "sertit_sin_grado": null, "sertit_area_km2": null, "sertit_imagen_literal": null, "rud_familias": 64.0, "rud_personas": 126.0, "rud_viv_destruidas": 0.0, "rud_viv_averiadas": 59.0, "mmi_usgs": 5.4, "tasa_rud_pct": 1.4446}}, {"type": "Feature", "geometry": {"type": "Point", "coordinates": [-75.02849, 6.293759]}, "properties": {"municipio": "San Rafael", "departamento": "Antioquia", "divipola": "05667", "requiere_depto": true, "homonimo_de_departamento": false, "n_noticias": 0, "n_prensa_recogida": 9, "noticias_ejemplo": [], "dyfi_max_cdi": null, "dyfi_respuestas": null, "dyfi_celdas": 0, "dyfi_min_dist_km": null, "poblacion_2026": 17572, "cabecera_2026": 9133, "rural_2026": 8439, "poblacion_fuente": "DANE PPED municipal por área 2018-2042", "en_aoi_copernicus": false, "estado": "solo_rud", "busqueda_propia": true, "fuentes": ["rud"], "unosat_edificios": null, "unosat_observados": null, "unosat_posibles": null, "unosat_fecha_imagen": null, "unosat_codigo_inconsistente": null, "sertit_edificios": null, "sertit_destruidos": null, "sertit_danados": null, "sertit_posibles": null, "sertit_sin_grado": null, "sertit_area_km2": null, "sertit_imagen_literal": null, "rud_familias": 63.0, "rud_personas": 152.0, "rud_viv_destruidas": 0.0, "rud_viv_averiadas": 0.0, "mmi_usgs": 4.5, "tasa_rud_pct": 0.865}}, {"type": "Feature", "geometry": {"type": "Point", "coordinates": [-75.518023, 2.664694]}, "properties": {"municipio": "Yaguará", "departamento": "Huila", "divipola": "41885", "requiere_depto": true, "homonimo_de_departamento": false, "n_noticias": 0, "n_prensa_recogida": 1, "noticias_ejemplo": [], "dyfi_max_cdi": null, "dyfi_respuestas": null, "dyfi_celdas": 0, "dyfi_min_dist_km": null, "poblacion_2026": 8074, "cabecera_2026": 6736, "rural_2026": 1338, "poblacion_fuente": "DANE PPED municipal por área 2018-2042", "en_aoi_copernicus": false, "estado": "solo_rud", "busqueda_propia": true, "fuentes": ["rud"], "unosat_edificios": null, "unosat_observados": null, "unosat_posibles": null, "unosat_fecha_imagen": null, "unosat_codigo_inconsistente": null, "sertit_edificios": null, "sertit_destruidos": null, "sertit_danados": null, "sertit_posibles": null, "sertit_sin_grado": null, "sertit_area_km2": null, "sertit_imagen_literal": null, "rud_familias": 63.0, "rud_personas": 164.0, "rud_viv_destruidas": 0.0, "rud_viv_averiadas": 0.0, "mmi_usgs": 4.5, "tasa_rud_pct": 2.0312}}, {"type": "Feature", "geometry": {"type": "Point", "coordinates": [-74.953007, 5.123104]}, "properties": {"municipio": "Falan", "departamento": "Tolima", "divipola": "73270", "requiere_depto": true, "homonimo_de_departamento": false, "n_noticias": 1, "n_prensa_recogida": 3, "noticias_ejemplo": [{"fecha": "2026-09-15T06:15:15", "medio": "Google News — Líbano", "titulo": "Líbano, Murillo y Falan: destinos del Tolima que esperan a los viajeros tras el terremoto - elcronista.co", "url": "https://news.google.com/rss/articles/CBMivAFBVV95cUxQaHBoWlNoMmY2WkZoczJFRW1tT1hqVU52cTEwRG0xLUt0d001Snh1RkpBRWl3SF9QZVp4bUE1YXdzRTdVcnFlUWhZUU1SWDNRemlvNzU5RnJtOXdQUGdlZzlzS0ZVN0lWMUJOZUJqRDNZaVFqYmhNcjdjSGptc1VjRTJoVTU1Y2g3MjZLb1RId3ZxbF9qOFhQWnhISGhkNWF2SWx1cVJUbFJmUnJCeTRPLVZsTDV5WUxlTGYwcw?oc=5"}], "dyfi_max_cdi": null, "dyfi_respuestas": null, "dyfi_celdas": 0, "dyfi_min_dist_km": null, "poblacion_2026": 7994, "cabecera_2026": 1958, "rural_2026": 6036, "poblacion_fuente": "DANE PPED municipal por área 2018-2042", "en_aoi_copernicus": false, "estado": "mencion_prensa", "busqueda_propia": true, "fuentes": ["prensa", "rud"], "unosat_edificios": null, "unosat_observados": null, "unosat_posibles": null, "unosat_fecha_imagen": null, "unosat_codigo_inconsistente": null, "sertit_edificios": null, "sertit_destruidos": null, "sertit_danados": null, "sertit_posibles": null, "sertit_sin_grado": null, "sertit_area_km2": null, "sertit_imagen_literal": null, "rud_familias": 63.0, "rud_personas": 78.0, "rud_viv_destruidas": 0.0, "rud_viv_averiadas": 22.0, "mmi_usgs": 4.8, "tasa_rud_pct": 0.9757}}, {"type": "Feature", "geometry": {"type": "Point", "coordinates": [-75.555245, 6.333587]}, "properties": {"municipio": "Bello", "departamento": "Antioquia", "divipola": "05088", "requiere_depto": true, "homonimo_de_departamento": false, "n_noticias": 0, "n_prensa_recogida": 9, "noticias_ejemplo": [], "dyfi_max_cdi": 6.8, "dyfi_respuestas": 68, "dyfi_celdas": 3, "dyfi_min_dist_km": 201, "poblacion_2026": 609168, "cabecera_2026": 587840, "rural_2026": 21328, "poblacion_fuente": "DANE PPED municipal por área 2018-2042", "en_aoi_copernicus": false, "estado": "intensidad_alta", "busqueda_propia": true, "fuentes": ["dyfi", "rud"], "unosat_edificios": null, "unosat_observados": null, "unosat_posibles": null, "unosat_fecha_imagen": null, "unosat_codigo_inconsistente": null, "sertit_edificios": null, "sertit_destruidos": null, "sertit_danados": null, "sertit_posibles": null, "sertit_sin_grado": null, "sertit_area_km2": null, "sertit_imagen_literal": null, "rud_familias": 61.0, "rud_personas": 201.0, "rud_viv_destruidas": 0.0, "rud_viv_averiadas": 44.0, "mmi_usgs": 4.9, "tasa_rud_pct": 0.033}}, {"type": "Feature", "geometry": {"type": "Point", "coordinates": [-75.093772, 4.631756]}, "properties": {"municipio": "Anzoátegui", "departamento": "Tolima", "divipola": "73043", "requiere_depto": true, "homonimo_de_departamento": false, "n_noticias": 0, "n_prensa_recogida": 0, "noticias_ejemplo": [], "dyfi_max_cdi": null, "dyfi_respuestas": null, "dyfi_celdas": 0, "dyfi_min_dist_km": null, "poblacion_2026": 10643, "cabecera_2026": 1623, "rural_2026": 9020, "poblacion_fuente": "DANE PPED municipal por área 2018-2042", "en_aoi_copernicus": false, "estado": "solo_rud", "busqueda_propia": true, "fuentes": ["rud"], "unosat_edificios": null, "unosat_observados": null, "unosat_posibles": null, "unosat_fecha_imagen": null, "unosat_codigo_inconsistente": null, "sertit_edificios": null, "sertit_destruidos": null, "sertit_danados": null, "sertit_posibles": null, "sertit_sin_grado": null, "sertit_area_km2": null, "sertit_imagen_literal": null, "rud_familias": 61.0, "rud_personas": 72.0, "rud_viv_destruidas": 0.0, "rud_viv_averiadas": 15.0, "mmi_usgs": 5.3, "tasa_rud_pct": 0.6765}}, {"type": "Feature", "geometry": {"type": "Point", "coordinates": [-74.988097, 6.187746]}, "properties": {"municipio": "San Carlos", "departamento": "Antioquia", "divipola": "05649", "requiere_depto": true, "homonimo_de_departamento": false, "n_noticias": 0, "n_prensa_recogida": 25, "noticias_ejemplo": [], "dyfi_max_cdi": null, "dyfi_respuestas": null, "dyfi_celdas": 0, "dyfi_min_dist_km": null, "poblacion_2026": 16961, "cabecera_2026": 7985, "rural_2026": 8976, "poblacion_fuente": "DANE PPED municipal por área 2018-2042", "en_aoi_copernicus": false, "estado": "solo_rud", "busqueda_propia": true, "fuentes": ["rud"], "unosat_edificios": null, "unosat_observados": null, "unosat_posibles": null, "unosat_fecha_imagen": null, "unosat_codigo_inconsistente": null, "sertit_edificios": null, "sertit_destruidos": null, "sertit_danados": null, "sertit_posibles": null, "sertit_sin_grado": null, "sertit_area_km2": null, "sertit_imagen_literal": null, "rud_familias": 59.0, "rud_personas": 161.0, "rud_viv_destruidas": 0.0, "rud_viv_averiadas": 0.0, "mmi_usgs": 4.5, "tasa_rud_pct": 0.9492}}, {"type": "Feature", "geometry": {"type": "Point", "coordinates": [-75.176262, 5.610777]}, "properties": {"municipio": "Nariño", "departamento": "Antioquia", "divipola": "05483", "requiere_depto": true, "homonimo_de_departamento": true, "n_noticias": null, "n_prensa_recogida": 0, "noticias_ejemplo": [], "dyfi_max_cdi": null, "dyfi_respuestas": null, "dyfi_celdas": 0, "dyfi_min_dist_km": null, "poblacion_2026": 11059, "cabecera_2026": 3757, "rural_2026": 7302, "poblacion_fuente": "DANE PPED municipal por área 2018-2042", "en_aoi_copernicus": false, "estado": "solo_rud", "busqueda_propia": false, "fuentes": ["rud"], "unosat_edificios": null, "unosat_observados": null, "unosat_posibles": null, "unosat_fecha_imagen": null, "unosat_codigo_inconsistente": null, "sertit_edificios": null, "sertit_destruidos": null, "sertit_danados": null, "sertit_posibles": null, "sertit_sin_grado": null, "sertit_area_km2": null, "sertit_imagen_literal": null, "rud_familias": 58.0, "rud_personas": 130.0, "rud_viv_destruidas": 1.0, "rud_viv_averiadas": 57.0, "mmi_usgs": 5.3, "tasa_rud_pct": 1.1755}}, {"type": "Feature", "geometry": {"type": "Point", "coordinates": [-76.173284, 6.898393]}, "properties": {"municipio": "Uramita", "departamento": "Antioquia", "divipola": "05842", "requiere_depto": true, "homonimo_de_departamento": false, "n_noticias": 0, "n_prensa_recogida": 5, "noticias_ejemplo": [], "dyfi_max_cdi": null, "dyfi_respuestas": null, "dyfi_celdas": 0, "dyfi_min_dist_km": null, "poblacion_2026": 7527, "cabecera_2026": 2537, "rural_2026": 4990, "poblacion_fuente": "DANE PPED municipal por área 2018-2042", "en_aoi_copernicus": false, "estado": "solo_rud", "busqueda_propia": true, "fuentes": ["rud"], "unosat_edificios": null, "unosat_observados": null, "unosat_posibles": null, "unosat_fecha_imagen": null, "unosat_codigo_inconsistente": null, "sertit_edificios": null, "sertit_destruidos": null, "sertit_danados": null, "sertit_posibles": null, "sertit_sin_grado": null, "sertit_area_km2": null, "sertit_imagen_literal": null, "rud_familias": 57.0, "rud_personas": 166.0, "rud_viv_destruidas": 4.0, "rud_viv_averiadas": 21.0, "mmi_usgs": 4.5, "tasa_rud_pct": 2.2054}}, {"type": "Feature", "geometry": {"type": "Point", "coordinates": [-75.217174, 3.218822]}, "properties": {"municipio": "Villavieja", "departamento": "Huila", "divipola": "41872", "requiere_depto": true, "homonimo_de_departamento": false, "n_noticias": 0, "n_prensa_recogida": 1, "noticias_ejemplo": [], "dyfi_max_cdi": null, "dyfi_respuestas": null, "dyfi_celdas": 0, "dyfi_min_dist_km": null, "poblacion_2026": 7464, "cabecera_2026": 2459, "rural_2026": 5005, "poblacion_fuente": "DANE PPED municipal por área 2018-2042", "en_aoi_copernicus": false, "estado": "solo_rud", "busqueda_propia": true, "fuentes": ["rud"], "unosat_edificios": null, "unosat_observados": null, "unosat_posibles": null, "unosat_fecha_imagen": null, "unosat_codigo_inconsistente": null, "sertit_edificios": null, "sertit_destruidos": null, "sertit_danados": null, "sertit_posibles": null, "sertit_sin_grado": null, "sertit_area_km2": null, "sertit_imagen_literal": null, "rud_familias": 56.0, "rud_personas": 100.0, "rud_viv_destruidas": 0.0, "rud_viv_averiadas": 1.0, "mmi_usgs": 5.3, "tasa_rud_pct": 1.3398}}, {"type": "Feature", "geometry": {"type": "Point", "coordinates": [-76.966215, 1.837538]}, "properties": {"municipio": "Bolívar (Cauca)", "departamento": "Cauca", "divipola": "19100", "requiere_depto": true, "homonimo_de_departamento": true, "n_noticias": null, "n_prensa_recogida": 0, "noticias_ejemplo": [], "dyfi_max_cdi": null, "dyfi_respuestas": null, "dyfi_celdas": 0, "dyfi_min_dist_km": null, "poblacion_2026": 37932, "cabecera_2026": 4331, "rural_2026": 33601, "poblacion_fuente": "DANE PPED municipal por área 2018-2042", "en_aoi_copernicus": false, "estado": "solo_rud", "busqueda_propia": false, "fuentes": ["rud"], "unosat_edificios": null, "unosat_observados": null, "unosat_posibles": null, "unosat_fecha_imagen": null, "unosat_codigo_inconsistente": null, "sertit_edificios": null, "sertit_destruidos": null, "sertit_danados": null, "sertit_posibles": null, "sertit_sin_grado": null, "sertit_area_km2": null, "sertit_imagen_literal": null, "rud_familias": 54.0, "rud_personas": 89.0, "rud_viv_destruidas": 0.0, "rud_viv_averiadas": 1.0, "mmi_usgs": 4.2, "tasa_rud_pct": 0.2346}}, {"type": "Feature", "geometry": {"type": "Point", "coordinates": [-76.496698, 2.341507]}, "properties": {"municipio": "Puracé", "departamento": "Cauca", "divipola": "19585", "requiere_depto": false, "homonimo_de_departamento": false, "n_noticias": 104, "n_prensa_recogida": 64, "noticias_ejemplo": [{"fecha": "2026-09-07T03:18:59", "medio": "Google News — Silvia", "titulo": "Fuerte temblor en zona de influencia del Volcán Puracé ¿le movió la cama? - Minuto30 - Minuto30", "url": "https://news.google.com/rss/articles/CBMijgFBVV95cUxQbTFmcGd2YU1UWEJUSDc3Y3hqMjB1Zk9zWTQtdXpIRUpGOXZTbTBWYlZFVnRMUk9QT3VCUjlYcm5YYkxXdWhQb2lyTVh6V2RZM1JIZDNqbFd2VG5YOHpIV18xRlFVX25xTjdxbHRaSnl5c193R2czNFBzLUFnUDFTQTBscHhQZXU0S0dnR1Nn0gGTAUFVX3lxTFBpRGNHUDhteU1Ia29sb2VKLWVmZVZlaWN0TUIxazZQbW9OTVo2OUtuUjNqQW82ejF1OXdzRGY0emNKZkN6bURtbTdlMy1TYmV0WW42eDZJWFNSUGh3Wk5pSVhPaXE3Y2pNWVlCYkNnZzhYMDRKaEY3RHBkT2s0SHRzWGRCUjRCNlFmdnVrOVVtOExjbw?oc=5"}, {"fecha": "2026-09-07T03:18:59", "medio": "Google News — Silvia", "titulo": "Fuerte temblor en zona de influencia del Volcán Puracé ¿le movió la cama? - Minuto30 - Minuto30", "url": "https://news.google.com/rss/articles/CBMijgFBVV95cUxQbTFmcGd2YU1UWEJUSDc3Y3hqMjB1Zk9zWTQtdXpIRUpGOXZTbTBWYlZFVnRMUk9QT3VCUjlYcm5YYkxXdWhQb2lyTVh6V2RZM1JIZDNqbFd2VG5YOHpIV18xRlFVX25xTjdxbHRaSnl5c193R2czNFBzLUFnUDFTQTBscHhQZXU0S0dnR1Nn0gHiAkFVX3lxTE1ncGpaWk1jeTQ5czdJZ0NyUE1WRllXUUFkRWRrV0E5VUtqZWxlRE5RTWYyZlF6eHJXSHdORFhuM3ZmNXdpWGExVEJlYUgteC0tcXh0aXFIdktyU1o1dFRGRl96MGd1Q3JwR0dVNmtpLTdvQ21OekZjZlYtSVlWcVlfM0dyYktDMF9QSFdvVnBsRXNDd091d0E2cDB0NVFRblJXMlo2UGpMd2c2Tm16Tl8xYUtrNDU4dzY3aE5vLW1lSzZqamg3RGw3S2wzZ0c4XzBXeU81blVkWW1QR3JfbWNsclVfZDJpbjF2dEJKNHRVZ0RVWnFtOFM4M1BvLTJZSkdObWYtSXpWUEVKS3ExRHhsTmRxa1JtYnJQc1IzcnNMVHBMaVltTWRBVHJHOXM5WlkxQm05ZHVrVU9qWUppZml5Wmt3SW5uM3hoQXZDQW12RmlvN2tjRzZ5R19IOEY0U2dKdw?oc=5"}, {"fecha": "2026-09-07T03:03:22", "medio": "Google News — Silvia", "titulo": "Tembló en Cauca la noche de este domingo: SGC reportó sismo de más de 4 grados cerca del volcán Puracé - Revista Semana", "url": "https://news.google.com/rss/articles/CBMi4gFBVV95cUxQWGJJVWp0SXVTSWNrbDFHdUF3NW55c05ZUTVtWDF6QmN2dTRmSkwyWWhrUlRlWFoxWUg3d2hjS3VjUF9UZWNwREl0MG1yLXhsVmV6aFM5anF5U3pnVDNfdzV6SDlCZW5GbGdsZWc0UnBHbDU0NVE2V3FYem9RRWNCUTRGai1mY241TzFBeXpxUDVRcGgzWDg3c05SYlJsTWJRVHRvOWwya050ZTJlV211dGk1QllpenhxSElOMktmZXJWaVhQUUd3NDdNWVRRNzZFdnl5b1dHb3BGQkRjSWZHX0pR0gHnAUFVX3lxTE1kMzlmbXV3M2ppam1QQVJ4eVh3OVJjQ0J1dGZfUnVxQ1RvSUxlYndZcTdyODh3NmlfRktrME9QY0stWVhHa3kzdHRWdEUwV3Y3NF9fSGF6bUNfbmUxMmF3NUY1S1AtTmtCeTBnWmY3NHBuRjlGME1YVEZLNVhWdTdXOFpnYjVFbHBCZ1QzcEJPY0JFRXBFTmlsR0NMNzk4Z194VGVLa0NuOWRGU09rdVZMNjIyZERQeUFrZmh6YTNWZUdhTjBCbHRqblUxaGhaWXJZOFl2dC1FNGZiMHFaZ0t0Ul9fWFEzTQ?oc=5"}], "dyfi_max_cdi": null, "dyfi_respuestas": null, "dyfi_celdas": 0, "dyfi_min_dist_km": null, "poblacion_2026": 18221, "cabecera_2026": 1535, "rural_2026": 16686, "poblacion_fuente": "DANE PPED municipal por área 2018-2042", "en_aoi_copernicus": false, "estado": "mencion_prensa", "busqueda_propia": true, "fuentes": ["prensa", "rud"], "unosat_edificios": null, "unosat_observados": null, "unosat_posibles": null, "unosat_fecha_imagen": null, "unosat_codigo_inconsistente": null, "sertit_edificios": null, "sertit_destruidos": null, "sertit_danados": null, "sertit_posibles": null, "sertit_sin_grado": null, "sertit_area_km2": null, "sertit_imagen_literal": null, "rud_familias": 53.0, "rud_personas": 154.0, "rud_viv_destruidas": 1.0, "rud_viv_averiadas": 62.0, "mmi_usgs": 4.6, "tasa_rud_pct": 0.8452}}, {"type": "Feature", "geometry": {"type": "Point", "coordinates": [-75.447697, 2.580812]}, "properties": {"municipio": "Hobo", "departamento": "Huila", "divipola": "41349", "requiere_depto": true, "homonimo_de_departamento": false, "n_noticias": 1, "n_prensa_recogida": 3, "noticias_ejemplo": [{"fecha": "2026-09-18T08:33:36", "medio": "Google News — Hobo", "titulo": "Últimos Sismos cerca de Hobo, Huila, Colombia: Temblores recientes últimos 7 días - Volcano Discovery", "url": "https://news.google.com/rss/articles/CBMi1gFBVV95cUxOVTlyZHlraHFVdnRPbzVST2xuTVo4bXJ6a21NU0VBakUxZWx1RkRFMkNKeDBfdEVuVmR1RDNxUU1GY1QyVDRMaUdIa0dmcENtVWt2dW1xeGpfQ3oxN0ZxQjBnb2k2YTBaTEJURWRkejF4ZzJHNzR1WjNwNGt1aTJiTmRKYlJ2RVZReERPd0J6aWRuSHQxR1ZuZnNnaXJJQXVZUlU3blF6Rk1mQVF3bFQtQVotYlB5ekRZaEN3MjM2SWpuQXMteU9Mc3hPWWhybFEtWHpwX2tB?oc=5"}], "dyfi_max_cdi": null, "dyfi_respuestas": null, "dyfi_celdas": 0, "dyfi_min_dist_km": null, "poblacion_2026": 8175, "cabecera_2026": 6302, "rural_2026": 1873, "poblacion_fuente": "DANE PPED municipal por área 2018-2042", "en_aoi_copernicus": false, "estado": "mencion_prensa", "busqueda_propia": true, "fuentes": ["prensa", "rud"], "unosat_edificios": null, "unosat_observados": null, "unosat_posibles": null, "unosat_fecha_imagen": null, "unosat_codigo_inconsistente": null, "sertit_edificios": null, "sertit_destruidos": null, "sertit_danados": null, "sertit_posibles": null, "sertit_sin_grado": null, "sertit_area_km2": null, "sertit_imagen_literal": null, "rud_familias": 53.0, "rud_personas": 159.0, "rud_viv_destruidas": 0.0, "rud_viv_averiadas": 49.0, "mmi_usgs": 4.7, "tasa_rud_pct": 1.945}}, {"type": "Feature", "geometry": {"type": "Point", "coordinates": [-75.242693, 6.219349]}, "properties": {"municipio": "Peñol", "departamento": "Antioquia", "divipola": "05541", "requiere_depto": true, "homonimo_de_departamento": false, "n_noticias": 2, "n_prensa_recogida": 8, "noticias_ejemplo": [{"fecha": "2026-08-11T07:00:00", "medio": "Google News — Peñol", "titulo": "Turistas franceses vivieron el terremoto en Colombia desde la piedra del Peñol, en Antioquia - Infobae", "url": "https://news.google.com/rss/articles/CBMi1wFBVV95cUxPWVppOFVpM1djb0t3dHpxOXZjcE50YS00NlhIOVpCckt3M1VwTl84ejl2T3Jjb2RKSjlXaUNoNjhTN0NNV1NIWGhfLXpsTXd4c1JOM2lJTDUzYTNEZVEzem9FaERYQTF6MDBRX0VGSlJqUVJwZkY2Wjh0bnUtdk9kLVBmRHNScU13MUVWcGIxVVBhaldLQldhcnFtcktDODNvYW9VMDZwRG1pX29GeDk3QWxZVHY4WUFiSGg3cUI3U2l3bjVmMVg1UTN1bW8td0FvQ25iMjhtMA?oc=5"}, {"fecha": "2026-08-11T07:00:00", "medio": "Google News — Peñol", "titulo": "Expertos explican cómo las rocas similares a las de la Piedra del Peñol pudieron reducir el impacto del terremoto en Antioquia - La FM", "url": "https://news.google.com/rss/articles/CBMi_AFBVV95cUxON3k0UVdoSGRQRTFYVTFxdW51NU1uc25Lek95STg1Q2FGaFR6YWREcUdWQ2lOalJ0X3NRYk84NklJOExyaFE2NjBKLXBWN042aWk0cEpOSFpLSW1xUENfb1pVQ3NxQmNYWHRkcVlKb1oyTXRPWjlKUkw3Vk1VTFRHXzdDT3JVdmNRQ2pIMjkwaUJ2NlN4YUJwRUU3M3JHUVJOLThQS1hiMEl1T1oyaXZXMXRmcExjeE56ekk3LVZ5LTd6WS1DbDBDWC1XQUxJMkNQc1ptX1dfdm0ybDVXb1BtalUtMmlNVF9aVlRDam56alZBendGd2NSeElOYWjSAfwBQVVfeXFMUFlvWFNsUl8wRGZxVVdLTkVPUWJ6MFE2LXVGd1ZJM0treG5aWmF4em5yaFhtazBzWUZtRW90c254MnVNUFdidjhuODM3QlZEZVJlT2FpUUFlUUdEdEZzUHdFQ3hSNURWUlk4TDk1dWZldENud2dHSXVHalotcm9pM0RldGI5ODA3MGsyX1BOMjljZjAwMldSS2didWVVcFlqdlh3MlRjSk9EYXNSbVB2NGNqQ2hWd0QyUVZtNW81WU93b2VCb054X1pScE44SjdHX1hjdk9ZUkpyS2tJSkZNT3lrSzhHXzVidG9IMEE4blNQRDFDRWw1WXRIYW5x?oc=5"}], "dyfi_max_cdi": 4.2, "dyfi_respuestas": 3, "dyfi_celdas": 1, "dyfi_min_dist_km": 211, "poblacion_2026": 24121, "cabecera_2026": 13237, "rural_2026": 10884, "poblacion_fuente": "DANE PPED municipal por área 2018-2042", "en_aoi_copernicus": false, "estado": "mencion_prensa", "busqueda_propia": true, "fuentes": ["prensa", "dyfi", "rud"], "unosat_edificios": null, "unosat_observados": null, "unosat_posibles": null, "unosat_fecha_imagen": null, "unosat_codigo_inconsistente": null, "sertit_edificios": null, "sertit_destruidos": null, "sertit_danados": null, "sertit_posibles": null, "sertit_sin_grado": null, "sertit_area_km2": null, "sertit_imagen_literal": null, "rud_familias": 52.0, "rud_personas": 132.0, "rud_viv_destruidas": 0.0, "rud_viv_averiadas": 40.0, "mmi_usgs": 4.3, "tasa_rud_pct": 0.5472}}, {"type": "Feature", "geometry": {"type": "Point", "coordinates": [-76.85607, 1.913429]}, "properties": {"municipio": "Almaguer", "departamento": "Cauca", "divipola": "19022", "requiere_depto": true, "homonimo_de_departamento": false, "n_noticias": 0, "n_prensa_recogida": 2, "noticias_ejemplo": [], "dyfi_max_cdi": null, "dyfi_respuestas": null, "dyfi_celdas": 0, "dyfi_min_dist_km": null, "poblacion_2026": 18376, "cabecera_2026": 1000, "rural_2026": 17376, "poblacion_fuente": "DANE PPED municipal por área 2018-2042", "en_aoi_copernicus": false, "estado": "solo_rud", "busqueda_propia": true, "fuentes": ["rud"], "unosat_edificios": null, "unosat_observados": null, "unosat_posibles": null, "unosat_fecha_imagen": null, "unosat_codigo_inconsistente": null, "sertit_edificios": null, "sertit_destruidos": null, "sertit_danados": null, "sertit_posibles": null, "sertit_sin_grado": null, "sertit_area_km2": null, "sertit_imagen_literal": null, "rud_familias": 52.0, "rud_personas": 113.0, "rud_viv_destruidas": 0.0, "rud_viv_averiadas": 53.0, "mmi_usgs": 4.2, "tasa_rud_pct": 0.6149}}, {"type": "Feature", "geometry": {"type": "Point", "coordinates": [-76.625279, 7.882968]}, "properties": {"municipio": "Apartadó", "departamento": "Antioquia", "divipola": "05045", "requiere_depto": true, "homonimo_de_departamento": false, "n_noticias": 2, "n_prensa_recogida": 9, "noticias_ejemplo": [{"fecha": "2026-08-12T07:00:00", "medio": "Google News — Apartadó", "titulo": "El pediatra Germán Andrés Somoyar lideró la evacuación de recién nacidos tras el terremoto en Apartadó, Antioquia - Pulzo", "url": "https://news.google.com/rss/articles/CBMixwFBVV95cUxPYXVmNThyeTYwamFKVVNSdUxSWmxkS1BfY0hqOEl4MHdaWjl5TW1yVi1vUEdvQVFzbW5jUzl6bWc3R21ock9oWEFCRllFVWFFVGtFeGMzaWRRQlBacHhwZXVsdEVBY0NKOVluTnA4VVZBbU9EcnJwc2ZpbXBKTGFtYmFZWmwxdjhMbVAzYW0zNlhvV3ZkX201UEt2MXgyS2FtWTkxQWhUQnpJTlhQVlp3OHNmdU9aRmw2TFMyajBlWktybEFVV3B3?oc=5"}, {"fecha": "2026-08-11T07:00:00", "medio": "Google News — Apartadó", "titulo": "Pediatra salvó 10 bebés en medio de terremoto en Apartadó, Antioquia: esta es la historia - Blu Radio", "url": "https://news.google.com/rss/articles/CBMi0gFBVV95cUxPQlloSm5YZm1EcS1tb3NORUF2UHRtYlREOFZHQ0hwb0JVYlpleDVndkgwLTN2YXpCMVJnR1F5SVZrTGtqbWdQaWxYVzhVT1VpbzZNOUx1Szc4WXZnRGl1RHdjQnNsbXdUZ2NrRDBUTGlTcWtzOFhpVVByalNJUFlDMWEtWDU0QnRhdV96c1BXWHdJOXA4STBIS1IwVXhCZUw0UTlUYzBSZElHSlJENkNxbUozZVE4cndGc25CQjBUMjNrWG9KVDlzWm4tZG9vSDJzdFHSAd8BQVVfeXFMTWxCR1E1SDMxcEVzeG5UYjNvRmRaN0R0T1dCVjNyNmJuYmxPNDl5dmpwYlhKNkluM3Bpd3pyUXRPZzNvUWJNUjNCcDRKd3pnYk9pNWdqczg5SjVseEFGQ1ZUc0tXWHFwUHdDZVV3ZVZVOHIxUUpJOTFaakdkMmlLMV94RE5mNkJ5N2hKem95Y3dwSnA2LUNVTEcyOUFoaUZacDFpNTdObDh3b1dReC0yUXhqYXpTbjkweVVyRGtIUEdtb19IVU5GelJQLUViSlRPQm1MRnVCMXhFaml2MWktdw?oc=5"}], "dyfi_max_cdi": null, "dyfi_respuestas": null, "dyfi_celdas": 0, "dyfi_min_dist_km": null, "poblacion_2026": 125881, "cabecera_2026": 105207, "rural_2026": 20674, "poblacion_fuente": "DANE PPED municipal por área 2018-2042", "en_aoi_copernicus": false, "estado": "mencion_prensa", "busqueda_propia": true, "fuentes": ["prensa", "rud"], "unosat_edificios": null, "unosat_observados": null, "unosat_posibles": null, "unosat_fecha_imagen": null, "unosat_codigo_inconsistente": null, "sertit_edificios": null, "sertit_destruidos": null, "sertit_danados": null, "sertit_posibles": null, "sertit_sin_grado": null, "sertit_area_km2": null, "sertit_imagen_literal": null, "rud_familias": 51.0, "rud_personas": 140.0, "rud_viv_destruidas": 3.0, "rud_viv_averiadas": 4.0, "mmi_usgs": null, "tasa_rud_pct": 0.1112}}, {"type": "Feature", "geometry": {"type": "Point", "coordinates": [-76.599377, 2.459641]}, "properties": {"municipio": "Popayán", "departamento": "Cauca", "divipola": "19001", "requiere_depto": true, "homonimo_de_departamento": false, "n_noticias": 26, "n_prensa_recogida": 18, "noticias_ejemplo": [{"fecha": "2026-09-23T12:08:57", "medio": "Google News — Popayán", "titulo": "Evento sísmico, posible sismo, reportado hace pocos minutos cerca de Popayán, departamento del Cauca, Colombia - Volcano Discovery", "url": "https://news.google.com/rss/articles/CBMi_wFBVV95cUxNd3U1c3ZnYldVWkxKMVZtVWtVX1NlUXY0M0l4TEw5QmIwSG1aQzlXTlBlamROdW5HY1d0R2g0S05TYUE4VHc0VFFDblVxeGx4Wll1YmF3azBXd0UyVWwyekx1RHo2QlhBa2xoRVdld3FxUFBUWDh1UHp5cWUzX1VBLWd3SHZDWWZYSFgzVFlQREF5UFUxeWMtMUlSNENlVURXT0YxTmZ3aUktTEJSNFBUZEVZczlEeDJMV3IzRUJnUDNxRlpJWjZrTWFKbjZKM3Q0Rmx2ZndTX3JWTldaS1dxZjVRSjA2Q0luQ1U1OVo1RnZKSzhZZWw1ZGtoaTNIQ1k?oc=5"}, {"fecha": "2026-09-23T09:49:52", "medio": "Google News (agregador es-CO)", "titulo": "Sismo no confirmado o evento similar a un terremoto: 6.1 km al noreste de Popayán, Cauca, Colombia, Wednesday 23 Sep 2026 a las 04:37 (GMT -5) - Volcano Discovery", "url": "https://news.google.com/rss/articles/CBMizAFBVV95cUxPUDd6c2FZc21WOE5VVDJGZzQtU3JqblVEU2tZUGRWWDJBRXhUQU4tZEQ1enlXeFFzWVhNaGlWVk5wdFJCOHFjRmV3RTJhZGlMTVVvd3VIa3c0UTRVMklEd24xOTZmcGRYako5OVlmQ19tWjg0NXNrQWJ0YU9LdVZVZlZUQjBIOEdBY2hjZk9objV3MVhyRFJkaUVpSXNyc3p4YjNCQ3RMalIxMkw5U3B1VzBIa1ZtLVFVc0ZoWW1DeWxvRlc0cVVTbDI2M2g?oc=5"}, {"fecha": "2026-09-10T15:39:53", "medio": "Google News — Caldono", "titulo": "Terremoto leve mag. 3.1 (inconfirmado) - 31 km al este de Popayán, Cauca, Colombia, Thursday 10 Sep 2026 a las 10:22 (GMT -5) - Volcano Discovery", "url": "https://news.google.com/rss/articles/CBMiowFBVV95cUxNQ1lhRUZXM196b2JXVUFENEp3V1NGZ1UyU1R2OURxTTlsRV93TFBIbzJTZEJxX1U0YjNhR1VwWktzRmZpQWM3SnVkRldmQlVwN2tpd2hyVlh0bHdaV2l0OUZGOVo5MHZFaW90ckdiSUJtR2N2S2dRbk5rdWhiVWwyMmpQRHVSbklWX0RyXzl3MFBzVmZXN2ZFak5rS2RBZEZGZXNr?oc=5"}], "dyfi_max_cdi": 5.8, "dyfi_respuestas": 9, "dyfi_celdas": 2, "dyfi_min_dist_km": 288, "poblacion_2026": 355347, "cabecera_2026": 291391, "rural_2026": 63956, "poblacion_fuente": "DANE PPED municipal por área 2018-2042", "en_aoi_copernicus": false, "estado": "mencion_prensa", "busqueda_propia": true, "fuentes": ["prensa", "dyfi", "rud"], "unosat_edificios": null, "unosat_observados": null, "unosat_posibles": null, "unosat_fecha_imagen": null, "unosat_codigo_inconsistente": null, "sertit_edificios": null, "sertit_destruidos": null, "sertit_danados": null, "sertit_posibles": null, "sertit_sin_grado": null, "sertit_area_km2": null, "sertit_imagen_literal": null, "rud_familias": 51.0, "rud_personas": 51.0, "rud_viv_destruidas": 2.0, "rud_viv_averiadas": 14.0, "mmi_usgs": 4.8, "tasa_rud_pct": 0.0144}}, {"type": "Feature", "geometry": {"type": "Point", "coordinates": [-77.33417, 1.745309]}, "properties": {"municipio": "El Rosario", "departamento": "Nariño", "divipola": "52256", "requiere_depto": true, "homonimo_de_departamento": false, "n_noticias": 0, "n_prensa_recogida": 0, "noticias_ejemplo": [], "dyfi_max_cdi": null, "dyfi_respuestas": null, "dyfi_celdas": 0, "dyfi_min_dist_km": null, "poblacion_2026": 13025, "cabecera_2026": 1943, "rural_2026": 11082, "poblacion_fuente": "DANE PPED municipal por área 2018-2042", "en_aoi_copernicus": false, "estado": "solo_rud", "busqueda_propia": true, "fuentes": ["rud"], "unosat_edificios": null, "unosat_observados": null, "unosat_posibles": null, "unosat_fecha_imagen": null, "unosat_codigo_inconsistente": null, "sertit_edificios": null, "sertit_destruidos": null, "sertit_danados": null, "sertit_posibles": null, "sertit_sin_grado": null, "sertit_area_km2": null, "sertit_imagen_literal": null, "rud_familias": 51.0, "rud_personas": 51.0, "rud_viv_destruidas": 2.0, "rud_viv_averiadas": 47.0, "mmi_usgs": 4.2, "tasa_rud_pct": 0.3916}}, {"type": "Feature", "geometry": {"type": "Point", "coordinates": [-75.976807, 5.964198]}, "properties": {"municipio": "Salgar", "departamento": "Antioquia", "divipola": "05642", "requiere_depto": true, "homonimo_de_departamento": false, "n_noticias": 0, "n_prensa_recogida": 16, "noticias_ejemplo": [], "dyfi_max_cdi": null, "dyfi_respuestas": null, "dyfi_celdas": 0, "dyfi_min_dist_km": null, "poblacion_2026": 18910, "cabecera_2026": 7570, "rural_2026": 11340, "poblacion_fuente": "DANE PPED municipal por área 2018-2042", "en_aoi_copernicus": false, "estado": "solo_rud", "busqueda_propia": true, "fuentes": ["rud"], "unosat_edificios": null, "unosat_observados": null, "unosat_posibles": null, "unosat_fecha_imagen": null, "unosat_codigo_inconsistente": null, "sertit_edificios": null, "sertit_destruidos": null, "sertit_danados": null, "sertit_posibles": null, "sertit_sin_grado": null, "sertit_area_km2": null, "sertit_imagen_literal": null, "rud_familias": 50.0, "rud_personas": 121.0, "rud_viv_destruidas": 1.0, "rud_viv_averiadas": 25.0, "mmi_usgs": 5.3, "tasa_rud_pct": 0.6399}}, {"type": "Feature", "geometry": {"type": "Point", "coordinates": [-75.714429, 5.664645]}, "properties": {"municipio": "Támesis", "departamento": "Antioquia", "divipola": "05789", "requiere_depto": true, "homonimo_de_departamento": false, "n_noticias": 8, "n_prensa_recogida": 10, "noticias_ejemplo": [{"fecha": "2026-08-11T07:00:00", "medio": "Google News — Támesis", "titulo": "Támesis, el municipio más afectado de Antioquia luego del sismo de magnitud 7,4 - Hora 13 Noticias", "url": "https://news.google.com/rss/articles/CBMiaEFVX3lxTE9IY05mXy1IWHl5ZUFVYUhBSFFLREJYZHZnQUh5OURGa1NDaWJPUFFzc2tqUVducXRITFVseXM2bVh6dFJvTkZIenB5b01pc3AwUW1saHJNbF9mb3RCN1pjREswUHZUekdq?oc=5"}, {"fecha": "2026-08-10T07:00:00", "medio": "Google News — Támesis", "titulo": "¡Triste noticia! Gobernador confirma la primera víctima mortal del sismo en Antioquia; falleció en Támesis - - Minuto30", "url": "https://news.google.com/rss/articles/CBMi0wFBVV95cUxQRHNzTTd5a2tscDFmNDFGZDlZRU1aZWQ2UktoR3dLYWcwVnlGdWNCVk1RNWliVnR3Q1pEZDVsdTlzZzVKaHREMGJ5OFJJVmxHQW5tS0FaU0tKMGZwOWYzbDFpLVU3MUd4RU1qTHhQYXhYX1pMV013SnhEaExwYms2ak1yMWtzeW5iQUxLZUJ0UEc1NjBQQzNnUlV1dktOb2Rsb3ZtVk1vaE1HWnpBSGdveFMxWWMxMHZKNnF4RjJiUDkwLXZ3X0hDSXVtYUU5RDlXUjZZ0gHYAUFVX3lxTE1KclJzYzJGRjRlcDJaWWlpT1lCWEhuTjczODU3aDNkZUcxX3M2cUlMVTdKcUxqbTM4dUFmeS1WODFxSDhZZ2FrdjdmaEN5Y1J6MmJlV1lDTm9iZWJPY2kxTHdMUzRYdkJfZjVaXzdZZHNqZHRfanZSY2tfV1h3cEtVTHExdGlvR09OS0N2ZG82RXVlQU54MW1hRFVaRWp2a2h5dmdLRkhHYzZkcDRwX0tZcjBlMjlWZllqNzIxNjdHZ1oyNVU5T1UtakJKdnVBc2RHWGplaDUwQg?oc=5"}, {"fecha": "2026-08-10T07:00:00", "medio": "Google News — Tarso", "titulo": "Terremoto en Antioquia | Un hombre de 73 años murió por caída de roca en Támesis; 40 municipios reportan daños estructurales - El Tiempo", "url": "https://news.google.com/rss/articles/CBMigwJBVV95cUxOZUppY0R2eDVpYlR4VXN5bEpZMGdtMjc4c21Lam5JeFRVUG52bk1ZMjJmbDAwY0ptYmxITE9SbjI2aEttWjN4V0doa3NEYW1vb2Q1TDFHeTI0d3JSOEJNOWJkbnRxSlhQQnZlTm9MVDFvNlBtdGpwVDlxR0NSMWJlbFdSM0pLVUhHc0FoMjEzMmhoOHdoRXVDZ3d0NzNVQXZNNTdOMGVmUGJnOU5Ienc2UjlVZjF3MVIzY1U1Zjh5dXNEcmxVODFlMWJlWUhFcG9CaFhwdHVMX0xwUUw5THVoWGhObldGQXBqMUk4V3c5NHBCVXhrWEJmaUxDeW1IelZNSTRz0gGIAkFVX3lxTE0wU3g3dHRjaVB1cmptVGtnSUhiekkwbEpNVDMxbUJVVVR2anBUelFHaGNjUDlybjFxWGk0MTY1Y3g4NWZIVW9fRDJ3RmZKUU1ZOTQxOTlPbWdHd3VNMnRpRVFDZjFLTXNtNm9vNmFCY1o2aVNjN0xOV1hsdTVxTGVaeDA4S0lReFYzbU9zUjNpejN2M09FOGZEVUdfcl9hbDNhbzVPWTM2XzVoNE1zRUNKWnhSRWJJbUlKaGVqMjBQQ0dZQkZPREtkU3BwaFV0WkphSUx1azhXWW5JMXZwQ0Z5R1VISG03cHBhSGtEMVlVZVlpY2pYTmc3bEhyclJ3blVRMlJQdENCRQ?oc=5"}], "dyfi_max_cdi": 6.9, "dyfi_respuestas": 2, "dyfi_celdas": 1, "dyfi_min_dist_km": 150, "poblacion_2026": 16646, "cabecera_2026": 7926, "rural_2026": 8720, "poblacion_fuente": "DANE PPED municipal por área 2018-2042", "en_aoi_copernicus": false, "estado": "intensidad_alta", "busqueda_propia": true, "fuentes": ["prensa", "dyfi", "rud"], "unosat_edificios": null, "unosat_observados": null, "unosat_posibles": null, "unosat_fecha_imagen": null, "unosat_codigo_inconsistente": null, "sertit_edificios": null, "sertit_destruidos": null, "sertit_danados": null, "sertit_posibles": null, "sertit_sin_grado": null, "sertit_area_km2": null, "sertit_imagen_literal": null, "rud_familias": 50.0, "rud_personas": 100.0, "rud_viv_destruidas": 0.0, "rud_viv_averiadas": 29.0, "mmi_usgs": 5.8, "tasa_rud_pct": 0.6007}}, {"type": "Feature", "geometry": {"type": "Point", "coordinates": [-76.71727, 7.3719]}, "properties": {"municipio": "Nuevo Belén de Bajirá", "departamento": "Chocó", "divipola": "27493", "requiere_depto": true, "homonimo_de_departamento": false, "n_noticias": 0, "n_prensa_recogida": 6, "noticias_ejemplo": [], "dyfi_max_cdi": null, "dyfi_respuestas": null, "dyfi_celdas": 0, "dyfi_min_dist_km": null, "poblacion_2026": 30508, "cabecera_2026": 12684, "rural_2026": 17824, "poblacion_fuente": "DANE PPED municipal por área 2018-2042", "en_aoi_copernicus": false, "estado": "solo_rud", "busqueda_propia": true, "fuentes": ["rud"], "unosat_edificios": null, "unosat_observados": null, "unosat_posibles": null, "unosat_fecha_imagen": null, "unosat_codigo_inconsistente": null, "sertit_edificios": null, "sertit_destruidos": null, "sertit_danados": null, "sertit_posibles": null, "sertit_sin_grado": null, "sertit_area_km2": null, "sertit_imagen_literal": null, "rud_familias": 50.0, "rud_personas": 113.0, "rud_viv_destruidas": 17.0, "rud_viv_averiadas": 18.0, "mmi_usgs": 4.9, "tasa_rud_pct": 0.3704}}, {"type": "Feature", "geometry": {"type": "Point", "coordinates": [-75.435296, 2.889649]}, "properties": {"municipio": "Palermo", "departamento": "Huila", "divipola": "41524", "requiere_depto": true, "homonimo_de_departamento": false, "n_noticias": 0, "n_prensa_recogida": 4, "noticias_ejemplo": [], "dyfi_max_cdi": null, "dyfi_respuestas": null, "dyfi_celdas": 0, "dyfi_min_dist_km": null, "poblacion_2026": 26662, "cabecera_2026": 12650, "rural_2026": 14012, "poblacion_fuente": "DANE PPED municipal por área 2018-2042", "en_aoi_copernicus": false, "estado": "solo_rud", "busqueda_propia": true, "fuentes": ["rud"], "unosat_edificios": null, "unosat_observados": null, "unosat_posibles": null, "unosat_fecha_imagen": null, "unosat_codigo_inconsistente": null, "sertit_edificios": null, "sertit_destruidos": null, "sertit_danados": null, "sertit_posibles": null, "sertit_sin_grado": null, "sertit_area_km2": null, "sertit_imagen_literal": null, "rud_familias": 49.0, "rud_personas": 106.0, "rud_viv_destruidas": 0.0, "rud_viv_averiadas": 21.0, "mmi_usgs": 4.8, "tasa_rud_pct": 0.3976}}, {"type": "Feature", "geometry": {"type": "Point", "coordinates": [-77.995153, 1.212492]}, "properties": {"municipio": "Ricaurte", "departamento": "Nariño", "divipola": "52612", "requiere_depto": true, "homonimo_de_departamento": false, "n_noticias": 0, "n_prensa_recogida": 0, "noticias_ejemplo": [], "dyfi_max_cdi": null, "dyfi_respuestas": null, "dyfi_celdas": 0, "dyfi_min_dist_km": null, "poblacion_2026": 23519, "cabecera_2026": 2864, "rural_2026": 20655, "poblacion_fuente": "DANE PPED municipal por área 2018-2042", "en_aoi_copernicus": false, "estado": "solo_rud", "busqueda_propia": true, "fuentes": ["rud"], "unosat_edificios": null, "unosat_observados": null, "unosat_posibles": null, "unosat_fecha_imagen": null, "unosat_codigo_inconsistente": null, "sertit_edificios": null, "sertit_destruidos": null, "sertit_danados": null, "sertit_posibles": null, "sertit_sin_grado": null, "sertit_area_km2": null, "sertit_imagen_literal": null, "rud_familias": 49.0, "rud_personas": 119.0, "rud_viv_destruidas": 1.0, "rud_viv_averiadas": 55.0, "mmi_usgs": null, "tasa_rud_pct": 0.506}}, {"type": "Feature", "geometry": {"type": "Point", "coordinates": [-73.912445, 7.00396]}, "properties": {"municipio": "Yondó", "departamento": "Antioquia", "divipola": "05893", "requiere_depto": true, "homonimo_de_departamento": false, "n_noticias": 1, "n_prensa_recogida": 6, "noticias_ejemplo": [{"fecha": "2026-09-06T13:14:53", "medio": "Google News — Yondó", "titulo": "Sismos pasados en o cerca de Yondo, Antioquia, Colombia, durante September 2026 - Volcano Discovery", "url": "https://news.google.com/rss/articles/CBMiiwFBVV95cUxOSE5lQUxuNWFNQ3R2clB2ekd2WUNfeXhyNUJSNVRDTTNlbXUtRUd0aTNkOHZVUlNhMElIMkJ2aERnMXhjUWZMS3hTU2FaeDI3U1FGcWhjbmNiVDE1Rk9IOVJVREFidVVBd3VTbGU1cWZvbmtxNVJzbjhoQUctRm9DUl8tLVJmaE5JOVpn?oc=5"}], "dyfi_max_cdi": null, "dyfi_respuestas": null, "dyfi_celdas": 0, "dyfi_min_dist_km": null, "poblacion_2026": 22429, "cabecera_2026": 11856, "rural_2026": 10573, "poblacion_fuente": "DANE PPED municipal por área 2018-2042", "en_aoi_copernicus": false, "estado": "mencion_prensa", "busqueda_propia": true, "fuentes": ["prensa", "rud"], "unosat_edificios": null, "unosat_observados": null, "unosat_posibles": null, "unosat_fecha_imagen": null, "unosat_codigo_inconsistente": null, "sertit_edificios": null, "sertit_destruidos": null, "sertit_danados": null, "sertit_posibles": null, "sertit_sin_grado": null, "sertit_area_km2": null, "sertit_imagen_literal": null, "rud_familias": 48.0, "rud_personas": 73.0, "rud_viv_destruidas": 1.0, "rud_viv_averiadas": 40.0, "mmi_usgs": 4.4, "tasa_rud_pct": 0.3255}}, {"type": "Feature", "geometry": {"type": "Point", "coordinates": [-75.325748, 2.686767]}, "properties": {"municipio": "Campoalegre", "departamento": "Huila", "divipola": "41132", "requiere_depto": true, "homonimo_de_departamento": false, "n_noticias": 0, "n_prensa_recogida": 2, "noticias_ejemplo": [], "dyfi_max_cdi": null, "dyfi_respuestas": null, "dyfi_celdas": 0, "dyfi_min_dist_km": null, "poblacion_2026": 31970, "cabecera_2026": 24372, "rural_2026": 7598, "poblacion_fuente": "DANE PPED municipal por área 2018-2042", "en_aoi_copernicus": false, "estado": "solo_rud", "busqueda_propia": true, "fuentes": ["rud"], "unosat_edificios": null, "unosat_observados": null, "unosat_posibles": null, "unosat_fecha_imagen": null, "unosat_codigo_inconsistente": null, "sertit_edificios": null, "sertit_destruidos": null, "sertit_danados": null, "sertit_posibles": null, "sertit_sin_grado": null, "sertit_area_km2": null, "sertit_imagen_literal": null, "rud_familias": 46.0, "rud_personas": 103.0, "rud_viv_destruidas": 0.0, "rud_viv_averiadas": 0.0, "mmi_usgs": 4.6, "tasa_rud_pct": 0.3222}}, {"type": "Feature", "geometry": {"type": "Point", "coordinates": [-74.9329, 3.391548]}, "properties": {"municipio": "Alpujarra", "departamento": "Tolima", "divipola": "73024", "requiere_depto": true, "homonimo_de_departamento": false, "n_noticias": 0, "n_prensa_recogida": 0, "noticias_ejemplo": [], "dyfi_max_cdi": null, "dyfi_respuestas": null, "dyfi_celdas": 0, "dyfi_min_dist_km": null, "poblacion_2026": 4892, "cabecera_2026": 2309, "rural_2026": 2583, "poblacion_fuente": "DANE PPED municipal por área 2018-2042", "en_aoi_copernicus": false, "estado": "solo_rud", "busqueda_propia": true, "fuentes": ["rud"], "unosat_edificios": null, "unosat_observados": null, "unosat_posibles": null, "unosat_fecha_imagen": null, "unosat_codigo_inconsistente": null, "sertit_edificios": null, "sertit_destruidos": null, "sertit_danados": null, "sertit_posibles": null, "sertit_sin_grado": null, "sertit_area_km2": null, "sertit_imagen_literal": null, "rud_familias": 46.0, "rud_personas": 90.0, "rud_viv_destruidas": 0.0, "rud_viv_averiadas": 5.0, "mmi_usgs": 4.9, "tasa_rud_pct": 1.8397}}, {"type": "Feature", "geometry": {"type": "Point", "coordinates": [-74.953418, 4.567356]}, "properties": {"municipio": "Alvarado", "departamento": "Tolima", "divipola": "73026", "requiere_depto": true, "homonimo_de_departamento": false, "n_noticias": 0, "n_prensa_recogida": 11, "noticias_ejemplo": [], "dyfi_max_cdi": null, "dyfi_respuestas": null, "dyfi_celdas": 0, "dyfi_min_dist_km": null, "poblacion_2026": 8842, "cabecera_2026": 3375, "rural_2026": 5467, "poblacion_fuente": "DANE PPED municipal por área 2018-2042", "en_aoi_copernicus": false, "estado": "solo_rud", "busqueda_propia": true, "fuentes": ["rud"], "unosat_edificios": null, "unosat_observados": null, "unosat_posibles": null, "unosat_fecha_imagen": null, "unosat_codigo_inconsistente": null, "sertit_edificios": null, "sertit_destruidos": null, "sertit_danados": null, "sertit_posibles": null, "sertit_sin_grado": null, "sertit_area_km2": null, "sertit_imagen_literal": null, "rud_familias": 46.0, "rud_personas": 99.0, "rud_viv_destruidas": 1.0, "rud_viv_averiadas": 1.0, "mmi_usgs": 5.5, "tasa_rud_pct": 1.1197}}, {"type": "Feature", "geometry": {"type": "Point", "coordinates": [-74.898464, 4.287276]}, "properties": {"municipio": "Coello", "departamento": "Tolima", "divipola": "73200", "requiere_depto": true, "homonimo_de_departamento": false, "n_noticias": 0, "n_prensa_recogida": 24, "noticias_ejemplo": [], "dyfi_max_cdi": null, "dyfi_respuestas": null, "dyfi_celdas": 0, "dyfi_min_dist_km": null, "poblacion_2026": 8593, "cabecera_2026": 1623, "rural_2026": 6970, "poblacion_fuente": "DANE PPED municipal por área 2018-2042", "en_aoi_copernicus": false, "estado": "solo_rud", "busqueda_propia": true, "fuentes": ["rud"], "unosat_edificios": null, "unosat_observados": null, "unosat_posibles": null, "unosat_fecha_imagen": null, "unosat_codigo_inconsistente": null, "sertit_edificios": null, "sertit_destruidos": null, "sertit_danados": null, "sertit_posibles": null, "sertit_sin_grado": null, "sertit_area_km2": null, "sertit_imagen_literal": null, "rud_familias": 46.0, "rud_personas": 74.0, "rud_viv_destruidas": 0.0, "rud_viv_averiadas": 0.0, "mmi_usgs": 5.2, "tasa_rud_pct": 0.8612}}, {"type": "Feature", "geometry": {"type": "Point", "coordinates": [-74.993619, 6.043017]}, "properties": {"municipio": "San Luis (Antioquia)", "departamento": "Antioquia", "divipola": "05660", "requiere_depto": true, "homonimo_de_departamento": false, "n_noticias": 0, "n_prensa_recogida": 17, "noticias_ejemplo": [], "dyfi_max_cdi": null, "dyfi_respuestas": null, "dyfi_celdas": 0, "dyfi_min_dist_km": null, "poblacion_2026": 14593, "cabecera_2026": 8836, "rural_2026": 5757, "poblacion_fuente": "DANE PPED municipal por área 2018-2042", "en_aoi_copernicus": false, "estado": "solo_rud", "busqueda_propia": true, "fuentes": ["rud"], "unosat_edificios": null, "unosat_observados": null, "unosat_posibles": null, "unosat_fecha_imagen": null, "unosat_codigo_inconsistente": null, "sertit_edificios": null, "sertit_destruidos": null, "sertit_danados": null, "sertit_posibles": null, "sertit_sin_grado": null, "sertit_area_km2": null, "sertit_imagen_literal": null, "rud_familias": 44.0, "rud_personas": 78.0, "rud_viv_destruidas": 4.0, "rud_viv_averiadas": 8.0, "mmi_usgs": 4.8, "tasa_rud_pct": 0.5345}}, {"type": "Feature", "geometry": {"type": "Point", "coordinates": [-75.826648, 6.556484]}, "properties": {"municipio": "Santa Fé de Antioquia", "departamento": "Antioquia", "divipola": "05042", "requiere_depto": true, "homonimo_de_departamento": false, "n_noticias": 1, "n_prensa_recogida": 17, "noticias_ejemplo": [{"fecha": "2026-08-11T07:00:00", "medio": "Google News — Santa Fé de Antioquia", "titulo": "Incendio consume cultivos en Santa Fe de Antioquia en medio de la emergencia por el sismo - Blu Radio", "url": "https://news.google.com/rss/articles/CBMi1AFBVV95cUxNRXJTM2lnUVZQQ1BEOXF0RGRBVHA0STQ4NHZ5X1EyT054WFZXTldxNmFwZ1Jod0l6ZlUtcGxndjZHNVhCaFFkUE5BeEJfQ3ZMRmc1VHJ6d0Q4NVJSX1dybjZSd1NxZmFvR3V3bTlIVXVIZnpMQjJaTEtIYjdqcGp1Z1FJUi0xMGNWNnRWSkJLR2gtSEViTVZYM1luei1OOWJDbDgyUDJNaGxLelp0N0Y3QTR0aFk2eTdSYTZVNVJlYnUzbTI5VC1PVnBOeV9rMzdLaUhxNdIB4gFBVV95cUxOLXdnQUVKQW12eDdvb09JQ0hWOXFQMG54TDBUdzEwRHRLR05CRVN3T3NVQ2ZkVW91Z0lKcnl2NVRwbTRsX0JHRVpkOVJEajNqZXh0V2xNd0NUaTRlZkxkX0FMTFR5RlI0dGU1SGRuYlJVeEpvMmFqbkUxU1BWTG9QTFcybU9ZbTN6XzE3MjVMSE9SakJXQjNkRDR4LURuaVBqaHZ2VWc4X1J6SUNlOUxPSXMzc01udjMyTE93Z3RNWXNGUENjaWxnUlhjOVhfaUp0TDBRYnZ1Rk9RZ0xKWW1sd2RR?oc=5"}], "dyfi_max_cdi": null, "dyfi_respuestas": null, "dyfi_celdas": 0, "dyfi_min_dist_km": null, "poblacion_2026": 28673, "cabecera_2026": 18671, "rural_2026": 10002, "poblacion_fuente": "DANE PPED municipal por área 2018-2042", "en_aoi_copernicus": false, "estado": "mencion_prensa", "busqueda_propia": true, "fuentes": ["prensa", "rud"], "unosat_edificios": null, "unosat_observados": null, "unosat_posibles": null, "unosat_fecha_imagen": null, "unosat_codigo_inconsistente": null, "sertit_edificios": null, "sertit_destruidos": null, "sertit_danados": null, "sertit_posibles": null, "sertit_sin_grado": null, "sertit_area_km2": null, "sertit_imagen_literal": null, "rud_familias": 44.0, "rud_personas": 111.0, "rud_viv_destruidas": 1.0, "rud_viv_averiadas": 24.0, "mmi_usgs": 5.2, "tasa_rud_pct": 0.3871}}, {"type": "Feature", "geometry": {"type": "Point", "coordinates": [-75.644163, 3.197911]}, "properties": {"municipio": "Planadas", "departamento": "Tolima", "divipola": "73555", "requiere_depto": false, "homonimo_de_departamento": false, "n_noticias": 5, "n_prensa_recogida": 7, "noticias_ejemplo": [{"fecha": "2026-08-21T14:13:49", "medio": "Google News — Istmina", "titulo": "Planadas (Tolima) envía 18 toneladas de ayuda humanitaria a Istmina y Sipí (Chocó) tras el terremoto - Chocó 7 días", "url": "https://news.google.com/rss/articles/CBMivAFBVV95cUxOZVhNMmZJQU5BcGlPdHdEVVdvbUF3VG1obG1EdHlaR0lUaXVtUzEzMnl1eUVXbXYxNFhGTklKX1VFTlJrLUk2N0dONUc3aER5Wm5fRV8wY215dWhZckxmM2lGQVJBeHNfUW1xYi1RV2hKRVJuLUlycXNnUGdYaWxHbWEwWlhiVUhtbHFwTFcxRjlFNFZMMDdHdVh0SXBzTzI4a0g1RU9wWWxYaDRKUTZxRzZ2b2UzUThjMTV3bQ?oc=5"}, {"fecha": "2026-08-21T14:04:19", "medio": "Chocó 7 días", "titulo": "Planadas (Tolima) envía 18 toneladas de ayuda humanitaria a Istmina y Sipí (Chocó) tras el terremoto", "url": "https://choco7dias.com/planadas-tolima-envia-18-toneladas-de-ayuda-humanitaria-a-istmina-y-sipi-choco-tras-el-terremoto/"}, {"fecha": "2026-08-20T13:15:54", "medio": "Google News — Istmina", "titulo": "Solidaridad tras el sismo: Planadas llevó 18 toneladas de ayuda al Chocó - elcronista.co", "url": "https://news.google.com/rss/articles/CBMipwFBVV95cUxOZ2lVSkgxWVVhY3lNYW1QY2Jmb1FIVThEeFZJYlhPNmNzdUNTMEdMdHU5cmUtcFBZOXpjSktmQUg5WktWQVJMWHpuRWtqT3VHbURYOFZJV3g3clVsMjZNV04ycWdqQ01UZ0RiUVNuWlNwZEFpQjJyNXptLWNrU0huR1BIcUF3U2pyWWpfdGVWamFvTzMxRWF1QUp6TUR6REpXNGw4aDQxWQ?oc=5"}], "dyfi_max_cdi": null, "dyfi_respuestas": null, "dyfi_celdas": 0, "dyfi_min_dist_km": null, "poblacion_2026": 27457, "cabecera_2026": 7888, "rural_2026": 19569, "poblacion_fuente": "DANE PPED municipal por área 2018-2042", "en_aoi_copernicus": false, "estado": "mencion_prensa", "busqueda_propia": true, "fuentes": ["prensa", "rud"], "unosat_edificios": null, "unosat_observados": null, "unosat_posibles": null, "unosat_fecha_imagen": null, "unosat_codigo_inconsistente": null, "sertit_edificios": null, "sertit_destruidos": null, "sertit_danados": null, "sertit_posibles": null, "sertit_sin_grado": null, "sertit_area_km2": null, "sertit_imagen_literal": null, "rud_familias": 43.0, "rud_personas": 65.0, "rud_viv_destruidas": 5.0, "rud_viv_averiadas": 18.0, "mmi_usgs": 5.4, "tasa_rud_pct": 0.2367}}, {"type": "Feature", "geometry": {"type": "Point", "coordinates": [-75.766413, 6.325615]}, "properties": {"municipio": "Ebéjico", "departamento": "Antioquia", "divipola": "05240", "requiere_depto": true, "homonimo_de_departamento": false, "n_noticias": 0, "n_prensa_recogida": 0, "noticias_ejemplo": [], "dyfi_max_cdi": null, "dyfi_respuestas": null, "dyfi_celdas": 0, "dyfi_min_dist_km": null, "poblacion_2026": 12571, "cabecera_2026": 2762, "rural_2026": 9809, "poblacion_fuente": "DANE PPED municipal por área 2018-2042", "en_aoi_copernicus": false, "estado": "solo_rud", "busqueda_propia": true, "fuentes": ["rud"], "unosat_edificios": null, "unosat_observados": null, "unosat_posibles": null, "unosat_fecha_imagen": null, "unosat_codigo_inconsistente": null, "sertit_edificios": null, "sertit_destruidos": null, "sertit_danados": null, "sertit_posibles": null, "sertit_sin_grado": null, "sertit_area_km2": null, "sertit_imagen_literal": null, "rud_familias": 41.0, "rud_personas": 81.0, "rud_viv_destruidas": 1.0, "rud_viv_averiadas": 37.0, "mmi_usgs": 5.0, "tasa_rud_pct": 0.6443}}, {"type": "Feature", "geometry": {"type": "Point", "coordinates": [-75.586223, 2.939603]}, "properties": {"municipio": "Santa María", "departamento": "Huila", "divipola": "41676", "requiere_depto": true, "homonimo_de_departamento": false, "n_noticias": 0, "n_prensa_recogida": 5, "noticias_ejemplo": [], "dyfi_max_cdi": null, "dyfi_respuestas": null, "dyfi_celdas": 0, "dyfi_min_dist_km": null, "poblacion_2026": 10798, "cabecera_2026": 2574, "rural_2026": 8224, "poblacion_fuente": "DANE PPED municipal por área 2018-2042", "en_aoi_copernicus": false, "estado": "solo_rud", "busqueda_propia": true, "fuentes": ["rud"], "unosat_edificios": null, "unosat_observados": null, "unosat_posibles": null, "unosat_fecha_imagen": null, "unosat_codigo_inconsistente": null, "sertit_edificios": null, "sertit_destruidos": null, "sertit_danados": null, "sertit_posibles": null, "sertit_sin_grado": null, "sertit_area_km2": null, "sertit_imagen_literal": null, "rud_familias": 41.0, "rud_personas": 121.0, "rud_viv_destruidas": 0.0, "rud_viv_averiadas": 41.0, "mmi_usgs": 4.8, "tasa_rud_pct": 1.1206}}, {"type": "Feature", "geometry": {"type": "Point", "coordinates": [-77.594341, 1.335438]}, "properties": {"municipio": "Samaniego", "departamento": "Nariño", "divipola": "52678", "requiere_depto": true, "homonimo_de_departamento": false, "n_noticias": 0, "n_prensa_recogida": 0, "noticias_ejemplo": [], "dyfi_max_cdi": null, "dyfi_respuestas": null, "dyfi_celdas": 0, "dyfi_min_dist_km": null, "poblacion_2026": 29365, "cabecera_2026": 10076, "rural_2026": 19289, "poblacion_fuente": "DANE PPED municipal por área 2018-2042", "en_aoi_copernicus": false, "estado": "solo_rud", "busqueda_propia": true, "fuentes": ["rud"], "unosat_edificios": null, "unosat_observados": null, "unosat_posibles": null, "unosat_fecha_imagen": null, "unosat_codigo_inconsistente": null, "sertit_edificios": null, "sertit_destruidos": null, "sertit_danados": null, "sertit_posibles": null, "sertit_sin_grado": null, "sertit_area_km2": null, "sertit_imagen_literal": null, "rud_familias": 41.0, "rud_personas": 90.0, "rud_viv_destruidas": 2.0, "rud_viv_averiadas": 35.0, "mmi_usgs": null, "tasa_rud_pct": 0.3065}}, {"type": "Feature", "geometry": {"type": "Point", "coordinates": [-75.184446, 6.142892]}, "properties": {"municipio": "Granada", "departamento": "Antioquia", "divipola": "05313", "requiere_depto": true, "homonimo_de_departamento": false, "n_noticias": 0, "n_prensa_recogida": 20, "noticias_ejemplo": [], "dyfi_max_cdi": null, "dyfi_respuestas": null, "dyfi_celdas": 0, "dyfi_min_dist_km": null, "poblacion_2026": 10502, "cabecera_2026": 5873, "rural_2026": 4629, "poblacion_fuente": "DANE PPED municipal por área 2018-2042", "en_aoi_copernicus": false, "estado": "solo_rud", "busqueda_propia": true, "fuentes": ["rud"], "unosat_edificios": null, "unosat_observados": null, "unosat_posibles": null, "unosat_fecha_imagen": null, "unosat_codigo_inconsistente": null, "sertit_edificios": null, "sertit_destruidos": null, "sertit_danados": null, "sertit_posibles": null, "sertit_sin_grado": null, "sertit_area_km2": null, "sertit_imagen_literal": null, "rud_familias": 40.0, "rud_personas": 103.0, "rud_viv_destruidas": 0.0, "rud_viv_averiadas": 36.0, "mmi_usgs": 4.4, "tasa_rud_pct": 0.9808}}, {"type": "Feature", "geometry": {"type": "Point", "coordinates": [-74.653695, 5.465413]}, "properties": {"municipio": "Puerto Salgar", "departamento": "Cundinamarca", "divipola": "25572", "requiere_depto": true, "homonimo_de_departamento": false, "n_noticias": 0, "n_prensa_recogida": 26, "noticias_ejemplo": [], "dyfi_max_cdi": null, "dyfi_respuestas": null, "dyfi_celdas": 0, "dyfi_min_dist_km": null, "poblacion_2026": 15796, "cabecera_2026": 12046, "rural_2026": 3750, "poblacion_fuente": "DANE PPED municipal por área 2018-2042", "en_aoi_copernicus": false, "estado": "solo_rud", "busqueda_propia": true, "fuentes": ["rud"], "unosat_edificios": null, "unosat_observados": null, "unosat_posibles": null, "unosat_fecha_imagen": null, "unosat_codigo_inconsistente": null, "sertit_edificios": null, "sertit_destruidos": null, "sertit_danados": null, "sertit_posibles": null, "sertit_sin_grado": null, "sertit_area_km2": null, "sertit_imagen_literal": null, "rud_familias": 40.0, "rud_personas": 94.0, "rud_viv_destruidas": 0.0, "rud_viv_averiadas": 41.0, "mmi_usgs": 5.4, "tasa_rud_pct": 0.5951}}, {"type": "Feature", "geometry": {"type": "Point", "coordinates": [-75.239017, 3.223996]}, "properties": {"municipio": "Aipe", "departamento": "Huila", "divipola": "41016", "requiere_depto": true, "homonimo_de_departamento": false, "n_noticias": 0, "n_prensa_recogida": 3, "noticias_ejemplo": [], "dyfi_max_cdi": null, "dyfi_respuestas": null, "dyfi_celdas": 0, "dyfi_min_dist_km": null, "poblacion_2026": 17510, "cabecera_2026": 11500, "rural_2026": 6010, "poblacion_fuente": "DANE PPED municipal por área 2018-2042", "en_aoi_copernicus": false, "estado": "solo_rud", "busqueda_propia": true, "fuentes": ["rud"], "unosat_edificios": null, "unosat_observados": null, "unosat_posibles": null, "unosat_fecha_imagen": null, "unosat_codigo_inconsistente": null, "sertit_edificios": null, "sertit_destruidos": null, "sertit_danados": null, "sertit_posibles": null, "sertit_sin_grado": null, "sertit_area_km2": null, "sertit_imagen_literal": null, "rud_familias": 39.0, "rud_personas": 77.0, "rud_viv_destruidas": 0.0, "rud_viv_averiadas": 2.0, "mmi_usgs": 5.4, "tasa_rud_pct": 0.4397}}, {"type": "Feature", "geometry": {"type": "Point", "coordinates": [-75.258753, 2.777586]}, "properties": {"municipio": "Rivera", "departamento": "Huila", "divipola": "41615", "requiere_depto": true, "homonimo_de_departamento": false, "n_noticias": 0, "n_prensa_recogida": 5, "noticias_ejemplo": [], "dyfi_max_cdi": null, "dyfi_respuestas": null, "dyfi_celdas": 0, "dyfi_min_dist_km": null, "poblacion_2026": 29544, "cabecera_2026": 14137, "rural_2026": 15407, "poblacion_fuente": "DANE PPED municipal por área 2018-2042", "en_aoi_copernicus": false, "estado": "solo_rud", "busqueda_propia": true, "fuentes": ["rud"], "unosat_edificios": null, "unosat_observados": null, "unosat_posibles": null, "unosat_fecha_imagen": null, "unosat_codigo_inconsistente": null, "sertit_edificios": null, "sertit_destruidos": null, "sertit_danados": null, "sertit_posibles": null, "sertit_sin_grado": null, "sertit_area_km2": null, "sertit_imagen_literal": null, "rud_familias": 39.0, "rud_personas": 102.0, "rud_viv_destruidas": 0.0, "rud_viv_averiadas": 14.0, "mmi_usgs": 4.5, "tasa_rud_pct": 0.3452}}, {"type": "Feature", "geometry": {"type": "Point", "coordinates": [-75.141346, 6.376061]}, "properties": {"municipio": "Alejandría", "departamento": "Antioquia", "divipola": "05021", "requiere_depto": true, "homonimo_de_departamento": false, "n_noticias": 0, "n_prensa_recogida": 0, "noticias_ejemplo": [], "dyfi_max_cdi": null, "dyfi_respuestas": null, "dyfi_celdas": 0, "dyfi_min_dist_km": null, "poblacion_2026": 5347, "cabecera_2026": 3022, "rural_2026": 2325, "poblacion_fuente": "DANE PPED municipal por área 2018-2042", "en_aoi_copernicus": false, "estado": "solo_rud", "busqueda_propia": true, "fuentes": ["rud"], "unosat_edificios": null, "unosat_observados": null, "unosat_posibles": null, "unosat_fecha_imagen": null, "unosat_codigo_inconsistente": null, "sertit_edificios": null, "sertit_destruidos": null, "sertit_danados": null, "sertit_posibles": null, "sertit_sin_grado": null, "sertit_area_km2": null, "sertit_imagen_literal": null, "rud_familias": 38.0, "rud_personas": 100.0, "rud_viv_destruidas": 0.0, "rud_viv_averiadas": 19.0, "mmi_usgs": 4.5, "tasa_rud_pct": 1.8702}}, {"type": "Feature", "geometry": {"type": "Point", "coordinates": [-73.795855, 5.403997]}, "properties": {"municipio": "Fúquene", "departamento": "Cundinamarca", "divipola": "25288", "requiere_depto": true, "homonimo_de_departamento": false, "n_noticias": 0, "n_prensa_recogida": 4, "noticias_ejemplo": [], "dyfi_max_cdi": null, "dyfi_respuestas": null, "dyfi_celdas": 0, "dyfi_min_dist_km": null, "poblacion_2026": 4926, "cabecera_2026": 516, "rural_2026": 4410, "poblacion_fuente": "DANE PPED municipal por área 2018-2042", "en_aoi_copernicus": false, "estado": "solo_rud", "busqueda_propia": true, "fuentes": ["rud"], "unosat_edificios": null, "unosat_observados": null, "unosat_posibles": null, "unosat_fecha_imagen": null, "unosat_codigo_inconsistente": null, "sertit_edificios": null, "sertit_destruidos": null, "sertit_danados": null, "sertit_posibles": null, "sertit_sin_grado": null, "sertit_area_km2": null, "sertit_imagen_literal": null, "rud_familias": 37.0, "rud_personas": 86.0, "rud_viv_destruidas": 0.0, "rud_viv_averiadas": 37.0, "mmi_usgs": 4.2, "tasa_rud_pct": 1.7458}}, {"type": "Feature", "geometry": {"type": "Point", "coordinates": [-77.278795, 1.212352]}, "properties": {"municipio": "Pasto", "departamento": "Nariño", "divipola": "52001", "requiere_depto": true, "homonimo_de_departamento": false, "n_noticias": 1, "n_prensa_recogida": 8, "noticias_ejemplo": [{"fecha": "2026-09-06T07:39:59", "medio": "Google News — Pasto", "titulo": "Sismo muy débil mag. 0.9 (inconfirmado) - 16 km al noreste de Pasto, Nariño, Colombia, Saturday 5 Sep 2026 a las 22:56 (GMT -5) - Volcano Discovery", "url": "https://news.google.com/rss/articles/CBMiogFBVV95cUxPM0syakE5MGl5ZmU1bVAzbGVzREZ0WmQ0amhveTBzanJyN2toWi1aLTRnNkdmTGo1ek1qRnZwclJKY3h2UndrU2xxdXpIRkV3VHhMbmI4S3l0RjJaWUE4Vm1Nalg2OFQyeWVMQW9kSkF6VkU2OTNEWVdDeXRwX3lYRHVDbmVoOXpTQzhYdnZyQ2Qwa0lDWUdYUEVRNlNpR0dzb2c?oc=5"}], "dyfi_max_cdi": 3.9, "dyfi_respuestas": 8, "dyfi_celdas": 1, "dyfi_min_dist_km": 435, "poblacion_2026": 404775, "cabecera_2026": 316257, "rural_2026": 88518, "poblacion_fuente": "DANE PPED municipal por área 2018-2042", "en_aoi_copernicus": false, "estado": "mencion_prensa", "busqueda_propia": true, "fuentes": ["prensa", "dyfi", "rud"], "unosat_edificios": null, "unosat_observados": null, "unosat_posibles": null, "unosat_fecha_imagen": null, "unosat_codigo_inconsistente": null, "sertit_edificios": null, "sertit_destruidos": null, "sertit_danados": null, "sertit_posibles": null, "sertit_sin_grado": null, "sertit_area_km2": null, "sertit_imagen_literal": null, "rud_familias": 36.0, "rud_personas": 91.0, "rud_viv_destruidas": 0.0, "rud_viv_averiadas": 2.0, "mmi_usgs": null, "tasa_rud_pct": 0.0225}}, {"type": "Feature", "geometry": {"type": "Point", "coordinates": [-76.130765, 6.776066]}, "properties": {"municipio": "Frontino", "departamento": "Antioquia", "divipola": "05284", "requiere_depto": true, "homonimo_de_departamento": false, "n_noticias": 1, "n_prensa_recogida": 4, "noticias_ejemplo": [{"fecha": "2026-09-11T13:44:29", "medio": "Google News — Salgar", "titulo": "Sismo débil mag. 2.6 (inconfirmado) - 15 km al oeste de Frontino, Antioquia, Colombia, Friday 11 Sep 2026 a las 07:55 (GMT -5) - Volcano Discovery", "url": "https://news.google.com/rss/articles/CBMirwFBVV95cUxQZmt1aU1zV0w3UFN2MEJjQUVyenRwYkVyZ09DM29tckVld2JlN3FlOTRkX3RLVzljcW4xLW91cjl5Tl9kbjBtSTMzV2ExX0k2M1g4QS01WWdWSFRLekZmZGNSclNkNGpRV2p1ZFBHcGpKOEdDdEFhVFJKRzJncFVhQjdFVm85QkFOWFNib1JFblhHUkxTR3BzWjhTLVRpSjY0em0tcG1LMFVDTEprRUpN?oc=5"}], "dyfi_max_cdi": null, "dyfi_respuestas": null, "dyfi_celdas": 0, "dyfi_min_dist_km": null, "poblacion_2026": 21808, "cabecera_2026": 9747, "rural_2026": 12061, "poblacion_fuente": "DANE PPED municipal por área 2018-2042", "en_aoi_copernicus": false, "estado": "mencion_prensa", "busqueda_propia": true, "fuentes": ["prensa", "rud"], "unosat_edificios": null, "unosat_observados": null, "unosat_posibles": null, "unosat_fecha_imagen": null, "unosat_codigo_inconsistente": null, "sertit_edificios": null, "sertit_destruidos": null, "sertit_danados": null, "sertit_posibles": null, "sertit_sin_grado": null, "sertit_area_km2": null, "sertit_imagen_literal": null, "rud_familias": 35.0, "rud_personas": 60.0, "rud_viv_destruidas": 0.0, "rud_viv_averiadas": 28.0, "mmi_usgs": 4.9, "tasa_rud_pct": 0.2751}}, {"type": "Feature", "geometry": {"type": "Point", "coordinates": [-76.817485, 6.97771]}, "properties": {"municipio": "Murindó", "departamento": "Antioquia", "divipola": "05475", "requiere_depto": true, "homonimo_de_departamento": false, "n_noticias": 2, "n_prensa_recogida": 1, "noticias_ejemplo": [{"fecha": "2026-09-12T13:51:26", "medio": "Google News — Murindó", "titulo": "¿Lo sintió? Reportan temblor con epicentro en Murindó, Antioquia este sábado - Telemedellín", "url": "https://news.google.com/rss/articles/CBMidkFVX3lxTE1SbEVkX0h0SzY0YkcxWmZzYi1BTlo1ejBJVzhsZzEtVW5nQkZkdEI0Z25hYnRJZ3piMUZmZnV6SlozS1MxWVl3aGdZdXBzVEFncU85NkVuNHRCcnZPZndfdHNQSUJWZGJWcTFjSGVtMmNlRnNRZVE?oc=5"}, {"fecha": "2026-08-16T04:54:00", "medio": "Google News — Riosucio (Chocó)", "titulo": "Sismo débil mag. 2.6 (inconfirmado) - del Choco, 25 km al oeste de Murindo, Antioquia, Colombia, Saturday 15 Aug 2026 a las 22:39 (GMT -5) - Volcano Discovery", "url": "https://news.google.com/rss/articles/CBMirwFBVV95cUxPZ2dFZk5QR2dWZHZwaFJ0bjg3dFVHRFRMT3VJbTR1cW9BYUNValJYM28xMXlzWXgwZWxxTi05Uk1TR0tqZW52Y1BYV200OGxtRDRNR0JFQ2J5WEZUZEg1b1JJRzNVcFF5VzJCR3VrcElMTlZkMDZ2MERWTXk4MGZ5bDF0UUxSX3J0UlJEbWMxUUJpY0NlTGJjWnNoazNIeGJ4R3EwX2ZDci1UUExnSmVZ?oc=5"}], "dyfi_max_cdi": null, "dyfi_respuestas": null, "dyfi_celdas": 0, "dyfi_min_dist_km": null, "poblacion_2026": 6023, "cabecera_2026": 2239, "rural_2026": 3784, "poblacion_fuente": "DANE PPED municipal por área 2018-2042", "en_aoi_copernicus": false, "estado": "mencion_prensa", "busqueda_propia": true, "fuentes": ["prensa", "rud"], "unosat_edificios": null, "unosat_observados": null, "unosat_posibles": null, "unosat_fecha_imagen": null, "unosat_codigo_inconsistente": null, "sertit_edificios": null, "sertit_destruidos": null, "sertit_danados": null, "sertit_posibles": null, "sertit_sin_grado": null, "sertit_area_km2": null, "sertit_imagen_literal": null, "rud_familias": 35.0, "rud_personas": 72.0, "rud_viv_destruidas": 0.0, "rud_viv_averiadas": 7.0, "mmi_usgs": 5.1, "tasa_rud_pct": 1.1954}}, {"type": "Feature", "geometry": {"type": "Point", "coordinates": [-75.377316, 6.147148]}, "properties": {"municipio": "Rionegro", "departamento": "Antioquia", "divipola": "05615", "requiere_depto": true, "homonimo_de_departamento": false, "n_noticias": 2, "n_prensa_recogida": 50, "noticias_ejemplo": [{"fecha": "2026-08-19T23:09:12", "medio": "Google News — Andes", "titulo": "Antioquia acompaña a los afectados del terremoto: Rionegro envió 38,2 toneladas de ayudas a Chocó - Blu Radio", "url": "https://news.google.com/rss/articles/CBMi3gFBVV95cUxOZHk4LVlLSW9CT0M5dXNsX2tFM2F3dy1mS21XOTdWUWkxYTAtR241b3NiWV9MRmlnMW5kLU1Kb1kzQW0yTE14NkJkVy16LWU0emcxNExjRzhZNzZsX04zVEpiMTIwYnFvbGttUF9yWnViYVhJanMzWDhYdlppRjBmOVB5R1VoZlRycVZqRVB0ZGVGZXM1QkpnWFVxSDJiODlQRVB1TWlfbV83ZnlFRWkyczA3cHZBMk1yNC1rRnZuTjgyMXFobjRKYnRrUXlCX3FlV1QycHQ5YkNCNEdJdWfSAesBQVVfeXFMT0daUERIR0JpNUxYcEw1RUlHRkl5WVZpZ3M4YjN4M3VxT2ctb1llX1FPM2FCWXZjOEhwSXVBU2Viem9DMnNnOElMTE9qa3ptTGhlbVpjUGpFS2xWbVQ1cnJtejBXTWhIRjRwYVZOaTNoRHJ2bHRQOVZsdHBoOEV1ZVQxTW5IeWRqSUpEdmNSM3A2WHJlblJaOUJ5aTNsNnp1aG91NjFjME1Ia05LWFl6NTkwenYzSUVwUlRISC1RUFJFSDFKS0VQeGs4S1Q5QVZ5c3hZUlRRN2ZwTTAwb3NqbzhxRE11Z0ZoSVVqNA?oc=5"}, {"fecha": "2026-08-11T07:00:00", "medio": "Google News — Rionegro", "titulo": "Antioquia recibe 18 pacientes trasladados desde Chocó tras el terremoto, ya son atendidos en Medellín y Rionegro - Teleantioquia", "url": "https://news.google.com/rss/articles/CBMi7AFBVV95cUxOMTJDeFZqeGhuU1dRUWdGRzRQN0RuUWpZX1I3RjFfWm05T0sxYWNrcEI0MmVwRVA1aWQ3aE1TSTB0Q3BHbFNXc0otUDNNeVBTSEdTUzcxbDk5R0FyTTRoT2VSNnpaWGNiWUhVYldvdUg5X2c2RGVUcE01ODZoY3RvTFRwRmNYa1V3R19peUI0OU1tcnkwSzhrdU9jS19uSzViaWY3Q0VHUE5fbEp3NnVjdFpISmhCZGpWZExVYWhmejR0R1JSbTJBRE5SQjBLd29leXJSYUxkcG5MUFhVbEtKNjlxdVQ1TzQzOU1xVNIB-AFBVV95cUxOWjNlQVJjdkROcllMdXd0UEFXNWxmVGhHZVU1TFN1T3p6dm91SHpNeTdsbEVUaC1RMDgwWldsY0ZWMEpOTndUdWRJMXFkS0NaanY4eWhQalBuUjdMeWZyVUZpQjB4eGFQWmRSZEx3UlJJOGtTMGhLLWVCakVVelpjeXpmdmdrcG8wSmQ1Zkw0bjFmUzEwQmpGR05TR1RhMmJ3Ykp3OEFZbEtjOWFURHMtc1hINXoweDczelZsNnRoaW1ZYnBfVTJQYl9JNkRNcmxzeDBUeWxaNDJUdFkzMGU0QUtkbjBNZjJoc1l2TWpYOFpQNkdLS3lpUA?oc=5"}], "dyfi_max_cdi": 5.3, "dyfi_respuestas": 10, "dyfi_celdas": 1, "dyfi_min_dist_km": 202, "poblacion_2026": 156303, "cabecera_2026": 98864, "rural_2026": 57439, "poblacion_fuente": "DANE PPED municipal por área 2018-2042", "en_aoi_copernicus": false, "estado": "mencion_prensa", "busqueda_propia": true, "fuentes": ["prensa", "dyfi", "rud"], "unosat_edificios": null, "unosat_observados": null, "unosat_posibles": null, "unosat_fecha_imagen": null, "unosat_codigo_inconsistente": null, "sertit_edificios": null, "sertit_destruidos": null, "sertit_danados": null, "sertit_posibles": null, "sertit_sin_grado": null, "sertit_area_km2": null, "sertit_imagen_literal": null, "rud_familias": 35.0, "rud_personas": 104.0, "rud_viv_destruidas": 0.0, "rud_viv_averiadas": 12.0, "mmi_usgs": 5.2, "tasa_rud_pct": 0.0665}}, {"type": "Feature", "geometry": {"type": "Point", "coordinates": [-75.185483, 6.058295]}, "properties": {"municipio": "Cocorná", "departamento": "Antioquia", "divipola": "05197", "requiere_depto": true, "homonimo_de_departamento": false, "n_noticias": 0, "n_prensa_recogida": 0, "noticias_ejemplo": [], "dyfi_max_cdi": 3.9, "dyfi_respuestas": 1, "dyfi_celdas": 1, "dyfi_min_dist_km": 198, "poblacion_2026": 16099, "cabecera_2026": 7397, "rural_2026": 8702, "poblacion_fuente": "DANE PPED municipal por área 2018-2042", "en_aoi_copernicus": false, "estado": "solo_rud", "busqueda_propia": true, "fuentes": ["dyfi", "rud"], "unosat_edificios": null, "unosat_observados": null, "unosat_posibles": null, "unosat_fecha_imagen": null, "unosat_codigo_inconsistente": null, "sertit_edificios": null, "sertit_destruidos": null, "sertit_danados": null, "sertit_posibles": null, "sertit_sin_grado": null, "sertit_area_km2": null, "sertit_imagen_literal": null, "rud_familias": 34.0, "rud_personas": 100.0, "rud_viv_destruidas": 0.0, "rud_viv_averiadas": 31.0, "mmi_usgs": 4.5, "tasa_rud_pct": 0.6212}}, {"type": "Feature", "geometry": {"type": "Point", "coordinates": [-76.133951, 6.317343]}, "properties": {"municipio": "Urrao", "departamento": "Antioquia", "divipola": "05847", "requiere_depto": true, "homonimo_de_departamento": false, "n_noticias": 0, "n_prensa_recogida": 0, "noticias_ejemplo": [], "dyfi_max_cdi": null, "dyfi_respuestas": null, "dyfi_celdas": 0, "dyfi_min_dist_km": null, "poblacion_2026": 32148, "cabecera_2026": 17764, "rural_2026": 14384, "poblacion_fuente": "DANE PPED municipal por área 2018-2042", "en_aoi_copernicus": false, "estado": "solo_rud", "busqueda_propia": true, "fuentes": ["rud"], "unosat_edificios": null, "unosat_observados": null, "unosat_posibles": null, "unosat_fecha_imagen": null, "unosat_codigo_inconsistente": null, "sertit_edificios": null, "sertit_destruidos": null, "sertit_danados": null, "sertit_posibles": null, "sertit_sin_grado": null, "sertit_area_km2": null, "sertit_imagen_literal": null, "rud_familias": 34.0, "rud_personas": 107.0, "rud_viv_destruidas": 0.0, "rud_viv_averiadas": 12.0, "mmi_usgs": 5.4, "tasa_rud_pct": 0.3328}}, {"type": "Feature", "geometry": {"type": "Point", "coordinates": [-75.773158, 2.449651]}, "properties": {"municipio": "Paicol", "departamento": "Huila", "divipola": "41518", "requiere_depto": true, "homonimo_de_departamento": false, "n_noticias": 0, "n_prensa_recogida": 0, "noticias_ejemplo": [], "dyfi_max_cdi": null, "dyfi_respuestas": null, "dyfi_celdas": 0, "dyfi_min_dist_km": null, "poblacion_2026": 7856, "cabecera_2026": 3306, "rural_2026": 4550, "poblacion_fuente": "DANE PPED municipal por área 2018-2042", "en_aoi_copernicus": false, "estado": "solo_rud", "busqueda_propia": true, "fuentes": ["rud"], "unosat_edificios": null, "unosat_observados": null, "unosat_posibles": null, "unosat_fecha_imagen": null, "unosat_codigo_inconsistente": null, "sertit_edificios": null, "sertit_destruidos": null, "sertit_danados": null, "sertit_posibles": null, "sertit_sin_grado": null, "sertit_area_km2": null, "sertit_imagen_literal": null, "rud_familias": 34.0, "rud_personas": 88.0, "rud_viv_destruidas": 0.0, "rud_viv_averiadas": 0.0, "mmi_usgs": 4.4, "tasa_rud_pct": 1.1202}}, {"type": "Feature", "geometry": {"type": "Point", "coordinates": [-78.658361, 2.040629]}, "properties": {"municipio": "Francisco Pizarro", "departamento": "Nariño", "divipola": "52520", "requiere_depto": true, "homonimo_de_departamento": false, "n_noticias": 0, "n_prensa_recogida": 0, "noticias_ejemplo": [], "dyfi_max_cdi": null, "dyfi_respuestas": null, "dyfi_celdas": 0, "dyfi_min_dist_km": null, "poblacion_2026": 16116, "cabecera_2026": 6364, "rural_2026": 9752, "poblacion_fuente": "DANE PPED municipal por área 2018-2042", "en_aoi_copernicus": false, "estado": "solo_rud", "busqueda_propia": true, "fuentes": ["rud"], "unosat_edificios": null, "unosat_observados": null, "unosat_posibles": null, "unosat_fecha_imagen": null, "unosat_codigo_inconsistente": null, "sertit_edificios": null, "sertit_destruidos": null, "sertit_danados": null, "sertit_posibles": null, "sertit_sin_grado": null, "sertit_area_km2": null, "sertit_imagen_literal": null, "rud_familias": 34.0, "rud_personas": 86.0, "rud_viv_destruidas": 1.0, "rud_viv_averiadas": 18.0, "mmi_usgs": 4.1, "tasa_rud_pct": 0.5336}}, {"type": "Feature", "geometry": {"type": "Point", "coordinates": [-72.772816, 7.539633]}, "properties": {"municipio": "Cucutilla", "departamento": "Norte de Santander", "divipola": "54223", "requiere_depto": true, "homonimo_de_departamento": false, "n_noticias": 0, "n_prensa_recogida": 1, "noticias_ejemplo": [], "dyfi_max_cdi": null, "dyfi_respuestas": null, "dyfi_celdas": 0, "dyfi_min_dist_km": null, "poblacion_2026": 8565, "cabecera_2026": 1647, "rural_2026": 6918, "poblacion_fuente": "DANE PPED municipal por área 2018-2042", "en_aoi_copernicus": false, "estado": "solo_rud", "busqueda_propia": true, "fuentes": ["rud"], "unosat_edificios": null, "unosat_observados": null, "unosat_posibles": null, "unosat_fecha_imagen": null, "unosat_codigo_inconsistente": null, "sertit_edificios": null, "sertit_destruidos": null, "sertit_danados": null, "sertit_posibles": null, "sertit_sin_grado": null, "sertit_area_km2": null, "sertit_imagen_literal": null, "rud_familias": 34.0, "rud_personas": 50.0, "rud_viv_destruidas": 0.0, "rud_viv_averiadas": 0.0, "mmi_usgs": null, "tasa_rud_pct": 0.5838}}, {"type": "Feature", "geometry": {"type": "Point", "coordinates": [-75.675072, 5.928039]}, "properties": {"municipio": "Fredonia", "departamento": "Antioquia", "divipola": "05282", "requiere_depto": true, "homonimo_de_departamento": false, "n_noticias": 0, "n_prensa_recogida": 5, "noticias_ejemplo": [], "dyfi_max_cdi": 4.1, "dyfi_respuestas": 1, "dyfi_celdas": 1, "dyfi_min_dist_km": 168, "poblacion_2026": 26522, "cabecera_2026": 9322, "rural_2026": 17200, "poblacion_fuente": "DANE PPED municipal por área 2018-2042", "en_aoi_copernicus": false, "estado": "solo_rud", "busqueda_propia": true, "fuentes": ["dyfi", "rud"], "unosat_edificios": null, "unosat_observados": null, "unosat_posibles": null, "unosat_fecha_imagen": null, "unosat_codigo_inconsistente": null, "sertit_edificios": null, "sertit_destruidos": null, "sertit_danados": null, "sertit_posibles": null, "sertit_sin_grado": null, "sertit_area_km2": null, "sertit_imagen_literal": null, "rud_familias": 31.0, "rud_personas": 72.0, "rud_viv_destruidas": 0.0, "rud_viv_averiadas": 18.0, "mmi_usgs": 4.8, "tasa_rud_pct": 0.2715}}, {"type": "Feature", "geometry": {"type": "Point", "coordinates": [-75.839903, 5.79158]}, "properties": {"municipio": "Pueblorrico", "departamento": "Antioquia", "divipola": "05576", "requiere_depto": true, "homonimo_de_departamento": false, "n_noticias": 0, "n_prensa_recogida": 1, "noticias_ejemplo": [], "dyfi_max_cdi": null, "dyfi_respuestas": null, "dyfi_celdas": 0, "dyfi_min_dist_km": null, "poblacion_2026": 9073, "cabecera_2026": 4893, "rural_2026": 4180, "poblacion_fuente": "DANE PPED municipal por área 2018-2042", "en_aoi_copernicus": false, "estado": "solo_rud", "busqueda_propia": true, "fuentes": ["rud"], "unosat_edificios": null, "unosat_observados": null, "unosat_posibles": null, "unosat_fecha_imagen": null, "unosat_codigo_inconsistente": null, "sertit_edificios": null, "sertit_destruidos": null, "sertit_danados": null, "sertit_posibles": null, "sertit_sin_grado": null, "sertit_area_km2": null, "sertit_imagen_literal": null, "rud_familias": 31.0, "rud_personas": 73.0, "rud_viv_destruidas": 1.0, "rud_viv_averiadas": 25.0, "mmi_usgs": 5.3, "tasa_rud_pct": 0.8046}}, {"type": "Feature", "geometry": {"type": "Point", "coordinates": [-75.891254, 2.389263]}, "properties": {"municipio": "La Plata", "departamento": "Huila", "divipola": "41396", "requiere_depto": true, "homonimo_de_departamento": false, "n_noticias": 0, "n_prensa_recogida": 6, "noticias_ejemplo": [], "dyfi_max_cdi": null, "dyfi_respuestas": null, "dyfi_celdas": 0, "dyfi_min_dist_km": null, "poblacion_2026": 69514, "cabecera_2026": 29206, "rural_2026": 40308, "poblacion_fuente": "DANE PPED municipal por área 2018-2042", "en_aoi_copernicus": false, "estado": "solo_rud", "busqueda_propia": true, "fuentes": ["rud"], "unosat_edificios": null, "unosat_observados": null, "unosat_posibles": null, "unosat_fecha_imagen": null, "unosat_codigo_inconsistente": null, "sertit_edificios": null, "sertit_destruidos": null, "sertit_danados": null, "sertit_posibles": null, "sertit_sin_grado": null, "sertit_area_km2": null, "sertit_imagen_literal": null, "rud_familias": 31.0, "rud_personas": 80.0, "rud_viv_destruidas": 0.0, "rud_viv_averiadas": 28.0, "mmi_usgs": 4.1, "tasa_rud_pct": 0.1151}}, {"type": "Feature", "geometry": {"type": "Point", "coordinates": [-75.360874, 5.973845]}, "properties": {"municipio": "La Unión (Antioquia)", "departamento": "Antioquia", "divipola": "05400", "requiere_depto": true, "homonimo_de_departamento": false, "n_noticias": 1, "n_prensa_recogida": 36, "noticias_ejemplo": [{"fecha": "2026-08-21T15:12:00", "medio": "Google News — La Unión (Antioquia)", "titulo": "Sector minero de Antioquia se suma a la cadena de solidaridad tras el terremoto: “Con la unión de todos, Colombia podrá superar esta difícil situación” - Revista Semana", "url": "https://news.google.com/rss/articles/CBMiqgJBVV95cUxQd090eVh4V3dRLUZTZ0JhSFh5UHE3MUc3elFMV0dPeE1QeXhUZjRQQlc5TVFOcmx1dnFIZm9ySjlyYkcwc3ZUMHJaVjNtUWM3Z0VfclcwaktEZnRrZHNtVkhGZmxUa0d1YThJd0JDNWU3elBhdXJRQ1l5M1RXc0dNX2I1VS1LRG53NWNQRS13U2VSMVRYbWF5RnBMZHc2bXBfcEJ3YnZVeHZQU3lfdzdYZ3NWanp3SWx0WTdXM2oxWnZDUXdaaUhxN0xSWVV6WWpsczc5RE43NElLelhPUWZ5UElLUGdjQUNLVHJLcVQxYWkwUHZ0S2Ewc3pmSGJLeWx0Z0I0dGxNNHp5bnVUWl9YUHVnQVd2V2xJZ2VqM3k2ZW1mS2tkYm5wZjNR0gGvAkFVX3lxTFBpMEhlaDR4M04wY3E1NkhCQmkwcUM3aUZ1ajNJSE1mcko2WHpvMnhtOVRZSWpvQllDT3M2cHZ0dTlMcUZHbjlGVGM0d2RGdURXQlQ1bjMxYWJXWXVXTnlhbnl4SkxRMWliWDNKd3lfZ3QxWFhqak1PaG5yNEJLUUJXYmctMm5DUHBid09pQVlacWRSX3d6bnpYVGRvNjJQNE8wbVBod1ZRX3JGT3hPNDUxdEV0Z2ZfVmN2c1JjWmM2djRtZ0YyblVfRmQxa0tDc1hBeTQ4V2dDcXF2SEFZTE81ZzhxVjBUZmkzc2xRNnhrUzdlZHFUcm1xdzNKMFgwNk5va0JnQXNlMFhzZnAwRV9ZbkRSNFFWTy1WZnJiTmhxYzVzZXhIYkJjM3V4aURwMA?oc=5"}], "dyfi_max_cdi": null, "dyfi_respuestas": null, "dyfi_celdas": 0, "dyfi_min_dist_km": null, "poblacion_2026": 24374, "cabecera_2026": 15128, "rural_2026": 9246, "poblacion_fuente": "DANE PPED municipal por área 2018-2042", "en_aoi_copernicus": false, "estado": "mencion_prensa", "busqueda_propia": true, "fuentes": ["prensa", "rud"], "unosat_edificios": null, "unosat_observados": null, "unosat_posibles": null, "unosat_fecha_imagen": null, "unosat_codigo_inconsistente": null, "sertit_edificios": null, "sertit_destruidos": null, "sertit_danados": null, "sertit_posibles": null, "sertit_sin_grado": null, "sertit_area_km2": null, "sertit_imagen_literal": null, "rud_familias": 29.0, "rud_personas": 85.0, "rud_viv_destruidas": 0.0, "rud_viv_averiadas": 27.0, "mmi_usgs": 5.4, "tasa_rud_pct": 0.3487}}, {"type": "Feature", "geometry": {"type": "Point", "coordinates": [-75.581775, 6.246631]}, "properties": {"municipio": "Medellín", "departamento": "Antioquia", "divipola": "05001", "requiere_depto": true, "homonimo_de_departamento": false, "n_noticias": 21, "n_prensa_recogida": 28, "noticias_ejemplo": [{"fecha": "2026-09-02T01:11:00", "medio": "Google News — Ciudad Bolívar", "titulo": "En Antioquia ya entregaron la primera casa remodelada tras el terremoto | Q´HUBO Medellín - Qhubo Medellín", "url": "https://news.google.com/rss/articles/CBMiywFBVV95cUxQRV9RNzJaTUpNZDZZV2t4ZmRFaDdSTkQ4QkZMdmgwd3lyTmFDWDZCLUdvdnUyeHlEbk9fTHY4U25hTmJScUJYVGZGOS10WEh5eFJCSjBOczh1MmNJYmhyLVpoZl9wWWVhNXMyMDNDRFZkcVN4YnVaSTJVOEQ1dUNEOWVIVWZNOTVNMXRrRW1ReEZWdEtFbkQ3QXlCZTg5MFpSb0hONDhhaWg0SHVTc092ZS0tR2Zia3F5Zkg2TVZkZG5mQ2xlYnRQUl9BY9IBywFBVV95cUxQRV9RNzJaTUpNZDZZV2t4ZmRFaDdSTkQ4QkZMdmgwd3lyTmFDWDZCLUdvdnUyeHlEbk9fTHY4U25hTmJScUJYVGZGOS10WEh5eFJCSjBOczh1MmNJYmhyLVpoZl9wWWVhNXMyMDNDRFZkcVN4YnVaSTJVOEQ1dUNEOWVIVWZNOTVNMXRrRW1ReEZWdEtFbkQ3QXlCZTg5MFpSb0hONDhhaWg0SHVTc092ZS0tR2Zia3F5Zkg2TVZkZG5mQ2xlYnRQUl9BYw?oc=5"}, {"fecha": "2026-09-02T01:09:13", "medio": "Google News (agregador es-CO)", "titulo": "En Antioquia ya entregaron la primera casa remodelada tras el terremoto | Q´HUBO Medellín - Qhubo Medellín", "url": "https://news.google.com/rss/articles/CBMiwAFBVV95cUxPaEpMU3lEdTJzS2RYcXRaOXp1Nm5GbGc5NXQ5U09xUXRtUldHRWZrYkdNNWtCTWF6Yk96RUtYbUlxVk1YNHJqWkVVRWFZbHlqc1VadXc3VDhyTm1TYmFwd1Z5a1JTakFNVHZncGp6cENlYjFTR2xIVHFPOEluVUswYjZVZFltOUpCRUFER2JiOEhfTWtrVFdmUnhjeERlU2xncTltdnJUX1pDUTgwWG4wemhxOVRpYldPQlFfc2cyajDSAcsBQVVfeXFMUEVfUTcyWk1KTWQ2WVdreGZkRWg3Uk5EOEJGTHZoMHd5ck5hQ1g2Qi1Hb3Z1Mnh5RG5PX0x2OFNuYU5iUnFCWFRmRjktdFhIeXhSQkowTnM4dTJjSWJoci1aaGZfcFllYTVzMjAzQ0RWZHFTeGJ1WkkyVThENXVDRDllSFVmTTk1TTF0a0VtUXhGVnRLRW5EN0F5QmU4OTBaUm9ITjQ4YWloNEh1U3NPdmUtLUdmYmtxeWZINk1WZGRuZkNsZWJ0UFJfQWM?oc=5"}, {"fecha": "2026-08-26T17:26:07", "medio": "Google News — Medellín", "titulo": "Evento de tipo sísmico, posible sismo, reportado hace pocos minutos cerca de Medellin, Antioquia, Colombia - Volcano Discovery", "url": "https://news.google.com/rss/articles/CBMi5gFBVV95cUxObXZCWVdyRFpNTFh5UDFQdWdnZThPQ2pmRVQ3YXdTQzBFMHBLdDV0ZHZhVktKUnpJSjFKbHVyWFlUWDBENTh2YWpWYWtxRDJzdVRLX1R4aEZPVWY5MG5FNGRZZzNNZHYwZnlmN1R6R1d4MVFvdFhhS1c1Y25JeTFTZTFncUNhS2FMTGNUNW1tbEExc3JaR0M0elZ2MDVnczBiSnZqZUVyRWdLblVZLV84U2F1RUdqWFBrZEpRM3NRbnhyZUlKN0ZWbG5JeTZHSXo1d1JhOWFkUTlkSFcwRldXU2JxdVJaUQ?oc=5"}], "dyfi_max_cdi": 5.2, "dyfi_respuestas": 102, "dyfi_celdas": 1, "dyfi_min_dist_km": 194, "poblacion_2026": 2526795, "cabecera_2026": 2478217, "rural_2026": 48578, "poblacion_fuente": "DANE PPED municipal por área 2018-2042", "en_aoi_copernicus": false, "estado": "mencion_prensa", "busqueda_propia": true, "fuentes": ["prensa", "dyfi", "rud"], "unosat_edificios": null, "unosat_observados": null, "unosat_posibles": null, "unosat_fecha_imagen": null, "unosat_codigo_inconsistente": null, "sertit_edificios": null, "sertit_destruidos": null, "sertit_danados": null, "sertit_posibles": null, "sertit_sin_grado": null, "sertit_area_km2": null, "sertit_imagen_literal": null, "rud_familias": 29.0, "rud_personas": 97.0, "rud_viv_destruidas": 0.0, "rud_viv_averiadas": 23.0, "mmi_usgs": 4.7, "tasa_rud_pct": 0.0038}}, {"type": "Feature", "geometry": {"type": "Point", "coordinates": [-75.772022, 2.25987]}, "properties": {"municipio": "Agrado", "departamento": "Huila", "divipola": "41013", "requiere_depto": true, "homonimo_de_departamento": false, "n_noticias": 0, "n_prensa_recogida": 1, "noticias_ejemplo": [], "dyfi_max_cdi": null, "dyfi_respuestas": null, "dyfi_celdas": 0, "dyfi_min_dist_km": null, "poblacion_2026": 9401, "cabecera_2026": 6077, "rural_2026": 3324, "poblacion_fuente": "DANE PPED municipal por área 2018-2042", "en_aoi_copernicus": false, "estado": "solo_rud", "busqueda_propia": true, "fuentes": ["rud"], "unosat_edificios": null, "unosat_observados": null, "unosat_posibles": null, "unosat_fecha_imagen": null, "unosat_codigo_inconsistente": null, "sertit_edificios": null, "sertit_destruidos": null, "sertit_danados": null, "sertit_posibles": null, "sertit_sin_grado": null, "sertit_area_km2": null, "sertit_imagen_literal": null, "rud_familias": 29.0, "rud_personas": 29.0, "rud_viv_destruidas": 0.0, "rud_viv_averiadas": 0.0, "mmi_usgs": 4.2, "tasa_rud_pct": 0.3085}}, {"type": "Feature", "geometry": {"type": "Point", "coordinates": [-74.798714, 6.773525]}, "properties": {"municipio": "Vegachí", "departamento": "Antioquia", "divipola": "05858", "requiere_depto": true, "homonimo_de_departamento": false, "n_noticias": 0, "n_prensa_recogida": 0, "noticias_ejemplo": [], "dyfi_max_cdi": null, "dyfi_respuestas": null, "dyfi_celdas": 0, "dyfi_min_dist_km": null, "poblacion_2026": 12183, "cabecera_2026": 8660, "rural_2026": 3523, "poblacion_fuente": "DANE PPED municipal por área 2018-2042", "en_aoi_copernicus": false, "estado": "solo_rud", "busqueda_propia": true, "fuentes": ["rud"], "unosat_edificios": null, "unosat_observados": null, "unosat_posibles": null, "unosat_fecha_imagen": null, "unosat_codigo_inconsistente": null, "sertit_edificios": null, "sertit_destruidos": null, "sertit_danados": null, "sertit_posibles": null, "sertit_sin_grado": null, "sertit_area_km2": null, "sertit_imagen_literal": null, "rud_familias": 28.0, "rud_personas": 77.0, "rud_viv_destruidas": 0.0, "rud_viv_averiadas": 27.0, "mmi_usgs": 4.8, "tasa_rud_pct": 0.632}}, {"type": "Feature", "geometry": {"type": "Point", "coordinates": [-75.932167, 1.974539]}, "properties": {"municipio": "Timaná", "departamento": "Huila", "divipola": "41807", "requiere_depto": true, "homonimo_de_departamento": false, "n_noticias": 0, "n_prensa_recogida": 0, "noticias_ejemplo": [], "dyfi_max_cdi": null, "dyfi_respuestas": null, "dyfi_celdas": 0, "dyfi_min_dist_km": null, "poblacion_2026": 23619, "cabecera_2026": 8361, "rural_2026": 15258, "poblacion_fuente": "DANE PPED municipal por área 2018-2042", "en_aoi_copernicus": false, "estado": "solo_rud", "busqueda_propia": true, "fuentes": ["rud"], "unosat_edificios": null, "unosat_observados": null, "unosat_posibles": null, "unosat_fecha_imagen": null, "unosat_codigo_inconsistente": null, "sertit_edificios": null, "sertit_destruidos": null, "sertit_danados": null, "sertit_posibles": null, "sertit_sin_grado": null, "sertit_area_km2": null, "sertit_imagen_literal": null, "rud_familias": 28.0, "rud_personas": 46.0, "rud_viv_destruidas": 1.0, "rud_viv_averiadas": 20.0, "mmi_usgs": 4.2, "tasa_rud_pct": 0.1948}}, {"type": "Feature", "geometry": {"type": "Point", "coordinates": [-74.885446, 4.151314]}, "properties": {"municipio": "Espinal", "departamento": "Tolima", "divipola": "73268", "requiere_depto": true, "homonimo_de_departamento": false, "n_noticias": 0, "n_prensa_recogida": 11, "noticias_ejemplo": [], "dyfi_max_cdi": null, "dyfi_respuestas": null, "dyfi_celdas": 0, "dyfi_min_dist_km": null, "poblacion_2026": 71952, "cabecera_2026": 51793, "rural_2026": 20159, "poblacion_fuente": "DANE PPED municipal por área 2018-2042", "en_aoi_copernicus": false, "estado": "solo_rud", "busqueda_propia": true, "fuentes": ["rud"], "unosat_edificios": null, "unosat_observados": null, "unosat_posibles": null, "unosat_fecha_imagen": null, "unosat_codigo_inconsistente": null, "sertit_edificios": null, "sertit_destruidos": null, "sertit_danados": null, "sertit_posibles": null, "sertit_sin_grado": null, "sertit_area_km2": null, "sertit_imagen_literal": null, "rud_familias": 28.0, "rud_personas": 65.0, "rud_viv_destruidas": 0.0, "rud_viv_averiadas": 0.0, "mmi_usgs": 5.5, "tasa_rud_pct": 0.0903}}, {"type": "Feature", "geometry": {"type": "Point", "coordinates": [-74.641317, 4.203655]}, "properties": {"municipio": "Melgar", "departamento": "Tolima", "divipola": "73449", "requiere_depto": true, "homonimo_de_departamento": false, "n_noticias": 0, "n_prensa_recogida": 3, "noticias_ejemplo": [], "dyfi_max_cdi": 3.4, "dyfi_respuestas": 1, "dyfi_celdas": 1, "dyfi_min_dist_km": 223, "poblacion_2026": 39791, "cabecera_2026": 32393, "rural_2026": 7398, "poblacion_fuente": "DANE PPED municipal por área 2018-2042", "en_aoi_copernicus": false, "estado": "solo_rud", "busqueda_propia": true, "fuentes": ["dyfi", "rud"], "unosat_edificios": null, "unosat_observados": null, "unosat_posibles": null, "unosat_fecha_imagen": null, "unosat_codigo_inconsistente": null, "sertit_edificios": null, "sertit_destruidos": null, "sertit_danados": null, "sertit_posibles": null, "sertit_sin_grado": null, "sertit_area_km2": null, "sertit_imagen_literal": null, "rud_familias": 28.0, "rud_personas": 57.0, "rud_viv_destruidas": 0.0, "rud_viv_averiadas": 7.0, "mmi_usgs": 4.4, "tasa_rud_pct": 0.1432}}, {"type": "Feature", "geometry": {"type": "Point", "coordinates": [-75.908448, 6.045738]}, "properties": {"municipio": "Concordia", "departamento": "Antioquia", "divipola": "05209", "requiere_depto": true, "homonimo_de_departamento": false, "n_noticias": 1, "n_prensa_recogida": 3, "noticias_ejemplo": [{"fecha": "2026-08-17T07:00:00", "medio": "Google News — Concordia", "titulo": "Cancelan Festival Equino en Concordia, Antioquia, por afectaciones que dejó terremoto - Blu Radio", "url": "https://news.google.com/rss/articles/CBMizAFBVV95cUxNYkZmTC1RbW54ZzZxdlozWTI4VG1iZld1N2FDbUtSRXIxNVJHYUhEaHdJMjQyNmRXNWhjdlBJSWdQNnVNOHItNjVIUGdsbTJCU3FmX2RJa2IySnhGci1jU1c1NFYyWmktOF9rVGl3aWNiSDJRY09ON0NUTjhXYmtoVzY2VFZhQkhjbjJsVWxyQVJGNjQtOXlZcllzaGx0NUFpcm1uWHRubG5lenhwR2JKXzlPb0JVdnJ2VXJtd2ZwbFVETmJCY1hjbTFrSEXSAdoBQVVfeXFMTXdMYlJJY2pnaDNScXZQZVpQQVFrTmcySTBMRXJLbzlYb0NsN254VENDd3J6WnNhbkZvNkY3Q3Nzdi1nWDYySU5sd3dTcEZaWGhKXzZwSGxiU3JtMXJIUEdPaDVQVEpBaWZmTkxoNzVRTmpQOVllTXJibjVvUno0REQ5c1A3Ym1jc0hDcFNMSEJFQzhKNkRlcUhNN3pMUHBVUC1oSWxBY1V0UWo2ZTlYLTN4MGRBdU9pZUg1cWlJWXQyUU03TjRvMkQwOG45ZFVkSjRISkM2Umx4UWc?oc=5"}], "dyfi_max_cdi": null, "dyfi_respuestas": null, "dyfi_celdas": 0, "dyfi_min_dist_km": null, "poblacion_2026": 22145, "cabecera_2026": 8173, "rural_2026": 13972, "poblacion_fuente": "DANE PPED municipal por área 2018-2042", "en_aoi_copernicus": false, "estado": "mencion_prensa", "busqueda_propia": true, "fuentes": ["prensa", "rud"], "unosat_edificios": null, "unosat_observados": null, "unosat_posibles": null, "unosat_fecha_imagen": null, "unosat_codigo_inconsistente": null, "sertit_edificios": null, "sertit_destruidos": null, "sertit_danados": null, "sertit_posibles": null, "sertit_sin_grado": null, "sertit_area_km2": null, "sertit_imagen_literal": null, "rud_familias": 27.0, "rud_personas": 54.0, "rud_viv_destruidas": 1.0, "rud_viv_averiadas": 0.0, "mmi_usgs": 5.1, "tasa_rud_pct": 0.2438}}, {"type": "Feature", "geometry": {"type": "Point", "coordinates": [-75.734322, 6.206757]}, "properties": {"municipio": "Heliconia", "departamento": "Antioquia", "divipola": "05347", "requiere_depto": true, "homonimo_de_departamento": false, "n_noticias": 0, "n_prensa_recogida": 9, "noticias_ejemplo": [], "dyfi_max_cdi": null, "dyfi_respuestas": null, "dyfi_celdas": 0, "dyfi_min_dist_km": null, "poblacion_2026": 4961, "cabecera_2026": 2262, "rural_2026": 2699, "poblacion_fuente": "DANE PPED municipal por área 2018-2042", "en_aoi_copernicus": false, "estado": "solo_rud", "busqueda_propia": true, "fuentes": ["rud"], "unosat_edificios": null, "unosat_observados": null, "unosat_posibles": null, "unosat_fecha_imagen": null, "unosat_codigo_inconsistente": null, "sertit_edificios": null, "sertit_destruidos": null, "sertit_danados": null, "sertit_posibles": null, "sertit_sin_grado": null, "sertit_area_km2": null, "sertit_imagen_literal": null, "rud_familias": 27.0, "rud_personas": 27.0, "rud_viv_destruidas": 0.0, "rud_viv_averiadas": 0.0, "mmi_usgs": 5.0, "tasa_rud_pct": 0.5442}}, {"type": "Feature", "geometry": {"type": "Point", "coordinates": [-75.816645, 6.850028]}, "properties": {"municipio": "Sabanalarga", "departamento": "Antioquia", "divipola": "05628", "requiere_depto": true, "homonimo_de_departamento": false, "n_noticias": 0, "n_prensa_recogida": 2, "noticias_ejemplo": [], "dyfi_max_cdi": null, "dyfi_respuestas": null, "dyfi_celdas": 0, "dyfi_min_dist_km": null, "poblacion_2026": 9963, "cabecera_2026": 3578, "rural_2026": 6385, "poblacion_fuente": "DANE PPED municipal por área 2018-2042", "en_aoi_copernicus": false, "estado": "solo_rud", "busqueda_propia": true, "fuentes": ["rud"], "unosat_edificios": null, "unosat_observados": null, "unosat_posibles": null, "unosat_fecha_imagen": null, "unosat_codigo_inconsistente": null, "sertit_edificios": null, "sertit_destruidos": null, "sertit_danados": null, "sertit_posibles": null, "sertit_sin_grado": null, "sertit_area_km2": null, "sertit_imagen_literal": null, "rud_familias": 27.0, "rud_personas": 29.0, "rud_viv_destruidas": 0.0, "rud_viv_averiadas": 0.0, "mmi_usgs": 4.7, "tasa_rud_pct": 0.2911}}, {"type": "Feature", "geometry": {"type": "Point", "coordinates": [-75.938301, 2.012854]}, "properties": {"municipio": "Elías", "departamento": "Huila", "divipola": "41244", "requiere_depto": true, "homonimo_de_departamento": false, "n_noticias": 0, "n_prensa_recogida": 0, "noticias_ejemplo": [], "dyfi_max_cdi": null, "dyfi_respuestas": null, "dyfi_celdas": 0, "dyfi_min_dist_km": null, "poblacion_2026": 4821, "cabecera_2026": 1628, "rural_2026": 3193, "poblacion_fuente": "DANE PPED municipal por área 2018-2042", "en_aoi_copernicus": false, "estado": "solo_rud", "busqueda_propia": true, "fuentes": ["rud"], "unosat_edificios": null, "unosat_observados": null, "unosat_posibles": null, "unosat_fecha_imagen": null, "unosat_codigo_inconsistente": null, "sertit_edificios": null, "sertit_destruidos": null, "sertit_danados": null, "sertit_posibles": null, "sertit_sin_grado": null, "sertit_area_km2": null, "sertit_imagen_literal": null, "rud_familias": 27.0, "rud_personas": 69.0, "rud_viv_destruidas": 0.0, "rud_viv_averiadas": 0.0, "mmi_usgs": 4.2, "tasa_rud_pct": 1.4312}}, {"type": "Feature", "geometry": {"type": "Point", "coordinates": [-75.567034, 2.740968]}, "properties": {"municipio": "Teruel", "departamento": "Huila", "divipola": "41801", "requiere_depto": true, "homonimo_de_departamento": false, "n_noticias": 1, "n_prensa_recogida": 1, "noticias_ejemplo": [{"fecha": "2026-09-17T06:38:01", "medio": "Google News — Teruel", "titulo": "Últimos Sismos cerca de Teruel, Huila, Colombia: Temblores recientes últimos 7 días - VolcanoDiscovery", "url": "https://news.google.com/rss/articles/CBMi2AFBVV95cUxNYm95RGxRZ0hVSEpTNzBnT045Ti0tcEtVUnFkVFdpT2pPa2Y4RlhETHNNcVV4WnVXcDlOWGZ4NVVKaDY3UUNWSGpRSmFINDFCZzZkUDhhS216aHFXUksycE9adzRGME50NGd0ai05U0lhOXNfeEdnUDVkbktrM1BLQ29RUVZNUDdqVzZubmJBWXFXbHR1X1lzWFJwWHhkTTBXVXh3eHkyZFRwQTh1alRjTW5hX3d1eHN3b2lHZlF6RGNKZ0MwY0tDX0ZiSEVBVWRqS2xxV0p2eDk?oc=5"}], "dyfi_max_cdi": null, "dyfi_respuestas": null, "dyfi_celdas": 0, "dyfi_min_dist_km": null, "poblacion_2026": 8277, "cabecera_2026": 4408, "rural_2026": 3869, "poblacion_fuente": "DANE PPED municipal por área 2018-2042", "en_aoi_copernicus": false, "estado": "mencion_prensa", "busqueda_propia": true, "fuentes": ["prensa", "rud"], "unosat_edificios": null, "unosat_observados": null, "unosat_posibles": null, "unosat_fecha_imagen": null, "unosat_codigo_inconsistente": null, "sertit_edificios": null, "sertit_destruidos": null, "sertit_danados": null, "sertit_posibles": null, "sertit_sin_grado": null, "sertit_area_km2": null, "sertit_imagen_literal": null, "rud_familias": 27.0, "rud_personas": 52.0, "rud_viv_destruidas": 1.0, "rud_viv_averiadas": 27.0, "mmi_usgs": 4.5, "tasa_rud_pct": 0.6282}}, {"type": "Feature", "geometry": {"type": "Point", "coordinates": [-75.854442, 6.302641]}, "properties": {"municipio": "Anzá", "departamento": "Antioquia", "divipola": "05044", "requiere_depto": true, "homonimo_de_departamento": false, "n_noticias": 0, "n_prensa_recogida": 0, "noticias_ejemplo": [], "dyfi_max_cdi": null, "dyfi_respuestas": null, "dyfi_celdas": 0, "dyfi_min_dist_km": null, "poblacion_2026": 7737, "cabecera_2026": 1663, "rural_2026": 6074, "poblacion_fuente": "DANE PPED municipal por área 2018-2042", "en_aoi_copernicus": false, "estado": "solo_rud", "busqueda_propia": true, "fuentes": ["rud"], "unosat_edificios": null, "unosat_observados": null, "unosat_posibles": null, "unosat_fecha_imagen": null, "unosat_codigo_inconsistente": null, "sertit_edificios": null, "sertit_destruidos": null, "sertit_danados": null, "sertit_posibles": null, "sertit_sin_grado": null, "sertit_area_km2": null, "sertit_imagen_literal": null, "rud_familias": 26.0, "rud_personas": 26.0, "rud_viv_destruidas": 0.0, "rud_viv_averiadas": 1.0, "mmi_usgs": 5.2, "tasa_rud_pct": 0.336}}, {"type": "Feature", "geometry": {"type": "Point", "coordinates": [-75.101562, 5.963476]}, "properties": {"municipio": "San Francisco", "departamento": "Antioquia", "divipola": "05652", "requiere_depto": true, "homonimo_de_departamento": false, "n_noticias": 0, "n_prensa_recogida": 17, "noticias_ejemplo": [], "dyfi_max_cdi": null, "dyfi_respuestas": null, "dyfi_celdas": 0, "dyfi_min_dist_km": null, "poblacion_2026": 6089, "cabecera_2026": 2820, "rural_2026": 3269, "poblacion_fuente": "DANE PPED municipal por área 2018-2042", "en_aoi_copernicus": false, "estado": "solo_rud", "busqueda_propia": true, "fuentes": ["rud"], "unosat_edificios": null, "unosat_observados": null, "unosat_posibles": null, "unosat_fecha_imagen": null, "unosat_codigo_inconsistente": null, "sertit_edificios": null, "sertit_destruidos": null, "sertit_danados": null, "sertit_posibles": null, "sertit_sin_grado": null, "sertit_area_km2": null, "sertit_imagen_literal": null, "rud_familias": 26.0, "rud_personas": 28.0, "rud_viv_destruidas": 0.0, "rud_viv_averiadas": 25.0, "mmi_usgs": 4.8, "tasa_rud_pct": 0.4598}}, {"type": "Feature", "geometry": {"type": "Point", "coordinates": [-76.063503, 2.549183]}, "properties": {"municipio": "Inzá", "departamento": "Cauca", "divipola": "19355", "requiere_depto": true, "homonimo_de_departamento": false, "n_noticias": 0, "n_prensa_recogida": 1, "noticias_ejemplo": [], "dyfi_max_cdi": null, "dyfi_respuestas": null, "dyfi_celdas": 0, "dyfi_min_dist_km": null, "poblacion_2026": 29058, "cabecera_2026": 894, "rural_2026": 28164, "poblacion_fuente": "DANE PPED municipal por área 2018-2042", "en_aoi_copernicus": false, "estado": "solo_rud", "busqueda_propia": true, "fuentes": ["rud"], "unosat_edificios": null, "unosat_observados": null, "unosat_posibles": null, "unosat_fecha_imagen": null, "unosat_codigo_inconsistente": null, "sertit_edificios": null, "sertit_destruidos": null, "sertit_danados": null, "sertit_posibles": null, "sertit_sin_grado": null, "sertit_area_km2": null, "sertit_imagen_literal": null, "rud_familias": 25.0, "rud_personas": 69.0, "rud_viv_destruidas": 0.0, "rud_viv_averiadas": 17.0, "mmi_usgs": 4.8, "tasa_rud_pct": 0.2375}}, {"type": "Feature", "geometry": {"type": "Point", "coordinates": [-76.049441, 1.852631]}, "properties": {"municipio": "Pitalito", "departamento": "Huila", "divipola": "41551", "requiere_depto": false, "homonimo_de_departamento": false, "n_noticias": 5, "n_prensa_recogida": 6, "noticias_ejemplo": [{"fecha": "2026-09-06T07:39:58", "medio": "Google News — Colombia", "titulo": "Sismo muy débil mag. 1.5 (inconfirmado) - 4.8 km al noreste de Pitalito, Huila, Colombia, Saturday 5 Sep 2026 a las 22:51 (GMT -5) - Volcano Discovery", "url": "https://news.google.com/rss/articles/CBMiogFBVV95cUxPSnA2aGFFZlQ0dnliNXgxUXJaYnFPMzJONHZhVXB4TVpCV2Utekk3TUdKV3czenJpUEVoN2hVWjZsNzVmcDZBY3RJcjliRWxvSFVhdUJYVEp2eXJCT2Z5Ujl0WGNnM2JRNTJTR1hHMUFxbmloTE5QUlZUbzlKd1d6VW5VazhscE0yN3NFeEdiOVlwUUZJNkJiZnpQU2dMYkIyYUE?oc=5"}, {"fecha": "2026-08-18T22:33:24", "medio": "Google News — Colombia", "titulo": "Sismo débil mag. 2.3 (inconfirmado) - 44 km al noreste de Pitalito, Huila, Colombia, Tuesday 18 Aug 2026 a las 17:17 (GMT -5) - Volcano Discovery", "url": "https://news.google.com/rss/articles/CBMiowFBVV95cUxPaUlJWUhUbzVTRlpnZFNSYWVoVFRQejZLQjBNR0JjNGhWdndnLUNBYVZIa01lR3BRZDRaSVVXcXlFamgzQWE3cGZ3M2N2TmVjREJyeG9Zc2dIUXpLcUprV0F3NkJOSTcwSjFjMlBPX3VWVEFCSmtITG8ycDJacXhVOWtpMnlDR0pRWjVpRThWMm9iazBSbEE3UHgwMWlxWjBpYjRz?oc=5"}, {"fecha": "2026-08-13T07:00:00", "medio": "Google News — Algeciras", "titulo": "Pitalito fortalece respuesta y monitoreo ante posibles réplicas del sismo ocurrido en Colombia - Caracol Radio", "url": "https://news.google.com/rss/articles/CBMiyAFBVV95cUxOUU4tUDRoWU1CaFV6ZkdIcU9YazAxaWJ5azhTTnVIWEQ4UHN5MEU5UXVyLVZvS3QyUTJaWkd6TEI3X21NQzhyVlF2SUpGNEVBZDlxeDNDeEJTd0VBV3ZwaGd1dUdKRnh6Mnk0YlVyUTlJZEpyYm5wY0NyTXRhR0R3QlZVYU4xSGNpTmMyU2VtX3Y0ajZ2UHFHNEdHeHdzLWhyMlVPbVFabE8xSlRSSDVqTENJTDFuS0JmTll1clVEWDlRU25hejFPZdIB3AFBVV95cUxOZEhKWHl4THVEbGIwdktHMGxKNDd0Wjh2c19BUXp1YUo5QWctZDc5UGhTOEs1QkpIQkVlRE9GQ2tVblZ1REFpdTJlOWtSWFZaSnI4Y2x6djJaNEJVd3A4Qks5VTZiVFlHUTZoRjJqSnBfVG41aTFkQTFzbW13cDN3dFVlbkpSZUIyZ2xJb2k5TldQN0MyMUJnMjR5X0FaTU9fRHQ2M3ZQd2JoSlBKaFVLWk9oU0UzS2QtOHhOWF9SZEU4QWR1WXEyQ3JkQ1FPa2tUamcxODFEMHl1cHZ0?oc=5"}], "dyfi_max_cdi": 4.6, "dyfi_respuestas": 1, "dyfi_celdas": 1, "dyfi_min_dist_km": 352, "poblacion_2026": 145949, "cabecera_2026": 85877, "rural_2026": 60072, "poblacion_fuente": "DANE PPED municipal por área 2018-2042", "en_aoi_copernicus": false, "estado": "mencion_prensa", "busqueda_propia": true, "fuentes": ["prensa", "dyfi", "rud"], "unosat_edificios": null, "unosat_observados": null, "unosat_posibles": null, "unosat_fecha_imagen": null, "unosat_codigo_inconsistente": null, "sertit_edificios": null, "sertit_destruidos": null, "sertit_danados": null, "sertit_posibles": null, "sertit_sin_grado": null, "sertit_area_km2": null, "sertit_imagen_literal": null, "rud_familias": 24.0, "rud_personas": 75.0, "rud_viv_destruidas": 0.0, "rud_viv_averiadas": 21.0, "mmi_usgs": 4.7, "tasa_rud_pct": 0.0514}}, {"type": "Feature", "geometry": {"type": "Point", "coordinates": [-75.730271, 2.486364]}, "properties": {"municipio": "Tesalia", "departamento": "Huila", "divipola": "41797", "requiere_depto": true, "homonimo_de_departamento": false, "n_noticias": 0, "n_prensa_recogida": 0, "noticias_ejemplo": [], "dyfi_max_cdi": null, "dyfi_respuestas": null, "dyfi_celdas": 0, "dyfi_min_dist_km": null, "poblacion_2026": 12440, "cabecera_2026": 6171, "rural_2026": 6269, "poblacion_fuente": "DANE PPED municipal por área 2018-2042", "en_aoi_copernicus": false, "estado": "solo_rud", "busqueda_propia": true, "fuentes": ["rud"], "unosat_edificios": null, "unosat_observados": null, "unosat_posibles": null, "unosat_fecha_imagen": null, "unosat_codigo_inconsistente": null, "sertit_edificios": null, "sertit_destruidos": null, "sertit_danados": null, "sertit_posibles": null, "sertit_sin_grado": null, "sertit_area_km2": null, "sertit_imagen_literal": null, "rud_familias": 24.0, "rud_personas": 34.0, "rud_viv_destruidas": 0.0, "rud_viv_averiadas": 17.0, "mmi_usgs": 4.8, "tasa_rud_pct": 0.2733}}, {"type": "Feature", "geometry": {"type": "Point", "coordinates": [-75.634497, 2.649359]}, "properties": {"municipio": "Íquira", "departamento": "Huila", "divipola": "41357", "requiere_depto": true, "homonimo_de_departamento": false, "n_noticias": 0, "n_prensa_recogida": 0, "noticias_ejemplo": [], "dyfi_max_cdi": null, "dyfi_respuestas": null, "dyfi_celdas": 0, "dyfi_min_dist_km": null, "poblacion_2026": 9857, "cabecera_2026": 2771, "rural_2026": 7086, "poblacion_fuente": "DANE PPED municipal por área 2018-2042", "en_aoi_copernicus": false, "estado": "solo_rud", "busqueda_propia": true, "fuentes": ["rud"], "unosat_edificios": null, "unosat_observados": null, "unosat_posibles": null, "unosat_fecha_imagen": null, "unosat_codigo_inconsistente": null, "sertit_edificios": null, "sertit_destruidos": null, "sertit_danados": null, "sertit_posibles": null, "sertit_sin_grado": null, "sertit_area_km2": null, "sertit_imagen_literal": null, "rud_familias": 24.0, "rud_personas": 73.0, "rud_viv_destruidas": 1.0, "rud_viv_averiadas": 1.0, "mmi_usgs": 4.5, "tasa_rud_pct": 0.7406}}, {"type": "Feature", "geometry": {"type": "Point", "coordinates": [-74.717633, 4.152334]}, "properties": {"municipio": "Carmen de Apicalá", "departamento": "Tolima", "divipola": "73148", "requiere_depto": true, "homonimo_de_departamento": false, "n_noticias": 0, "n_prensa_recogida": 1, "noticias_ejemplo": [], "dyfi_max_cdi": null, "dyfi_respuestas": null, "dyfi_celdas": 0, "dyfi_min_dist_km": null, "poblacion_2026": 11091, "cabecera_2026": 8351, "rural_2026": 2740, "poblacion_fuente": "DANE PPED municipal por área 2018-2042", "en_aoi_copernicus": false, "estado": "solo_rud", "busqueda_propia": true, "fuentes": ["rud"], "unosat_edificios": null, "unosat_observados": null, "unosat_posibles": null, "unosat_fecha_imagen": null, "unosat_codigo_inconsistente": null, "sertit_edificios": null, "sertit_destruidos": null, "sertit_danados": null, "sertit_posibles": null, "sertit_sin_grado": null, "sertit_area_km2": null, "sertit_imagen_literal": null, "rud_familias": 24.0, "rud_personas": 46.0, "rud_viv_destruidas": 0.0, "rud_viv_averiadas": 10.0, "mmi_usgs": 4.9, "tasa_rud_pct": 0.4148}}, {"type": "Feature", "geometry": {"type": "Point", "coordinates": [-75.298091, 6.979771]}, "properties": {"municipio": "Campamento", "departamento": "Antioquia", "divipola": "05134", "requiere_depto": true, "homonimo_de_departamento": false, "n_noticias": 0, "n_prensa_recogida": 4, "noticias_ejemplo": [], "dyfi_max_cdi": null, "dyfi_respuestas": null, "dyfi_celdas": 0, "dyfi_min_dist_km": null, "poblacion_2026": 10063, "cabecera_2026": 3087, "rural_2026": 6976, "poblacion_fuente": "DANE PPED municipal por área 2018-2042", "en_aoi_copernicus": false, "estado": "solo_rud", "busqueda_propia": true, "fuentes": ["rud"], "unosat_edificios": null, "unosat_observados": null, "unosat_posibles": null, "unosat_fecha_imagen": null, "unosat_codigo_inconsistente": null, "sertit_edificios": null, "sertit_destruidos": null, "sertit_danados": null, "sertit_posibles": null, "sertit_sin_grado": null, "sertit_area_km2": null, "sertit_imagen_literal": null, "rud_familias": 23.0, "rud_personas": 57.0, "rud_viv_destruidas": 0.0, "rud_viv_averiadas": 18.0, "mmi_usgs": 4.3, "tasa_rud_pct": 0.5664}}, {"type": "Feature", "geometry": {"type": "Point", "coordinates": [-75.764673, 7.171629]}, "properties": {"municipio": "Ituango", "departamento": "Antioquia", "divipola": "05361", "requiere_depto": true, "homonimo_de_departamento": false, "n_noticias": 1, "n_prensa_recogida": 7, "noticias_ejemplo": [{"fecha": "2026-08-25T00:09:00", "medio": "Google News — Santa Fé de Antioquia", "titulo": "Sismo débil mag. 2.0 (inconfirmado) - 26 km al noreste de Ituango, Antioquia, Colombia, Monday 24 Aug 2026 a las 18:43 (GMT -5) - Volcano Discovery", "url": "https://news.google.com/rss/articles/CBMirwFBVV95cUxPRk16b1ZVR3lSMTVTZDBqQ2dpQTZ4bzZNT0ZxRGhCRXRoUVdUcW1KRXM0MF9iV1NGNnhSWENWb1hXT0pWcmkxUG1NVTJSNzZGZWhyMWM5X2xtUXltbHhfMlhoTGN2Z3Rnd0RRNElkVmowTHZCZklPRDFTbkRRWUpLY1VPaWpfSXJGUlpyU3JxbDdfWkJMYW50amFURWNNUXVLaldFZWt3ajJ0VWZaNmdz?oc=5"}], "dyfi_max_cdi": null, "dyfi_respuestas": null, "dyfi_celdas": 0, "dyfi_min_dist_km": null, "poblacion_2026": 29650, "cabecera_2026": 8614, "rural_2026": 21036, "poblacion_fuente": "DANE PPED municipal por área 2018-2042", "en_aoi_copernicus": false, "estado": "mencion_prensa", "busqueda_propia": true, "fuentes": ["prensa", "rud"], "unosat_edificios": null, "unosat_observados": null, "unosat_posibles": null, "unosat_fecha_imagen": null, "unosat_codigo_inconsistente": null, "sertit_edificios": null, "sertit_destruidos": null, "sertit_danados": null, "sertit_posibles": null, "sertit_sin_grado": null, "sertit_area_km2": null, "sertit_imagen_literal": null, "rud_familias": 23.0, "rud_personas": 52.0, "rud_viv_destruidas": 0.0, "rud_viv_averiadas": 0.0, "mmi_usgs": 4.2, "tasa_rud_pct": 0.1754}}, {"type": "Feature", "geometry": {"type": "Point", "coordinates": [-74.889543, 5.574796]}, "properties": {"municipio": "Norcasia", "departamento": "Caldas", "divipola": "17495", "requiere_depto": true, "homonimo_de_departamento": false, "n_noticias": 0, "n_prensa_recogida": 0, "noticias_ejemplo": [], "dyfi_max_cdi": null, "dyfi_respuestas": null, "dyfi_celdas": 0, "dyfi_min_dist_km": null, "poblacion_2026": 6140, "cabecera_2026": 4282, "rural_2026": 1858, "poblacion_fuente": "DANE PPED municipal por área 2018-2042", "en_aoi_copernicus": false, "estado": "solo_rud", "busqueda_propia": true, "fuentes": ["rud"], "unosat_edificios": null, "unosat_observados": null, "unosat_posibles": null, "unosat_fecha_imagen": null, "unosat_codigo_inconsistente": null, "sertit_edificios": null, "sertit_destruidos": null, "sertit_danados": null, "sertit_posibles": null, "sertit_sin_grado": null, "sertit_area_km2": null, "sertit_imagen_literal": null, "rud_familias": 23.0, "rud_personas": 69.0, "rud_viv_destruidas": 0.0, "rud_viv_averiadas": 14.0, "mmi_usgs": 4.8, "tasa_rud_pct": 1.1238}}, {"type": "Feature", "geometry": {"type": "Point", "coordinates": [-74.621919, 4.847575]}, "properties": {"municipio": "San Juan de Rioseco", "departamento": "Cundinamarca", "divipola": "25662", "requiere_depto": true, "homonimo_de_departamento": false, "n_noticias": 0, "n_prensa_recogida": 6, "noticias_ejemplo": [], "dyfi_max_cdi": null, "dyfi_respuestas": null, "dyfi_celdas": 0, "dyfi_min_dist_km": null, "poblacion_2026": 8443, "cabecera_2026": 3587, "rural_2026": 4856, "poblacion_fuente": "DANE PPED municipal por área 2018-2042", "en_aoi_copernicus": false, "estado": "solo_rud", "busqueda_propia": true, "fuentes": ["rud"], "unosat_edificios": null, "unosat_observados": null, "unosat_posibles": null, "unosat_fecha_imagen": null, "unosat_codigo_inconsistente": null, "sertit_edificios": null, "sertit_destruidos": null, "sertit_danados": null, "sertit_posibles": null, "sertit_sin_grado": null, "sertit_area_km2": null, "sertit_imagen_literal": null, "rud_familias": 23.0, "rud_personas": 43.0, "rud_viv_destruidas": 0.0, "rud_viv_averiadas": 20.0, "mmi_usgs": 4.5, "tasa_rud_pct": 0.5093}}, {"type": "Feature", "geometry": {"type": "Point", "coordinates": [-72.505612, 7.833186]}, "properties": {"municipio": "Los Patios", "departamento": "Norte de Santander", "divipola": "54405", "requiere_depto": true, "homonimo_de_departamento": false, "n_noticias": 0, "n_prensa_recogida": 73, "noticias_ejemplo": [], "dyfi_max_cdi": null, "dyfi_respuestas": null, "dyfi_celdas": 0, "dyfi_min_dist_km": null, "poblacion_2026": 104819, "cabecera_2026": 101957, "rural_2026": 2862, "poblacion_fuente": "DANE PPED municipal por área 2018-2042", "en_aoi_copernicus": false, "estado": "solo_rud", "busqueda_propia": true, "fuentes": ["rud"], "unosat_edificios": null, "unosat_observados": null, "unosat_posibles": null, "unosat_fecha_imagen": null, "unosat_codigo_inconsistente": null, "sertit_edificios": null, "sertit_destruidos": null, "sertit_danados": null, "sertit_posibles": null, "sertit_sin_grado": null, "sertit_area_km2": null, "sertit_imagen_literal": null, "rud_familias": 23.0, "rud_personas": 68.0, "rud_viv_destruidas": 0.0, "rud_viv_averiadas": 0.0, "mmi_usgs": null, "tasa_rud_pct": 0.0649}}, {"type": "Feature", "geometry": {"type": "Point", "coordinates": [-72.747169, 7.300469]}, "properties": {"municipio": "Mutiscua", "departamento": "Norte de Santander", "divipola": "54480", "requiere_depto": true, "homonimo_de_departamento": false, "n_noticias": 0, "n_prensa_recogida": 3, "noticias_ejemplo": [], "dyfi_max_cdi": null, "dyfi_respuestas": null, "dyfi_celdas": 0, "dyfi_min_dist_km": null, "poblacion_2026": 4708, "cabecera_2026": 920, "rural_2026": 3788, "poblacion_fuente": "DANE PPED municipal por área 2018-2042", "en_aoi_copernicus": false, "estado": "solo_rud", "busqueda_propia": true, "fuentes": ["rud"], "unosat_edificios": null, "unosat_observados": null, "unosat_posibles": null, "unosat_fecha_imagen": null, "unosat_codigo_inconsistente": null, "sertit_edificios": null, "sertit_destruidos": null, "sertit_danados": null, "sertit_posibles": null, "sertit_sin_grado": null, "sertit_area_km2": null, "sertit_imagen_literal": null, "rud_familias": 23.0, "rud_personas": 39.0, "rud_viv_destruidas": 0.0, "rud_viv_averiadas": 6.0, "mmi_usgs": null, "tasa_rud_pct": 0.8284}}, {"type": "Feature", "geometry": {"type": "Point", "coordinates": [-74.531969, 4.176487]}, "properties": {"municipio": "Icononzo", "departamento": "Tolima", "divipola": "73352", "requiere_depto": true, "homonimo_de_departamento": false, "n_noticias": 0, "n_prensa_recogida": 4, "noticias_ejemplo": [], "dyfi_max_cdi": null, "dyfi_respuestas": null, "dyfi_celdas": 0, "dyfi_min_dist_km": null, "poblacion_2026": 12523, "cabecera_2026": 3867, "rural_2026": 8656, "poblacion_fuente": "DANE PPED municipal por área 2018-2042", "en_aoi_copernicus": false, "estado": "solo_rud", "busqueda_propia": true, "fuentes": ["rud"], "unosat_edificios": null, "unosat_observados": null, "unosat_posibles": null, "unosat_fecha_imagen": null, "unosat_codigo_inconsistente": null, "sertit_edificios": null, "sertit_destruidos": null, "sertit_danados": null, "sertit_posibles": null, "sertit_sin_grado": null, "sertit_area_km2": null, "sertit_imagen_literal": null, "rud_familias": 23.0, "rud_personas": 55.0, "rud_viv_destruidas": 0.0, "rud_viv_averiadas": 25.0, "mmi_usgs": 4.2, "tasa_rud_pct": 0.4392}}, {"type": "Feature", "geometry": {"type": "Point", "coordinates": [-75.077501, 6.909655]}, "properties": {"municipio": "Amalfi", "departamento": "Antioquia", "divipola": "05031", "requiere_depto": true, "homonimo_de_departamento": false, "n_noticias": 0, "n_prensa_recogida": 4, "noticias_ejemplo": [], "dyfi_max_cdi": null, "dyfi_respuestas": null, "dyfi_celdas": 0, "dyfi_min_dist_km": null, "poblacion_2026": 29394, "cabecera_2026": 17045, "rural_2026": 12349, "poblacion_fuente": "DANE PPED municipal por área 2018-2042", "en_aoi_copernicus": false, "estado": "solo_rud", "busqueda_propia": true, "fuentes": ["rud"], "unosat_edificios": null, "unosat_observados": null, "unosat_posibles": null, "unosat_fecha_imagen": null, "unosat_codigo_inconsistente": null, "sertit_edificios": null, "sertit_destruidos": null, "sertit_danados": null, "sertit_posibles": null, "sertit_sin_grado": null, "sertit_area_km2": null, "sertit_imagen_literal": null, "rud_familias": 22.0, "rud_personas": 22.0, "rud_viv_destruidas": 0.0, "rud_viv_averiadas": 24.0, "mmi_usgs": 4.6, "tasa_rud_pct": 0.0748}}, {"type": "Feature", "geometry": {"type": "Point", "coordinates": [-75.970685, 2.645724]}, "properties": {"municipio": "Páez", "departamento": "Cauca", "divipola": "19517", "requiere_depto": true, "homonimo_de_departamento": false, "n_noticias": 0, "n_prensa_recogida": 1, "noticias_ejemplo": [], "dyfi_max_cdi": null, "dyfi_respuestas": null, "dyfi_celdas": 0, "dyfi_min_dist_km": null, "poblacion_2026": 54283, "cabecera_2026": 2463, "rural_2026": 51820, "poblacion_fuente": "DANE PPED municipal por área 2018-2042", "en_aoi_copernicus": false, "estado": "solo_rud", "busqueda_propia": true, "fuentes": ["rud"], "unosat_edificios": null, "unosat_observados": null, "unosat_posibles": null, "unosat_fecha_imagen": null, "unosat_codigo_inconsistente": null, "sertit_edificios": null, "sertit_destruidos": null, "sertit_danados": null, "sertit_posibles": null, "sertit_sin_grado": null, "sertit_area_km2": null, "sertit_imagen_literal": null, "rud_familias": 22.0, "rud_personas": 77.0, "rud_viv_destruidas": 0.0, "rud_viv_averiadas": 23.0, "mmi_usgs": 4.8, "tasa_rud_pct": 0.1418}}, {"type": "Feature", "geometry": {"type": "Point", "coordinates": [-78.13765, 1.671733]}, "properties": {"municipio": "Barbacoas", "departamento": "Nariño", "divipola": "52079", "requiere_depto": true, "homonimo_de_departamento": false, "n_noticias": 0, "n_prensa_recogida": 0, "noticias_ejemplo": [], "dyfi_max_cdi": null, "dyfi_respuestas": null, "dyfi_celdas": 0, "dyfi_min_dist_km": null, "poblacion_2026": 65144, "cabecera_2026": 14633, "rural_2026": 50511, "poblacion_fuente": "DANE PPED municipal por área 2018-2042", "en_aoi_copernicus": false, "estado": "solo_rud", "busqueda_propia": true, "fuentes": ["rud"], "unosat_edificios": null, "unosat_observados": null, "unosat_posibles": null, "unosat_fecha_imagen": null, "unosat_codigo_inconsistente": null, "sertit_edificios": null, "sertit_destruidos": null, "sertit_danados": null, "sertit_posibles": null, "sertit_sin_grado": null, "sertit_area_km2": null, "sertit_imagen_literal": null, "rud_familias": 22.0, "rud_personas": 84.0, "rud_viv_destruidas": 0.0, "rud_viv_averiadas": 14.0, "mmi_usgs": 4.3, "tasa_rud_pct": 0.1289}}, {"type": "Feature", "geometry": {"type": "Point", "coordinates": [-74.692227, 4.059259]}, "properties": {"municipio": "Cunday", "departamento": "Tolima", "divipola": "73226", "requiere_depto": true, "homonimo_de_departamento": false, "n_noticias": 0, "n_prensa_recogida": 4, "noticias_ejemplo": [], "dyfi_max_cdi": null, "dyfi_respuestas": null, "dyfi_celdas": 0, "dyfi_min_dist_km": null, "poblacion_2026": 9076, "cabecera_2026": 2608, "rural_2026": 6468, "poblacion_fuente": "DANE PPED municipal por área 2018-2042", "en_aoi_copernicus": false, "estado": "solo_rud", "busqueda_propia": true, "fuentes": ["rud"], "unosat_edificios": null, "unosat_observados": null, "unosat_posibles": null, "unosat_fecha_imagen": null, "unosat_codigo_inconsistente": null, "sertit_edificios": null, "sertit_destruidos": null, "sertit_danados": null, "sertit_posibles": null, "sertit_sin_grado": null, "sertit_area_km2": null, "sertit_imagen_literal": null, "rud_familias": 22.0, "rud_personas": 44.0, "rud_viv_destruidas": 0.0, "rud_viv_averiadas": 1.0, "mmi_usgs": 4.6, "tasa_rud_pct": 0.4848}}, {"type": "Feature", "geometry": {"type": "Point", "coordinates": [-76.652652, 7.755148]}, "properties": {"municipio": "Carepa", "departamento": "Antioquia", "divipola": "05147", "requiere_depto": true, "homonimo_de_departamento": false, "n_noticias": 0, "n_prensa_recogida": 3, "noticias_ejemplo": [], "dyfi_max_cdi": null, "dyfi_respuestas": null, "dyfi_celdas": 0, "dyfi_min_dist_km": null, "poblacion_2026": 51298, "cabecera_2026": 37099, "rural_2026": 14199, "poblacion_fuente": "DANE PPED municipal por área 2018-2042", "en_aoi_copernicus": false, "estado": "solo_rud", "busqueda_propia": true, "fuentes": ["rud"], "unosat_edificios": null, "unosat_observados": null, "unosat_posibles": null, "unosat_fecha_imagen": null, "unosat_codigo_inconsistente": null, "sertit_edificios": null, "sertit_destruidos": null, "sertit_danados": null, "sertit_posibles": null, "sertit_sin_grado": null, "sertit_area_km2": null, "sertit_imagen_literal": null, "rud_familias": 21.0, "rud_personas": 44.0, "rud_viv_destruidas": 0.0, "rud_viv_averiadas": 18.0, "mmi_usgs": null, "tasa_rud_pct": 0.0858}}, {"type": "Feature", "geometry": {"type": "Point", "coordinates": [-74.884438, 5.030744]}, "properties": {"municipio": "Armero", "departamento": "Tolima", "divipola": "73055", "requiere_depto": true, "homonimo_de_departamento": false, "n_noticias": 1, "n_prensa_recogida": 5, "noticias_ejemplo": [{"fecha": "2026-08-21T14:10:15", "medio": "Google News — Armero", "titulo": "Campesino damnificado por voraz incendio en Armero, Tolima, pide ayuda urgente: 'Se prendió otra vez la candela' - El Tiempo", "url": "https://news.google.com/rss/articles/CBMi5AFBVV95cUxOMzIzNGhsXy1IY0tFdHhzNGFmTV90czctOWhQTWF5czBobVcwYWJMMTBXSkZ6OTRFOFdPMkJ4N25TSjR5bGZXNFMzVlpMNGlvVGxpQjRIcWMtTXRIN0RIVTZIekRDd3RMQ3hBbnMtUE9tLV9WVU9LOERJbjVKRzdtNVZyUkNvWVpxdTJXY252QXhraVBWVjBfV0NReWVNVF9nRzgtczY0bWdKY3NldEtaSXB4M2k0WktmS0V4bGd0cTVOWGp0eTJyaTFDLWxMaEpCbVlyakc1QUQtc3FXWFp6WVNsbEjSAeoBQVVfeXFMTnRIY3JndW53eDVGTmoxU01hYmRfU2szZER4cWc5RmcyT2tycjYwREpxMWlNUlN6aGR5cUFMQjVUdG1jQkk2Uy1rRUQ1YWdYVm5FYTFJNHI1bGVoR2RsbzdJRHRLcTI1UkRWMnI3cklEdUg0dUVCVU4tRTEtWnJFNEZPSmZLajlnbnBCcTdheEVEZnVpYWJEN1N2dkJVajhPZUZFcWZKUW1xQ3hxZHR1ZG5rTmJkMF83aF91MTVDTEJxcnlmY2E3UlVGUG9jT2IzX3MtM2FQU0t1UXNjNGZmRzhiR0p5Z2JaSWNn?oc=5"}], "dyfi_max_cdi": null, "dyfi_respuestas": null, "dyfi_celdas": 0, "dyfi_min_dist_km": null, "poblacion_2026": 12795, "cabecera_2026": 8081, "rural_2026": 4714, "poblacion_fuente": "DANE PPED municipal por área 2018-2042", "en_aoi_copernicus": false, "estado": "mencion_prensa", "busqueda_propia": true, "fuentes": ["prensa", "rud"], "unosat_edificios": null, "unosat_observados": null, "unosat_posibles": null, "unosat_fecha_imagen": null, "unosat_codigo_inconsistente": null, "sertit_edificios": null, "sertit_destruidos": null, "sertit_danados": null, "sertit_posibles": null, "sertit_sin_grado": null, "sertit_area_km2": null, "sertit_imagen_literal": null, "rud_familias": 21.0, "rud_personas": 48.0, "rud_viv_destruidas": 0.0, "rud_viv_averiadas": 17.0, "mmi_usgs": 5.2, "tasa_rud_pct": 0.3751}}, {"type": "Feature", "geometry": {"type": "Point", "coordinates": [-75.120966, 5.078465]}, "properties": {"municipio": "Casabianca", "departamento": "Tolima", "divipola": "73152", "requiere_depto": true, "homonimo_de_departamento": false, "n_noticias": 0, "n_prensa_recogida": 1, "noticias_ejemplo": [], "dyfi_max_cdi": null, "dyfi_respuestas": null, "dyfi_celdas": 0, "dyfi_min_dist_km": null, "poblacion_2026": 6615, "cabecera_2026": 1784, "rural_2026": 4831, "poblacion_fuente": "DANE PPED municipal por área 2018-2042", "en_aoi_copernicus": false, "estado": "solo_rud", "busqueda_propia": true, "fuentes": ["rud"], "unosat_edificios": null, "unosat_observados": null, "unosat_posibles": null, "unosat_fecha_imagen": null, "unosat_codigo_inconsistente": null, "sertit_edificios": null, "sertit_destruidos": null, "sertit_danados": null, "sertit_posibles": null, "sertit_sin_grado": null, "sertit_area_km2": null, "sertit_imagen_literal": null, "rud_familias": 21.0, "rud_personas": 55.0, "rud_viv_destruidas": 0.0, "rud_viv_averiadas": 12.0, "mmi_usgs": 4.8, "tasa_rud_pct": 0.8314}}, {"type": "Feature", "geometry": {"type": "Point", "coordinates": [-74.910716, 4.862046]}, "properties": {"municipio": "Lérida", "departamento": "Tolima", "divipola": "73408", "requiere_depto": true, "homonimo_de_departamento": false, "n_noticias": 0, "n_prensa_recogida": 0, "noticias_ejemplo": [], "dyfi_max_cdi": null, "dyfi_respuestas": null, "dyfi_celdas": 0, "dyfi_min_dist_km": null, "poblacion_2026": 18411, "cabecera_2026": 13719, "rural_2026": 4692, "poblacion_fuente": "DANE PPED municipal por área 2018-2042", "en_aoi_copernicus": false, "estado": "solo_rud", "busqueda_propia": true, "fuentes": ["rud"], "unosat_edificios": null, "unosat_observados": null, "unosat_posibles": null, "unosat_fecha_imagen": null, "unosat_codigo_inconsistente": null, "sertit_edificios": null, "sertit_destruidos": null, "sertit_danados": null, "sertit_posibles": null, "sertit_sin_grado": null, "sertit_area_km2": null, "sertit_imagen_literal": null, "rud_familias": 21.0, "rud_personas": 59.0, "rud_viv_destruidas": 0.0, "rud_viv_averiadas": 0.0, "mmi_usgs": 5.2, "tasa_rud_pct": 0.3205}}, {"type": "Feature", "geometry": {"type": "Point", "coordinates": [-75.097934, 4.713606]}, "properties": {"municipio": "Santa Isabel", "departamento": "Tolima", "divipola": "73686", "requiere_depto": true, "homonimo_de_departamento": false, "n_noticias": 0, "n_prensa_recogida": 11, "noticias_ejemplo": [], "dyfi_max_cdi": null, "dyfi_respuestas": null, "dyfi_celdas": 0, "dyfi_min_dist_km": null, "poblacion_2026": 5976, "cabecera_2026": 2270, "rural_2026": 3706, "poblacion_fuente": "DANE PPED municipal por área 2018-2042", "en_aoi_copernicus": false, "estado": "solo_rud", "busqueda_propia": true, "fuentes": ["rud"], "unosat_edificios": null, "unosat_observados": null, "unosat_posibles": null, "unosat_fecha_imagen": null, "unosat_codigo_inconsistente": null, "sertit_edificios": null, "sertit_destruidos": null, "sertit_danados": null, "sertit_posibles": null, "sertit_sin_grado": null, "sertit_area_km2": null, "sertit_imagen_literal": null, "rud_familias": 21.0, "rud_personas": 47.0, "rud_viv_destruidas": 0.0, "rud_viv_averiadas": 0.0, "mmi_usgs": 5.2, "tasa_rud_pct": 0.7865}}, {"type": "Feature", "geometry": {"type": "Point", "coordinates": [-74.106992, 4.649251]}, "properties": {"municipio": "Bogotá, D.C.", "departamento": "Bogotá, D.C.", "divipola": "11001", "requiere_depto": true, "homonimo_de_departamento": true, "n_noticias": null, "n_prensa_recogida": 0, "noticias_ejemplo": [], "dyfi_max_cdi": null, "dyfi_respuestas": null, "dyfi_celdas": 0, "dyfi_min_dist_km": null, "poblacion_2026": 7945996, "cabecera_2026": 7914911, "rural_2026": 31085, "poblacion_fuente": "DANE PPED municipal por área 2018-2042", "en_aoi_copernicus": false, "estado": "solo_rud", "busqueda_propia": false, "fuentes": ["rud"], "unosat_edificios": null, "unosat_observados": null, "unosat_posibles": null, "unosat_fecha_imagen": null, "unosat_codigo_inconsistente": null, "sertit_edificios": null, "sertit_destruidos": null, "sertit_danados": null, "sertit_posibles": null, "sertit_sin_grado": null, "sertit_area_km2": null, "sertit_imagen_literal": null, "rud_familias": 20.0, "rud_personas": 41.0, "rud_viv_destruidas": 0.0, "rud_viv_averiadas": 2.0, "mmi_usgs": 4.6, "tasa_rud_pct": 0.0005}}, {"type": "Feature", "geometry": {"type": "Point", "coordinates": [-75.627057, 2.196493]}, "properties": {"municipio": "Garzón", "departamento": "Huila", "divipola": "41298", "requiere_depto": true, "homonimo_de_departamento": false, "n_noticias": 0, "n_prensa_recogida": 0, "noticias_ejemplo": [], "dyfi_max_cdi": null, "dyfi_respuestas": null, "dyfi_celdas": 0, "dyfi_min_dist_km": null, "poblacion_2026": 76970, "cabecera_2026": 41201, "rural_2026": 35769, "poblacion_fuente": "DANE PPED municipal por área 2018-2042", "en_aoi_copernicus": false, "estado": "solo_rud", "busqueda_propia": true, "fuentes": ["rud"], "unosat_edificios": null, "unosat_observados": null, "unosat_posibles": null, "unosat_fecha_imagen": null, "unosat_codigo_inconsistente": null, "sertit_edificios": null, "sertit_destruidos": null, "sertit_danados": null, "sertit_posibles": null, "sertit_sin_grado": null, "sertit_area_km2": null, "sertit_imagen_literal": null, "rud_familias": 20.0, "rud_personas": 41.0, "rud_viv_destruidas": 1.0, "rud_viv_averiadas": 4.0, "mmi_usgs": 4.8, "tasa_rud_pct": 0.0533}}, {"type": "Feature", "geometry": {"type": "Point", "coordinates": [-74.600285, 3.936902]}, "properties": {"municipio": "Villarrica", "departamento": "Tolima", "divipola": "73873", "requiere_depto": true, "homonimo_de_departamento": false, "n_noticias": 0, "n_prensa_recogida": 1, "noticias_ejemplo": [], "dyfi_max_cdi": null, "dyfi_respuestas": null, "dyfi_celdas": 0, "dyfi_min_dist_km": null, "poblacion_2026": 5290, "cabecera_2026": 2049, "rural_2026": 3241, "poblacion_fuente": "DANE PPED municipal por área 2018-2042", "en_aoi_copernicus": false, "estado": "solo_rud", "busqueda_propia": true, "fuentes": ["rud"], "unosat_edificios": null, "unosat_observados": null, "unosat_posibles": null, "unosat_fecha_imagen": null, "unosat_codigo_inconsistente": null, "sertit_edificios": null, "sertit_destruidos": null, "sertit_danados": null, "sertit_posibles": null, "sertit_sin_grado": null, "sertit_area_km2": null, "sertit_imagen_literal": null, "rud_familias": 20.0, "rud_personas": 88.0, "rud_viv_destruidas": 0.0, "rud_viv_averiadas": 8.0, "mmi_usgs": 4.7, "tasa_rud_pct": 1.6635}}, {"type": "Feature", "geometry": {"type": "Point", "coordinates": [-75.501301, 6.062454]}, "properties": {"municipio": "Retiro", "departamento": "Antioquia", "divipola": "05607", "requiere_depto": true, "homonimo_de_departamento": false, "n_noticias": 2, "n_prensa_recogida": 22, "noticias_ejemplo": [{"fecha": "2026-08-13T07:00:00", "medio": "Google News — San Rafael", "titulo": "Gobernador de Antioquia evaluó daños por el sismo en El Retiro y fija ruta para la reconstrucción de viviendas e infraestructura - MiOriente", "url": "https://news.google.com/rss/articles/CBMihgFBVV95cUxPTlAtN093bVJha045N0F2MHM1T29iSnA3UFNJUnM2cDNuSldpdmV5MVp1bXZnNTJxdkFYZGV0Mi1NNXg1Wl9TaGctNjY1WGhVNU5tbzFNZVMzS3RwNkg0aHZhMTFVQXFSZWJQOTU0NXo2R1VGdnoxMUNRcWQ1U1ZLZmJ1STVZUQ?oc=5"}, {"fecha": "2026-08-12T07:00:00", "medio": "Google News — Retiro", "titulo": "Gobernador Andrés Julián visitó El Retiro, municipio afectado por el sismo, e invitó a la ciudadanía a participar en la Telemaratón - Gobernación de Antioquia", "url": "https://news.google.com/rss/articles/CBMikgJBVV95cUxOZ1l2b3pWVVhRQVhTYW5FOXV1MTlpOW9HNTd4Y2t0V21ydFZfVzFZQkdKWE1EMXV1eEgtenRtcW5SREVjSFdpUG5QR0c2UncyZUk4bVp6T0tLU0I0ajVabG5nelVrbkpGWlhUTFM3M0kyY3Ezd0I0ZC1fZlhpNjFaNXBSTWNpQW9qendoeDVka0JTRmhfR3RSU3lJZkY1Zk45V3VoZkVoRDMzc0pkRXpjUWQyU0JRUjhaUmZKdWlxRE1fZ2JyMzlobm5Tb0NDZEozU0QwZzRqSWRfYVZxMjJxSmxOSkdvTDJhZnc3d2NXbEVRUjVTdXFGWXZEdmhzNTZXOTl4RDdNTUIyR0o1V0xCUGJ3?oc=5"}], "dyfi_max_cdi": 6, "dyfi_respuestas": 2, "dyfi_celdas": 1, "dyfi_min_dist_km": 183, "poblacion_2026": 27622, "cabecera_2026": 15260, "rural_2026": 12362, "poblacion_fuente": "DANE PPED municipal por área 2018-2042", "en_aoi_copernicus": false, "estado": "intensidad_alta", "busqueda_propia": true, "fuentes": ["prensa", "dyfi", "rud"], "unosat_edificios": null, "unosat_observados": null, "unosat_posibles": null, "unosat_fecha_imagen": null, "unosat_codigo_inconsistente": null, "sertit_edificios": null, "sertit_destruidos": null, "sertit_danados": null, "sertit_posibles": null, "sertit_sin_grado": null, "sertit_area_km2": null, "sertit_imagen_literal": null, "rud_familias": 19.0, "rud_personas": 53.0, "rud_viv_destruidas": 0.0, "rud_viv_averiadas": 20.0, "mmi_usgs": 5.2, "tasa_rud_pct": 0.1919}}, {"type": "Feature", "geometry": {"type": "Point", "coordinates": [-75.735544, 5.964693]}, "properties": {"municipio": "Venecia", "departamento": "Antioquia", "divipola": "05861", "requiere_depto": true, "homonimo_de_departamento": false, "n_noticias": 4, "n_prensa_recogida": 29, "noticias_ejemplo": [{"fecha": "2026-08-24T12:38:24", "medio": "Google News — Venecia", "titulo": "Tras el temblor, comisión impulsará la recuperación del Santuario San José de Venecia, Antioquia - Caracol Radio", "url": "https://news.google.com/rss/articles/CBMiyAFBVV95cUxNWWdjZEl1Z2NOMHE4dXBpUm1ZSF82aUlXUW5xbjhkWTdmUHpUVjhRTXhnamF6TW16cHR6c0NjMnpEM1dWdFNaSG9iOEZGb2ZPTV9Fb2xkSHdDd0ZLQkFSZThWVFVUZG52cXNXU3I5SXlDOUs2dHQyUEp5UlVSTTcxMnY4dl84VkptRE5QZ1l2M2NJc3pQRjBUVjJZOURwcG0tVFI4SEh6eGQtM0FNQVBHb0tRbUlDeVA5T0NCMVFBTzEtbXVNLTVBcA?oc=5"}, {"fecha": "2026-08-23T17:23:33", "medio": "Google News — Venecia", "titulo": "Antioquia prepara plan para recuperar el Santuario San José de Venecia tras afectaciones por el temblor - Teleantioquia", "url": "https://news.google.com/rss/articles/CBMi4gFBVV95cUxPbDU3b1NMYm01YnpMSHBmTm4zUjNUcjBTS0g3WHVrbmhMOVVrNlg5T3pGVndmR0xON0c3RVF1WWl5dWZha1hnem1aUWg5ejFwbHVGeWdLNzRfZDI3Vng0RFdWOEt4Ql9hdTlrSV93MVNXTzBxcGVkbGdIdzBWTDBtNDZ3Sl90cUJOdDE1bk1iZjNUaHBOVlRRbVRsaEc0Rm91ZDJSclROYlNqTzhmR1doR0ZzLTBpTm1HUEpvOGdVTWlZLUxyRHZNRFVfTTEzY2t6VUk3Zm45Y09NVG5kSzBwT2xR0gHuAUFVX3lxTFBzeHlZRDJjNEZGelEyRmJkaUFXTnpwd1c0ZkVfSUpjY01EaTF3VDlpTkJwYnc1ODNIeTJ6OHM2bDZiMU5DYkRCZl9mMlFZVjU3eHA5RDZob05teWFMT19WYktxbkwtclQxdlVpRS1QOXkwMDVXaXBBQVMxcEZkandVc2FYS2JScVRwQ2VyQmhkYVdLVmgwT3RjbUxpdU1Tc0hVNEJvZ0lGOU0tWV9NbkhHbkpLNmxranZUZ1hFNk1JUVNmanRLaVRpb05xblYxRDVjYlFuVjZfREtWaWczRXAzUEZ1cTNYY0FZYnZ0Smc?oc=5"}, {"fecha": "2026-08-23T13:06:38", "medio": "Google News — Venecia", "titulo": "Antioquia prepara la recuperación del Santuario San José de Venecia tras los daños del sismo - Caracol Radio", "url": "https://news.google.com/rss/articles/CBMixgFBVV95cUxOVWo3VElrQkJudnV1aXRHdXV6b0tzRDVTWnY2VmxxeFd4cy1PaE4xS1dPdkVPREJuTzNWZ2tmQ2tlY21iMXJPcW1RcGN2R1F6Y3NKSU9RUnVCLV9LWmxoTFc1UHNDVVJ1T3FDMFVINnplVTN0cU4zYlFsc3QyV2FkUnI2MjhtVXpLV0NaQXJaSmg5eERFZVIzTXVhamNKRkpwc0dFVnR3enRsRnBHOXVrU0RkOXlWbW1MZVdEb2U2ekREUHRfUFHSAdoBQVVfeXFMTy1hZVpCWWtuZUFrbFYxR3dKXzQxT3RnZUhQWHJxXy1WQncwSmdwNk1mOTBueVF3S1hNenVyMXR1YTJQT0FIeDFJSE1zc19IYk9Ec2kwS0VLMlJkMmt4eFJ0WTlBVkgxQ1BpdlZ3N1l3SXd2Vm9xS2l4SkFuTHRVOURjXzNFb3J2OXdEN19UVHZUUDh5U0FSS0R6YU1DWXpoTlJzTzBZY3NtX01VWFk1ZG1VTlVaSXYwNUtjY2dpV29wWkxaTERoUWRubDFnNWZxck9RTmRlLU9yR0E?oc=5"}], "dyfi_max_cdi": null, "dyfi_respuestas": null, "dyfi_celdas": 0, "dyfi_min_dist_km": null, "poblacion_2026": 12494, "cabecera_2026": 5819, "rural_2026": 6675, "poblacion_fuente": "DANE PPED municipal por área 2018-2042", "en_aoi_copernicus": false, "estado": "mencion_prensa", "busqueda_propia": true, "fuentes": ["prensa", "rud"], "unosat_edificios": null, "unosat_observados": null, "unosat_posibles": null, "unosat_fecha_imagen": null, "unosat_codigo_inconsistente": null, "sertit_edificios": null, "sertit_destruidos": null, "sertit_danados": null, "sertit_posibles": null, "sertit_sin_grado": null, "sertit_area_km2": null, "sertit_imagen_literal": null, "rud_familias": 19.0, "rud_personas": 41.0, "rud_viv_destruidas": 0.0, "rud_viv_averiadas": 3.0, "mmi_usgs": 4.8, "tasa_rud_pct": 0.3282}}, {"type": "Feature", "geometry": {"type": "Point", "coordinates": [-74.767894, 2.119413]}, "properties": {"municipio": "San Vicente del Caguán", "departamento": "Caquetá", "divipola": "18753", "requiere_depto": true, "homonimo_de_departamento": false, "n_noticias": 0, "n_prensa_recogida": 1, "noticias_ejemplo": [], "dyfi_max_cdi": null, "dyfi_respuestas": null, "dyfi_celdas": 0, "dyfi_min_dist_km": null, "poblacion_2026": 52805, "cabecera_2026": 24703, "rural_2026": 28102, "poblacion_fuente": "DANE PPED municipal por área 2018-2042", "en_aoi_copernicus": false, "estado": "solo_rud", "busqueda_propia": true, "fuentes": ["rud"], "unosat_edificios": null, "unosat_observados": null, "unosat_posibles": null, "unosat_fecha_imagen": null, "unosat_codigo_inconsistente": null, "sertit_edificios": null, "sertit_destruidos": null, "sertit_danados": null, "sertit_posibles": null, "sertit_sin_grado": null, "sertit_area_km2": null, "sertit_imagen_literal": null, "rud_familias": 18.0, "rud_personas": 62.0, "rud_viv_destruidas": 0.0, "rud_viv_averiadas": 4.0, "mmi_usgs": 4.3, "tasa_rud_pct": 0.1174}}, {"type": "Feature", "geometry": {"type": "Point", "coordinates": [-77.466136, 1.207854]}, "properties": {"municipio": "Consacá", "departamento": "Nariño", "divipola": "52207", "requiere_depto": true, "homonimo_de_departamento": false, "n_noticias": 0, "n_prensa_recogida": 0, "noticias_ejemplo": [], "dyfi_max_cdi": null, "dyfi_respuestas": null, "dyfi_celdas": 0, "dyfi_min_dist_km": null, "poblacion_2026": 15520, "cabecera_2026": 2463, "rural_2026": 13057, "poblacion_fuente": "DANE PPED municipal por área 2018-2042", "en_aoi_copernicus": false, "estado": "solo_rud", "busqueda_propia": true, "fuentes": ["rud"], "unosat_edificios": null, "unosat_observados": null, "unosat_posibles": null, "unosat_fecha_imagen": null, "unosat_codigo_inconsistente": null, "sertit_edificios": null, "sertit_destruidos": null, "sertit_danados": null, "sertit_posibles": null, "sertit_sin_grado": null, "sertit_area_km2": null, "sertit_imagen_literal": null, "rud_familias": 18.0, "rud_personas": 24.0, "rud_viv_destruidas": 0.0, "rud_viv_averiadas": 9.0, "mmi_usgs": null, "tasa_rud_pct": 0.1546}}, {"type": "Feature", "geometry": {"type": "Point", "coordinates": [-75.220018, 6.683269]}, "properties": {"municipio": "Gómez Plata", "departamento": "Antioquia", "divipola": "05310", "requiere_depto": true, "homonimo_de_departamento": false, "n_noticias": 0, "n_prensa_recogida": 0, "noticias_ejemplo": [], "dyfi_max_cdi": null, "dyfi_respuestas": null, "dyfi_celdas": 0, "dyfi_min_dist_km": null, "poblacion_2026": 10420, "cabecera_2026": 5649, "rural_2026": 4771, "poblacion_fuente": "DANE PPED municipal por área 2018-2042", "en_aoi_copernicus": false, "estado": "solo_rud", "busqueda_propia": true, "fuentes": ["rud"], "unosat_edificios": null, "unosat_observados": null, "unosat_posibles": null, "unosat_fecha_imagen": null, "unosat_codigo_inconsistente": null, "sertit_edificios": null, "sertit_destruidos": null, "sertit_danados": null, "sertit_posibles": null, "sertit_sin_grado": null, "sertit_area_km2": null, "sertit_imagen_literal": null, "rud_familias": 17.0, "rud_personas": 41.0, "rud_viv_destruidas": 0.0, "rud_viv_averiadas": 17.0, "mmi_usgs": 4.7, "tasa_rud_pct": 0.3935}}, {"type": "Feature", "geometry": {"type": "Point", "coordinates": [-76.970504, 1.601318]}, "properties": {"municipio": "La Cruz", "departamento": "Nariño", "divipola": "52378", "requiere_depto": true, "homonimo_de_departamento": false, "n_noticias": 0, "n_prensa_recogida": 2, "noticias_ejemplo": [], "dyfi_max_cdi": null, "dyfi_respuestas": null, "dyfi_celdas": 0, "dyfi_min_dist_km": null, "poblacion_2026": 19772, "cabecera_2026": 8560, "rural_2026": 11212, "poblacion_fuente": "DANE PPED municipal por área 2018-2042", "en_aoi_copernicus": false, "estado": "solo_rud", "busqueda_propia": true, "fuentes": ["rud"], "unosat_edificios": null, "unosat_observados": null, "unosat_posibles": null, "unosat_fecha_imagen": null, "unosat_codigo_inconsistente": null, "sertit_edificios": null, "sertit_destruidos": null, "sertit_danados": null, "sertit_posibles": null, "sertit_sin_grado": null, "sertit_area_km2": null, "sertit_imagen_literal": null, "rud_familias": 17.0, "rud_personas": 17.0, "rud_viv_destruidas": 0.0, "rud_viv_averiadas": 0.0, "mmi_usgs": 4.2, "tasa_rud_pct": 0.086}}, {"type": "Feature", "geometry": {"type": "Point", "coordinates": [-76.408941, 3.034531]}, "properties": {"municipio": "Caloto", "departamento": "Cauca", "divipola": "19142", "requiere_depto": true, "homonimo_de_departamento": false, "n_noticias": 0, "n_prensa_recogida": 11, "noticias_ejemplo": [], "dyfi_max_cdi": null, "dyfi_respuestas": null, "dyfi_celdas": 0, "dyfi_min_dist_km": null, "poblacion_2026": 31197, "cabecera_2026": 5118, "rural_2026": 26079, "poblacion_fuente": "DANE PPED municipal por área 2018-2042", "en_aoi_copernicus": false, "estado": "solo_rud", "busqueda_propia": true, "fuentes": ["rud"], "unosat_edificios": null, "unosat_observados": null, "unosat_posibles": null, "unosat_fecha_imagen": null, "unosat_codigo_inconsistente": null, "sertit_edificios": null, "sertit_destruidos": null, "sertit_danados": null, "sertit_posibles": null, "sertit_sin_grado": null, "sertit_area_km2": null, "sertit_imagen_literal": null, "rud_familias": 16.0, "rud_personas": 51.0, "rud_viv_destruidas": 1.0, "rud_viv_averiadas": 1.0, "mmi_usgs": 5.9, "tasa_rud_pct": 0.1635}}, {"type": "Feature", "geometry": {"type": "Point", "coordinates": [-74.772861, 4.282113]}, "properties": {"municipio": "Ricaurte (Cundinamarca)", "departamento": "Cundinamarca", "divipola": "25612", "requiere_depto": true, "homonimo_de_departamento": false, "n_noticias": 0, "n_prensa_recogida": 2, "noticias_ejemplo": [], "dyfi_max_cdi": null, "dyfi_respuestas": null, "dyfi_celdas": 0, "dyfi_min_dist_km": null, "poblacion_2026": 15834, "cabecera_2026": 9623, "rural_2026": 6211, "poblacion_fuente": "DANE PPED municipal por área 2018-2042", "en_aoi_copernicus": false, "estado": "solo_rud", "busqueda_propia": true, "fuentes": ["rud"], "unosat_edificios": null, "unosat_observados": null, "unosat_posibles": null, "unosat_fecha_imagen": null, "unosat_codigo_inconsistente": null, "sertit_edificios": null, "sertit_destruidos": null, "sertit_danados": null, "sertit_posibles": null, "sertit_sin_grado": null, "sertit_area_km2": null, "sertit_imagen_literal": null, "rud_familias": 16.0, "rud_personas": 55.0, "rud_viv_destruidas": 0.0, "rud_viv_averiadas": 20.0, "mmi_usgs": 5.3, "tasa_rud_pct": 0.3474}}, {"type": "Feature", "geometry": {"type": "Point", "coordinates": [-77.521303, 1.494587]}, "properties": {"municipio": "Los Andes", "departamento": "Nariño", "divipola": "52418", "requiere_depto": true, "homonimo_de_departamento": false, "n_noticias": 0, "n_prensa_recogida": 2, "noticias_ejemplo": [], "dyfi_max_cdi": null, "dyfi_respuestas": null, "dyfi_celdas": 0, "dyfi_min_dist_km": null, "poblacion_2026": 9542, "cabecera_2026": 4519, "rural_2026": 5023, "poblacion_fuente": "DANE PPED municipal por área 2018-2042", "en_aoi_copernicus": false, "estado": "solo_rud", "busqueda_propia": true, "fuentes": ["rud"], "unosat_edificios": null, "unosat_observados": null, "unosat_posibles": null, "unosat_fecha_imagen": null, "unosat_codigo_inconsistente": null, "sertit_edificios": null, "sertit_destruidos": null, "sertit_danados": null, "sertit_posibles": null, "sertit_sin_grado": null, "sertit_area_km2": null, "sertit_imagen_literal": null, "rud_familias": 15.0, "rud_personas": 24.0, "rud_viv_destruidas": 0.0, "rud_viv_averiadas": 13.0, "mmi_usgs": null, "tasa_rud_pct": 0.2515}}, {"type": "Feature", "geometry": {"type": "Point", "coordinates": [-75.711389, 6.109719]}, "properties": {"municipio": "Angelópolis", "departamento": "Antioquia", "divipola": "05036", "requiere_depto": true, "homonimo_de_departamento": false, "n_noticias": 0, "n_prensa_recogida": 0, "noticias_ejemplo": [], "dyfi_max_cdi": null, "dyfi_respuestas": null, "dyfi_celdas": 0, "dyfi_min_dist_km": null, "poblacion_2026": 6214, "cabecera_2026": 2556, "rural_2026": 3658, "poblacion_fuente": "DANE PPED municipal por área 2018-2042", "en_aoi_copernicus": false, "estado": "solo_rud", "busqueda_propia": true, "fuentes": ["rud"], "unosat_edificios": null, "unosat_observados": null, "unosat_posibles": null, "unosat_fecha_imagen": null, "unosat_codigo_inconsistente": null, "sertit_edificios": null, "sertit_destruidos": null, "sertit_danados": null, "sertit_posibles": null, "sertit_sin_grado": null, "sertit_area_km2": null, "sertit_imagen_literal": null, "rud_familias": 14.0, "rud_personas": 44.0, "rud_viv_destruidas": 0.0, "rud_viv_averiadas": 13.0, "mmi_usgs": 5.0, "tasa_rud_pct": 0.7081}}, {"type": "Feature", "geometry": {"type": "Point", "coordinates": [-75.785499, 5.789748]}, "properties": {"municipio": "Jericó", "departamento": "Antioquia", "divipola": "05368", "requiere_depto": true, "homonimo_de_departamento": false, "n_noticias": 6, "n_prensa_recogida": 7, "noticias_ejemplo": [{"fecha": "2026-08-24T22:03:19", "medio": "Google News — Jericó", "titulo": "Indignación en Jericó, Antioquia: roban 19 computadores e instrumentos de una escuela tras el sismo - Blu Radio", "url": "https://news.google.com/rss/articles/CBMi3wFBVV95cUxOdVpKMml0SmVDdTNWbXIyRzB5NzV6M1pCd3phVnZxRmI5NWN2dzd0MGM5TENXQXNfY2hDWXJxRHNRX0d0VDU1MndXc2lUVXhxcEN3azY5TUdYazNnR3pnMXhYd1VxcG1yVTFhQ1k1MnhxcTZxd0NrSlo5STVMV1h6dUpFSmdLZFBKajFJTFdxWk9oS2o1OTdiRlhMcjQ4c2hsRWJfQXotLVc1MzNZbFUzRVdkRFZ3dndwY000SDg5WTVaSVl5QTJMODVSTnFwSXhpQ1Q5dU5EUmM3VEw1aTc40gHsAUFVX3lxTE91YUdraVFTcHpZY2NtNjZiV2k4Sk1lVFQ1eDA5OEdTNVdFbU9OYVpPQUZJNjNWb3NwcU9uVFppMHFxWUl5bUlmYWQxUHc2ZE9NNG80LXU1bUhZbDkzZ2lhMU1vQ2NfbTFwYWVmRnJWYXUtWW1Ea0xnZjJUcGN5bVNWNnpwUmtfUUZLTEhYT0lYbkIxelhlUkg1MllscWNTWVp3bXk2emlZdUVXMDFCZkVtQm0xVVZsb2t0cWpKSkxoa2h6TDRTRk1ab041dU91ZjRrNVFfY01PbEVTTHp1dG9lcUZRNGhJYmRSZ3dp?oc=5"}, {"fecha": "2026-08-14T07:00:00", "medio": "Google News — Andes", "titulo": "Gobernador recorrió Andes, Jericó y Ciudad Bolívar para evaluar las afectaciones causadas por el sismo en estos municipios - Gobernación de Antioquia", "url": "https://news.google.com/rss/articles/CBMihwJBVV95cUxQY0N1Y1poRHRJS1pWVWNGTTg4UWR4SWRkTnpDNTdJcDZuandBWUlMenQ1U2djMUtGZTRMZjJSOXh3dTAzMnVCVkN6cjRJWkNIUkp6bHpzdENtZlFSN3JLb0xmcnQyajJ6dnQtNW4xYTRaRjBLTHZDUmxMLXhhZzdBTGlfTVNlZVJBb3ktd1lvUFQyQ2hqdkhpV3ppWUxXXzZyQ0x5THBTYkg3OUQwWGNUSUx6cDBPX1JYaVBEU1NqeHppR1U3Yk1GQTIxUG4wQWRuc1pEM0lrbk5oUzFHVk9wTm1aZDZ0V2hhTWx2NUdrNlJfT3JPTHFhY0U2OS1BOTRMX1dQcG5fVQ?oc=5"}, {"fecha": "2026-08-13T07:00:00", "medio": "Google News — Santa Fé de Antioquia", "titulo": "Suspendida la Vuelta a Colombia por afectaciones del terremoto mientras se disputaba la sexta etapa: había partido de Manizales y finalizaba en Jericó, Antioquia - Infobae", "url": "https://news.google.com/rss/articles/CBMitwJBVV95cUxQSC1aRndFWlhQdmJ4UWZ3UUVBMUlRZmtVLXdtRmhfQWJ5REZIZUt4SXhWaFczTmM0SGJLVTdETjc0SWxPbk4zQTRYVWZmN2NrUkFsSGc0bDQ2MTNuSUF1SHFlMHRXVzVlLXpoWldIT2VMNlptclpfMFR5Vy1fN0hxMl8yVjQ3ekxpUWQ3ZFVsMWwzdEtXVjZBR3FTakU5cHFGRHd6bmIxWjZCbm93QV9rTV9fbVdNTjBMU0h4YkNINTFCMlZvZF85QUhkejN1VGpIODdKbmJ2eXF4NEkzb0tXWk5QV0p4cjllX210bFJJbXhTS2dpRU83dnFCZU41cDE2a0N6emNIR0lZSHBWY0JJb2NPTWU2SEpqSmdJUWZKOFZ1REFCWElIRTl0czlGZWlBcEV1UzRHb9IB0gJBVV95cUxOYWlPbXNRMGdtOWl6bm8xTWRjNFlHUXBMVWVsazhmUGZ6a0xDZVluaTI4UG9ra0hLalFmZUV0aDM5ZzdOaTF6ZWIydzRxaEJ2VDJaZnpuOEZPLWdqaEhmWXpRdWhONWltR3lEM2lMWk1SM0lqZXpVdnRGb0V0X1NLRG1CLWF4NU4zaUxfMk16ZUszSGY1b1hTbWJHWEhfdmJhSjVEM196dEY1NktoOVIxMlkza0xmS0FaR0ZyZGlneWY1ZTh5YVkzNTdYaEZVT0pmcFliQzhkcUgzeGcybDVUZFBBcDZ5NThZOTF4amFlU0gtM1lnU1hqX2ppanZxckt2bzA1RE1hY1lWazBNellaRkpKMmcySUVNTzIwYlpYN1VnRExxNE5UZDEyNkJ0cVRRRVp2dHh0eHNJYjc5NzlvcU1WT2Rma0otbDEyeVhVR3ZHdw?oc=5"}], "dyfi_max_cdi": null, "dyfi_respuestas": null, "dyfi_celdas": 0, "dyfi_min_dist_km": null, "poblacion_2026": 14414, "cabecera_2026": 8403, "rural_2026": 6011, "poblacion_fuente": "DANE PPED municipal por área 2018-2042", "en_aoi_copernicus": false, "estado": "mencion_prensa", "busqueda_propia": true, "fuentes": ["prensa", "rud"], "unosat_edificios": null, "unosat_observados": null, "unosat_posibles": null, "unosat_fecha_imagen": null, "unosat_codigo_inconsistente": null, "sertit_edificios": null, "sertit_destruidos": null, "sertit_danados": null, "sertit_posibles": null, "sertit_sin_grado": null, "sertit_area_km2": null, "sertit_imagen_literal": null, "rud_familias": 14.0, "rud_personas": 28.0, "rud_viv_destruidas": 0.0, "rud_viv_averiadas": 0.0, "mmi_usgs": 5.2, "tasa_rud_pct": 0.1943}}, {"type": "Feature", "geometry": {"type": "Point", "coordinates": [-75.823976, 2.111325]}, "properties": {"municipio": "Tarqui", "departamento": "Huila", "divipola": "41791", "requiere_depto": true, "homonimo_de_departamento": false, "n_noticias": 0, "n_prensa_recogida": 0, "noticias_ejemplo": [], "dyfi_max_cdi": null, "dyfi_respuestas": null, "dyfi_celdas": 0, "dyfi_min_dist_km": null, "poblacion_2026": 19002, "cabecera_2026": 5952, "rural_2026": 13050, "poblacion_fuente": "DANE PPED municipal por área 2018-2042", "en_aoi_copernicus": false, "estado": "solo_rud", "busqueda_propia": true, "fuentes": ["rud"], "unosat_edificios": null, "unosat_observados": null, "unosat_posibles": null, "unosat_fecha_imagen": null, "unosat_codigo_inconsistente": null, "sertit_edificios": null, "sertit_destruidos": null, "sertit_danados": null, "sertit_posibles": null, "sertit_sin_grado": null, "sertit_area_km2": null, "sertit_imagen_literal": null, "rud_familias": 14.0, "rud_personas": 14.0, "rud_viv_destruidas": 0.0, "rud_viv_averiadas": 9.0, "mmi_usgs": 4.5, "tasa_rud_pct": 0.0737}}, {"type": "Feature", "geometry": {"type": "Point", "coordinates": [-74.889276, 5.199708]}, "properties": {"municipio": "San Sebastián de Mariquita", "departamento": "Tolima", "divipola": "73443", "requiere_depto": true, "homonimo_de_departamento": false, "n_noticias": 1, "n_prensa_recogida": 5, "noticias_ejemplo": [{"fecha": "2026-08-13T21:40:35", "medio": "Google News — Chinchiná", "titulo": "Sismo débil mag. 2.3 (inconfirmado) - 2.7 km al este de San Sebastián de Mariquita, Tolima, Colombia, Thursday 13 Aug 2026 a las 16:10 (GMT -5) - Volcano Discovery", "url": "https://news.google.com/rss/articles/CBMiowFBVV95cUxQRTlfRzhHcEo0dHhtNGZHQk1wV3VYNmkzQ1hXTktDeER2SzBHWmJXMGpITVRfRFpzSjJ5M1hKUjlONGctNFRnU3FSdmd1UjlpRXJLaDFDazVYNmdIRENGWmlLRzAwOEREQWZsZkJ1TVM1ZERBY1FnUzR4blZrN3JrUHJrSThDT0xQT3V4WVJjUWJCS0twcHIyNzBEWHNlY1E2QW9F?oc=5"}], "dyfi_max_cdi": null, "dyfi_respuestas": null, "dyfi_celdas": 0, "dyfi_min_dist_km": null, "poblacion_2026": 40644, "cabecera_2026": 29925, "rural_2026": 10719, "poblacion_fuente": "DANE PPED municipal por área 2018-2042", "en_aoi_copernicus": false, "estado": "mencion_prensa", "busqueda_propia": true, "fuentes": ["prensa", "rud"], "unosat_edificios": null, "unosat_observados": null, "unosat_posibles": null, "unosat_fecha_imagen": null, "unosat_codigo_inconsistente": null, "sertit_edificios": null, "sertit_destruidos": null, "sertit_danados": null, "sertit_posibles": null, "sertit_sin_grado": null, "sertit_area_km2": null, "sertit_imagen_literal": null, "rud_familias": 14.0, "rud_personas": 23.0, "rud_viv_destruidas": 0.0, "rud_viv_averiadas": 1.0, "mmi_usgs": 4.8, "tasa_rud_pct": 0.0566}}, {"type": "Feature", "geometry": {"type": "Point", "coordinates": [-75.087047, 6.537829]}, "properties": {"municipio": "Cisneros", "departamento": "Antioquia", "divipola": "05190", "requiere_depto": true, "homonimo_de_departamento": false, "n_noticias": 0, "n_prensa_recogida": 0, "noticias_ejemplo": [], "dyfi_max_cdi": null, "dyfi_respuestas": null, "dyfi_celdas": 0, "dyfi_min_dist_km": null, "poblacion_2026": 10136, "cabecera_2026": 8896, "rural_2026": 1240, "poblacion_fuente": "DANE PPED municipal por área 2018-2042", "en_aoi_copernicus": false, "estado": "solo_rud", "busqueda_propia": true, "fuentes": ["rud"], "unosat_edificios": null, "unosat_observados": null, "unosat_posibles": null, "unosat_fecha_imagen": null, "unosat_codigo_inconsistente": null, "sertit_edificios": null, "sertit_destruidos": null, "sertit_danados": null, "sertit_posibles": null, "sertit_sin_grado": null, "sertit_area_km2": null, "sertit_imagen_literal": null, "rud_familias": 13.0, "rud_personas": 39.0, "rud_viv_destruidas": 0.0, "rud_viv_averiadas": 2.0, "mmi_usgs": 4.5, "tasa_rud_pct": 0.3848}}, {"type": "Feature", "geometry": {"type": "Point", "coordinates": [-76.728858, 8.089929]}, "properties": {"municipio": "Turbo", "departamento": "Antioquia", "divipola": "05837", "requiere_depto": true, "homonimo_de_departamento": false, "n_noticias": 0, "n_prensa_recogida": 10, "noticias_ejemplo": [], "dyfi_max_cdi": null, "dyfi_respuestas": null, "dyfi_celdas": 0, "dyfi_min_dist_km": null, "poblacion_2026": 130286, "cabecera_2026": 54107, "rural_2026": 76179, "poblacion_fuente": "DANE PPED municipal por área 2018-2042", "en_aoi_copernicus": false, "estado": "solo_rud", "busqueda_propia": true, "fuentes": ["rud"], "unosat_edificios": null, "unosat_observados": null, "unosat_posibles": null, "unosat_fecha_imagen": null, "unosat_codigo_inconsistente": null, "sertit_edificios": null, "sertit_destruidos": null, "sertit_danados": null, "sertit_posibles": null, "sertit_sin_grado": null, "sertit_area_km2": null, "sertit_imagen_literal": null, "rud_familias": 13.0, "rud_personas": 15.0, "rud_viv_destruidas": 0.0, "rud_viv_averiadas": 13.0, "mmi_usgs": null, "tasa_rud_pct": 0.0115}}, {"type": "Feature", "geometry": {"type": "Point", "coordinates": [-74.42296, 4.179433]}, "properties": {"municipio": "San Bernardo", "departamento": "Cundinamarca", "divipola": "25649", "requiere_depto": true, "homonimo_de_departamento": false, "n_noticias": 0, "n_prensa_recogida": 1, "noticias_ejemplo": [], "dyfi_max_cdi": null, "dyfi_respuestas": null, "dyfi_celdas": 0, "dyfi_min_dist_km": null, "poblacion_2026": 8732, "cabecera_2026": 4182, "rural_2026": 4550, "poblacion_fuente": "DANE PPED municipal por área 2018-2042", "en_aoi_copernicus": false, "estado": "solo_rud", "busqueda_propia": true, "fuentes": ["rud"], "unosat_edificios": null, "unosat_observados": null, "unosat_posibles": null, "unosat_fecha_imagen": null, "unosat_codigo_inconsistente": null, "sertit_edificios": null, "sertit_destruidos": null, "sertit_danados": null, "sertit_posibles": null, "sertit_sin_grado": null, "sertit_area_km2": null, "sertit_imagen_literal": null, "rud_familias": 13.0, "rud_personas": 22.0, "rud_viv_destruidas": 0.0, "rud_viv_averiadas": 13.0, "mmi_usgs": 4.0, "tasa_rud_pct": 0.2519}}, {"type": "Feature", "geometry": {"type": "Point", "coordinates": [-77.2808, 1.570358]}, "properties": {"municipio": "Taminango", "departamento": "Nariño", "divipola": "52786", "requiere_depto": true, "homonimo_de_departamento": false, "n_noticias": 0, "n_prensa_recogida": 1, "noticias_ejemplo": [], "dyfi_max_cdi": null, "dyfi_respuestas": null, "dyfi_celdas": 0, "dyfi_min_dist_km": null, "poblacion_2026": 18485, "cabecera_2026": 4193, "rural_2026": 14292, "poblacion_fuente": "DANE PPED municipal por área 2018-2042", "en_aoi_copernicus": false, "estado": "solo_rud", "busqueda_propia": true, "fuentes": ["rud"], "unosat_edificios": null, "unosat_observados": null, "unosat_posibles": null, "unosat_fecha_imagen": null, "unosat_codigo_inconsistente": null, "sertit_edificios": null, "sertit_destruidos": null, "sertit_danados": null, "sertit_posibles": null, "sertit_sin_grado": null, "sertit_area_km2": null, "sertit_imagen_literal": null, "rud_familias": 13.0, "rud_personas": 21.0, "rud_viv_destruidas": 0.0, "rud_viv_averiadas": 2.0, "mmi_usgs": 4.1, "tasa_rud_pct": 0.1136}}, {"type": "Feature", "geometry": {"type": "Point", "coordinates": [-74.537749, 8.468556]}, "properties": {"municipio": "Guaranda", "departamento": "Sucre", "divipola": "70265", "requiere_depto": true, "homonimo_de_departamento": false, "n_noticias": 0, "n_prensa_recogida": 0, "noticias_ejemplo": [], "dyfi_max_cdi": null, "dyfi_respuestas": null, "dyfi_celdas": 0, "dyfi_min_dist_km": null, "poblacion_2026": 19906, "cabecera_2026": 8008, "rural_2026": 11898, "poblacion_fuente": "DANE PPED municipal por área 2018-2042", "en_aoi_copernicus": false, "estado": "solo_rud", "busqueda_propia": true, "fuentes": ["rud"], "unosat_edificios": null, "unosat_observados": null, "unosat_posibles": null, "unosat_fecha_imagen": null, "unosat_codigo_inconsistente": null, "sertit_edificios": null, "sertit_destruidos": null, "sertit_danados": null, "sertit_posibles": null, "sertit_sin_grado": null, "sertit_area_km2": null, "sertit_imagen_literal": null, "rud_familias": 13.0, "rud_personas": 21.0, "rud_viv_destruidas": 0.0, "rud_viv_averiadas": 0.0, "mmi_usgs": null, "tasa_rud_pct": 0.1055}}, {"type": "Feature", "geometry": {"type": "Point", "coordinates": [-75.171022, 4.874341]}, "properties": {"municipio": "Murillo", "departamento": "Tolima", "divipola": "73461", "requiere_depto": true, "homonimo_de_departamento": false, "n_noticias": 4, "n_prensa_recogida": 30, "noticias_ejemplo": [{"fecha": "2026-09-15T06:15:15", "medio": "Google News — Líbano", "titulo": "Líbano, Murillo y Falan: destinos del Tolima que esperan a los viajeros tras el terremoto - elcronista.co", "url": "https://news.google.com/rss/articles/CBMivAFBVV95cUxQaHBoWlNoMmY2WkZoczJFRW1tT1hqVU52cTEwRG0xLUt0d001Snh1RkpBRWl3SF9QZVp4bUE1YXdzRTdVcnFlUWhZUU1SWDNRemlvNzU5RnJtOXdQUGdlZzlzS0ZVN0lWMUJOZUJqRDNZaVFqYmhNcjdjSGptc1VjRTJoVTU1Y2g3MjZLb1RId3ZxbF9qOFhQWnhISGhkNWF2SWx1cVJUbFJmUnJCeTRPLVZsTDV5WUxlTGYwcw?oc=5"}, {"fecha": "2026-08-21T14:58:13", "medio": "Google News — Murillo", "titulo": "Ibagué abre las puertas del Murillo Toro: cinco clubes podrían jugar en la ciudad tras el terremoto - Tolima Online", "url": "https://news.google.com/rss/articles/CBMiwgFBVV95cUxOcFgwRnlZUTh6NXBXeXo4S3hlS0FYLXRqMFZBcnprazVMNW5Rc1dPbHUyT2thZzd0Uk5WQU1RMng2dnJ6VDV3TmVnbGhMajRycWpoZEZSaEtRMTQ2WW9jdk5KWUpUSGlvMHcyZlJZUmVham5fVk9lOFNvcDR5SFJJTzRmVGlzdC1ZV1pzemNSeTZqeTlRWjJRTTJUbGx3cVBySWZZeXpXa0V4eDlsTzZObDFERTdnSmUxZmdiOHdWZTNSQQ?oc=5"}, {"fecha": "2026-08-20T20:26:40", "medio": "Google News — Murillo", "titulo": "IMDRI pone a disposición el estadio Manuel Murillo Toro para equipos de ciudades afectadas por el terremoto - Tolima stereo", "url": "https://news.google.com/rss/articles/CBMi1gFBVV95cUxPcVNsMWZNRDZIUElrR3F1MVdCanBmc2RyMU1rMlFtOEtaaG1IaXhKczVZUXZhZjA1dWNQTmVXTVJIR3Q5R1FGQUliYjM5NV9vdnEtWE8zeVkzb1VEeHd3QUNVQzFlVUV1aTZuYXY3NmQ0YW5RUmU5dFV0VjVfNlJNOFd2NkdSR19FT0phX1FrOEppUjkwWWVEbnh0XzFIMnVaTDFMcXhlT2N1MjIwemRTNXZWQlZJc3dNUTJCcWxIcWJTTGtiVVVtQ1JtMUpEY2E5clpJVEhB?oc=5"}], "dyfi_max_cdi": 4.1, "dyfi_respuestas": 1, "dyfi_celdas": 1, "dyfi_min_dist_km": 161, "poblacion_2026": 4222, "cabecera_2026": 1836, "rural_2026": 2386, "poblacion_fuente": "DANE PPED municipal por área 2018-2042", "en_aoi_copernicus": false, "estado": "mencion_prensa", "busqueda_propia": true, "fuentes": ["prensa", "dyfi", "rud"], "unosat_edificios": null, "unosat_observados": null, "unosat_posibles": null, "unosat_fecha_imagen": null, "unosat_codigo_inconsistente": null, "sertit_edificios": null, "sertit_destruidos": null, "sertit_danados": null, "sertit_posibles": null, "sertit_sin_grado": null, "sertit_area_km2": null, "sertit_imagen_literal": null, "rud_familias": 13.0, "rud_personas": 35.0, "rud_viv_destruidas": 0.0, "rud_viv_averiadas": 7.0, "mmi_usgs": 5.0, "tasa_rud_pct": 0.829}}, {"type": "Feature", "geometry": {"type": "Point", "coordinates": [-75.747378, 6.500745]}, "properties": {"municipio": "Sopetrán", "departamento": "Antioquia", "divipola": "05761", "requiere_depto": true, "homonimo_de_departamento": false, "n_noticias": 0, "n_prensa_recogida": 0, "noticias_ejemplo": [], "dyfi_max_cdi": null, "dyfi_respuestas": null, "dyfi_celdas": 0, "dyfi_min_dist_km": null, "poblacion_2026": 16647, "cabecera_2026": 7566, "rural_2026": 9081, "poblacion_fuente": "DANE PPED municipal por área 2018-2042", "en_aoi_copernicus": false, "estado": "solo_rud", "busqueda_propia": true, "fuentes": ["rud"], "unosat_edificios": null, "unosat_observados": null, "unosat_posibles": null, "unosat_fecha_imagen": null, "unosat_codigo_inconsistente": null, "sertit_edificios": null, "sertit_destruidos": null, "sertit_danados": null, "sertit_posibles": null, "sertit_sin_grado": null, "sertit_area_km2": null, "sertit_imagen_literal": null, "rud_familias": 12.0, "rud_personas": 16.0, "rud_viv_destruidas": 0.0, "rud_viv_averiadas": 0.0, "mmi_usgs": 5.1, "tasa_rud_pct": 0.0961}}, {"type": "Feature", "geometry": {"type": "Point", "coordinates": [-74.603402, 5.072076]}, "properties": {"municipio": "Guaduas", "departamento": "Cundinamarca", "divipola": "25320", "requiere_depto": true, "homonimo_de_departamento": false, "n_noticias": 0, "n_prensa_recogida": 2, "noticias_ejemplo": [], "dyfi_max_cdi": null, "dyfi_respuestas": null, "dyfi_celdas": 0, "dyfi_min_dist_km": null, "poblacion_2026": 30669, "cabecera_2026": 16016, "rural_2026": 14653, "poblacion_fuente": "DANE PPED municipal por área 2018-2042", "en_aoi_copernicus": false, "estado": "solo_rud", "busqueda_propia": true, "fuentes": ["rud"], "unosat_edificios": null, "unosat_observados": null, "unosat_posibles": null, "unosat_fecha_imagen": null, "unosat_codigo_inconsistente": null, "sertit_edificios": null, "sertit_destruidos": null, "sertit_danados": null, "sertit_posibles": null, "sertit_sin_grado": null, "sertit_area_km2": null, "sertit_imagen_literal": null, "rud_familias": 12.0, "rud_personas": 22.0, "rud_viv_destruidas": 0.0, "rud_viv_averiadas": 12.0, "mmi_usgs": 4.2, "tasa_rud_pct": 0.0717}}, {"type": "Feature", "geometry": {"type": "Point", "coordinates": [-74.302276, 4.308979]}, "properties": {"municipio": "Pasca", "departamento": "Cundinamarca", "divipola": "25535", "requiere_depto": true, "homonimo_de_departamento": false, "n_noticias": 0, "n_prensa_recogida": 0, "noticias_ejemplo": [], "dyfi_max_cdi": null, "dyfi_respuestas": null, "dyfi_celdas": 0, "dyfi_min_dist_km": null, "poblacion_2026": 9417, "cabecera_2026": 3532, "rural_2026": 5885, "poblacion_fuente": "DANE PPED municipal por área 2018-2042", "en_aoi_copernicus": false, "estado": "solo_rud", "busqueda_propia": true, "fuentes": ["rud"], "unosat_edificios": null, "unosat_observados": null, "unosat_posibles": null, "unosat_fecha_imagen": null, "unosat_codigo_inconsistente": null, "sertit_edificios": null, "sertit_destruidos": null, "sertit_danados": null, "sertit_posibles": null, "sertit_sin_grado": null, "sertit_area_km2": null, "sertit_imagen_literal": null, "rud_familias": 12.0, "rud_personas": 31.0, "rud_viv_destruidas": 0.0, "rud_viv_averiadas": 12.0, "mmi_usgs": 3.9, "tasa_rud_pct": 0.3292}}, {"type": "Feature", "geometry": {"type": "Point", "coordinates": [-75.812838, 6.677316]}, "properties": {"municipio": "Liborina", "departamento": "Antioquia", "divipola": "05411", "requiere_depto": true, "homonimo_de_departamento": false, "n_noticias": 0, "n_prensa_recogida": 0, "noticias_ejemplo": [], "dyfi_max_cdi": null, "dyfi_respuestas": null, "dyfi_celdas": 0, "dyfi_min_dist_km": null, "poblacion_2026": 10896, "cabecera_2026": 2805, "rural_2026": 8091, "poblacion_fuente": "DANE PPED municipal por área 2018-2042", "en_aoi_copernicus": false, "estado": "solo_rud", "busqueda_propia": true, "fuentes": ["rud"], "unosat_edificios": null, "unosat_observados": null, "unosat_posibles": null, "unosat_fecha_imagen": null, "unosat_codigo_inconsistente": null, "sertit_edificios": null, "sertit_destruidos": null, "sertit_danados": null, "sertit_posibles": null, "sertit_sin_grado": null, "sertit_area_km2": null, "sertit_imagen_literal": null, "rud_familias": 11.0, "rud_personas": 11.0, "rud_viv_destruidas": 0.0, "rud_viv_averiadas": 7.0, "mmi_usgs": 4.9, "tasa_rud_pct": 0.101}}, {"type": "Feature", "geometry": {"type": "Point", "coordinates": [-76.573252, 1.700916]}, "properties": {"municipio": "Santa Rosa", "departamento": "Cauca", "divipola": "19701", "requiere_depto": true, "homonimo_de_departamento": false, "n_noticias": 0, "n_prensa_recogida": 12, "noticias_ejemplo": [], "dyfi_max_cdi": null, "dyfi_respuestas": null, "dyfi_celdas": 0, "dyfi_min_dist_km": null, "poblacion_2026": 5310, "cabecera_2026": 593, "rural_2026": 4717, "poblacion_fuente": "DANE PPED municipal por área 2018-2042", "en_aoi_copernicus": false, "estado": "solo_rud", "busqueda_propia": true, "fuentes": ["rud"], "unosat_edificios": null, "unosat_observados": null, "unosat_posibles": null, "unosat_fecha_imagen": null, "unosat_codigo_inconsistente": null, "sertit_edificios": null, "sertit_destruidos": null, "sertit_danados": null, "sertit_posibles": null, "sertit_sin_grado": null, "sertit_area_km2": null, "sertit_imagen_literal": null, "rud_familias": 11.0, "rud_personas": 22.0, "rud_viv_destruidas": 0.0, "rud_viv_averiadas": 11.0, "mmi_usgs": 4.1, "tasa_rud_pct": 0.4143}}, {"type": "Feature", "geometry": {"type": "Point", "coordinates": [-74.669221, 4.375309]}, "properties": {"municipio": "Agua de Dios", "departamento": "Cundinamarca", "divipola": "25001", "requiere_depto": true, "homonimo_de_departamento": false, "n_noticias": 1, "n_prensa_recogida": 3, "noticias_ejemplo": [{"fecha": "2026-09-24T21:28:32", "medio": "Google News — Agua de Dios", "titulo": "Sismos cerca de Agua de Dios, Cundinamarca, Colombia: Terremotos hoy y últimos 30 días - Volcano Discovery", "url": "https://news.google.com/rss/articles/CBMi4AFBVV95cUxNN3ptcDhwTDZSd3Y3MlRaV2lneE42WGZCTTRPcnZVZXBOcU9mRTZrMjNvRnFtUjhtWktodVFCb0J6OXJabVQzSGI1SFJSbTZQRW5vWlFva1otY0x6dDZva2xnRUgwU281YTRMWnZGWEhfUXN5TWw1c1dXN1ZxekNVU0V1OHlWZllYREVFQmdoMlN5a1Y4VVlyTXZ5OVZobGREWkc2S1dxaEZYbUdfRmtrd3g0bExIQ3RRVVJoenY5QmpsdW85V3d2SDJWNXF2Qm9mdG9LaUwzT2REUjFoektWRg?oc=5"}], "dyfi_max_cdi": null, "dyfi_respuestas": null, "dyfi_celdas": 0, "dyfi_min_dist_km": null, "poblacion_2026": 11818, "cabecera_2026": 9529, "rural_2026": 2289, "poblacion_fuente": "DANE PPED municipal por área 2018-2042", "en_aoi_copernicus": false, "estado": "mencion_prensa", "busqueda_propia": true, "fuentes": ["prensa", "rud"], "unosat_edificios": null, "unosat_observados": null, "unosat_posibles": null, "unosat_fecha_imagen": null, "unosat_codigo_inconsistente": null, "sertit_edificios": null, "sertit_destruidos": null, "sertit_danados": null, "sertit_posibles": null, "sertit_sin_grado": null, "sertit_area_km2": null, "sertit_imagen_literal": null, "rud_familias": 11.0, "rud_personas": 24.0, "rud_viv_destruidas": 0.0, "rud_viv_averiadas": 12.0, "mmi_usgs": 4.9, "tasa_rud_pct": 0.2031}}, {"type": "Feature", "geometry": {"type": "Point", "coordinates": [-75.547681, 2.384031]}, "properties": {"municipio": "Gigante", "departamento": "Huila", "divipola": "41306", "requiere_depto": true, "homonimo_de_departamento": false, "n_noticias": 0, "n_prensa_recogida": 0, "noticias_ejemplo": [], "dyfi_max_cdi": null, "dyfi_respuestas": null, "dyfi_celdas": 0, "dyfi_min_dist_km": null, "poblacion_2026": 23353, "cabecera_2026": 9334, "rural_2026": 14019, "poblacion_fuente": "DANE PPED municipal por área 2018-2042", "en_aoi_copernicus": false, "estado": "solo_rud", "busqueda_propia": true, "fuentes": ["rud"], "unosat_edificios": null, "unosat_observados": null, "unosat_posibles": null, "unosat_fecha_imagen": null, "unosat_codigo_inconsistente": null, "sertit_edificios": null, "sertit_destruidos": null, "sertit_danados": null, "sertit_posibles": null, "sertit_sin_grado": null, "sertit_area_km2": null, "sertit_imagen_literal": null, "rud_familias": 11.0, "rud_personas": 20.0, "rud_viv_destruidas": 0.0, "rud_viv_averiadas": 3.0, "mmi_usgs": 4.5, "tasa_rud_pct": 0.0856}}, {"type": "Feature", "geometry": {"type": "Point", "coordinates": [-74.878106, 4.543951]}, "properties": {"municipio": "Piedras", "departamento": "Tolima", "divipola": "73547", "requiere_depto": true, "homonimo_de_departamento": false, "n_noticias": 0, "n_prensa_recogida": 4, "noticias_ejemplo": [], "dyfi_max_cdi": null, "dyfi_respuestas": null, "dyfi_celdas": 0, "dyfi_min_dist_km": null, "poblacion_2026": 7565, "cabecera_2026": 2621, "rural_2026": 4944, "poblacion_fuente": "DANE PPED municipal por área 2018-2042", "en_aoi_copernicus": false, "estado": "solo_rud", "busqueda_propia": true, "fuentes": ["rud"], "unosat_edificios": null, "unosat_observados": null, "unosat_posibles": null, "unosat_fecha_imagen": null, "unosat_codigo_inconsistente": null, "sertit_edificios": null, "sertit_destruidos": null, "sertit_danados": null, "sertit_posibles": null, "sertit_sin_grado": null, "sertit_area_km2": null, "sertit_imagen_literal": null, "rud_familias": 11.0, "rud_personas": 24.0, "rud_viv_destruidas": 0.0, "rud_viv_averiadas": 11.0, "mmi_usgs": 5.5, "tasa_rud_pct": 0.3173}}, {"type": "Feature", "geometry": {"type": "Point", "coordinates": [-74.33806, 5.459272]}, "properties": {"municipio": "Yacopí", "departamento": "Cundinamarca", "divipola": "25885", "requiere_depto": true, "homonimo_de_departamento": false, "n_noticias": 0, "n_prensa_recogida": 0, "noticias_ejemplo": [], "dyfi_max_cdi": null, "dyfi_respuestas": null, "dyfi_celdas": 0, "dyfi_min_dist_km": null, "poblacion_2026": 10779, "cabecera_2026": 3433, "rural_2026": 7346, "poblacion_fuente": "DANE PPED municipal por área 2018-2042", "en_aoi_copernicus": false, "estado": "solo_rud", "busqueda_propia": true, "fuentes": ["rud"], "unosat_edificios": null, "unosat_observados": null, "unosat_posibles": null, "unosat_fecha_imagen": null, "unosat_codigo_inconsistente": null, "sertit_edificios": null, "sertit_destruidos": null, "sertit_danados": null, "sertit_posibles": null, "sertit_sin_grado": null, "sertit_area_km2": null, "sertit_imagen_literal": null, "rud_familias": 10.0, "rud_personas": 34.0, "rud_viv_destruidas": 0.0, "rud_viv_averiadas": 10.0, "mmi_usgs": 4.9, "tasa_rud_pct": 0.3154}}, {"type": "Feature", "geometry": {"type": "Point", "coordinates": [-77.015619, 1.595681]}, "properties": {"municipio": "Belén", "departamento": "Nariño", "divipola": "52083", "requiere_depto": true, "homonimo_de_departamento": false, "n_noticias": 0, "n_prensa_recogida": 0, "noticias_ejemplo": [], "dyfi_max_cdi": null, "dyfi_respuestas": null, "dyfi_celdas": 0, "dyfi_min_dist_km": null, "poblacion_2026": 6253, "cabecera_2026": 3259, "rural_2026": 2994, "poblacion_fuente": "DANE PPED municipal por área 2018-2042", "en_aoi_copernicus": false, "estado": "solo_rud", "busqueda_propia": true, "fuentes": ["rud"], "unosat_edificios": null, "unosat_observados": null, "unosat_posibles": null, "unosat_fecha_imagen": null, "unosat_codigo_inconsistente": null, "sertit_edificios": null, "sertit_destruidos": null, "sertit_danados": null, "sertit_posibles": null, "sertit_sin_grado": null, "sertit_area_km2": null, "sertit_imagen_literal": null, "rud_familias": 9.0, "rud_personas": 15.0, "rud_viv_destruidas": 0.0, "rud_viv_averiadas": 0.0, "mmi_usgs": 4.2, "tasa_rud_pct": 0.2399}}, {"type": "Feature", "geometry": {"type": "Point", "coordinates": [-77.517897, 0.854564]}, "properties": {"municipio": "Córdoba (Nariño)", "departamento": "Nariño", "divipola": "52215", "requiere_depto": true, "homonimo_de_departamento": true, "n_noticias": null, "n_prensa_recogida": 0, "noticias_ejemplo": [], "dyfi_max_cdi": null, "dyfi_respuestas": null, "dyfi_celdas": 0, "dyfi_min_dist_km": null, "poblacion_2026": 17107, "cabecera_2026": 3456, "rural_2026": 13651, "poblacion_fuente": "DANE PPED municipal por área 2018-2042", "en_aoi_copernicus": false, "estado": "solo_rud", "busqueda_propia": false, "fuentes": ["rud"], "unosat_edificios": null, "unosat_observados": null, "unosat_posibles": null, "unosat_fecha_imagen": null, "unosat_codigo_inconsistente": null, "sertit_edificios": null, "sertit_destruidos": null, "sertit_danados": null, "sertit_posibles": null, "sertit_sin_grado": null, "sertit_area_km2": null, "sertit_imagen_literal": null, "rud_familias": 9.0, "rud_personas": 9.0, "rud_viv_destruidas": 0.0, "rud_viv_averiadas": 6.0, "mmi_usgs": null, "tasa_rud_pct": 0.0526}}, {"type": "Feature", "geometry": {"type": "Point", "coordinates": [-75.022167, 5.120918]}, "properties": {"municipio": "Palocabildo", "departamento": "Tolima", "divipola": "73520", "requiere_depto": true, "homonimo_de_departamento": false, "n_noticias": 0, "n_prensa_recogida": 3, "noticias_ejemplo": [], "dyfi_max_cdi": null, "dyfi_respuestas": null, "dyfi_celdas": 0, "dyfi_min_dist_km": null, "poblacion_2026": 10212, "cabecera_2026": 3242, "rural_2026": 6970, "poblacion_fuente": "DANE PPED municipal por área 2018-2042", "en_aoi_copernicus": false, "estado": "solo_rud", "busqueda_propia": true, "fuentes": ["rud"], "unosat_edificios": null, "unosat_observados": null, "unosat_posibles": null, "unosat_fecha_imagen": null, "unosat_codigo_inconsistente": null, "sertit_edificios": null, "sertit_destruidos": null, "sertit_danados": null, "sertit_posibles": null, "sertit_sin_grado": null, "sertit_area_km2": null, "sertit_imagen_literal": null, "rud_familias": 9.0, "rud_personas": 21.0, "rud_viv_destruidas": 0.0, "rud_viv_averiadas": 0.0, "mmi_usgs": 4.7, "tasa_rud_pct": 0.2056}}, {"type": "Feature", "geometry": {"type": "Point", "coordinates": [-75.633673, 6.091077]}, "properties": {"municipio": "Caldas", "departamento": "Antioquia", "divipola": "05129", "requiere_depto": true, "homonimo_de_departamento": true, "n_noticias": null, "n_prensa_recogida": 0, "noticias_ejemplo": [], "dyfi_max_cdi": 5.6, "dyfi_respuestas": 13, "dyfi_celdas": 2, "dyfi_min_dist_km": 183, "poblacion_2026": 89671, "cabecera_2026": 70829, "rural_2026": 18842, "poblacion_fuente": "DANE PPED municipal por área 2018-2042", "en_aoi_copernicus": false, "estado": "solo_rud", "busqueda_propia": false, "fuentes": ["dyfi", "rud"], "unosat_edificios": null, "unosat_observados": null, "unosat_posibles": null, "unosat_fecha_imagen": null, "unosat_codigo_inconsistente": null, "sertit_edificios": null, "sertit_destruidos": null, "sertit_danados": null, "sertit_posibles": null, "sertit_sin_grado": null, "sertit_area_km2": null, "sertit_imagen_literal": null, "rud_familias": 8.0, "rud_personas": 20.0, "rud_viv_destruidas": 0.0, "rud_viv_averiadas": 7.0, "mmi_usgs": 4.7, "tasa_rud_pct": 0.0223}}, {"type": "Feature", "geometry": {"type": "Point", "coordinates": [-75.952158, 6.680808]}, "properties": {"municipio": "Giraldo", "departamento": "Antioquia", "divipola": "05306", "requiere_depto": true, "homonimo_de_departamento": false, "n_noticias": 0, "n_prensa_recogida": 27, "noticias_ejemplo": [], "dyfi_max_cdi": null, "dyfi_respuestas": null, "dyfi_celdas": 0, "dyfi_min_dist_km": null, "poblacion_2026": 6491, "cabecera_2026": 2586, "rural_2026": 3905, "poblacion_fuente": "DANE PPED municipal por área 2018-2042", "en_aoi_copernicus": false, "estado": "solo_rud", "busqueda_propia": true, "fuentes": ["rud"], "unosat_edificios": null, "unosat_observados": null, "unosat_posibles": null, "unosat_fecha_imagen": null, "unosat_codigo_inconsistente": null, "sertit_edificios": null, "sertit_destruidos": null, "sertit_danados": null, "sertit_posibles": null, "sertit_sin_grado": null, "sertit_area_km2": null, "sertit_imagen_literal": null, "rud_familias": 8.0, "rud_personas": 18.0, "rud_viv_destruidas": 0.0, "rud_viv_averiadas": 1.0, "mmi_usgs": 4.9, "tasa_rud_pct": 0.2773}}, {"type": "Feature", "geometry": {"type": "Point", "coordinates": [-75.019109, 6.485939]}, "properties": {"municipio": "San Roque", "departamento": "Antioquia", "divipola": "05670", "requiere_depto": true, "homonimo_de_departamento": false, "n_noticias": 0, "n_prensa_recogida": 0, "noticias_ejemplo": [], "dyfi_max_cdi": null, "dyfi_respuestas": null, "dyfi_celdas": 0, "dyfi_min_dist_km": null, "poblacion_2026": 24855, "cabecera_2026": 8391, "rural_2026": 16464, "poblacion_fuente": "DANE PPED municipal por área 2018-2042", "en_aoi_copernicus": false, "estado": "solo_rud", "busqueda_propia": true, "fuentes": ["rud"], "unosat_edificios": null, "unosat_observados": null, "unosat_posibles": null, "unosat_fecha_imagen": null, "unosat_codigo_inconsistente": null, "sertit_edificios": null, "sertit_destruidos": null, "sertit_danados": null, "sertit_posibles": null, "sertit_sin_grado": null, "sertit_area_km2": null, "sertit_imagen_literal": null, "rud_familias": 8.0, "rud_personas": 8.0, "rud_viv_destruidas": 0.0, "rud_viv_averiadas": 7.0, "mmi_usgs": 4.7, "tasa_rud_pct": 0.0322}}, {"type": "Feature", "geometry": {"type": "Point", "coordinates": [-74.46384, 4.7617]}, "properties": {"municipio": "Anolaima", "departamento": "Cundinamarca", "divipola": "25040", "requiere_depto": true, "homonimo_de_departamento": false, "n_noticias": 0, "n_prensa_recogida": 2, "noticias_ejemplo": [], "dyfi_max_cdi": 4.3, "dyfi_respuestas": 1, "dyfi_celdas": 1, "dyfi_min_dist_km": 228, "poblacion_2026": 14735, "cabecera_2026": 5510, "rural_2026": 9225, "poblacion_fuente": "DANE PPED municipal por área 2018-2042", "en_aoi_copernicus": false, "estado": "solo_rud", "busqueda_propia": true, "fuentes": ["dyfi", "rud"], "unosat_edificios": null, "unosat_observados": null, "unosat_posibles": null, "unosat_fecha_imagen": null, "unosat_codigo_inconsistente": null, "sertit_edificios": null, "sertit_destruidos": null, "sertit_danados": null, "sertit_posibles": null, "sertit_sin_grado": null, "sertit_area_km2": null, "sertit_imagen_literal": null, "rud_familias": 8.0, "rud_personas": 21.0, "rud_viv_destruidas": 0.0, "rud_viv_averiadas": 8.0, "mmi_usgs": 4.2, "tasa_rud_pct": 0.1425}}, {"type": "Feature", "geometry": {"type": "Point", "coordinates": [-73.28707, 8.438134]}, "properties": {"municipio": "Teorama", "departamento": "Norte de Santander", "divipola": "54800", "requiere_depto": true, "homonimo_de_departamento": false, "n_noticias": 0, "n_prensa_recogida": 1, "noticias_ejemplo": [], "dyfi_max_cdi": null, "dyfi_respuestas": null, "dyfi_celdas": 0, "dyfi_min_dist_km": null, "poblacion_2026": 18671, "cabecera_2026": 3075, "rural_2026": 15596, "poblacion_fuente": "DANE PPED municipal por área 2018-2042", "en_aoi_copernicus": false, "estado": "solo_rud", "busqueda_propia": true, "fuentes": ["rud"], "unosat_edificios": null, "unosat_observados": null, "unosat_posibles": null, "unosat_fecha_imagen": null, "unosat_codigo_inconsistente": null, "sertit_edificios": null, "sertit_destruidos": null, "sertit_danados": null, "sertit_posibles": null, "sertit_sin_grado": null, "sertit_area_km2": null, "sertit_imagen_literal": null, "rud_familias": 8.0, "rud_personas": 14.0, "rud_viv_destruidas": 0.0, "rud_viv_averiadas": 8.0, "mmi_usgs": null, "tasa_rud_pct": 0.075}}, {"type": "Feature", "geometry": {"type": "Point", "coordinates": [-73.221722, 8.081616]}, "properties": {"municipio": "Ábrego", "departamento": "Norte de Santander", "divipola": "54003", "requiere_depto": true, "homonimo_de_departamento": false, "n_noticias": 0, "n_prensa_recogida": 3, "noticias_ejemplo": [], "dyfi_max_cdi": null, "dyfi_respuestas": null, "dyfi_celdas": 0, "dyfi_min_dist_km": null, "poblacion_2026": 36622, "cabecera_2026": 18939, "rural_2026": 17683, "poblacion_fuente": "DANE PPED municipal por área 2018-2042", "en_aoi_copernicus": false, "estado": "solo_rud", "busqueda_propia": true, "fuentes": ["rud"], "unosat_edificios": null, "unosat_observados": null, "unosat_posibles": null, "unosat_fecha_imagen": null, "unosat_codigo_inconsistente": null, "sertit_edificios": null, "sertit_destruidos": null, "sertit_danados": null, "sertit_posibles": null, "sertit_sin_grado": null, "sertit_area_km2": null, "sertit_imagen_literal": null, "rud_familias": 8.0, "rud_personas": 16.0, "rud_viv_destruidas": 0.0, "rud_viv_averiadas": 8.0, "mmi_usgs": null, "tasa_rud_pct": 0.0437}}, {"type": "Feature", "geometry": {"type": "Point", "coordinates": [-75.674564, 6.916676]}, "properties": {"municipio": "San Andrés de Cuerquía", "departamento": "Antioquia", "divipola": "05647", "requiere_depto": true, "homonimo_de_departamento": false, "n_noticias": 0, "n_prensa_recogida": 4, "noticias_ejemplo": [], "dyfi_max_cdi": null, "dyfi_respuestas": null, "dyfi_celdas": 0, "dyfi_min_dist_km": null, "poblacion_2026": 7380, "cabecera_2026": 3162, "rural_2026": 4218, "poblacion_fuente": "DANE PPED municipal por área 2018-2042", "en_aoi_copernicus": false, "estado": "solo_rud", "busqueda_propia": true, "fuentes": ["rud"], "unosat_edificios": null, "unosat_observados": null, "unosat_posibles": null, "unosat_fecha_imagen": null, "unosat_codigo_inconsistente": null, "sertit_edificios": null, "sertit_destruidos": null, "sertit_danados": null, "sertit_posibles": null, "sertit_sin_grado": null, "sertit_area_km2": null, "sertit_imagen_literal": null, "rud_familias": 7.0, "rud_personas": 25.0, "rud_viv_destruidas": 0.0, "rud_viv_averiadas": 0.0, "mmi_usgs": 4.5, "tasa_rud_pct": 0.3388}}, {"type": "Feature", "geometry": {"type": "Point", "coordinates": [-75.439274, 7.1652]}, "properties": {"municipio": "Valdivia", "departamento": "Antioquia", "divipola": "05854", "requiere_depto": true, "homonimo_de_departamento": false, "n_noticias": 0, "n_prensa_recogida": 3, "noticias_ejemplo": [], "dyfi_max_cdi": null, "dyfi_respuestas": null, "dyfi_celdas": 0, "dyfi_min_dist_km": null, "poblacion_2026": 15105, "cabecera_2026": 4511, "rural_2026": 10594, "poblacion_fuente": "DANE PPED municipal por área 2018-2042", "en_aoi_copernicus": false, "estado": "solo_rud", "busqueda_propia": true, "fuentes": ["rud"], "unosat_edificios": null, "unosat_observados": null, "unosat_posibles": null, "unosat_fecha_imagen": null, "unosat_codigo_inconsistente": null, "sertit_edificios": null, "sertit_destruidos": null, "sertit_danados": null, "sertit_posibles": null, "sertit_sin_grado": null, "sertit_area_km2": null, "sertit_imagen_literal": null, "rud_familias": 7.0, "rud_personas": 7.0, "rud_viv_destruidas": 0.0, "rud_viv_averiadas": 3.0, "mmi_usgs": 4.2, "tasa_rud_pct": 0.0463}}, {"type": "Feature", "geometry": {"type": "Point", "coordinates": [-74.290207, 5.248747]}, "properties": {"municipio": "El Peñón", "departamento": "Cundinamarca", "divipola": "25258", "requiere_depto": true, "homonimo_de_departamento": false, "n_noticias": 0, "n_prensa_recogida": 1, "noticias_ejemplo": [], "dyfi_max_cdi": null, "dyfi_respuestas": null, "dyfi_celdas": 0, "dyfi_min_dist_km": null, "poblacion_2026": 4719, "cabecera_2026": 970, "rural_2026": 3749, "poblacion_fuente": "DANE PPED municipal por área 2018-2042", "en_aoi_copernicus": false, "estado": "solo_rud", "busqueda_propia": true, "fuentes": ["rud"], "unosat_edificios": null, "unosat_observados": null, "unosat_posibles": null, "unosat_fecha_imagen": null, "unosat_codigo_inconsistente": null, "sertit_edificios": null, "sertit_destruidos": null, "sertit_danados": null, "sertit_posibles": null, "sertit_sin_grado": null, "sertit_area_km2": null, "sertit_imagen_literal": null, "rud_familias": 7.0, "rud_personas": 10.0, "rud_viv_destruidas": 0.0, "rud_viv_averiadas": 5.0, "mmi_usgs": 4.7, "tasa_rud_pct": 0.2119}}, {"type": "Feature", "geometry": {"type": "Point", "coordinates": [-74.350766, 4.519763]}, "properties": {"municipio": "Granada (Cundinamarca)", "departamento": "Cundinamarca", "divipola": "25312", "requiere_depto": true, "homonimo_de_departamento": false, "n_noticias": 0, "n_prensa_recogida": 5, "noticias_ejemplo": [], "dyfi_max_cdi": null, "dyfi_respuestas": null, "dyfi_celdas": 0, "dyfi_min_dist_km": null, "poblacion_2026": 7689, "cabecera_2026": 2595, "rural_2026": 5094, "poblacion_fuente": "DANE PPED municipal por área 2018-2042", "en_aoi_copernicus": false, "estado": "solo_rud", "busqueda_propia": true, "fuentes": ["rud"], "unosat_edificios": null, "unosat_observados": null, "unosat_posibles": null, "unosat_fecha_imagen": null, "unosat_codigo_inconsistente": null, "sertit_edificios": null, "sertit_destruidos": null, "sertit_danados": null, "sertit_posibles": null, "sertit_sin_grado": null, "sertit_area_km2": null, "sertit_imagen_literal": null, "rud_familias": 7.0, "rud_personas": 21.0, "rud_viv_destruidas": 0.0, "rud_viv_averiadas": 7.0, "mmi_usgs": 3.9, "tasa_rud_pct": 0.2731}}, {"type": "Feature", "geometry": {"type": "Point", "coordinates": [-74.790058, 4.517517]}, "properties": {"municipio": "Guataquí", "departamento": "Cundinamarca", "divipola": "25324", "requiere_depto": true, "homonimo_de_departamento": false, "n_noticias": 0, "n_prensa_recogida": 0, "noticias_ejemplo": [], "dyfi_max_cdi": null, "dyfi_respuestas": null, "dyfi_celdas": 0, "dyfi_min_dist_km": null, "poblacion_2026": 3195, "cabecera_2026": 1612, "rural_2026": 1583, "poblacion_fuente": "DANE PPED municipal por área 2018-2042", "en_aoi_copernicus": false, "estado": "solo_rud", "busqueda_propia": true, "fuentes": ["rud"], "unosat_edificios": null, "unosat_observados": null, "unosat_posibles": null, "unosat_fecha_imagen": null, "unosat_codigo_inconsistente": null, "sertit_edificios": null, "sertit_destruidos": null, "sertit_danados": null, "sertit_posibles": null, "sertit_sin_grado": null, "sertit_area_km2": null, "sertit_imagen_literal": null, "rud_familias": 7.0, "rud_personas": 27.0, "rud_viv_destruidas": 0.0, "rud_viv_averiadas": 7.0, "mmi_usgs": 5.0, "tasa_rud_pct": 0.8451}}, {"type": "Feature", "geometry": {"type": "Point", "coordinates": [-74.265854, 4.732791]}, "properties": {"municipio": "Madrid", "departamento": "Cundinamarca", "divipola": "25430", "requiere_depto": true, "homonimo_de_departamento": false, "n_noticias": 0, "n_prensa_recogida": 18, "noticias_ejemplo": [], "dyfi_max_cdi": 4.7, "dyfi_respuestas": 1, "dyfi_celdas": 1, "dyfi_min_dist_km": 245, "poblacion_2026": 146635, "cabecera_2026": 139712, "rural_2026": 6923, "poblacion_fuente": "DANE PPED municipal por área 2018-2042", "en_aoi_copernicus": false, "estado": "solo_rud", "busqueda_propia": true, "fuentes": ["dyfi", "rud"], "unosat_edificios": null, "unosat_observados": null, "unosat_posibles": null, "unosat_fecha_imagen": null, "unosat_codigo_inconsistente": null, "sertit_edificios": null, "sertit_destruidos": null, "sertit_danados": null, "sertit_posibles": null, "sertit_sin_grado": null, "sertit_area_km2": null, "sertit_imagen_literal": null, "rud_familias": 7.0, "rud_personas": 12.0, "rud_viv_destruidas": 0.0, "rud_viv_averiadas": 7.0, "mmi_usgs": 4.5, "tasa_rud_pct": 0.0082}}, {"type": "Feature", "geometry": {"type": "Point", "coordinates": [-75.79525, 1.976051]}, "properties": {"municipio": "Suaza", "departamento": "Huila", "divipola": "41770", "requiere_depto": true, "homonimo_de_departamento": false, "n_noticias": 0, "n_prensa_recogida": 1, "noticias_ejemplo": [], "dyfi_max_cdi": null, "dyfi_respuestas": null, "dyfi_celdas": 0, "dyfi_min_dist_km": null, "poblacion_2026": 26697, "cabecera_2026": 5300, "rural_2026": 21397, "poblacion_fuente": "DANE PPED municipal por área 2018-2042", "en_aoi_copernicus": false, "estado": "solo_rud", "busqueda_propia": true, "fuentes": ["rud"], "unosat_edificios": null, "unosat_observados": null, "unosat_posibles": null, "unosat_fecha_imagen": null, "unosat_codigo_inconsistente": null, "sertit_edificios": null, "sertit_destruidos": null, "sertit_danados": null, "sertit_posibles": null, "sertit_sin_grado": null, "sertit_area_km2": null, "sertit_imagen_literal": null, "rud_familias": 7.0, "rud_personas": 13.0, "rud_viv_destruidas": 0.0, "rud_viv_averiadas": 5.0, "mmi_usgs": 4.2, "tasa_rud_pct": 0.0487}}, {"type": "Feature", "geometry": {"type": "Point", "coordinates": [-77.731589, 0.959744]}, "properties": {"municipio": "Guachucal", "departamento": "Nariño", "divipola": "52317", "requiere_depto": true, "homonimo_de_departamento": false, "n_noticias": 0, "n_prensa_recogida": 1, "noticias_ejemplo": [], "dyfi_max_cdi": null, "dyfi_respuestas": null, "dyfi_celdas": 0, "dyfi_min_dist_km": null, "poblacion_2026": 20676, "cabecera_2026": 3238, "rural_2026": 17438, "poblacion_fuente": "DANE PPED municipal por área 2018-2042", "en_aoi_copernicus": false, "estado": "solo_rud", "busqueda_propia": true, "fuentes": ["rud"], "unosat_edificios": null, "unosat_observados": null, "unosat_posibles": null, "unosat_fecha_imagen": null, "unosat_codigo_inconsistente": null, "sertit_edificios": null, "sertit_destruidos": null, "sertit_danados": null, "sertit_posibles": null, "sertit_sin_grado": null, "sertit_area_km2": null, "sertit_imagen_literal": null, "rud_familias": 7.0, "rud_personas": 10.0, "rud_viv_destruidas": 0.0, "rud_viv_averiadas": 7.0, "mmi_usgs": null, "tasa_rud_pct": 0.0484}}, {"type": "Feature", "geometry": {"type": "Point", "coordinates": [-73.048983, 7.741248]}, "properties": {"municipio": "Cáchira", "departamento": "Norte de Santander", "divipola": "54128", "requiere_depto": true, "homonimo_de_departamento": false, "n_noticias": 0, "n_prensa_recogida": 3, "noticias_ejemplo": [], "dyfi_max_cdi": null, "dyfi_respuestas": null, "dyfi_celdas": 0, "dyfi_min_dist_km": null, "poblacion_2026": 12216, "cabecera_2026": 2121, "rural_2026": 10095, "poblacion_fuente": "DANE PPED municipal por área 2018-2042", "en_aoi_copernicus": false, "estado": "solo_rud", "busqueda_propia": true, "fuentes": ["rud"], "unosat_edificios": null, "unosat_observados": null, "unosat_posibles": null, "unosat_fecha_imagen": null, "unosat_codigo_inconsistente": null, "sertit_edificios": null, "sertit_destruidos": null, "sertit_danados": null, "sertit_posibles": null, "sertit_sin_grado": null, "sertit_area_km2": null, "sertit_imagen_literal": null, "rud_familias": 7.0, "rud_personas": 11.0, "rud_viv_destruidas": 0.0, "rud_viv_averiadas": 6.0, "mmi_usgs": null, "tasa_rud_pct": 0.09}}, {"type": "Feature", "geometry": {"type": "Point", "coordinates": [-73.35607, 8.248574]}, "properties": {"municipio": "Ocaña", "departamento": "Norte de Santander", "divipola": "54498", "requiere_depto": true, "homonimo_de_departamento": false, "n_noticias": 1, "n_prensa_recogida": 11, "noticias_ejemplo": [{"fecha": "2026-09-21T22:22:26", "medio": "Google News — Los Patios", "titulo": "Sismo débil mag. 2.7 (inconfirmado) - 14 km al este de Ocana, Norte de Santander, Colombia, Monday 21 Sep 2026 a las 16:51 (GMT -5) - Volcano Discovery", "url": "https://news.google.com/rss/articles/CBMirwFBVV95cUxNQ2tzODVVNzU3ZnhfSE1qN21iU1A2ZG1WZFlPYXJFQWxTQzBlOGdDQTR4VUl2R0ZiMnRwWGRkemlJMXZTMUFyOU9wQjZfbGt5VTFwemM3d21ldXU3N0czUWphQnBzdFlNT2hJUkRUYVRxY3ZPU2kzaGFFX2NpTnRBY0pOeW9zYmZvVjV4eFBGWkhtcWExSGdkNXVBdmRlQ3B4RlhMbVNZWXR2UHFQLXBR?oc=5"}], "dyfi_max_cdi": null, "dyfi_respuestas": null, "dyfi_celdas": 0, "dyfi_min_dist_km": null, "poblacion_2026": 139932, "cabecera_2026": 125681, "rural_2026": 14251, "poblacion_fuente": "DANE PPED municipal por área 2018-2042", "en_aoi_copernicus": false, "estado": "mencion_prensa", "busqueda_propia": true, "fuentes": ["prensa", "rud"], "unosat_edificios": null, "unosat_observados": null, "unosat_posibles": null, "unosat_fecha_imagen": null, "unosat_codigo_inconsistente": null, "sertit_edificios": null, "sertit_destruidos": null, "sertit_danados": null, "sertit_posibles": null, "sertit_sin_grado": null, "sertit_area_km2": null, "sertit_imagen_literal": null, "rud_familias": 7.0, "rud_personas": 19.0, "rud_viv_destruidas": 0.0, "rud_viv_averiadas": 0.0, "mmi_usgs": null, "tasa_rud_pct": 0.0136}}, {"type": "Feature", "geometry": {"type": "Point", "coordinates": [-72.813064, 7.773683]}, "properties": {"municipio": "Salazar", "departamento": "Norte de Santander", "divipola": "54660", "requiere_depto": true, "homonimo_de_departamento": false, "n_noticias": 1, "n_prensa_recogida": 13, "noticias_ejemplo": [{"fecha": "2026-09-22T21:53:03", "medio": "Google News — Cucutilla", "titulo": "Terremoto leve mag. 3.6 - Salazar - Norte De Santander, Colombia, Wednesday 18 Jun 2025 a las 07:57 (Hora Bogota) - Volcano Discovery", "url": "https://news.google.com/rss/articles/CBMigAFBVV95cUxPWXJES3ZlUFUtUGVFcUV4eHRldWo1SUpnS2JBaWY5YUVmUm1POG9mcmh2c1g1WDZaLVAybzZCUzVLV1o2dGZTY0RfZ0RWQjNBM0RHQURFLVVReGp5ZjdySHFOQ2l3NUxMbGhzSU1LWjEyd1Z2M0dwR3ZGbmZIOVpCSQ?oc=5"}], "dyfi_max_cdi": null, "dyfi_respuestas": null, "dyfi_celdas": 0, "dyfi_min_dist_km": null, "poblacion_2026": 11618, "cabecera_2026": 4471, "rural_2026": 7147, "poblacion_fuente": "DANE PPED municipal por área 2018-2042", "en_aoi_copernicus": false, "estado": "mencion_prensa", "busqueda_propia": true, "fuentes": ["prensa", "rud"], "unosat_edificios": null, "unosat_observados": null, "unosat_posibles": null, "unosat_fecha_imagen": null, "unosat_codigo_inconsistente": null, "sertit_edificios": null, "sertit_destruidos": null, "sertit_danados": null, "sertit_posibles": null, "sertit_sin_grado": null, "sertit_area_km2": null, "sertit_imagen_literal": null, "rud_familias": 7.0, "rud_personas": 13.0, "rud_viv_destruidas": 0.0, "rud_viv_averiadas": 7.0, "mmi_usgs": null, "tasa_rud_pct": 0.1119}}, {"type": "Feature", "geometry": {"type": "Point", "coordinates": [-73.337368, 6.443469]}, "properties": {"municipio": "Simacota", "departamento": "Santander", "divipola": "68745", "requiere_depto": true, "homonimo_de_departamento": false, "n_noticias": 0, "n_prensa_recogida": 3, "noticias_ejemplo": [], "dyfi_max_cdi": null, "dyfi_respuestas": null, "dyfi_celdas": 0, "dyfi_min_dist_km": null, "poblacion_2026": 11756, "cabecera_2026": 3061, "rural_2026": 8695, "poblacion_fuente": "DANE PPED municipal por área 2018-2042", "en_aoi_copernicus": false, "estado": "solo_rud", "busqueda_propia": true, "fuentes": ["rud"], "unosat_edificios": null, "unosat_observados": null, "unosat_posibles": null, "unosat_fecha_imagen": null, "unosat_codigo_inconsistente": null, "sertit_edificios": null, "sertit_destruidos": null, "sertit_danados": null, "sertit_posibles": null, "sertit_sin_grado": null, "sertit_area_km2": null, "sertit_imagen_literal": null, "rud_familias": 7.0, "rud_personas": 13.0, "rud_viv_destruidas": 0.0, "rud_viv_averiadas": 0.0, "mmi_usgs": null, "tasa_rud_pct": 0.1106}}, {"type": "Feature", "geometry": {"type": "Point", "coordinates": [-74.75699, 5.211816]}, "properties": {"municipio": "Honda", "departamento": "Tolima", "divipola": "73349", "requiere_depto": true, "homonimo_de_departamento": false, "n_noticias": 0, "n_prensa_recogida": 5, "noticias_ejemplo": [], "dyfi_max_cdi": 4.1, "dyfi_respuestas": 1, "dyfi_celdas": 1, "dyfi_min_dist_km": 196, "poblacion_2026": 24973, "cabecera_2026": 23683, "rural_2026": 1290, "poblacion_fuente": "DANE PPED municipal por área 2018-2042", "en_aoi_copernicus": false, "estado": "solo_rud", "busqueda_propia": true, "fuentes": ["dyfi", "rud"], "unosat_edificios": null, "unosat_observados": null, "unosat_posibles": null, "unosat_fecha_imagen": null, "unosat_codigo_inconsistente": null, "sertit_edificios": null, "sertit_destruidos": null, "sertit_danados": null, "sertit_posibles": null, "sertit_sin_grado": null, "sertit_area_km2": null, "sertit_imagen_literal": null, "rud_familias": 7.0, "rud_personas": 7.0, "rud_viv_destruidas": 0.0, "rud_viv_averiadas": 6.0, "mmi_usgs": 4.7, "tasa_rud_pct": 0.028}}, {"type": "Feature", "geometry": {"type": "Point", "coordinates": [-76.681531, 7.666147]}, "properties": {"municipio": "Chigorodó", "departamento": "Antioquia", "divipola": "05172", "requiere_depto": true, "homonimo_de_departamento": false, "n_noticias": 2, "n_prensa_recogida": 0, "noticias_ejemplo": [{"fecha": "2026-08-18T11:29:00", "medio": "Google News — Riosucio (Chocó)", "titulo": "Sismo débil mag. 2.8 (inconfirmado) - del Choco, 85 km al suroeste de Chigorodo, Antioquia, Colombia, Monday 17 Aug 2026 a las 23:56 (GMT -5) - Volcano Discovery", "url": "https://news.google.com/rss/articles/CBMivwFBVV95cUxNX3JWODRGcjg5VjVxc3pyUVozOWZid05iY18zRXdvRVNXQVp6OFV6OU04akpLVWhVd3lZZXFlYTFiZTJWdGhqSkNRRGE5aGItSmF0N19vTWx0VEJLSHpUenlKRFZBNXNmb1JnSFg5Q1NvMkVZemVqcUliOTZVanNzYkxpbE1jOVlqMWxFQmxQSWhrY0syWjhtQm1wNkRaanhURncxV1FJREhiYWc0bldJMGlMMGd5MXJYNF90bWg1VQ?oc=5"}, {"fecha": "2026-08-17T17:04:52", "medio": "Google News — Riosucio (Chocó)", "titulo": "Terremoto leve mag. 3.1 (inconfirmado) - del Choco, 58 km al suroeste de Chigorodo, Antioquia, Colombia, Monday 17 Aug 2026 a las 11:01 (GMT -5) - Volcano Discovery", "url": "https://news.google.com/rss/articles/CBMirwFBVV95cUxQN1pWdWUxZ3BHUnFndVUxbWJUaktNT1hfWjhNTGhCdHk4NmM2QnJGNXgtUVUxMlVaMW51aExpZ3RSYjVONnNnUFR4ZjUtSjZ5alo5RkNsUTJIN1gwYnM3amYtTk5jeWZjcG5EMDZ0Vnl2SHZGcVRlbkgzblBPYm9oQzdwTml3Rjg1eU41SkI0TThVZTJYcnROOHlnUEF4VnhVZ2ViNTlGWGZmb1NWSC1v?oc=5"}], "dyfi_max_cdi": null, "dyfi_respuestas": null, "dyfi_celdas": 0, "dyfi_min_dist_km": null, "poblacion_2026": 56664, "cabecera_2026": 47673, "rural_2026": 8991, "poblacion_fuente": "DANE PPED municipal por área 2018-2042", "en_aoi_copernicus": false, "estado": "mencion_prensa", "busqueda_propia": true, "fuentes": ["prensa", "rud"], "unosat_edificios": null, "unosat_observados": null, "unosat_posibles": null, "unosat_fecha_imagen": null, "unosat_codigo_inconsistente": null, "sertit_edificios": null, "sertit_destruidos": null, "sertit_danados": null, "sertit_posibles": null, "sertit_sin_grado": null, "sertit_area_km2": null, "sertit_imagen_literal": null, "rud_familias": 6.0, "rud_personas": 16.0, "rud_viv_destruidas": 0.0, "rud_viv_averiadas": 5.0, "mmi_usgs": null, "tasa_rud_pct": 0.0282}}, {"type": "Feature", "geometry": {"type": "Point", "coordinates": [-75.509384, 6.348557]}, "properties": {"municipio": "Copacabana", "departamento": "Antioquia", "divipola": "05212", "requiere_depto": true, "homonimo_de_departamento": false, "n_noticias": 0, "n_prensa_recogida": 3, "noticias_ejemplo": [], "dyfi_max_cdi": null, "dyfi_respuestas": null, "dyfi_celdas": 0, "dyfi_min_dist_km": null, "poblacion_2026": 92069, "cabecera_2026": 73753, "rural_2026": 18316, "poblacion_fuente": "DANE PPED municipal por área 2018-2042", "en_aoi_copernicus": false, "estado": "solo_rud", "busqueda_propia": true, "fuentes": ["rud"], "unosat_edificios": null, "unosat_observados": null, "unosat_posibles": null, "unosat_fecha_imagen": null, "unosat_codigo_inconsistente": null, "sertit_edificios": null, "sertit_destruidos": null, "sertit_danados": null, "sertit_posibles": null, "sertit_sin_grado": null, "sertit_area_km2": null, "sertit_imagen_literal": null, "rud_familias": 6.0, "rud_personas": 12.0, "rud_viv_destruidas": 0.0, "rud_viv_averiadas": 2.0, "mmi_usgs": 4.4, "tasa_rud_pct": 0.013}}, {"type": "Feature", "geometry": {"type": "Point", "coordinates": [-75.460723, 6.643366]}, "properties": {"municipio": "Santa Rosa de Osos", "departamento": "Antioquia", "divipola": "05686", "requiere_depto": true, "homonimo_de_departamento": false, "n_noticias": 0, "n_prensa_recogida": 6, "noticias_ejemplo": [], "dyfi_max_cdi": null, "dyfi_respuestas": null, "dyfi_celdas": 0, "dyfi_min_dist_km": null, "poblacion_2026": 40697, "cabecera_2026": 23351, "rural_2026": 17346, "poblacion_fuente": "DANE PPED municipal por área 2018-2042", "en_aoi_copernicus": false, "estado": "solo_rud", "busqueda_propia": true, "fuentes": ["rud"], "unosat_edificios": null, "unosat_observados": null, "unosat_posibles": null, "unosat_fecha_imagen": null, "unosat_codigo_inconsistente": null, "sertit_edificios": null, "sertit_destruidos": null, "sertit_danados": null, "sertit_posibles": null, "sertit_sin_grado": null, "sertit_area_km2": null, "sertit_imagen_literal": null, "rud_familias": 6.0, "rud_personas": 57.0, "rud_viv_destruidas": 0.0, "rud_viv_averiadas": 0.0, "mmi_usgs": 5.1, "tasa_rud_pct": 0.1401}}, {"type": "Feature", "geometry": {"type": "Point", "coordinates": [-74.414901, 4.272534]}, "properties": {"municipio": "Arbeláez", "departamento": "Cundinamarca", "divipola": "25053", "requiere_depto": true, "homonimo_de_departamento": false, "n_noticias": 0, "n_prensa_recogida": 0, "noticias_ejemplo": [], "dyfi_max_cdi": 3.4, "dyfi_respuestas": 1, "dyfi_celdas": 1, "dyfi_min_dist_km": 239, "poblacion_2026": 10653, "cabecera_2026": 5135, "rural_2026": 5518, "poblacion_fuente": "DANE PPED municipal por área 2018-2042", "en_aoi_copernicus": false, "estado": "solo_rud", "busqueda_propia": true, "fuentes": ["dyfi", "rud"], "unosat_edificios": null, "unosat_observados": null, "unosat_posibles": null, "unosat_fecha_imagen": null, "unosat_codigo_inconsistente": null, "sertit_edificios": null, "sertit_destruidos": null, "sertit_danados": null, "sertit_posibles": null, "sertit_sin_grado": null, "sertit_area_km2": null, "sertit_imagen_literal": null, "rud_familias": 6.0, "rud_personas": 14.0, "rud_viv_destruidas": 0.0, "rud_viv_averiadas": 6.0, "mmi_usgs": 4.0, "tasa_rud_pct": 0.1314}}, {"type": "Feature", "geometry": {"type": "Point", "coordinates": [-74.620009, 4.305838]}, "properties": {"municipio": "Nilo", "departamento": "Cundinamarca", "divipola": "25488", "requiere_depto": true, "homonimo_de_departamento": false, "n_noticias": 0, "n_prensa_recogida": 20, "noticias_ejemplo": [], "dyfi_max_cdi": null, "dyfi_respuestas": null, "dyfi_celdas": 0, "dyfi_min_dist_km": null, "poblacion_2026": 11069, "cabecera_2026": 3742, "rural_2026": 7327, "poblacion_fuente": "DANE PPED municipal por área 2018-2042", "en_aoi_copernicus": false, "estado": "solo_rud", "busqueda_propia": true, "fuentes": ["rud"], "unosat_edificios": null, "unosat_observados": null, "unosat_posibles": null, "unosat_fecha_imagen": null, "unosat_codigo_inconsistente": null, "sertit_edificios": null, "sertit_destruidos": null, "sertit_danados": null, "sertit_posibles": null, "sertit_sin_grado": null, "sertit_area_km2": null, "sertit_imagen_literal": null, "rud_familias": 6.0, "rud_personas": 13.0, "rud_viv_destruidas": 0.0, "rud_viv_averiadas": 6.0, "mmi_usgs": 4.6, "tasa_rud_pct": 0.1174}}, {"type": "Feature", "geometry": {"type": "Point", "coordinates": [-74.452662, 4.348605]}, "properties": {"municipio": "Tibacuy", "departamento": "Cundinamarca", "divipola": "25805", "requiere_depto": true, "homonimo_de_departamento": false, "n_noticias": 0, "n_prensa_recogida": 0, "noticias_ejemplo": [], "dyfi_max_cdi": null, "dyfi_respuestas": null, "dyfi_celdas": 0, "dyfi_min_dist_km": null, "poblacion_2026": 4222, "cabecera_2026": 815, "rural_2026": 3407, "poblacion_fuente": "DANE PPED municipal por área 2018-2042", "en_aoi_copernicus": false, "estado": "solo_rud", "busqueda_propia": true, "fuentes": ["rud"], "unosat_edificios": null, "unosat_observados": null, "unosat_posibles": null, "unosat_fecha_imagen": null, "unosat_codigo_inconsistente": null, "sertit_edificios": null, "sertit_destruidos": null, "sertit_danados": null, "sertit_posibles": null, "sertit_sin_grado": null, "sertit_area_km2": null, "sertit_imagen_literal": null, "rud_familias": 6.0, "rud_personas": 21.0, "rud_viv_destruidas": 0.0, "rud_viv_averiadas": 6.0, "mmi_usgs": 4.0, "tasa_rud_pct": 0.4974}}, {"type": "Feature", "geometry": {"type": "Point", "coordinates": [-74.346163, 5.117258]}, "properties": {"municipio": "Vergara", "departamento": "Cundinamarca", "divipola": "25862", "requiere_depto": true, "homonimo_de_departamento": false, "n_noticias": 0, "n_prensa_recogida": 4, "noticias_ejemplo": [], "dyfi_max_cdi": null, "dyfi_respuestas": null, "dyfi_celdas": 0, "dyfi_min_dist_km": null, "poblacion_2026": 6648, "cabecera_2026": 1674, "rural_2026": 4974, "poblacion_fuente": "DANE PPED municipal por área 2018-2042", "en_aoi_copernicus": false, "estado": "solo_rud", "busqueda_propia": true, "fuentes": ["rud"], "unosat_edificios": null, "unosat_observados": null, "unosat_posibles": null, "unosat_fecha_imagen": null, "unosat_codigo_inconsistente": null, "sertit_edificios": null, "sertit_destruidos": null, "sertit_danados": null, "sertit_posibles": null, "sertit_sin_grado": null, "sertit_area_km2": null, "sertit_imagen_literal": null, "rud_familias": 6.0, "rud_personas": 6.0, "rud_viv_destruidas": 0.0, "rud_viv_averiadas": 6.0, "mmi_usgs": 4.6, "tasa_rud_pct": 0.0903}}, {"type": "Feature", "geometry": {"type": "Point", "coordinates": [-72.508178, 7.905725]}, "properties": {"municipio": "San José de Cúcuta", "departamento": "Norte de Santander", "divipola": "54001", "requiere_depto": true, "homonimo_de_departamento": false, "n_noticias": 0, "n_prensa_recogida": 7, "noticias_ejemplo": [], "dyfi_max_cdi": null, "dyfi_respuestas": null, "dyfi_celdas": 0, "dyfi_min_dist_km": null, "poblacion_2026": 792180, "cabecera_2026": 761043, "rural_2026": 31137, "poblacion_fuente": "DANE PPED municipal por área 2018-2042", "en_aoi_copernicus": false, "estado": "solo_rud", "busqueda_propia": true, "fuentes": ["rud"], "unosat_edificios": null, "unosat_observados": null, "unosat_posibles": null, "unosat_fecha_imagen": null, "unosat_codigo_inconsistente": null, "sertit_edificios": null, "sertit_destruidos": null, "sertit_danados": null, "sertit_posibles": null, "sertit_sin_grado": null, "sertit_area_km2": null, "sertit_imagen_literal": null, "rud_familias": 6.0, "rud_personas": 17.0, "rud_viv_destruidas": 0.0, "rud_viv_averiadas": 5.0, "mmi_usgs": null, "tasa_rud_pct": 0.0021}}, {"type": "Feature", "geometry": {"type": "Point", "coordinates": [-72.469758, 7.847672]}, "properties": {"municipio": "Villa del Rosario", "departamento": "Norte de Santander", "divipola": "54874", "requiere_depto": true, "homonimo_de_departamento": false, "n_noticias": 0, "n_prensa_recogida": 6, "noticias_ejemplo": [], "dyfi_max_cdi": 3.4, "dyfi_respuestas": 2, "dyfi_celdas": 1, "dyfi_min_dist_km": 534, "poblacion_2026": 127234, "cabecera_2026": 123181, "rural_2026": 4053, "poblacion_fuente": "DANE PPED municipal por área 2018-2042", "en_aoi_copernicus": false, "estado": "solo_rud", "busqueda_propia": true, "fuentes": ["dyfi", "rud"], "unosat_edificios": null, "unosat_observados": null, "unosat_posibles": null, "unosat_fecha_imagen": null, "unosat_codigo_inconsistente": null, "sertit_edificios": null, "sertit_destruidos": null, "sertit_danados": null, "sertit_posibles": null, "sertit_sin_grado": null, "sertit_area_km2": null, "sertit_imagen_literal": null, "rud_familias": 6.0, "rud_personas": 6.0, "rud_viv_destruidas": 0.0, "rud_viv_averiadas": 0.0, "mmi_usgs": null, "tasa_rud_pct": 0.0047}}, {"type": "Feature", "geometry": {"type": "Point", "coordinates": [-74.818763, 4.276373]}, "properties": {"municipio": "Flandes", "departamento": "Tolima", "divipola": "73275", "requiere_depto": true, "homonimo_de_departamento": false, "n_noticias": 1, "n_prensa_recogida": 8, "noticias_ejemplo": [{"fecha": "2026-09-23T16:56:35", "medio": "Google News — Flandes", "titulo": "Asamblea del Tolima debate recursos para damnificados, parque en Flandes y futuro del Hotel Ambalá - vozdelpueblo920am.com", "url": "https://news.google.com/rss/articles/CBMixwFBVV95cUxQTFREbFBKaG05MndXenhrVDJCZEFaQUNiVzloU3h0VXRCQ0RHRUd4NFhWVTR1cThmUVhEQndCSUp1YVQyOVc5X2Yyak5mY0U3MHZoRllrUlFUOVdHZk9RSnhHblNIeVJzSkhHV1V4MWZaUmQ1WWh6cTI1R1REVlQzNmJpN2kyM1RvWTZKa3JJel8zNmNIZ09fRXh4bmN1RHpDSEM1cUprWFNTR1dOdjduQ09BY29WOU1uUS1QeUx4RGhGZElIeGpn?oc=5"}], "dyfi_max_cdi": null, "dyfi_respuestas": null, "dyfi_celdas": 0, "dyfi_min_dist_km": null, "poblacion_2026": 29156, "cabecera_2026": 25209, "rural_2026": 3947, "poblacion_fuente": "DANE PPED municipal por área 2018-2042", "en_aoi_copernicus": false, "estado": "mencion_prensa", "busqueda_propia": true, "fuentes": ["prensa", "rud"], "unosat_edificios": null, "unosat_observados": null, "unosat_posibles": null, "unosat_fecha_imagen": null, "unosat_codigo_inconsistente": null, "sertit_edificios": null, "sertit_destruidos": null, "sertit_danados": null, "sertit_posibles": null, "sertit_sin_grado": null, "sertit_area_km2": null, "sertit_imagen_literal": null, "rud_familias": 6.0, "rud_personas": 24.0, "rud_viv_destruidas": 0.0, "rud_viv_averiadas": 1.0, "mmi_usgs": 5.2, "tasa_rud_pct": 0.0823}}, {"type": "Feature", "geometry": {"type": "Point", "coordinates": [-75.612056, 6.175079]}, "properties": {"municipio": "Itagüí", "departamento": "Antioquia", "divipola": "05360", "requiere_depto": true, "homonimo_de_departamento": false, "n_noticias": 0, "n_prensa_recogida": 3, "noticias_ejemplo": [], "dyfi_max_cdi": 5.4, "dyfi_respuestas": 5, "dyfi_celdas": 1, "dyfi_min_dist_km": 190, "poblacion_2026": 306397, "cabecera_2026": 277025, "rural_2026": 29372, "poblacion_fuente": "DANE PPED municipal por área 2018-2042", "en_aoi_copernicus": false, "estado": "solo_rud", "busqueda_propia": true, "fuentes": ["dyfi", "rud"], "unosat_edificios": null, "unosat_observados": null, "unosat_posibles": null, "unosat_fecha_imagen": null, "unosat_codigo_inconsistente": null, "sertit_edificios": null, "sertit_destruidos": null, "sertit_danados": null, "sertit_posibles": null, "sertit_sin_grado": null, "sertit_area_km2": null, "sertit_imagen_literal": null, "rud_familias": 5.0, "rud_personas": 16.0, "rud_viv_destruidas": 0.0, "rud_viv_averiadas": 0.0, "mmi_usgs": 5.0, "tasa_rud_pct": 0.0052}}, {"type": "Feature", "geometry": {"type": "Point", "coordinates": [-75.791887, 6.062391]}, "properties": {"municipio": "Titiribí", "departamento": "Antioquia", "divipola": "05809", "requiere_depto": true, "homonimo_de_departamento": false, "n_noticias": 0, "n_prensa_recogida": 0, "noticias_ejemplo": [], "dyfi_max_cdi": null, "dyfi_respuestas": null, "dyfi_celdas": 0, "dyfi_min_dist_km": null, "poblacion_2026": 11582, "cabecera_2026": 5420, "rural_2026": 6162, "poblacion_fuente": "DANE PPED municipal por área 2018-2042", "en_aoi_copernicus": false, "estado": "solo_rud", "busqueda_propia": true, "fuentes": ["rud"], "unosat_edificios": null, "unosat_observados": null, "unosat_posibles": null, "unosat_fecha_imagen": null, "unosat_codigo_inconsistente": null, "sertit_edificios": null, "sertit_destruidos": null, "sertit_danados": null, "sertit_posibles": null, "sertit_sin_grado": null, "sertit_area_km2": null, "sertit_imagen_literal": null, "rud_familias": 5.0, "rud_personas": 7.0, "rud_viv_destruidas": 0.0, "rud_viv_averiadas": 0.0, "mmi_usgs": 4.9, "tasa_rud_pct": 0.0604}}, {"type": "Feature", "geometry": {"type": "Point", "coordinates": [-74.840059, 6.676554]}, "properties": {"municipio": "Yalí", "departamento": "Antioquia", "divipola": "05885", "requiere_depto": true, "homonimo_de_departamento": false, "n_noticias": 0, "n_prensa_recogida": 0, "noticias_ejemplo": [], "dyfi_max_cdi": null, "dyfi_respuestas": null, "dyfi_celdas": 0, "dyfi_min_dist_km": null, "poblacion_2026": 7724, "cabecera_2026": 3806, "rural_2026": 3918, "poblacion_fuente": "DANE PPED municipal por área 2018-2042", "en_aoi_copernicus": false, "estado": "solo_rud", "busqueda_propia": true, "fuentes": ["rud"], "unosat_edificios": null, "unosat_observados": null, "unosat_posibles": null, "unosat_fecha_imagen": null, "unosat_codigo_inconsistente": null, "sertit_edificios": null, "sertit_destruidos": null, "sertit_danados": null, "sertit_posibles": null, "sertit_sin_grado": null, "sertit_area_km2": null, "sertit_imagen_literal": null, "rud_familias": 5.0, "rud_personas": 10.0, "rud_viv_destruidas": 0.0, "rud_viv_averiadas": 5.0, "mmi_usgs": 4.8, "tasa_rud_pct": 0.1295}}, {"type": "Feature", "geometry": {"type": "Point", "coordinates": [-74.695474, 4.562273]}, "properties": {"municipio": "Jerusalén", "departamento": "Cundinamarca", "divipola": "25368", "requiere_depto": true, "homonimo_de_departamento": false, "n_noticias": 0, "n_prensa_recogida": 0, "noticias_ejemplo": [], "dyfi_max_cdi": null, "dyfi_respuestas": null, "dyfi_celdas": 0, "dyfi_min_dist_km": null, "poblacion_2026": 2115, "cabecera_2026": 886, "rural_2026": 1229, "poblacion_fuente": "DANE PPED municipal por área 2018-2042", "en_aoi_copernicus": false, "estado": "solo_rud", "busqueda_propia": true, "fuentes": ["rud"], "unosat_edificios": null, "unosat_observados": null, "unosat_posibles": null, "unosat_fecha_imagen": null, "unosat_codigo_inconsistente": null, "sertit_edificios": null, "sertit_destruidos": null, "sertit_danados": null, "sertit_posibles": null, "sertit_sin_grado": null, "sertit_area_km2": null, "sertit_imagen_literal": null, "rud_familias": 5.0, "rud_personas": 12.0, "rud_viv_destruidas": 0.0, "rud_viv_averiadas": 5.0, "mmi_usgs": 4.8, "tasa_rud_pct": 0.5674}}, {"type": "Feature", "geometry": {"type": "Point", "coordinates": [-77.728947, 0.862978]}, "properties": {"municipio": "Cuaspud Carlosama", "departamento": "Nariño", "divipola": "52224", "requiere_depto": true, "homonimo_de_departamento": false, "n_noticias": 0, "n_prensa_recogida": 0, "noticias_ejemplo": [], "dyfi_max_cdi": null, "dyfi_respuestas": null, "dyfi_celdas": 0, "dyfi_min_dist_km": null, "poblacion_2026": 10080, "cabecera_2026": 3012, "rural_2026": 7068, "poblacion_fuente": "DANE PPED municipal por área 2018-2042", "en_aoi_copernicus": false, "estado": "solo_rud", "busqueda_propia": true, "fuentes": ["rud"], "unosat_edificios": null, "unosat_observados": null, "unosat_posibles": null, "unosat_fecha_imagen": null, "unosat_codigo_inconsistente": null, "sertit_edificios": null, "sertit_destruidos": null, "sertit_danados": null, "sertit_posibles": null, "sertit_sin_grado": null, "sertit_area_km2": null, "sertit_imagen_literal": null, "rud_familias": 5.0, "rud_personas": 5.0, "rud_viv_destruidas": 0.0, "rud_viv_averiadas": 5.0, "mmi_usgs": null, "tasa_rud_pct": 0.0496}}, {"type": "Feature", "geometry": {"type": "Point", "coordinates": [-72.601162, 7.603112]}, "properties": {"municipio": "Chinácota", "departamento": "Norte de Santander", "divipola": "54172", "requiere_depto": true, "homonimo_de_departamento": false, "n_noticias": 1, "n_prensa_recogida": 5, "noticias_ejemplo": [{"fecha": "2026-08-10T07:00:00", "medio": "Google News — Chinácota", "titulo": "Sismo de 7.4 se sintió con fuerza en Norte de Santander: reportan daños leves en Cúcuta, Chinácota, Lourdes y Silos - areacucuta.com", "url": "https://news.google.com/rss/articles/CBMi1wFBVV95cUxOUzEwYzMzbVhVT0FqdjhFbjVRVS1OVlNsdlVCLTB4TGpWMzdVdnFtNkVTZkhfUmxZSHg0NktELXhLaHlUM25zUEhRVllDbU94VS1nSU9RU21hSFFKVG93TVEtRXp0MHdlYkV6OGxuc2RYcHZPVTFGejd0Wm9GQXNKcUl5X2I4SVA0NEJlSWJ6TGtNTExfTnh1djVyTnRXb2dQUFVIcVFQNFk3M0lJVHFmRGxfamFNQVptY0VxRTQ2UERydFdxSExKQ2dnMFBjeVpnRWdwRjFHcw?oc=5"}], "dyfi_max_cdi": null, "dyfi_respuestas": null, "dyfi_celdas": 0, "dyfi_min_dist_km": null, "poblacion_2026": 20633, "cabecera_2026": 13268, "rural_2026": 7365, "poblacion_fuente": "DANE PPED municipal por área 2018-2042", "en_aoi_copernicus": false, "estado": "mencion_prensa", "busqueda_propia": true, "fuentes": ["prensa", "rud"], "unosat_edificios": null, "unosat_observados": null, "unosat_posibles": null, "unosat_fecha_imagen": null, "unosat_codigo_inconsistente": null, "sertit_edificios": null, "sertit_destruidos": null, "sertit_danados": null, "sertit_posibles": null, "sertit_sin_grado": null, "sertit_area_km2": null, "sertit_imagen_literal": null, "rud_familias": 5.0, "rud_personas": 11.0, "rud_viv_destruidas": 0.0, "rud_viv_averiadas": 3.0, "mmi_usgs": null, "tasa_rud_pct": 0.0533}}, {"type": "Feature", "geometry": {"type": "Point", "coordinates": [-72.832376, 7.945631]}, "properties": {"municipio": "Lourdes", "departamento": "Norte de Santander", "divipola": "54418", "requiere_depto": true, "homonimo_de_departamento": false, "n_noticias": 1, "n_prensa_recogida": 8, "noticias_ejemplo": [{"fecha": "2026-08-10T07:00:00", "medio": "Google News — Chinácota", "titulo": "Sismo de 7.4 se sintió con fuerza en Norte de Santander: reportan daños leves en Cúcuta, Chinácota, Lourdes y Silos - areacucuta.com", "url": "https://news.google.com/rss/articles/CBMi1wFBVV95cUxOUzEwYzMzbVhVT0FqdjhFbjVRVS1OVlNsdlVCLTB4TGpWMzdVdnFtNkVTZkhfUmxZSHg0NktELXhLaHlUM25zUEhRVllDbU94VS1nSU9RU21hSFFKVG93TVEtRXp0MHdlYkV6OGxuc2RYcHZPVTFGejd0Wm9GQXNKcUl5X2I4SVA0NEJlSWJ6TGtNTExfTnh1djVyTnRXb2dQUFVIcVFQNFk3M0lJVHFmRGxfamFNQVptY0VxRTQ2UERydFdxSExKQ2dnMFBjeVpnRWdwRjFHcw?oc=5"}], "dyfi_max_cdi": null, "dyfi_respuestas": null, "dyfi_celdas": 0, "dyfi_min_dist_km": null, "poblacion_2026": 4635, "cabecera_2026": 2203, "rural_2026": 2432, "poblacion_fuente": "DANE PPED municipal por área 2018-2042", "en_aoi_copernicus": false, "estado": "mencion_prensa", "busqueda_propia": true, "fuentes": ["prensa", "rud"], "unosat_edificios": null, "unosat_observados": null, "unosat_posibles": null, "unosat_fecha_imagen": null, "unosat_codigo_inconsistente": null, "sertit_edificios": null, "sertit_destruidos": null, "sertit_danados": null, "sertit_posibles": null, "sertit_sin_grado": null, "sertit_area_km2": null, "sertit_imagen_literal": null, "rud_familias": 5.0, "rud_personas": 12.0, "rud_viv_destruidas": 0.0, "rud_viv_averiadas": 2.0, "mmi_usgs": null, "tasa_rud_pct": 0.2589}}, {"type": "Feature", "geometry": {"type": "Point", "coordinates": [-72.757128, 7.204736]}, "properties": {"municipio": "Silos", "departamento": "Norte de Santander", "divipola": "54743", "requiere_depto": true, "homonimo_de_departamento": false, "n_noticias": 2, "n_prensa_recogida": 4, "noticias_ejemplo": [{"fecha": "2026-08-12T15:00:53", "medio": "Google News — Silos", "titulo": "Cierran de manera indefinida la parroquia de Silos, Norte de Santander, tras afectaciones por temblor - laopinion.co", "url": "https://news.google.com/rss/articles/CBMiuwFBVV95cUxNZy1wWWEzOTZXM0FzWmZINlVXX1RFVDUwOU90bWtZa3daMEZITDVBbWdpcGRiYnNOVUVHQ3YwdUJLWGpJZ29pXzI0SVNQbS1VUG9Jd2ROWVV3UEZXb3ZoSEstaFhuOVN4RGNqQjhGNUV1UVV2MWF1MC03ZnpWeXRtVk41WWROdVoxc0FRRkFualpvc3EyY3VDQzlkdHl0VWdaR1MzTjNuX3VxZ3ZET1U2OVZreGV4aWgtVFRv?oc=5"}, {"fecha": "2026-08-10T07:00:00", "medio": "Google News — Chinácota", "titulo": "Sismo de 7.4 se sintió con fuerza en Norte de Santander: reportan daños leves en Cúcuta, Chinácota, Lourdes y Silos - areacucuta.com", "url": "https://news.google.com/rss/articles/CBMi1wFBVV95cUxOUzEwYzMzbVhVT0FqdjhFbjVRVS1OVlNsdlVCLTB4TGpWMzdVdnFtNkVTZkhfUmxZSHg0NktELXhLaHlUM25zUEhRVllDbU94VS1nSU9RU21hSFFKVG93TVEtRXp0MHdlYkV6OGxuc2RYcHZPVTFGejd0Wm9GQXNKcUl5X2I4SVA0NEJlSWJ6TGtNTExfTnh1djVyTnRXb2dQUFVIcVFQNFk3M0lJVHFmRGxfamFNQVptY0VxRTQ2UERydFdxSExKQ2dnMFBjeVpnRWdwRjFHcw?oc=5"}], "dyfi_max_cdi": null, "dyfi_respuestas": null, "dyfi_celdas": 0, "dyfi_min_dist_km": null, "poblacion_2026": 7374, "cabecera_2026": 1100, "rural_2026": 6274, "poblacion_fuente": "DANE PPED municipal por área 2018-2042", "en_aoi_copernicus": false, "estado": "mencion_prensa", "busqueda_propia": true, "fuentes": ["prensa", "rud"], "unosat_edificios": null, "unosat_observados": null, "unosat_posibles": null, "unosat_fecha_imagen": null, "unosat_codigo_inconsistente": null, "sertit_edificios": null, "sertit_destruidos": null, "sertit_danados": null, "sertit_posibles": null, "sertit_sin_grado": null, "sertit_area_km2": null, "sertit_imagen_literal": null, "rud_familias": 5.0, "rud_personas": 14.0, "rud_viv_destruidas": 0.0, "rud_viv_averiadas": 0.0, "mmi_usgs": null, "tasa_rud_pct": 0.1899}}, {"type": "Feature", "geometry": {"type": "Point", "coordinates": [-75.786647, 6.155667]}, "properties": {"municipio": "Armenia (Antioquia)", "departamento": "Antioquia", "divipola": "05059", "requiere_depto": true, "homonimo_de_departamento": false, "n_noticias": 0, "n_prensa_recogida": 34, "noticias_ejemplo": [], "dyfi_max_cdi": null, "dyfi_respuestas": null, "dyfi_celdas": 0, "dyfi_min_dist_km": null, "poblacion_2026": 5292, "cabecera_2026": 1927, "rural_2026": 3365, "poblacion_fuente": "DANE PPED municipal por área 2018-2042", "en_aoi_copernicus": false, "estado": "solo_rud", "busqueda_propia": true, "fuentes": ["rud"], "unosat_edificios": null, "unosat_observados": null, "unosat_posibles": null, "unosat_fecha_imagen": null, "unosat_codigo_inconsistente": null, "sertit_edificios": null, "sertit_destruidos": null, "sertit_danados": null, "sertit_posibles": null, "sertit_sin_grado": null, "sertit_area_km2": null, "sertit_imagen_literal": null, "rud_familias": 4.0, "rud_personas": 8.0, "rud_viv_destruidas": 0.0, "rud_viv_averiadas": 0.0, "mmi_usgs": 5.0, "tasa_rud_pct": 0.1512}}, {"type": "Feature", "geometry": {"type": "Point", "coordinates": [-75.331627, 6.439195]}, "properties": {"municipio": "Barbosa", "departamento": "Antioquia", "divipola": "05079", "requiere_depto": true, "homonimo_de_departamento": false, "n_noticias": 0, "n_prensa_recogida": 9, "noticias_ejemplo": [], "dyfi_max_cdi": 3.8, "dyfi_respuestas": 2, "dyfi_celdas": 1, "dyfi_min_dist_km": 228, "poblacion_2026": 64314, "cabecera_2026": 27477, "rural_2026": 36837, "poblacion_fuente": "DANE PPED municipal por área 2018-2042", "en_aoi_copernicus": false, "estado": "solo_rud", "busqueda_propia": true, "fuentes": ["dyfi", "rud"], "unosat_edificios": null, "unosat_observados": null, "unosat_posibles": null, "unosat_fecha_imagen": null, "unosat_codigo_inconsistente": null, "sertit_edificios": null, "sertit_destruidos": null, "sertit_danados": null, "sertit_posibles": null, "sertit_sin_grado": null, "sertit_area_km2": null, "sertit_imagen_literal": null, "rud_familias": 4.0, "rud_personas": 15.0, "rud_viv_destruidas": 0.0, "rud_viv_averiadas": 4.0, "mmi_usgs": 4.1, "tasa_rud_pct": 0.0233}}, {"type": "Feature", "geometry": {"type": "Point", "coordinates": [-75.265465, 6.136871]}, "properties": {"municipio": "El Santuario", "departamento": "Antioquia", "divipola": "05697", "requiere_depto": true, "homonimo_de_departamento": false, "n_noticias": 1, "n_prensa_recogida": 10, "noticias_ejemplo": [{"fecha": "2026-08-23T17:23:33", "medio": "Google News — Venecia", "titulo": "Antioquia prepara plan para recuperar el Santuario San José de Venecia tras afectaciones por el temblor - Teleantioquia", "url": "https://news.google.com/rss/articles/CBMi4gFBVV95cUxPbDU3b1NMYm01YnpMSHBmTm4zUjNUcjBTS0g3WHVrbmhMOVVrNlg5T3pGVndmR0xON0c3RVF1WWl5dWZha1hnem1aUWg5ejFwbHVGeWdLNzRfZDI3Vng0RFdWOEt4Ql9hdTlrSV93MVNXTzBxcGVkbGdIdzBWTDBtNDZ3Sl90cUJOdDE1bk1iZjNUaHBOVlRRbVRsaEc0Rm91ZDJSclROYlNqTzhmR1doR0ZzLTBpTm1HUEpvOGdVTWlZLUxyRHZNRFVfTTEzY2t6VUk3Zm45Y09NVG5kSzBwT2xR0gHuAUFVX3lxTFBzeHlZRDJjNEZGelEyRmJkaUFXTnpwd1c0ZkVfSUpjY01EaTF3VDlpTkJwYnc1ODNIeTJ6OHM2bDZiMU5DYkRCZl9mMlFZVjU3eHA5RDZob05teWFMT19WYktxbkwtclQxdlVpRS1QOXkwMDVXaXBBQVMxcEZkandVc2FYS2JScVRwQ2VyQmhkYVdLVmgwT3RjbUxpdU1Tc0hVNEJvZ0lGOU0tWV9NbkhHbkpLNmxranZUZ1hFNk1JUVNmanRLaVRpb05xblYxRDVjYlFuVjZfREtWaWczRXAzUEZ1cTNYY0FZYnZ0Smc?oc=5"}], "dyfi_max_cdi": null, "dyfi_respuestas": null, "dyfi_celdas": 0, "dyfi_min_dist_km": null, "poblacion_2026": 40538, "cabecera_2026": 29278, "rural_2026": 11260, "poblacion_fuente": "DANE PPED municipal por área 2018-2042", "en_aoi_copernicus": false, "estado": "mencion_prensa", "busqueda_propia": true, "fuentes": ["prensa", "rud"], "unosat_edificios": null, "unosat_observados": null, "unosat_posibles": null, "unosat_fecha_imagen": null, "unosat_codigo_inconsistente": null, "sertit_edificios": null, "sertit_destruidos": null, "sertit_danados": null, "sertit_posibles": null, "sertit_sin_grado": null, "sertit_area_km2": null, "sertit_imagen_literal": null, "rud_familias": 4.0, "rud_personas": 4.0, "rud_viv_destruidas": 0.0, "rud_viv_averiadas": 0.0, "mmi_usgs": 4.7, "tasa_rud_pct": 0.0099}}, {"type": "Feature", "geometry": {"type": "Point", "coordinates": [-75.683352, 6.85009]}, "properties": {"municipio": "San José de la Montaña", "departamento": "Antioquia", "divipola": "05658", "requiere_depto": true, "homonimo_de_departamento": false, "n_noticias": 0, "n_prensa_recogida": 0, "noticias_ejemplo": [], "dyfi_max_cdi": null, "dyfi_respuestas": null, "dyfi_celdas": 0, "dyfi_min_dist_km": null, "poblacion_2026": 4070, "cabecera_2026": 2643, "rural_2026": 1427, "poblacion_fuente": "DANE PPED municipal por área 2018-2042", "en_aoi_copernicus": false, "estado": "solo_rud", "busqueda_propia": true, "fuentes": ["rud"], "unosat_edificios": null, "unosat_observados": null, "unosat_posibles": null, "unosat_fecha_imagen": null, "unosat_codigo_inconsistente": null, "sertit_edificios": null, "sertit_destruidos": null, "sertit_danados": null, "sertit_posibles": null, "sertit_sin_grado": null, "sertit_area_km2": null, "sertit_imagen_literal": null, "rud_familias": 4.0, "rud_personas": 4.0, "rud_viv_destruidas": 0.0, "rud_viv_averiadas": 2.0, "mmi_usgs": 4.8, "tasa_rud_pct": 0.0983}}, {"type": "Feature", "geometry": {"type": "Point", "coordinates": [-74.484549, 3.985164]}, "properties": {"municipio": "Cabrera", "departamento": "Cundinamarca", "divipola": "25120", "requiere_depto": true, "homonimo_de_departamento": false, "n_noticias": 0, "n_prensa_recogida": 1, "noticias_ejemplo": [], "dyfi_max_cdi": null, "dyfi_respuestas": null, "dyfi_celdas": 0, "dyfi_min_dist_km": null, "poblacion_2026": 4931, "cabecera_2026": 1464, "rural_2026": 3467, "poblacion_fuente": "DANE PPED municipal por área 2018-2042", "en_aoi_copernicus": false, "estado": "solo_rud", "busqueda_propia": true, "fuentes": ["rud"], "unosat_edificios": null, "unosat_observados": null, "unosat_posibles": null, "unosat_fecha_imagen": null, "unosat_codigo_inconsistente": null, "sertit_edificios": null, "sertit_destruidos": null, "sertit_danados": null, "sertit_posibles": null, "sertit_sin_grado": null, "sertit_area_km2": null, "sertit_imagen_literal": null, "rud_familias": 4.0, "rud_personas": 10.0, "rud_viv_destruidas": 0.0, "rud_viv_averiadas": 4.0, "mmi_usgs": 4.6, "tasa_rud_pct": 0.2028}}, {"type": "Feature", "geometry": {"type": "Point", "coordinates": [-74.461588, 4.631028]}, "properties": {"municipio": "La Mesa", "departamento": "Cundinamarca", "divipola": "25386", "requiere_depto": true, "homonimo_de_departamento": false, "n_noticias": 0, "n_prensa_recogida": 13, "noticias_ejemplo": [], "dyfi_max_cdi": 3.8, "dyfi_respuestas": 2, "dyfi_celdas": 1, "dyfi_min_dist_km": 220, "poblacion_2026": 38076, "cabecera_2026": 22548, "rural_2026": 15528, "poblacion_fuente": "DANE PPED municipal por área 2018-2042", "en_aoi_copernicus": false, "estado": "solo_rud", "busqueda_propia": true, "fuentes": ["dyfi", "rud"], "unosat_edificios": null, "unosat_observados": null, "unosat_posibles": null, "unosat_fecha_imagen": null, "unosat_codigo_inconsistente": null, "sertit_edificios": null, "sertit_destruidos": null, "sertit_danados": null, "sertit_posibles": null, "sertit_sin_grado": null, "sertit_area_km2": null, "sertit_imagen_literal": null, "rud_familias": 4.0, "rud_personas": 8.0, "rud_viv_destruidas": 0.0, "rud_viv_averiadas": 4.0, "mmi_usgs": 4.0, "tasa_rud_pct": 0.021}}, {"type": "Feature", "geometry": {"type": "Point", "coordinates": [-74.289672, 4.972917]}, "properties": {"municipio": "San Francisco (Cundinamarca)", "departamento": "Cundinamarca", "divipola": "25658", "requiere_depto": true, "homonimo_de_departamento": false, "n_noticias": 2, "n_prensa_recogida": 25, "noticias_ejemplo": [{"fecha": "2026-08-22T11:18:30", "medio": "Google News — San Francisco (Cundinamarca)", "titulo": "De San Francisco Cundinamarca al Chocó: cadena de solidaridad que llevó ayudas hasta zonas afectadas por el terremoto - portalnews.co", "url": "https://news.google.com/rss/articles/CBMijAFBVV95cUxQVXdvZm9FVjFTbjFLZEFUQUVGNFZtaE5Vcm9CbTVwVjkxQjQ0NVFQYnh6VlkzVV9CQmV3c3JIOWJ4NDJlWmd1UV9yNlRVeUh1ZEg1amY1U1loWWpPcDc1ZmI2LXRKcm9VQnlUVk1QbDh3OWoxa1V4enBUM1hZSjdOWk9jT2ZjbklBMS1TQw?oc=5"}, {"fecha": "2026-08-22T11:18:30", "medio": "Google News — San Francisco (Cundinamarca)", "titulo": "De San Francisco Cundinamarca al Chocó: cadena de solidaridad que llevó ayudas hasta zonas afectadas por el terremoto - portalnews.co", "url": "https://news.google.com/rss/articles/CBMikAFBVV95cUxQX1J2Mkk5anhZd2wxb2piMHVLWmhsUWtoOVBaYmlLMmpOMWtPRmY4WUxncHlMODNUWFJqRjN0N0N6OS0tWk1QN1pNbHlOb2lxQlF2V3dBRnJpa2p0bkNPd24wSmk5TEs5QXBJbnFxZWxsZzNwWkxuYi1OcXk3aEF3MkhURXc5YnotN3lLMExWZ3g?oc=5"}], "dyfi_max_cdi": null, "dyfi_respuestas": null, "dyfi_celdas": 0, "dyfi_min_dist_km": null, "poblacion_2026": 13130, "cabecera_2026": 6280, "rural_2026": 6850, "poblacion_fuente": "DANE PPED municipal por área 2018-2042", "en_aoi_copernicus": false, "estado": "mencion_prensa", "busqueda_propia": true, "fuentes": ["prensa", "rud"], "unosat_edificios": null, "unosat_observados": null, "unosat_posibles": null, "unosat_fecha_imagen": null, "unosat_codigo_inconsistente": null, "sertit_edificios": null, "sertit_destruidos": null, "sertit_danados": null, "sertit_posibles": null, "sertit_sin_grado": null, "sertit_area_km2": null, "sertit_imagen_literal": null, "rud_familias": 4.0, "rud_personas": 17.0, "rud_viv_destruidas": 0.0, "rud_viv_averiadas": 4.0, "mmi_usgs": 4.4, "tasa_rud_pct": 0.1295}}, {"type": "Feature", "geometry": {"type": "Point", "coordinates": [-75.804544, 2.266618]}, "properties": {"municipio": "Pital", "departamento": "Huila", "divipola": "41548", "requiere_depto": true, "homonimo_de_departamento": false, "n_noticias": 0, "n_prensa_recogida": 3, "noticias_ejemplo": [], "dyfi_max_cdi": null, "dyfi_respuestas": null, "dyfi_celdas": 0, "dyfi_min_dist_km": null, "poblacion_2026": 14869, "cabecera_2026": 5285, "rural_2026": 9584, "poblacion_fuente": "DANE PPED municipal por área 2018-2042", "en_aoi_copernicus": false, "estado": "solo_rud", "busqueda_propia": true, "fuentes": ["rud"], "unosat_edificios": null, "unosat_observados": null, "unosat_posibles": null, "unosat_fecha_imagen": null, "unosat_codigo_inconsistente": null, "sertit_edificios": null, "sertit_destruidos": null, "sertit_danados": null, "sertit_posibles": null, "sertit_sin_grado": null, "sertit_area_km2": null, "sertit_imagen_literal": null, "rud_familias": 4.0, "rud_personas": 4.0, "rud_viv_destruidas": 0.0, "rud_viv_averiadas": 4.0, "mmi_usgs": 4.2, "tasa_rud_pct": 0.0269}}, {"type": "Feature", "geometry": {"type": "Point", "coordinates": [-77.58091, 1.472892]}, "properties": {"municipio": "La Llanada", "departamento": "Nariño", "divipola": "52385", "requiere_depto": true, "homonimo_de_departamento": false, "n_noticias": 0, "n_prensa_recogida": 0, "noticias_ejemplo": [], "dyfi_max_cdi": null, "dyfi_respuestas": null, "dyfi_celdas": 0, "dyfi_min_dist_km": null, "poblacion_2026": 6565, "cabecera_2026": 3228, "rural_2026": 3337, "poblacion_fuente": "DANE PPED municipal por área 2018-2042", "en_aoi_copernicus": false, "estado": "solo_rud", "busqueda_propia": true, "fuentes": ["rud"], "unosat_edificios": null, "unosat_observados": null, "unosat_posibles": null, "unosat_fecha_imagen": null, "unosat_codigo_inconsistente": null, "sertit_edificios": null, "sertit_destruidos": null, "sertit_danados": null, "sertit_posibles": null, "sertit_sin_grado": null, "sertit_area_km2": null, "sertit_imagen_literal": null, "rud_familias": 4.0, "rud_personas": 7.0, "rud_viv_destruidas": 0.0, "rud_viv_averiadas": 0.0, "mmi_usgs": null, "tasa_rud_pct": 0.1066}}, {"type": "Feature", "geometry": {"type": "Point", "coordinates": [-72.481915, 7.307692]}, "properties": {"municipio": "Toledo", "departamento": "Norte de Santander", "divipola": "54820", "requiere_depto": true, "homonimo_de_departamento": false, "n_noticias": 0, "n_prensa_recogida": 0, "noticias_ejemplo": [], "dyfi_max_cdi": null, "dyfi_respuestas": null, "dyfi_celdas": 0, "dyfi_min_dist_km": null, "poblacion_2026": 17799, "cabecera_2026": 6228, "rural_2026": 11571, "poblacion_fuente": "DANE PPED municipal por área 2018-2042", "en_aoi_copernicus": false, "estado": "solo_rud", "busqueda_propia": true, "fuentes": ["rud"], "unosat_edificios": null, "unosat_observados": null, "unosat_posibles": null, "unosat_fecha_imagen": null, "unosat_codigo_inconsistente": null, "sertit_edificios": null, "sertit_destruidos": null, "sertit_danados": null, "sertit_posibles": null, "sertit_sin_grado": null, "sertit_area_km2": null, "sertit_imagen_literal": null, "rud_familias": 4.0, "rud_personas": 12.0, "rud_viv_destruidas": 0.0, "rud_viv_averiadas": 4.0, "mmi_usgs": null, "tasa_rud_pct": 0.0674}}, {"type": "Feature", "geometry": {"type": "Point", "coordinates": [-73.246475, 6.592118]}, "properties": {"municipio": "Cabrera (Santander)", "departamento": "Santander", "divipola": "68121", "requiere_depto": true, "homonimo_de_departamento": false, "n_noticias": 0, "n_prensa_recogida": 16, "noticias_ejemplo": [], "dyfi_max_cdi": null, "dyfi_respuestas": null, "dyfi_celdas": 0, "dyfi_min_dist_km": null, "poblacion_2026": 2116, "cabecera_2026": 510, "rural_2026": 1606, "poblacion_fuente": "DANE PPED municipal por área 2018-2042", "en_aoi_copernicus": false, "estado": "solo_rud", "busqueda_propia": true, "fuentes": ["rud"], "unosat_edificios": null, "unosat_observados": null, "unosat_posibles": null, "unosat_fecha_imagen": null, "unosat_codigo_inconsistente": null, "sertit_edificios": null, "sertit_destruidos": null, "sertit_danados": null, "sertit_posibles": null, "sertit_sin_grado": null, "sertit_area_km2": null, "sertit_imagen_literal": null, "rud_familias": 4.0, "rud_personas": 14.0, "rud_viv_destruidas": 0.0, "rud_viv_averiadas": 5.0, "mmi_usgs": null, "tasa_rud_pct": 0.6616}}, {"type": "Feature", "geometry": {"type": "Point", "coordinates": [-74.867075, 7.488583]}, "properties": {"municipio": "Zaragoza", "departamento": "Antioquia", "divipola": "05895", "requiere_depto": true, "homonimo_de_departamento": false, "n_noticias": 0, "n_prensa_recogida": 13, "noticias_ejemplo": [], "dyfi_max_cdi": null, "dyfi_respuestas": null, "dyfi_celdas": 0, "dyfi_min_dist_km": null, "poblacion_2026": 26996, "cabecera_2026": 13801, "rural_2026": 13195, "poblacion_fuente": "DANE PPED municipal por área 2018-2042", "en_aoi_copernicus": false, "estado": "solo_rud", "busqueda_propia": true, "fuentes": ["rud"], "unosat_edificios": null, "unosat_observados": null, "unosat_posibles": null, "unosat_fecha_imagen": null, "unosat_codigo_inconsistente": null, "sertit_edificios": null, "sertit_destruidos": null, "sertit_danados": null, "sertit_posibles": null, "sertit_sin_grado": null, "sertit_area_km2": null, "sertit_imagen_literal": null, "rud_familias": 3.0, "rud_personas": 4.0, "rud_viv_destruidas": 0.0, "rud_viv_averiadas": 0.0, "mmi_usgs": 4.3, "tasa_rud_pct": 0.0148}}, {"type": "Feature", "geometry": {"type": "Point", "coordinates": [-74.344594, 4.737205]}, "properties": {"municipio": "Bojacá", "departamento": "Cundinamarca", "divipola": "25099", "requiere_depto": true, "homonimo_de_departamento": false, "n_noticias": 0, "n_prensa_recogida": 0, "noticias_ejemplo": [], "dyfi_max_cdi": null, "dyfi_respuestas": null, "dyfi_celdas": 0, "dyfi_min_dist_km": null, "poblacion_2026": 11019, "cabecera_2026": 9176, "rural_2026": 1843, "poblacion_fuente": "DANE PPED municipal por área 2018-2042", "en_aoi_copernicus": false, "estado": "solo_rud", "busqueda_propia": true, "fuentes": ["rud"], "unosat_edificios": null, "unosat_observados": null, "unosat_posibles": null, "unosat_fecha_imagen": null, "unosat_codigo_inconsistente": null, "sertit_edificios": null, "sertit_destruidos": null, "sertit_danados": null, "sertit_posibles": null, "sertit_sin_grado": null, "sertit_area_km2": null, "sertit_imagen_literal": null, "rud_familias": 3.0, "rud_personas": 9.0, "rud_viv_destruidas": 0.0, "rud_viv_averiadas": 3.0, "mmi_usgs": 4.3, "tasa_rud_pct": 0.0817}}, {"type": "Feature", "geometry": {"type": "Point", "coordinates": [-74.37543, 4.336723]}, "properties": {"municipio": "Fusagasugá", "departamento": "Cundinamarca", "divipola": "25290", "requiere_depto": true, "homonimo_de_departamento": false, "n_noticias": 0, "n_prensa_recogida": 3, "noticias_ejemplo": [], "dyfi_max_cdi": 3.1, "dyfi_respuestas": 1, "dyfi_celdas": 1, "dyfi_min_dist_km": 245, "poblacion_2026": 162844, "cabecera_2026": 141800, "rural_2026": 21044, "poblacion_fuente": "DANE PPED municipal por área 2018-2042", "en_aoi_copernicus": false, "estado": "solo_rud", "busqueda_propia": true, "fuentes": ["dyfi", "rud"], "unosat_edificios": null, "unosat_observados": null, "unosat_posibles": null, "unosat_fecha_imagen": null, "unosat_codigo_inconsistente": null, "sertit_edificios": null, "sertit_destruidos": null, "sertit_danados": null, "sertit_posibles": null, "sertit_sin_grado": null, "sertit_area_km2": null, "sertit_imagen_literal": null, "rud_familias": 3.0, "rud_personas": 9.0, "rud_viv_destruidas": 0.0, "rud_viv_averiadas": 3.0, "mmi_usgs": 4.0, "tasa_rud_pct": 0.0055}}, {"type": "Feature", "geometry": {"type": "Point", "coordinates": [-74.71438, 4.682022]}, "properties": {"municipio": "Pulí", "departamento": "Cundinamarca", "divipola": "25580", "requiere_depto": true, "homonimo_de_departamento": false, "n_noticias": 0, "n_prensa_recogida": 0, "noticias_ejemplo": [], "dyfi_max_cdi": null, "dyfi_respuestas": null, "dyfi_celdas": 0, "dyfi_min_dist_km": null, "poblacion_2026": 3731, "cabecera_2026": 1043, "rural_2026": 2688, "poblacion_fuente": "DANE PPED municipal por área 2018-2042", "en_aoi_copernicus": false, "estado": "solo_rud", "busqueda_propia": true, "fuentes": ["rud"], "unosat_edificios": null, "unosat_observados": null, "unosat_posibles": null, "unosat_fecha_imagen": null, "unosat_codigo_inconsistente": null, "sertit_edificios": null, "sertit_destruidos": null, "sertit_danados": null, "sertit_posibles": null, "sertit_sin_grado": null, "sertit_area_km2": null, "sertit_imagen_literal": null, "rud_familias": 3.0, "rud_personas": 3.0, "rud_viv_destruidas": 0.0, "rud_viv_averiadas": 3.0, "mmi_usgs": 4.7, "tasa_rud_pct": 0.0804}}, {"type": "Feature", "geometry": {"type": "Point", "coordinates": [-74.432628, 4.962167]}, "properties": {"municipio": "Sasaima", "departamento": "Cundinamarca", "divipola": "25718", "requiere_depto": true, "homonimo_de_departamento": false, "n_noticias": 0, "n_prensa_recogida": 1, "noticias_ejemplo": [], "dyfi_max_cdi": null, "dyfi_respuestas": null, "dyfi_celdas": 0, "dyfi_min_dist_km": null, "poblacion_2026": 11493, "cabecera_2026": 3635, "rural_2026": 7858, "poblacion_fuente": "DANE PPED municipal por área 2018-2042", "en_aoi_copernicus": false, "estado": "solo_rud", "busqueda_propia": true, "fuentes": ["rud"], "unosat_edificios": null, "unosat_observados": null, "unosat_posibles": null, "unosat_fecha_imagen": null, "unosat_codigo_inconsistente": null, "sertit_edificios": null, "sertit_destruidos": null, "sertit_danados": null, "sertit_posibles": null, "sertit_sin_grado": null, "sertit_area_km2": null, "sertit_imagen_literal": null, "rud_familias": 3.0, "rud_personas": 3.0, "rud_viv_destruidas": 0.0, "rud_viv_averiadas": 3.0, "mmi_usgs": 4.4, "tasa_rud_pct": 0.0261}}, {"type": "Feature", "geometry": {"type": "Point", "coordinates": [-74.478301, 4.089056]}, "properties": {"municipio": "Venecia (Cundinamarca)", "departamento": "Cundinamarca", "divipola": "25506", "requiere_depto": true, "homonimo_de_departamento": false, "n_noticias": 0, "n_prensa_recogida": 3, "noticias_ejemplo": [], "dyfi_max_cdi": null, "dyfi_respuestas": null, "dyfi_celdas": 0, "dyfi_min_dist_km": null, "poblacion_2026": 4565, "cabecera_2026": 1602, "rural_2026": 2963, "poblacion_fuente": "DANE PPED municipal por área 2018-2042", "en_aoi_copernicus": false, "estado": "solo_rud", "busqueda_propia": true, "fuentes": ["rud"], "unosat_edificios": null, "unosat_observados": null, "unosat_posibles": null, "unosat_fecha_imagen": null, "unosat_codigo_inconsistente": null, "sertit_edificios": null, "sertit_destruidos": null, "sertit_danados": null, "sertit_posibles": null, "sertit_sin_grado": null, "sertit_area_km2": null, "sertit_imagen_literal": null, "rud_familias": 3.0, "rud_personas": 6.0, "rud_viv_destruidas": 0.0, "rud_viv_averiadas": 3.0, "mmi_usgs": 4.4, "tasa_rud_pct": 0.1314}}, {"type": "Feature", "geometry": {"type": "Point", "coordinates": [-74.469686, 5.012754]}, "properties": {"municipio": "Villeta", "departamento": "Cundinamarca", "divipola": "25875", "requiere_depto": true, "homonimo_de_departamento": false, "n_noticias": 0, "n_prensa_recogida": 1, "noticias_ejemplo": [], "dyfi_max_cdi": 3.8, "dyfi_respuestas": 1, "dyfi_celdas": 1, "dyfi_min_dist_km": 219, "poblacion_2026": 29687, "cabecera_2026": 21584, "rural_2026": 8103, "poblacion_fuente": "DANE PPED municipal por área 2018-2042", "en_aoi_copernicus": false, "estado": "solo_rud", "busqueda_propia": true, "fuentes": ["dyfi", "rud"], "unosat_edificios": null, "unosat_observados": null, "unosat_posibles": null, "unosat_fecha_imagen": null, "unosat_codigo_inconsistente": null, "sertit_edificios": null, "sertit_destruidos": null, "sertit_danados": null, "sertit_posibles": null, "sertit_sin_grado": null, "sertit_area_km2": null, "sertit_imagen_literal": null, "rud_familias": 3.0, "rud_personas": 8.0, "rud_viv_destruidas": 0.0, "rud_viv_averiadas": 3.0, "mmi_usgs": 4.3, "tasa_rud_pct": 0.0269}}, {"type": "Feature", "geometry": {"type": "Point", "coordinates": [-76.217637, 1.929467]}, "properties": {"municipio": "Isnos", "departamento": "Huila", "divipola": "41359", "requiere_depto": true, "homonimo_de_departamento": false, "n_noticias": 0, "n_prensa_recogida": 3, "noticias_ejemplo": [], "dyfi_max_cdi": null, "dyfi_respuestas": null, "dyfi_celdas": 0, "dyfi_min_dist_km": null, "poblacion_2026": 26820, "cabecera_2026": 6520, "rural_2026": 20300, "poblacion_fuente": "DANE PPED municipal por área 2018-2042", "en_aoi_copernicus": false, "estado": "solo_rud", "busqueda_propia": true, "fuentes": ["rud"], "unosat_edificios": null, "unosat_observados": null, "unosat_posibles": null, "unosat_fecha_imagen": null, "unosat_codigo_inconsistente": null, "sertit_edificios": null, "sertit_destruidos": null, "sertit_danados": null, "sertit_posibles": null, "sertit_sin_grado": null, "sertit_area_km2": null, "sertit_imagen_literal": null, "rud_familias": 3.0, "rud_personas": 4.0, "rud_viv_destruidas": 0.0, "rud_viv_averiadas": 0.0, "mmi_usgs": 4.5, "tasa_rud_pct": 0.0149}}, {"type": "Feature", "geometry": {"type": "Point", "coordinates": [-75.808756, 2.5451]}, "properties": {"municipio": "Nátaga", "departamento": "Huila", "divipola": "41483", "requiere_depto": true, "homonimo_de_departamento": false, "n_noticias": 0, "n_prensa_recogida": 0, "noticias_ejemplo": [], "dyfi_max_cdi": null, "dyfi_respuestas": null, "dyfi_celdas": 0, "dyfi_min_dist_km": null, "poblacion_2026": 7143, "cabecera_2026": 2922, "rural_2026": 4221, "poblacion_fuente": "DANE PPED municipal por área 2018-2042", "en_aoi_copernicus": false, "estado": "solo_rud", "busqueda_propia": true, "fuentes": ["rud"], "unosat_edificios": null, "unosat_observados": null, "unosat_posibles": null, "unosat_fecha_imagen": null, "unosat_codigo_inconsistente": null, "sertit_edificios": null, "sertit_destruidos": null, "sertit_danados": null, "sertit_posibles": null, "sertit_sin_grado": null, "sertit_area_km2": null, "sertit_imagen_literal": null, "rud_familias": 3.0, "rud_personas": 10.0, "rud_viv_destruidas": 0.0, "rud_viv_averiadas": 3.0, "mmi_usgs": 4.5, "tasa_rud_pct": 0.14}}, {"type": "Feature", "geometry": {"type": "Point", "coordinates": [-76.27036, 1.881081]}, "properties": {"municipio": "San Agustín", "departamento": "Huila", "divipola": "41668", "requiere_depto": true, "homonimo_de_departamento": false, "n_noticias": 0, "n_prensa_recogida": 3, "noticias_ejemplo": [], "dyfi_max_cdi": null, "dyfi_respuestas": null, "dyfi_celdas": 0, "dyfi_min_dist_km": null, "poblacion_2026": 36348, "cabecera_2026": 12167, "rural_2026": 24181, "poblacion_fuente": "DANE PPED municipal por área 2018-2042", "en_aoi_copernicus": false, "estado": "solo_rud", "busqueda_propia": true, "fuentes": ["rud"], "unosat_edificios": null, "unosat_observados": null, "unosat_posibles": null, "unosat_fecha_imagen": null, "unosat_codigo_inconsistente": null, "sertit_edificios": null, "sertit_destruidos": null, "sertit_danados": null, "sertit_posibles": null, "sertit_sin_grado": null, "sertit_area_km2": null, "sertit_imagen_literal": null, "rud_familias": 3.0, "rud_personas": 4.0, "rud_viv_destruidas": 0.0, "rud_viv_averiadas": 0.0, "mmi_usgs": 4.1, "tasa_rud_pct": 0.011}}, {"type": "Feature", "geometry": {"type": "Point", "coordinates": [-73.09614, 8.574281]}, "properties": {"municipio": "El Tarra", "departamento": "Norte de Santander", "divipola": "54250", "requiere_depto": true, "homonimo_de_departamento": false, "n_noticias": 0, "n_prensa_recogida": 3, "noticias_ejemplo": [], "dyfi_max_cdi": null, "dyfi_respuestas": null, "dyfi_celdas": 0, "dyfi_min_dist_km": null, "poblacion_2026": 28561, "cabecera_2026": 12368, "rural_2026": 16193, "poblacion_fuente": "DANE PPED municipal por área 2018-2042", "en_aoi_copernicus": false, "estado": "solo_rud", "busqueda_propia": true, "fuentes": ["rud"], "unosat_edificios": null, "unosat_observados": null, "unosat_posibles": null, "unosat_fecha_imagen": null, "unosat_codigo_inconsistente": null, "sertit_edificios": null, "sertit_destruidos": null, "sertit_danados": null, "sertit_posibles": null, "sertit_sin_grado": null, "sertit_area_km2": null, "sertit_imagen_literal": null, "rud_familias": 3.0, "rud_personas": 16.0, "rud_viv_destruidas": 0.0, "rud_viv_averiadas": 0.0, "mmi_usgs": null, "tasa_rud_pct": 0.056}}, {"type": "Feature", "geometry": {"type": "Point", "coordinates": [-72.647714, 7.372802]}, "properties": {"municipio": "Pamplona", "departamento": "Norte de Santander", "divipola": "54518", "requiere_depto": true, "homonimo_de_departamento": false, "n_noticias": 0, "n_prensa_recogida": 4, "noticias_ejemplo": [], "dyfi_max_cdi": null, "dyfi_respuestas": null, "dyfi_celdas": 0, "dyfi_min_dist_km": null, "poblacion_2026": 52318, "cabecera_2026": 48474, "rural_2026": 3844, "poblacion_fuente": "DANE PPED municipal por área 2018-2042", "en_aoi_copernicus": false, "estado": "solo_rud", "busqueda_propia": true, "fuentes": ["rud"], "unosat_edificios": null, "unosat_observados": null, "unosat_posibles": null, "unosat_fecha_imagen": null, "unosat_codigo_inconsistente": null, "sertit_edificios": null, "sertit_destruidos": null, "sertit_danados": null, "sertit_posibles": null, "sertit_sin_grado": null, "sertit_area_km2": null, "sertit_imagen_literal": null, "rud_familias": 3.0, "rud_personas": 9.0, "rud_viv_destruidas": 0.0, "rud_viv_averiadas": 3.0, "mmi_usgs": null, "tasa_rud_pct": 0.0172}}, {"type": "Feature", "geometry": {"type": "Point", "coordinates": [-72.625459, 7.875695]}, "properties": {"municipio": "San Cayetano", "departamento": "Norte de Santander", "divipola": "54673", "requiere_depto": true, "homonimo_de_departamento": false, "n_noticias": 0, "n_prensa_recogida": 0, "noticias_ejemplo": [], "dyfi_max_cdi": null, "dyfi_respuestas": null, "dyfi_celdas": 0, "dyfi_min_dist_km": null, "poblacion_2026": 8946, "cabecera_2026": 2798, "rural_2026": 6148, "poblacion_fuente": "DANE PPED municipal por área 2018-2042", "en_aoi_copernicus": false, "estado": "solo_rud", "busqueda_propia": true, "fuentes": ["rud"], "unosat_edificios": null, "unosat_observados": null, "unosat_posibles": null, "unosat_fecha_imagen": null, "unosat_codigo_inconsistente": null, "sertit_edificios": null, "sertit_destruidos": null, "sertit_danados": null, "sertit_posibles": null, "sertit_sin_grado": null, "sertit_area_km2": null, "sertit_imagen_literal": null, "rud_familias": 3.0, "rud_personas": 12.0, "rud_viv_destruidas": 0.0, "rud_viv_averiadas": 3.0, "mmi_usgs": null, "tasa_rud_pct": 0.1341}}, {"type": "Feature", "geometry": {"type": "Point", "coordinates": [-72.973601, 7.914244]}, "properties": {"municipio": "Villa Caro", "departamento": "Norte de Santander", "divipola": "54871", "requiere_depto": true, "homonimo_de_departamento": false, "n_noticias": 0, "n_prensa_recogida": 0, "noticias_ejemplo": [], "dyfi_max_cdi": null, "dyfi_respuestas": null, "dyfi_celdas": 0, "dyfi_min_dist_km": null, "poblacion_2026": 5412, "cabecera_2026": 2429, "rural_2026": 2983, "poblacion_fuente": "DANE PPED municipal por área 2018-2042", "en_aoi_copernicus": false, "estado": "solo_rud", "busqueda_propia": true, "fuentes": ["rud"], "unosat_edificios": null, "unosat_observados": null, "unosat_posibles": null, "unosat_fecha_imagen": null, "unosat_codigo_inconsistente": null, "sertit_edificios": null, "sertit_destruidos": null, "sertit_danados": null, "sertit_posibles": null, "sertit_sin_grado": null, "sertit_area_km2": null, "sertit_imagen_literal": null, "rud_familias": 3.0, "rud_personas": 6.0, "rud_viv_destruidas": 0.0, "rud_viv_averiadas": 0.0, "mmi_usgs": null, "tasa_rud_pct": 0.1109}}, {"type": "Feature", "geometry": {"type": "Point", "coordinates": [-74.831885, 4.048891]}, "properties": {"municipio": "Suárez (Tolima)", "departamento": "Tolima", "divipola": "73770", "requiere_depto": true, "homonimo_de_departamento": false, "n_noticias": 0, "n_prensa_recogida": 1, "noticias_ejemplo": [], "dyfi_max_cdi": null, "dyfi_respuestas": null, "dyfi_celdas": 0, "dyfi_min_dist_km": null, "poblacion_2026": 3926, "cabecera_2026": 1628, "rural_2026": 2298, "poblacion_fuente": "DANE PPED municipal por área 2018-2042", "en_aoi_copernicus": false, "estado": "solo_rud", "busqueda_propia": true, "fuentes": ["rud"], "unosat_edificios": null, "unosat_observados": null, "unosat_posibles": null, "unosat_fecha_imagen": null, "unosat_codigo_inconsistente": null, "sertit_edificios": null, "sertit_destruidos": null, "sertit_danados": null, "sertit_posibles": null, "sertit_sin_grado": null, "sertit_area_km2": null, "sertit_imagen_literal": null, "rud_familias": 3.0, "rud_personas": 6.0, "rud_viv_destruidas": 0.0, "rud_viv_averiadas": 0.0, "mmi_usgs": 5.4, "tasa_rud_pct": 0.1528}}, {"type": "Feature", "geometry": {"type": "Point", "coordinates": [-75.517685, 6.566273]}, "properties": {"municipio": "Entrerríos", "departamento": "Antioquia", "divipola": "05264", "requiere_depto": true, "homonimo_de_departamento": false, "n_noticias": 1, "n_prensa_recogida": 1, "noticias_ejemplo": [{"fecha": "2026-09-17T17:08:53", "medio": "Google News — Entrerríos", "titulo": "Sismos cerca de Entrerrios, Antioquia, Colombia: Terremotos hoy y últimos 30 días - Volcano Discovery", "url": "https://news.google.com/rss/articles/CBMi3gFBVV95cUxOZWh1N05vV245cTVKcEI1RVloNDBLNzRCMHQwZ1JGWGhaczdYcU0wdnFIRTdJY0N5S3dvMjZrLTQ1cTRldkthY0Nkb19FMVdRSWlMRThqVV9Sb1pBaHQzVUdKVC1weFlZNmYyU3k4QzJ4N3RLaW9oOW8xd0dJOFllU2szdFNiZW9TTnlMVDl3N01tYlNJdDlBWkVTNy1BZlQzVWRySzMwN3VPdEJSRFdsWDVla3d2MG1NWWRlYjN5T1dCUm5VMXRyMENFeFZqbmVzUmlnSW1yLW9YZWh4dEE?oc=5"}], "dyfi_max_cdi": null, "dyfi_respuestas": null, "dyfi_celdas": 0, "dyfi_min_dist_km": null, "poblacion_2026": 12894, "cabecera_2026": 6834, "rural_2026": 6060, "poblacion_fuente": "DANE PPED municipal por área 2018-2042", "en_aoi_copernicus": false, "estado": "mencion_prensa", "busqueda_propia": true, "fuentes": ["prensa", "rud"], "unosat_edificios": null, "unosat_observados": null, "unosat_posibles": null, "unosat_fecha_imagen": null, "unosat_codigo_inconsistente": null, "sertit_edificios": null, "sertit_destruidos": null, "sertit_danados": null, "sertit_posibles": null, "sertit_sin_grado": null, "sertit_area_km2": null, "sertit_imagen_literal": null, "rud_familias": 2.0, "rud_personas": 7.0, "rud_viv_destruidas": 0.0, "rud_viv_averiadas": 0.0, "mmi_usgs": 5.0, "tasa_rud_pct": 0.0543}}, {"type": "Feature", "geometry": {"type": "Point", "coordinates": [-75.429433, 6.028062]}, "properties": {"municipio": "La Ceja", "departamento": "Antioquia", "divipola": "05376", "requiere_depto": true, "homonimo_de_departamento": false, "n_noticias": 1, "n_prensa_recogida": 29, "noticias_ejemplo": [{"fecha": "2026-09-23T08:34:39", "medio": "Google News — Barbosa", "titulo": "Sismos en o cerca de La Ceja, Antioquia, Colombia: Terremotos hoy y últimos 30 días - Volcano Discovery", "url": "https://news.google.com/rss/articles/CBMi4gFBVV95cUxNV0x0WlM1WldWMFVhQmhzajBmcnY5T2E1djVJUzJpcUpvZTkwbXpzN0pSNV9PQURxWW1XWTZYUDJLWmMtalcwcFJLdG1oOEptRE9JZXZSYl9SRlQ0RTRHeUY3bTROTXAwM1N1SDlxSS14TGtNMmNCT1RBUVRvSnQxMDB4NkZ6bUttYWJaRk5FWkVWMkdjR3FsLUQ0WVUzSHRpU2x1dE14N2JSNS03WEZYUHBKemw4d3kyWDI4Qjc0dkFIRXZHWEFTRlQ4N21iWFJXV182R1lFZTY3bzNyQkpYMHh3?oc=5"}], "dyfi_max_cdi": 5.7, "dyfi_respuestas": 12, "dyfi_celdas": 2, "dyfi_min_dist_km": 190, "poblacion_2026": 74386, "cabecera_2026": 64591, "rural_2026": 9795, "poblacion_fuente": "DANE PPED municipal por área 2018-2042", "en_aoi_copernicus": false, "estado": "mencion_prensa", "busqueda_propia": true, "fuentes": ["prensa", "dyfi", "rud"], "unosat_edificios": null, "unosat_observados": null, "unosat_posibles": null, "unosat_fecha_imagen": null, "unosat_codigo_inconsistente": null, "sertit_edificios": null, "sertit_destruidos": null, "sertit_danados": null, "sertit_posibles": null, "sertit_sin_grado": null, "sertit_area_km2": null, "sertit_imagen_literal": null, "rud_familias": 2.0, "rud_personas": 7.0, "rud_viv_destruidas": 0.0, "rud_viv_averiadas": 0.0, "mmi_usgs": 5.5, "tasa_rud_pct": 0.0094}}, {"type": "Feature", "geometry": {"type": "Point", "coordinates": [-74.583012, 6.186025]}, "properties": {"municipio": "Puerto Nare", "departamento": "Antioquia", "divipola": "05585", "requiere_depto": true, "homonimo_de_departamento": false, "n_noticias": 0, "n_prensa_recogida": 0, "noticias_ejemplo": [], "dyfi_max_cdi": null, "dyfi_respuestas": null, "dyfi_celdas": 0, "dyfi_min_dist_km": null, "poblacion_2026": 15675, "cabecera_2026": 5410, "rural_2026": 10265, "poblacion_fuente": "DANE PPED municipal por área 2018-2042", "en_aoi_copernicus": false, "estado": "solo_rud", "busqueda_propia": true, "fuentes": ["rud"], "unosat_edificios": null, "unosat_observados": null, "unosat_posibles": null, "unosat_fecha_imagen": null, "unosat_codigo_inconsistente": null, "sertit_edificios": null, "sertit_destruidos": null, "sertit_danados": null, "sertit_posibles": null, "sertit_sin_grado": null, "sertit_area_km2": null, "sertit_imagen_literal": null, "rud_familias": 2.0, "rud_personas": 30.0, "rud_viv_destruidas": 0.0, "rud_viv_averiadas": 0.0, "mmi_usgs": 5.3, "tasa_rud_pct": 0.1914}}, {"type": "Feature", "geometry": {"type": "Point", "coordinates": [-75.692281, 7.010328]}, "properties": {"municipio": "Toledo (Antioquia)", "departamento": "Antioquia", "divipola": "05819", "requiere_depto": true, "homonimo_de_departamento": false, "n_noticias": 0, "n_prensa_recogida": 1, "noticias_ejemplo": [], "dyfi_max_cdi": null, "dyfi_respuestas": null, "dyfi_celdas": 0, "dyfi_min_dist_km": null, "poblacion_2026": 4767, "cabecera_2026": 1752, "rural_2026": 3015, "poblacion_fuente": "DANE PPED municipal por área 2018-2042", "en_aoi_copernicus": false, "estado": "solo_rud", "busqueda_propia": true, "fuentes": ["rud"], "unosat_edificios": null, "unosat_observados": null, "unosat_posibles": null, "unosat_fecha_imagen": null, "unosat_codigo_inconsistente": null, "sertit_edificios": null, "sertit_destruidos": null, "sertit_danados": null, "sertit_posibles": null, "sertit_sin_grado": null, "sertit_area_km2": null, "sertit_imagen_literal": null, "rud_familias": 2.0, "rud_personas": 5.0, "rud_viv_destruidas": 0.0, "rud_viv_averiadas": 2.0, "mmi_usgs": 4.3, "tasa_rud_pct": 0.1049}}, {"type": "Feature", "geometry": {"type": "Point", "coordinates": [-75.418828, 6.963832]}, "properties": {"municipio": "Yarumal", "departamento": "Antioquia", "divipola": "05887", "requiere_depto": true, "homonimo_de_departamento": false, "n_noticias": 0, "n_prensa_recogida": 0, "noticias_ejemplo": [], "dyfi_max_cdi": null, "dyfi_respuestas": null, "dyfi_celdas": 0, "dyfi_min_dist_km": null, "poblacion_2026": 41853, "cabecera_2026": 30156, "rural_2026": 11697, "poblacion_fuente": "DANE PPED municipal por área 2018-2042", "en_aoi_copernicus": false, "estado": "solo_rud", "busqueda_propia": true, "fuentes": ["rud"], "unosat_edificios": null, "unosat_observados": null, "unosat_posibles": null, "unosat_fecha_imagen": null, "unosat_codigo_inconsistente": null, "sertit_edificios": null, "sertit_destruidos": null, "sertit_danados": null, "sertit_posibles": null, "sertit_sin_grado": null, "sertit_area_km2": null, "sertit_imagen_literal": null, "rud_familias": 2.0, "rud_personas": 5.0, "rud_viv_destruidas": 0.0, "rud_viv_averiadas": 0.0, "mmi_usgs": 4.6, "tasa_rud_pct": 0.0119}}, {"type": "Feature", "geometry": {"type": "Point", "coordinates": [-74.491045, 5.34758]}, "properties": {"municipio": "Caparrapí", "departamento": "Cundinamarca", "divipola": "25148", "requiere_depto": true, "homonimo_de_departamento": false, "n_noticias": 0, "n_prensa_recogida": 0, "noticias_ejemplo": [], "dyfi_max_cdi": null, "dyfi_respuestas": null, "dyfi_celdas": 0, "dyfi_min_dist_km": null, "poblacion_2026": 11089, "cabecera_2026": 3561, "rural_2026": 7528, "poblacion_fuente": "DANE PPED municipal por área 2018-2042", "en_aoi_copernicus": false, "estado": "solo_rud", "busqueda_propia": true, "fuentes": ["rud"], "unosat_edificios": null, "unosat_observados": null, "unosat_posibles": null, "unosat_fecha_imagen": null, "unosat_codigo_inconsistente": null, "sertit_edificios": null, "sertit_destruidos": null, "sertit_danados": null, "sertit_posibles": null, "sertit_sin_grado": null, "sertit_area_km2": null, "sertit_imagen_literal": null, "rud_familias": 2.0, "rud_personas": 7.0, "rud_viv_destruidas": 0.0, "rud_viv_averiadas": 2.0, "mmi_usgs": 4.8, "tasa_rud_pct": 0.0631}}, {"type": "Feature", "geometry": {"type": "Point", "coordinates": [-74.467437, 4.877968]}, "properties": {"municipio": "Guayabal de Síquima", "departamento": "Cundinamarca", "divipola": "25328", "requiere_depto": true, "homonimo_de_departamento": false, "n_noticias": 0, "n_prensa_recogida": 1, "noticias_ejemplo": [], "dyfi_max_cdi": null, "dyfi_respuestas": null, "dyfi_celdas": 0, "dyfi_min_dist_km": null, "poblacion_2026": 5227, "cabecera_2026": 1600, "rural_2026": 3627, "poblacion_fuente": "DANE PPED municipal por área 2018-2042", "en_aoi_copernicus": false, "estado": "solo_rud", "busqueda_propia": true, "fuentes": ["rud"], "unosat_edificios": null, "unosat_observados": null, "unosat_posibles": null, "unosat_fecha_imagen": null, "unosat_codigo_inconsistente": null, "sertit_edificios": null, "sertit_destruidos": null, "sertit_danados": null, "sertit_posibles": null, "sertit_sin_grado": null, "sertit_area_km2": null, "sertit_imagen_literal": null, "rud_familias": 2.0, "rud_personas": 6.0, "rud_viv_destruidas": 0.0, "rud_viv_averiadas": 2.0, "mmi_usgs": 4.3, "tasa_rud_pct": 0.1148}}, {"type": "Feature", "geometry": {"type": "Point", "coordinates": [-74.523131, 4.43935]}, "properties": {"municipio": "Viotá", "departamento": "Cundinamarca", "divipola": "25878", "requiere_depto": true, "homonimo_de_departamento": false, "n_noticias": 0, "n_prensa_recogida": 0, "noticias_ejemplo": [], "dyfi_max_cdi": null, "dyfi_respuestas": null, "dyfi_celdas": 0, "dyfi_min_dist_km": null, "poblacion_2026": 13496, "cabecera_2026": 5292, "rural_2026": 8204, "poblacion_fuente": "DANE PPED municipal por área 2018-2042", "en_aoi_copernicus": false, "estado": "solo_rud", "busqueda_propia": true, "fuentes": ["rud"], "unosat_edificios": null, "unosat_observados": null, "unosat_posibles": null, "unosat_fecha_imagen": null, "unosat_codigo_inconsistente": null, "sertit_edificios": null, "sertit_destruidos": null, "sertit_danados": null, "sertit_posibles": null, "sertit_sin_grado": null, "sertit_area_km2": null, "sertit_imagen_literal": null, "rud_familias": 2.0, "rud_personas": 7.0, "rud_viv_destruidas": 0.0, "rud_viv_averiadas": 2.0, "mmi_usgs": 4.3, "tasa_rud_pct": 0.0519}}, {"type": "Feature", "geometry": {"type": "Point", "coordinates": [-77.390772, 1.407913]}, "properties": {"municipio": "El Tambo (Nariño)", "departamento": "Nariño", "divipola": "52260", "requiere_depto": true, "homonimo_de_departamento": false, "n_noticias": 0, "n_prensa_recogida": 1, "noticias_ejemplo": [], "dyfi_max_cdi": null, "dyfi_respuestas": null, "dyfi_celdas": 0, "dyfi_min_dist_km": null, "poblacion_2026": 14572, "cabecera_2026": 5511, "rural_2026": 9061, "poblacion_fuente": "DANE PPED municipal por área 2018-2042", "en_aoi_copernicus": false, "estado": "solo_rud", "busqueda_propia": true, "fuentes": ["rud"], "unosat_edificios": null, "unosat_observados": null, "unosat_posibles": null, "unosat_fecha_imagen": null, "unosat_codigo_inconsistente": null, "sertit_edificios": null, "sertit_destruidos": null, "sertit_danados": null, "sertit_posibles": null, "sertit_sin_grado": null, "sertit_area_km2": null, "sertit_imagen_literal": null, "rud_familias": 2.0, "rud_personas": 3.0, "rud_viv_destruidas": 0.0, "rud_viv_averiadas": 2.0, "mmi_usgs": null, "tasa_rud_pct": 0.0206}}, {"type": "Feature", "geometry": {"type": "Point", "coordinates": [-72.639111, 7.436745]}, "properties": {"municipio": "Pamplonita", "departamento": "Norte de Santander", "divipola": "54520", "requiere_depto": true, "homonimo_de_departamento": false, "n_noticias": 0, "n_prensa_recogida": 0, "noticias_ejemplo": [], "dyfi_max_cdi": null, "dyfi_respuestas": null, "dyfi_celdas": 0, "dyfi_min_dist_km": null, "poblacion_2026": 6314, "cabecera_2026": 1333, "rural_2026": 4981, "poblacion_fuente": "DANE PPED municipal por área 2018-2042", "en_aoi_copernicus": false, "estado": "solo_rud", "busqueda_propia": true, "fuentes": ["rud"], "unosat_edificios": null, "unosat_observados": null, "unosat_posibles": null, "unosat_fecha_imagen": null, "unosat_codigo_inconsistente": null, "sertit_edificios": null, "sertit_destruidos": null, "sertit_danados": null, "sertit_posibles": null, "sertit_sin_grado": null, "sertit_area_km2": null, "sertit_imagen_literal": null, "rud_familias": 2.0, "rud_personas": 3.0, "rud_viv_destruidas": 0.0, "rud_viv_averiadas": 0.0, "mmi_usgs": null, "tasa_rud_pct": 0.0475}}, {"type": "Feature", "geometry": {"type": "Point", "coordinates": [-76.261614, 6.998112]}, "properties": {"municipio": "Dabeiba", "departamento": "Antioquia", "divipola": "05234", "requiere_depto": true, "homonimo_de_departamento": false, "n_noticias": 12, "n_prensa_recogida": 15, "noticias_ejemplo": [{"fecha": "2026-09-25T07:38:26", "medio": "Google News — Cañasgordas", "titulo": "Sismo muy débil mag. 1.9 - Dabeiba - Antioquia, Colombia, Wednesday 28 Feb 2024 a las 10:58 (Hora Bogota) - Volcano Discovery", "url": "https://news.google.com/rss/articles/CBMif0FVX3lxTFA1Rkh5TUpxckR0aGJCbG9aczNxdTJyNlJuQmJleDhLU0xOeVJhWG9TSDRmN2xrSjlhZHhlRHdKb0ZHZm5ySzliRVZPRU9DODlHREl0OElQQnFlUC1tbTg2ZlotSVRKY0lqQ0dRZlBUN3p4RHFldWRZazdLdU8zWFU?oc=5"}, {"fecha": "2026-09-15T03:09:16", "medio": "Google News — Dabeiba", "titulo": "Temblor en Colombia en noche de hoy lunes 14/09/2026 en Dabeiba - Antioquia - Pulzo", "url": "https://news.google.com/rss/articles/CBMipAFBVV95cUxQYXVULS1JWXZPN3Q4MGZqZVpMS2tVYkpnVjEwN0dCZm02N2MtLXhteXRKc01Za3JiUUVzdlN1VjhfZ0swZHBTbW1FaHlxWjI2bW1wVWo5NEZrdDFzNjMtQ1N5YXdBS0ctMjY3X1p3UFFMME5Gbno2bXdwalY5Qlh0RE1PWmViQkdGMDVlS21qYm00Q0hxVWM0RVY2aV9UMFNFeHp1cA?oc=5"}, {"fecha": "2026-09-11T14:29:39", "medio": "Google News — Santa Fé de Antioquia", "titulo": "Sismo débil mag. 2.3 (inconfirmado) - 26 km al oeste de Dabeiba, Antioquia, Colombia, Friday 11 Sep 2026 a las 09:11 (GMT -5) - Volcano Discovery", "url": "https://news.google.com/rss/articles/CBMirwFBVV95cUxOTkNnNThtenpibEZUN3B1OUhFQUY5eE5xajA4UVByQ21WZjJfNUZsWmJPMFc1eDFaMnphTG9YUDVSRzVzazBvQWlZR0ZQLTdxRHZVM1VoUXRNMFVldlkxeGh2WHVUY2xqN01IT2hlMHY2Mm1uZ1hlRkIwYnU2N05nV2xOcTFPVHZmcDdmdDlzTWtlaW1Yb1RKNk9HaVRsbmJDUTktQ05XdjhrLUJEYWdv?oc=5"}], "dyfi_max_cdi": null, "dyfi_respuestas": null, "dyfi_celdas": 0, "dyfi_min_dist_km": null, "poblacion_2026": 24937, "cabecera_2026": 10272, "rural_2026": 14665, "poblacion_fuente": "DANE PPED municipal por área 2018-2042", "en_aoi_copernicus": false, "estado": "mencion_prensa", "busqueda_propia": true, "fuentes": ["prensa", "rud"], "unosat_edificios": null, "unosat_observados": null, "unosat_posibles": null, "unosat_fecha_imagen": null, "unosat_codigo_inconsistente": null, "sertit_edificios": null, "sertit_destruidos": null, "sertit_danados": null, "sertit_posibles": null, "sertit_sin_grado": null, "sertit_area_km2": null, "sertit_imagen_literal": null, "rud_familias": 1.0, "rud_personas": 3.0, "rud_viv_destruidas": 0.0, "rud_viv_averiadas": 1.0, "mmi_usgs": 4.1, "tasa_rud_pct": 0.012}}, {"type": "Feature", "geometry": {"type": "Point", "coordinates": [-75.582192, 6.166695]}, "properties": {"municipio": "Envigado", "departamento": "Antioquia", "divipola": "05266", "requiere_depto": true, "homonimo_de_departamento": false, "n_noticias": 0, "n_prensa_recogida": 5, "noticias_ejemplo": [], "dyfi_max_cdi": 5.6, "dyfi_respuestas": 1, "dyfi_celdas": 1, "dyfi_min_dist_km": 197, "poblacion_2026": 268381, "cabecera_2026": 257546, "rural_2026": 10835, "poblacion_fuente": "DANE PPED municipal por área 2018-2042", "en_aoi_copernicus": false, "estado": "solo_rud", "busqueda_propia": true, "fuentes": ["dyfi", "rud"], "unosat_edificios": null, "unosat_observados": null, "unosat_posibles": null, "unosat_fecha_imagen": null, "unosat_codigo_inconsistente": null, "sertit_edificios": null, "sertit_destruidos": null, "sertit_danados": null, "sertit_posibles": null, "sertit_sin_grado": null, "sertit_area_km2": null, "sertit_imagen_literal": null, "rud_familias": 1.0, "rud_personas": 6.0, "rud_viv_destruidas": 0.0, "rud_viv_averiadas": 0.0, "mmi_usgs": 5.1, "tasa_rud_pct": 0.0022}}, {"type": "Feature", "geometry": {"type": "Point", "coordinates": [-75.441612, 6.27787]}, "properties": {"municipio": "Guarne", "departamento": "Antioquia", "divipola": "05318", "requiere_depto": true, "homonimo_de_departamento": false, "n_noticias": 2, "n_prensa_recogida": 16, "noticias_ejemplo": [{"fecha": "2026-09-01T12:53:39", "medio": "Google News — Andes", "titulo": "En Guarne se entregó la primera vivienda reconstruida tras el terremoto en Antioquia - Blu Radio", "url": "https://news.google.com/rss/articles/CBMizgFBVV95cUxObTBUTjAxWEdtbG1Rd2pFcWQ0UE02SldfaVFnVUFReVQ2c0RFb1ZaTVVlR1dNcVk0VUJOQ3A0MWlhZW9qXzN2cGVnZWhTX1ljUDhZbFFFeTB1dkFjaG8xcEx1YVJUUXdfY3lDU2QwUXVlaE5ncHNMTkpielpPX2gzRDBtQ0RrTFBTYmJWWEdveDktTEFnb0ZlZU9vM01CUzhmVWlkVjJZLTNUQzdjNUlFdkcteHRsVzNWa0lYVjJnLW5yNzFfaHlWUzdtb1dKd9IB2wFBVV95cUxNNU9tbVV3UU90XzFtMGJqNE9BYkNjUjFSbzJQSkhfc1Y2cHhqYU5BT2pwM2NDS1lnZF8yc2Fuc3JpVk5nNF9oa2RTRk1rZ1BvOWhjeE54bWlXYkg3Snd5M25DMlY0TWNEN1h1VnhoR2dxa3VLd0oxYmNYblV5b3h1QnZCQk5SOURGSTFjTFg3dno4MV9HX1NITXVjakZ2Y1pmSTF4TjJ4SFZnOVJ3d1JEVkFUeUtvX0lUZ2N1RTJQMW9rR0tlMExjNWJtcjczN3RRc0tpWFd6d0pPcEk?oc=5"}, {"fecha": "2026-08-31T22:04:29", "medio": "Google News (agregador es-CO)", "titulo": "En tiempo récord reconstruyeron casa en Guarne, Antioquia, tras el terremoto | El Colombiano - El Colombiano", "url": "https://news.google.com/rss/articles/CBMirwFBVV95cUxQM0V2alBhaml4WlFsYjVaNEgwTFJnZXlsQXNqeWJ1dWV0WjlGLXNTZzFsbnZLbmpSNWtRRmJrQ09wYVNJem9kb0w2Zm5Ta3NsYUQ1VWZJZm1mQk9NblRJUktFRmI3QmNOQ3o3bUNzYUItS3VDcXo3anNvY0twaWZlNkxkX09KMzk0ZGxBOUdVZFNkSFJacW5NRTlZRFF6X2xmUVhUbkxMMjBKM0JRUGU00gG0AUFVX3lxTE5VdlZtd0VZQ1RlQnVBNjI1d0g0V2NEcnRnZ1Z0LUpOc1ptRXNPQjZOUFRVajM2TVVDOFh5SmQ0Sk5vNTNNOF82SmlQMlBtRVhtQU92S3V3MGVaX3pud2N3YVNFWlRfQlJaT0d5eWFFV2pPcE5JWkdQcjF6LUkxS1RITFFRUm9PaG9EaGl5bnhQXzZDZlQyUWEwem85eW1WaDJ1aWhQLWtnQ3U3SUFlT0thcGVGTg?oc=5"}], "dyfi_max_cdi": 3.1, "dyfi_respuestas": 1, "dyfi_celdas": 1, "dyfi_min_dist_km": 205, "poblacion_2026": 66158, "cabecera_2026": 23576, "rural_2026": 42582, "poblacion_fuente": "DANE PPED municipal por área 2018-2042", "en_aoi_copernicus": false, "estado": "mencion_prensa", "busqueda_propia": true, "fuentes": ["prensa", "dyfi", "rud"], "unosat_edificios": null, "unosat_observados": null, "unosat_posibles": null, "unosat_fecha_imagen": null, "unosat_codigo_inconsistente": null, "sertit_edificios": null, "sertit_destruidos": null, "sertit_danados": null, "sertit_posibles": null, "sertit_sin_grado": null, "sertit_area_km2": null, "sertit_imagen_literal": null, "rud_familias": 1.0, "rud_personas": 3.0, "rud_viv_destruidas": 0.0, "rud_viv_averiadas": 0.0, "mmi_usgs": 4.4, "tasa_rud_pct": 0.0045}}, {"type": "Feature", "geometry": {"type": "Point", "coordinates": [-76.327588, 1.11754]}, "properties": {"municipio": "Piamonte", "departamento": "Cauca", "divipola": "19533", "requiere_depto": true, "homonimo_de_departamento": false, "n_noticias": 0, "n_prensa_recogida": 0, "noticias_ejemplo": [], "dyfi_max_cdi": null, "dyfi_respuestas": null, "dyfi_celdas": 0, "dyfi_min_dist_km": null, "poblacion_2026": 9967, "cabecera_2026": 2223, "rural_2026": 7744, "poblacion_fuente": "DANE PPED municipal por área 2018-2042", "en_aoi_copernicus": false, "estado": "solo_rud", "busqueda_propia": true, "fuentes": ["rud"], "unosat_edificios": null, "unosat_observados": null, "unosat_posibles": null, "unosat_fecha_imagen": null, "unosat_codigo_inconsistente": null, "sertit_edificios": null, "sertit_destruidos": null, "sertit_danados": null, "sertit_posibles": null, "sertit_sin_grado": null, "sertit_area_km2": null, "sertit_imagen_literal": null, "rud_familias": 1.0, "rud_personas": 4.0, "rud_viv_destruidas": 0.0, "rud_viv_averiadas": 0.0, "mmi_usgs": null, "tasa_rud_pct": 0.0401}}, {"type": "Feature", "geometry": {"type": "Point", "coordinates": [-74.593455, 4.948916]}, "properties": {"municipio": "Chaguaní", "departamento": "Cundinamarca", "divipola": "25168", "requiere_depto": true, "homonimo_de_departamento": false, "n_noticias": 0, "n_prensa_recogida": 0, "noticias_ejemplo": [], "dyfi_max_cdi": null, "dyfi_respuestas": null, "dyfi_celdas": 0, "dyfi_min_dist_km": null, "poblacion_2026": 4402, "cabecera_2026": 1304, "rural_2026": 3098, "poblacion_fuente": "DANE PPED municipal por área 2018-2042", "en_aoi_copernicus": false, "estado": "solo_rud", "busqueda_propia": true, "fuentes": ["rud"], "unosat_edificios": null, "unosat_observados": null, "unosat_posibles": null, "unosat_fecha_imagen": null, "unosat_codigo_inconsistente": null, "sertit_edificios": null, "sertit_destruidos": null, "sertit_danados": null, "sertit_posibles": null, "sertit_sin_grado": null, "sertit_area_km2": null, "sertit_imagen_literal": null, "rud_familias": 1.0, "rud_personas": 2.0, "rud_viv_destruidas": 0.0, "rud_viv_averiadas": 1.0, "mmi_usgs": 4.4, "tasa_rud_pct": 0.0454}}, {"type": "Feature", "geometry": {"type": "Point", "coordinates": [-75.888706, 1.805173]}, "properties": {"municipio": "Acevedo", "departamento": "Huila", "divipola": "41006", "requiere_depto": true, "homonimo_de_departamento": false, "n_noticias": 0, "n_prensa_recogida": 0, "noticias_ejemplo": [], "dyfi_max_cdi": null, "dyfi_respuestas": null, "dyfi_celdas": 0, "dyfi_min_dist_km": null, "poblacion_2026": 26282, "cabecera_2026": 4824, "rural_2026": 21458, "poblacion_fuente": "DANE PPED municipal por área 2018-2042", "en_aoi_copernicus": false, "estado": "solo_rud", "busqueda_propia": true, "fuentes": ["rud"], "unosat_edificios": null, "unosat_observados": null, "unosat_posibles": null, "unosat_fecha_imagen": null, "unosat_codigo_inconsistente": null, "sertit_edificios": null, "sertit_destruidos": null, "sertit_danados": null, "sertit_posibles": null, "sertit_sin_grado": null, "sertit_area_km2": null, "sertit_imagen_literal": null, "rud_familias": 1.0, "rud_personas": 1.0, "rud_viv_destruidas": 0.0, "rud_viv_averiadas": 0.0, "mmi_usgs": 4.1, "tasa_rud_pct": 0.0038}}, {"type": "Feature", "geometry": {"type": "Point", "coordinates": [-77.080712, 1.474978]}, "properties": {"municipio": "Albán", "departamento": "Nariño", "divipola": "52019", "requiere_depto": true, "homonimo_de_departamento": false, "n_noticias": 0, "n_prensa_recogida": 0, "noticias_ejemplo": [], "dyfi_max_cdi": null, "dyfi_respuestas": null, "dyfi_celdas": 0, "dyfi_min_dist_km": null, "poblacion_2026": 9620, "cabecera_2026": 2805, "rural_2026": 6815, "poblacion_fuente": "DANE PPED municipal por área 2018-2042", "en_aoi_copernicus": false, "estado": "solo_rud", "busqueda_propia": true, "fuentes": ["rud"], "unosat_edificios": null, "unosat_observados": null, "unosat_posibles": null, "unosat_fecha_imagen": null, "unosat_codigo_inconsistente": null, "sertit_edificios": null, "sertit_destruidos": null, "sertit_danados": null, "sertit_posibles": null, "sertit_sin_grado": null, "sertit_area_km2": null, "sertit_imagen_literal": null, "rud_familias": 1.0, "rud_personas": 3.0, "rud_viv_destruidas": 0.0, "rud_viv_averiadas": 0.0, "mmi_usgs": null, "tasa_rud_pct": 0.0312}}, {"type": "Feature", "geometry": {"type": "Point", "coordinates": [-73.3372, 8.470374]}, "properties": {"municipio": "Convención", "departamento": "Norte de Santander", "divipola": "54206", "requiere_depto": true, "homonimo_de_departamento": false, "n_noticias": 0, "n_prensa_recogida": 0, "noticias_ejemplo": [], "dyfi_max_cdi": null, "dyfi_respuestas": null, "dyfi_celdas": 0, "dyfi_min_dist_km": null, "poblacion_2026": 21428, "cabecera_2026": 8608, "rural_2026": 12820, "poblacion_fuente": "DANE PPED municipal por área 2018-2042", "en_aoi_copernicus": false, "estado": "solo_rud", "busqueda_propia": true, "fuentes": ["rud"], "unosat_edificios": null, "unosat_observados": null, "unosat_posibles": null, "unosat_fecha_imagen": null, "unosat_codigo_inconsistente": null, "sertit_edificios": null, "sertit_destruidos": null, "sertit_danados": null, "sertit_posibles": null, "sertit_sin_grado": null, "sertit_area_km2": null, "sertit_imagen_literal": null, "rud_familias": 1.0, "rud_personas": 5.0, "rud_viv_destruidas": 0.0, "rud_viv_averiadas": 1.0, "mmi_usgs": null, "tasa_rud_pct": 0.0233}}]}