{"type": "FeatureCollection", "features": [{"type": "Feature", "geometry": {"type": "Point", "coordinates": [-76.54607044299996, 3.442325168000025]}, "properties": {"municipio": "Cali", "departamento": "Valle del Cauca", "dano": "Possibly damaged", "tipo": "Residential", "sensor": "Pleiades", "sensor_date": "2026/08/11 15:55 UTC", "metodo": "Photo-interpretation", "copyright": "© ICube-SERTIT 2026", "producto_id": 3246, "capa": "UrbanP"}}, {"type": "Feature", "geometry": {"type": "Point", "coordinates": [-76.54225660799995, 3.440682929000047]}, "properties": {"municipio": "Cali", "departamento": "Valle del Cauca", "dano": "Damaged", "tipo": "Residential", "sensor": "Pleiades", "sensor_date": "2026/08/11 15:55 UTC", "metodo": "Photo-interpretation", "copyright": "© ICube-SERTIT 2026", "producto_id": 3246, "capa": "UrbanP"}}, {"type": "Feature", "geometry": {"type": "Point", "coordinates": [-76.54804870599997, 3.423272105000024]}, "properties": {"municipio": "Cali", "departamento": "Valle del Cauca", "dano": "Damaged", "tipo": "Residential", "sensor": "Pleiades", "sensor_date": "2026/08/11 15:55 UTC", "metodo": "Photo-interpretation", "copyright": "© ICube-SERTIT 2026", "producto_id": 3246, "capa": "UrbanP"}}, {"type": "Feature", "geometry": {"type": "Point", "coordinates": [-76.54713208199996, 3.422246763000032]}, "properties": {"municipio": "Cali", "departamento": "Valle del Cauca", "dano": "Damaged", "tipo": "Residential", "sensor": "Pleiades", "sensor_date": "2026/08/11 15:55 UTC", "metodo": "Photo-interpretation", "copyright": "© ICube-SERTIT 2026", "producto_id": 3246, "capa": "UrbanP"}}, {"type": "Feature", "geometry": {"type": "Point", "coordinates": [-76.54788939799994, 3.420181878000051]}, "properties": {"municipio": "Cali", "departamento": "Valle del Cauca", "dano": "Damaged", "tipo": "Residential", "sensor": "Pleiades", "sensor_date": "2026/08/11 15:55 UTC", "metodo": "Photo-interpretation", "copyright": "© ICube-SERTIT 2026", "producto_id": 3246, "capa": "UrbanP"}}, {"type": "Feature", "geometry": {"type": "Point", "coordinates": [-76.54908525899998, 3.41493138800007]}, "properties": {"municipio": "Cali", "departamento": "Valle del Cauca", "dano": "Damaged", "tipo": "Transportation", "sensor": "Pleiades", "sensor_date": "2026/08/11 15:55 UTC", "metodo": "Photo-interpretation", "copyright": "© ICube-SERTIT 2026", "producto_id": 3246, "capa": "UrbanP"}}, {"type": "Feature", "geometry": {"type": "Point", "coordinates": [-76.54807802299996, 3.405564815000048]}, "properties": {"municipio": "Cali", "departamento": "Valle del Cauca", "dano": "Destroyed", "tipo": "Residential", "sensor": "Pleiades", "sensor_date": "2026/08/11 15:55 UTC", "metodo": "Photo-interpretation", "copyright": "© ICube-SERTIT 2026", "producto_id": 3246, "capa": "UrbanP"}}, {"type": "Feature", "geometry": {"type": "Point", "coordinates": [-76.54919770199996, 3.407321377000073]}, "properties": {"municipio": "Cali", "departamento": "Valle del Cauca", "dano": "Damaged", "tipo": "Residential", "sensor": "Pleiades", "sensor_date": "2026/08/11 15:55 UTC", "metodo": "Photo-interpretation", "copyright": "© ICube-SERTIT 2026", "producto_id": 3246, "capa": "UrbanP"}}, {"type": "Feature", "geometry": {"type": "Point", "coordinates": [-76.54832643499998, 3.407316424000044]}, "properties": {"municipio": "Cali", "departamento": "Valle del Cauca", "dano": "Destroyed", "tipo": "Residential", "sensor": "Pleiades", "sensor_date": "2026/08/11 15:55 UTC", "metodo": "Photo-interpretation", "copyright": "© ICube-SERTIT 2026", "producto_id": 3246, "capa": "UrbanP"}}, {"type": "Feature", "geometry": {"type": "Point", "coordinates": [-76.54791817499995, 3.396368609000035]}, "properties": {"municipio": "Cali", "departamento": "Valle del Cauca", "dano": "Destroyed", "tipo": "Residential", "sensor": "Pleiades", "sensor_date": "2026/08/11 15:55 UTC", "metodo": "Photo-interpretation", "copyright": "© ICube-SERTIT 2026", "producto_id": 3246, "capa": "UrbanP"}}, {"type": "Feature", "geometry": {"type": "Point", "coordinates": [-76.54808763599993, 3.397628731000054]}, "properties": {"municipio": "Cali", "departamento": "Valle del Cauca", "dano": "Damaged", "tipo": "Residential", "sensor": "Pleiades", "sensor_date": "2026/08/11 15:55 UTC", "metodo": "Photo-interpretation", "copyright": "© ICube-SERTIT 2026", "producto_id": 3246, "capa": "UrbanP"}}, {"type": "Feature", "geometry": {"type": "Point", "coordinates": [-76.53730680699994, 3.432180010000025]}, "properties": {"municipio": "Cali", "departamento": "Valle del Cauca", "dano": "Possibly damaged", "tipo": "Residential", "sensor": "Pleiades", "sensor_date": "2026/08/11 15:55 UTC", "metodo": "Photo-interpretation", "copyright": "© ICube-SERTIT 2026", "producto_id": 3246, "capa": "UrbanP"}}, {"type": "Feature", "geometry": {"type": "Point", "coordinates": [-76.53823644699997, 3.43137110300006]}, "properties": {"municipio": "Cali", "departamento": "Valle del Cauca", "dano": "Damaged", "tipo": "Religious", "sensor": "Pleiades", "sensor_date": "2026/08/11 15:55 UTC", "metodo": "Photo-interpretation", "copyright": "© ICube-SERTIT 2026", "producto_id": 3246, "capa": "UrbanP"}}, {"type": "Feature", "geometry": {"type": "Point", "coordinates": [-76.53902262299994, 3.427810263000026]}, "properties": {"municipio": "Cali", "departamento": "Valle del Cauca", "dano": "Possibly damaged", "tipo": "Residential", "sensor": "Pleiades", "sensor_date": "2026/08/11 15:55 UTC", "metodo": "Photo-interpretation", "copyright": "© ICube-SERTIT 2026", "producto_id": 3246, "capa": "UrbanP"}}, {"type": "Feature", "geometry": {"type": "Point", "coordinates": [-76.53882331399996, 3.426366571000074]}, "properties": {"municipio": "Cali", "departamento": "Valle del Cauca", "dano": "Possibly damaged", "tipo": "Residential", "sensor": "Pleiades", "sensor_date": "2026/08/11 15:55 UTC", "metodo": "Photo-interpretation", "copyright": "© ICube-SERTIT 2026", "producto_id": 3246, "capa": "UrbanP"}}, {"type": "Feature", "geometry": {"type": "Point", "coordinates": [-76.54272770499995, 3.420999567000024]}, "properties": {"municipio": "Cali", "departamento": "Valle del Cauca", "dano": "Destroyed", "tipo": "Residential", "sensor": "Pleiades", "sensor_date": "2026/08/11 15:55 UTC", "metodo": "Photo-interpretation", "copyright": "© ICube-SERTIT 2026", "producto_id": 3246, "capa": "UrbanP"}}, {"type": "Feature", "geometry": {"type": "Point", "coordinates": [-76.54504511199997, 3.43048668900002]}, "properties": {"municipio": "Cali", "departamento": "Valle del Cauca", "dano": "Damaged", "tipo": "Hospital", "sensor": "Pleiades", "sensor_date": "2026/08/11 15:55 UTC", "metodo": "Photo-interpretation", "copyright": "© ICube-SERTIT 2026", "producto_id": 3246, "capa": "UrbanP"}}, {"type": "Feature", "geometry": {"type": "Point", "coordinates": [-76.54006283399997, 3.395911578000039]}, "properties": {"municipio": "Cali", "departamento": "Valle del Cauca", "dano": "Possibly damaged", "tipo": "Residential", "sensor": "Pleiades", "sensor_date": "2026/08/11 15:55 UTC", "metodo": "Photo-interpretation", "copyright": "© ICube-SERTIT 2026", "producto_id": 3246, "capa": "UrbanP"}}, {"type": "Feature", "geometry": {"type": "Point", "coordinates": [-76.54694099599999, 3.397974950000048]}, "properties": {"municipio": "Cali", "departamento": "Valle del Cauca", "dano": "Possibly damaged", "tipo": "Residential", "sensor": "Pleiades", "sensor_date": "2026/08/11 15:55 UTC", "metodo": "Photo-interpretation", "copyright": "© ICube-SERTIT 2026", "producto_id": 3246, "capa": "UrbanP"}}, {"type": "Feature", "geometry": {"type": "Point", "coordinates": [-76.54489114099994, 3.397665221000068]}, "properties": {"municipio": "Cali", "departamento": "Valle del Cauca", "dano": "Damaged", "tipo": "Residential", "sensor": "Pleiades", "sensor_date": "2026/08/11 15:55 UTC", "metodo": "Photo-interpretation", "copyright": "© ICube-SERTIT 2026", "producto_id": 3246, "capa": "UrbanP"}}, {"type": "Feature", "geometry": {"type": "Point", "coordinates": [-76.54373174499995, 3.397674535000021]}, "properties": {"municipio": "Cali", "departamento": "Valle del Cauca", "dano": "Damaged", "tipo": "Residential", "sensor": "Pleiades", "sensor_date": "2026/08/11 15:55 UTC", "metodo": "Photo-interpretation", "copyright": "© ICube-SERTIT 2026", "producto_id": 3246, "capa": "UrbanP"}}, {"type": "Feature", "geometry": {"type": "Point", "coordinates": [-76.53784539999998, 3.399055314000066]}, "properties": {"municipio": "Cali", "departamento": "Valle del Cauca", "dano": "Possibly damaged", "tipo": "Residential", "sensor": "Pleiades", "sensor_date": "2026/08/11 15:55 UTC", "metodo": "Photo-interpretation", "copyright": "© ICube-SERTIT 2026", "producto_id": 3246, "capa": "UrbanP"}}, {"type": "Feature", "geometry": {"type": "Point", "coordinates": [-76.54161777199994, 3.399021944000026]}, "properties": {"municipio": "Cali", "departamento": "Valle del Cauca", "dano": "Damaged", "tipo": "Residential", "sensor": "Pleiades", "sensor_date": "2026/08/11 15:55 UTC", "metodo": "Photo-interpretation", "copyright": "© ICube-SERTIT 2026", "producto_id": 3246, "capa": "UrbanP"}}, {"type": "Feature", "geometry": {"type": "Point", "coordinates": [-76.54601759299999, 3.400254553000025]}, "properties": {"municipio": "Cali", "departamento": "Valle del Cauca", "dano": "Possibly damaged", "tipo": "Residential", "sensor": "Pleiades", "sensor_date": "2026/08/11 15:55 UTC", "metodo": "Photo-interpretation", "copyright": "© ICube-SERTIT 2026", "producto_id": 3246, "capa": "UrbanP"}}, {"type": "Feature", "geometry": {"type": "Point", "coordinates": [-76.54804273399998, 3.402114529000073]}, "properties": {"municipio": "Cali", "departamento": "Valle del Cauca", "dano": "Damaged", "tipo": "Residential", "sensor": "Pleiades", "sensor_date": "2026/08/11 15:55 UTC", "metodo": "Photo-interpretation", "copyright": "© ICube-SERTIT 2026", "producto_id": 3246, "capa": "UrbanP"}}, {"type": "Feature", "geometry": {"type": "Point", "coordinates": [-76.54909340199998, 3.400582498000063]}, "properties": {"municipio": "Cali", "departamento": "Valle del Cauca", "dano": "Possibly damaged", "tipo": "Residential", "sensor": "Pleiades", "sensor_date": "2026/08/11 15:55 UTC", "metodo": "Photo-interpretation", "copyright": "© ICube-SERTIT 2026", "producto_id": 3246, "capa": "UrbanP"}}, {"type": "Feature", "geometry": {"type": "Point", "coordinates": [-76.53981053999996, 3.402058201000045]}, "properties": {"municipio": "Cali", "departamento": "Valle del Cauca", "dano": "Possibly damaged", "tipo": "Residential", "sensor": "Pleiades", "sensor_date": "2026/08/11 15:55 UTC", "metodo": "Photo-interpretation", "copyright": "© ICube-SERTIT 2026", "producto_id": 3246, "capa": "UrbanP"}}, {"type": "Feature", "geometry": {"type": "Point", "coordinates": [-76.54823932699998, 3.407569766000051]}, "properties": {"municipio": "Cali", "departamento": "Valle del Cauca", "dano": "Possibly damaged", "tipo": "Residential", "sensor": "Pleiades", "sensor_date": "2026/08/11 15:55 UTC", "metodo": "Photo-interpretation", "copyright": "© ICube-SERTIT 2026", "producto_id": 3246, "capa": "UrbanP"}}, {"type": "Feature", "geometry": {"type": "Point", "coordinates": [-76.54837530899994, 3.407579484000053]}, "properties": {"municipio": "Cali", "departamento": "Valle del Cauca", "dano": "Possibly damaged", "tipo": "Residential", "sensor": "Pleiades", "sensor_date": "2026/08/11 15:55 UTC", "metodo": "Photo-interpretation", "copyright": "© ICube-SERTIT 2026", "producto_id": 3246, "capa": "UrbanP"}}, {"type": "Feature", "geometry": {"type": "Point", "coordinates": [-76.54473862099996, 3.408998926000038]}, "properties": {"municipio": "Cali", "departamento": "Valle del Cauca", "dano": "Possibly damaged", "tipo": "Residential", "sensor": "Pleiades", "sensor_date": "2026/08/11 15:55 UTC", "metodo": "Photo-interpretation", "copyright": "© ICube-SERTIT 2026", "producto_id": 3246, "capa": "UrbanP"}}, {"type": "Feature", "geometry": {"type": "Point", "coordinates": [-76.54884895499998, 3.408500399000047]}, "properties": {"municipio": "Cali", "departamento": "Valle del Cauca", "dano": "Damaged", "tipo": "Residential", "sensor": "Pleiades", "sensor_date": "2026/08/11 15:55 UTC", "metodo": "Photo-interpretation", "copyright": "© ICube-SERTIT 2026", "producto_id": 3246, "capa": "UrbanP"}}, {"type": "Feature", "geometry": {"type": "Point", "coordinates": [-76.55068500299996, 3.411418205000075]}, "properties": {"municipio": "Cali", "departamento": "Valle del Cauca", "dano": "Possibly damaged", "tipo": "Sport hall", "sensor": "Pleiades", "sensor_date": "2026/08/11 15:55 UTC", "metodo": "Photo-interpretation", "copyright": "© ICube-SERTIT 2026", "producto_id": 3246, "capa": "UrbanP"}}, {"type": "Feature", "geometry": {"type": "Point", "coordinates": [-76.53274405799993, 3.414680593000071]}, "properties": {"municipio": "Cali", "departamento": "Valle del Cauca", "dano": "Damaged", "tipo": "Residential", "sensor": "Pleiades", "sensor_date": "2026/08/11 15:55 UTC", "metodo": "Photo-interpretation", "copyright": "© ICube-SERTIT 2026", "producto_id": 3246, "capa": "UrbanP"}}, {"type": "Feature", "geometry": {"type": "Point", "coordinates": [-76.55281727499994, 3.418673589000036]}, "properties": {"municipio": "Cali", "departamento": "Valle del Cauca", "dano": "Damaged", "tipo": "Residential", "sensor": "Pleiades", "sensor_date": "2026/08/11 15:55 UTC", "metodo": "Photo-interpretation", "copyright": "© ICube-SERTIT 2026", "producto_id": 3246, "capa": "UrbanP"}}, {"type": "Feature", "geometry": {"type": "Point", "coordinates": [-76.54827417899997, 3.423148841000057]}, "properties": {"municipio": "Cali", "departamento": "Valle del Cauca", "dano": "Damaged", "tipo": "Residential", "sensor": "Pleiades", "sensor_date": "2026/08/11 15:55 UTC", "metodo": "Photo-interpretation", "copyright": "© ICube-SERTIT 2026", "producto_id": 3246, "capa": "UrbanP"}}, {"type": "Feature", "geometry": {"type": "Point", "coordinates": [-76.54915549799995, 3.423531703000037]}, "properties": {"municipio": "Cali", "departamento": "Valle del Cauca", "dano": "Possibly damaged", "tipo": "Residential", "sensor": "Pleiades", "sensor_date": "2026/08/11 15:55 UTC", "metodo": "Photo-interpretation", "copyright": "© ICube-SERTIT 2026", "producto_id": 3246, "capa": "UrbanP"}}, {"type": "Feature", "geometry": {"type": "Point", "coordinates": [-76.54796552199997, 3.423374482000042]}, "properties": {"municipio": "Cali", "departamento": "Valle del Cauca", "dano": "Damaged", "tipo": "Residential", "sensor": "Pleiades", "sensor_date": "2026/08/11 15:55 UTC", "metodo": "Photo-interpretation", "copyright": "© ICube-SERTIT 2026", "producto_id": 3246, "capa": "UrbanP"}}, {"type": "Feature", "geometry": {"type": "Point", "coordinates": [-76.54817383499994, 3.423203348000072]}, "properties": {"municipio": "Cali", "departamento": "Valle del Cauca", "dano": "Damaged", "tipo": "Residential", "sensor": "Pleiades", "sensor_date": "2026/08/11 15:55 UTC", "metodo": "Photo-interpretation", "copyright": "© ICube-SERTIT 2026", "producto_id": 3246, "capa": "UrbanP"}}, {"type": "Feature", "geometry": {"type": "Point", "coordinates": [-76.54909353799997, 3.423434760000021]}, "properties": {"municipio": "Cali", "departamento": "Valle del Cauca", "dano": "Possibly damaged", "tipo": "Residential", "sensor": "Pleiades", "sensor_date": "2026/08/11 15:55 UTC", "metodo": "Photo-interpretation", "copyright": "© ICube-SERTIT 2026", "producto_id": 3246, "capa": "UrbanP"}}, {"type": "Feature", "geometry": {"type": "Point", "coordinates": [-76.54903157899997, 3.423337817000061]}, "properties": {"municipio": "Cali", "departamento": "Valle del Cauca", "dano": "Possibly damaged", "tipo": "Residential", "sensor": "Pleiades", "sensor_date": "2026/08/11 15:55 UTC", "metodo": "Photo-interpretation", "copyright": "© ICube-SERTIT 2026", "producto_id": 3246, "capa": "UrbanP"}}, {"type": "Feature", "geometry": {"type": "Point", "coordinates": [-76.54839048399998, 3.423412610000071]}, "properties": {"municipio": "Cali", "departamento": "Valle del Cauca", "dano": "Possibly damaged", "tipo": "Residential", "sensor": "Pleiades", "sensor_date": "2026/08/11 15:55 UTC", "metodo": "Photo-interpretation", "copyright": "© ICube-SERTIT 2026", "producto_id": 3246, "capa": "UrbanP"}}, {"type": "Feature", "geometry": {"type": "Point", "coordinates": [-76.54831716099994, 3.423455429000057]}, "properties": {"municipio": "Cali", "departamento": "Valle del Cauca", "dano": "Possibly damaged", "tipo": "Residential", "sensor": "Pleiades", "sensor_date": "2026/08/11 15:55 UTC", "metodo": "Photo-interpretation", "copyright": "© ICube-SERTIT 2026", "producto_id": 3246, "capa": "UrbanP"}}, {"type": "Feature", "geometry": {"type": "Point", "coordinates": [-76.54825154499997, 3.423486589000049]}, "properties": {"municipio": "Cali", "departamento": "Valle del Cauca", "dano": "Possibly damaged", "tipo": "Residential", "sensor": "Pleiades", "sensor_date": "2026/08/11 15:55 UTC", "metodo": "Photo-interpretation", "copyright": "© ICube-SERTIT 2026", "producto_id": 3246, "capa": "UrbanP"}}, {"type": "Feature", "geometry": {"type": "Point", "coordinates": [-76.54868770199994, 3.42328014900005]}, "properties": {"municipio": "Cali", "departamento": "Valle del Cauca", "dano": "Possibly damaged", "tipo": "Residential", "sensor": "Pleiades", "sensor_date": "2026/08/11 15:55 UTC", "metodo": "Photo-interpretation", "copyright": "© ICube-SERTIT 2026", "producto_id": 3246, "capa": "UrbanP"}}, {"type": "Feature", "geometry": {"type": "Point", "coordinates": [-76.54583984999994, 3.422648159000062]}, "properties": {"municipio": "Cali", "departamento": "Valle del Cauca", "dano": "Damaged", "tipo": "Residential", "sensor": "Pleiades", "sensor_date": "2026/08/11 15:55 UTC", "metodo": "Photo-interpretation", "copyright": "© ICube-SERTIT 2026", "producto_id": 3246, "capa": "UrbanP"}}, {"type": "Feature", "geometry": {"type": "Point", "coordinates": [-76.53468349999997, 3.424314072000072]}, "properties": {"municipio": "Cali", "departamento": "Valle del Cauca", "dano": "Not Applicable", "tipo": "Tent/shelter", "sensor": "Pleiades", "sensor_date": "2026/08/11 15:55 UTC", "metodo": "Photo-interpretation", "copyright": "© ICube-SERTIT 2026", "producto_id": 3246, "capa": "UrbanP"}}, {"type": "Feature", "geometry": {"type": "Point", "coordinates": [-76.54020859199994, 3.423812780000048]}, "properties": {"municipio": "Cali", "departamento": "Valle del Cauca", "dano": "Possibly damaged", "tipo": "Residential", "sensor": "Pleiades", "sensor_date": "2026/08/11 15:55 UTC", "metodo": "Photo-interpretation", "copyright": "© ICube-SERTIT 2026", "producto_id": 3246, "capa": "UrbanP"}}, {"type": "Feature", "geometry": {"type": "Point", "coordinates": [-76.55210445699998, 3.425254283000072]}, "properties": {"municipio": "Cali", "departamento": "Valle del Cauca", "dano": "Damaged", "tipo": "Residential", "sensor": "Pleiades", "sensor_date": "2026/08/11 15:55 UTC", "metodo": "Photo-interpretation", "copyright": "© ICube-SERTIT 2026", "producto_id": 3246, "capa": "UrbanP"}}, {"type": "Feature", "geometry": {"type": "Point", "coordinates": [-76.54066700799996, 3.427570820000028]}, "properties": {"municipio": "Cali", "departamento": "Valle del Cauca", "dano": "Possibly damaged", "tipo": "Residential", "sensor": "Pleiades", "sensor_date": "2026/08/11 15:55 UTC", "metodo": "Photo-interpretation", "copyright": "© ICube-SERTIT 2026", "producto_id": 3246, "capa": "UrbanP"}}, {"type": "Feature", "geometry": {"type": "Point", "coordinates": [-76.54398772599995, 3.42794058000004]}, "properties": {"municipio": "Cali", "departamento": "Valle del Cauca", "dano": "Damaged", "tipo": "Residential", "sensor": "Pleiades", "sensor_date": "2026/08/11 15:55 UTC", "metodo": "Photo-interpretation", "copyright": "© ICube-SERTIT 2026", "producto_id": 3246, "capa": "UrbanP"}}, {"type": "Feature", "geometry": {"type": "Point", "coordinates": [-76.53585067699998, 3.42878597400005]}, "properties": {"municipio": "Cali", "departamento": "Valle del Cauca", "dano": "Damaged", "tipo": "Residential", "sensor": "Pleiades", "sensor_date": "2026/08/11 15:55 UTC", "metodo": "Photo-interpretation", "copyright": "© ICube-SERTIT 2026", "producto_id": 3246, "capa": "UrbanP"}}, {"type": "Feature", "geometry": {"type": "Point", "coordinates": [-76.53618958699997, 3.428924550000033]}, "properties": {"municipio": "Cali", "departamento": "Valle del Cauca", "dano": "Damaged", "tipo": "Hospital", "sensor": "Pleiades", "sensor_date": "2026/08/11 15:55 UTC", "metodo": "Photo-interpretation", "copyright": "© ICube-SERTIT 2026", "producto_id": 3246, "capa": "UrbanP"}}, {"type": "Feature", "geometry": {"type": "Point", "coordinates": [-76.53508051599994, 3.429512638000062]}, "properties": {"municipio": "Cali", "departamento": "Valle del Cauca", "dano": "Damaged", "tipo": "Educational", "sensor": "Pleiades", "sensor_date": "2026/08/11 15:55 UTC", "metodo": "Photo-interpretation", "copyright": "© ICube-SERTIT 2026", "producto_id": 3246, "capa": "UrbanP"}}, {"type": "Feature", "geometry": {"type": "Point", "coordinates": [-76.53463782199998, 3.429404041000055]}, "properties": {"municipio": "Cali", "departamento": "Valle del Cauca", "dano": "Damaged", "tipo": "Educational", "sensor": "Pleiades", "sensor_date": "2026/08/11 15:55 UTC", "metodo": "Photo-interpretation", "copyright": "© ICube-SERTIT 2026", "producto_id": 3246, "capa": "UrbanP"}}, {"type": "Feature", "geometry": {"type": "Point", "coordinates": [-76.54507237899998, 3.432167130000039]}, "properties": {"municipio": "Cali", "departamento": "Valle del Cauca", "dano": "Possibly damaged", "tipo": "Residential", "sensor": "Pleiades", "sensor_date": "2026/08/11 15:55 UTC", "metodo": "Photo-interpretation", "copyright": "© ICube-SERTIT 2026", "producto_id": 3246, "capa": "UrbanP"}}, {"type": "Feature", "geometry": {"type": "Point", "coordinates": [-76.54266816899997, 3.434469023000077]}, "properties": {"municipio": "Cali", "departamento": "Valle del Cauca", "dano": "Damaged", "tipo": "Residential", "sensor": "Pleiades", "sensor_date": "2026/08/11 15:55 UTC", "metodo": "Photo-interpretation", "copyright": "© ICube-SERTIT 2026", "producto_id": 3246, "capa": "UrbanP"}}, {"type": "Feature", "geometry": {"type": "Point", "coordinates": [-76.54257657899996, 3.434394642000029]}, "properties": {"municipio": "Cali", "departamento": "Valle del Cauca", "dano": "Damaged", "tipo": "Residential", "sensor": "Pleiades", "sensor_date": "2026/08/11 15:55 UTC", "metodo": "Photo-interpretation", "copyright": "© ICube-SERTIT 2026", "producto_id": 3246, "capa": "UrbanP"}}, {"type": "Feature", "geometry": {"type": "Point", "coordinates": [-76.53370330199994, 3.435581589000037]}, "properties": {"municipio": "Cali", "departamento": "Valle del Cauca", "dano": "Damaged", "tipo": "Residential", "sensor": "Pleiades", "sensor_date": "2026/08/11 15:55 UTC", "metodo": "Photo-interpretation", "copyright": "© ICube-SERTIT 2026", "producto_id": 3246, "capa": "UrbanP"}}, {"type": "Feature", "geometry": {"type": "Point", "coordinates": [-76.54863610699994, 3.439119899000048]}, "properties": {"municipio": "Cali", "departamento": "Valle del Cauca", "dano": "Damaged", "tipo": "Residential", "sensor": "Pleiades", "sensor_date": "2026/08/11 15:55 UTC", "metodo": "Photo-interpretation", "copyright": "© ICube-SERTIT 2026", "producto_id": 3246, "capa": "UrbanP"}}, {"type": "Feature", "geometry": {"type": "Point", "coordinates": [-76.54129852099999, 3.43905481500002]}, "properties": {"municipio": "Cali", "departamento": "Valle del Cauca", "dano": "Possibly damaged", "tipo": "Residential", "sensor": "Pleiades", "sensor_date": "2026/08/11 15:55 UTC", "metodo": "Photo-interpretation", "copyright": "© ICube-SERTIT 2026", "producto_id": 3246, "capa": "UrbanP"}}, {"type": "Feature", "geometry": {"type": "Point", "coordinates": [-76.54359826299998, 3.440961522000066]}, "properties": {"municipio": "Cali", "departamento": "Valle del Cauca", "dano": "Possibly damaged", "tipo": "Residential", "sensor": "Pleiades", "sensor_date": "2026/08/11 15:55 UTC", "metodo": "Photo-interpretation", "copyright": "© ICube-SERTIT 2026", "producto_id": 3246, "capa": "UrbanP"}}, {"type": "Feature", "geometry": {"type": "Point", "coordinates": [-76.54134556299994, 3.442175045000056]}, "properties": {"municipio": "Cali", "departamento": "Valle del Cauca", "dano": "Damaged", "tipo": "Residential", "sensor": "Pleiades", "sensor_date": "2026/08/11 15:55 UTC", "metodo": "Photo-interpretation", "copyright": "© ICube-SERTIT 2026", "producto_id": 3246, "capa": "UrbanP"}}, {"type": "Feature", "geometry": {"type": "Point", "coordinates": [-76.54802404699996, 3.396370957000045]}, "properties": {"municipio": "Cali", "departamento": "Valle del Cauca", "dano": "Damaged", "tipo": "Residential", "sensor": "Pleiades", "sensor_date": "2026/08/11 15:55 UTC", "metodo": "Photo-interpretation", "copyright": "© ICube-SERTIT 2026", "producto_id": 3246, "capa": "UrbanP"}}, {"type": "Feature", "geometry": {"type": "Point", "coordinates": [-76.54767906099994, 3.396152027000028]}, "properties": {"municipio": "Cali", "departamento": "Valle del Cauca", "dano": "Possibly damaged", "tipo": "Residential", "sensor": "Pleiades", "sensor_date": "2026/08/11 15:55 UTC", "metodo": "Photo-interpretation", "copyright": "© ICube-SERTIT 2026", "producto_id": 3246, "capa": "UrbanP"}}, {"type": "Feature", "geometry": {"type": "Point", "coordinates": [-76.54760343599997, 3.396476342000028]}, "properties": {"municipio": "Cali", "departamento": "Valle del Cauca", "dano": "Possibly damaged", "tipo": "Residential", "sensor": "Pleiades", "sensor_date": "2026/08/11 15:55 UTC", "metodo": "Photo-interpretation", "copyright": "© ICube-SERTIT 2026", "producto_id": 3246, "capa": "UrbanP"}}, {"type": "Feature", "geometry": {"type": "Point", "coordinates": [-76.54810448999996, 3.396556081000028]}, "properties": {"municipio": "Cali", "departamento": "Valle del Cauca", "dano": "Possibly damaged", "tipo": "Residential", "sensor": "Pleiades", "sensor_date": "2026/08/11 15:55 UTC", "metodo": "Photo-interpretation", "copyright": "© ICube-SERTIT 2026", "producto_id": 3246, "capa": "UrbanP"}}, {"type": "Feature", "geometry": {"type": "Point", "coordinates": [-76.54789022499995, 3.396638984000049]}, "properties": {"municipio": "Cali", "departamento": "Valle del Cauca", "dano": "Possibly damaged", "tipo": "Residential", "sensor": "Pleiades", "sensor_date": "2026/08/11 15:55 UTC", "metodo": "Photo-interpretation", "copyright": "© ICube-SERTIT 2026", "producto_id": 3246, "capa": "UrbanP"}}, {"type": "Feature", "geometry": {"type": "Point", "coordinates": [-76.53961735899998, 3.416860858000064]}, "properties": {"municipio": "Cali", "departamento": "Valle del Cauca", "dano": "Possibly damaged", "tipo": "Residential", "sensor": "Pleiades", "sensor_date": "2026/08/11 15:55 UTC", "metodo": "Photo-interpretation", "copyright": "© ICube-SERTIT 2026", "producto_id": 3246, "capa": "UrbanP"}}, {"type": "Feature", "geometry": {"type": "Point", "coordinates": [-76.53477588799996, 3.424358220000045]}, "properties": {"municipio": "Cali", "departamento": "Valle del Cauca", "dano": "Not Applicable", "tipo": "Tent/shelter", "sensor": "Pleiades", "sensor_date": "2026/08/11 15:55 UTC", "metodo": "Photo-interpretation", "copyright": "© ICube-SERTIT 2026", "producto_id": 3246, "capa": "UrbanP"}}, {"type": "Feature", "geometry": {"type": "Point", "coordinates": [-76.53486126599995, 3.424369520000027]}, "properties": {"municipio": "Cali", "departamento": "Valle del Cauca", "dano": "Not Applicable", "tipo": "Tent/shelter", "sensor": "Pleiades", "sensor_date": "2026/08/11 15:55 UTC", "metodo": "Photo-interpretation", "copyright": "© ICube-SERTIT 2026", "producto_id": 3246, "capa": "UrbanP"}}, {"type": "Feature", "geometry": {"type": "Point", "coordinates": [-76.53490095399997, 3.424277958000062]}, "properties": {"municipio": "Cali", "departamento": "Valle del Cauca", "dano": "Not Applicable", "tipo": "Tent/shelter", "sensor": "Pleiades", "sensor_date": "2026/08/11 15:55 UTC", "metodo": "Photo-interpretation", "copyright": "© ICube-SERTIT 2026", "producto_id": 3246, "capa": "UrbanP"}}, {"type": "Feature", "geometry": {"type": "Point", "coordinates": [-76.53495390299997, 3.424174938000021]}, "properties": {"municipio": "Cali", "departamento": "Valle del Cauca", "dano": "Not Applicable", "tipo": "Tent/shelter", "sensor": "Pleiades", "sensor_date": "2026/08/11 15:55 UTC", "metodo": "Photo-interpretation", "copyright": "© ICube-SERTIT 2026", "producto_id": 3246, "capa": "UrbanP"}}, {"type": "Feature", "geometry": {"type": "Point", "coordinates": [-76.53475677699998, 3.424268659000063]}, "properties": {"municipio": "Cali", "departamento": "Valle del Cauca", "dano": "Not Applicable", "tipo": "Tent/shelter", "sensor": "Pleiades", "sensor_date": "2026/08/11 15:55 UTC", "metodo": "Photo-interpretation", "copyright": "© ICube-SERTIT 2026", "producto_id": 3246, "capa": "UrbanP"}}, {"type": "Feature", "geometry": {"type": "Point", "coordinates": [-76.53483536799996, 3.424783208000065]}, "properties": {"municipio": "Cali", "departamento": "Valle del Cauca", "dano": "Not Applicable", "tipo": "Tent/shelter", "sensor": "Pleiades", "sensor_date": "2026/08/11 15:55 UTC", "metodo": "Photo-interpretation", "copyright": "© ICube-SERTIT 2026", "producto_id": 3246, "capa": "UrbanP"}}, {"type": "Feature", "geometry": {"type": "Point", "coordinates": [-76.53481278499999, 3.424895710000044]}, "properties": {"municipio": "Cali", "departamento": "Valle del Cauca", "dano": "Not Applicable", "tipo": "Tent/shelter", "sensor": "Pleiades", "sensor_date": "2026/08/11 15:55 UTC", "metodo": "Photo-interpretation", "copyright": "© ICube-SERTIT 2026", "producto_id": 3246, "capa": "UrbanP"}}, {"type": "Feature", "geometry": {"type": "Point", "coordinates": [-76.53481096999997, 3.424947180000061]}, "properties": {"municipio": "Cali", "departamento": "Valle del Cauca", "dano": "Not Applicable", "tipo": "Tent/shelter", "sensor": "Pleiades", "sensor_date": "2026/08/11 15:55 UTC", "metodo": "Photo-interpretation", "copyright": "© ICube-SERTIT 2026", "producto_id": 3246, "capa": "UrbanP"}}, {"type": "Feature", "geometry": {"type": "Point", "coordinates": [-76.53468172599997, 3.43440547900002]}, "properties": {"municipio": "Cali", "departamento": "Valle del Cauca", "dano": "Damaged", "tipo": "Residential", "sensor": "Pleiades", "sensor_date": "2026/08/11 15:55 UTC", "metodo": "Photo-interpretation", "copyright": "© ICube-SERTIT 2026", "producto_id": 3246, "capa": "UrbanP"}}, {"type": "Feature", "geometry": {"type": "Point", "coordinates": [-76.53482435799998, 3.434219520000056]}, "properties": {"municipio": "Cali", "departamento": "Valle del Cauca", "dano": "Possibly damaged", "tipo": "Residential", "sensor": "Pleiades", "sensor_date": "2026/08/11 15:55 UTC", "metodo": "Photo-interpretation", "copyright": "© ICube-SERTIT 2026", "producto_id": 3246, "capa": "UrbanP"}}, {"type": "Feature", "geometry": {"type": "Point", "coordinates": [-76.53307207899996, 3.435661128000049]}, "properties": {"municipio": "Cali", "departamento": "Valle del Cauca", "dano": "Possibly damaged", "tipo": "Residential", "sensor": "Pleiades", "sensor_date": "2026/08/11 15:55 UTC", "metodo": "Photo-interpretation", "copyright": "© ICube-SERTIT 2026", "producto_id": 3246, "capa": "UrbanP"}}, {"type": "Feature", "geometry": {"type": "Point", "coordinates": [-76.53337776899997, 3.434189659000026]}, "properties": {"municipio": "Cali", "departamento": "Valle del Cauca", "dano": "Possibly damaged", "tipo": "Residential", "sensor": "Pleiades", "sensor_date": "2026/08/11 15:55 UTC", "metodo": "Photo-interpretation", "copyright": "© ICube-SERTIT 2026", "producto_id": 3246, "capa": "UrbanP"}}, {"type": "Feature", "geometry": {"type": "Point", "coordinates": [-76.53458980999994, 3.421575451000024]}, "properties": {"municipio": "Cali", "departamento": "Valle del Cauca", "dano": "Destroyed", "tipo": "Residential", "sensor": "Pleiades", "sensor_date": "2026/08/11 15:55 UTC", "metodo": "Photo-interpretation", "copyright": "© ICube-SERTIT 2026", "producto_id": 3246, "capa": "UrbanP"}}, {"type": "Feature", "geometry": {"type": "Point", "coordinates": [-76.54294494899995, 3.422389101000022]}, "properties": {"municipio": "Cali", "departamento": "Valle del Cauca", "dano": "Destroyed", "tipo": "Residential", "sensor": "Pleiades", "sensor_date": "2026/08/11 15:55 UTC", "metodo": "Photo-interpretation", "copyright": "© ICube-SERTIT 2026", "producto_id": 3246, "capa": "UrbanP"}}, {"type": "Feature", "geometry": {"type": "Point", "coordinates": [-76.54284632399998, 3.422354591000044]}, "properties": {"municipio": "Cali", "departamento": "Valle del Cauca", "dano": "Possibly damaged", "tipo": "Residential", "sensor": "Pleiades", "sensor_date": "2026/08/11 15:55 UTC", "metodo": "Photo-interpretation", "copyright": "© ICube-SERTIT 2026", "producto_id": 3246, "capa": "UrbanP"}}, {"type": "Feature", "geometry": {"type": "Point", "coordinates": [-76.54821667299996, 3.422816410000053]}, "properties": {"municipio": "Cali", "departamento": "Valle del Cauca", "dano": "Possibly damaged", "tipo": "Residential", "sensor": "Pleiades", "sensor_date": "2026/08/11 15:55 UTC", "metodo": "Photo-interpretation", "copyright": "© ICube-SERTIT 2026", "producto_id": 3246, "capa": "UrbanP"}}, {"type": "Feature", "geometry": {"type": "Point", "coordinates": [-76.54836955999997, 3.422880547000034]}, "properties": {"municipio": "Cali", "departamento": "Valle del Cauca", "dano": "Possibly damaged", "tipo": "Residential", "sensor": "Pleiades", "sensor_date": "2026/08/11 15:55 UTC", "metodo": "Photo-interpretation", "copyright": "© ICube-SERTIT 2026", "producto_id": 3246, "capa": "UrbanP"}}, {"type": "Feature", "geometry": {"type": "Point", "coordinates": [-76.54982441899995, 3.423472516000061]}, "properties": {"municipio": "Cali", "departamento": "Valle del Cauca", "dano": "Possibly damaged", "tipo": "Residential", "sensor": "Pleiades", "sensor_date": "2026/08/11 15:55 UTC", "metodo": "Photo-interpretation", "copyright": "© ICube-SERTIT 2026", "producto_id": 3246, "capa": "UrbanP"}}, {"type": "Feature", "geometry": {"type": "Point", "coordinates": [-76.55044717199996, 3.423035663000064]}, "properties": {"municipio": "Cali", "departamento": "Valle del Cauca", "dano": "Possibly damaged", "tipo": "Residential", "sensor": "Pleiades", "sensor_date": "2026/08/11 15:55 UTC", "metodo": "Photo-interpretation", "copyright": "© ICube-SERTIT 2026", "producto_id": 3246, "capa": "UrbanP"}}, {"type": "Feature", "geometry": {"type": "Point", "coordinates": [-76.55047660699995, 3.422951419000071]}, "properties": {"municipio": "Cali", "departamento": "Valle del Cauca", "dano": "Possibly damaged", "tipo": "Residential", "sensor": "Pleiades", "sensor_date": "2026/08/11 15:55 UTC", "metodo": "Photo-interpretation", "copyright": "© ICube-SERTIT 2026", "producto_id": 3246, "capa": "UrbanP"}}, {"type": "Feature", "geometry": {"type": "Point", "coordinates": [-76.54780827299999, 3.42015992100005]}, "properties": {"municipio": "Cali", "departamento": "Valle del Cauca", "dano": "Possibly damaged", "tipo": "Residential", "sensor": "Pleiades", "sensor_date": "2026/08/11 15:55 UTC", "metodo": "Photo-interpretation", "copyright": "© ICube-SERTIT 2026", "producto_id": 3246, "capa": "UrbanP"}}, {"type": "Feature", "geometry": {"type": "Point", "coordinates": [-76.54276803099998, 3.421166055000072]}, "properties": {"municipio": "Cali", "departamento": "Valle del Cauca", "dano": "Possibly damaged", "tipo": "Residential", "sensor": "Pleiades", "sensor_date": "2026/08/11 15:55 UTC", "metodo": "Photo-interpretation", "copyright": "© ICube-SERTIT 2026", "producto_id": 3246, "capa": "UrbanP"}}, {"type": "Feature", "geometry": {"type": "Point", "coordinates": [-76.54287629899994, 3.421066824000036]}, "properties": {"municipio": "Cali", "departamento": "Valle del Cauca", "dano": "Possibly damaged", "tipo": "Residential", "sensor": "Pleiades", "sensor_date": "2026/08/11 15:55 UTC", "metodo": "Photo-interpretation", "copyright": "© ICube-SERTIT 2026", "producto_id": 3246, "capa": "UrbanP"}}, {"type": "Feature", "geometry": {"type": "Point", "coordinates": [-76.54292052899996, 3.420987509000042]}, "properties": {"municipio": "Cali", "departamento": "Valle del Cauca", "dano": "Possibly damaged", "tipo": "Residential", "sensor": "Pleiades", "sensor_date": "2026/08/11 15:55 UTC", "metodo": "Photo-interpretation", "copyright": "© ICube-SERTIT 2026", "producto_id": 3246, "capa": "UrbanP"}}, {"type": "Feature", "geometry": {"type": "Point", "coordinates": [-76.53244526799995, 3.418074798000021]}, "properties": {"municipio": "Cali", "departamento": "Valle del Cauca", "dano": "Damaged", "tipo": "Residential", "sensor": "Pleiades", "sensor_date": "2026/08/11 15:55 UTC", "metodo": "Photo-interpretation", "copyright": "© ICube-SERTIT 2026", "producto_id": 3246, "capa": "UrbanP"}}, {"type": "Feature", "geometry": {"type": "Point", "coordinates": [-76.53234942999995, 3.418243347000043]}, "properties": {"municipio": "Cali", "departamento": "Valle del Cauca", "dano": "Possibly damaged", "tipo": "Residential", "sensor": "Pleiades", "sensor_date": "2026/08/11 15:55 UTC", "metodo": "Photo-interpretation", "copyright": "© ICube-SERTIT 2026", "producto_id": 3246, "capa": "UrbanP"}}, {"type": "Feature", "geometry": {"type": "Point", "coordinates": [-76.53926678299996, 3.41681821800006]}, "properties": {"municipio": "Cali", "departamento": "Valle del Cauca", "dano": "Possibly damaged", "tipo": "Residential", "sensor": "Pleiades", "sensor_date": "2026/08/11 15:55 UTC", "metodo": "Photo-interpretation", "copyright": "© ICube-SERTIT 2026", "producto_id": 3246, "capa": "UrbanP"}}, {"type": "Feature", "geometry": {"type": "Point", "coordinates": [-76.54653040899996, 3.414679293000063]}, "properties": {"municipio": "Cali", "departamento": "Valle del Cauca", "dano": "Possibly damaged", "tipo": "Commercial", "sensor": "Pleiades", "sensor_date": "2026/08/11 15:55 UTC", "metodo": "Photo-interpretation", "copyright": "© ICube-SERTIT 2026", "producto_id": 3246, "capa": "UrbanP"}}, {"type": "Feature", "geometry": {"type": "Point", "coordinates": [-76.54163621399994, 3.414538606000065]}, "properties": {"municipio": "Cali", "departamento": "Valle del Cauca", "dano": "Destroyed", "tipo": "Residential", "sensor": "Pleiades", "sensor_date": "2026/08/11 15:55 UTC", "metodo": "Photo-interpretation", "copyright": "© ICube-SERTIT 2026", "producto_id": 3246, "capa": "UrbanP"}}, {"type": "Feature", "geometry": {"type": "Point", "coordinates": [-76.54178888899997, 3.414471498000069]}, "properties": {"municipio": "Cali", "departamento": "Valle del Cauca", "dano": "Possibly damaged", "tipo": "Residential", "sensor": "Pleiades", "sensor_date": "2026/08/11 15:55 UTC", "metodo": "Photo-interpretation", "copyright": "© ICube-SERTIT 2026", "producto_id": 3246, "capa": "UrbanP"}}, {"type": "Feature", "geometry": {"type": "Point", "coordinates": [-76.54155019099994, 3.414679899000021]}, "properties": {"municipio": "Cali", "departamento": "Valle del Cauca", "dano": "Possibly damaged", "tipo": "Residential", "sensor": "Pleiades", "sensor_date": "2026/08/11 15:55 UTC", "metodo": "Photo-interpretation", "copyright": "© ICube-SERTIT 2026", "producto_id": 3246, "capa": "UrbanP"}}, {"type": "Feature", "geometry": {"type": "Point", "coordinates": [-76.54843084099997, 3.407299099000056]}, "properties": {"municipio": "Cali", "departamento": "Valle del Cauca", "dano": "Destroyed", "tipo": "Residential", "sensor": "Pleiades", "sensor_date": "2026/08/11 15:55 UTC", "metodo": "Photo-interpretation", "copyright": "© ICube-SERTIT 2026", "producto_id": 3246, "capa": "UrbanP"}}, {"type": "Feature", "geometry": {"type": "Point", "coordinates": [-76.54828771899997, 3.407175512000038]}, "properties": {"municipio": "Cali", "departamento": "Valle del Cauca", "dano": "Possibly damaged", "tipo": "Residential", "sensor": "Pleiades", "sensor_date": "2026/08/11 15:55 UTC", "metodo": "Photo-interpretation", "copyright": "© ICube-SERTIT 2026", "producto_id": 3246, "capa": "UrbanP"}}, {"type": "Feature", "geometry": {"type": "Point", "coordinates": [-76.54845035299996, 3.40717277300007]}, "properties": {"municipio": "Cali", "departamento": "Valle del Cauca", "dano": "Possibly damaged", "tipo": "Residential", "sensor": "Pleiades", "sensor_date": "2026/08/11 15:55 UTC", "metodo": "Photo-interpretation", "copyright": "© ICube-SERTIT 2026", "producto_id": 3246, "capa": "UrbanP"}}, {"type": "Feature", "geometry": {"type": "Point", "coordinates": [-76.54853925799995, 3.407293972000048]}, "properties": {"municipio": "Cali", "departamento": "Valle del Cauca", "dano": "Possibly damaged", "tipo": "Residential", "sensor": "Pleiades", "sensor_date": "2026/08/11 15:55 UTC", "metodo": "Photo-interpretation", "copyright": "© ICube-SERTIT 2026", "producto_id": 3246, "capa": "UrbanP"}}, {"type": "Feature", "geometry": {"type": "Point", "coordinates": [-75.89680796499994, 4.903344402000073]}, "properties": {"municipio": "La Virginia", "departamento": "Risaralda", "dano": "Damaged", "tipo": "Industrial", "sensor": "Pleiades", "sensor_date": "2026/08/12 15:22 UTC", "metodo": "Photo-interpretation", "copyright": "© ICube-SERTIT 2026", "producto_id": 3247, "capa": "UrbanP"}}, {"type": "Feature", "geometry": {"type": "Point", "coordinates": [-75.89623041099998, 4.904826592000063]}, "properties": {"municipio": "La Virginia", "departamento": "Risaralda", "dano": "Damaged", "tipo": "Industrial", "sensor": "Pleiades", "sensor_date": "2026/08/12 15:22 UTC", "metodo": "Photo-interpretation", "copyright": "© ICube-SERTIT 2026", "producto_id": 3247, "capa": "UrbanP"}}, {"type": "Feature", "geometry": {"type": "Point", "coordinates": [-75.89582429199999, 4.905733922000024]}, "properties": {"municipio": "La Virginia", "departamento": "Risaralda", "dano": "Damaged", "tipo": "Industrial", "sensor": "Pleiades", "sensor_date": "2026/08/12 15:22 UTC", "metodo": "Photo-interpretation", "copyright": "© ICube-SERTIT 2026", "producto_id": 3247, "capa": "UrbanP"}}, {"type": "Feature", "geometry": {"type": "Point", "coordinates": [-75.89571899799995, 4.906242261000045]}, "properties": {"municipio": "La Virginia", "departamento": "Risaralda", "dano": "Damaged", "tipo": "Industrial", "sensor": "Pleiades", "sensor_date": "2026/08/12 15:22 UTC", "metodo": "Photo-interpretation", "copyright": "© ICube-SERTIT 2026", "producto_id": 3247, "capa": "UrbanP"}}, {"type": "Feature", "geometry": {"type": "Point", "coordinates": [-75.89553417199994, 4.906710849000035]}, "properties": {"municipio": "La Virginia", "departamento": "Risaralda", "dano": "Damaged", "tipo": "Industrial", "sensor": "Pleiades", "sensor_date": "2026/08/12 15:22 UTC", "metodo": "Photo-interpretation", "copyright": "© ICube-SERTIT 2026", "producto_id": 3247, "capa": "UrbanP"}}, {"type": "Feature", "geometry": {"type": "Point", "coordinates": [-75.89539916599995, 4.907288981000022]}, "properties": {"municipio": "La Virginia", "departamento": "Risaralda", "dano": "Damaged", "tipo": "Industrial", "sensor": "Pleiades", "sensor_date": "2026/08/12 15:22 UTC", "metodo": "Photo-interpretation", "copyright": "© ICube-SERTIT 2026", "producto_id": 3247, "capa": "UrbanP"}}, {"type": "Feature", "geometry": {"type": "Point", "coordinates": [-75.86370187999995, 4.932453743000053]}, "properties": {"municipio": "La Virginia", "departamento": "Risaralda", "dano": "Destroyed", "tipo": "Residential", "sensor": "Pleiades", "sensor_date": "2026/08/12 15:22 UTC", "metodo": "Photo-interpretation", "copyright": "© ICube-SERTIT 2026", "producto_id": 3247, "capa": "UrbanP"}}, {"type": "Feature", "geometry": {"type": "Point", "coordinates": [-75.85824287799994, 4.933382359000063]}, "properties": {"municipio": "La Virginia", "departamento": "Risaralda", "dano": "Possibly damaged", "tipo": "Residential", "sensor": "Pleiades", "sensor_date": "2026/08/12 15:22 UTC", "metodo": "Photo-interpretation", "copyright": "© ICube-SERTIT 2026", "producto_id": 3247, "capa": "UrbanP"}}, {"type": "Feature", "geometry": {"type": "Point", "coordinates": [-75.85620349299995, 4.933101410000063]}, "properties": {"municipio": "La Virginia", "departamento": "Risaralda", "dano": "Possibly damaged", "tipo": "Residential", "sensor": "Pleiades", "sensor_date": "2026/08/12 15:22 UTC", "metodo": "Photo-interpretation", "copyright": "© ICube-SERTIT 2026", "producto_id": 3247, "capa": "UrbanP"}}, {"type": "Feature", "geometry": {"type": "Point", "coordinates": [-75.87986313499994, 4.904763618000061]}, "properties": {"municipio": "La Virginia", "departamento": "Risaralda", "dano": "Possibly damaged", "tipo": "Residential", "sensor": "Pleiades", "sensor_date": "2026/08/12 15:22 UTC", "metodo": "Photo-interpretation", "copyright": "© ICube-SERTIT 2026", "producto_id": 3247, "capa": "UrbanP"}}, {"type": "Feature", "geometry": {"type": "Point", "coordinates": [-75.88580073199995, 4.902994766000063]}, "properties": {"municipio": "La Virginia", "departamento": "Risaralda", "dano": "Possibly damaged", "tipo": "Residential", "sensor": "Pleiades", "sensor_date": "2026/08/12 15:22 UTC", "metodo": "Photo-interpretation", "copyright": "© ICube-SERTIT 2026", "producto_id": 3247, "capa": "UrbanP"}}, {"type": "Feature", "geometry": {"type": "Point", "coordinates": [-75.88612689899998, 4.903269679000061]}, "properties": {"municipio": "La Virginia", "departamento": "Risaralda", "dano": "Possibly damaged", "tipo": "Residential", "sensor": "Pleiades", "sensor_date": "2026/08/12 15:22 UTC", "metodo": "Photo-interpretation", "copyright": "© ICube-SERTIT 2026", "producto_id": 3247, "capa": "UrbanP"}}, {"type": "Feature", "geometry": {"type": "Point", "coordinates": [-75.88605731899997, 4.903121508000027]}, "properties": {"municipio": "La Virginia", "departamento": "Risaralda", "dano": "Possibly damaged", "tipo": "Residential", "sensor": "Pleiades", "sensor_date": "2026/08/12 15:22 UTC", "metodo": "Photo-interpretation", "copyright": "© ICube-SERTIT 2026", "producto_id": 3247, "capa": "UrbanP"}}, {"type": "Feature", "geometry": {"type": "Point", "coordinates": [-75.88199137799995, 4.903571677000059]}, "properties": {"municipio": "La Virginia", "departamento": "Risaralda", "dano": "Possibly damaged", "tipo": "Residential", "sensor": "Pleiades", "sensor_date": "2026/08/12 15:22 UTC", "metodo": "Photo-interpretation", "copyright": "© ICube-SERTIT 2026", "producto_id": 3247, "capa": "UrbanP"}}, {"type": "Feature", "geometry": {"type": "Point", "coordinates": [-75.88076740899999, 4.901893980000068]}, "properties": {"municipio": "La Virginia", "departamento": "Risaralda", "dano": "Damaged", "tipo": "Residential", "sensor": "Pleiades", "sensor_date": "2026/08/12 15:22 UTC", "metodo": "Photo-interpretation", "copyright": "© ICube-SERTIT 2026", "producto_id": 3247, "capa": "UrbanP"}}, {"type": "Feature", "geometry": {"type": "Point", "coordinates": [-75.88235795599996, 4.900158107000038]}, "properties": {"municipio": "La Virginia", "departamento": "Risaralda", "dano": "Possibly damaged", "tipo": "Residential", "sensor": "Pleiades", "sensor_date": "2026/08/12 15:22 UTC", "metodo": "Photo-interpretation", "copyright": "© ICube-SERTIT 2026", "producto_id": 3247, "capa": "UrbanP"}}, {"type": "Feature", "geometry": {"type": "Point", "coordinates": [-75.88209123299998, 4.899202310000021]}, "properties": {"municipio": "La Virginia", "departamento": "Risaralda", "dano": "Possibly damaged", "tipo": "Residential", "sensor": "Pleiades", "sensor_date": "2026/08/12 15:22 UTC", "metodo": "Photo-interpretation", "copyright": "© ICube-SERTIT 2026", "producto_id": 3247, "capa": "UrbanP"}}, {"type": "Feature", "geometry": {"type": "Point", "coordinates": [-75.88227768399997, 4.898757274000047]}, "properties": {"municipio": "La Virginia", "departamento": "Risaralda", "dano": "Damaged", "tipo": "Residential", "sensor": "Pleiades", "sensor_date": "2026/08/12 15:22 UTC", "metodo": "Photo-interpretation", "copyright": "© ICube-SERTIT 2026", "producto_id": 3247, "capa": "UrbanP"}}, {"type": "Feature", "geometry": {"type": "Point", "coordinates": [-75.88040172099994, 4.897886011000026]}, "properties": {"municipio": "La Virginia", "departamento": "Risaralda", "dano": "Destroyed", "tipo": "Residential", "sensor": "Pleiades", "sensor_date": "2026/08/12 15:22 UTC", "metodo": "Photo-interpretation", "copyright": "© ICube-SERTIT 2026", "producto_id": 3247, "capa": "UrbanP"}}, {"type": "Feature", "geometry": {"type": "Point", "coordinates": [-75.88033362399995, 4.897758300000021]}, "properties": {"municipio": "La Virginia", "departamento": "Risaralda", "dano": "Damaged", "tipo": "Residential", "sensor": "Pleiades", "sensor_date": "2026/08/12 15:22 UTC", "metodo": "Photo-interpretation", "copyright": "© ICube-SERTIT 2026", "producto_id": 3247, "capa": "UrbanP"}}, {"type": "Feature", "geometry": {"type": "Point", "coordinates": [-75.88039129399993, 4.898027519000038]}, "properties": {"municipio": "La Virginia", "departamento": "Risaralda", "dano": "Possibly damaged", "tipo": "Residential", "sensor": "Pleiades", "sensor_date": "2026/08/12 15:22 UTC", "metodo": "Photo-interpretation", "copyright": "© ICube-SERTIT 2026", "producto_id": 3247, "capa": "UrbanP"}}, {"type": "Feature", "geometry": {"type": "Point", "coordinates": [-75.87970893199997, 4.893323242000065]}, "properties": {"municipio": "La Virginia", "departamento": "Risaralda", "dano": "Destroyed", "tipo": "Recreational", "sensor": "Pleiades", "sensor_date": "2026/08/12 15:22 UTC", "metodo": "Photo-interpretation", "copyright": "© ICube-SERTIT 2026", "producto_id": 3247, "capa": "UrbanP"}}, {"type": "Feature", "geometry": {"type": "Point", "coordinates": [-75.88078049999996, 4.893455041000038]}, "properties": {"municipio": "La Virginia", "departamento": "Risaralda", "dano": "Possibly damaged", "tipo": "Residential", "sensor": "Pleiades", "sensor_date": "2026/08/12 15:22 UTC", "metodo": "Photo-interpretation", "copyright": "© ICube-SERTIT 2026", "producto_id": 3247, "capa": "UrbanP"}}, {"type": "Feature", "geometry": {"type": "Point", "coordinates": [-75.88249077199998, 4.893316629000026]}, "properties": {"municipio": "La Virginia", "departamento": "Risaralda", "dano": "Possibly damaged", "tipo": "Residential", "sensor": "Pleiades", "sensor_date": "2026/08/12 15:22 UTC", "metodo": "Photo-interpretation", "copyright": "© ICube-SERTIT 2026", "producto_id": 3247, "capa": "UrbanP"}}, {"type": "Feature", "geometry": {"type": "Point", "coordinates": [-75.88218689699994, 4.893934290000061]}, "properties": {"municipio": "La Virginia", "departamento": "Risaralda", "dano": "Possibly damaged", "tipo": "Residential", "sensor": "Pleiades", "sensor_date": "2026/08/12 15:22 UTC", "metodo": "Photo-interpretation", "copyright": "© ICube-SERTIT 2026", "producto_id": 3247, "capa": "UrbanP"}}, {"type": "Feature", "geometry": {"type": "Point", "coordinates": [-75.88362318899993, 4.894204717000036]}, "properties": {"municipio": "La Virginia", "departamento": "Risaralda", "dano": "Damaged", "tipo": "Religious", "sensor": "Pleiades", "sensor_date": "2026/08/12 15:22 UTC", "metodo": "Photo-interpretation", "copyright": "© ICube-SERTIT 2026", "producto_id": 3247, "capa": "UrbanP"}}, {"type": "Feature", "geometry": {"type": "Point", "coordinates": [-75.88355039599998, 4.893905260000054]}, "properties": {"municipio": "La Virginia", "departamento": "Risaralda", "dano": "Possibly damaged", "tipo": "Residential", "sensor": "Pleiades", "sensor_date": "2026/08/12 15:22 UTC", "metodo": "Photo-interpretation", "copyright": "© ICube-SERTIT 2026", "producto_id": 3247, "capa": "UrbanP"}}, {"type": "Feature", "geometry": {"type": "Point", "coordinates": [-75.88333627599997, 4.893953955000029]}, "properties": {"municipio": "La Virginia", "departamento": "Risaralda", "dano": "Possibly damaged", "tipo": "Residential", "sensor": "Pleiades", "sensor_date": "2026/08/12 15:22 UTC", "metodo": "Photo-interpretation", "copyright": "© ICube-SERTIT 2026", "producto_id": 3247, "capa": "UrbanP"}}, {"type": "Feature", "geometry": {"type": "Point", "coordinates": [-75.88396654499996, 4.893789731000027]}, "properties": {"municipio": "La Virginia", "departamento": "Risaralda", "dano": "Possibly damaged", "tipo": "Residential", "sensor": "Pleiades", "sensor_date": "2026/08/12 15:22 UTC", "metodo": "Photo-interpretation", "copyright": "© ICube-SERTIT 2026", "producto_id": 3247, "capa": "UrbanP"}}, {"type": "Feature", "geometry": {"type": "Point", "coordinates": [-75.88175982799999, 4.892621661000021]}, "properties": {"municipio": "La Virginia", "departamento": "Risaralda", "dano": "Possibly damaged", "tipo": "Residential", "sensor": "Pleiades", "sensor_date": "2026/08/12 15:22 UTC", "metodo": "Photo-interpretation", "copyright": "© ICube-SERTIT 2026", "producto_id": 3247, "capa": "UrbanP"}}, {"type": "Feature", "geometry": {"type": "Point", "coordinates": [-75.88780447299996, 4.901609587000053]}, "properties": {"municipio": "La Virginia", "departamento": "Risaralda", "dano": "Possibly damaged", "tipo": "Residential", "sensor": "Pleiades", "sensor_date": "2026/08/12 15:22 UTC", "metodo": "Photo-interpretation", "copyright": "© ICube-SERTIT 2026", "producto_id": 3247, "capa": "UrbanP"}}, {"type": "Feature", "geometry": {"type": "Point", "coordinates": [-75.88765694199998, 4.901415870000051]}, "properties": {"municipio": "La Virginia", "departamento": "Risaralda", "dano": "Possibly damaged", "tipo": "Residential", "sensor": "Pleiades", "sensor_date": "2026/08/12 15:22 UTC", "metodo": "Photo-interpretation", "copyright": "© ICube-SERTIT 2026", "producto_id": 3247, "capa": "UrbanP"}}, {"type": "Feature", "geometry": {"type": "Point", "coordinates": [-75.88483970199997, 4.901691926000069]}, "properties": {"municipio": "La Virginia", "departamento": "Risaralda", "dano": "Possibly damaged", "tipo": "Residential", "sensor": "Pleiades", "sensor_date": "2026/08/12 15:22 UTC", "metodo": "Photo-interpretation", "copyright": "© ICube-SERTIT 2026", "producto_id": 3247, "capa": "UrbanP"}}, {"type": "Feature", "geometry": {"type": "Point", "coordinates": [-75.88558320199996, 4.900456422000047]}, "properties": {"municipio": "La Virginia", "departamento": "Risaralda", "dano": "Possibly damaged", "tipo": "Residential", "sensor": "Pleiades", "sensor_date": "2026/08/12 15:22 UTC", "metodo": "Photo-interpretation", "copyright": "© ICube-SERTIT 2026", "producto_id": 3247, "capa": "UrbanP"}}, {"type": "Feature", "geometry": {"type": "Point", "coordinates": [-75.88732192499998, 4.896717276000061]}, "properties": {"municipio": "La Virginia", "departamento": "Risaralda", "dano": "Possibly damaged", "tipo": "Residential", "sensor": "Pleiades", "sensor_date": "2026/08/12 15:22 UTC", "metodo": "Photo-interpretation", "copyright": "© ICube-SERTIT 2026", "producto_id": 3247, "capa": "UrbanP"}}, {"type": "Feature", "geometry": {"type": "Point", "coordinates": [-75.88522811899998, 4.896544553000069]}, "properties": {"municipio": "La Virginia", "departamento": "Risaralda", "dano": "Possibly damaged", "tipo": "Residential", "sensor": "Pleiades", "sensor_date": "2026/08/12 15:22 UTC", "metodo": "Photo-interpretation", "copyright": "© ICube-SERTIT 2026", "producto_id": 3247, "capa": "UrbanP"}}, {"type": "Feature", "geometry": {"type": "Point", "coordinates": [-75.87109774299995, 4.89172485000006]}, "properties": {"municipio": "La Virginia", "departamento": "Risaralda", "dano": "Possibly damaged", "tipo": "Residential", "sensor": "Pleiades", "sensor_date": "2026/08/12 15:22 UTC", "metodo": "Photo-interpretation", "copyright": "© ICube-SERTIT 2026", "producto_id": 3247, "capa": "UrbanP"}}, {"type": "Feature", "geometry": {"type": "Point", "coordinates": [-75.86984140199996, 4.885959313000058]}, "properties": {"municipio": "La Virginia", "departamento": "Risaralda", "dano": "Damaged", "tipo": "Residential", "sensor": "Pleiades", "sensor_date": "2026/08/12 15:22 UTC", "metodo": "Photo-interpretation", "copyright": "© ICube-SERTIT 2026", "producto_id": 3247, "capa": "UrbanP"}}, {"type": "Feature", "geometry": {"type": "Point", "coordinates": [-75.86984364599994, 4.885360202000072]}, "properties": {"municipio": "La Virginia", "departamento": "Risaralda", "dano": "Damaged", "tipo": "Residential", "sensor": "Pleiades", "sensor_date": "2026/08/12 15:22 UTC", "metodo": "Photo-interpretation", "copyright": "© ICube-SERTIT 2026", "producto_id": 3247, "capa": "UrbanP"}}, {"type": "Feature", "geometry": {"type": "Point", "coordinates": [-75.86950972299996, 4.886077749000037]}, "properties": {"municipio": "La Virginia", "departamento": "Risaralda", "dano": "Destroyed", "tipo": "Residential", "sensor": "Pleiades", "sensor_date": "2026/08/12 15:22 UTC", "metodo": "Photo-interpretation", "copyright": "© ICube-SERTIT 2026", "producto_id": 3247, "capa": "UrbanP"}}, {"type": "Feature", "geometry": {"type": "Point", "coordinates": [-75.86952770999994, 4.885989978000055]}, "properties": {"municipio": "La Virginia", "departamento": "Risaralda", "dano": "Destroyed", "tipo": "Residential", "sensor": "Pleiades", "sensor_date": "2026/08/12 15:22 UTC", "metodo": "Photo-interpretation", "copyright": "© ICube-SERTIT 2026", "producto_id": 3247, "capa": "UrbanP"}}, {"type": "Feature", "geometry": {"type": "Point", "coordinates": [-75.86953665899995, 4.885911296000074]}, "properties": {"municipio": "La Virginia", "departamento": "Risaralda", "dano": "Destroyed", "tipo": "Residential", "sensor": "Pleiades", "sensor_date": "2026/08/12 15:22 UTC", "metodo": "Photo-interpretation", "copyright": "© ICube-SERTIT 2026", "producto_id": 3247, "capa": "UrbanP"}}, {"type": "Feature", "geometry": {"type": "Point", "coordinates": [-75.86955464899995, 4.885826550000047]}, "properties": {"municipio": "La Virginia", "departamento": "Risaralda", "dano": "Destroyed", "tipo": "Residential", "sensor": "Pleiades", "sensor_date": "2026/08/12 15:22 UTC", "metodo": "Photo-interpretation", "copyright": "© ICube-SERTIT 2026", "producto_id": 3247, "capa": "UrbanP"}}, {"type": "Feature", "geometry": {"type": "Point", "coordinates": [-75.86951302099999, 4.886295603000065]}, "properties": {"municipio": "La Virginia", "departamento": "Risaralda", "dano": "Damaged", "tipo": "Residential", "sensor": "Pleiades", "sensor_date": "2026/08/12 15:22 UTC", "metodo": "Photo-interpretation", "copyright": "© ICube-SERTIT 2026", "producto_id": 3247, "capa": "UrbanP"}}, {"type": "Feature", "geometry": {"type": "Point", "coordinates": [-75.88548391399996, 4.887608921000037]}, "properties": {"municipio": "La Virginia", "departamento": "Risaralda", "dano": "Possibly damaged", "tipo": "Residential", "sensor": "Pleiades", "sensor_date": "2026/08/12 15:22 UTC", "metodo": "Photo-interpretation", "copyright": "© ICube-SERTIT 2026", "producto_id": 3247, "capa": "UrbanP"}}, {"type": "Feature", "geometry": {"type": "Point", "coordinates": [-75.88057509899994, 4.88777783300003]}, "properties": {"municipio": "La Virginia", "departamento": "Risaralda", "dano": "Damaged", "tipo": "Industrial", "sensor": "Pleiades", "sensor_date": "2026/08/12 15:22 UTC", "metodo": "Photo-interpretation", "copyright": "© ICube-SERTIT 2026", "producto_id": 3247, "capa": "UrbanP"}}, {"type": "Feature", "geometry": {"type": "Point", "coordinates": [-75.88195081299995, 4.888461906000032]}, "properties": {"municipio": "La Virginia", "departamento": "Risaralda", "dano": "Possibly damaged", "tipo": "Residential", "sensor": "Pleiades", "sensor_date": "2026/08/12 15:22 UTC", "metodo": "Photo-interpretation", "copyright": "© ICube-SERTIT 2026", "producto_id": 3247, "capa": "UrbanP"}}, {"type": "Feature", "geometry": {"type": "Point", "coordinates": [-75.88070724699998, 4.889755888000025]}, "properties": {"municipio": "La Virginia", "departamento": "Risaralda", "dano": "Possibly damaged", "tipo": "Residential", "sensor": "Pleiades", "sensor_date": "2026/08/12 15:22 UTC", "metodo": "Photo-interpretation", "copyright": "© ICube-SERTIT 2026", "producto_id": 3247, "capa": "UrbanP"}}, {"type": "Feature", "geometry": {"type": "Point", "coordinates": [-75.88316518799996, 4.889615476000074]}, "properties": {"municipio": "La Virginia", "departamento": "Risaralda", "dano": "Possibly damaged", "tipo": "Residential", "sensor": "Pleiades", "sensor_date": "2026/08/12 15:22 UTC", "metodo": "Photo-interpretation", "copyright": "© ICube-SERTIT 2026", "producto_id": 3247, "capa": "UrbanP"}}, {"type": "Feature", "geometry": {"type": "Point", "coordinates": [-75.51864646799999, 5.066433526000026]}, "properties": {"municipio": "Manizales", "departamento": "Caldas", "dano": "Possibly damaged", "tipo": "Residential", "sensor": "Pleiades", "sensor_date": "2026/08/11 15:53 UTC", "metodo": "Photo-interpretation", "copyright": "© ICube-SERTIT 2026", "producto_id": 3245, "capa": "UrbanP"}}, {"type": "Feature", "geometry": {"type": "Point", "coordinates": [-75.51863023199996, 5.066293728000062]}, "properties": {"municipio": "Manizales", "departamento": "Caldas", "dano": "Possibly damaged", "tipo": "Residential", "sensor": "Pleiades", "sensor_date": "2026/08/11 15:53 UTC", "metodo": "Photo-interpretation", "copyright": "© ICube-SERTIT 2026", "producto_id": 3245, "capa": "UrbanP"}}, {"type": "Feature", "geometry": {"type": "Point", "coordinates": [-75.51667041999997, 5.067173155000035]}, "properties": {"municipio": "Manizales", "departamento": "Caldas", "dano": "Possibly damaged", "tipo": "Residential", "sensor": "Pleiades", "sensor_date": "2026/08/11 15:53 UTC", "metodo": "Photo-interpretation", "copyright": "© ICube-SERTIT 2026", "producto_id": 3245, "capa": "UrbanP"}}, {"type": "Feature", "geometry": {"type": "Point", "coordinates": [-75.51653384299993, 5.067178971000033]}, "properties": {"municipio": "Manizales", "departamento": "Caldas", "dano": "Possibly damaged", "tipo": "Residential", "sensor": "Pleiades", "sensor_date": "2026/08/11 15:53 UTC", "metodo": "Photo-interpretation", "copyright": "© ICube-SERTIT 2026", "producto_id": 3245, "capa": "UrbanP"}}, {"type": "Feature", "geometry": {"type": "Point", "coordinates": [-75.51634890299994, 5.067197189000069]}, "properties": {"municipio": "Manizales", "departamento": "Caldas", "dano": "Possibly damaged", "tipo": "Residential", "sensor": "Pleiades", "sensor_date": "2026/08/11 15:53 UTC", "metodo": "Photo-interpretation", "copyright": "© ICube-SERTIT 2026", "producto_id": 3245, "capa": "UrbanP"}}, {"type": "Feature", "geometry": {"type": "Point", "coordinates": [-75.51622180999993, 5.06720109500003]}, "properties": {"municipio": "Manizales", "departamento": "Caldas", "dano": "Possibly damaged", "tipo": "Residential", "sensor": "Pleiades", "sensor_date": "2026/08/11 15:53 UTC", "metodo": "Photo-interpretation", "copyright": "© ICube-SERTIT 2026", "producto_id": 3245, "capa": "UrbanP"}}, {"type": "Feature", "geometry": {"type": "Point", "coordinates": [-75.51617709699997, 5.067032787000073]}, "properties": {"municipio": "Manizales", "departamento": "Caldas", "dano": "Possibly damaged", "tipo": "Residential", "sensor": "Pleiades", "sensor_date": "2026/08/11 15:53 UTC", "metodo": "Photo-interpretation", "copyright": "© ICube-SERTIT 2026", "producto_id": 3245, "capa": "UrbanP"}}, {"type": "Feature", "geometry": {"type": "Point", "coordinates": [-75.51628900199995, 5.067011774000036]}, "properties": {"municipio": "Manizales", "departamento": "Caldas", "dano": "Possibly damaged", "tipo": "Residential", "sensor": "Pleiades", "sensor_date": "2026/08/11 15:53 UTC", "metodo": "Photo-interpretation", "copyright": "© ICube-SERTIT 2026", "producto_id": 3245, "capa": "UrbanP"}}, {"type": "Feature", "geometry": {"type": "Point", "coordinates": [-75.51648532199994, 5.066991644000041]}, "properties": {"municipio": "Manizales", "departamento": "Caldas", "dano": "Possibly damaged", "tipo": "Residential", "sensor": "Pleiades", "sensor_date": "2026/08/11 15:53 UTC", "metodo": "Photo-interpretation", "copyright": "© ICube-SERTIT 2026", "producto_id": 3245, "capa": "UrbanP"}}, {"type": "Feature", "geometry": {"type": "Point", "coordinates": [-75.51667500699995, 5.066978177000067]}, "properties": {"municipio": "Manizales", "departamento": "Caldas", "dano": "Possibly damaged", "tipo": "Residential", "sensor": "Pleiades", "sensor_date": "2026/08/11 15:53 UTC", "metodo": "Photo-interpretation", "copyright": "© ICube-SERTIT 2026", "producto_id": 3245, "capa": "UrbanP"}}, {"type": "Feature", "geometry": {"type": "Point", "coordinates": [-75.51736783999996, 5.067532111000048]}, "properties": {"municipio": "Manizales", "departamento": "Caldas", "dano": "Damaged", "tipo": "Residential", "sensor": "Pleiades", "sensor_date": "2026/08/11 15:53 UTC", "metodo": "Photo-interpretation", "copyright": "© ICube-SERTIT 2026", "producto_id": 3245, "capa": "UrbanP"}}, {"type": "Feature", "geometry": {"type": "Point", "coordinates": [-75.52003837799998, 5.066901335000068]}, "properties": {"municipio": "Manizales", "departamento": "Caldas", "dano": "Possibly damaged", "tipo": "Residential", "sensor": "Pleiades", "sensor_date": "2026/08/11 15:53 UTC", "metodo": "Photo-interpretation", "copyright": "© ICube-SERTIT 2026", "producto_id": 3245, "capa": "UrbanP"}}, {"type": "Feature", "geometry": {"type": "Point", "coordinates": [-75.51305101299994, 5.067178889000047]}, "properties": {"municipio": "Manizales", "departamento": "Caldas", "dano": "Possibly damaged", "tipo": "Residential", "sensor": "Pleiades", "sensor_date": "2026/08/11 15:53 UTC", "metodo": "Photo-interpretation", "copyright": "© ICube-SERTIT 2026", "producto_id": 3245, "capa": "UrbanP"}}, {"type": "Feature", "geometry": {"type": "Point", "coordinates": [-75.51365192099996, 5.067834667000056]}, "properties": {"municipio": "Manizales", "departamento": "Caldas", "dano": "Possibly damaged", "tipo": "Residential", "sensor": "Pleiades", "sensor_date": "2026/08/11 15:53 UTC", "metodo": "Photo-interpretation", "copyright": "© ICube-SERTIT 2026", "producto_id": 3245, "capa": "UrbanP"}}, {"type": "Feature", "geometry": {"type": "Point", "coordinates": [-75.51365488499994, 5.067984938000052]}, "properties": {"municipio": "Manizales", "departamento": "Caldas", "dano": "Possibly damaged", "tipo": "Residential", "sensor": "Pleiades", "sensor_date": "2026/08/11 15:53 UTC", "metodo": "Photo-interpretation", "copyright": "© ICube-SERTIT 2026", "producto_id": 3245, "capa": "UrbanP"}}, {"type": "Feature", "geometry": {"type": "Point", "coordinates": [-75.51094312999999, 5.065521849000049]}, "properties": {"municipio": "Manizales", "departamento": "Caldas", "dano": "Possibly damaged", "tipo": "Residential", "sensor": "Pleiades", "sensor_date": "2026/08/11 15:53 UTC", "metodo": "Photo-interpretation", "copyright": "© ICube-SERTIT 2026", "producto_id": 3245, "capa": "UrbanP"}}, {"type": "Feature", "geometry": {"type": "Point", "coordinates": [-75.51096482299994, 5.06536585200007]}, "properties": {"municipio": "Manizales", "departamento": "Caldas", "dano": "Possibly damaged", "tipo": "Residential", "sensor": "Pleiades", "sensor_date": "2026/08/11 15:53 UTC", "metodo": "Photo-interpretation", "copyright": "© ICube-SERTIT 2026", "producto_id": 3245, "capa": "UrbanP"}}, {"type": "Feature", "geometry": {"type": "Point", "coordinates": [-75.51902252199994, 5.065006660000051]}, "properties": {"municipio": "Manizales", "departamento": "Caldas", "dano": "Possibly damaged", "tipo": "Residential", "sensor": "Pleiades", "sensor_date": "2026/08/11 15:53 UTC", "metodo": "Photo-interpretation", "copyright": "© ICube-SERTIT 2026", "producto_id": 3245, "capa": "UrbanP"}}, {"type": "Feature", "geometry": {"type": "Point", "coordinates": [-75.51836403399994, 5.064415532000055]}, "properties": {"municipio": "Manizales", "departamento": "Caldas", "dano": "Possibly damaged", "tipo": "Residential", "sensor": "Pleiades", "sensor_date": "2026/08/11 15:53 UTC", "metodo": "Photo-interpretation", "copyright": "© ICube-SERTIT 2026", "producto_id": 3245, "capa": "UrbanP"}}, {"type": "Feature", "geometry": {"type": "Point", "coordinates": [-75.52159793799996, 5.066274337000038]}, "properties": {"municipio": "Manizales", "departamento": "Caldas", "dano": "Possibly damaged", "tipo": "Residential", "sensor": "Pleiades", "sensor_date": "2026/08/11 15:53 UTC", "metodo": "Photo-interpretation", "copyright": "© ICube-SERTIT 2026", "producto_id": 3245, "capa": "UrbanP"}}, {"type": "Feature", "geometry": {"type": "Point", "coordinates": [-75.52157660199998, 5.066162353000038]}, "properties": {"municipio": "Manizales", "departamento": "Caldas", "dano": "Possibly damaged", "tipo": "Residential", "sensor": "Pleiades", "sensor_date": "2026/08/11 15:53 UTC", "metodo": "Photo-interpretation", "copyright": "© ICube-SERTIT 2026", "producto_id": 3245, "capa": "UrbanP"}}, {"type": "Feature", "geometry": {"type": "Point", "coordinates": [-75.51918225499998, 5.060356561000049]}, "properties": {"municipio": "Manizales", "departamento": "Caldas", "dano": "Damaged", "tipo": "Residential", "sensor": "Pleiades", "sensor_date": "2026/08/11 15:53 UTC", "metodo": "Photo-interpretation", "copyright": "© ICube-SERTIT 2026", "producto_id": 3245, "capa": "UrbanP"}}, {"type": "Feature", "geometry": {"type": "Point", "coordinates": [-75.51936805299994, 5.06022706300007]}, "properties": {"municipio": "Manizales", "departamento": "Caldas", "dano": "Possibly damaged", "tipo": "Residential", "sensor": "Pleiades", "sensor_date": "2026/08/11 15:53 UTC", "metodo": "Photo-interpretation", "copyright": "© ICube-SERTIT 2026", "producto_id": 3245, "capa": "UrbanP"}}, {"type": "Feature", "geometry": {"type": "Point", "coordinates": [-75.51941366499995, 5.060334500000067]}, "properties": {"municipio": "Manizales", "departamento": "Caldas", "dano": "Possibly damaged", "tipo": "Residential", "sensor": "Pleiades", "sensor_date": "2026/08/11 15:53 UTC", "metodo": "Photo-interpretation", "copyright": "© ICube-SERTIT 2026", "producto_id": 3245, "capa": "UrbanP"}}, {"type": "Feature", "geometry": {"type": "Point", "coordinates": [-75.51945547299994, 5.060428625000043]}, "properties": {"municipio": "Manizales", "departamento": "Caldas", "dano": "Possibly damaged", "tipo": "Residential", "sensor": "Pleiades", "sensor_date": "2026/08/11 15:53 UTC", "metodo": "Photo-interpretation", "copyright": "© ICube-SERTIT 2026", "producto_id": 3245, "capa": "UrbanP"}}, {"type": "Feature", "geometry": {"type": "Point", "coordinates": [-75.51416417399997, 5.069124895000073]}, "properties": {"municipio": "Manizales", "departamento": "Caldas", "dano": "Possibly damaged", "tipo": "Residential", "sensor": "Pleiades", "sensor_date": "2026/08/11 15:53 UTC", "metodo": "Photo-interpretation", "copyright": "© ICube-SERTIT 2026", "producto_id": 3245, "capa": "UrbanP"}}, {"type": "Feature", "geometry": {"type": "Point", "coordinates": [-75.51895960699994, 5.068907286000069]}, "properties": {"municipio": "Manizales", "departamento": "Caldas", "dano": "Possibly damaged", "tipo": "Residential", "sensor": "Pleiades", "sensor_date": "2026/08/11 15:53 UTC", "metodo": "Photo-interpretation", "copyright": "© ICube-SERTIT 2026", "producto_id": 3245, "capa": "UrbanP"}}, {"type": "Feature", "geometry": {"type": "Point", "coordinates": [-75.51695504699995, 5.068366959000059]}, "properties": {"municipio": "Manizales", "departamento": "Caldas", "dano": "Possibly damaged", "tipo": "Residential", "sensor": "Pleiades", "sensor_date": "2026/08/11 15:53 UTC", "metodo": "Photo-interpretation", "copyright": "© ICube-SERTIT 2026", "producto_id": 3245, "capa": "UrbanP"}}, {"type": "Feature", "geometry": {"type": "Point", "coordinates": [-75.52085372199997, 5.068819980000058]}, "properties": {"municipio": "Manizales", "departamento": "Caldas", "dano": "Possibly damaged", "tipo": "Residential", "sensor": "Pleiades", "sensor_date": "2026/08/11 15:53 UTC", "metodo": "Photo-interpretation", "copyright": "© ICube-SERTIT 2026", "producto_id": 3245, "capa": "UrbanP"}}, {"type": "Feature", "geometry": {"type": "Point", "coordinates": [-75.51545241699995, 5.067087083000047]}, "properties": {"municipio": "Manizales", "departamento": "Caldas", "dano": "Possibly damaged", "tipo": "Residential", "sensor": "Pleiades", "sensor_date": "2026/08/11 15:53 UTC", "metodo": "Photo-interpretation", "copyright": "© ICube-SERTIT 2026", "producto_id": 3245, "capa": "UrbanP"}}, {"type": "Feature", "geometry": {"type": "Point", "coordinates": [-75.51347018899997, 5.06265756800002]}, "properties": {"municipio": "Manizales", "departamento": "Caldas", "dano": "Possibly damaged", "tipo": "Residential", "sensor": "Pleiades", "sensor_date": "2026/08/11 15:53 UTC", "metodo": "Photo-interpretation", "copyright": "© ICube-SERTIT 2026", "producto_id": 3245, "capa": "UrbanP"}}, {"type": "Feature", "geometry": {"type": "Point", "coordinates": [-75.68891178799998, 4.813391195000065]}, "properties": {"municipio": "Pereira", "departamento": "Risaralda", "dano": "Damaged", "tipo": "Residential", "sensor": "Pleiades", "sensor_date": "2026/08/11 15:54 UTC", "metodo": "Photo-interpretation", "copyright": "© ICube-SERTIT 2026", "producto_id": 3244, "capa": "UrbanP"}}, {"type": "Feature", "geometry": {"type": "Point", "coordinates": [-75.68901516499994, 4.813399066000045]}, "properties": {"municipio": "Pereira", "departamento": "Risaralda", "dano": "Damaged", "tipo": "Residential", "sensor": "Pleiades", "sensor_date": "2026/08/11 15:54 UTC", "metodo": "Photo-interpretation", "copyright": "© ICube-SERTIT 2026", "producto_id": 3244, "capa": "UrbanP"}}, {"type": "Feature", "geometry": {"type": "Point", "coordinates": [-75.68871111199996, 4.813094673000023]}, "properties": {"municipio": "Pereira", "departamento": "Risaralda", "dano": "Destroyed", "tipo": "Residential", "sensor": "Pleiades", "sensor_date": "2026/08/11 15:54 UTC", "metodo": "Photo-interpretation", "copyright": "© ICube-SERTIT 2026", "producto_id": 3244, "capa": "UrbanP"}}, {"type": "Feature", "geometry": {"type": "Point", "coordinates": [-75.68915168099994, 4.813150062000034]}, "properties": {"municipio": "Pereira", "departamento": "Risaralda", "dano": "Destroyed", "tipo": "Residential", "sensor": "Pleiades", "sensor_date": "2026/08/11 15:54 UTC", "metodo": "Photo-interpretation", "copyright": "© ICube-SERTIT 2026", "producto_id": 3244, "capa": "UrbanP"}}, {"type": "Feature", "geometry": {"type": "Point", "coordinates": [-75.68908648199994, 4.813153319000037]}, "properties": {"municipio": "Pereira", "departamento": "Risaralda", "dano": "Destroyed", "tipo": "Residential", "sensor": "Pleiades", "sensor_date": "2026/08/11 15:54 UTC", "metodo": "Photo-interpretation", "copyright": "© ICube-SERTIT 2026", "producto_id": 3244, "capa": "UrbanP"}}, {"type": "Feature", "geometry": {"type": "Point", "coordinates": [-75.68873209599997, 4.812909397000055]}, "properties": {"municipio": "Pereira", "departamento": "Risaralda", "dano": "Damaged", "tipo": "Residential", "sensor": "Pleiades", "sensor_date": "2026/08/11 15:54 UTC", "metodo": "Photo-interpretation", "copyright": "© ICube-SERTIT 2026", "producto_id": 3244, "capa": "UrbanP"}}, {"type": "Feature", "geometry": {"type": "Point", "coordinates": [-75.68654432499994, 4.813694587000043]}, "properties": {"municipio": "Pereira", "departamento": "Risaralda", "dano": "Damaged", "tipo": "Residential", "sensor": "Pleiades", "sensor_date": "2026/08/11 15:54 UTC", "metodo": "Photo-interpretation", "copyright": "© ICube-SERTIT 2026", "producto_id": 3244, "capa": "UrbanP"}}, {"type": "Feature", "geometry": {"type": "Point", "coordinates": [-75.68910981399995, 4.813329543000066]}, "properties": {"municipio": "Pereira", "departamento": "Risaralda", "dano": "Damaged", "tipo": "Residential", "sensor": "Pleiades", "sensor_date": "2026/08/11 15:54 UTC", "metodo": "Photo-interpretation", "copyright": "© ICube-SERTIT 2026", "producto_id": 3244, "capa": "UrbanP"}}, {"type": "Feature", "geometry": {"type": "Point", "coordinates": [-75.68640120899994, 4.813070907000053]}, "properties": {"municipio": "Pereira", "departamento": "Risaralda", "dano": "Possibly damaged", "tipo": "Residential", "sensor": "Pleiades", "sensor_date": "2026/08/11 15:54 UTC", "metodo": "Photo-interpretation", "copyright": "© ICube-SERTIT 2026", "producto_id": 3244, "capa": "UrbanP"}}, {"type": "Feature", "geometry": {"type": "Point", "coordinates": [-75.68695019899997, 4.813469560000044]}, "properties": {"municipio": "Pereira", "departamento": "Risaralda", "dano": "Possibly damaged", "tipo": "Residential", "sensor": "Pleiades", "sensor_date": "2026/08/11 15:54 UTC", "metodo": "Photo-interpretation", "copyright": "© ICube-SERTIT 2026", "producto_id": 3244, "capa": "UrbanP"}}, {"type": "Feature", "geometry": {"type": "Point", "coordinates": [-75.68704305699998, 4.812693514000046]}, "properties": {"municipio": "Pereira", "departamento": "Risaralda", "dano": "Damaged", "tipo": "Residential", "sensor": "Pleiades", "sensor_date": "2026/08/11 15:54 UTC", "metodo": "Photo-interpretation", "copyright": "© ICube-SERTIT 2026", "producto_id": 3244, "capa": "UrbanP"}}, {"type": "Feature", "geometry": {"type": "Point", "coordinates": [-75.68620014699997, 4.811498784000037]}, "properties": {"municipio": "Pereira", "departamento": "Risaralda", "dano": "Damaged", "tipo": "Residential", "sensor": "Pleiades", "sensor_date": "2026/08/11 15:54 UTC", "metodo": "Photo-interpretation", "copyright": "© ICube-SERTIT 2026", "producto_id": 3244, "capa": "UrbanP"}}, {"type": "Feature", "geometry": {"type": "Point", "coordinates": [-75.68635894699997, 4.811523128000033]}, "properties": {"municipio": "Pereira", "departamento": "Risaralda", "dano": "Damaged", "tipo": "Residential", "sensor": "Pleiades", "sensor_date": "2026/08/11 15:54 UTC", "metodo": "Photo-interpretation", "copyright": "© ICube-SERTIT 2026", "producto_id": 3244, "capa": "UrbanP"}}, {"type": "Feature", "geometry": {"type": "Point", "coordinates": [-75.68668455899996, 4.811443162000046]}, "properties": {"municipio": "Pereira", "departamento": "Risaralda", "dano": "Possibly damaged", "tipo": "Residential", "sensor": "Pleiades", "sensor_date": "2026/08/11 15:54 UTC", "metodo": "Photo-interpretation", "copyright": "© ICube-SERTIT 2026", "producto_id": 3244, "capa": "UrbanP"}}, {"type": "Feature", "geometry": {"type": "Point", "coordinates": [-75.68666820999994, 4.811378856000033]}, "properties": {"municipio": "Pereira", "departamento": "Risaralda", "dano": "Damaged", "tipo": "Residential", "sensor": "Pleiades", "sensor_date": "2026/08/11 15:54 UTC", "metodo": "Photo-interpretation", "copyright": "© ICube-SERTIT 2026", "producto_id": 3244, "capa": "UrbanP"}}, {"type": "Feature", "geometry": {"type": "Point", "coordinates": [-75.68697188499993, 4.811751212000047]}, "properties": {"municipio": "Pereira", "departamento": "Risaralda", "dano": "Possibly damaged", "tipo": "Residential", "sensor": "Pleiades", "sensor_date": "2026/08/11 15:54 UTC", "metodo": "Photo-interpretation", "copyright": "© ICube-SERTIT 2026", "producto_id": 3244, "capa": "UrbanP"}}, {"type": "Feature", "geometry": {"type": "Point", "coordinates": [-75.68844779699998, 4.811867135000057]}, "properties": {"municipio": "Pereira", "departamento": "Risaralda", "dano": "Damaged", "tipo": "Residential", "sensor": "Pleiades", "sensor_date": "2026/08/11 15:54 UTC", "metodo": "Photo-interpretation", "copyright": "© ICube-SERTIT 2026", "producto_id": 3244, "capa": "UrbanP"}}, {"type": "Feature", "geometry": {"type": "Point", "coordinates": [-75.68837208199994, 4.812483889000021]}, "properties": {"municipio": "Pereira", "departamento": "Risaralda", "dano": "Possibly damaged", "tipo": "Residential", "sensor": "Pleiades", "sensor_date": "2026/08/11 15:54 UTC", "metodo": "Photo-interpretation", "copyright": "© ICube-SERTIT 2026", "producto_id": 3244, "capa": "UrbanP"}}, {"type": "Feature", "geometry": {"type": "Point", "coordinates": [-75.68742797899995, 4.810860448000028]}, "properties": {"municipio": "Pereira", "departamento": "Risaralda", "dano": "Possibly damaged", "tipo": "Residential", "sensor": "Pleiades", "sensor_date": "2026/08/11 15:54 UTC", "metodo": "Photo-interpretation", "copyright": "© ICube-SERTIT 2026", "producto_id": 3244, "capa": "UrbanP"}}, {"type": "Feature", "geometry": {"type": "Point", "coordinates": [-75.68845313299994, 4.810086523000052]}, "properties": {"municipio": "Pereira", "departamento": "Risaralda", "dano": "Damaged", "tipo": "Residential", "sensor": "Pleiades", "sensor_date": "2026/08/11 15:54 UTC", "metodo": "Photo-interpretation", "copyright": "© ICube-SERTIT 2026", "producto_id": 3244, "capa": "UrbanP"}}, {"type": "Feature", "geometry": {"type": "Point", "coordinates": [-75.68710788599998, 4.810354360000076]}, "properties": {"municipio": "Pereira", "departamento": "Risaralda", "dano": "Damaged", "tipo": "Residential", "sensor": "Pleiades", "sensor_date": "2026/08/11 15:54 UTC", "metodo": "Photo-interpretation", "copyright": "© ICube-SERTIT 2026", "producto_id": 3244, "capa": "UrbanP"}}, {"type": "Feature", "geometry": {"type": "Point", "coordinates": [-75.68705088799999, 4.810352375000036]}, "properties": {"municipio": "Pereira", "departamento": "Risaralda", "dano": "Possibly damaged", "tipo": "Residential", "sensor": "Pleiades", "sensor_date": "2026/08/11 15:54 UTC", "metodo": "Photo-interpretation", "copyright": "© ICube-SERTIT 2026", "producto_id": 3244, "capa": "UrbanP"}}, {"type": "Feature", "geometry": {"type": "Point", "coordinates": [-75.68613740099994, 4.809394087000044]}, "properties": {"municipio": "Pereira", "departamento": "Risaralda", "dano": "Destroyed", "tipo": "Residential", "sensor": "Pleiades", "sensor_date": "2026/08/11 15:54 UTC", "metodo": "Photo-interpretation", "copyright": "© ICube-SERTIT 2026", "producto_id": 3244, "capa": "UrbanP"}}, {"type": "Feature", "geometry": {"type": "Point", "coordinates": [-75.68626509899997, 4.809617741000068]}, "properties": {"municipio": "Pereira", "departamento": "Risaralda", "dano": "Destroyed", "tipo": "Residential", "sensor": "Pleiades", "sensor_date": "2026/08/11 15:54 UTC", "metodo": "Photo-interpretation", "copyright": "© ICube-SERTIT 2026", "producto_id": 3244, "capa": "UrbanP"}}, {"type": "Feature", "geometry": {"type": "Point", "coordinates": [-75.68549841299995, 4.809260164000023]}, "properties": {"municipio": "Pereira", "departamento": "Risaralda", "dano": "Possibly damaged", "tipo": "Residential", "sensor": "Pleiades", "sensor_date": "2026/08/11 15:54 UTC", "metodo": "Photo-interpretation", "copyright": "© ICube-SERTIT 2026", "producto_id": 3244, "capa": "UrbanP"}}, {"type": "Feature", "geometry": {"type": "Point", "coordinates": [-75.68632273899993, 4.809353978000047]}, "properties": {"municipio": "Pereira", "departamento": "Risaralda", "dano": "Damaged", "tipo": "Residential", "sensor": "Pleiades", "sensor_date": "2026/08/11 15:54 UTC", "metodo": "Photo-interpretation", "copyright": "© ICube-SERTIT 2026", "producto_id": 3244, "capa": "UrbanP"}}, {"type": "Feature", "geometry": {"type": "Point", "coordinates": [-75.68643771399996, 4.809377682000047]}, "properties": {"municipio": "Pereira", "departamento": "Risaralda", "dano": "Damaged", "tipo": "Residential", "sensor": "Pleiades", "sensor_date": "2026/08/11 15:54 UTC", "metodo": "Photo-interpretation", "copyright": "© ICube-SERTIT 2026", "producto_id": 3244, "capa": "UrbanP"}}, {"type": "Feature", "geometry": {"type": "Point", "coordinates": [-75.68702116799994, 4.80944368300004]}, "properties": {"municipio": "Pereira", "departamento": "Risaralda", "dano": "Possibly damaged", "tipo": "Residential", "sensor": "Pleiades", "sensor_date": "2026/08/11 15:54 UTC", "metodo": "Photo-interpretation", "copyright": "© ICube-SERTIT 2026", "producto_id": 3244, "capa": "UrbanP"}}, {"type": "Feature", "geometry": {"type": "Point", "coordinates": [-75.68815031799994, 4.809360322000032]}, "properties": {"municipio": "Pereira", "departamento": "Risaralda", "dano": "Destroyed", "tipo": "Residential", "sensor": "Pleiades", "sensor_date": "2026/08/11 15:54 UTC", "metodo": "Photo-interpretation", "copyright": "© ICube-SERTIT 2026", "producto_id": 3244, "capa": "UrbanP"}}, {"type": "Feature", "geometry": {"type": "Point", "coordinates": [-75.68879162399998, 4.809230219000028]}, "properties": {"municipio": "Pereira", "departamento": "Risaralda", "dano": "Damaged", "tipo": "Residential", "sensor": "Pleiades", "sensor_date": "2026/08/11 15:54 UTC", "metodo": "Photo-interpretation", "copyright": "© ICube-SERTIT 2026", "producto_id": 3244, "capa": "UrbanP"}}, {"type": "Feature", "geometry": {"type": "Point", "coordinates": [-75.68855435299997, 4.808642595000038]}, "properties": {"municipio": "Pereira", "departamento": "Risaralda", "dano": "Possibly damaged", "tipo": "Residential", "sensor": "Pleiades", "sensor_date": "2026/08/11 15:54 UTC", "metodo": "Photo-interpretation", "copyright": "© ICube-SERTIT 2026", "producto_id": 3244, "capa": "UrbanP"}}, {"type": "Feature", "geometry": {"type": "Point", "coordinates": [-75.68859088899995, 4.808179617000064]}, "properties": {"municipio": "Pereira", "departamento": "Risaralda", "dano": "Damaged", "tipo": "Residential", "sensor": "Pleiades", "sensor_date": "2026/08/11 15:54 UTC", "metodo": "Photo-interpretation", "copyright": "© ICube-SERTIT 2026", "producto_id": 3244, "capa": "UrbanP"}}, {"type": "Feature", "geometry": {"type": "Point", "coordinates": [-75.68830699199998, 4.807794809000029]}, "properties": {"municipio": "Pereira", "departamento": "Risaralda", "dano": "Damaged", "tipo": "Residential", "sensor": "Pleiades", "sensor_date": "2026/08/11 15:54 UTC", "metodo": "Photo-interpretation", "copyright": "© ICube-SERTIT 2026", "producto_id": 3244, "capa": "UrbanP"}}, {"type": "Feature", "geometry": {"type": "Point", "coordinates": [-75.68785921199998, 4.808154904000048]}, "properties": {"municipio": "Pereira", "departamento": "Risaralda", "dano": "Damaged", "tipo": "Residential", "sensor": "Pleiades", "sensor_date": "2026/08/11 15:54 UTC", "metodo": "Photo-interpretation", "copyright": "© ICube-SERTIT 2026", "producto_id": 3244, "capa": "UrbanP"}}, {"type": "Feature", "geometry": {"type": "Point", "coordinates": [-75.68725653499996, 4.807719367000061]}, "properties": {"municipio": "Pereira", "departamento": "Risaralda", "dano": "Possibly damaged", "tipo": "Residential", "sensor": "Pleiades", "sensor_date": "2026/08/11 15:54 UTC", "metodo": "Photo-interpretation", "copyright": "© ICube-SERTIT 2026", "producto_id": 3244, "capa": "UrbanP"}}, {"type": "Feature", "geometry": {"type": "Point", "coordinates": [-75.685515663, 4.806246958000031]}, "properties": {"municipio": "Pereira", "departamento": "Risaralda", "dano": "Possibly damaged", "tipo": "Residential", "sensor": "Pleiades", "sensor_date": "2026/08/11 15:54 UTC", "metodo": "Photo-interpretation", "copyright": "© ICube-SERTIT 2026", "producto_id": 3244, "capa": "UrbanP"}}, {"type": "Feature", "geometry": {"type": "Point", "coordinates": [-75.68805716799994, 4.80607556800004]}, "properties": {"municipio": "Pereira", "departamento": "Risaralda", "dano": "Damaged", "tipo": "Residential", "sensor": "Pleiades", "sensor_date": "2026/08/11 15:54 UTC", "metodo": "Photo-interpretation", "copyright": "© ICube-SERTIT 2026", "producto_id": 3244, "capa": "UrbanP"}}, {"type": "Feature", "geometry": {"type": "Point", "coordinates": [-75.68691196899994, 4.804570817000069]}, "properties": {"municipio": "Pereira", "departamento": "Risaralda", "dano": "Damaged", "tipo": "Residential", "sensor": "Pleiades", "sensor_date": "2026/08/11 15:54 UTC", "metodo": "Photo-interpretation", "copyright": "© ICube-SERTIT 2026", "producto_id": 3244, "capa": "UrbanP"}}, {"type": "Feature", "geometry": {"type": "Point", "coordinates": [-75.68642941099995, 4.803764127000022]}, "properties": {"municipio": "Pereira", "departamento": "Risaralda", "dano": "Possibly damaged", "tipo": "Residential", "sensor": "Pleiades", "sensor_date": "2026/08/11 15:54 UTC", "metodo": "Photo-interpretation", "copyright": "© ICube-SERTIT 2026", "producto_id": 3244, "capa": "UrbanP"}}, {"type": "Feature", "geometry": {"type": "Point", "coordinates": [-75.68926917499994, 4.802956798000025]}, "properties": {"municipio": "Pereira", "departamento": "Risaralda", "dano": "Possibly damaged", "tipo": "Residential", "sensor": "Pleiades", "sensor_date": "2026/08/11 15:54 UTC", "metodo": "Photo-interpretation", "copyright": "© ICube-SERTIT 2026", "producto_id": 3244, "capa": "UrbanP"}}, {"type": "Feature", "geometry": {"type": "Point", "coordinates": [-75.68914588399997, 4.805155151000065]}, "properties": {"municipio": "Pereira", "departamento": "Risaralda", "dano": "Possibly damaged", "tipo": "Residential", "sensor": "Pleiades", "sensor_date": "2026/08/11 15:54 UTC", "metodo": "Photo-interpretation", "copyright": "© ICube-SERTIT 2026", "producto_id": 3244, "capa": "UrbanP"}}, {"type": "Feature", "geometry": {"type": "Point", "coordinates": [-75.68910361099995, 4.805629838000073]}, "properties": {"municipio": "Pereira", "departamento": "Risaralda", "dano": "Possibly damaged", "tipo": "Residential", "sensor": "Pleiades", "sensor_date": "2026/08/11 15:54 UTC", "metodo": "Photo-interpretation", "copyright": "© ICube-SERTIT 2026", "producto_id": 3244, "capa": "UrbanP"}}, {"type": "Feature", "geometry": {"type": "Point", "coordinates": [-75.69012712699998, 4.805500246000065]}, "properties": {"municipio": "Pereira", "departamento": "Risaralda", "dano": "Damaged", "tipo": "Residential", "sensor": "Pleiades", "sensor_date": "2026/08/11 15:54 UTC", "metodo": "Photo-interpretation", "copyright": "© ICube-SERTIT 2026", "producto_id": 3244, "capa": "UrbanP"}}, {"type": "Feature", "geometry": {"type": "Point", "coordinates": [-75.69189949799994, 4.805749253000045]}, "properties": {"municipio": "Pereira", "departamento": "Risaralda", "dano": "Damaged", "tipo": "Residential", "sensor": "Pleiades", "sensor_date": "2026/08/11 15:54 UTC", "metodo": "Photo-interpretation", "copyright": "© ICube-SERTIT 2026", "producto_id": 3244, "capa": "UrbanP"}}, {"type": "Feature", "geometry": {"type": "Point", "coordinates": [-75.69242315699995, 4.80579209900003]}, "properties": {"municipio": "Pereira", "departamento": "Risaralda", "dano": "Damaged", "tipo": "Residential", "sensor": "Pleiades", "sensor_date": "2026/08/11 15:54 UTC", "metodo": "Photo-interpretation", "copyright": "© ICube-SERTIT 2026", "producto_id": 3244, "capa": "UrbanP"}}, {"type": "Feature", "geometry": {"type": "Point", "coordinates": [-75.69270544999995, 4.805834401000027]}, "properties": {"municipio": "Pereira", "departamento": "Risaralda", "dano": "Destroyed", "tipo": "Residential", "sensor": "Pleiades", "sensor_date": "2026/08/11 15:54 UTC", "metodo": "Photo-interpretation", "copyright": "© ICube-SERTIT 2026", "producto_id": 3244, "capa": "UrbanP"}}, {"type": "Feature", "geometry": {"type": "Point", "coordinates": [-75.69325405099994, 4.805661909000037]}, "properties": {"municipio": "Pereira", "departamento": "Risaralda", "dano": "Damaged", "tipo": "Residential", "sensor": "Pleiades", "sensor_date": "2026/08/11 15:54 UTC", "metodo": "Photo-interpretation", "copyright": "© ICube-SERTIT 2026", "producto_id": 3244, "capa": "UrbanP"}}, {"type": "Feature", "geometry": {"type": "Point", "coordinates": [-75.69286946599993, 4.805535321000036]}, "properties": {"municipio": "Pereira", "departamento": "Risaralda", "dano": "Damaged", "tipo": "Residential", "sensor": "Pleiades", "sensor_date": "2026/08/11 15:54 UTC", "metodo": "Photo-interpretation", "copyright": "© ICube-SERTIT 2026", "producto_id": 3244, "capa": "UrbanP"}}, {"type": "Feature", "geometry": {"type": "Point", "coordinates": [-75.69319069899996, 4.805211632000066]}, "properties": {"municipio": "Pereira", "departamento": "Risaralda", "dano": "Possibly damaged", "tipo": "Residential", "sensor": "Pleiades", "sensor_date": "2026/08/11 15:54 UTC", "metodo": "Photo-interpretation", "copyright": "© ICube-SERTIT 2026", "producto_id": 3244, "capa": "UrbanP"}}, {"type": "Feature", "geometry": {"type": "Point", "coordinates": [-75.69290695799998, 4.80529236700005]}, "properties": {"municipio": "Pereira", "departamento": "Risaralda", "dano": "Damaged", "tipo": "Residential", "sensor": "Pleiades", "sensor_date": "2026/08/11 15:54 UTC", "metodo": "Photo-interpretation", "copyright": "© ICube-SERTIT 2026", "producto_id": 3244, "capa": "UrbanP"}}, {"type": "Feature", "geometry": {"type": "Point", "coordinates": [-75.69303083499995, 4.803296560000035]}, "properties": {"municipio": "Pereira", "departamento": "Risaralda", "dano": "Possibly damaged", "tipo": "Residential", "sensor": "Pleiades", "sensor_date": "2026/08/11 15:54 UTC", "metodo": "Photo-interpretation", "copyright": "© ICube-SERTIT 2026", "producto_id": 3244, "capa": "UrbanP"}}, {"type": "Feature", "geometry": {"type": "Point", "coordinates": [-75.68943253699996, 4.805918954000049]}, "properties": {"municipio": "Pereira", "departamento": "Risaralda", "dano": "Possibly damaged", "tipo": "Residential", "sensor": "Pleiades", "sensor_date": "2026/08/11 15:54 UTC", "metodo": "Photo-interpretation", "copyright": "© ICube-SERTIT 2026", "producto_id": 3244, "capa": "UrbanP"}}, {"type": "Feature", "geometry": {"type": "Point", "coordinates": [-75.69047189199995, 4.80590212900006]}, "properties": {"municipio": "Pereira", "departamento": "Risaralda", "dano": "Possibly damaged", "tipo": "Residential", "sensor": "Pleiades", "sensor_date": "2026/08/11 15:54 UTC", "metodo": "Photo-interpretation", "copyright": "© ICube-SERTIT 2026", "producto_id": 3244, "capa": "UrbanP"}}, {"type": "Feature", "geometry": {"type": "Point", "coordinates": [-75.69190988499997, 4.805914078000058]}, "properties": {"municipio": "Pereira", "departamento": "Risaralda", "dano": "Damaged", "tipo": "Residential", "sensor": "Pleiades", "sensor_date": "2026/08/11 15:54 UTC", "metodo": "Photo-interpretation", "copyright": "© ICube-SERTIT 2026", "producto_id": 3244, "capa": "UrbanP"}}, {"type": "Feature", "geometry": {"type": "Point", "coordinates": [-75.69251584599994, 4.80648762900006]}, "properties": {"municipio": "Pereira", "departamento": "Risaralda", "dano": "Damaged", "tipo": "Residential", "sensor": "Pleiades", "sensor_date": "2026/08/11 15:54 UTC", "metodo": "Photo-interpretation", "copyright": "© ICube-SERTIT 2026", "producto_id": 3244, "capa": "UrbanP"}}, {"type": "Feature", "geometry": {"type": "Point", "coordinates": [-75.69297645699999, 4.806379899000035]}, "properties": {"municipio": "Pereira", "departamento": "Risaralda", "dano": "Damaged", "tipo": "Residential", "sensor": "Pleiades", "sensor_date": "2026/08/11 15:54 UTC", "metodo": "Photo-interpretation", "copyright": "© ICube-SERTIT 2026", "producto_id": 3244, "capa": "UrbanP"}}, {"type": "Feature", "geometry": {"type": "Point", "coordinates": [-75.69285251799994, 4.806659222000064]}, "properties": {"municipio": "Pereira", "departamento": "Risaralda", "dano": "Destroyed", "tipo": "Residential", "sensor": "Pleiades", "sensor_date": "2026/08/11 15:54 UTC", "metodo": "Photo-interpretation", "copyright": "© ICube-SERTIT 2026", "producto_id": 3244, "capa": "UrbanP"}}, {"type": "Feature", "geometry": {"type": "Point", "coordinates": [-75.69274952399996, 4.806659326000045]}, "properties": {"municipio": "Pereira", "departamento": "Risaralda", "dano": "Destroyed", "tipo": "Residential", "sensor": "Pleiades", "sensor_date": "2026/08/11 15:54 UTC", "metodo": "Photo-interpretation", "copyright": "© ICube-SERTIT 2026", "producto_id": 3244, "capa": "UrbanP"}}, {"type": "Feature", "geometry": {"type": "Point", "coordinates": [-75.69205752699997, 4.807795546000023]}, "properties": {"municipio": "Pereira", "departamento": "Risaralda", "dano": "Possibly damaged", "tipo": "Residential", "sensor": "Pleiades", "sensor_date": "2026/08/11 15:54 UTC", "metodo": "Photo-interpretation", "copyright": "© ICube-SERTIT 2026", "producto_id": 3244, "capa": "UrbanP"}}, {"type": "Feature", "geometry": {"type": "Point", "coordinates": [-75.69207960799997, 4.80737534900004]}, "properties": {"municipio": "Pereira", "departamento": "Risaralda", "dano": "Possibly damaged", "tipo": "Residential", "sensor": "Pleiades", "sensor_date": "2026/08/11 15:54 UTC", "metodo": "Photo-interpretation", "copyright": "© ICube-SERTIT 2026", "producto_id": 3244, "capa": "UrbanP"}}, {"type": "Feature", "geometry": {"type": "Point", "coordinates": [-75.69250454499996, 4.808531925000068]}, "properties": {"municipio": "Pereira", "departamento": "Risaralda", "dano": "Destroyed", "tipo": "Residential", "sensor": "Pleiades", "sensor_date": "2026/08/11 15:54 UTC", "metodo": "Photo-interpretation", "copyright": "© ICube-SERTIT 2026", "producto_id": 3244, "capa": "UrbanP"}}, {"type": "Feature", "geometry": {"type": "Point", "coordinates": [-75.69268037299997, 4.808250973000042]}, "properties": {"municipio": "Pereira", "departamento": "Risaralda", "dano": "Damaged", "tipo": "Residential", "sensor": "Pleiades", "sensor_date": "2026/08/11 15:54 UTC", "metodo": "Photo-interpretation", "copyright": "© ICube-SERTIT 2026", "producto_id": 3244, "capa": "UrbanP"}}, {"type": "Feature", "geometry": {"type": "Point", "coordinates": [-75.69242324999993, 4.808219686000029]}, "properties": {"municipio": "Pereira", "departamento": "Risaralda", "dano": "Destroyed", "tipo": "Residential", "sensor": "Pleiades", "sensor_date": "2026/08/11 15:54 UTC", "metodo": "Photo-interpretation", "copyright": "© ICube-SERTIT 2026", "producto_id": 3244, "capa": "UrbanP"}}, {"type": "Feature", "geometry": {"type": "Point", "coordinates": [-75.69230760499994, 4.808148822000021]}, "properties": {"municipio": "Pereira", "departamento": "Risaralda", "dano": "Damaged", "tipo": "Residential", "sensor": "Pleiades", "sensor_date": "2026/08/11 15:54 UTC", "metodo": "Photo-interpretation", "copyright": "© ICube-SERTIT 2026", "producto_id": 3244, "capa": "UrbanP"}}, {"type": "Feature", "geometry": {"type": "Point", "coordinates": [-75.69160177199996, 4.807798473000048]}, "properties": {"municipio": "Pereira", "departamento": "Risaralda", "dano": "Damaged", "tipo": "Residential", "sensor": "Pleiades", "sensor_date": "2026/08/11 15:54 UTC", "metodo": "Photo-interpretation", "copyright": "© ICube-SERTIT 2026", "producto_id": 3244, "capa": "UrbanP"}}, {"type": "Feature", "geometry": {"type": "Point", "coordinates": [-75.69110289499997, 4.808700550000026]}, "properties": {"municipio": "Pereira", "departamento": "Risaralda", "dano": "Damaged", "tipo": "Residential", "sensor": "Pleiades", "sensor_date": "2026/08/11 15:54 UTC", "metodo": "Photo-interpretation", "copyright": "© ICube-SERTIT 2026", "producto_id": 3244, "capa": "UrbanP"}}, {"type": "Feature", "geometry": {"type": "Point", "coordinates": [-75.69080164399998, 4.80857072200007]}, "properties": {"municipio": "Pereira", "departamento": "Risaralda", "dano": "Damaged", "tipo": "Residential", "sensor": "Pleiades", "sensor_date": "2026/08/11 15:54 UTC", "metodo": "Photo-interpretation", "copyright": "© ICube-SERTIT 2026", "producto_id": 3244, "capa": "UrbanP"}}, {"type": "Feature", "geometry": {"type": "Point", "coordinates": [-75.69080247799997, 4.808180761000074]}, "properties": {"municipio": "Pereira", "departamento": "Risaralda", "dano": "Damaged", "tipo": "Residential", "sensor": "Pleiades", "sensor_date": "2026/08/11 15:54 UTC", "metodo": "Photo-interpretation", "copyright": "© ICube-SERTIT 2026", "producto_id": 3244, "capa": "UrbanP"}}, {"type": "Feature", "geometry": {"type": "Point", "coordinates": [-75.68986930899996, 4.807903646000057]}, "properties": {"municipio": "Pereira", "departamento": "Risaralda", "dano": "Damaged", "tipo": "Residential", "sensor": "Pleiades", "sensor_date": "2026/08/11 15:54 UTC", "metodo": "Photo-interpretation", "copyright": "© ICube-SERTIT 2026", "producto_id": 3244, "capa": "UrbanP"}}, {"type": "Feature", "geometry": {"type": "Point", "coordinates": [-75.69000688899996, 4.807896409000023]}, "properties": {"municipio": "Pereira", "departamento": "Risaralda", "dano": "Damaged", "tipo": "Residential", "sensor": "Pleiades", "sensor_date": "2026/08/11 15:54 UTC", "metodo": "Photo-interpretation", "copyright": "© ICube-SERTIT 2026", "producto_id": 3244, "capa": "UrbanP"}}, {"type": "Feature", "geometry": {"type": "Point", "coordinates": [-75.68884588399999, 4.808128670000031]}, "properties": {"municipio": "Pereira", "departamento": "Risaralda", "dano": "Damaged", "tipo": "Residential", "sensor": "Pleiades", "sensor_date": "2026/08/11 15:54 UTC", "metodo": "Photo-interpretation", "copyright": "© ICube-SERTIT 2026", "producto_id": 3244, "capa": "UrbanP"}}, {"type": "Feature", "geometry": {"type": "Point", "coordinates": [-75.68858402599994, 4.808080035000046]}, "properties": {"municipio": "Pereira", "departamento": "Risaralda", "dano": "Damaged", "tipo": "Residential", "sensor": "Pleiades", "sensor_date": "2026/08/11 15:54 UTC", "metodo": "Photo-interpretation", "copyright": "© ICube-SERTIT 2026", "producto_id": 3244, "capa": "UrbanP"}}, {"type": "Feature", "geometry": {"type": "Point", "coordinates": [-75.68901484799994, 4.808839109000075]}, "properties": {"municipio": "Pereira", "departamento": "Risaralda", "dano": "Damaged", "tipo": "Residential", "sensor": "Pleiades", "sensor_date": "2026/08/11 15:54 UTC", "metodo": "Photo-interpretation", "copyright": "© ICube-SERTIT 2026", "producto_id": 3244, "capa": "UrbanP"}}, {"type": "Feature", "geometry": {"type": "Point", "coordinates": [-75.69033289799995, 4.809190319000038]}, "properties": {"municipio": "Pereira", "departamento": "Risaralda", "dano": "Possibly damaged", "tipo": "Residential", "sensor": "Pleiades", "sensor_date": "2026/08/11 15:54 UTC", "metodo": "Photo-interpretation", "copyright": "© ICube-SERTIT 2026", "producto_id": 3244, "capa": "UrbanP"}}, {"type": "Feature", "geometry": {"type": "Point", "coordinates": [-75.69030986699994, 4.808961622000027]}, "properties": {"municipio": "Pereira", "departamento": "Risaralda", "dano": "Possibly damaged", "tipo": "Residential", "sensor": "Pleiades", "sensor_date": "2026/08/11 15:54 UTC", "metodo": "Photo-interpretation", "copyright": "© ICube-SERTIT 2026", "producto_id": 3244, "capa": "UrbanP"}}, {"type": "Feature", "geometry": {"type": "Point", "coordinates": [-75.69080148999996, 4.809198520000052]}, "properties": {"municipio": "Pereira", "departamento": "Risaralda", "dano": "Damaged", "tipo": "Residential", "sensor": "Pleiades", "sensor_date": "2026/08/11 15:54 UTC", "metodo": "Photo-interpretation", "copyright": "© ICube-SERTIT 2026", "producto_id": 3244, "capa": "UrbanP"}}, {"type": "Feature", "geometry": {"type": "Point", "coordinates": [-75.69065285599999, 4.809159236000028]}, "properties": {"municipio": "Pereira", "departamento": "Risaralda", "dano": "Destroyed", "tipo": "Residential", "sensor": "Pleiades", "sensor_date": "2026/08/11 15:54 UTC", "metodo": "Photo-interpretation", "copyright": "© ICube-SERTIT 2026", "producto_id": 3244, "capa": "UrbanP"}}, {"type": "Feature", "geometry": {"type": "Point", "coordinates": [-75.69064991199997, 4.809357989000034]}, "properties": {"municipio": "Pereira", "departamento": "Risaralda", "dano": "Damaged", "tipo": "Residential", "sensor": "Pleiades", "sensor_date": "2026/08/11 15:54 UTC", "metodo": "Photo-interpretation", "copyright": "© ICube-SERTIT 2026", "producto_id": 3244, "capa": "UrbanP"}}, {"type": "Feature", "geometry": {"type": "Point", "coordinates": [-75.69101121299997, 4.809783515000049]}, "properties": {"municipio": "Pereira", "departamento": "Risaralda", "dano": "Damaged", "tipo": "Residential", "sensor": "Pleiades", "sensor_date": "2026/08/11 15:54 UTC", "metodo": "Photo-interpretation", "copyright": "© ICube-SERTIT 2026", "producto_id": 3244, "capa": "UrbanP"}}, {"type": "Feature", "geometry": {"type": "Point", "coordinates": [-75.69146898899999, 4.809980223000025]}, "properties": {"municipio": "Pereira", "departamento": "Risaralda", "dano": "Damaged", "tipo": "Residential", "sensor": "Pleiades", "sensor_date": "2026/08/11 15:54 UTC", "metodo": "Photo-interpretation", "copyright": "© ICube-SERTIT 2026", "producto_id": 3244, "capa": "UrbanP"}}, {"type": "Feature", "geometry": {"type": "Point", "coordinates": [-75.69182036499996, 4.809917560000031]}, "properties": {"municipio": "Pereira", "departamento": "Risaralda", "dano": "Damaged", "tipo": "Residential", "sensor": "Pleiades", "sensor_date": "2026/08/11 15:54 UTC", "metodo": "Photo-interpretation", "copyright": "© ICube-SERTIT 2026", "producto_id": 3244, "capa": "UrbanP"}}, {"type": "Feature", "geometry": {"type": "Point", "coordinates": [-75.69173539199994, 4.809856917000047]}, "properties": {"municipio": "Pereira", "departamento": "Risaralda", "dano": "Damaged", "tipo": "Residential", "sensor": "Pleiades", "sensor_date": "2026/08/11 15:54 UTC", "metodo": "Photo-interpretation", "copyright": "© ICube-SERTIT 2026", "producto_id": 3244, "capa": "UrbanP"}}, {"type": "Feature", "geometry": {"type": "Point", "coordinates": [-75.69206167499993, 4.809860529000048]}, "properties": {"municipio": "Pereira", "departamento": "Risaralda", "dano": "Damaged", "tipo": "Residential", "sensor": "Pleiades", "sensor_date": "2026/08/11 15:54 UTC", "metodo": "Photo-interpretation", "copyright": "© ICube-SERTIT 2026", "producto_id": 3244, "capa": "UrbanP"}}, {"type": "Feature", "geometry": {"type": "Point", "coordinates": [-75.69233795199995, 4.809394132000023]}, "properties": {"municipio": "Pereira", "departamento": "Risaralda", "dano": "Damaged", "tipo": "Residential", "sensor": "Pleiades", "sensor_date": "2026/08/11 15:54 UTC", "metodo": "Photo-interpretation", "copyright": "© ICube-SERTIT 2026", "producto_id": 3244, "capa": "UrbanP"}}, {"type": "Feature", "geometry": {"type": "Point", "coordinates": [-75.69262887399998, 4.809416709000061]}, "properties": {"municipio": "Pereira", "departamento": "Risaralda", "dano": "Damaged", "tipo": "Residential", "sensor": "Pleiades", "sensor_date": "2026/08/11 15:54 UTC", "metodo": "Photo-interpretation", "copyright": "© ICube-SERTIT 2026", "producto_id": 3244, "capa": "UrbanP"}}, {"type": "Feature", "geometry": {"type": "Point", "coordinates": [-75.69250856899998, 4.809402634000037]}, "properties": {"municipio": "Pereira", "departamento": "Risaralda", "dano": "Damaged", "tipo": "Residential", "sensor": "Pleiades", "sensor_date": "2026/08/11 15:54 UTC", "metodo": "Photo-interpretation", "copyright": "© ICube-SERTIT 2026", "producto_id": 3244, "capa": "UrbanP"}}, {"type": "Feature", "geometry": {"type": "Point", "coordinates": [-75.69314286899998, 4.810006126000076]}, "properties": {"municipio": "Pereira", "departamento": "Risaralda", "dano": "Destroyed", "tipo": "Residential", "sensor": "Pleiades", "sensor_date": "2026/08/11 15:54 UTC", "metodo": "Photo-interpretation", "copyright": "© ICube-SERTIT 2026", "producto_id": 3244, "capa": "UrbanP"}}, {"type": "Feature", "geometry": {"type": "Point", "coordinates": [-75.69321771899996, 4.810163787000022]}, "properties": {"municipio": "Pereira", "departamento": "Risaralda", "dano": "Damaged", "tipo": "Residential", "sensor": "Pleiades", "sensor_date": "2026/08/11 15:54 UTC", "metodo": "Photo-interpretation", "copyright": "© ICube-SERTIT 2026", "producto_id": 3244, "capa": "UrbanP"}}, {"type": "Feature", "geometry": {"type": "Point", "coordinates": [-75.69311841999996, 4.809931225000071]}, "properties": {"municipio": "Pereira", "departamento": "Risaralda", "dano": "Damaged", "tipo": "Residential", "sensor": "Pleiades", "sensor_date": "2026/08/11 15:54 UTC", "metodo": "Photo-interpretation", "copyright": "© ICube-SERTIT 2026", "producto_id": 3244, "capa": "UrbanP"}}, {"type": "Feature", "geometry": {"type": "Point", "coordinates": [-75.68971277299994, 4.810608864000073]}, "properties": {"municipio": "Pereira", "departamento": "Risaralda", "dano": "Damaged", "tipo": "Residential", "sensor": "Pleiades", "sensor_date": "2026/08/11 15:54 UTC", "metodo": "Photo-interpretation", "copyright": "© ICube-SERTIT 2026", "producto_id": 3244, "capa": "UrbanP"}}, {"type": "Feature", "geometry": {"type": "Point", "coordinates": [-75.68970084299997, 4.810961322000026]}, "properties": {"municipio": "Pereira", "departamento": "Risaralda", "dano": "Possibly damaged", "tipo": "Residential", "sensor": "Pleiades", "sensor_date": "2026/08/11 15:54 UTC", "metodo": "Photo-interpretation", "copyright": "© ICube-SERTIT 2026", "producto_id": 3244, "capa": "UrbanP"}}, {"type": "Feature", "geometry": {"type": "Point", "coordinates": [-75.69008757699999, 4.810730091000039]}, "properties": {"municipio": "Pereira", "departamento": "Risaralda", "dano": "Damaged", "tipo": "Residential", "sensor": "Pleiades", "sensor_date": "2026/08/11 15:54 UTC", "metodo": "Photo-interpretation", "copyright": "© ICube-SERTIT 2026", "producto_id": 3244, "capa": "UrbanP"}}, {"type": "Feature", "geometry": {"type": "Point", "coordinates": [-75.68996902499998, 4.810895836000043]}, "properties": {"municipio": "Pereira", "departamento": "Risaralda", "dano": "Possibly damaged", "tipo": "Residential", "sensor": "Pleiades", "sensor_date": "2026/08/11 15:54 UTC", "metodo": "Photo-interpretation", "copyright": "© ICube-SERTIT 2026", "producto_id": 3244, "capa": "UrbanP"}}, {"type": "Feature", "geometry": {"type": "Point", "coordinates": [-75.69280004699993, 4.81230787100003]}, "properties": {"municipio": "Pereira", "departamento": "Risaralda", "dano": "Possibly damaged", "tipo": "Residential", "sensor": "Pleiades", "sensor_date": "2026/08/11 15:54 UTC", "metodo": "Photo-interpretation", "copyright": "© ICube-SERTIT 2026", "producto_id": 3244, "capa": "UrbanP"}}, {"type": "Feature", "geometry": {"type": "Point", "coordinates": [-75.69264438499994, 4.813531435000073]}, "properties": {"municipio": "Pereira", "departamento": "Risaralda", "dano": "Damaged", "tipo": "Residential", "sensor": "Pleiades", "sensor_date": "2026/08/11 15:54 UTC", "metodo": "Photo-interpretation", "copyright": "© ICube-SERTIT 2026", "producto_id": 3244, "capa": "UrbanP"}}, {"type": "Feature", "geometry": {"type": "Point", "coordinates": [-75.69148475699996, 4.813139699000033]}, "properties": {"municipio": "Pereira", "departamento": "Risaralda", "dano": "Destroyed", "tipo": "Residential", "sensor": "Pleiades", "sensor_date": "2026/08/11 15:54 UTC", "metodo": "Photo-interpretation", "copyright": "© ICube-SERTIT 2026", "producto_id": 3244, "capa": "UrbanP"}}, {"type": "Feature", "geometry": {"type": "Point", "coordinates": [-75.69146145699995, 4.813422862000039]}, "properties": {"municipio": "Pereira", "departamento": "Risaralda", "dano": "Destroyed", "tipo": "Residential", "sensor": "Pleiades", "sensor_date": "2026/08/11 15:54 UTC", "metodo": "Photo-interpretation", "copyright": "© ICube-SERTIT 2026", "producto_id": 3244, "capa": "UrbanP"}}, {"type": "Feature", "geometry": {"type": "Point", "coordinates": [-75.69146056399995, 4.813317179000023]}, "properties": {"municipio": "Pereira", "departamento": "Risaralda", "dano": "Destroyed", "tipo": "Residential", "sensor": "Pleiades", "sensor_date": "2026/08/11 15:54 UTC", "metodo": "Photo-interpretation", "copyright": "© ICube-SERTIT 2026", "producto_id": 3244, "capa": "UrbanP"}}, {"type": "Feature", "geometry": {"type": "Point", "coordinates": [-75.69134724199995, 4.813212398000076]}, "properties": {"municipio": "Pereira", "departamento": "Risaralda", "dano": "Damaged", "tipo": "Residential", "sensor": "Pleiades", "sensor_date": "2026/08/11 15:54 UTC", "metodo": "Photo-interpretation", "copyright": "© ICube-SERTIT 2026", "producto_id": 3244, "capa": "UrbanP"}}, {"type": "Feature", "geometry": {"type": "Point", "coordinates": [-75.69133246499996, 4.81337172800005]}, "properties": {"municipio": "Pereira", "departamento": "Risaralda", "dano": "Damaged", "tipo": "Residential", "sensor": "Pleiades", "sensor_date": "2026/08/11 15:54 UTC", "metodo": "Photo-interpretation", "copyright": "© ICube-SERTIT 2026", "producto_id": 3244, "capa": "UrbanP"}}, {"type": "Feature", "geometry": {"type": "Point", "coordinates": [-75.69102740699998, 4.813367306000032]}, "properties": {"municipio": "Pereira", "departamento": "Risaralda", "dano": "Damaged", "tipo": "Residential", "sensor": "Pleiades", "sensor_date": "2026/08/11 15:54 UTC", "metodo": "Photo-interpretation", "copyright": "© ICube-SERTIT 2026", "producto_id": 3244, "capa": "UrbanP"}}, {"type": "Feature", "geometry": {"type": "Point", "coordinates": [-75.69114765399996, 4.813323017000073]}, "properties": {"municipio": "Pereira", "departamento": "Risaralda", "dano": "Damaged", "tipo": "Residential", "sensor": "Pleiades", "sensor_date": "2026/08/11 15:54 UTC", "metodo": "Photo-interpretation", "copyright": "© ICube-SERTIT 2026", "producto_id": 3244, "capa": "UrbanP"}}, {"type": "Feature", "geometry": {"type": "Point", "coordinates": [-75.69074831399996, 4.812992370000075]}, "properties": {"municipio": "Pereira", "departamento": "Risaralda", "dano": "Damaged", "tipo": "Residential", "sensor": "Pleiades", "sensor_date": "2026/08/11 15:54 UTC", "metodo": "Photo-interpretation", "copyright": "© ICube-SERTIT 2026", "producto_id": 3244, "capa": "UrbanP"}}, {"type": "Feature", "geometry": {"type": "Point", "coordinates": [-75.69016586199996, 4.812738017000072]}, "properties": {"municipio": "Pereira", "departamento": "Risaralda", "dano": "Destroyed", "tipo": "Residential", "sensor": "Pleiades", "sensor_date": "2026/08/11 15:54 UTC", "metodo": "Photo-interpretation", "copyright": "© ICube-SERTIT 2026", "producto_id": 3244, "capa": "UrbanP"}}, {"type": "Feature", "geometry": {"type": "Point", "coordinates": [-75.69102665599996, 4.812476974000049]}, "properties": {"municipio": "Pereira", "departamento": "Risaralda", "dano": "Destroyed", "tipo": "Residential", "sensor": "Pleiades", "sensor_date": "2026/08/11 15:54 UTC", "metodo": "Photo-interpretation", "copyright": "© ICube-SERTIT 2026", "producto_id": 3244, "capa": "UrbanP"}}, {"type": "Feature", "geometry": {"type": "Point", "coordinates": [-75.69095292199995, 4.812451170000031]}, "properties": {"municipio": "Pereira", "departamento": "Risaralda", "dano": "Destroyed", "tipo": "Residential", "sensor": "Pleiades", "sensor_date": "2026/08/11 15:54 UTC", "metodo": "Photo-interpretation", "copyright": "© ICube-SERTIT 2026", "producto_id": 3244, "capa": "UrbanP"}}, {"type": "Feature", "geometry": {"type": "Point", "coordinates": [-75.69043675899997, 4.812377833000028]}, "properties": {"municipio": "Pereira", "departamento": "Risaralda", "dano": "Possibly damaged", "tipo": "Residential", "sensor": "Pleiades", "sensor_date": "2026/08/11 15:54 UTC", "metodo": "Photo-interpretation", "copyright": "© ICube-SERTIT 2026", "producto_id": 3244, "capa": "UrbanP"}}, {"type": "Feature", "geometry": {"type": "Point", "coordinates": [-75.68951389399996, 4.811790104000067]}, "properties": {"municipio": "Pereira", "departamento": "Risaralda", "dano": "Possibly damaged", "tipo": "Residential", "sensor": "Pleiades", "sensor_date": "2026/08/11 15:54 UTC", "metodo": "Photo-interpretation", "copyright": "© ICube-SERTIT 2026", "producto_id": 3244, "capa": "UrbanP"}}, {"type": "Feature", "geometry": {"type": "Point", "coordinates": [-75.68923563399994, 4.811732955000025]}, "properties": {"municipio": "Pereira", "departamento": "Risaralda", "dano": "Damaged", "tipo": "Residential", "sensor": "Pleiades", "sensor_date": "2026/08/11 15:54 UTC", "metodo": "Photo-interpretation", "copyright": "© ICube-SERTIT 2026", "producto_id": 3244, "capa": "UrbanP"}}, {"type": "Feature", "geometry": {"type": "Point", "coordinates": [-75.68898694399996, 4.81172513000007]}, "properties": {"municipio": "Pereira", "departamento": "Risaralda", "dano": "Damaged", "tipo": "Residential", "sensor": "Pleiades", "sensor_date": "2026/08/11 15:54 UTC", "metodo": "Photo-interpretation", "copyright": "© ICube-SERTIT 2026", "producto_id": 3244, "capa": "UrbanP"}}, {"type": "Feature", "geometry": {"type": "Point", "coordinates": [-75.68920667899994, 4.811405450000052]}, "properties": {"municipio": "Pereira", "departamento": "Risaralda", "dano": "Damaged", "tipo": "Residential", "sensor": "Pleiades", "sensor_date": "2026/08/11 15:54 UTC", "metodo": "Photo-interpretation", "copyright": "© ICube-SERTIT 2026", "producto_id": 3244, "capa": "UrbanP"}}, {"type": "Feature", "geometry": {"type": "Point", "coordinates": [-75.68920551199994, 4.811134450000054]}, "properties": {"municipio": "Pereira", "departamento": "Risaralda", "dano": "Damaged", "tipo": "Residential", "sensor": "Pleiades", "sensor_date": "2026/08/11 15:54 UTC", "metodo": "Photo-interpretation", "copyright": "© ICube-SERTIT 2026", "producto_id": 3244, "capa": "UrbanP"}}, {"type": "Feature", "geometry": {"type": "Point", "coordinates": [-75.68936475299995, 4.811146852000036]}, "properties": {"municipio": "Pereira", "departamento": "Risaralda", "dano": "Damaged", "tipo": "Residential", "sensor": "Pleiades", "sensor_date": "2026/08/11 15:54 UTC", "metodo": "Photo-interpretation", "copyright": "© ICube-SERTIT 2026", "producto_id": 3244, "capa": "UrbanP"}}, {"type": "Feature", "geometry": {"type": "Point", "coordinates": [-75.68942496299996, 4.810532103000071]}, "properties": {"municipio": "Pereira", "departamento": "Risaralda", "dano": "Possibly damaged", "tipo": "Residential", "sensor": "Pleiades", "sensor_date": "2026/08/11 15:54 UTC", "metodo": "Photo-interpretation", "copyright": "© ICube-SERTIT 2026", "producto_id": 3244, "capa": "UrbanP"}}, {"type": "Feature", "geometry": {"type": "Point", "coordinates": [-75.69161349299998, 4.813435792000064]}, "properties": {"municipio": "Pereira", "departamento": "Risaralda", "dano": "Damaged", "tipo": "Residential", "sensor": "Pleiades", "sensor_date": "2026/08/11 15:54 UTC", "metodo": "Photo-interpretation", "copyright": "© ICube-SERTIT 2026", "producto_id": 3244, "capa": "UrbanP"}}, {"type": "Feature", "geometry": {"type": "Point", "coordinates": [-75.69103695399997, 4.81324505300006]}, "properties": {"municipio": "Pereira", "departamento": "Risaralda", "dano": "Damaged", "tipo": "Residential", "sensor": "Pleiades", "sensor_date": "2026/08/11 15:54 UTC", "metodo": "Photo-interpretation", "copyright": "© ICube-SERTIT 2026", "producto_id": 3244, "capa": "UrbanP"}}, {"type": "Feature", "geometry": {"type": "Point", "coordinates": [-75.68991122499995, 4.813113417000068]}, "properties": {"municipio": "Pereira", "departamento": "Risaralda", "dano": "Damaged", "tipo": "Residential", "sensor": "Pleiades", "sensor_date": "2026/08/11 15:54 UTC", "metodo": "Photo-interpretation", "copyright": "© ICube-SERTIT 2026", "producto_id": 3244, "capa": "UrbanP"}}, {"type": "Feature", "geometry": {"type": "Point", "coordinates": [-75.69010467199996, 4.812710706000075]}, "properties": {"municipio": "Pereira", "departamento": "Risaralda", "dano": "Damaged", "tipo": "Residential", "sensor": "Pleiades", "sensor_date": "2026/08/11 15:54 UTC", "metodo": "Photo-interpretation", "copyright": "© ICube-SERTIT 2026", "producto_id": 3244, "capa": "UrbanP"}}, {"type": "Feature", "geometry": {"type": "Point", "coordinates": [-75.68948880399995, 4.812792879000028]}, "properties": {"municipio": "Pereira", "departamento": "Risaralda", "dano": "Damaged", "tipo": "Residential", "sensor": "Pleiades", "sensor_date": "2026/08/11 15:54 UTC", "metodo": "Photo-interpretation", "copyright": "© ICube-SERTIT 2026", "producto_id": 3244, "capa": "UrbanP"}}, {"type": "Feature", "geometry": {"type": "Point", "coordinates": [-75.68898004399995, 4.813672654000072]}, "properties": {"municipio": "Pereira", "departamento": "Risaralda", "dano": "Possibly damaged", "tipo": "Residential", "sensor": "Pleiades", "sensor_date": "2026/08/11 15:54 UTC", "metodo": "Photo-interpretation", "copyright": "© ICube-SERTIT 2026", "producto_id": 3244, "capa": "UrbanP"}}, {"type": "Feature", "geometry": {"type": "Point", "coordinates": [-75.68936304699997, 4.813142201000062]}, "properties": {"municipio": "Pereira", "departamento": "Risaralda", "dano": "Possibly damaged", "tipo": "Residential", "sensor": "Pleiades", "sensor_date": "2026/08/11 15:54 UTC", "metodo": "Photo-interpretation", "copyright": "© ICube-SERTIT 2026", "producto_id": 3244, "capa": "UrbanP"}}, {"type": "Feature", "geometry": {"type": "Point", "coordinates": [-75.69013107299998, 4.814087594000057]}, "properties": {"municipio": "Pereira", "departamento": "Risaralda", "dano": "Damaged", "tipo": "Residential", "sensor": "Pleiades", "sensor_date": "2026/08/11 15:54 UTC", "metodo": "Photo-interpretation", "copyright": "© ICube-SERTIT 2026", "producto_id": 3244, "capa": "UrbanP"}}, {"type": "Feature", "geometry": {"type": "Point", "coordinates": [-75.69040309399998, 4.814089409000076]}, "properties": {"municipio": "Pereira", "departamento": "Risaralda", "dano": "Damaged", "tipo": "Residential", "sensor": "Pleiades", "sensor_date": "2026/08/11 15:54 UTC", "metodo": "Photo-interpretation", "copyright": "© ICube-SERTIT 2026", "producto_id": 3244, "capa": "UrbanP"}}, {"type": "Feature", "geometry": {"type": "Point", "coordinates": [-75.69133133799994, 4.813719408000054]}, "properties": {"municipio": "Pereira", "departamento": "Risaralda", "dano": "Damaged", "tipo": "Residential", "sensor": "Pleiades", "sensor_date": "2026/08/11 15:54 UTC", "metodo": "Photo-interpretation", "copyright": "© ICube-SERTIT 2026", "producto_id": 3244, "capa": "UrbanP"}}, {"type": "Feature", "geometry": {"type": "Point", "coordinates": [-75.69158046999996, 4.813759929000071]}, "properties": {"municipio": "Pereira", "departamento": "Risaralda", "dano": "Damaged", "tipo": "Residential", "sensor": "Pleiades", "sensor_date": "2026/08/11 15:54 UTC", "metodo": "Photo-interpretation", "copyright": "© ICube-SERTIT 2026", "producto_id": 3244, "capa": "UrbanP"}}, {"type": "Feature", "geometry": {"type": "Point", "coordinates": [-75.69239178099997, 4.814220166000041]}, "properties": {"municipio": "Pereira", "departamento": "Risaralda", "dano": "Destroyed", "tipo": "Residential", "sensor": "Pleiades", "sensor_date": "2026/08/11 15:54 UTC", "metodo": "Photo-interpretation", "copyright": "© ICube-SERTIT 2026", "producto_id": 3244, "capa": "UrbanP"}}, {"type": "Feature", "geometry": {"type": "Point", "coordinates": [-75.69272278599993, 4.813803723000035]}, "properties": {"municipio": "Pereira", "departamento": "Risaralda", "dano": "Damaged", "tipo": "Residential", "sensor": "Pleiades", "sensor_date": "2026/08/11 15:54 UTC", "metodo": "Photo-interpretation", "copyright": "© ICube-SERTIT 2026", "producto_id": 3244, "capa": "UrbanP"}}, {"type": "Feature", "geometry": {"type": "Point", "coordinates": [-75.69224260899995, 4.814086495000026]}, "properties": {"municipio": "Pereira", "departamento": "Risaralda", "dano": "Damaged", "tipo": "Residential", "sensor": "Pleiades", "sensor_date": "2026/08/11 15:54 UTC", "metodo": "Photo-interpretation", "copyright": "© ICube-SERTIT 2026", "producto_id": 3244, "capa": "UrbanP"}}, {"type": "Feature", "geometry": {"type": "Point", "coordinates": [-75.69317953999996, 4.814062540000066]}, "properties": {"municipio": "Pereira", "departamento": "Risaralda", "dano": "Possibly damaged", "tipo": "Residential", "sensor": "Pleiades", "sensor_date": "2026/08/11 15:54 UTC", "metodo": "Photo-interpretation", "copyright": "© ICube-SERTIT 2026", "producto_id": 3244, "capa": "UrbanP"}}, {"type": "Feature", "geometry": {"type": "Point", "coordinates": [-75.68923196599997, 4.811804687000063]}, "properties": {"municipio": "Pereira", "departamento": "Risaralda", "dano": "Damaged", "tipo": "Residential", "sensor": "Pleiades", "sensor_date": "2026/08/11 15:54 UTC", "metodo": "Photo-interpretation", "copyright": "© ICube-SERTIT 2026", "producto_id": 3244, "capa": "UrbanP"}}, {"type": "Feature", "geometry": {"type": "Point", "coordinates": [-75.68922402299995, 4.811865585000021]}, "properties": {"municipio": "Pereira", "departamento": "Risaralda", "dano": "Damaged", "tipo": "Residential", "sensor": "Pleiades", "sensor_date": "2026/08/11 15:54 UTC", "metodo": "Photo-interpretation", "copyright": "© ICube-SERTIT 2026", "producto_id": 3244, "capa": "UrbanP"}}, {"type": "Feature", "geometry": {"type": "Point", "coordinates": [-75.68905383099997, 4.811763382000038]}, "properties": {"municipio": "Pereira", "departamento": "Risaralda", "dano": "Damaged", "tipo": "Residential", "sensor": "Pleiades", "sensor_date": "2026/08/11 15:54 UTC", "metodo": "Photo-interpretation", "copyright": "© ICube-SERTIT 2026", "producto_id": 3244, "capa": "UrbanP"}}, {"type": "Feature", "geometry": {"type": "Point", "coordinates": [-75.68867525999997, 4.811315162000028]}, "properties": {"municipio": "Pereira", "departamento": "Risaralda", "dano": "Damaged", "tipo": "Residential", "sensor": "Pleiades", "sensor_date": "2026/08/11 15:54 UTC", "metodo": "Photo-interpretation", "copyright": "© ICube-SERTIT 2026", "producto_id": 3244, "capa": "UrbanP"}}, {"type": "Feature", "geometry": {"type": "Point", "coordinates": [-75.68918645599996, 4.812564566000049]}, "properties": {"municipio": "Pereira", "departamento": "Risaralda", "dano": "Possibly damaged", "tipo": "Residential", "sensor": "Pleiades", "sensor_date": "2026/08/11 15:54 UTC", "metodo": "Photo-interpretation", "copyright": "© ICube-SERTIT 2026", "producto_id": 3244, "capa": "UrbanP"}}, {"type": "Feature", "geometry": {"type": "Point", "coordinates": [-75.68849323699999, 4.812721183000065]}, "properties": {"municipio": "Pereira", "departamento": "Risaralda", "dano": "Possibly damaged", "tipo": "Residential", "sensor": "Pleiades", "sensor_date": "2026/08/11 15:54 UTC", "metodo": "Photo-interpretation", "copyright": "© ICube-SERTIT 2026", "producto_id": 3244, "capa": "UrbanP"}}, {"type": "Feature", "geometry": {"type": "Point", "coordinates": [-75.68826868199994, 4.812671171000034]}, "properties": {"municipio": "Pereira", "departamento": "Risaralda", "dano": "Possibly damaged", "tipo": "Residential", "sensor": "Pleiades", "sensor_date": "2026/08/11 15:54 UTC", "metodo": "Photo-interpretation", "copyright": "© ICube-SERTIT 2026", "producto_id": 3244, "capa": "UrbanP"}}, {"type": "Feature", "geometry": {"type": "Point", "coordinates": [-75.68845805099994, 4.812936035000064]}, "properties": {"municipio": "Pereira", "departamento": "Risaralda", "dano": "Possibly damaged", "tipo": "Residential", "sensor": "Pleiades", "sensor_date": "2026/08/11 15:54 UTC", "metodo": "Photo-interpretation", "copyright": "© ICube-SERTIT 2026", "producto_id": 3244, "capa": "UrbanP"}}, {"type": "Feature", "geometry": {"type": "Point", "coordinates": [-75.68817187099995, 4.813086488000067]}, "properties": {"municipio": "Pereira", "departamento": "Risaralda", "dano": "Destroyed", "tipo": "Residential", "sensor": "Pleiades", "sensor_date": "2026/08/11 15:54 UTC", "metodo": "Photo-interpretation", "copyright": "© ICube-SERTIT 2026", "producto_id": 3244, "capa": "UrbanP"}}, {"type": "Feature", "geometry": {"type": "Point", "coordinates": [-75.68860806999999, 4.810511019000046]}, "properties": {"municipio": "Pereira", "departamento": "Risaralda", "dano": "Possibly damaged", "tipo": "Residential", "sensor": "Pleiades", "sensor_date": "2026/08/11 15:54 UTC", "metodo": "Photo-interpretation", "copyright": "© ICube-SERTIT 2026", "producto_id": 3244, "capa": "UrbanP"}}, {"type": "Feature", "geometry": {"type": "Point", "coordinates": [-75.68836930399993, 4.810479662000034]}, "properties": {"municipio": "Pereira", "departamento": "Risaralda", "dano": "Possibly damaged", "tipo": "Residential", "sensor": "Pleiades", "sensor_date": "2026/08/11 15:54 UTC", "metodo": "Photo-interpretation", "copyright": "© ICube-SERTIT 2026", "producto_id": 3244, "capa": "UrbanP"}}, {"type": "Feature", "geometry": {"type": "Point", "coordinates": [-75.68910387499994, 4.80944114600004]}, "properties": {"municipio": "Pereira", "departamento": "Risaralda", "dano": "Possibly damaged", "tipo": "Residential", "sensor": "Pleiades", "sensor_date": "2026/08/11 15:54 UTC", "metodo": "Photo-interpretation", "copyright": "© ICube-SERTIT 2026", "producto_id": 3244, "capa": "UrbanP"}}, {"type": "Feature", "geometry": {"type": "Point", "coordinates": [-75.68933690999995, 4.809337833000029]}, "properties": {"municipio": "Pereira", "departamento": "Risaralda", "dano": "Possibly damaged", "tipo": "Residential", "sensor": "Pleiades", "sensor_date": "2026/08/11 15:54 UTC", "metodo": "Photo-interpretation", "copyright": "© ICube-SERTIT 2026", "producto_id": 3244, "capa": "UrbanP"}}, {"type": "Feature", "geometry": {"type": "Point", "coordinates": [-75.68941557399995, 4.80942437300007]}, "properties": {"municipio": "Pereira", "departamento": "Risaralda", "dano": "Possibly damaged", "tipo": "Residential", "sensor": "Pleiades", "sensor_date": "2026/08/11 15:54 UTC", "metodo": "Photo-interpretation", "copyright": "© ICube-SERTIT 2026", "producto_id": 3244, "capa": "UrbanP"}}, {"type": "Feature", "geometry": {"type": "Point", "coordinates": [-75.68948879999994, 4.809256257000072]}, "properties": {"municipio": "Pereira", "departamento": "Risaralda", "dano": "Damaged", "tipo": "Residential", "sensor": "Pleiades", "sensor_date": "2026/08/11 15:54 UTC", "metodo": "Photo-interpretation", "copyright": "© ICube-SERTIT 2026", "producto_id": 3244, "capa": "UrbanP"}}, {"type": "Feature", "geometry": {"type": "Point", "coordinates": [-75.68945663799997, 4.809146421000037]}, "properties": {"municipio": "Pereira", "departamento": "Risaralda", "dano": "Damaged", "tipo": "Residential", "sensor": "Pleiades", "sensor_date": "2026/08/11 15:54 UTC", "metodo": "Photo-interpretation", "copyright": "© ICube-SERTIT 2026", "producto_id": 3244, "capa": "UrbanP"}}, {"type": "Feature", "geometry": {"type": "Point", "coordinates": [-75.68954893399996, 4.80915408900006]}, "properties": {"municipio": "Pereira", "departamento": "Risaralda", "dano": "Damaged", "tipo": "Residential", "sensor": "Pleiades", "sensor_date": "2026/08/11 15:54 UTC", "metodo": "Photo-interpretation", "copyright": "© ICube-SERTIT 2026", "producto_id": 3244, "capa": "UrbanP"}}, {"type": "Feature", "geometry": {"type": "Point", "coordinates": [-75.69009641099996, 4.807882375000077]}, "properties": {"municipio": "Pereira", "departamento": "Risaralda", "dano": "Possibly damaged", "tipo": "Residential", "sensor": "Pleiades", "sensor_date": "2026/08/11 15:54 UTC", "metodo": "Photo-interpretation", "copyright": "© ICube-SERTIT 2026", "producto_id": 3244, "capa": "UrbanP"}}, {"type": "Feature", "geometry": {"type": "Point", "coordinates": [-75.69251266699996, 4.808608914000047]}, "properties": {"municipio": "Pereira", "departamento": "Risaralda", "dano": "Destroyed", "tipo": "Residential", "sensor": "Pleiades", "sensor_date": "2026/08/11 15:54 UTC", "metodo": "Photo-interpretation", "copyright": "© ICube-SERTIT 2026", "producto_id": 3244, "capa": "UrbanP"}}, {"type": "Feature", "geometry": {"type": "Point", "coordinates": [-75.68649595299996, 4.809431029000052]}, "properties": {"municipio": "Pereira", "departamento": "Risaralda", "dano": "Possibly damaged", "tipo": "Residential", "sensor": "Pleiades", "sensor_date": "2026/08/11 15:54 UTC", "metodo": "Photo-interpretation", "copyright": "© ICube-SERTIT 2026", "producto_id": 3244, "capa": "UrbanP"}}, {"type": "Feature", "geometry": {"type": "Point", "coordinates": [-75.68648867399997, 4.809336794000046]}, "properties": {"municipio": "Pereira", "departamento": "Risaralda", "dano": "Possibly damaged", "tipo": "Residential", "sensor": "Pleiades", "sensor_date": "2026/08/11 15:54 UTC", "metodo": "Photo-interpretation", "copyright": "© ICube-SERTIT 2026", "producto_id": 3244, "capa": "UrbanP"}}, {"type": "Feature", "geometry": {"type": "Point", "coordinates": [-75.68927246499999, 4.810510728000054]}, "properties": {"municipio": "Pereira", "departamento": "Risaralda", "dano": "Possibly damaged", "tipo": "Residential", "sensor": "Pleiades", "sensor_date": "2026/08/11 15:54 UTC", "metodo": "Photo-interpretation", "copyright": "© ICube-SERTIT 2026", "producto_id": 3244, "capa": "UrbanP"}}, {"type": "Feature", "geometry": {"type": "Point", "coordinates": [-75.69310425299994, 4.814448894000066]}, "properties": {"municipio": "Pereira", "departamento": "Risaralda", "dano": "Possibly damaged", "tipo": "Residential", "sensor": "Pleiades", "sensor_date": "2026/08/11 15:54 UTC", "metodo": "Photo-interpretation", "copyright": "© ICube-SERTIT 2026", "producto_id": 3244, "capa": "UrbanP"}}, {"type": "Feature", "geometry": {"type": "Point", "coordinates": [-75.69918320399995, 4.811006047000035]}, "properties": {"municipio": "Pereira", "departamento": "Risaralda", "dano": "Possibly damaged", "tipo": "Residential", "sensor": "Pleiades", "sensor_date": "2026/08/11 15:54 UTC", "metodo": "Photo-interpretation", "copyright": "© ICube-SERTIT 2026", "producto_id": 3244, "capa": "UrbanP"}}, {"type": "Feature", "geometry": {"type": "Point", "coordinates": [-75.69375909699994, 4.811445959000025]}, "properties": {"municipio": "Pereira", "departamento": "Risaralda", "dano": "Destroyed", "tipo": "Residential", "sensor": "Pleiades", "sensor_date": "2026/08/11 15:54 UTC", "metodo": "Photo-interpretation", "copyright": "© ICube-SERTIT 2026", "producto_id": 3244, "capa": "UrbanP"}}, {"type": "Feature", "geometry": {"type": "Point", "coordinates": [-75.69401390499996, 4.811581130000036]}, "properties": {"municipio": "Pereira", "departamento": "Risaralda", "dano": "Possibly damaged", "tipo": "Residential", "sensor": "Pleiades", "sensor_date": "2026/08/11 15:54 UTC", "metodo": "Photo-interpretation", "copyright": "© ICube-SERTIT 2026", "producto_id": 3244, "capa": "UrbanP"}}, {"type": "Feature", "geometry": {"type": "Point", "coordinates": [-75.69480775199997, 4.810743111000022]}, "properties": {"municipio": "Pereira", "departamento": "Risaralda", "dano": "Possibly damaged", "tipo": "Residential", "sensor": "Pleiades", "sensor_date": "2026/08/11 15:54 UTC", "metodo": "Photo-interpretation", "copyright": "© ICube-SERTIT 2026", "producto_id": 3244, "capa": "UrbanP"}}, {"type": "Feature", "geometry": {"type": "Point", "coordinates": [-75.69420366499997, 4.809962763000044]}, "properties": {"municipio": "Pereira", "departamento": "Risaralda", "dano": "Damaged", "tipo": "Residential", "sensor": "Pleiades", "sensor_date": "2026/08/11 15:54 UTC", "metodo": "Photo-interpretation", "copyright": "© ICube-SERTIT 2026", "producto_id": 3244, "capa": "UrbanP"}}, {"type": "Feature", "geometry": {"type": "Point", "coordinates": [-75.69435399299994, 4.809280886000067]}, "properties": {"municipio": "Pereira", "departamento": "Risaralda", "dano": "Damaged", "tipo": "Residential", "sensor": "Pleiades", "sensor_date": "2026/08/11 15:54 UTC", "metodo": "Photo-interpretation", "copyright": "© ICube-SERTIT 2026", "producto_id": 3244, "capa": "UrbanP"}}, {"type": "Feature", "geometry": {"type": "Point", "coordinates": [-75.69532934799997, 4.808419620000052]}, "properties": {"municipio": "Pereira", "departamento": "Risaralda", "dano": "Damaged", "tipo": "Residential", "sensor": "Pleiades", "sensor_date": "2026/08/11 15:54 UTC", "metodo": "Photo-interpretation", "copyright": "© ICube-SERTIT 2026", "producto_id": 3244, "capa": "UrbanP"}}, {"type": "Feature", "geometry": {"type": "Point", "coordinates": [-75.69560139599997, 4.808100123000031]}, "properties": {"municipio": "Pereira", "departamento": "Risaralda", "dano": "Damaged", "tipo": "Residential", "sensor": "Pleiades", "sensor_date": "2026/08/11 15:54 UTC", "metodo": "Photo-interpretation", "copyright": "© ICube-SERTIT 2026", "producto_id": 3244, "capa": "UrbanP"}}, {"type": "Feature", "geometry": {"type": "Point", "coordinates": [-75.69585795599994, 4.808462365000025]}, "properties": {"municipio": "Pereira", "departamento": "Risaralda", "dano": "Damaged", "tipo": "Residential", "sensor": "Pleiades", "sensor_date": "2026/08/11 15:54 UTC", "metodo": "Photo-interpretation", "copyright": "© ICube-SERTIT 2026", "producto_id": 3244, "capa": "UrbanP"}}, {"type": "Feature", "geometry": {"type": "Point", "coordinates": [-75.69502371799996, 4.807535315000052]}, "properties": {"municipio": "Pereira", "departamento": "Risaralda", "dano": "Damaged", "tipo": "Residential", "sensor": "Pleiades", "sensor_date": "2026/08/11 15:54 UTC", "metodo": "Photo-interpretation", "copyright": "© ICube-SERTIT 2026", "producto_id": 3244, "capa": "UrbanP"}}, {"type": "Feature", "geometry": {"type": "Point", "coordinates": [-75.69339423999998, 4.80754595600007]}, "properties": {"municipio": "Pereira", "departamento": "Risaralda", "dano": "Damaged", "tipo": "Residential", "sensor": "Pleiades", "sensor_date": "2026/08/11 15:54 UTC", "metodo": "Photo-interpretation", "copyright": "© ICube-SERTIT 2026", "producto_id": 3244, "capa": "UrbanP"}}, {"type": "Feature", "geometry": {"type": "Point", "coordinates": [-75.69562480599996, 4.807250650000071]}, "properties": {"municipio": "Pereira", "departamento": "Risaralda", "dano": "Destroyed", "tipo": "Residential", "sensor": "Pleiades", "sensor_date": "2026/08/11 15:54 UTC", "metodo": "Photo-interpretation", "copyright": "© ICube-SERTIT 2026", "producto_id": 3244, "capa": "UrbanP"}}, {"type": "Feature", "geometry": {"type": "Point", "coordinates": [-75.69709895799997, 4.806294190000074]}, "properties": {"municipio": "Pereira", "departamento": "Risaralda", "dano": "Destroyed", "tipo": "Residential", "sensor": "Pleiades", "sensor_date": "2026/08/11 15:54 UTC", "metodo": "Photo-interpretation", "copyright": "© ICube-SERTIT 2026", "producto_id": 3244, "capa": "UrbanP"}}, {"type": "Feature", "geometry": {"type": "Point", "coordinates": [-75.69663244799995, 4.806321719000039]}, "properties": {"municipio": "Pereira", "departamento": "Risaralda", "dano": "Destroyed", "tipo": "Residential", "sensor": "Pleiades", "sensor_date": "2026/08/11 15:54 UTC", "metodo": "Photo-interpretation", "copyright": "© ICube-SERTIT 2026", "producto_id": 3244, "capa": "UrbanP"}}, {"type": "Feature", "geometry": {"type": "Point", "coordinates": [-75.69624936999998, 4.806184143000053]}, "properties": {"municipio": "Pereira", "departamento": "Risaralda", "dano": "Destroyed", "tipo": "Residential", "sensor": "Pleiades", "sensor_date": "2026/08/11 15:54 UTC", "metodo": "Photo-interpretation", "copyright": "© ICube-SERTIT 2026", "producto_id": 3244, "capa": "UrbanP"}}, {"type": "Feature", "geometry": {"type": "Point", "coordinates": [-75.69651612799998, 4.805967450000026]}, "properties": {"municipio": "Pereira", "departamento": "Risaralda", "dano": "Destroyed", "tipo": "Residential", "sensor": "Pleiades", "sensor_date": "2026/08/11 15:54 UTC", "metodo": "Photo-interpretation", "copyright": "© ICube-SERTIT 2026", "producto_id": 3244, "capa": "UrbanP"}}, {"type": "Feature", "geometry": {"type": "Point", "coordinates": [-75.69620055099995, 4.805910962000041]}, "properties": {"municipio": "Pereira", "departamento": "Risaralda", "dano": "Destroyed", "tipo": "Residential", "sensor": "Pleiades", "sensor_date": "2026/08/11 15:54 UTC", "metodo": "Photo-interpretation", "copyright": "© ICube-SERTIT 2026", "producto_id": 3244, "capa": "UrbanP"}}, {"type": "Feature", "geometry": {"type": "Point", "coordinates": [-75.69473836399999, 4.805368698000052]}, "properties": {"municipio": "Pereira", "departamento": "Risaralda", "dano": "Destroyed", "tipo": "Residential", "sensor": "Pleiades", "sensor_date": "2026/08/11 15:54 UTC", "metodo": "Photo-interpretation", "copyright": "© ICube-SERTIT 2026", "producto_id": 3244, "capa": "UrbanP"}}, {"type": "Feature", "geometry": {"type": "Point", "coordinates": [-75.69522926999997, 4.805465587000072]}, "properties": {"municipio": "Pereira", "departamento": "Risaralda", "dano": "Destroyed", "tipo": "Residential", "sensor": "Pleiades", "sensor_date": "2026/08/11 15:54 UTC", "metodo": "Photo-interpretation", "copyright": "© ICube-SERTIT 2026", "producto_id": 3244, "capa": "UrbanP"}}, {"type": "Feature", "geometry": {"type": "Point", "coordinates": [-75.69430465799996, 4.805834443000037]}, "properties": {"municipio": "Pereira", "departamento": "Risaralda", "dano": "Possibly damaged", "tipo": "Residential", "sensor": "Pleiades", "sensor_date": "2026/08/11 15:54 UTC", "metodo": "Photo-interpretation", "copyright": "© ICube-SERTIT 2026", "producto_id": 3244, "capa": "UrbanP"}}, {"type": "Feature", "geometry": {"type": "Point", "coordinates": [-75.69644062799995, 4.803319085000055]}, "properties": {"municipio": "Pereira", "departamento": "Risaralda", "dano": "Possibly damaged", "tipo": "Residential", "sensor": "Pleiades", "sensor_date": "2026/08/11 15:54 UTC", "metodo": "Photo-interpretation", "copyright": "© ICube-SERTIT 2026", "producto_id": 3244, "capa": "UrbanP"}}, {"type": "Feature", "geometry": {"type": "Point", "coordinates": [-75.69516192799995, 4.802879433000044]}, "properties": {"municipio": "Pereira", "departamento": "Risaralda", "dano": "Damaged", "tipo": "Residential", "sensor": "Pleiades", "sensor_date": "2026/08/11 15:54 UTC", "metodo": "Photo-interpretation", "copyright": "© ICube-SERTIT 2026", "producto_id": 3244, "capa": "UrbanP"}}, {"type": "Feature", "geometry": {"type": "Point", "coordinates": [-75.69696529999999, 4.80214447000003]}, "properties": {"municipio": "Pereira", "departamento": "Risaralda", "dano": "Damaged", "tipo": "Residential", "sensor": "Pleiades", "sensor_date": "2026/08/11 15:54 UTC", "metodo": "Photo-interpretation", "copyright": "© ICube-SERTIT 2026", "producto_id": 3244, "capa": "UrbanP"}}, {"type": "Feature", "geometry": {"type": "Point", "coordinates": [-75.69655902099998, 4.803059260000055]}, "properties": {"municipio": "Pereira", "departamento": "Risaralda", "dano": "Possibly damaged", "tipo": "Residential", "sensor": "Pleiades", "sensor_date": "2026/08/11 15:54 UTC", "metodo": "Photo-interpretation", "copyright": "© ICube-SERTIT 2026", "producto_id": 3244, "capa": "UrbanP"}}, {"type": "Feature", "geometry": {"type": "Point", "coordinates": [-75.69725119199995, 4.802182051000045]}, "properties": {"municipio": "Pereira", "departamento": "Risaralda", "dano": "Damaged", "tipo": "Residential", "sensor": "Pleiades", "sensor_date": "2026/08/11 15:54 UTC", "metodo": "Photo-interpretation", "copyright": "© ICube-SERTIT 2026", "producto_id": 3244, "capa": "UrbanP"}}, {"type": "Feature", "geometry": {"type": "Point", "coordinates": [-75.69796384099999, 4.809548708000023]}, "properties": {"municipio": "Pereira", "departamento": "Risaralda", "dano": "Damaged", "tipo": "Residential", "sensor": "Pleiades", "sensor_date": "2026/08/11 15:54 UTC", "metodo": "Photo-interpretation", "copyright": "© ICube-SERTIT 2026", "producto_id": 3244, "capa": "UrbanP"}}, {"type": "Feature", "geometry": {"type": "Point", "coordinates": [-75.69790432099995, 4.808348358000046]}, "properties": {"municipio": "Pereira", "departamento": "Risaralda", "dano": "Destroyed", "tipo": "Residential", "sensor": "Pleiades", "sensor_date": "2026/08/11 15:54 UTC", "metodo": "Photo-interpretation", "copyright": "© ICube-SERTIT 2026", "producto_id": 3244, "capa": "UrbanP"}}, {"type": "Feature", "geometry": {"type": "Point", "coordinates": [-75.69815899399998, 4.808351176000031]}, "properties": {"municipio": "Pereira", "departamento": "Risaralda", "dano": "Possibly damaged", "tipo": "Residential", "sensor": "Pleiades", "sensor_date": "2026/08/11 15:54 UTC", "metodo": "Photo-interpretation", "copyright": "© ICube-SERTIT 2026", "producto_id": 3244, "capa": "UrbanP"}}, {"type": "Feature", "geometry": {"type": "Point", "coordinates": [-75.70124667099998, 4.80928678600003]}, "properties": {"municipio": "Pereira", "departamento": "Risaralda", "dano": "Possibly damaged", "tipo": "Residential", "sensor": "Pleiades", "sensor_date": "2026/08/11 15:54 UTC", "metodo": "Photo-interpretation", "copyright": "© ICube-SERTIT 2026", "producto_id": 3244, "capa": "UrbanP"}}, {"type": "Feature", "geometry": {"type": "Point", "coordinates": [-75.70180677899998, 4.807925746000024]}, "properties": {"municipio": "Pereira", "departamento": "Risaralda", "dano": "Possibly damaged", "tipo": "Residential", "sensor": "Pleiades", "sensor_date": "2026/08/11 15:54 UTC", "metodo": "Photo-interpretation", "copyright": "© ICube-SERTIT 2026", "producto_id": 3244, "capa": "UrbanP"}}, {"type": "Feature", "geometry": {"type": "Point", "coordinates": [-75.69869186899996, 4.80735952200007]}, "properties": {"municipio": "Pereira", "departamento": "Risaralda", "dano": "Possibly damaged", "tipo": "Residential", "sensor": "Pleiades", "sensor_date": "2026/08/11 15:54 UTC", "metodo": "Photo-interpretation", "copyright": "© ICube-SERTIT 2026", "producto_id": 3244, "capa": "UrbanP"}}, {"type": "Feature", "geometry": {"type": "Point", "coordinates": [-75.70212335599996, 4.805456886000059]}, "properties": {"municipio": "Pereira", "departamento": "Risaralda", "dano": "Possibly damaged", "tipo": "Residential", "sensor": "Pleiades", "sensor_date": "2026/08/11 15:54 UTC", "metodo": "Photo-interpretation", "copyright": "© ICube-SERTIT 2026", "producto_id": 3244, "capa": "UrbanP"}}, {"type": "Feature", "geometry": {"type": "Point", "coordinates": [-75.69938765799998, 4.803646771000047]}, "properties": {"municipio": "Pereira", "departamento": "Risaralda", "dano": "Destroyed", "tipo": "Residential", "sensor": "Pleiades", "sensor_date": "2026/08/11 15:54 UTC", "metodo": "Photo-interpretation", "copyright": "© ICube-SERTIT 2026", "producto_id": 3244, "capa": "UrbanP"}}, {"type": "Feature", "geometry": {"type": "Point", "coordinates": [-75.69806555199995, 4.80396823500007]}, "properties": {"municipio": "Pereira", "departamento": "Risaralda", "dano": "Damaged", "tipo": "Residential", "sensor": "Pleiades", "sensor_date": "2026/08/11 15:54 UTC", "metodo": "Photo-interpretation", "copyright": "© ICube-SERTIT 2026", "producto_id": 3244, "capa": "UrbanP"}}, {"type": "Feature", "geometry": {"type": "Point", "coordinates": [-75.69803193299998, 4.804097545000047]}, "properties": {"municipio": "Pereira", "departamento": "Risaralda", "dano": "Damaged", "tipo": "Residential", "sensor": "Pleiades", "sensor_date": "2026/08/11 15:54 UTC", "metodo": "Photo-interpretation", "copyright": "© ICube-SERTIT 2026", "producto_id": 3244, "capa": "UrbanP"}}, {"type": "Feature", "geometry": {"type": "Point", "coordinates": [-75.69822718199998, 4.803598220000026]}, "properties": {"municipio": "Pereira", "departamento": "Risaralda", "dano": "Damaged", "tipo": "Residential", "sensor": "Pleiades", "sensor_date": "2026/08/11 15:54 UTC", "metodo": "Photo-interpretation", "copyright": "© ICube-SERTIT 2026", "producto_id": 3244, "capa": "UrbanP"}}, {"type": "Feature", "geometry": {"type": "Point", "coordinates": [-75.69836083799999, 4.803720218000024]}, "properties": {"municipio": "Pereira", "departamento": "Risaralda", "dano": "Damaged", "tipo": "Residential", "sensor": "Pleiades", "sensor_date": "2026/08/11 15:54 UTC", "metodo": "Photo-interpretation", "copyright": "© ICube-SERTIT 2026", "producto_id": 3244, "capa": "UrbanP"}}, {"type": "Feature", "geometry": {"type": "Point", "coordinates": [-75.70223496499995, 4.807657774000063]}, "properties": {"municipio": "Pereira", "departamento": "Risaralda", "dano": "Possibly damaged", "tipo": "Residential", "sensor": "Pleiades", "sensor_date": "2026/08/11 15:54 UTC", "metodo": "Photo-interpretation", "copyright": "© ICube-SERTIT 2026", "producto_id": 3244, "capa": "UrbanP"}}, {"type": "Feature", "geometry": {"type": "Point", "coordinates": [-75.69371068499999, 4.811550275000059]}, "properties": {"municipio": "Pereira", "departamento": "Risaralda", "dano": "Destroyed", "tipo": "Residential", "sensor": "Pleiades", "sensor_date": "2026/08/11 15:54 UTC", "metodo": "Photo-interpretation", "copyright": "© ICube-SERTIT 2026", "producto_id": 3244, "capa": "UrbanP"}}, {"type": "Feature", "geometry": {"type": "Point", "coordinates": [-75.69386085999997, 4.811569167000073]}, "properties": {"municipio": "Pereira", "departamento": "Risaralda", "dano": "Destroyed", "tipo": "Residential", "sensor": "Pleiades", "sensor_date": "2026/08/11 15:54 UTC", "metodo": "Photo-interpretation", "copyright": "© ICube-SERTIT 2026", "producto_id": 3244, "capa": "UrbanP"}}, {"type": "Feature", "geometry": {"type": "Point", "coordinates": [-75.69383655799999, 4.811432414000024]}, "properties": {"municipio": "Pereira", "departamento": "Risaralda", "dano": "Destroyed", "tipo": "Residential", "sensor": "Pleiades", "sensor_date": "2026/08/11 15:54 UTC", "metodo": "Photo-interpretation", "copyright": "© ICube-SERTIT 2026", "producto_id": 3244, "capa": "UrbanP"}}, {"type": "Feature", "geometry": {"type": "Point", "coordinates": [-75.69369694699998, 4.811619543000063]}, "properties": {"municipio": "Pereira", "departamento": "Risaralda", "dano": "Possibly damaged", "tipo": "Residential", "sensor": "Pleiades", "sensor_date": "2026/08/11 15:54 UTC", "metodo": "Photo-interpretation", "copyright": "© ICube-SERTIT 2026", "producto_id": 3244, "capa": "UrbanP"}}, {"type": "Feature", "geometry": {"type": "Point", "coordinates": [-75.69521602099996, 4.811016778000067]}, "properties": {"municipio": "Pereira", "departamento": "Risaralda", "dano": "Damaged", "tipo": "Residential", "sensor": "Pleiades", "sensor_date": "2026/08/11 15:54 UTC", "metodo": "Photo-interpretation", "copyright": "© ICube-SERTIT 2026", "producto_id": 3244, "capa": "UrbanP"}}, {"type": "Feature", "geometry": {"type": "Point", "coordinates": [-75.69525336299995, 4.81326751000006]}, "properties": {"municipio": "Pereira", "departamento": "Risaralda", "dano": "Possibly damaged", "tipo": "Residential", "sensor": "Pleiades", "sensor_date": "2026/08/11 15:54 UTC", "metodo": "Photo-interpretation", "copyright": "© ICube-SERTIT 2026", "producto_id": 3244, "capa": "UrbanP"}}, {"type": "Feature", "geometry": {"type": "Point", "coordinates": [-75.69704175099997, 4.81302220300006]}, "properties": {"municipio": "Pereira", "departamento": "Risaralda", "dano": "Damaged", "tipo": "Residential", "sensor": "Pleiades", "sensor_date": "2026/08/11 15:54 UTC", "metodo": "Photo-interpretation", "copyright": "© ICube-SERTIT 2026", "producto_id": 3244, "capa": "UrbanP"}}, {"type": "Feature", "geometry": {"type": "Point", "coordinates": [-75.70112187799998, 4.814482687000066]}, "properties": {"municipio": "Pereira", "departamento": "Risaralda", "dano": "Possibly damaged", "tipo": "Residential", "sensor": "Pleiades", "sensor_date": "2026/08/11 15:54 UTC", "metodo": "Photo-interpretation", "copyright": "© ICube-SERTIT 2026", "producto_id": 3244, "capa": "UrbanP"}}, {"type": "Feature", "geometry": {"type": "Point", "coordinates": [-75.70190527299997, 4.814634346000048]}, "properties": {"municipio": "Pereira", "departamento": "Risaralda", "dano": "Possibly damaged", "tipo": "Residential", "sensor": "Pleiades", "sensor_date": "2026/08/11 15:54 UTC", "metodo": "Photo-interpretation", "copyright": "© ICube-SERTIT 2026", "producto_id": 3244, "capa": "UrbanP"}}, {"type": "Feature", "geometry": {"type": "Point", "coordinates": [-75.69785592199997, 4.804496222000068]}, "properties": {"municipio": "Pereira", "departamento": "Risaralda", "dano": "Damaged", "tipo": "Residential", "sensor": "Pleiades", "sensor_date": "2026/08/11 15:54 UTC", "metodo": "Photo-interpretation", "copyright": "© ICube-SERTIT 2026", "producto_id": 3244, "capa": "UrbanP"}}, {"type": "Feature", "geometry": {"type": "Point", "coordinates": [-75.69802955399996, 4.804204245000051]}, "properties": {"municipio": "Pereira", "departamento": "Risaralda", "dano": "Destroyed", "tipo": "Residential", "sensor": "Pleiades", "sensor_date": "2026/08/11 15:54 UTC", "metodo": "Photo-interpretation", "copyright": "© ICube-SERTIT 2026", "producto_id": 3244, "capa": "UrbanP"}}, {"type": "Feature", "geometry": {"type": "Point", "coordinates": [-75.69805804599997, 4.804207224000038]}, "properties": {"municipio": "Pereira", "departamento": "Risaralda", "dano": "Destroyed", "tipo": "Residential", "sensor": "Pleiades", "sensor_date": "2026/08/11 15:54 UTC", "metodo": "Photo-interpretation", "copyright": "© ICube-SERTIT 2026", "producto_id": 3244, "capa": "UrbanP"}}, {"type": "Feature", "geometry": {"type": "Point", "coordinates": [-75.69804723499993, 4.803897387000063]}, "properties": {"municipio": "Pereira", "departamento": "Risaralda", "dano": "Destroyed", "tipo": "Residential", "sensor": "Pleiades", "sensor_date": "2026/08/11 15:54 UTC", "metodo": "Photo-interpretation", "copyright": "© ICube-SERTIT 2026", "producto_id": 3244, "capa": "UrbanP"}}, {"type": "Feature", "geometry": {"type": "Point", "coordinates": [-75.69810271999995, 4.803904850000038]}, "properties": {"municipio": "Pereira", "departamento": "Risaralda", "dano": "Destroyed", "tipo": "Residential", "sensor": "Pleiades", "sensor_date": "2026/08/11 15:54 UTC", "metodo": "Photo-interpretation", "copyright": "© ICube-SERTIT 2026", "producto_id": 3244, "capa": "UrbanP"}}, {"type": "Feature", "geometry": {"type": "Point", "coordinates": [-75.69817024599996, 4.803957425000021]}, "properties": {"municipio": "Pereira", "departamento": "Risaralda", "dano": "Destroyed", "tipo": "Residential", "sensor": "Pleiades", "sensor_date": "2026/08/11 15:54 UTC", "metodo": "Photo-interpretation", "copyright": "© ICube-SERTIT 2026", "producto_id": 3244, "capa": "UrbanP"}}, {"type": "Feature", "geometry": {"type": "Point", "coordinates": [-75.69819279499995, 4.804014559000052]}, "properties": {"municipio": "Pereira", "departamento": "Risaralda", "dano": "Destroyed", "tipo": "Residential", "sensor": "Pleiades", "sensor_date": "2026/08/11 15:54 UTC", "metodo": "Photo-interpretation", "copyright": "© ICube-SERTIT 2026", "producto_id": 3244, "capa": "UrbanP"}}, {"type": "Feature", "geometry": {"type": "Point", "coordinates": [-75.69824984499996, 4.804086698000049]}, "properties": {"municipio": "Pereira", "departamento": "Risaralda", "dano": "Destroyed", "tipo": "Residential", "sensor": "Pleiades", "sensor_date": "2026/08/11 15:54 UTC", "metodo": "Photo-interpretation", "copyright": "© ICube-SERTIT 2026", "producto_id": 3244, "capa": "UrbanP"}}, {"type": "Feature", "geometry": {"type": "Point", "coordinates": [-75.69819593999995, 4.804158951000034]}, "properties": {"municipio": "Pereira", "departamento": "Risaralda", "dano": "Damaged", "tipo": "Residential", "sensor": "Pleiades", "sensor_date": "2026/08/11 15:54 UTC", "metodo": "Photo-interpretation", "copyright": "© ICube-SERTIT 2026", "producto_id": 3244, "capa": "UrbanP"}}, {"type": "Feature", "geometry": {"type": "Point", "coordinates": [-75.69826025299994, 4.80400095300007]}, "properties": {"municipio": "Pereira", "departamento": "Risaralda", "dano": "Damaged", "tipo": "Residential", "sensor": "Pleiades", "sensor_date": "2026/08/11 15:54 UTC", "metodo": "Photo-interpretation", "copyright": "© ICube-SERTIT 2026", "producto_id": 3244, "capa": "UrbanP"}}, {"type": "Feature", "geometry": {"type": "Point", "coordinates": [-75.69990957899995, 4.804000766000058]}, "properties": {"municipio": "Pereira", "departamento": "Risaralda", "dano": "Damaged", "tipo": "Residential", "sensor": "Pleiades", "sensor_date": "2026/08/11 15:54 UTC", "metodo": "Photo-interpretation", "copyright": "© ICube-SERTIT 2026", "producto_id": 3244, "capa": "UrbanP"}}, {"type": "Feature", "geometry": {"type": "Point", "coordinates": [-75.69961078899996, 4.803654704000053]}, "properties": {"municipio": "Pereira", "departamento": "Risaralda", "dano": "Destroyed", "tipo": "Residential", "sensor": "Pleiades", "sensor_date": "2026/08/11 15:54 UTC", "metodo": "Photo-interpretation", "copyright": "© ICube-SERTIT 2026", "producto_id": 3244, "capa": "UrbanP"}}, {"type": "Feature", "geometry": {"type": "Point", "coordinates": [-75.69470457599994, 4.810320198000056]}, "properties": {"municipio": "Pereira", "departamento": "Risaralda", "dano": "Damaged", "tipo": "Residential", "sensor": "Pleiades", "sensor_date": "2026/08/11 15:54 UTC", "metodo": "Photo-interpretation", "copyright": "© ICube-SERTIT 2026", "producto_id": 3244, "capa": "UrbanP"}}, {"type": "Feature", "geometry": {"type": "Point", "coordinates": [-75.69424908299999, 4.80703274900003]}, "properties": {"municipio": "Pereira", "departamento": "Risaralda", "dano": "Destroyed", "tipo": "Residential", "sensor": "Pleiades", "sensor_date": "2026/08/11 15:54 UTC", "metodo": "Photo-interpretation", "copyright": "© ICube-SERTIT 2026", "producto_id": 3244, "capa": "UrbanP"}}, {"type": "Feature", "geometry": {"type": "Point", "coordinates": [-75.69572959699997, 4.806894929000066]}, "properties": {"municipio": "Pereira", "departamento": "Risaralda", "dano": "Damaged", "tipo": "Residential", "sensor": "Pleiades", "sensor_date": "2026/08/11 15:54 UTC", "metodo": "Photo-interpretation", "copyright": "© ICube-SERTIT 2026", "producto_id": 3244, "capa": "UrbanP"}}, {"type": "Feature", "geometry": {"type": "Point", "coordinates": [-75.69485805099998, 4.80539273100004]}, "properties": {"municipio": "Pereira", "departamento": "Risaralda", "dano": "Possibly damaged", "tipo": "Residential", "sensor": "Pleiades", "sensor_date": "2026/08/11 15:54 UTC", "metodo": "Photo-interpretation", "copyright": "© ICube-SERTIT 2026", "producto_id": 3244, "capa": "UrbanP"}}, {"type": "Feature", "geometry": {"type": "Point", "coordinates": [-75.69786742999997, 4.808070186000066]}, "properties": {"municipio": "Pereira", "departamento": "Risaralda", "dano": "Possibly damaged", "tipo": "Residential", "sensor": "Pleiades", "sensor_date": "2026/08/11 15:54 UTC", "metodo": "Photo-interpretation", "copyright": "© ICube-SERTIT 2026", "producto_id": 3244, "capa": "UrbanP"}}, {"type": "Feature", "geometry": {"type": "Point", "coordinates": [-75.69820625899996, 4.809508153000024]}, "properties": {"municipio": "Pereira", "departamento": "Risaralda", "dano": "Damaged", "tipo": "Residential", "sensor": "Pleiades", "sensor_date": "2026/08/11 15:54 UTC", "metodo": "Photo-interpretation", "copyright": "© ICube-SERTIT 2026", "producto_id": 3244, "capa": "UrbanP"}}, {"type": "Feature", "geometry": {"type": "Point", "coordinates": [-75.69532329999998, 4.810941140000068]}, "properties": {"municipio": "Pereira", "departamento": "Risaralda", "dano": "Damaged", "tipo": "Residential", "sensor": "Pleiades", "sensor_date": "2026/08/11 15:54 UTC", "metodo": "Photo-interpretation", "copyright": "© ICube-SERTIT 2026", "producto_id": 3244, "capa": "UrbanP"}}, {"type": "Feature", "geometry": {"type": "Point", "coordinates": [-75.69475410899997, 4.810981119000076]}, "properties": {"municipio": "Pereira", "departamento": "Risaralda", "dano": "Possibly damaged", "tipo": "Residential", "sensor": "Pleiades", "sensor_date": "2026/08/11 15:54 UTC", "metodo": "Photo-interpretation", "copyright": "© ICube-SERTIT 2026", "producto_id": 3244, "capa": "UrbanP"}}, {"type": "Feature", "geometry": {"type": "Point", "coordinates": [-75.69445201499997, 4.808914427000047]}, "properties": {"municipio": "Pereira", "departamento": "Risaralda", "dano": "Damaged", "tipo": "Residential", "sensor": "Pleiades", "sensor_date": "2026/08/11 15:54 UTC", "metodo": "Photo-interpretation", "copyright": "© ICube-SERTIT 2026", "producto_id": 3244, "capa": "UrbanP"}}, {"type": "Feature", "geometry": {"type": "Point", "coordinates": [-75.69985260199996, 4.803728566000075]}, "properties": {"municipio": "Pereira", "departamento": "Risaralda", "dano": "Possibly damaged", "tipo": "Residential", "sensor": "Pleiades", "sensor_date": "2026/08/11 15:54 UTC", "metodo": "Photo-interpretation", "copyright": "© ICube-SERTIT 2026", "producto_id": 3244, "capa": "UrbanP"}}, {"type": "Feature", "geometry": {"type": "Point", "coordinates": [-75.69524120899996, 4.805325280000034]}, "properties": {"municipio": "Pereira", "departamento": "Risaralda", "dano": "Damaged", "tipo": "Residential", "sensor": "Pleiades", "sensor_date": "2026/08/11 15:54 UTC", "metodo": "Photo-interpretation", "copyright": "© ICube-SERTIT 2026", "producto_id": 3244, "capa": "UrbanP"}}, {"type": "Feature", "geometry": {"type": "Point", "coordinates": [-75.69473733699994, 4.805443073000049]}, "properties": {"municipio": "Pereira", "departamento": "Risaralda", "dano": "Damaged", "tipo": "Residential", "sensor": "Pleiades", "sensor_date": "2026/08/11 15:54 UTC", "metodo": "Photo-interpretation", "copyright": "© ICube-SERTIT 2026", "producto_id": 3244, "capa": "UrbanP"}}, {"type": "Feature", "geometry": {"type": "Point", "coordinates": [-75.69441112899995, 4.805405955000026]}, "properties": {"municipio": "Pereira", "departamento": "Risaralda", "dano": "Damaged", "tipo": "Residential", "sensor": "Pleiades", "sensor_date": "2026/08/11 15:54 UTC", "metodo": "Photo-interpretation", "copyright": "© ICube-SERTIT 2026", "producto_id": 3244, "capa": "UrbanP"}}, {"type": "Feature", "geometry": {"type": "Point", "coordinates": [-75.69376902399995, 4.809695669000064]}, "properties": {"municipio": "Pereira", "departamento": "Risaralda", "dano": "Possibly damaged", "tipo": "Residential", "sensor": "Pleiades", "sensor_date": "2026/08/11 15:54 UTC", "metodo": "Photo-interpretation", "copyright": "© ICube-SERTIT 2026", "producto_id": 3244, "capa": "UrbanP"}}, {"type": "Feature", "geometry": {"type": "Point", "coordinates": [-75.69350010299996, 4.807320205000053]}, "properties": {"municipio": "Pereira", "departamento": "Risaralda", "dano": "Damaged", "tipo": "Residential", "sensor": "Pleiades", "sensor_date": "2026/08/11 15:54 UTC", "metodo": "Photo-interpretation", "copyright": "© ICube-SERTIT 2026", "producto_id": 3244, "capa": "UrbanP"}}, {"type": "Feature", "geometry": {"type": "Point", "coordinates": [-75.69402605599998, 4.806419480000045]}, "properties": {"municipio": "Pereira", "departamento": "Risaralda", "dano": "Possibly damaged", "tipo": "Residential", "sensor": "Pleiades", "sensor_date": "2026/08/11 15:54 UTC", "metodo": "Photo-interpretation", "copyright": "© ICube-SERTIT 2026", "producto_id": 3244, "capa": "UrbanP"}}, {"type": "Feature", "geometry": {"type": "Point", "coordinates": [-75.69434148299996, 4.805702643000075]}, "properties": {"municipio": "Pereira", "departamento": "Risaralda", "dano": "Damaged", "tipo": "Residential", "sensor": "Pleiades", "sensor_date": "2026/08/11 15:54 UTC", "metodo": "Photo-interpretation", "copyright": "© ICube-SERTIT 2026", "producto_id": 3244, "capa": "UrbanP"}}, {"type": "Feature", "geometry": {"type": "Point", "coordinates": [-75.69798483199997, 4.809215108000046]}, "properties": {"municipio": "Pereira", "departamento": "Risaralda", "dano": "Damaged", "tipo": "Residential", "sensor": "Pleiades", "sensor_date": "2026/08/11 15:54 UTC", "metodo": "Photo-interpretation", "copyright": "© ICube-SERTIT 2026", "producto_id": 3244, "capa": "UrbanP"}}, {"type": "Feature", "geometry": {"type": "Point", "coordinates": [-75.69803038599997, 4.80831766600005]}, "properties": {"municipio": "Pereira", "departamento": "Risaralda", "dano": "Destroyed", "tipo": "Residential", "sensor": "Pleiades", "sensor_date": "2026/08/11 15:54 UTC", "metodo": "Photo-interpretation", "copyright": "© ICube-SERTIT 2026", "producto_id": 3244, "capa": "UrbanP"}}, {"type": "Feature", "geometry": {"type": "Point", "coordinates": [-75.69629101199996, 4.80629658600003]}, "properties": {"municipio": "Pereira", "departamento": "Risaralda", "dano": "Damaged", "tipo": "Residential", "sensor": "Pleiades", "sensor_date": "2026/08/11 15:54 UTC", "metodo": "Photo-interpretation", "copyright": "© ICube-SERTIT 2026", "producto_id": 3244, "capa": "UrbanP"}}, {"type": "Feature", "geometry": {"type": "Point", "coordinates": [-75.69601033199996, 4.805974861000038]}, "properties": {"municipio": "Pereira", "departamento": "Risaralda", "dano": "Damaged", "tipo": "Residential", "sensor": "Pleiades", "sensor_date": "2026/08/11 15:54 UTC", "metodo": "Photo-interpretation", "copyright": "© ICube-SERTIT 2026", "producto_id": 3244, "capa": "UrbanP"}}, {"type": "Feature", "geometry": {"type": "Point", "coordinates": [-75.69505319499996, 4.807645489000038]}, "properties": {"municipio": "Pereira", "departamento": "Risaralda", "dano": "Damaged", "tipo": "Residential", "sensor": "Pleiades", "sensor_date": "2026/08/11 15:54 UTC", "metodo": "Photo-interpretation", "copyright": "© ICube-SERTIT 2026", "producto_id": 3244, "capa": "UrbanP"}}, {"type": "Feature", "geometry": {"type": "Point", "coordinates": [-75.69548650199994, 4.808424984000055]}, "properties": {"municipio": "Pereira", "departamento": "Risaralda", "dano": "Damaged", "tipo": "Residential", "sensor": "Pleiades", "sensor_date": "2026/08/11 15:54 UTC", "metodo": "Photo-interpretation", "copyright": "© ICube-SERTIT 2026", "producto_id": 3244, "capa": "UrbanP"}}, {"type": "Feature", "geometry": {"type": "Point", "coordinates": [-75.68853831999996, 4.807740137000053]}, "properties": {"municipio": "Pereira", "departamento": "Risaralda", "dano": "Possibly damaged", "tipo": "Residential", "sensor": "Pleiades", "sensor_date": "2026/08/11 15:54 UTC", "metodo": "Photo-interpretation", "copyright": "© ICube-SERTIT 2026", "producto_id": 3244, "capa": "UrbanP"}}, {"type": "Feature", "geometry": {"type": "Point", "coordinates": [-75.68793188899997, 4.810593078000068]}, "properties": {"municipio": "Pereira", "departamento": "Risaralda", "dano": "Possibly damaged", "tipo": "Residential", "sensor": "Pleiades", "sensor_date": "2026/08/11 15:54 UTC", "metodo": "Photo-interpretation", "copyright": "© ICube-SERTIT 2026", "producto_id": 3244, "capa": "UrbanP"}}, {"type": "Feature", "geometry": {"type": "Point", "coordinates": [-75.68792953099995, 4.810517538000056]}, "properties": {"municipio": "Pereira", "departamento": "Risaralda", "dano": "Possibly damaged", "tipo": "Residential", "sensor": "Pleiades", "sensor_date": "2026/08/11 15:54 UTC", "metodo": "Photo-interpretation", "copyright": "© ICube-SERTIT 2026", "producto_id": 3244, "capa": "UrbanP"}}, {"type": "Feature", "geometry": {"type": "Point", "coordinates": [-75.69940494299993, 4.811970927000061]}, "properties": {"municipio": "Pereira", "departamento": "Risaralda", "dano": "Possibly damaged", "tipo": "Residential", "sensor": "Pleiades", "sensor_date": "2026/08/11 15:54 UTC", "metodo": "Photo-interpretation", "copyright": "© ICube-SERTIT 2026", "producto_id": 3244, "capa": "UrbanP"}}, {"type": "Feature", "geometry": {"type": "Point", "coordinates": [-75.69933179499998, 4.811849675000076]}, "properties": {"municipio": "Pereira", "departamento": "Risaralda", "dano": "Possibly damaged", "tipo": "Residential", "sensor": "Pleiades", "sensor_date": "2026/08/11 15:54 UTC", "metodo": "Photo-interpretation", "copyright": "© ICube-SERTIT 2026", "producto_id": 3244, "capa": "UrbanP"}}, {"type": "Feature", "geometry": {"type": "Point", "coordinates": [-75.69907474099995, 4.812646575000031]}, "properties": {"municipio": "Pereira", "departamento": "Risaralda", "dano": "Possibly damaged", "tipo": "Residential", "sensor": "Pleiades", "sensor_date": "2026/08/11 15:54 UTC", "metodo": "Photo-interpretation", "copyright": "© ICube-SERTIT 2026", "producto_id": 3244, "capa": "UrbanP"}}, {"type": "Feature", "geometry": {"type": "Point", "coordinates": [-75.69633685799994, 4.813169026000025]}, "properties": {"municipio": "Pereira", "departamento": "Risaralda", "dano": "Possibly damaged", "tipo": "Residential", "sensor": "Pleiades", "sensor_date": "2026/08/11 15:54 UTC", "metodo": "Photo-interpretation", "copyright": "© ICube-SERTIT 2026", "producto_id": 3244, "capa": "UrbanP"}}, {"type": "Feature", "geometry": {"type": "Point", "coordinates": [-75.69865728999997, 4.81280037800002]}, "properties": {"municipio": "Pereira", "departamento": "Risaralda", "dano": "Possibly damaged", "tipo": "Residential", "sensor": "Pleiades", "sensor_date": "2026/08/11 15:54 UTC", "metodo": "Photo-interpretation", "copyright": "© ICube-SERTIT 2026", "producto_id": 3244, "capa": "UrbanP"}}, {"type": "Feature", "geometry": {"type": "Point", "coordinates": [-75.69640356999997, 4.806956111000034]}, "properties": {"municipio": "Pereira", "departamento": "Risaralda", "dano": "Possibly damaged", "tipo": "Residential", "sensor": "Pleiades", "sensor_date": "2026/08/11 15:54 UTC", "metodo": "Photo-interpretation", "copyright": "© ICube-SERTIT 2026", "producto_id": 3244, "capa": "UrbanP"}}, {"type": "Feature", "geometry": {"type": "Point", "coordinates": [-75.69615138499995, 4.805807198000025]}, "properties": {"municipio": "Pereira", "departamento": "Risaralda", "dano": "Possibly damaged", "tipo": "Residential", "sensor": "Pleiades", "sensor_date": "2026/08/11 15:54 UTC", "metodo": "Photo-interpretation", "copyright": "© ICube-SERTIT 2026", "producto_id": 3244, "capa": "UrbanP"}}, {"type": "Feature", "geometry": {"type": "Point", "coordinates": [-75.69769163399997, 4.803470655000069]}, "properties": {"municipio": "Pereira", "departamento": "Risaralda", "dano": "Possibly damaged", "tipo": "Residential", "sensor": "Pleiades", "sensor_date": "2026/08/11 15:54 UTC", "metodo": "Photo-interpretation", "copyright": "© ICube-SERTIT 2026", "producto_id": 3244, "capa": "UrbanP"}}, {"type": "Feature", "geometry": {"type": "Point", "coordinates": [-75.69794679899996, 4.803060630000061]}, "properties": {"municipio": "Pereira", "departamento": "Risaralda", "dano": "Damaged", "tipo": "Residential", "sensor": "Pleiades", "sensor_date": "2026/08/11 15:54 UTC", "metodo": "Photo-interpretation", "copyright": "© ICube-SERTIT 2026", "producto_id": 3244, "capa": "UrbanP"}}, {"type": "Feature", "geometry": {"type": "Point", "coordinates": [-75.69618791899995, 4.803579784000021]}, "properties": {"municipio": "Pereira", "departamento": "Risaralda", "dano": "Possibly damaged", "tipo": "Residential", "sensor": "Pleiades", "sensor_date": "2026/08/11 15:54 UTC", "metodo": "Photo-interpretation", "copyright": "© ICube-SERTIT 2026", "producto_id": 3244, "capa": "UrbanP"}}, {"type": "Feature", "geometry": {"type": "Point", "coordinates": [-75.69414295999997, 4.805536833000076]}, "properties": {"municipio": "Pereira", "departamento": "Risaralda", "dano": "Damaged", "tipo": "Residential", "sensor": "Pleiades", "sensor_date": "2026/08/11 15:54 UTC", "metodo": "Photo-interpretation", "copyright": "© ICube-SERTIT 2026", "producto_id": 3244, "capa": "UrbanP"}}, {"type": "Feature", "geometry": {"type": "Point", "coordinates": [-75.69403799099996, 4.805539229000033]}, "properties": {"municipio": "Pereira", "departamento": "Risaralda", "dano": "Possibly damaged", "tipo": "Residential", "sensor": "Pleiades", "sensor_date": "2026/08/11 15:54 UTC", "metodo": "Photo-interpretation", "copyright": "© ICube-SERTIT 2026", "producto_id": 3244, "capa": "UrbanP"}}, {"type": "Feature", "geometry": {"type": "Point", "coordinates": [-75.69385131499996, 4.805981232000022]}, "properties": {"municipio": "Pereira", "departamento": "Risaralda", "dano": "Possibly damaged", "tipo": "Residential", "sensor": "Pleiades", "sensor_date": "2026/08/11 15:54 UTC", "metodo": "Photo-interpretation", "copyright": "© ICube-SERTIT 2026", "producto_id": 3244, "capa": "UrbanP"}}, {"type": "Feature", "geometry": {"type": "Point", "coordinates": [-75.69384884299996, 4.805793521000055]}, "properties": {"municipio": "Pereira", "departamento": "Risaralda", "dano": "Possibly damaged", "tipo": "Residential", "sensor": "Pleiades", "sensor_date": "2026/08/11 15:54 UTC", "metodo": "Photo-interpretation", "copyright": "© ICube-SERTIT 2026", "producto_id": 3244, "capa": "UrbanP"}}, {"type": "Feature", "geometry": {"type": "Point", "coordinates": [-75.68687668399997, 4.809678468000072]}, "properties": {"municipio": "Pereira", "departamento": "Risaralda", "dano": "Possibly damaged", "tipo": "Residential", "sensor": "Pleiades", "sensor_date": "2026/08/11 15:54 UTC", "metodo": "Photo-interpretation", "copyright": "© ICube-SERTIT 2026", "producto_id": 3244, "capa": "UrbanP"}}, {"type": "Feature", "geometry": {"type": "Point", "coordinates": [-76.15579861699996, 4.407368424000026]}, "properties": {"municipio": "Roldanillo", "departamento": "Valle del Cauca", "dano": "Possibly damaged", "tipo": "Residential", "sensor": "Pleiades", "sensor_date": "2026/08/13 15:15 UTC", "metodo": "Photo-interpretation", "copyright": "© ICube-SERTIT 2026", "producto_id": 3248, "capa": "UrbanP"}}, {"type": "Feature", "geometry": {"type": "Point", "coordinates": [-76.15619668799997, 4.411774544000025]}, "properties": {"municipio": "Roldanillo", "departamento": "Valle del Cauca", "dano": "Possibly damaged", "tipo": "Residential", "sensor": "Pleiades", "sensor_date": "2026/08/13 15:15 UTC", "metodo": "Photo-interpretation", "copyright": "© ICube-SERTIT 2026", "producto_id": 3248, "capa": "UrbanP"}}, {"type": "Feature", "geometry": {"type": "Point", "coordinates": [-76.15561370399996, 4.411757504000036]}, "properties": {"municipio": "Roldanillo", "departamento": "Valle del Cauca", "dano": "Possibly damaged", "tipo": "Residential", "sensor": "Pleiades", "sensor_date": "2026/08/13 15:15 UTC", "metodo": "Photo-interpretation", "copyright": "© ICube-SERTIT 2026", "producto_id": 3248, "capa": "UrbanP"}}, {"type": "Feature", "geometry": {"type": "Point", "coordinates": [-76.15542364799995, 4.411718161000067]}, "properties": {"municipio": "Roldanillo", "departamento": "Valle del Cauca", "dano": "Damaged", "tipo": "Residential", "sensor": "Pleiades", "sensor_date": "2026/08/13 15:15 UTC", "metodo": "Photo-interpretation", "copyright": "© ICube-SERTIT 2026", "producto_id": 3248, "capa": "UrbanP"}}, {"type": "Feature", "geometry": {"type": "Point", "coordinates": [-76.15471303399994, 4.411742067000034]}, "properties": {"municipio": "Roldanillo", "departamento": "Valle del Cauca", "dano": "Damaged", "tipo": "Residential", "sensor": "Pleiades", "sensor_date": "2026/08/13 15:15 UTC", "metodo": "Photo-interpretation", "copyright": "© ICube-SERTIT 2026", "producto_id": 3248, "capa": "UrbanP"}}, {"type": "Feature", "geometry": {"type": "Point", "coordinates": [-76.15458974099994, 4.411752030000059]}, "properties": {"municipio": "Roldanillo", "departamento": "Valle del Cauca", "dano": "Damaged", "tipo": "Residential", "sensor": "Pleiades", "sensor_date": "2026/08/13 15:15 UTC", "metodo": "Photo-interpretation", "copyright": "© ICube-SERTIT 2026", "producto_id": 3248, "capa": "UrbanP"}}, {"type": "Feature", "geometry": {"type": "Point", "coordinates": [-76.15520241099995, 4.411343946000045]}, "properties": {"municipio": "Roldanillo", "departamento": "Valle del Cauca", "dano": "Possibly damaged", "tipo": "Residential", "sensor": "Pleiades", "sensor_date": "2026/08/13 15:15 UTC", "metodo": "Photo-interpretation", "copyright": "© ICube-SERTIT 2026", "producto_id": 3248, "capa": "UrbanP"}}, {"type": "Feature", "geometry": {"type": "Point", "coordinates": [-76.15546632699994, 4.411276711000028]}, "properties": {"municipio": "Roldanillo", "departamento": "Valle del Cauca", "dano": "Possibly damaged", "tipo": "Residential", "sensor": "Pleiades", "sensor_date": "2026/08/13 15:15 UTC", "metodo": "Photo-interpretation", "copyright": "© ICube-SERTIT 2026", "producto_id": 3248, "capa": "UrbanP"}}, {"type": "Feature", "geometry": {"type": "Point", "coordinates": [-76.15536254499995, 4.411233796000033]}, "properties": {"municipio": "Roldanillo", "departamento": "Valle del Cauca", "dano": "Possibly damaged", "tipo": "Residential", "sensor": "Pleiades", "sensor_date": "2026/08/13 15:15 UTC", "metodo": "Photo-interpretation", "copyright": "© ICube-SERTIT 2026", "producto_id": 3248, "capa": "UrbanP"}}, {"type": "Feature", "geometry": {"type": "Point", "coordinates": [-76.15541289699996, 4.411416793000058]}, "properties": {"municipio": "Roldanillo", "departamento": "Valle del Cauca", "dano": "Possibly damaged", "tipo": "Residential", "sensor": "Pleiades", "sensor_date": "2026/08/13 15:15 UTC", "metodo": "Photo-interpretation", "copyright": "© ICube-SERTIT 2026", "producto_id": 3248, "capa": "UrbanP"}}, {"type": "Feature", "geometry": {"type": "Point", "coordinates": [-76.15530913699996, 4.41138823700004]}, "properties": {"municipio": "Roldanillo", "departamento": "Valle del Cauca", "dano": "Possibly damaged", "tipo": "Residential", "sensor": "Pleiades", "sensor_date": "2026/08/13 15:15 UTC", "metodo": "Photo-interpretation", "copyright": "© ICube-SERTIT 2026", "producto_id": 3248, "capa": "UrbanP"}}, {"type": "Feature", "geometry": {"type": "Point", "coordinates": [-76.15490366499995, 4.410523745000035]}, "properties": {"municipio": "Roldanillo", "departamento": "Valle del Cauca", "dano": "Possibly damaged", "tipo": "Residential", "sensor": "Pleiades", "sensor_date": "2026/08/13 15:15 UTC", "metodo": "Photo-interpretation", "copyright": "© ICube-SERTIT 2026", "producto_id": 3248, "capa": "UrbanP"}}, {"type": "Feature", "geometry": {"type": "Point", "coordinates": [-76.15585987699995, 4.411369431000026]}, "properties": {"municipio": "Roldanillo", "departamento": "Valle del Cauca", "dano": "Possibly damaged", "tipo": "Residential", "sensor": "Pleiades", "sensor_date": "2026/08/13 15:15 UTC", "metodo": "Photo-interpretation", "copyright": "© ICube-SERTIT 2026", "producto_id": 3248, "capa": "UrbanP"}}, {"type": "Feature", "geometry": {"type": "Point", "coordinates": [-76.15468792199994, 4.412089199000036]}, "properties": {"municipio": "Roldanillo", "departamento": "Valle del Cauca", "dano": "Damaged", "tipo": "Residential", "sensor": "Pleiades", "sensor_date": "2026/08/13 15:15 UTC", "metodo": "Photo-interpretation", "copyright": "© ICube-SERTIT 2026", "producto_id": 3248, "capa": "UrbanP"}}, {"type": "Feature", "geometry": {"type": "Point", "coordinates": [-76.15744146499998, 4.411891064000031]}, "properties": {"municipio": "Roldanillo", "departamento": "Valle del Cauca", "dano": "Possibly damaged", "tipo": "Residential", "sensor": "Pleiades", "sensor_date": "2026/08/13 15:15 UTC", "metodo": "Photo-interpretation", "copyright": "© ICube-SERTIT 2026", "producto_id": 3248, "capa": "UrbanP"}}, {"type": "Feature", "geometry": {"type": "Point", "coordinates": [-76.15164007899995, 4.411620093000067]}, "properties": {"municipio": "Roldanillo", "departamento": "Valle del Cauca", "dano": "Possibly damaged", "tipo": "Residential", "sensor": "Pleiades", "sensor_date": "2026/08/13 15:15 UTC", "metodo": "Photo-interpretation", "copyright": "© ICube-SERTIT 2026", "producto_id": 3248, "capa": "UrbanP"}}, {"type": "Feature", "geometry": {"type": "Point", "coordinates": [-76.15147205299996, 4.411663430000033]}, "properties": {"municipio": "Roldanillo", "departamento": "Valle del Cauca", "dano": "Damaged", "tipo": "Residential", "sensor": "Pleiades", "sensor_date": "2026/08/13 15:15 UTC", "metodo": "Photo-interpretation", "copyright": "© ICube-SERTIT 2026", "producto_id": 3248, "capa": "UrbanP"}}, {"type": "Feature", "geometry": {"type": "Point", "coordinates": [-76.15136084799997, 4.411662593000074]}, "properties": {"municipio": "Roldanillo", "departamento": "Valle del Cauca", "dano": "Damaged", "tipo": "Residential", "sensor": "Pleiades", "sensor_date": "2026/08/13 15:15 UTC", "metodo": "Photo-interpretation", "copyright": "© ICube-SERTIT 2026", "producto_id": 3248, "capa": "UrbanP"}}, {"type": "Feature", "geometry": {"type": "Point", "coordinates": [-76.15122883399994, 4.411649449000038]}, "properties": {"municipio": "Roldanillo", "departamento": "Valle del Cauca", "dano": "Possibly damaged", "tipo": "Residential", "sensor": "Pleiades", "sensor_date": "2026/08/13 15:15 UTC", "metodo": "Photo-interpretation", "copyright": "© ICube-SERTIT 2026", "producto_id": 3248, "capa": "UrbanP"}}, {"type": "Feature", "geometry": {"type": "Point", "coordinates": [-76.15146879199995, 4.411868050000066]}, "properties": {"municipio": "Roldanillo", "departamento": "Valle del Cauca", "dano": "Possibly damaged", "tipo": "Residential", "sensor": "Pleiades", "sensor_date": "2026/08/13 15:15 UTC", "metodo": "Photo-interpretation", "copyright": "© ICube-SERTIT 2026", "producto_id": 3248, "capa": "UrbanP"}}, {"type": "Feature", "geometry": {"type": "Point", "coordinates": [-76.15209480999994, 4.411960411000052]}, "properties": {"municipio": "Roldanillo", "departamento": "Valle del Cauca", "dano": "Possibly damaged", "tipo": "Residential", "sensor": "Pleiades", "sensor_date": "2026/08/13 15:15 UTC", "metodo": "Photo-interpretation", "copyright": "© ICube-SERTIT 2026", "producto_id": 3248, "capa": "UrbanP"}}, {"type": "Feature", "geometry": {"type": "Point", "coordinates": [-76.15268687999998, 4.410911292000037]}, "properties": {"municipio": "Roldanillo", "departamento": "Valle del Cauca", "dano": "Possibly damaged", "tipo": "Residential", "sensor": "Pleiades", "sensor_date": "2026/08/13 15:15 UTC", "metodo": "Photo-interpretation", "copyright": "© ICube-SERTIT 2026", "producto_id": 3248, "capa": "UrbanP"}}, {"type": "Feature", "geometry": {"type": "Point", "coordinates": [-76.15373806999997, 4.410730172000058]}, "properties": {"municipio": "Roldanillo", "departamento": "Valle del Cauca", "dano": "Possibly damaged", "tipo": "Residential", "sensor": "Pleiades", "sensor_date": "2026/08/13 15:15 UTC", "metodo": "Photo-interpretation", "copyright": "© ICube-SERTIT 2026", "producto_id": 3248, "capa": "UrbanP"}}, {"type": "Feature", "geometry": {"type": "Point", "coordinates": [-76.15378762499995, 4.410396251000066]}, "properties": {"municipio": "Roldanillo", "departamento": "Valle del Cauca", "dano": "Possibly damaged", "tipo": "Residential", "sensor": "Pleiades", "sensor_date": "2026/08/13 15:15 UTC", "metodo": "Photo-interpretation", "copyright": "© ICube-SERTIT 2026", "producto_id": 3248, "capa": "UrbanP"}}, {"type": "Feature", "geometry": {"type": "Point", "coordinates": [-76.15232868499999, 4.410552876000054]}, "properties": {"municipio": "Roldanillo", "departamento": "Valle del Cauca", "dano": "Possibly damaged", "tipo": "Residential", "sensor": "Pleiades", "sensor_date": "2026/08/13 15:15 UTC", "metodo": "Photo-interpretation", "copyright": "© ICube-SERTIT 2026", "producto_id": 3248, "capa": "UrbanP"}}, {"type": "Feature", "geometry": {"type": "Point", "coordinates": [-76.15236434499997, 4.410074856000051]}, "properties": {"municipio": "Roldanillo", "departamento": "Valle del Cauca", "dano": "Damaged", "tipo": "Residential", "sensor": "Pleiades", "sensor_date": "2026/08/13 15:15 UTC", "metodo": "Photo-interpretation", "copyright": "© ICube-SERTIT 2026", "producto_id": 3248, "capa": "UrbanP"}}, {"type": "Feature", "geometry": {"type": "Point", "coordinates": [-76.15225396599999, 4.410042457000031]}, "properties": {"municipio": "Roldanillo", "departamento": "Valle del Cauca", "dano": "Possibly damaged", "tipo": "Residential", "sensor": "Pleiades", "sensor_date": "2026/08/13 15:15 UTC", "metodo": "Photo-interpretation", "copyright": "© ICube-SERTIT 2026", "producto_id": 3248, "capa": "UrbanP"}}, {"type": "Feature", "geometry": {"type": "Point", "coordinates": [-76.15102580299998, 4.409862080000039]}, "properties": {"municipio": "Roldanillo", "departamento": "Valle del Cauca", "dano": "Possibly damaged", "tipo": "Residential", "sensor": "Pleiades", "sensor_date": "2026/08/13 15:15 UTC", "metodo": "Photo-interpretation", "copyright": "© ICube-SERTIT 2026", "producto_id": 3248, "capa": "UrbanP"}}, {"type": "Feature", "geometry": {"type": "Point", "coordinates": [-76.15302871099993, 4.409934356000065]}, "properties": {"municipio": "Roldanillo", "departamento": "Valle del Cauca", "dano": "Damaged", "tipo": "Residential", "sensor": "Pleiades", "sensor_date": "2026/08/13 15:15 UTC", "metodo": "Photo-interpretation", "copyright": "© ICube-SERTIT 2026", "producto_id": 3248, "capa": "UrbanP"}}, {"type": "Feature", "geometry": {"type": "Point", "coordinates": [-76.15390016499998, 4.409161212000072]}, "properties": {"municipio": "Roldanillo", "departamento": "Valle del Cauca", "dano": "Possibly damaged", "tipo": "Residential", "sensor": "Pleiades", "sensor_date": "2026/08/13 15:15 UTC", "metodo": "Photo-interpretation", "copyright": "© ICube-SERTIT 2026", "producto_id": 3248, "capa": "UrbanP"}}, {"type": "Feature", "geometry": {"type": "Point", "coordinates": [-76.15244792699997, 4.409023468000044]}, "properties": {"municipio": "Roldanillo", "departamento": "Valle del Cauca", "dano": "Possibly damaged", "tipo": "Residential", "sensor": "Pleiades", "sensor_date": "2026/08/13 15:15 UTC", "metodo": "Photo-interpretation", "copyright": "© ICube-SERTIT 2026", "producto_id": 3248, "capa": "UrbanP"}}, {"type": "Feature", "geometry": {"type": "Point", "coordinates": [-76.15333913299997, 4.409463620000054]}, "properties": {"municipio": "Roldanillo", "departamento": "Valle del Cauca", "dano": "Possibly damaged", "tipo": "Residential", "sensor": "Pleiades", "sensor_date": "2026/08/13 15:15 UTC", "metodo": "Photo-interpretation", "copyright": "© ICube-SERTIT 2026", "producto_id": 3248, "capa": "UrbanP"}}, {"type": "Feature", "geometry": {"type": "Point", "coordinates": [-76.15323620899994, 4.409977110000057]}, "properties": {"municipio": "Roldanillo", "departamento": "Valle del Cauca", "dano": "Possibly damaged", "tipo": "Residential", "sensor": "Pleiades", "sensor_date": "2026/08/13 15:15 UTC", "metodo": "Photo-interpretation", "copyright": "© ICube-SERTIT 2026", "producto_id": 3248, "capa": "UrbanP"}}, {"type": "Feature", "geometry": {"type": "Point", "coordinates": [-76.15382277999998, 4.410001327000032]}, "properties": {"municipio": "Roldanillo", "departamento": "Valle del Cauca", "dano": "Possibly damaged", "tipo": "Residential", "sensor": "Pleiades", "sensor_date": "2026/08/13 15:15 UTC", "metodo": "Photo-interpretation", "copyright": "© ICube-SERTIT 2026", "producto_id": 3248, "capa": "UrbanP"}}, {"type": "Feature", "geometry": {"type": "Point", "coordinates": [-76.15114000499995, 4.409703955000055]}, "properties": {"municipio": "Roldanillo", "departamento": "Valle del Cauca", "dano": "Damaged", "tipo": "Residential", "sensor": "Pleiades", "sensor_date": "2026/08/13 15:15 UTC", "metodo": "Photo-interpretation", "copyright": "© ICube-SERTIT 2026", "producto_id": 3248, "capa": "UrbanP"}}, {"type": "Feature", "geometry": {"type": "Point", "coordinates": [-76.15477991899996, 4.406815756000071]}, "properties": {"municipio": "Roldanillo", "departamento": "Valle del Cauca", "dano": "Possibly damaged", "tipo": "Residential", "sensor": "Pleiades", "sensor_date": "2026/08/13 15:15 UTC", "metodo": "Photo-interpretation", "copyright": "© ICube-SERTIT 2026", "producto_id": 3248, "capa": "UrbanP"}}, {"type": "Feature", "geometry": {"type": "Point", "coordinates": [-76.15432970899997, 4.407085685000027]}, "properties": {"municipio": "Roldanillo", "departamento": "Valle del Cauca", "dano": "Possibly damaged", "tipo": "Residential", "sensor": "Pleiades", "sensor_date": "2026/08/13 15:15 UTC", "metodo": "Photo-interpretation", "copyright": "© ICube-SERTIT 2026", "producto_id": 3248, "capa": "UrbanP"}}, {"type": "Feature", "geometry": {"type": "Point", "coordinates": [-76.15605047099996, 4.40741685200004]}, "properties": {"municipio": "Roldanillo", "departamento": "Valle del Cauca", "dano": "Possibly damaged", "tipo": "Residential", "sensor": "Pleiades", "sensor_date": "2026/08/13 15:15 UTC", "metodo": "Photo-interpretation", "copyright": "© ICube-SERTIT 2026", "producto_id": 3248, "capa": "UrbanP"}}, {"type": "Feature", "geometry": {"type": "Point", "coordinates": [-76.15009017299997, 4.406115855000053]}, "properties": {"municipio": "Roldanillo", "departamento": "Valle del Cauca", "dano": "Possibly damaged", "tipo": "Residential", "sensor": "Pleiades", "sensor_date": "2026/08/13 15:15 UTC", "metodo": "Photo-interpretation", "copyright": "© ICube-SERTIT 2026", "producto_id": 3248, "capa": "UrbanP"}}, {"type": "Feature", "geometry": {"type": "Point", "coordinates": [-76.15119997199997, 4.406839261000073]}, "properties": {"municipio": "Roldanillo", "departamento": "Valle del Cauca", "dano": "Possibly damaged", "tipo": "Residential", "sensor": "Pleiades", "sensor_date": "2026/08/13 15:15 UTC", "metodo": "Photo-interpretation", "copyright": "© ICube-SERTIT 2026", "producto_id": 3248, "capa": "UrbanP"}}, {"type": "Feature", "geometry": {"type": "Point", "coordinates": [-76.15142899399996, 4.406925060000049]}, "properties": {"municipio": "Roldanillo", "departamento": "Valle del Cauca", "dano": "Possibly damaged", "tipo": "Residential", "sensor": "Pleiades", "sensor_date": "2026/08/13 15:15 UTC", "metodo": "Photo-interpretation", "copyright": "© ICube-SERTIT 2026", "producto_id": 3248, "capa": "UrbanP"}}, {"type": "Feature", "geometry": {"type": "Point", "coordinates": [-76.15197577999999, 4.406662162000032]}, "properties": {"municipio": "Roldanillo", "departamento": "Valle del Cauca", "dano": "Possibly damaged", "tipo": "Residential", "sensor": "Pleiades", "sensor_date": "2026/08/13 15:15 UTC", "metodo": "Photo-interpretation", "copyright": "© ICube-SERTIT 2026", "producto_id": 3248, "capa": "UrbanP"}}, {"type": "Feature", "geometry": {"type": "Point", "coordinates": [-76.15185774199995, 4.406651576000058]}, "properties": {"municipio": "Roldanillo", "departamento": "Valle del Cauca", "dano": "Possibly damaged", "tipo": "Residential", "sensor": "Pleiades", "sensor_date": "2026/08/13 15:15 UTC", "metodo": "Photo-interpretation", "copyright": "© ICube-SERTIT 2026", "producto_id": 3248, "capa": "UrbanP"}}, {"type": "Feature", "geometry": {"type": "Point", "coordinates": [-76.15133881099996, 4.406422638000038]}, "properties": {"municipio": "Roldanillo", "departamento": "Valle del Cauca", "dano": "Possibly damaged", "tipo": "Residential", "sensor": "Pleiades", "sensor_date": "2026/08/13 15:15 UTC", "metodo": "Photo-interpretation", "copyright": "© ICube-SERTIT 2026", "producto_id": 3248, "capa": "UrbanP"}}, {"type": "Feature", "geometry": {"type": "Point", "coordinates": [-76.15156772299997, 4.406436642000074]}, "properties": {"municipio": "Roldanillo", "departamento": "Valle del Cauca", "dano": "Possibly damaged", "tipo": "Residential", "sensor": "Pleiades", "sensor_date": "2026/08/13 15:15 UTC", "metodo": "Photo-interpretation", "copyright": "© ICube-SERTIT 2026", "producto_id": 3248, "capa": "UrbanP"}}, {"type": "Feature", "geometry": {"type": "Point", "coordinates": [-76.15201933199995, 4.407074913000031]}, "properties": {"municipio": "Roldanillo", "departamento": "Valle del Cauca", "dano": "Possibly damaged", "tipo": "Residential", "sensor": "Pleiades", "sensor_date": "2026/08/13 15:15 UTC", "metodo": "Photo-interpretation", "copyright": "© ICube-SERTIT 2026", "producto_id": 3248, "capa": "UrbanP"}}, {"type": "Feature", "geometry": {"type": "Point", "coordinates": [-76.15254576599995, 4.407529991000047]}, "properties": {"municipio": "Roldanillo", "departamento": "Valle del Cauca", "dano": "Possibly damaged", "tipo": "Residential", "sensor": "Pleiades", "sensor_date": "2026/08/13 15:15 UTC", "metodo": "Photo-interpretation", "copyright": "© ICube-SERTIT 2026", "producto_id": 3248, "capa": "UrbanP"}}, {"type": "Feature", "geometry": {"type": "Point", "coordinates": [-76.15273911799994, 4.407676870000046]}, "properties": {"municipio": "Roldanillo", "departamento": "Valle del Cauca", "dano": "Possibly damaged", "tipo": "Residential", "sensor": "Pleiades", "sensor_date": "2026/08/13 15:15 UTC", "metodo": "Photo-interpretation", "copyright": "© ICube-SERTIT 2026", "producto_id": 3248, "capa": "UrbanP"}}, {"type": "Feature", "geometry": {"type": "Point", "coordinates": [-76.14702930299995, 4.418117467000059]}, "properties": {"municipio": "Roldanillo", "departamento": "Valle del Cauca", "dano": "Possibly damaged", "tipo": "Residential", "sensor": "Pleiades", "sensor_date": "2026/08/13 15:15 UTC", "metodo": "Photo-interpretation", "copyright": "© ICube-SERTIT 2026", "producto_id": 3248, "capa": "UrbanP"}}, {"type": "Feature", "geometry": {"type": "Point", "coordinates": [-76.14716823299995, 4.417758279000054]}, "properties": {"municipio": "Roldanillo", "departamento": "Valle del Cauca", "dano": "Possibly damaged", "tipo": "Residential", "sensor": "Pleiades", "sensor_date": "2026/08/13 15:15 UTC", "metodo": "Photo-interpretation", "copyright": "© ICube-SERTIT 2026", "producto_id": 3248, "capa": "UrbanP"}}, {"type": "Feature", "geometry": {"type": "Point", "coordinates": [-76.14908532899994, 4.411151507000056]}, "properties": {"municipio": "Roldanillo", "departamento": "Valle del Cauca", "dano": "Damaged", "tipo": "Residential", "sensor": "Pleiades", "sensor_date": "2026/08/13 15:15 UTC", "metodo": "Photo-interpretation", "copyright": "© ICube-SERTIT 2026", "producto_id": 3248, "capa": "UrbanP"}}, {"type": "Feature", "geometry": {"type": "Point", "coordinates": [-76.14837001999996, 4.410985516000039]}, "properties": {"municipio": "Roldanillo", "departamento": "Valle del Cauca", "dano": "Possibly damaged", "tipo": "Residential", "sensor": "Pleiades", "sensor_date": "2026/08/13 15:15 UTC", "metodo": "Photo-interpretation", "copyright": "© ICube-SERTIT 2026", "producto_id": 3248, "capa": "UrbanP"}}, {"type": "Feature", "geometry": {"type": "Point", "coordinates": [-76.14917502599997, 4.411186192000059]}, "properties": {"municipio": "Roldanillo", "departamento": "Valle del Cauca", "dano": "Damaged", "tipo": "Residential", "sensor": "Pleiades", "sensor_date": "2026/08/13 15:15 UTC", "metodo": "Photo-interpretation", "copyright": "© ICube-SERTIT 2026", "producto_id": 3248, "capa": "UrbanP"}}, {"type": "Feature", "geometry": {"type": "Point", "coordinates": [-76.14531309299997, 4.407209803000057]}, "properties": {"municipio": "Roldanillo", "departamento": "Valle del Cauca", "dano": "Possibly damaged", "tipo": "Residential", "sensor": "Pleiades", "sensor_date": "2026/08/13 15:15 UTC", "metodo": "Photo-interpretation", "copyright": "© ICube-SERTIT 2026", "producto_id": 3248, "capa": "UrbanP"}}, {"type": "Feature", "geometry": {"type": "Point", "coordinates": [-76.14620387999997, 4.405043371000033]}, "properties": {"municipio": "Roldanillo", "departamento": "Valle del Cauca", "dano": "Possibly damaged", "tipo": "Residential", "sensor": "Pleiades", "sensor_date": "2026/08/13 15:15 UTC", "metodo": "Photo-interpretation", "copyright": "© ICube-SERTIT 2026", "producto_id": 3248, "capa": "UrbanP"}}, {"type": "Feature", "geometry": {"type": "Point", "coordinates": [-76.14573835799996, 4.407579338000062]}, "properties": {"municipio": "Roldanillo", "departamento": "Valle del Cauca", "dano": "Possibly damaged", "tipo": "Residential", "sensor": "Pleiades", "sensor_date": "2026/08/13 15:15 UTC", "metodo": "Photo-interpretation", "copyright": "© ICube-SERTIT 2026", "producto_id": 3248, "capa": "UrbanP"}}, {"type": "Feature", "geometry": {"type": "Point", "coordinates": [-76.15313235199994, 4.408145615000024]}, "properties": {"municipio": "Roldanillo", "departamento": "Valle del Cauca", "dano": "Possibly damaged", "tipo": "Residential", "sensor": "Pleiades", "sensor_date": "2026/08/13 15:15 UTC", "metodo": "Photo-interpretation", "copyright": "© ICube-SERTIT 2026", "producto_id": 3248, "capa": "UrbanP"}}, {"type": "Feature", "geometry": {"type": "Point", "coordinates": [-76.15240594599999, 4.408180397000024]}, "properties": {"municipio": "Roldanillo", "departamento": "Valle del Cauca", "dano": "Possibly damaged", "tipo": "Residential", "sensor": "Pleiades", "sensor_date": "2026/08/13 15:15 UTC", "metodo": "Photo-interpretation", "copyright": "© ICube-SERTIT 2026", "producto_id": 3248, "capa": "UrbanP"}}, {"type": "Feature", "geometry": {"type": "Point", "coordinates": [-76.15349628099995, 4.408599375000051]}, "properties": {"municipio": "Roldanillo", "departamento": "Valle del Cauca", "dano": "Possibly damaged", "tipo": "Residential", "sensor": "Pleiades", "sensor_date": "2026/08/13 15:15 UTC", "metodo": "Photo-interpretation", "copyright": "© ICube-SERTIT 2026", "producto_id": 3248, "capa": "UrbanP"}}, {"type": "Feature", "geometry": {"type": "Point", "coordinates": [-76.15527257899998, 4.408125462000044]}, "properties": {"municipio": "Roldanillo", "departamento": "Valle del Cauca", "dano": "Possibly damaged", "tipo": "Residential", "sensor": "Pleiades", "sensor_date": "2026/08/13 15:15 UTC", "metodo": "Photo-interpretation", "copyright": "© ICube-SERTIT 2026", "producto_id": 3248, "capa": "UrbanP"}}, {"type": "Feature", "geometry": {"type": "Point", "coordinates": [-76.16516587599995, 4.413763570000071]}, "properties": {"municipio": "Roldanillo", "departamento": "Valle del Cauca", "dano": "Destroyed", "tipo": "Residential", "sensor": "Pleiades", "sensor_date": "2026/08/13 15:15 UTC", "metodo": "Photo-interpretation", "copyright": "© ICube-SERTIT 2026", "producto_id": 3248, "capa": "UrbanP"}}, {"type": "Feature", "geometry": {"type": "Point", "coordinates": [-76.16504376299997, 4.413433509000072]}, "properties": {"municipio": "Roldanillo", "departamento": "Valle del Cauca", "dano": "Possibly damaged", "tipo": "Residential", "sensor": "Pleiades", "sensor_date": "2026/08/13 15:15 UTC", "metodo": "Photo-interpretation", "copyright": "© ICube-SERTIT 2026", "producto_id": 3248, "capa": "UrbanP"}}, {"type": "Feature", "geometry": {"type": "Point", "coordinates": [-76.16519400599998, 4.413454811000065]}, "properties": {"municipio": "Roldanillo", "departamento": "Valle del Cauca", "dano": "Possibly damaged", "tipo": "Residential", "sensor": "Pleiades", "sensor_date": "2026/08/13 15:15 UTC", "metodo": "Photo-interpretation", "copyright": "© ICube-SERTIT 2026", "producto_id": 3248, "capa": "UrbanP"}}, {"type": "Feature", "geometry": {"type": "Point", "coordinates": [-76.16510522899995, 4.413860588000034]}, "properties": {"municipio": "Roldanillo", "departamento": "Valle del Cauca", "dano": "Possibly damaged", "tipo": "Residential", "sensor": "Pleiades", "sensor_date": "2026/08/13 15:15 UTC", "metodo": "Photo-interpretation", "copyright": "© ICube-SERTIT 2026", "producto_id": 3248, "capa": "UrbanP"}}, {"type": "Feature", "geometry": {"type": "Point", "coordinates": [-76.16015106799995, 4.413340666000067]}, "properties": {"municipio": "Roldanillo", "departamento": "Valle del Cauca", "dano": "Possibly damaged", "tipo": "Residential", "sensor": "Pleiades", "sensor_date": "2026/08/13 15:15 UTC", "metodo": "Photo-interpretation", "copyright": "© ICube-SERTIT 2026", "producto_id": 3248, "capa": "UrbanP"}}, {"type": "Feature", "geometry": {"type": "Point", "coordinates": [-76.14702164699997, 4.424477134000028]}, "properties": {"municipio": "Roldanillo", "departamento": "Valle del Cauca", "dano": "Damaged", "tipo": "Residential", "sensor": "Pleiades", "sensor_date": "2026/08/13 15:15 UTC", "metodo": "Photo-interpretation", "copyright": "© ICube-SERTIT 2026", "producto_id": 3248, "capa": "UrbanP"}}, {"type": "Feature", "geometry": {"type": "Point", "coordinates": [-76.15561792699998, 4.425456539000038]}, "properties": {"municipio": "Roldanillo", "departamento": "Valle del Cauca", "dano": "Possibly damaged", "tipo": "Residential", "sensor": "Pleiades", "sensor_date": "2026/08/13 15:15 UTC", "metodo": "Photo-interpretation", "copyright": "© ICube-SERTIT 2026", "producto_id": 3248, "capa": "UrbanP"}}, {"type": "Feature", "geometry": {"type": "Point", "coordinates": [-76.15532130599996, 4.425170947000026]}, "properties": {"municipio": "Roldanillo", "departamento": "Valle del Cauca", "dano": "Possibly damaged", "tipo": "Residential", "sensor": "Pleiades", "sensor_date": "2026/08/13 15:15 UTC", "metodo": "Photo-interpretation", "copyright": "© ICube-SERTIT 2026", "producto_id": 3248, "capa": "UrbanP"}}, {"type": "Feature", "geometry": {"type": "Point", "coordinates": [-76.14930481399995, 4.419268487000068]}, "properties": {"municipio": "Roldanillo", "departamento": "Valle del Cauca", "dano": "Possibly damaged", "tipo": "Residential", "sensor": "Pleiades", "sensor_date": "2026/08/13 15:15 UTC", "metodo": "Photo-interpretation", "copyright": "© ICube-SERTIT 2026", "producto_id": 3248, "capa": "UrbanP"}}, {"type": "Feature", "geometry": {"type": "Point", "coordinates": [-76.15296773999995, 4.412142131000053]}, "properties": {"municipio": "Roldanillo", "departamento": "Valle del Cauca", "dano": "Possibly damaged", "tipo": "Residential", "sensor": "Pleiades", "sensor_date": "2026/08/13 15:15 UTC", "metodo": "Photo-interpretation", "copyright": "© ICube-SERTIT 2026", "producto_id": 3248, "capa": "UrbanP"}}, {"type": "Feature", "geometry": {"type": "Point", "coordinates": [-76.15289863399994, 4.422398427000076]}, "properties": {"municipio": "Roldanillo", "departamento": "Valle del Cauca", "dano": "Possibly damaged", "tipo": "Residential", "sensor": "Pleiades", "sensor_date": "2026/08/13 15:15 UTC", "metodo": "Photo-interpretation", "copyright": "© ICube-SERTIT 2026", "producto_id": 3248, "capa": "UrbanP"}}, {"type": "Feature", "geometry": {"type": "Point", "coordinates": [-76.15602308699994, 4.421932028000072]}, "properties": {"municipio": "Roldanillo", "departamento": "Valle del Cauca", "dano": "Damaged", "tipo": "Residential", "sensor": "Pleiades", "sensor_date": "2026/08/13 15:15 UTC", "metodo": "Photo-interpretation", "copyright": "© ICube-SERTIT 2026", "producto_id": 3248, "capa": "UrbanP"}}, {"type": "Feature", "geometry": {"type": "Point", "coordinates": [-76.15611355599998, 4.408895719000043]}, "properties": {"municipio": "Roldanillo", "departamento": "Valle del Cauca", "dano": "Possibly damaged", "tipo": "Residential", "sensor": "Pleiades", "sensor_date": "2026/08/13 15:15 UTC", "metodo": "Photo-interpretation", "copyright": "© ICube-SERTIT 2026", "producto_id": 3248, "capa": "UrbanP"}}, {"type": "Feature", "geometry": {"type": "Point", "coordinates": [-76.15602762199995, 4.408831237000072]}, "properties": {"municipio": "Roldanillo", "departamento": "Valle del Cauca", "dano": "Possibly damaged", "tipo": "Residential", "sensor": "Pleiades", "sensor_date": "2026/08/13 15:15 UTC", "metodo": "Photo-interpretation", "copyright": "© ICube-SERTIT 2026", "producto_id": 3248, "capa": "UrbanP"}}, {"type": "Feature", "geometry": {"type": "Point", "coordinates": [-76.15719012499994, 4.408940708000046]}, "properties": {"municipio": "Roldanillo", "departamento": "Valle del Cauca", "dano": "Possibly damaged", "tipo": "Residential", "sensor": "Pleiades", "sensor_date": "2026/08/13 15:15 UTC", "metodo": "Photo-interpretation", "copyright": "© ICube-SERTIT 2026", "producto_id": 3248, "capa": "UrbanP"}}, {"type": "Feature", "geometry": {"type": "Point", "coordinates": [-76.15139564599997, 4.414476268000044]}, "properties": {"municipio": "Roldanillo", "departamento": "Valle del Cauca", "dano": "Possibly damaged", "tipo": "Residential", "sensor": "Pleiades", "sensor_date": "2026/08/13 15:15 UTC", "metodo": "Photo-interpretation", "copyright": "© ICube-SERTIT 2026", "producto_id": 3248, "capa": "UrbanP"}}, {"type": "Feature", "geometry": {"type": "Point", "coordinates": [-76.15143479499994, 4.414214852000043]}, "properties": {"municipio": "Roldanillo", "departamento": "Valle del Cauca", "dano": "Possibly damaged", "tipo": "Residential", "sensor": "Pleiades", "sensor_date": "2026/08/13 15:15 UTC", "metodo": "Photo-interpretation", "copyright": "© ICube-SERTIT 2026", "producto_id": 3248, "capa": "UrbanP"}}]}