{"type": "FeatureCollection", "features": [{"type": "Feature", "geometry": {"type": "Point", "coordinates": [-75.678422773, 7.341549718]}, "properties": {"fecha": "2017-12-30", "municipio": "ITUANGO", "departamento": "ANTIOQUIA", "muertos": 0.0, "heridos": 0.0, "viv_destruidas": 0.0, "viv_averiadas": 0.0}}, {"type": "Feature", "geometry": {"type": "Point", "coordinates": [-75.818425748, 5.574444339]}, "properties": {"fecha": "1979-11-24", "municipio": "JARDIN", "departamento": "ANTIOQUIA", "muertos": 2.0, "heridos": 16.0, "viv_destruidas": 0.0, "viv_averiadas": 0.0}}, {"type": "Feature", "geometry": {"type": "Point", "coordinates": [-75.764882556, 5.769820536]}, "properties": {"fecha": "1979-11-24", "municipio": "JERICO", "departamento": "ANTIOQUIA", "muertos": 0.0, "heridos": 0.0, "viv_destruidas": 8.0, "viv_averiadas": 0.0}}, {"type": "Feature", "geometry": {"type": "Point", "coordinates": [-75.430869347, 5.992524843]}, "properties": {"fecha": "1962-07-16", "municipio": "LA CEJA", "departamento": "ANTIOQUIA", "muertos": 0.0, "heridos": 9.0, "viv_destruidas": 2.0, "viv_averiadas": 0.0}}, {"type": "Feature", "geometry": {"type": "Point", "coordinates": [-74.714108541, 6.534573585]}, "properties": {"fecha": "1962-02-09", "municipio": "MACEO", "departamento": "ANTIOQUIA", "muertos": 0.0, "heridos": 0.0, "viv_destruidas": 0.0, "viv_averiadas": 0.0}}, {"type": "Feature", "geometry": {"type": "Point", "coordinates": [-75.304879329, 6.18520515]}, "properties": {"fecha": "1962-07-16", "municipio": "MARINILLA", "departamento": "ANTIOQUIA", "muertos": 0.0, "heridos": 0.0, "viv_destruidas": 5.0, "viv_averiadas": 0.0}}, {"type": "Feature", "geometry": {"type": "Point", "coordinates": [-76.708613491, 6.828773855]}, "properties": {"fecha": "1992-10-18", "municipio": "MURINDO", "departamento": "ANTIOQUIA", "muertos": 0.0, "heridos": 20.0, "viv_destruidas": 0.0, "viv_averiadas": 0.0}}, {"type": "Feature", "geometry": {"type": "Point", "coordinates": [-76.708613491, 6.828773855]}, "properties": {"fecha": "1992-10-19", "municipio": "MURINDO", "departamento": "ANTIOQUIA", "muertos": 0.0, "heridos": 0.0, "viv_destruidas": 0.0, "viv_averiadas": 749.0}}, {"type": "Feature", "geometry": {"type": "Point", "coordinates": [-76.708613491, 6.828773855]}, "properties": {"fecha": "2010-01-24", "municipio": "MURINDO", "departamento": "ANTIOQUIA", "muertos": 0.0, "heridos": 0.0, "viv_destruidas": 0.0, "viv_averiadas": 0.0}}, {"type": "Feature", "geometry": {"type": "Point", "coordinates": [-76.463065695, 7.329557848]}, "properties": {"fecha": "1992-10-19", "municipio": "MUTATA", "departamento": "ANTIOQUIA", "muertos": 0.0, "heridos": 18.0, "viv_destruidas": 4.0, "viv_averiadas": 1515.0}}, {"type": "Feature", "geometry": {"type": "Point", "coordinates": [-76.463065695, 7.329557848]}, "properties": {"fecha": "2016-09-14", "municipio": "MUTATA", "departamento": "ANTIOQUIA", "muertos": 0.0, "heridos": 0.0, "viv_destruidas": 0.0, "viv_averiadas": 0.0}}, {"type": "Feature", "geometry": {"type": "Point", "coordinates": [-76.676995884, 8.493728551]}, "properties": {"fecha": "1992-10-19", "municipio": "NECOCLI", "departamento": "ANTIOQUIA", "muertos": 0.0, "heridos": 0.0, "viv_destruidas": 0.0, "viv_averiadas": 0.0}}, {"type": "Feature", "geometry": {"type": "Point", "coordinates": [-75.775670969, 6.611418083]}, "properties": {"fecha": "1992-10-19", "municipio": "OLAYA", "departamento": "ANTIOQUIA", "muertos": 0.0, "heridos": 0.0, "viv_destruidas": 0.0, "viv_averiadas": 0.0}}, {"type": "Feature", "geometry": {"type": "Point", "coordinates": [-75.860766666, 5.80970186]}, "properties": {"fecha": "1979-11-24", "municipio": "PUEBLORRICO", "departamento": "ANTIOQUIA", "muertos": 0.0, "heridos": 0.0, "viv_destruidas": 0.0, "viv_averiadas": 0.0}}, {"type": "Feature", "geometry": {"type": "Point", "coordinates": [-74.528742101, 6.481922267]}, "properties": {"fecha": "1921-08-31", "municipio": "PUERTO BERRIO", "departamento": "ANTIOQUIA", "muertos": 1.0, "heridos": 0.0, "viv_destruidas": 0.0, "viv_averiadas": 0.0}}, {"type": "Feature", "geometry": {"type": "Point", "coordinates": [-74.528742101, 6.481922267]}, "properties": {"fecha": "2015-03-11", "municipio": "PUERTO BERRIO", "departamento": "ANTIOQUIA", "muertos": 0.0, "heridos": 0.0, "viv_destruidas": 0.0, "viv_averiadas": 0.0}}, {"type": "Feature", "geometry": {"type": "Point", "coordinates": [-74.558656518, 6.997267375]}, "properties": {"fecha": "1938-02-05", "municipio": "REMEDIOS", "departamento": "ANTIOQUIA", "muertos": 0.0, "heridos": 0.0, "viv_destruidas": 2.0, "viv_averiadas": 0.0}}, {"type": "Feature", "geometry": {"type": "Point", "coordinates": [-74.558656518, 6.997267375]}, "properties": {"fecha": "2015-03-11", "municipio": "REMEDIOS", "departamento": "ANTIOQUIA", "muertos": 0.0, "heridos": 0.0, "viv_destruidas": 0.0, "viv_averiadas": 0.0}}, {"type": "Feature", "geometry": {"type": "Point", "coordinates": [-75.981372511, 5.970502334]}, "properties": {"fecha": "1979-11-24", "municipio": "SALGAR", "departamento": "ANTIOQUIA", "muertos": 0.0, "heridos": 7.0, "viv_destruidas": 0.0, "viv_averiadas": 0.0}}, {"type": "Feature", "geometry": {"type": "Point", "coordinates": [-75.6657758, 6.918427233]}, "properties": {"fecha": "1992-10-19", "municipio": "SAN ANDRES DE CUERQUIA", "departamento": "ANTIOQUIA", "muertos": 0.0, "heridos": 0.0, "viv_destruidas": 0.0, "viv_averiadas": 0.0}}, {"type": "Feature", "geometry": {"type": "Point", "coordinates": [-75.677708262, 6.823258913]}, "properties": {"fecha": "1992-10-19", "municipio": "SAN JOSE DE LA MONTAÑA", "departamento": "ANTIOQUIA", "muertos": 0.0, "heridos": 0.0, "viv_destruidas": 0.0, "viv_averiadas": 0.0}}, {"type": "Feature", "geometry": {"type": "Point", "coordinates": [-76.532482343, 8.707141583]}, "properties": {"fecha": "1992-10-19", "municipio": "SAN JUAN DE URABA", "departamento": "ANTIOQUIA", "muertos": 0.0, "heridos": 0.0, "viv_destruidas": 0.0, "viv_averiadas": 0.0}}, {"type": "Feature", "geometry": {"type": "Point", "coordinates": [-74.945073196, 6.466165211]}, "properties": {"fecha": "1938-02-05", "municipio": "SAN ROQUE", "departamento": "ANTIOQUIA", "muertos": 0.0, "heridos": 0.0, "viv_destruidas": 0.0, "viv_averiadas": 0.0}}, {"type": "Feature", "geometry": {"type": "Point", "coordinates": [-74.945073196, 6.466165211]}, "properties": {"fecha": "2015-03-11", "municipio": "SAN ROQUE", "departamento": "ANTIOQUIA", "muertos": 0.0, "heridos": 0.0, "viv_destruidas": 0.0, "viv_averiadas": 12.0}}, {"type": "Feature", "geometry": {"type": "Point", "coordinates": [-75.583303711, 5.878984956]}, "properties": {"fecha": "1962-07-16", "municipio": "SANTA BARBARA", "departamento": "ANTIOQUIA", "muertos": 1.0, "heridos": 0.0, "viv_destruidas": 0.0, "viv_averiadas": 0.0}}, {"type": "Feature", "geometry": {"type": "Point", "coordinates": [-75.583303711, 5.878984956]}, "properties": {"fecha": "1979-11-24", "municipio": "SANTA BARBARA", "departamento": "ANTIOQUIA", "muertos": 0.0, "heridos": 0.0, "viv_destruidas": 30.0, "viv_averiadas": 0.0}}, {"type": "Feature", "geometry": {"type": "Point", "coordinates": [-75.583303711, 5.878984956]}, "properties": {"fecha": "1995-08-20", "municipio": "SANTA BARBARA", "departamento": "ANTIOQUIA", "muertos": 0.0, "heridos": 0.0, "viv_destruidas": 1.0, "viv_averiadas": 0.0}}, {"type": "Feature", "geometry": {"type": "Point", "coordinates": [-75.438143332, 6.675827825]}, "properties": {"fecha": "1979-11-24", "municipio": "SANTA ROSA DE OSOS", "departamento": "ANTIOQUIA", "muertos": 0.0, "heridos": 0.0, "viv_destruidas": 2.0, "viv_averiadas": 0.0}}, {"type": "Feature", "geometry": {"type": "Point", "coordinates": [-75.142600968, 6.481044132]}, "properties": {"fecha": "1938-02-05", "municipio": "SANTO DOMINGO", "departamento": "ANTIOQUIA", "muertos": 0.0, "heridos": 0.0, "viv_destruidas": 0.0, "viv_averiadas": 0.0}}, {"type": "Feature", "geometry": {"type": "Point", "coordinates": [-75.142600968, 6.481044132]}, "properties": {"fecha": "1992-10-19", "municipio": "SANTO DOMINGO", "departamento": "ANTIOQUIA", "muertos": 0.0, "heridos": 0.0, "viv_destruidas": 0.0, "viv_averiadas": 0.0}}, {"type": "Feature", "geometry": {"type": "Point", "coordinates": [-74.836376225, 5.826388779]}, "properties": {"fecha": "1938-02-05", "municipio": "SONSON", "departamento": "ANTIOQUIA", "muertos": 0.0, "heridos": 0.0, "viv_destruidas": 3.0, "viv_averiadas": 0.0}}, {"type": "Feature", "geometry": {"type": "Point", "coordinates": [-74.836376225, 5.826388779]}, "properties": {"fecha": "1961-12-22", "municipio": "SONSON", "departamento": "ANTIOQUIA", "muertos": 1.0, "heridos": 6.0, "viv_destruidas": 1.0, "viv_averiadas": 0.0}}, {"type": "Feature", "geometry": {"type": "Point", "coordinates": [-74.836376225, 5.826388779]}, "properties": {"fecha": "1962-07-16", "municipio": "SONSON", "departamento": "ANTIOQUIA", "muertos": 0.0, "heridos": 0.0, "viv_destruidas": 400.0, "viv_averiadas": 0.0}}, {"type": "Feature", "geometry": {"type": "Point", "coordinates": [-74.836376225, 5.826388779]}, "properties": {"fecha": "1979-11-24", "municipio": "SONSON", "departamento": "ANTIOQUIA", "muertos": 0.0, "heridos": 10.0, "viv_destruidas": 3.0, "viv_averiadas": 0.0}}, {"type": "Feature", "geometry": {"type": "Point", "coordinates": [-74.836376225, 5.826388779]}, "properties": {"fecha": "1995-01-20", "municipio": "SONSON", "departamento": "ANTIOQUIA", "muertos": 0.0, "heridos": 0.0, "viv_destruidas": 0.0, "viv_averiadas": 0.0}}, {"type": "Feature", "geometry": {"type": "Point", "coordinates": [-74.836376225, 5.826388779]}, "properties": {"fecha": "1995-08-20", "municipio": "SONSON", "departamento": "ANTIOQUIA", "muertos": 0.0, "heridos": 0.0, "viv_destruidas": 1.0, "viv_averiadas": 0.0}}, {"type": "Feature", "geometry": {"type": "Point", "coordinates": [-75.709799743, 5.673758571]}, "properties": {"fecha": "1938-02-05", "municipio": "TAMESIS", "departamento": "ANTIOQUIA", "muertos": 0.0, "heridos": 0.0, "viv_destruidas": 0.0, "viv_averiadas": 0.0}}, {"type": "Feature", "geometry": {"type": "Point", "coordinates": [-75.709799743, 5.673758571]}, "properties": {"fecha": "1979-11-24", "municipio": "TAMESIS", "departamento": "ANTIOQUIA", "muertos": 0.0, "heridos": 0.0, "viv_destruidas": 30.0, "viv_averiadas": 0.0}}, {"type": "Feature", "geometry": {"type": "Point", "coordinates": [-75.799660047, 6.058349971]}, "properties": {"fecha": "1992-10-19", "municipio": "TITIRIBI", "departamento": "ANTIOQUIA", "muertos": 0.0, "heridos": 0.0, "viv_destruidas": 0.0, "viv_averiadas": 0.0}}, {"type": "Feature", "geometry": {"type": "Point", "coordinates": [-76.574037701, 8.173851745]}, "properties": {"fecha": "1967-07-30", "municipio": "TURBO", "departamento": "ANTIOQUIA", "muertos": 6.0, "heridos": 0.0, "viv_destruidas": 0.0, "viv_averiadas": 0.0}}, {"type": "Feature", "geometry": {"type": "Point", "coordinates": [-76.574037701, 8.173851745]}, "properties": {"fecha": "1977-08-31", "municipio": "TURBO", "departamento": "ANTIOQUIA", "muertos": 0.0, "heridos": 20.0, "viv_destruidas": 0.0, "viv_averiadas": 0.0}}, {"type": "Feature", "geometry": {"type": "Point", "coordinates": [-76.574037701, 8.173851745]}, "properties": {"fecha": "1992-10-19", "municipio": "TURBO", "departamento": "ANTIOQUIA", "muertos": 0.0, "heridos": 0.0, "viv_destruidas": 0.0, "viv_averiadas": 0.0}}, {"type": "Feature", "geometry": {"type": "Point", "coordinates": [-76.133185136, 6.913916924]}, "properties": {"fecha": "1992-10-19", "municipio": "URAMITA", "departamento": "ANTIOQUIA", "muertos": 0.0, "heridos": 0.0, "viv_destruidas": 0.0, "viv_averiadas": 0.0}}, {"type": "Feature", "geometry": {"type": "Point", "coordinates": [-76.133185136, 6.913916924]}, "properties": {"fecha": "2022-06-21", "municipio": "URAMITA", "departamento": "ANTIOQUIA", "muertos": 0.0, "heridos": 0.0, "viv_destruidas": 0.0, "viv_averiadas": 25.0}}, {"type": "Feature", "geometry": {"type": "Point", "coordinates": [-76.259064819, 6.33534134]}, "properties": {"fecha": "1962-07-16", "municipio": "URRAO", "departamento": "ANTIOQUIA", "muertos": 0.0, "heridos": 0.0, "viv_destruidas": 2.0, "viv_averiadas": 0.0}}, {"type": "Feature", "geometry": {"type": "Point", "coordinates": [-76.259064819, 6.33534134]}, "properties": {"fecha": "1979-11-24", "municipio": "URRAO", "departamento": "ANTIOQUIA", "muertos": 1.0, "heridos": 0.0, "viv_destruidas": 0.0, "viv_averiadas": 0.0}}, {"type": "Feature", "geometry": {"type": "Point", "coordinates": [-76.259064819, 6.33534134]}, "properties": {"fecha": "1992-10-19", "municipio": "URRAO", "departamento": "ANTIOQUIA", "muertos": 0.0, "heridos": 0.0, "viv_destruidas": 8.0, "viv_averiadas": 0.0}}, {"type": "Feature", "geometry": {"type": "Point", "coordinates": [-75.630834123, 5.651937802]}, "properties": {"fecha": "1962-07-16", "municipio": "VALPARAISO", "departamento": "ANTIOQUIA", "muertos": 1.0, "heridos": 0.0, "viv_destruidas": 0.0, "viv_averiadas": 0.0}}, {"type": "Feature", "geometry": {"type": "Point", "coordinates": [-75.630834123, 5.651937802]}, "properties": {"fecha": "1979-11-28", "municipio": "VALPARAISO", "departamento": "ANTIOQUIA", "muertos": 0.0, "heridos": 0.0, "viv_destruidas": 0.0, "viv_averiadas": 0.0}}, {"type": "Feature", "geometry": {"type": "Point", "coordinates": [-75.630834123, 5.651937802]}, "properties": {"fecha": "1992-10-19", "municipio": "VALPARAISO", "departamento": "ANTIOQUIA", "muertos": 0.0, "heridos": 0.0, "viv_destruidas": 0.0, "viv_averiadas": 0.0}}, {"type": "Feature", "geometry": {"type": "Point", "coordinates": [-75.777224226, 5.956576355]}, "properties": {"fecha": "1962-07-16", "municipio": "VENECIA", "departamento": "ANTIOQUIA", "muertos": 0.0, "heridos": 0.0, "viv_destruidas": 3.0, "viv_averiadas": 0.0}}, {"type": "Feature", "geometry": {"type": "Point", "coordinates": [-76.695048017, 6.453351334]}, "properties": {"fecha": "1992-10-19", "municipio": "VIGIA DEL FUERTE", "departamento": "ANTIOQUIA", "muertos": 0.0, "heridos": 0.0, "viv_destruidas": 0.0, "viv_averiadas": 0.0}}, {"type": "Feature", "geometry": {"type": "Point", "coordinates": [-74.75565002, 6.716870679]}, "properties": {"fecha": "1962-02-09", "municipio": "YALI", "departamento": "ANTIOQUIA", "muertos": 0.0, "heridos": 0.0, "viv_destruidas": 4.0, "viv_averiadas": 0.0}}, {"type": "Feature", "geometry": {"type": "Point", "coordinates": [-75.029902658, 6.64442786]}, "properties": {"fecha": "1962-02-09", "municipio": "YOLOMBO", "departamento": "ANTIOQUIA", "muertos": 0.0, "heridos": 0.0, "viv_destruidas": 6.0, "viv_averiadas": 0.0}}, {"type": "Feature", "geometry": {"type": "Point", "coordinates": [-75.029902658, 6.64442786]}, "properties": {"fecha": "2015-03-11", "municipio": "YOLOMBO", "departamento": "ANTIOQUIA", "muertos": 0.0, "heridos": 0.0, "viv_destruidas": 0.0, "viv_averiadas": 2.0}}, {"type": "Feature", "geometry": {"type": "Point", "coordinates": [-74.858483258, 7.474004006]}, "properties": {"fecha": "1999-02-11", "municipio": "ZARAGOZA", "departamento": "ANTIOQUIA", "muertos": 0.0, "heridos": 0.0, "viv_destruidas": 0.0, "viv_averiadas": 6.0}}, {"type": "Feature", "geometry": {"type": "Point", "coordinates": [-74.877566268, 10.489020471]}, "properties": {"fecha": "2015-03-11", "municipio": "CANDELARIA", "departamento": "ATLANTICO", "muertos": 0.0, "heridos": 0.0, "viv_destruidas": 0.0, "viv_averiadas": 1.0}}, {"type": "Feature", "geometry": {"type": "Point", "coordinates": [-74.768796603, 10.798940151]}, "properties": {"fecha": "1951-02-05", "municipio": "SABANAGRANDE", "departamento": "ATLANTICO", "muertos": 0.0, "heridos": 0.0, "viv_destruidas": 0.0, "viv_averiadas": 0.0}}, {"type": "Feature", "geometry": {"type": "Point", "coordinates": [-74.181072702, 4.316107698]}, "properties": {"fecha": "1917-08-30", "municipio": "BOGOTA", "departamento": "BOGOTA", "muertos": 0.0, "heridos": 0.0, "viv_destruidas": 0.0, "viv_averiadas": 0.0}}, {"type": "Feature", "geometry": {"type": "Point", "coordinates": [-74.181072702, 4.316107698]}, "properties": {"fecha": "1917-09-01", "municipio": "BOGOTA", "departamento": "BOGOTA", "muertos": 6.0, "heridos": 25.0, "viv_destruidas": 50.0, "viv_averiadas": 589.0}}, {"type": "Feature", "geometry": {"type": "Point", "coordinates": [-74.181072702, 4.316107698]}, "properties": {"fecha": "1917-09-01", "municipio": "BOGOTA", "departamento": "BOGOTA", "muertos": 3.0, "heridos": 0.0, "viv_destruidas": 0.0, "viv_averiadas": 0.0}}, {"type": "Feature", "geometry": {"type": "Point", "coordinates": [-74.181072702, 4.316107698]}, "properties": {"fecha": "1923-12-23", "municipio": "BOGOTA", "departamento": "BOGOTA", "muertos": 0.0, "heridos": 0.0, "viv_destruidas": 0.0, "viv_averiadas": 0.0}}, {"type": "Feature", "geometry": {"type": "Point", "coordinates": [-74.181072702, 4.316107698]}, "properties": {"fecha": "1928-11-02", "municipio": "BOGOTA", "departamento": "BOGOTA", "muertos": 0.0, "heridos": 0.0, "viv_destruidas": 0.0, "viv_averiadas": 0.0}}, {"type": "Feature", "geometry": {"type": "Point", "coordinates": [-74.181072702, 4.316107698]}, "properties": {"fecha": "1928-11-02", "municipio": "BOGOTA", "departamento": "BOGOTA", "muertos": 5.0, "heridos": 0.0, "viv_destruidas": 0.0, "viv_averiadas": 0.0}}, {"type": "Feature", "geometry": {"type": "Point", "coordinates": [-74.181072702, 4.316107698]}, "properties": {"fecha": "1939-04-09", "municipio": "BOGOTA", "departamento": "BOGOTA", "muertos": 0.0, "heridos": 0.0, "viv_destruidas": 10.0, "viv_averiadas": 0.0}}, {"type": "Feature", "geometry": {"type": "Point", "coordinates": [-74.181072702, 4.316107698]}, "properties": {"fecha": "1961-01-02", "municipio": "BOGOTA", "departamento": "BOGOTA", "muertos": 0.0, "heridos": 1.0, "viv_destruidas": 10.0, "viv_averiadas": 0.0}}, {"type": "Feature", "geometry": {"type": "Point", "coordinates": [-74.181072702, 4.316107698]}, "properties": {"fecha": "1965-04-16", "municipio": "BOGOTA", "departamento": "BOGOTA", "muertos": 0.0, "heridos": 0.0, "viv_destruidas": 0.0, "viv_averiadas": 0.0}}, {"type": "Feature", "geometry": {"type": "Point", "coordinates": [-74.181072702, 4.316107698]}, "properties": {"fecha": "1966-09-16", "municipio": "BOGOTA", "departamento": "BOGOTA", "muertos": 7.0, "heridos": 27.0, "viv_destruidas": 50.0, "viv_averiadas": 0.0}}, {"type": "Feature", "geometry": {"type": "Point", "coordinates": [-74.181072702, 4.316107698]}, "properties": {"fecha": "1967-02-16", "municipio": "BOGOTA", "departamento": "BOGOTA", "muertos": 0.0, "heridos": 0.0, "viv_destruidas": 10.0, "viv_averiadas": 0.0}}, {"type": "Feature", "geometry": {"type": "Point", "coordinates": [-74.181072702, 4.316107698]}, "properties": {"fecha": "1994-06-07", "municipio": "BOGOTA", "departamento": "BOGOTA", "muertos": 0.0, "heridos": 0.0, "viv_destruidas": 1.0, "viv_averiadas": 0.0}}, {"type": "Feature", "geometry": {"type": "Point", "coordinates": [-74.181072702, 4.316107698]}, "properties": {"fecha": "1995-01-20", "municipio": "BOGOTA", "departamento": "BOGOTA", "muertos": 5.0, "heridos": 10.0, "viv_destruidas": 1.0, "viv_averiadas": 20.0}}, {"type": "Feature", "geometry": {"type": "Point", "coordinates": [-74.181072702, 4.316107698]}, "properties": {"fecha": "1995-10-03", "municipio": "BOGOTA", "departamento": "BOGOTA", "muertos": 0.0, "heridos": 13.0, "viv_destruidas": 0.0, "viv_averiadas": 0.0}}, {"type": "Feature", "geometry": {"type": "Point", "coordinates": [-74.181072702, 4.316107698]}, "properties": {"fecha": "2008-05-25", "municipio": "BOGOTA", "departamento": "BOGOTA", "muertos": 0.0, "heridos": 3.0, "viv_destruidas": 0.0, "viv_averiadas": 0.0}}, {"type": "Feature", "geometry": {"type": "Point", "coordinates": [-74.181072702, 4.316107698]}, "properties": {"fecha": "2015-03-11", "municipio": "BOGOTA", "departamento": "BOGOTA", "muertos": 0.0, "heridos": 0.0, "viv_destruidas": 0.0, "viv_averiadas": 1.0}}, {"type": "Feature", "geometry": {"type": "Point", "coordinates": [-75.343802649, 9.976017168]}, "properties": {"fecha": "2020-04-16", "municipio": "MARIA LA BAJA", "departamento": "BOLIVAR", "muertos": 0.0, "heridos": 0.0, "viv_destruidas": 0.0, "viv_averiadas": 5.0}}, {"type": "Feature", "geometry": {"type": "Point", "coordinates": [-74.545199057, 9.142512064]}, "properties": {"fecha": "2020-04-16", "municipio": "SANTA CRUZ DE MOMPOX", "departamento": "BOLIVAR", "muertos": 0.0, "heridos": 0.0, "viv_destruidas": 0.0, "viv_averiadas": 271.0}}, {"type": "Feature", "geometry": {"type": "Point", "coordinates": [-75.065719587, 9.967957823]}, "properties": {"fecha": "2020-04-16", "municipio": "SAN JUAN NEPOMUCENO", "departamento": "BOLIVAR", "muertos": 0.0, "heridos": 0.0, "viv_destruidas": 0.0, "viv_averiadas": 0.0}}, {"type": "Feature", "geometry": {"type": "Point", "coordinates": [-73.378018556, 5.518472615]}, "properties": {"fecha": "1917-09-01", "municipio": "TUNJA", "departamento": "BOYACA", "muertos": 0.0, "heridos": 0.0, "viv_destruidas": 0.0, "viv_averiadas": 0.0}}, {"type": "Feature", "geometry": {"type": "Point", "coordinates": [-73.378018556, 5.518472615]}, "properties": {"fecha": "1928-11-02", "municipio": "TUNJA", "departamento": "BOYACA", "muertos": 0.0, "heridos": 0.0, "viv_destruidas": 0.0, "viv_averiadas": 0.0}}, {"type": "Feature", "geometry": {"type": "Point", "coordinates": [-73.378018556, 5.518472615]}, "properties": {"fecha": "1967-07-30", "municipio": "TUNJA", "departamento": "BOYACA", "muertos": 0.0, "heridos": 0.0, "viv_destruidas": 0.0, "viv_averiadas": 0.0}}, {"type": "Feature", "geometry": {"type": "Point", "coordinates": [-73.378018556, 5.518472615]}, "properties": {"fecha": "1973-08-31", "municipio": "TUNJA", "departamento": "BOYACA", "muertos": 0.0, "heridos": 0.0, "viv_destruidas": 0.0, "viv_averiadas": 0.0}}, {"type": "Feature", "geometry": {"type": "Point", "coordinates": [-73.378018556, 5.518472615]}, "properties": {"fecha": "1995-01-20", "municipio": "TUNJA", "departamento": "BOYACA", "muertos": 0.0, "heridos": 0.0, "viv_destruidas": 0.0, "viv_averiadas": 5.0}}, {"type": "Feature", "geometry": {"type": "Point", "coordinates": [-73.388134245, 4.954825081]}, "properties": {"fecha": "1995-01-20", "municipio": "ALMEIDA", "departamento": "BOYACA", "muertos": 0.0, "heridos": 0.0, "viv_destruidas": 7.0, "viv_averiadas": 400.0}}, {"type": "Feature", "geometry": {"type": "Point", "coordinates": [-72.871494711, 5.437416373]}, "properties": {"fecha": "1995-01-20", "municipio": "AQUITANIA", "departamento": "BOYACA", "muertos": 0.0, "heridos": 0.0, "viv_destruidas": 2.0, "viv_averiadas": 60.0}}, {"type": "Feature", "geometry": {"type": "Point", "coordinates": [-73.127319437, 5.230936356]}, "properties": {"fecha": "1995-01-20", "municipio": "BERBEO", "departamento": "BOYACA", "muertos": 0.0, "heridos": 0.0, "viv_destruidas": 7.0, "viv_averiadas": 393.0}}, {"type": "Feature", "geometry": {"type": "Point", "coordinates": [-72.848578763, 5.920858933]}, "properties": {"fecha": "1999-07-18", "municipio": "BETEITIVA", "departamento": "BOYACA", "muertos": 0.0, "heridos": 0.0, "viv_destruidas": 0.0, "viv_averiadas": 6.0}}, {"type": "Feature", "geometry": {"type": "Point", "coordinates": [-73.381369938, 5.439856216]}, "properties": {"fecha": "1928-11-02", "municipio": "BOYACA", "departamento": "BOYACA", "muertos": 0.0, "heridos": 0.0, "viv_destruidas": 0.0, "viv_averiadas": 0.0}}, {"type": "Feature", "geometry": {"type": "Point", "coordinates": [-73.381369938, 5.439856216]}, "properties": {"fecha": "1995-01-20", "municipio": "BOYACA", "departamento": "BOYACA", "muertos": 0.0, "heridos": 0.0, "viv_destruidas": 7.0, "viv_averiadas": 15.0}}, {"type": "Feature", "geometry": {"type": "Point", "coordinates": [-73.144670302, 5.006862536]}, "properties": {"fecha": "1995-01-20", "municipio": "CAMPOHERMOSO", "departamento": "BOYACA", "muertos": 0.0, "heridos": 2.0, "viv_destruidas": 0.0, "viv_averiadas": 413.0}}, {"type": "Feature", "geometry": {"type": "Point", "coordinates": [-73.340480736, 5.202971639]}, "properties": {"fecha": "1928-11-02", "municipio": "CHINAVITA", "departamento": "BOYACA", "muertos": 0.0, "heridos": 0.0, "viv_destruidas": 0.0, "viv_averiadas": 0.0}}, {"type": "Feature", "geometry": {"type": "Point", "coordinates": [-73.340480736, 5.202971639]}, "properties": {"fecha": "1995-01-20", "municipio": "CHINAVITA", "departamento": "BOYACA", "muertos": 0.0, "heridos": 0.0, "viv_destruidas": 7.0, "viv_averiadas": 44.0}}, {"type": "Feature", "geometry": {"type": "Point", "coordinates": [-73.804245312, 5.622488024]}, "properties": {"fecha": "1917-09-01", "municipio": "CHIQUINQUIRA", "departamento": "BOYACA", "muertos": 0.0, "heridos": 0.0, "viv_destruidas": 0.0, "viv_averiadas": 0.0}}, {"type": "Feature", "geometry": {"type": "Point", "coordinates": [-73.804245312, 5.622488024]}, "properties": {"fecha": "1967-07-30", "municipio": "CHIQUINQUIRA", "departamento": "BOYACA", "muertos": 1.0, "heridos": 0.0, "viv_destruidas": 300.0, "viv_averiadas": 0.0}}, {"type": "Feature", "geometry": {"type": "Point", "coordinates": [-73.804245312, 5.622488024]}, "properties": {"fecha": "1986-07-01", "municipio": "CHIQUINQUIRA", "departamento": "BOYACA", "muertos": 0.0, "heridos": 0.0, "viv_destruidas": 0.0, "viv_averiadas": 0.0}}, {"type": "Feature", "geometry": {"type": "Point", "coordinates": [-73.804245312, 5.622488024]}, "properties": {"fecha": "2015-03-11", "municipio": "CHIQUINQUIRA", "departamento": "BOYACA", "muertos": 0.0, "heridos": 0.0, "viv_destruidas": 0.0, "viv_averiadas": 0.0}}, {"type": "Feature", "geometry": {"type": "Point", "coordinates": [-73.425823751, 5.984394625]}, "properties": {"fecha": "1995-01-20", "municipio": "CHITARAQUE", "departamento": "BOYACA", "muertos": 0.0, "heridos": 0.0, "viv_destruidas": 0.0, "viv_averiadas": 37.0}}, {"type": "Feature", "geometry": {"type": "Point", "coordinates": [-73.321370491, 5.667822366]}, "properties": {"fecha": "1928-11-02", "municipio": "COMBITA", "departamento": "BOYACA", "muertos": 0.0, "heridos": 0.0, "viv_destruidas": 0.0, "viv_averiadas": 0.0}}, {"type": "Feature", "geometry": {"type": "Point", "coordinates": [-72.845448448, 5.82454582]}, "properties": {"fecha": "1995-01-20", "municipio": "CORRALES", "departamento": "BOYACA", "muertos": 0.0, "heridos": 0.0, "viv_destruidas": 0.0, "viv_averiadas": 0.0}}, {"type": "Feature", "geometry": {"type": "Point", "coordinates": [-72.181562849, 6.886954878]}, "properties": {"fecha": "2007-08-02", "municipio": "CUBARA", "departamento": "BOYACA", "muertos": 0.0, "heridos": 0.0, "viv_destruidas": 0.0, "viv_averiadas": 161.0}}, {"type": "Feature", "geometry": {"type": "Point", "coordinates": [-72.939536863, 5.58775449]}, "properties": {"fecha": "1981-10-18", "municipio": "CUITIVA", "departamento": "BOYACA", "muertos": 0.0, "heridos": 0.0, "viv_destruidas": 3.0, "viv_averiadas": 6.0}}, {"type": "Feature", "geometry": {"type": "Point", "coordinates": [-73.445623907, 5.643075648]}, "properties": {"fecha": "1995-01-20", "municipio": "CHIQUIZA", "departamento": "BOYACA", "muertos": 0.0, "heridos": 0.0, "viv_destruidas": 0.0, "viv_averiadas": 7.0}}, {"type": "Feature", "geometry": {"type": "Point", "coordinates": [-73.067094843, 5.890602515]}, "properties": {"fecha": "1967-07-30", "municipio": "DUITAMA", "departamento": "BOYACA", "muertos": 0.0, "heridos": 0.0, "viv_destruidas": 0.0, "viv_averiadas": 0.0}}, {"type": "Feature", "geometry": {"type": "Point", "coordinates": [-73.067094843, 5.890602515]}, "properties": {"fecha": "1995-01-20", "municipio": "DUITAMA", "departamento": "BOYACA", "muertos": 0.0, "heridos": 2.0, "viv_destruidas": 10.0, "viv_averiadas": 0.0}}, {"type": "Feature", "geometry": {"type": "Point", "coordinates": [-73.067094843, 5.890602515]}, "properties": {"fecha": "2015-03-11", "municipio": "DUITAMA", "departamento": "BOYACA", "muertos": 0.0, "heridos": 0.0, "viv_destruidas": 0.0, "viv_averiadas": 0.0}}, {"type": "Feature", "geometry": {"type": "Point", "coordinates": [-72.419237519, 6.353363177]}, "properties": {"fecha": "1995-01-20", "municipio": "EL COCUY", "departamento": "BOYACA", "muertos": 0.0, "heridos": 0.0, "viv_destruidas": 0.0, "viv_averiadas": 0.0}}, {"type": "Feature", "geometry": {"type": "Point", "coordinates": [-73.019833516, 5.67367659]}, "properties": {"fecha": "1995-01-20", "municipio": "FIRAVITOBA", "departamento": "BOYACA", "muertos": 0.0, "heridos": 0.0, "viv_destruidas": 2.0, "viv_averiadas": 52.0}}, {"type": "Feature", "geometry": {"type": "Point", "coordinates": [-73.542655196, 5.744105975]}, "properties": {"fecha": "1995-01-20", "municipio": "GACHANTIVA", "departamento": "BOYACA", "muertos": 0.0, "heridos": 0.0, "viv_destruidas": 0.0, "viv_averiadas": 18.0}}, {"type": "Feature", "geometry": {"type": "Point", "coordinates": [-73.314302722, 5.089466651]}, "properties": {"fecha": "1928-11-02", "municipio": "GARAGOA", "departamento": "BOYACA", "muertos": 0.0, "heridos": 0.0, "viv_destruidas": 0.0, "viv_averiadas": 0.0}}, {"type": "Feature", "geometry": {"type": "Point", "coordinates": [-73.314302722, 5.089466651]}, "properties": {"fecha": "1995-01-20", "municipio": "GARAGOA", "departamento": "BOYACA", "muertos": 0.0, "heridos": 0.0, "viv_destruidas": 9.0, "viv_averiadas": 80.0}}, {"type": "Feature", "geometry": {"type": "Point", "coordinates": [-73.488123516, 5.01450831]}, "properties": {"fecha": "1923-12-23", "municipio": "GUATEQUE", "departamento": "BOYACA", "muertos": 0.0, "heridos": 0.0, "viv_destruidas": 0.0, "viv_averiadas": 0.0}}, {"type": "Feature", "geometry": {"type": "Point", "coordinates": [-73.488123516, 5.01450831]}, "properties": {"fecha": "1928-11-02", "municipio": "GUATEQUE", "departamento": "BOYACA", "muertos": 0.0, "heridos": 0.0, "viv_destruidas": 0.0, "viv_averiadas": 0.0}}, {"type": "Feature", "geometry": {"type": "Point", "coordinates": [-73.488123516, 5.01450831]}, "properties": {"fecha": "1995-01-20", "municipio": "GUATEQUE", "departamento": "BOYACA", "muertos": 0.0, "heridos": 0.0, "viv_destruidas": 0.0, "viv_averiadas": 65.0}}, {"type": "Feature", "geometry": {"type": "Point", "coordinates": [-73.496633724, 4.931424341]}, "properties": {"fecha": "1995-01-20", "municipio": "GUAYATA", "departamento": "BOYACA", "muertos": 0.0, "heridos": 0.0, "viv_destruidas": 0.0, "viv_averiadas": 110.0}}, {"type": "Feature", "geometry": {"type": "Point", "coordinates": [-72.255993335, 6.566991765]}, "properties": {"fecha": "1995-01-20", "municipio": "GÜICAN DE LA SIERRA", "departamento": "BOYACA", "muertos": 0.0, "heridos": 0.0, "viv_destruidas": 0.0, "viv_averiadas": 0.0}}, {"type": "Feature", "geometry": {"type": "Point", "coordinates": [-73.400870207, 5.38916272]}, "properties": {"fecha": "1928-11-02", "municipio": "JENESANO", "departamento": "BOYACA", "muertos": 0.0, "heridos": 0.0, "viv_destruidas": 0.0, "viv_averiadas": 0.0}}, {"type": "Feature", "geometry": {"type": "Point", "coordinates": [-73.400870207, 5.38916272]}, "properties": {"fecha": "1995-01-20", "municipio": "JENESANO", "departamento": "BOYACA", "muertos": 0.0, "heridos": 0.0, "viv_destruidas": 0.0, "viv_averiadas": 6.0}}, {"type": "Feature", "geometry": {"type": "Point", "coordinates": [-73.459237077, 5.113167102]}, "properties": {"fecha": "1995-01-20", "municipio": "LA CAPILLA", "departamento": "BOYACA", "muertos": 0.0, "heridos": 0.0, "viv_destruidas": 6.0, "viv_averiadas": 168.0}}, {"type": "Feature", "geometry": {"type": "Point", "coordinates": [-73.514948003, 5.665762424]}, "properties": {"fecha": "1995-01-20", "municipio": "VILLA DE LEYVA", "departamento": "BOYACA", "muertos": 0.0, "heridos": 0.0, "viv_destruidas": 0.0, "viv_averiadas": 18.0}}, {"type": "Feature", "geometry": {"type": "Point", "coordinates": [-73.294136946, 4.980176495]}, "properties": {"fecha": "1995-01-20", "municipio": "MACANAL", "departamento": "BOYACA", "muertos": 0.0, "heridos": 0.0, "viv_destruidas": 58.0, "viv_averiadas": 104.0}}, {"type": "Feature", "geometry": {"type": "Point", "coordinates": [-73.178967217, 5.150953297]}, "properties": {"fecha": "1995-01-20", "municipio": "MIRAFLORES", "departamento": "BOYACA", "muertos": 0.0, "heridos": 0.0, "viv_destruidas": 8.0, "viv_averiadas": 54.0}}, {"type": "Feature", "geometry": {"type": "Point", "coordinates": [-72.634028752, 5.710937981]}, "properties": {"fecha": "1995-01-20", "municipio": "MONGUA", "departamento": "BOYACA", "muertos": 0.0, "heridos": 1.0, "viv_destruidas": 0.0, "viv_averiadas": 15.0}}, {"type": "Feature", "geometry": {"type": "Point", "coordinates": [-72.634028752, 5.710937981]}, "properties": {"fecha": "1999-07-18", "municipio": "MONGUA", "departamento": "BOYACA", "muertos": 0.0, "heridos": 0.0, "viv_destruidas": 0.0, "viv_averiadas": 20.0}}, {"type": "Feature", "geometry": {"type": "Point", "coordinates": [-72.832986642, 5.697352228]}, "properties": {"fecha": "1995-01-20", "municipio": "MONGUI", "departamento": "BOYACA", "muertos": 0.0, "heridos": 0.0, "viv_destruidas": 0.0, "viv_averiadas": 0.0}}, {"type": "Feature", "geometry": {"type": "Point", "coordinates": [-73.377342665, 5.606192449]}, "properties": {"fecha": "1928-11-02", "municipio": "MOTAVITA", "departamento": "BOYACA", "muertos": 0.0, "heridos": 0.0, "viv_destruidas": 0.0, "viv_averiadas": 0.0}}, {"type": "Feature", "geometry": {"type": "Point", "coordinates": [-73.448734241, 5.354701485]}, "properties": {"fecha": "2012-08-21", "municipio": "NUEVO COLON", "departamento": "BOYACA", "muertos": 0.0, "heridos": 0.0, "viv_destruidas": 0.0, "viv_averiadas": 8.0}}, {"type": "Feature", "geometry": {"type": "Point", "coordinates": [-73.279919053, 5.610787844]}, "properties": {"fecha": "1995-01-20", "municipio": "OICATA", "departamento": "BOYACA", "muertos": 0.0, "heridos": 0.0, "viv_destruidas": 1.0, "viv_averiadas": 2.0}}, {"type": "Feature", "geometry": {"type": "Point", "coordinates": [-73.004358626, 5.095211035]}, "properties": {"fecha": "1995-01-20", "municipio": "PAEZ", "departamento": "BOYACA", "muertos": 0.0, "heridos": 0.0, "viv_destruidas": 0.0, "viv_averiadas": 314.0}}, {"type": "Feature", "geometry": {"type": "Point", "coordinates": [-72.461824312, 6.443299758]}, "properties": {"fecha": "1995-01-20", "municipio": "PANQUEBA", "departamento": "BOYACA", "muertos": 0.0, "heridos": 0.0, "viv_destruidas": 3.0, "viv_averiadas": 3.0}}, {"type": "Feature", "geometry": {"type": "Point", "coordinates": [-74.452858102, 5.953466654]}, "properties": {"fecha": "1995-01-20", "municipio": "PUERTO BOYACA", "departamento": "BOYACA", "muertos": 0.0, "heridos": 0.0, "viv_destruidas": 0.0, "viv_averiadas": 0.0}}, {"type": "Feature", "geometry": {"type": "Point", "coordinates": [-73.628944376, 5.496268621]}, "properties": {"fecha": "1995-01-20", "municipio": "RAQUIRA", "departamento": "BOYACA", "muertos": 0.0, "heridos": 0.0, "viv_destruidas": 2.0, "viv_averiadas": 33.0}}, {"type": "Feature", "geometry": {"type": "Point", "coordinates": [-73.196509947, 5.379947879]}, "properties": {"fecha": "1995-01-20", "municipio": "RONDON", "departamento": "BOYACA", "muertos": 0.0, "heridos": 0.0, "viv_destruidas": 0.0, "viv_averiadas": 35.0}}, {"type": "Feature", "geometry": {"type": "Point", "coordinates": [-73.521175604, 5.47053997]}, "properties": {"fecha": "1995-01-20", "municipio": "SAMACA", "departamento": "BOYACA", "muertos": 0.0, "heridos": 0.0, "viv_destruidas": 0.0, "viv_averiadas": 1.0}}, {"type": "Feature", "geometry": {"type": "Point", "coordinates": [-73.049140669, 5.234614686]}, "properties": {"fecha": "1995-01-20", "municipio": "SAN EDUARDO", "departamento": "BOYACA", "muertos": 0.0, "heridos": 0.0, "viv_destruidas": 0.0, "viv_averiadas": 12.0}}, {"type": "Feature", "geometry": {"type": "Point", "coordinates": [-73.049140669, 5.234614686]}, "properties": {"fecha": "2012-10-30", "municipio": "SAN EDUARDO", "departamento": "BOYACA", "muertos": 0.0, "heridos": 0.0, "viv_destruidas": 0.0, "viv_averiadas": 1.0}}, {"type": "Feature", "geometry": {"type": "Point", "coordinates": [-73.133970184, 4.798203543]}, "properties": {"fecha": "1995-01-20", "municipio": "SAN LUIS DE GACENO", "departamento": "BOYACA", "muertos": 0.0, "heridos": 7.0, "viv_destruidas": 46.0, "viv_averiadas": 603.0}}, {"type": "Feature", "geometry": {"type": "Point", "coordinates": [-73.133970184, 4.798203543]}, "properties": {"fecha": "2010-01-28", "municipio": "SAN LUIS DE GACENO", "departamento": "BOYACA", "muertos": 0.0, "heridos": 0.0, "viv_destruidas": 0.0, "viv_averiadas": 0.0}}, {"type": "Feature", "geometry": {"type": "Point", "coordinates": [-73.747158978, 5.532326922]}, "properties": {"fecha": "1995-01-20", "municipio": "SAN MIGUEL DE SEMA", "departamento": "BOYACA", "muertos": 0.0, "heridos": 0.0, "viv_destruidas": 0.0, "viv_averiadas": 20.0}}, {"type": "Feature", "geometry": {"type": "Point", "coordinates": [-73.253775062, 4.823002556]}, "properties": {"fecha": "1995-01-20", "municipio": "SANTA MARIA", "departamento": "BOYACA", "muertos": 0.0, "heridos": 0.0, "viv_destruidas": 4.0, "viv_averiadas": 85.0}}, {"type": "Feature", "geometry": {"type": "Point", "coordinates": [-73.603662869, 5.731602716]}, "properties": {"fecha": "1995-01-20", "municipio": "SANTA SOFIA", "departamento": "BOYACA", "muertos": 0.0, "heridos": 0.0, "viv_destruidas": 0.0, "viv_averiadas": 10.0}}, {"type": "Feature", "geometry": {"type": "Point", "coordinates": [-72.730324154, 6.13211793]}, "properties": {"fecha": "1999-07-18", "municipio": "SATIVANORTE", "departamento": "BOYACA", "muertos": 0.0, "heridos": 0.0, "viv_destruidas": 65.0, "viv_averiadas": 50.0}}, {"type": "Feature", "geometry": {"type": "Point", "coordinates": [-72.682397841, 5.960498836]}, "properties": {"fecha": "1995-01-20", "municipio": "SOCHA", "departamento": "BOYACA", "muertos": 0.0, "heridos": 0.0, "viv_destruidas": 0.0, "viv_averiadas": 2.0}}, {"type": "Feature", "geometry": {"type": "Point", "coordinates": [-72.870956503, 5.646672053]}, "properties": {"fecha": "1967-07-30", "municipio": "SOGAMOSO", "departamento": "BOYACA", "muertos": 0.0, "heridos": 0.0, "viv_destruidas": 0.0, "viv_averiadas": 0.0}}, {"type": "Feature", "geometry": {"type": "Point", "coordinates": [-72.870956503, 5.646672053]}, "properties": {"fecha": "1995-01-20", "municipio": "SOGAMOSO", "departamento": "BOYACA", "muertos": 0.0, "heridos": 0.0, "viv_destruidas": 0.0, "viv_averiadas": 18.0}}, {"type": "Feature", "geometry": {"type": "Point", "coordinates": [-73.428787852, 4.970974064]}, "properties": {"fecha": "1995-01-20", "municipio": "SOMONDOCO", "departamento": "BOYACA", "muertos": 0.0, "heridos": 0.0, "viv_destruidas": 0.0, "viv_averiadas": 24.0}}, {"type": "Feature", "geometry": {"type": "Point", "coordinates": [-73.625987727, 5.640030759]}, "properties": {"fecha": "1995-01-20", "municipio": "SUTAMARCHAN", "departamento": "BOYACA", "muertos": 0.0, "heridos": 0.0, "viv_destruidas": 0.0, "viv_averiadas": 7.0}}, {"type": "Feature", "geometry": {"type": "Point", "coordinates": [-73.424796988, 5.071413139]}, "properties": {"fecha": "1928-11-02", "municipio": "TENZA", "departamento": "BOYACA", "muertos": 0.0, "heridos": 0.0, "viv_destruidas": 0.0, "viv_averiadas": 0.0}}, {"type": "Feature", "geometry": {"type": "Point", "coordinates": [-73.424796988, 5.071413139]}, "properties": {"fecha": "1995-01-20", "municipio": "TENZA", "departamento": "BOYACA", "muertos": 0.0, "heridos": 0.0, "viv_destruidas": 0.0, "viv_averiadas": 17.0}}, {"type": "Feature", "geometry": {"type": "Point", "coordinates": [-73.393252095, 5.301116649]}, "properties": {"fecha": "1928-11-02", "municipio": "TIBANA", "departamento": "BOYACA", "muertos": 6.0, "heridos": 0.0, "viv_destruidas": 0.0, "viv_averiadas": 0.0}}, {"type": "Feature", "geometry": {"type": "Point", "coordinates": [-73.393252095, 5.301116649]}, "properties": {"fecha": "1995-01-20", "municipio": "TIBANA", "departamento": "BOYACA", "muertos": 0.0, "heridos": 0.0, "viv_destruidas": 2.0, "viv_averiadas": 197.0}}, {"type": "Feature", "geometry": {"type": "Point", "coordinates": [-73.676145721, 5.577566497]}, "properties": {"fecha": "1995-01-20", "municipio": "TINJACA", "departamento": "BOYACA", "muertos": 0.0, "heridos": 0.0, "viv_destruidas": 0.0, "viv_averiadas": 5.0}}, {"type": "Feature", "geometry": {"type": "Point", "coordinates": [-72.836729576, 5.765350303]}, "properties": {"fecha": "1995-01-20", "municipio": "TOPAGA", "departamento": "BOYACA", "muertos": 0.0, "heridos": 0.0, "viv_destruidas": 11.0, "viv_averiadas": 0.0}}, {"type": "Feature", "geometry": {"type": "Point", "coordinates": [-72.996332969, 5.501297215]}, "properties": {"fecha": "1995-01-20", "municipio": "TOTA", "departamento": "BOYACA", "muertos": 0.0, "heridos": 0.0, "viv_destruidas": 2.0, "viv_averiadas": 8.0}}, {"type": "Feature", "geometry": {"type": "Point", "coordinates": [-73.509087138, 5.305697418]}, "properties": {"fecha": "1995-01-20", "municipio": "TURMEQUE", "departamento": "BOYACA", "muertos": 0.0, "heridos": 0.0, "viv_destruidas": 1.0, "viv_averiadas": 18.0}}, {"type": "Feature", "geometry": {"type": "Point", "coordinates": [-73.173430534, 5.678126998]}, "properties": {"fecha": "1995-01-20", "municipio": "TUTA", "departamento": "BOYACA", "muertos": 0.0, "heridos": 0.0, "viv_destruidas": 0.0, "viv_averiadas": 15.0}}, {"type": "Feature", "geometry": {"type": "Point", "coordinates": [-73.463384768, 5.217241368]}, "properties": {"fecha": "1995-01-20", "municipio": "UMBITA", "departamento": "BOYACA", "muertos": 0.0, "heridos": 0.0, "viv_destruidas": 0.0, "viv_averiadas": 7.0}}, {"type": "Feature", "geometry": {"type": "Point", "coordinates": [-73.167630912, 5.285635983]}, "properties": {"fecha": "1928-11-02", "municipio": "ZETAQUIRA", "departamento": "BOYACA", "muertos": 0.0, "heridos": 0.0, "viv_destruidas": 0.0, "viv_averiadas": 0.0}}, {"type": "Feature", "geometry": {"type": "Point", "coordinates": [-73.167630912, 5.285635983]}, "properties": {"fecha": "1995-01-20", "municipio": "ZETAQUIRA", "departamento": "BOYACA", "muertos": 0.0, "heridos": 0.0, "viv_destruidas": 1.0, "viv_averiadas": 26.0}}, {"type": "Feature", "geometry": {"type": "Point", "coordinates": [-75.50727881, 5.08343301]}, "properties": {"fecha": "1917-09-01", "municipio": "MANIZALES", "departamento": "CALDAS", "muertos": 0.0, "heridos": 0.0, "viv_destruidas": 0.0, "viv_averiadas": 4.0}}, {"type": "Feature", "geometry": {"type": "Point", "coordinates": [-75.50727881, 5.08343301]}, "properties": {"fecha": "1935-09-08", "municipio": "MANIZALES", "departamento": "CALDAS", "muertos": 0.0, "heridos": 0.0, "viv_destruidas": 27.0, "viv_averiadas": 0.0}}, {"type": "Feature", "geometry": {"type": "Point", "coordinates": [-75.50727881, 5.08343301]}, "properties": {"fecha": "1936-02-16", "municipio": "MANIZALES", "departamento": "CALDAS", "muertos": 0.0, "heridos": 30.0, "viv_destruidas": 1.0, "viv_averiadas": 0.0}}, {"type": "Feature", "geometry": {"type": "Point", "coordinates": [-75.50727881, 5.08343301]}, "properties": {"fecha": "1942-09-16", "municipio": "MANIZALES", "departamento": "CALDAS", "muertos": 0.0, "heridos": 5.0, "viv_destruidas": 1.0, "viv_averiadas": 0.0}}, {"type": "Feature", "geometry": {"type": "Point", "coordinates": [-75.50727881, 5.08343301]}, "properties": {"fecha": "1961-12-22", "municipio": "MANIZALES", "departamento": "CALDAS", "muertos": 10.0, "heridos": 0.0, "viv_destruidas": 526.0, "viv_averiadas": 0.0}}, {"type": "Feature", "geometry": {"type": "Point", "coordinates": [-75.50727881, 5.08343301]}, "properties": {"fecha": "1962-07-16", "municipio": "MANIZALES", "departamento": "CALDAS", "muertos": 4.0, "heridos": 51.0, "viv_destruidas": 0.0, "viv_averiadas": 0.0}}, {"type": "Feature", "geometry": {"type": "Point", "coordinates": [-75.50727881, 5.08343301]}, "properties": {"fecha": "1965-01-05", "municipio": "MANIZALES", "departamento": "CALDAS", "muertos": 0.0, "heridos": 3.0, "viv_destruidas": 0.0, "viv_averiadas": 0.0}}, {"type": "Feature", "geometry": {"type": "Point", "coordinates": [-75.50727881, 5.08343301]}, "properties": {"fecha": "1965-02-08", "municipio": "MANIZALES", "departamento": "CALDAS", "muertos": 0.0, "heridos": 7.0, "viv_destruidas": 0.0, "viv_averiadas": 0.0}}, {"type": "Feature", "geometry": {"type": "Point", "coordinates": [-75.50727881, 5.08343301]}, "properties": {"fecha": "1967-07-30", "municipio": "MANIZALES", "departamento": "CALDAS", "muertos": 0.0, "heridos": 0.0, "viv_destruidas": 0.0, "viv_averiadas": 0.0}}, {"type": "Feature", "geometry": {"type": "Point", "coordinates": [-75.50727881, 5.08343301]}, "properties": {"fecha": "1973-04-04", "municipio": "MANIZALES", "departamento": "CALDAS", "muertos": 0.0, "heridos": 0.0, "viv_destruidas": 0.0, "viv_averiadas": 0.0}}, {"type": "Feature", "geometry": {"type": "Point", "coordinates": [-75.50727881, 5.08343301]}, "properties": {"fecha": "1973-04-16", "municipio": "MANIZALES", "departamento": "CALDAS", "muertos": 0.0, "heridos": 0.0, "viv_destruidas": 0.0, "viv_averiadas": 0.0}}, {"type": "Feature", "geometry": {"type": "Point", "coordinates": [-75.50727881, 5.08343301]}, "properties": {"fecha": "1976-05-20", "municipio": "MANIZALES", "departamento": "CALDAS", "muertos": 0.0, "heridos": 0.0, "viv_destruidas": 0.0, "viv_averiadas": 0.0}}, {"type": "Feature", "geometry": {"type": "Point", "coordinates": [-75.50727881, 5.08343301]}, "properties": {"fecha": "1979-11-24", "municipio": "MANIZALES", "departamento": "CALDAS", "muertos": 4.0, "heridos": 35.0, "viv_destruidas": 203.0, "viv_averiadas": 0.0}}, {"type": "Feature", "geometry": {"type": "Point", "coordinates": [-75.50727881, 5.08343301]}, "properties": {"fecha": "1980-06-26", "municipio": "MANIZALES", "departamento": "CALDAS", "muertos": 0.0, "heridos": 0.0, "viv_destruidas": 0.0, "viv_averiadas": 0.0}}, {"type": "Feature", "geometry": {"type": "Point", "coordinates": [-75.50727881, 5.08343301]}, "properties": {"fecha": "1995-02-09", "municipio": "MANIZALES", "departamento": "CALDAS", "muertos": 0.0, "heridos": 0.0, "viv_destruidas": 0.0, "viv_averiadas": 0.0}}, {"type": "Feature", "geometry": {"type": "Point", "coordinates": [-75.455447104, 5.616204006]}, "properties": {"fecha": "1962-07-16", "municipio": "AGUADAS", "departamento": "CALDAS", "muertos": 4.0, "heridos": 10.0, "viv_destruidas": 26.0, "viv_averiadas": 0.0}}, {"type": "Feature", "geometry": {"type": "Point", "coordinates": [-75.455447104, 5.616204006]}, "properties": {"fecha": "1979-11-24", "municipio": "AGUADAS", "departamento": "CALDAS", "muertos": 1.0, "heridos": 2.0, "viv_destruidas": 3.0, "viv_averiadas": 0.0}}, {"type": "Feature", "geometry": {"type": "Point", "coordinates": [-75.455447104, 5.616204006]}, "properties": {"fecha": "1995-08-20", "municipio": "AGUADAS", "departamento": "CALDAS", "muertos": 0.0, "heridos": 0.0, "viv_destruidas": 7.0, "viv_averiadas": 24.0}}, {"type": "Feature", "geometry": {"type": "Point", "coordinates": [-75.752890779, 5.20029922]}, "properties": {"fecha": "1962-07-16", "municipio": "ANSERMA", "departamento": "CALDAS", "muertos": 1.0, "heridos": 3.0, "viv_destruidas": 90.0, "viv_averiadas": 0.0}}, {"type": "Feature", "geometry": {"type": "Point", "coordinates": [-75.473926194, 5.265539969]}, "properties": {"fecha": "1938-02-05", "municipio": "ARANZAZU", "departamento": "CALDAS", "muertos": 2.0, "heridos": 2.0, "viv_destruidas": 1.0, "viv_averiadas": 0.0}}, {"type": "Feature", "geometry": {"type": "Point", "coordinates": [-75.473926194, 5.265539969]}, "properties": {"fecha": "1979-11-24", "municipio": "ARANZAZU", "departamento": "CALDAS", "muertos": 0.0, "heridos": 2.0, "viv_destruidas": 15.0, "viv_averiadas": 0.0}}, {"type": "Feature", "geometry": {"type": "Point", "coordinates": [-75.473926194, 5.265539969]}, "properties": {"fecha": "1995-08-20", "municipio": "ARANZAZU", "departamento": "CALDAS", "muertos": 0.0, "heridos": 0.0, "viv_destruidas": 0.0, "viv_averiadas": 51.0}}, {"type": "Feature", "geometry": {"type": "Point", "coordinates": [-75.659546861, 4.974340569]}, "properties": {"fecha": "1979-11-24", "municipio": "CHINCHINA", "departamento": "CALDAS", "muertos": 0.0, "heridos": 4.0, "viv_destruidas": 5.0, "viv_averiadas": 0.0}}, {"type": "Feature", "geometry": {"type": "Point", "coordinates": [-75.659546861, 4.974340569]}, "properties": {"fecha": "1995-02-09", "municipio": "CHINCHINA", "departamento": "CALDAS", "muertos": 0.0, "heridos": 0.0, "viv_destruidas": 2.0, "viv_averiadas": 22.0}}, {"type": "Feature", "geometry": {"type": "Point", "coordinates": [-75.659546861, 4.974340569]}, "properties": {"fecha": "1999-01-26", "municipio": "CHINCHINA", "departamento": "CALDAS", "muertos": 1.0, "heridos": 0.0, "viv_destruidas": 45.0, "viv_averiadas": 154.0}}, {"type": "Feature", "geometry": {"type": "Point", "coordinates": [-75.659546861, 4.974340569]}, "properties": {"fecha": "2013-02-10", "municipio": "CHINCHINA", "departamento": "CALDAS", "muertos": 0.0, "heridos": 0.0, "viv_destruidas": 0.0, "viv_averiadas": 1.0}}, {"type": "Feature", "geometry": {"type": "Point", "coordinates": [-74.72114262, 5.410515691]}, "properties": {"fecha": "1980-05-07", "municipio": "LA DORADA", "departamento": "CALDAS", "muertos": 3.0, "heridos": 0.0, "viv_destruidas": 1.0, "viv_averiadas": 0.0}}, {"type": "Feature", "geometry": {"type": "Point", "coordinates": [-75.152634472, 5.23295391]}, "properties": {"fecha": "1995-02-09", "municipio": "MANZANARES", "departamento": "CALDAS", "muertos": 0.0, "heridos": 0.0, "viv_destruidas": 0.0, "viv_averiadas": 1.0}}, {"type": "Feature", "geometry": {"type": "Point", "coordinates": [-75.60209955, 5.492632029]}, "properties": {"fecha": "1962-07-16", "municipio": "MARMATO", "departamento": "CALDAS", "muertos": 1.0, "heridos": 3.0, "viv_destruidas": 1.0, "viv_averiadas": 0.0}}, {"type": "Feature", "geometry": {"type": "Point", "coordinates": [-75.60209955, 5.492632029]}, "properties": {"fecha": "1979-11-24", "municipio": "MARMATO", "departamento": "CALDAS", "muertos": 0.0, "heridos": 0.0, "viv_destruidas": 2.0, "viv_averiadas": 0.0}}, {"type": "Feature", "geometry": {"type": "Point", "coordinates": [-75.60209955, 5.492632029]}, "properties": {"fecha": "1995-02-09", "municipio": "MARMATO", "departamento": "CALDAS", "muertos": 0.0, "heridos": 0.0, "viv_destruidas": 1.0, "viv_averiadas": 0.0}}, {"type": "Feature", "geometry": {"type": "Point", "coordinates": [-75.506929774, 5.183358589]}, "properties": {"fecha": "1979-11-24", "municipio": "NEIRA", "departamento": "CALDAS", "muertos": 0.0, "heridos": 2.0, "viv_destruidas": 14.0, "viv_averiadas": 0.0}}, {"type": "Feature", "geometry": {"type": "Point", "coordinates": [-75.506929774, 5.183358589]}, "properties": {"fecha": "1995-02-09", "municipio": "NEIRA", "departamento": "CALDAS", "muertos": 0.0, "heridos": 0.0, "viv_destruidas": 0.0, "viv_averiadas": 1.0}}, {"type": "Feature", "geometry": {"type": "Point", "coordinates": [-75.482450565, 5.500035035]}, "properties": {"fecha": "1962-07-16", "municipio": "PACORA", "departamento": "CALDAS", "muertos": 1.0, "heridos": 5.0, "viv_destruidas": 10.0, "viv_averiadas": 0.0}}, {"type": "Feature", "geometry": {"type": "Point", "coordinates": [-75.661762659, 5.050342543]}, "properties": {"fecha": "1979-11-24", "municipio": "PALESTINA", "departamento": "CALDAS", "muertos": 0.0, "heridos": 0.0, "viv_destruidas": 42.0, "viv_averiadas": 0.0}}, {"type": "Feature", "geometry": {"type": "Point", "coordinates": [-75.661762659, 5.050342543]}, "properties": {"fecha": "1995-02-09", "municipio": "PALESTINA", "departamento": "CALDAS", "muertos": 2.0, "heridos": 2.0, "viv_destruidas": 0.0, "viv_averiadas": 0.0}}, {"type": "Feature", "geometry": {"type": "Point", "coordinates": [-75.166839962, 5.407187836]}, "properties": {"fecha": "1962-07-16", "municipio": "PENSILVANIA", "departamento": "CALDAS", "muertos": 5.0, "heridos": 5.0, "viv_destruidas": 4.0, "viv_averiadas": 0.0}}, {"type": "Feature", "geometry": {"type": "Point", "coordinates": [-75.75220499, 5.442275418]}, "properties": {"fecha": "1962-07-16", "municipio": "RIOSUCIO", "departamento": "CALDAS", "muertos": 3.0, "heridos": 4.0, "viv_destruidas": 1.0, "viv_averiadas": 0.0}}, {"type": "Feature", "geometry": {"type": "Point", "coordinates": [-75.75220499, 5.442275418]}, "properties": {"fecha": "1979-11-24", "municipio": "RIOSUCIO", "departamento": "CALDAS", "muertos": 0.0, "heridos": 0.0, "viv_destruidas": 50.0, "viv_averiadas": 0.0}}, {"type": "Feature", "geometry": {"type": "Point", "coordinates": [-75.75220499, 5.442275418]}, "properties": {"fecha": "1995-02-09", "municipio": "RIOSUCIO", "departamento": "CALDAS", "muertos": 0.0, "heridos": 0.0, "viv_destruidas": 0.0, "viv_averiadas": 22.0}}, {"type": "Feature", "geometry": {"type": "Point", "coordinates": [-75.75220499, 5.442275418]}, "properties": {"fecha": "1995-08-20", "municipio": "RIOSUCIO", "departamento": "CALDAS", "muertos": 1.0, "heridos": 0.0, "viv_destruidas": 0.0, "viv_averiadas": 0.0}}, {"type": "Feature", "geometry": {"type": "Point", "coordinates": [-75.733351662, 5.097563816]}, "properties": {"fecha": "1995-02-09", "municipio": "RISARALDA", "departamento": "CALDAS", "muertos": 0.0, "heridos": 0.0, "viv_destruidas": 1.0, "viv_averiadas": 4.0}}, {"type": "Feature", "geometry": {"type": "Point", "coordinates": [-75.409621766, 5.370332425]}, "properties": {"fecha": "1979-11-24", "municipio": "SALAMINA", "departamento": "CALDAS", "muertos": 0.0, "heridos": 10.0, "viv_destruidas": 1.0, "viv_averiadas": 0.0}}, {"type": "Feature", "geometry": {"type": "Point", "coordinates": [-75.409621766, 5.370332425]}, "properties": {"fecha": "2013-02-10", "municipio": "SALAMINA", "departamento": "CALDAS", "muertos": 0.0, "heridos": 0.0, "viv_destruidas": 0.0, "viv_averiadas": 1.0}}, {"type": "Feature", "geometry": {"type": "Point", "coordinates": [-75.640357045, 5.45295802]}, "properties": {"fecha": "1979-11-24", "municipio": "SUPIA", "departamento": "CALDAS", "muertos": 0.0, "heridos": 0.0, "viv_destruidas": 20.0, "viv_averiadas": 0.0}}, {"type": "Feature", "geometry": {"type": "Point", "coordinates": [-75.640357045, 5.45295802]}, "properties": {"fecha": "1995-08-20", "municipio": "SUPIA", "departamento": "CALDAS", "muertos": 0.0, "heridos": 0.0, "viv_destruidas": 0.0, "viv_averiadas": 27.0}}, {"type": "Feature", "geometry": {"type": "Point", "coordinates": [-75.435440137, 4.940211591]}, "properties": {"fecha": "1979-11-24", "municipio": "VILLAMARIA", "departamento": "CALDAS", "muertos": 0.0, "heridos": 10.0, "viv_destruidas": 3.0, "viv_averiadas": 0.0}}, {"type": "Feature", "geometry": {"type": "Point", "coordinates": [-75.435440137, 4.940211591]}, "properties": {"fecha": "2022-11-11", "municipio": "VILLAMARIA", "departamento": "CALDAS", "muertos": 0.0, "heridos": 0.0, "viv_destruidas": 0.0, "viv_averiadas": 0.0}}, {"type": "Feature", "geometry": {"type": "Point", "coordinates": [-75.558239064, 1.749138704]}, "properties": {"fecha": "1977-02-13", "municipio": "FLORENCIA", "departamento": "CAQUETA", "muertos": 0.0, "heridos": 0.0, "viv_destruidas": 0.0, "viv_averiadas": 0.0}}, {"type": "Feature", "geometry": {"type": "Point", "coordinates": [-76.591944191, 2.471704362]}, "properties": {"fecha": "1937-05-03", "municipio": "POPAYAN", "departamento": "CAUCA", "muertos": 0.0, "heridos": 0.0, "viv_destruidas": 1.0, "viv_averiadas": 0.0}}, {"type": "Feature", "geometry": {"type": "Point", "coordinates": [-76.591944191, 2.471704362]}, "properties": {"fecha": "1946-03-16", "municipio": "POPAYAN", "departamento": "CAUCA", "muertos": 0.0, "heridos": 0.0, "viv_destruidas": 0.0, "viv_averiadas": 0.0}}, {"type": "Feature", "geometry": {"type": "Point", "coordinates": [-76.591944191, 2.471704362]}, "properties": {"fecha": "1967-02-16", "municipio": "POPAYAN", "departamento": "CAUCA", "muertos": 1.0, "heridos": 0.0, "viv_destruidas": 0.0, "viv_averiadas": 0.0}}, {"type": "Feature", "geometry": {"type": "Point", "coordinates": [-76.591944191, 2.471704362]}, "properties": {"fecha": "1973-04-04", "municipio": "POPAYAN", "departamento": "CAUCA", "muertos": 0.0, "heridos": 0.0, "viv_destruidas": 0.0, "viv_averiadas": 0.0}}, {"type": "Feature", "geometry": {"type": "Point", "coordinates": [-76.591944191, 2.471704362]}, "properties": {"fecha": "1973-04-16", "municipio": "POPAYAN", "departamento": "CAUCA", "muertos": 0.0, "heridos": 0.0, "viv_destruidas": 1.0, "viv_averiadas": 0.0}}, {"type": "Feature", "geometry": {"type": "Point", "coordinates": [-76.591944191, 2.471704362]}, "properties": {"fecha": "1979-11-24", "municipio": "POPAYAN", "departamento": "CAUCA", "muertos": 3.0, "heridos": 0.0, "viv_destruidas": 2.0, "viv_averiadas": 0.0}}, {"type": "Feature", "geometry": {"type": "Point", "coordinates": [-76.591944191, 2.471704362]}, "properties": {"fecha": "1979-12-13", "municipio": "POPAYAN", "departamento": "CAUCA", "muertos": 0.0, "heridos": 1.0, "viv_destruidas": 0.0, "viv_averiadas": 15.0}}, {"type": "Feature", "geometry": {"type": "Point", "coordinates": [-76.591944191, 2.471704362]}, "properties": {"fecha": "1980-06-06", "municipio": "POPAYAN", "departamento": "CAUCA", "muertos": 0.0, "heridos": 0.0, "viv_destruidas": 0.0, "viv_averiadas": 0.0}}, {"type": "Feature", "geometry": {"type": "Point", "coordinates": [-76.591944191, 2.471704362]}, "properties": {"fecha": "1994-06-07", "municipio": "POPAYAN", "departamento": "CAUCA", "muertos": 0.0, "heridos": 0.0, "viv_destruidas": 0.0, "viv_averiadas": 0.0}}, {"type": "Feature", "geometry": {"type": "Point", "coordinates": [-76.591944191, 2.471704362]}, "properties": {"fecha": "2012-10-01", "municipio": "POPAYAN", "departamento": "CAUCA", "muertos": 0.0, "heridos": 0.0, "viv_destruidas": 0.0, "viv_averiadas": 3.0}}, {"type": "Feature", "geometry": {"type": "Point", "coordinates": [-76.591944191, 2.471704362]}, "properties": {"fecha": "2013-02-10", "municipio": "POPAYAN", "departamento": "CAUCA", "muertos": 0.0, "heridos": 0.0, "viv_destruidas": 0.0, "viv_averiadas": 0.0}}, {"type": "Feature", "geometry": {"type": "Point", "coordinates": [-76.591944191, 2.471704362]}, "properties": {"fecha": "2013-02-10", "municipio": "POPAYAN", "departamento": "CAUCA", "muertos": 0.0, "heridos": 0.0, "viv_destruidas": 0.0, "viv_averiadas": 12.0}}, {"type": "Feature", "geometry": {"type": "Point", "coordinates": [-76.834945194, 1.912440521]}, "properties": {"fecha": "2013-02-10", "municipio": "ALMAGUER", "departamento": "CAUCA", "muertos": 0.0, "heridos": 0.0, "viv_destruidas": 0.0, "viv_averiadas": 169.0}}, {"type": "Feature", "geometry": {"type": "Point", "coordinates": [-76.834945194, 1.912440521]}, "properties": {"fecha": "2015-02-23", "municipio": "ALMAGUER", "departamento": "CAUCA", "muertos": 0.0, "heridos": 0.0, "viv_destruidas": 0.0, "viv_averiadas": 19.0}}, {"type": "Feature", "geometry": {"type": "Point", "coordinates": [-77.26314906, 2.329337283]}, "properties": {"fecha": "2012-10-01", "municipio": "ARGELIA", "departamento": "CAUCA", "muertos": 0.0, "heridos": 0.0, "viv_destruidas": 3.0, "viv_averiadas": 71.0}}, {"type": "Feature", "geometry": {"type": "Point", "coordinates": [-77.26314906, 2.329337283]}, "properties": {"fecha": "2013-02-10", "municipio": "ARGELIA", "departamento": "CAUCA", "muertos": 0.0, "heridos": 0.0, "viv_destruidas": 0.0, "viv_averiadas": 309.0}}, {"type": "Feature", "geometry": {"type": "Point", "coordinates": [-77.208813302, 2.084732945]}, "properties": {"fecha": "2013-02-10", "municipio": "BALBOA", "departamento": "CAUCA", "muertos": 0.0, "heridos": 0.0, "viv_destruidas": 5.0, "viv_averiadas": 304.0}}, {"type": "Feature", "geometry": {"type": "Point", "coordinates": [-76.963374538, 1.853951938]}, "properties": {"fecha": "1979-12-13", "municipio": "BOLIVAR", "departamento": "CAUCA", "muertos": 0.0, "heridos": 0.0, "viv_destruidas": 2.0, "viv_averiadas": 0.0}}, {"type": "Feature", "geometry": {"type": "Point", "coordinates": [-76.963374538, 1.853951938]}, "properties": {"fecha": "2013-02-10", "municipio": "BOLIVAR", "departamento": "CAUCA", "muertos": 0.0, "heridos": 0.0, "viv_destruidas": 0.0, "viv_averiadas": 97.0}}, {"type": "Feature", "geometry": {"type": "Point", "coordinates": [-76.963374538, 1.853951938]}, "properties": {"fecha": "2016-04-17", "municipio": "BOLIVAR", "departamento": "CAUCA", "muertos": 0.0, "heridos": 0.0, "viv_destruidas": 0.0, "viv_averiadas": 2.0}}, {"type": "Feature", "geometry": {"type": "Point", "coordinates": [-76.621589509, 2.988923885]}, "properties": {"fecha": "1994-06-07", "municipio": "BUENOS AIRES", "departamento": "CAUCA", "muertos": 0.0, "heridos": 0.0, "viv_destruidas": 0.0, "viv_averiadas": 0.0}}, {"type": "Feature", "geometry": {"type": "Point", "coordinates": [-76.621589509, 2.988923885]}, "properties": {"fecha": "2013-02-10", "municipio": "BUENOS AIRES", "departamento": "CAUCA", "muertos": 0.0, "heridos": 0.0, "viv_destruidas": 0.0, "viv_averiadas": 130.0}}, {"type": "Feature", "geometry": {"type": "Point", "coordinates": [-76.701389144, 2.643209848]}, "properties": {"fecha": "1979-12-13", "municipio": "CAJIBIO", "departamento": "CAUCA", "muertos": 0.0, "heridos": 0.0, "viv_destruidas": 0.0, "viv_averiadas": 0.0}}, {"type": "Feature", "geometry": {"type": "Point", "coordinates": [-76.701389144, 2.643209848]}, "properties": {"fecha": "1983-04-01", "municipio": "CAJIBIO", "departamento": "CAUCA", "muertos": 3.0, "heridos": 0.0, "viv_destruidas": 0.0, "viv_averiadas": 0.0}}, {"type": "Feature", "geometry": {"type": "Point", "coordinates": [-76.701389144, 2.643209848]}, "properties": {"fecha": "2013-02-10", "municipio": "CAJIBIO", "departamento": "CAUCA", "muertos": 0.0, "heridos": 0.0, "viv_destruidas": 4.0, "viv_averiadas": 85.0}}, {"type": "Feature", "geometry": {"type": "Point", "coordinates": [-76.701389144, 2.643209848]}, "properties": {"fecha": "2016-04-17", "municipio": "CAJIBIO", "departamento": "CAUCA", "muertos": 0.0, "heridos": 0.0, "viv_destruidas": 0.0, "viv_averiadas": 23.0}}, {"type": "Feature", "geometry": {"type": "Point", "coordinates": [-76.427193766, 2.803845691]}, "properties": {"fecha": "1994-06-07", "municipio": "CALDONO", "departamento": "CAUCA", "muertos": 0.0, "heridos": 0.0, "viv_destruidas": 0.0, "viv_averiadas": 0.0}}, {"type": "Feature", "geometry": {"type": "Point", "coordinates": [-76.427193766, 2.803845691]}, "properties": {"fecha": "2013-02-10", "municipio": "CALDONO", "departamento": "CAUCA", "muertos": 0.0, "heridos": 0.0, "viv_destruidas": 13.0, "viv_averiadas": 137.0}}, {"type": "Feature", "geometry": {"type": "Point", "coordinates": [-76.427193766, 2.803845691]}, "properties": {"fecha": "2014-01-10", "municipio": "CALDONO", "departamento": "CAUCA", "muertos": 0.0, "heridos": 0.0, "viv_destruidas": 0.0, "viv_averiadas": 22.0}}, {"type": "Feature", "geometry": {"type": "Point", "coordinates": [-76.427193766, 2.803845691]}, "properties": {"fecha": "2015-02-23", "municipio": "CALDONO", "departamento": "CAUCA", "muertos": 0.0, "heridos": 0.0, "viv_destruidas": 0.0, "viv_averiadas": 15.0}}, {"type": "Feature", "geometry": {"type": "Point", "coordinates": [-76.427193766, 2.803845691]}, "properties": {"fecha": "2016-04-17", "municipio": "CALDONO", "departamento": "CAUCA", "muertos": 0.0, "heridos": 0.0, "viv_destruidas": 0.0, "viv_averiadas": 2.0}}, {"type": "Feature", "geometry": {"type": "Point", "coordinates": [-76.321279771, 3.062875557]}, "properties": {"fecha": "1994-06-07", "municipio": "CALOTO", "departamento": "CAUCA", "muertos": 0.0, "heridos": 0.0, "viv_destruidas": 0.0, "viv_averiadas": 0.0}}, {"type": "Feature", "geometry": {"type": "Point", "coordinates": [-76.321279771, 3.062875557]}, "properties": {"fecha": "2009-12-19", "municipio": "CALOTO", "departamento": "CAUCA", "muertos": 0.0, "heridos": 0.0, "viv_destruidas": 0.0, "viv_averiadas": 12.0}}, {"type": "Feature", "geometry": {"type": "Point", "coordinates": [-76.321279771, 3.062875557]}, "properties": {"fecha": "2012-10-01", "municipio": "CALOTO", "departamento": "CAUCA", "muertos": 0.0, "heridos": 0.0, "viv_destruidas": 0.0, "viv_averiadas": 12.0}}, {"type": "Feature", "geometry": {"type": "Point", "coordinates": [-76.321279771, 3.062875557]}, "properties": {"fecha": "2013-02-10", "municipio": "CALOTO", "departamento": "CAUCA", "muertos": 0.0, "heridos": 0.0, "viv_destruidas": 0.0, "viv_averiadas": 50.0}}, {"type": "Feature", "geometry": {"type": "Point", "coordinates": [-77.005112065, 2.534488312]}, "properties": {"fecha": "1979-12-13", "municipio": "EL TAMBO", "departamento": "CAUCA", "muertos": 0.0, "heridos": 0.0, "viv_destruidas": 0.0, "viv_averiadas": 50.0}}, {"type": "Feature", "geometry": {"type": "Point", "coordinates": [-77.005112065, 2.534488312]}, "properties": {"fecha": "2013-02-10", "municipio": "EL TAMBO", "departamento": "CAUCA", "muertos": 0.0, "heridos": 0.0, "viv_destruidas": 1.0, "viv_averiadas": 219.0}}, {"type": "Feature", "geometry": {"type": "Point", "coordinates": [-77.005112065, 2.534488312]}, "properties": {"fecha": "2017-02-07", "municipio": "EL TAMBO", "departamento": "CAUCA", "muertos": 0.0, "heridos": 0.0, "viv_destruidas": 0.0, "viv_averiadas": 30.0}}, {"type": "Feature", "geometry": {"type": "Point", "coordinates": [-77.265602561, 8.383938499]}, "properties": {"fecha": "2023-05-25", "municipio": "ACANDI", "departamento": "CHOCO", "muertos": 0.0, "heridos": 1.0, "viv_destruidas": 7.0, "viv_averiadas": 87.0}}, {"type": "Feature", "geometry": {"type": "Point", "coordinates": [-77.087357234, 1.69453474]}, "properties": {"fecha": "2013-02-10", "municipio": "FLORENCIA", "departamento": "CAUCA", "muertos": 0.0, "heridos": 0.0, "viv_destruidas": 0.0, "viv_averiadas": 84.0}}, {"type": "Feature", "geometry": {"type": "Point", "coordinates": [-77.690475305, 2.41326696]}, "properties": {"fecha": "2010-01-30", "municipio": "GUAPI", "departamento": "CAUCA", "muertos": 0.0, "heridos": 0.0, "viv_destruidas": 0.0, "viv_averiadas": 0.0}}, {"type": "Feature", "geometry": {"type": "Point", "coordinates": [-77.690475305, 2.41326696]}, "properties": {"fecha": "2012-10-01", "municipio": "GUAPI", "departamento": "CAUCA", "muertos": 0.0, "heridos": 0.0, "viv_destruidas": 15.0, "viv_averiadas": 277.0}}, {"type": "Feature", "geometry": {"type": "Point", "coordinates": [-77.690475305, 2.41326696]}, "properties": {"fecha": "2013-02-10", "municipio": "GUAPI", "departamento": "CAUCA", "muertos": 0.0, "heridos": 3.0, "viv_destruidas": 80.0, "viv_averiadas": 330.0}}, {"type": "Feature", "geometry": {"type": "Point", "coordinates": [-76.137625312, 2.499058783]}, "properties": {"fecha": "1994-06-07", "municipio": "INZA", "departamento": "CAUCA", "muertos": 0.0, "heridos": 0.0, "viv_destruidas": 0.0, "viv_averiadas": 0.0}}, {"type": "Feature", "geometry": {"type": "Point", "coordinates": [-76.31124919, 2.84981013]}, "properties": {"fecha": "1994-06-07", "municipio": "JAMBALO", "departamento": "CAUCA", "muertos": 0.0, "heridos": 0.0, "viv_destruidas": 0.0, "viv_averiadas": 0.0}}, {"type": "Feature", "geometry": {"type": "Point", "coordinates": [-76.78228032, 2.187473572]}, "properties": {"fecha": "2004-08-19", "municipio": "LA SIERRA", "departamento": "CAUCA", "muertos": 0.0, "heridos": 0.0, "viv_destruidas": 33.0, "viv_averiadas": 85.0}}, {"type": "Feature", "geometry": {"type": "Point", "coordinates": [-76.78228032, 2.187473572]}, "properties": {"fecha": "2007-03-07", "municipio": "LA SIERRA", "departamento": "CAUCA", "muertos": 0.0, "heridos": 0.0, "viv_destruidas": 1.0, "viv_averiadas": 13.0}}, {"type": "Feature", "geometry": {"type": "Point", "coordinates": [-76.78228032, 2.187473572]}, "properties": {"fecha": "2012-10-01", "municipio": "LA SIERRA", "departamento": "CAUCA", "muertos": 0.0, "heridos": 0.0, "viv_destruidas": 0.0, "viv_averiadas": 108.0}}, {"type": "Feature", "geometry": {"type": "Point", "coordinates": [-76.78228032, 2.187473572]}, "properties": {"fecha": "2013-02-10", "municipio": "LA SIERRA", "departamento": "CAUCA", "muertos": 0.0, "heridos": 0.0, "viv_destruidas": 1.0, "viv_averiadas": 99.0}}, {"type": "Feature", "geometry": {"type": "Point", "coordinates": [-76.78228032, 2.187473572]}, "properties": {"fecha": "2016-04-17", "municipio": "LA SIERRA", "departamento": "CAUCA", "muertos": 0.0, "heridos": 0.0, "viv_destruidas": 0.0, "viv_averiadas": 6.0}}, {"type": "Feature", "geometry": {"type": "Point", "coordinates": [-76.758806204, 2.053933426]}, "properties": {"fecha": "2004-08-19", "municipio": "LA VEGA", "departamento": "CAUCA", "muertos": 0.0, "heridos": 0.0, "viv_destruidas": 0.0, "viv_averiadas": 69.0}}, {"type": "Feature", "geometry": {"type": "Point", "coordinates": [-76.758806204, 2.053933426]}, "properties": {"fecha": "2010-08-29", "municipio": "LA VEGA", "departamento": "CAUCA", "muertos": 0.0, "heridos": 0.0, "viv_destruidas": 0.0, "viv_averiadas": 0.0}}, {"type": "Feature", "geometry": {"type": "Point", "coordinates": [-76.758806204, 2.053933426]}, "properties": {"fecha": "2012-10-01", "municipio": "LA VEGA", "departamento": "CAUCA", "muertos": 0.0, "heridos": 0.0, "viv_destruidas": 1.0, "viv_averiadas": 389.0}}, {"type": "Feature", "geometry": {"type": "Point", "coordinates": [-76.758806204, 2.053933426]}, "properties": {"fecha": "2013-02-10", "municipio": "LA VEGA", "departamento": "CAUCA", "muertos": 0.0, "heridos": 0.0, "viv_destruidas": 0.0, "viv_averiadas": 103.0}}, {"type": "Feature", "geometry": {"type": "Point", "coordinates": [-77.242121575, 2.95819877]}, "properties": {"fecha": "1979-12-13", "municipio": "LOPEZ DE MICAY", "departamento": "CAUCA", "muertos": 0.0, "heridos": 0.0, "viv_destruidas": 12.0, "viv_averiadas": 6.0}}, {"type": "Feature", "geometry": {"type": "Point", "coordinates": [-77.242121575, 2.95819877]}, "properties": {"fecha": "2013-02-10", "municipio": "LOPEZ DE MICAY", "departamento": "CAUCA", "muertos": 0.0, "heridos": 0.0, "viv_destruidas": 5.0, "viv_averiadas": 71.0}}, {"type": "Feature", "geometry": {"type": "Point", "coordinates": [-77.180603812, 1.793825164]}, "properties": {"fecha": "2012-10-01", "municipio": "MERCADERES", "departamento": "CAUCA", "muertos": 0.0, "heridos": 0.0, "viv_destruidas": 0.0, "viv_averiadas": 10.0}}, {"type": "Feature", "geometry": {"type": "Point", "coordinates": [-77.180603812, 1.793825164]}, "properties": {"fecha": "2013-02-10", "municipio": "MERCADERES", "departamento": "CAUCA", "muertos": 0.0, "heridos": 0.0, "viv_destruidas": 0.0, "viv_averiadas": 46.0}}, {"type": "Feature", "geometry": {"type": "Point", "coordinates": [-77.180603812, 1.793825164]}, "properties": {"fecha": "2016-04-17", "municipio": "MERCADERES", "departamento": "CAUCA", "muertos": 0.0, "heridos": 0.0, "viv_destruidas": 0.0, "viv_averiadas": 105.0}}, {"type": "Feature", "geometry": {"type": "Point", "coordinates": [-76.746051522, 2.773663981]}, "properties": {"fecha": "1994-06-07", "municipio": "MORALES", "departamento": "CAUCA", "muertos": 0.0, "heridos": 0.0, "viv_destruidas": 0.0, "viv_averiadas": 0.0}}, {"type": "Feature", "geometry": {"type": "Point", "coordinates": [-76.746051522, 2.773663981]}, "properties": {"fecha": "2012-10-01", "municipio": "MORALES", "departamento": "CAUCA", "muertos": 0.0, "heridos": 0.0, "viv_destruidas": 0.0, "viv_averiadas": 18.0}}, {"type": "Feature", "geometry": {"type": "Point", "coordinates": [-76.746051522, 2.773663981]}, "properties": {"fecha": "2013-02-10", "municipio": "MORALES", "departamento": "CAUCA", "muertos": 0.0, "heridos": 0.0, "viv_destruidas": 0.0, "viv_averiadas": 89.0}}, {"type": "Feature", "geometry": {"type": "Point", "coordinates": [-76.746051522, 2.773663981]}, "properties": {"fecha": "2015-02-23", "municipio": "MORALES", "departamento": "CAUCA", "muertos": 0.0, "heridos": 0.0, "viv_destruidas": 0.0, "viv_averiadas": 280.0}}, {"type": "Feature", "geometry": {"type": "Point", "coordinates": [-76.336241803, 3.194730618]}, "properties": {"fecha": "1967-02-16", "municipio": "PADILLA", "departamento": "CAUCA", "muertos": 1.0, "heridos": 0.0, "viv_destruidas": 0.0, "viv_averiadas": 0.0}}, {"type": "Feature", "geometry": {"type": "Point", "coordinates": [-76.336241803, 3.194730618]}, "properties": {"fecha": "1994-06-07", "municipio": "PADILLA", "departamento": "CAUCA", "muertos": 0.0, "heridos": 0.0, "viv_destruidas": 0.0, "viv_averiadas": 0.0}}, {"type": "Feature", "geometry": {"type": "Point", "coordinates": [-75.993682638, 2.733887702]}, "properties": {"fecha": "1994-06-07", "municipio": "PAEZ", "departamento": "CAUCA", "muertos": 566.0, "heridos": 115.0, "viv_destruidas": 4421.0, "viv_averiadas": 0.0}}, {"type": "Feature", "geometry": {"type": "Point", "coordinates": [-75.993682638, 2.733887702]}, "properties": {"fecha": "2014-01-10", "municipio": "PAEZ", "departamento": "CAUCA", "muertos": 0.0, "heridos": 0.0, "viv_destruidas": 0.0, "viv_averiadas": 55.0}}, {"type": "Feature", "geometry": {"type": "Point", "coordinates": [-76.537704551, 2.702420026]}, "properties": {"fecha": "1967-02-16", "municipio": "PIENDAMO - TUNIA", "departamento": "CAUCA", "muertos": 1.0, "heridos": 0.0, "viv_destruidas": 0.0, "viv_averiadas": 0.0}}, {"type": "Feature", "geometry": {"type": "Point", "coordinates": [-76.537704551, 2.702420026]}, "properties": {"fecha": "1983-04-01", "municipio": "PIENDAMO - TUNIA", "departamento": "CAUCA", "muertos": 0.0, "heridos": 0.0, "viv_destruidas": 0.0, "viv_averiadas": 0.0}}, {"type": "Feature", "geometry": {"type": "Point", "coordinates": [-76.537704551, 2.702420026]}, "properties": {"fecha": "1994-06-07", "municipio": "PIENDAMO - TUNIA", "departamento": "CAUCA", "muertos": 0.0, "heridos": 0.0, "viv_destruidas": 0.0, "viv_averiadas": 0.0}}, {"type": "Feature", "geometry": {"type": "Point", "coordinates": [-76.537704551, 2.702420026]}, "properties": {"fecha": "2013-02-10", "municipio": "PIENDAMO - TUNIA", "departamento": "CAUCA", "muertos": 0.0, "heridos": 0.0, "viv_destruidas": 0.0, "viv_averiadas": 8.0}}, {"type": "Feature", "geometry": {"type": "Point", "coordinates": [-76.41846353, 3.266724205]}, "properties": {"fecha": "1979-11-24", "municipio": "PUERTO TEJADA", "departamento": "CAUCA", "muertos": 2.0, "heridos": 5.0, "viv_destruidas": 0.0, "viv_averiadas": 0.0}}, {"type": "Feature", "geometry": {"type": "Point", "coordinates": [-76.41846353, 3.266724205]}, "properties": {"fecha": "1992-10-19", "municipio": "PUERTO TEJADA", "departamento": "CAUCA", "muertos": 0.0, "heridos": 2.0, "viv_destruidas": 0.0, "viv_averiadas": 0.0}}, {"type": "Feature", "geometry": {"type": "Point", "coordinates": [-76.448269377, 2.262153618]}, "properties": {"fecha": "1946-03-16", "municipio": "PURACE", "departamento": "CAUCA", "muertos": 1.0, "heridos": 1.0, "viv_destruidas": 0.0, "viv_averiadas": 0.0}}, {"type": "Feature", "geometry": {"type": "Point", "coordinates": [-76.448269377, 2.262153618]}, "properties": {"fecha": "2004-08-19", "municipio": "PURACE", "departamento": "CAUCA", "muertos": 0.0, "heridos": 0.0, "viv_destruidas": 0.0, "viv_averiadas": 2.0}}, {"type": "Feature", "geometry": {"type": "Point", "coordinates": [-76.448269377, 2.262153618]}, "properties": {"fecha": "2007-03-07", "municipio": "PURACE", "departamento": "CAUCA", "muertos": 0.0, "heridos": 1.0, "viv_destruidas": 0.0, "viv_averiadas": 6.0}}, {"type": "Feature", "geometry": {"type": "Point", "coordinates": [-76.74582033, 2.260421954]}, "properties": {"fecha": "2013-02-10", "municipio": "ROSAS", "departamento": "CAUCA", "muertos": 0.0, "heridos": 0.0, "viv_destruidas": 0.0, "viv_averiadas": 255.0}}, {"type": "Feature", "geometry": {"type": "Point", "coordinates": [-76.716524236, 1.856261815]}, "properties": {"fecha": "2013-02-10", "municipio": "SAN SEBASTIAN", "departamento": "CAUCA", "muertos": 0.0, "heridos": 0.0, "viv_destruidas": 0.0, "viv_averiadas": 260.0}}, {"type": "Feature", "geometry": {"type": "Point", "coordinates": [-76.716524236, 1.856261815]}, "properties": {"fecha": "2016-04-17", "municipio": "SAN SEBASTIAN", "departamento": "CAUCA", "muertos": 0.0, "heridos": 0.0, "viv_destruidas": 0.0, "viv_averiadas": 70.0}}, {"type": "Feature", "geometry": {"type": "Point", "coordinates": [-76.498731453, 2.984467338]}, "properties": {"fecha": "1994-06-07", "municipio": "SANTANDER DE QUILICHAO", "departamento": "CAUCA", "muertos": 0.0, "heridos": 0.0, "viv_destruidas": 0.0, "viv_averiadas": 0.0}}, {"type": "Feature", "geometry": {"type": "Point", "coordinates": [-76.498731453, 2.984467338]}, "properties": {"fecha": "2014-01-10", "municipio": "SANTANDER DE QUILICHAO", "departamento": "CAUCA", "muertos": 0.0, "heridos": 0.0, "viv_destruidas": 0.0, "viv_averiadas": 5.0}}, {"type": "Feature", "geometry": {"type": "Point", "coordinates": [-76.538762806, 1.52002179]}, "properties": {"fecha": "2005-05-19", "municipio": "SANTA ROSA", "departamento": "CAUCA", "muertos": 0.0, "heridos": 0.0, "viv_destruidas": 0.0, "viv_averiadas": 160.0}}, {"type": "Feature", "geometry": {"type": "Point", "coordinates": [-76.538762806, 1.52002179]}, "properties": {"fecha": "2013-02-10", "municipio": "SANTA ROSA", "departamento": "CAUCA", "muertos": 0.0, "heridos": 0.0, "viv_destruidas": 0.0, "viv_averiadas": 73.0}}, {"type": "Feature", "geometry": {"type": "Point", "coordinates": [-76.538762806, 1.52002179]}, "properties": {"fecha": "2014-03-25", "municipio": "SANTA ROSA", "departamento": "CAUCA", "muertos": 0.0, "heridos": 0.0, "viv_destruidas": 0.0, "viv_averiadas": 80.0}}, {"type": "Feature", "geometry": {"type": "Point", "coordinates": [-76.350573563, 2.651291894]}, "properties": {"fecha": "1994-06-07", "municipio": "SILVIA", "departamento": "CAUCA", "muertos": 0.0, "heridos": 0.0, "viv_destruidas": 0.0, "viv_averiadas": 0.0}}, {"type": "Feature", "geometry": {"type": "Point", "coordinates": [-76.350573563, 2.651291894]}, "properties": {"fecha": "2014-01-10", "municipio": "SILVIA", "departamento": "CAUCA", "muertos": 0.0, "heridos": 0.0, "viv_destruidas": 0.0, "viv_averiadas": 11.0}}, {"type": "Feature", "geometry": {"type": "Point", "coordinates": [-76.350573563, 2.651291894]}, "properties": {"fecha": "2016-04-17", "municipio": "SILVIA", "departamento": "CAUCA", "muertos": 0.0, "heridos": 0.0, "viv_destruidas": 1.0, "viv_averiadas": 0.0}}, {"type": "Feature", "geometry": {"type": "Point", "coordinates": [-76.611466326, 2.231820541]}, "properties": {"fecha": "1946-03-16", "municipio": "SOTARA PAISPAMBA", "departamento": "CAUCA", "muertos": 1.0, "heridos": 1.0, "viv_destruidas": 1.0, "viv_averiadas": 0.0}}, {"type": "Feature", "geometry": {"type": "Point", "coordinates": [-76.611466326, 2.231820541]}, "properties": {"fecha": "1979-12-13", "municipio": "SOTARA PAISPAMBA", "departamento": "CAUCA", "muertos": 0.0, "heridos": 0.0, "viv_destruidas": 0.0, "viv_averiadas": 0.0}}, {"type": "Feature", "geometry": {"type": "Point", "coordinates": [-76.611466326, 2.231820541]}, "properties": {"fecha": "2004-08-19", "municipio": "SOTARA PAISPAMBA", "departamento": "CAUCA", "muertos": 0.0, "heridos": 0.0, "viv_destruidas": 38.0, "viv_averiadas": 283.0}}, {"type": "Feature", "geometry": {"type": "Point", "coordinates": [-76.611466326, 2.231820541]}, "properties": {"fecha": "2004-08-19", "municipio": "SOTARA PAISPAMBA", "departamento": "CAUCA", "muertos": 0.0, "heridos": 0.0, "viv_destruidas": 0.0, "viv_averiadas": 0.0}}, {"type": "Feature", "geometry": {"type": "Point", "coordinates": [-76.611466326, 2.231820541]}, "properties": {"fecha": "2007-03-07", "municipio": "SOTARA PAISPAMBA", "departamento": "CAUCA", "muertos": 0.0, "heridos": 0.0, "viv_destruidas": 6.0, "viv_averiadas": 42.0}}, {"type": "Feature", "geometry": {"type": "Point", "coordinates": [-76.611466326, 2.231820541]}, "properties": {"fecha": "2012-10-01", "municipio": "SOTARA PAISPAMBA", "departamento": "CAUCA", "muertos": 0.0, "heridos": 0.0, "viv_destruidas": 1.0, "viv_averiadas": 62.0}}, {"type": "Feature", "geometry": {"type": "Point", "coordinates": [-76.611466326, 2.231820541]}, "properties": {"fecha": "2013-02-10", "municipio": "SOTARA PAISPAMBA", "departamento": "CAUCA", "muertos": 0.0, "heridos": 0.0, "viv_destruidas": 0.0, "viv_averiadas": 25.0}}, {"type": "Feature", "geometry": {"type": "Point", "coordinates": [-76.745824296, 2.936865997]}, "properties": {"fecha": "2013-02-10", "municipio": "SUAREZ", "departamento": "CAUCA", "muertos": 0.0, "heridos": 0.0, "viv_destruidas": 1.0, "viv_averiadas": 11.0}}, {"type": "Feature", "geometry": {"type": "Point", "coordinates": [-76.745824296, 2.936865997]}, "properties": {"fecha": "2016-04-17", "municipio": "SUAREZ", "departamento": "CAUCA", "muertos": 0.0, "heridos": 0.0, "viv_destruidas": 0.0, "viv_averiadas": 1.0}}, {"type": "Feature", "geometry": {"type": "Point", "coordinates": [-76.909939647, 2.057735184]}, "properties": {"fecha": "2013-02-10", "municipio": "SUCRE", "departamento": "CAUCA", "muertos": 0.0, "heridos": 0.0, "viv_destruidas": 23.0, "viv_averiadas": 163.0}}, {"type": "Feature", "geometry": {"type": "Point", "coordinates": [-76.710519323, 2.369625312]}, "properties": {"fecha": "1979-12-13", "municipio": "TIMBIO", "departamento": "CAUCA", "muertos": 0.0, "heridos": 0.0, "viv_destruidas": 0.0, "viv_averiadas": 0.0}}, {"type": "Feature", "geometry": {"type": "Point", "coordinates": [-76.710519323, 2.369625312]}, "properties": {"fecha": "2004-08-19", "municipio": "TIMBIO", "departamento": "CAUCA", "muertos": 0.0, "heridos": 0.0, "viv_destruidas": 0.0, "viv_averiadas": 1.0}}, {"type": "Feature", "geometry": {"type": "Point", "coordinates": [-76.710519323, 2.369625312]}, "properties": {"fecha": "2012-10-01", "municipio": "TIMBIO", "departamento": "CAUCA", "muertos": 0.0, "heridos": 0.0, "viv_destruidas": 0.0, "viv_averiadas": 19.0}}, {"type": "Feature", "geometry": {"type": "Point", "coordinates": [-76.710519323, 2.369625312]}, "properties": {"fecha": "2013-02-10", "municipio": "TIMBIO", "departamento": "CAUCA", "muertos": 0.0, "heridos": 0.0, "viv_destruidas": 0.0, "viv_averiadas": 531.0}}, {"type": "Feature", "geometry": {"type": "Point", "coordinates": [-76.710519323, 2.369625312]}, "properties": {"fecha": "2014-08-04", "municipio": "TIMBIO", "departamento": "CAUCA", "muertos": 0.0, "heridos": 0.0, "viv_destruidas": 0.0, "viv_averiadas": 18.0}}, {"type": "Feature", "geometry": {"type": "Point", "coordinates": [-76.710519323, 2.369625312]}, "properties": {"fecha": "2016-04-17", "municipio": "TIMBIO", "departamento": "CAUCA", "muertos": 0.0, "heridos": 0.0, "viv_destruidas": 0.0, "viv_averiadas": 12.0}}, {"type": "Feature", "geometry": {"type": "Point", "coordinates": [-77.491315765, 2.699475127]}, "properties": {"fecha": "2012-10-01", "municipio": "TIMBIQUI", "departamento": "CAUCA", "muertos": 0.0, "heridos": 0.0, "viv_destruidas": 1.0, "viv_averiadas": 69.0}}, {"type": "Feature", "geometry": {"type": "Point", "coordinates": [-77.491315765, 2.699475127]}, "properties": {"fecha": "2013-02-10", "municipio": "TIMBIQUI", "departamento": "CAUCA", "muertos": 0.0, "heridos": 1.0, "viv_destruidas": 13.0, "viv_averiadas": 403.0}}, {"type": "Feature", "geometry": {"type": "Point", "coordinates": [-77.491315765, 2.699475127]}, "properties": {"fecha": "2014-08-04", "municipio": "TIMBIQUI", "departamento": "CAUCA", "muertos": 0.0, "heridos": 1.0, "viv_destruidas": 1.0, "viv_averiadas": 0.0}}, {"type": "Feature", "geometry": {"type": "Point", "coordinates": [-77.491315765, 2.699475127]}, "properties": {"fecha": "2016-04-17", "municipio": "TIMBIQUI", "departamento": "CAUCA", "muertos": 0.0, "heridos": 0.0, "viv_destruidas": 2.0, "viv_averiadas": 18.0}}, {"type": "Feature", "geometry": {"type": "Point", "coordinates": [-77.491315765, 2.699475127]}, "properties": {"fecha": "2020-05-11", "municipio": "TIMBIQUI", "departamento": "CAUCA", "muertos": 0.0, "heridos": 0.0, "viv_destruidas": 0.0, "viv_averiadas": 0.0}}, {"type": "Feature", "geometry": {"type": "Point", "coordinates": [-76.203315664, 2.975771999]}, "properties": {"fecha": "1994-06-09", "municipio": "TORIBIO", "departamento": "CAUCA", "muertos": 0.0, "heridos": 0.0, "viv_destruidas": 0.0, "viv_averiadas": 0.0}}, {"type": "Feature", "geometry": {"type": "Point", "coordinates": [-76.203315664, 2.975771999]}, "properties": {"fecha": "2014-01-10", "municipio": "TORIBIO", "departamento": "CAUCA", "muertos": 0.0, "heridos": 0.0, "viv_destruidas": 0.0, "viv_averiadas": 285.0}}, {"type": "Feature", "geometry": {"type": "Point", "coordinates": [-76.39675937, 2.475213085]}, "properties": {"fecha": "1994-06-07", "municipio": "TOTORO", "departamento": "CAUCA", "muertos": 0.0, "heridos": 0.0, "viv_destruidas": 0.0, "viv_averiadas": 0.0}}, {"type": "Feature", "geometry": {"type": "Point", "coordinates": [-76.39675937, 2.475213085]}, "properties": {"fecha": "2013-02-10", "municipio": "TOTORO", "departamento": "CAUCA", "muertos": 0.0, "heridos": 0.0, "viv_destruidas": 0.0, "viv_averiadas": 48.0}}, {"type": "Feature", "geometry": {"type": "Point", "coordinates": [-76.39675937, 2.475213085]}, "properties": {"fecha": "2013-03-08", "municipio": "TOTORO", "departamento": "CAUCA", "muertos": 0.0, "heridos": 0.0, "viv_destruidas": 0.0, "viv_averiadas": 71.0}}, {"type": "Feature", "geometry": {"type": "Point", "coordinates": [-73.457847638, 10.218902768]}, "properties": {"fecha": "2014-03-15", "municipio": "VALLEDUPAR", "departamento": "CESAR", "muertos": 0.0, "heridos": 0.0, "viv_destruidas": 0.0, "viv_averiadas": 3.0}}, {"type": "Feature", "geometry": {"type": "Point", "coordinates": [-73.666522336, 2.811616698]}, "properties": {"fecha": "2023-06-30", "municipio": "VISTAHERMOSA", "departamento": "META", "muertos": 0.0, "heridos": 0.0, "viv_destruidas": 0.0, "viv_averiadas": 1.0}}, {"type": "Feature", "geometry": {"type": "Point", "coordinates": [-73.375373085, 8.405516522]}, "properties": {"fecha": "2015-03-11", "municipio": "GONZALEZ", "departamento": "CESAR", "muertos": 0.0, "heridos": 0.0, "viv_destruidas": 0.0, "viv_averiadas": 10.0}}, {"type": "Feature", "geometry": {"type": "Point", "coordinates": [-73.007062754, 10.38027852]}, "properties": {"fecha": "2014-03-15", "municipio": "MANAURE BALCON DEL CESAR", "departamento": "CESAR", "muertos": 0.0, "heridos": 0.0, "viv_destruidas": 0.0, "viv_averiadas": 23.0}}, {"type": "Feature", "geometry": {"type": "Point", "coordinates": [-73.572472125, 8.938916143]}, "properties": {"fecha": "2010-01-31", "municipio": "PAILITAS", "departamento": "CESAR", "muertos": 0.0, "heridos": 0.0, "viv_destruidas": 0.0, "viv_averiadas": 0.0}}, {"type": "Feature", "geometry": {"type": "Point", "coordinates": [-73.487501265, 8.201070245]}, "properties": {"fecha": "2015-03-11", "municipio": "RIO DE ORO", "departamento": "CESAR", "muertos": 0.0, "heridos": 0.0, "viv_destruidas": 0.0, "viv_averiadas": 12.0}}, {"type": "Feature", "geometry": {"type": "Point", "coordinates": [-73.472188879, 7.769815987]}, "properties": {"fecha": "2015-03-11", "municipio": "SAN ALBERTO", "departamento": "CESAR", "muertos": 0.0, "heridos": 0.0, "viv_destruidas": 0.0, "viv_averiadas": 10.0}}, {"type": "Feature", "geometry": {"type": "Point", "coordinates": [-75.950550788, 8.584698016]}, "properties": {"fecha": "1975-04-16", "municipio": "MONTERIA", "departamento": "CORDOBA", "muertos": 0.0, "heridos": 0.0, "viv_destruidas": 10.0, "viv_averiadas": 0.0}}, {"type": "Feature", "geometry": {"type": "Point", "coordinates": [-75.652373511, 9.11024941]}, "properties": {"fecha": "1942-12-27", "municipio": "CHIMA", "departamento": "CORDOBA", "muertos": 0.0, "heridos": 0.0, "viv_destruidas": 0.0, "viv_averiadas": 0.0}}, {"type": "Feature", "geometry": {"type": "Point", "coordinates": [-75.909781236, 9.165034998]}, "properties": {"fecha": "1942-12-27", "municipio": "LORICA", "departamento": "CORDOBA", "muertos": 3.0, "heridos": 0.0, "viv_destruidas": 0.0, "viv_averiadas": 0.0}}, {"type": "Feature", "geometry": {"type": "Point", "coordinates": [-75.692518245, 8.706464263]}, "properties": {"fecha": "1947-04-16", "municipio": "SAN CARLOS", "departamento": "CORDOBA", "muertos": 0.0, "heridos": 0.0, "viv_destruidas": 25.0, "viv_averiadas": 0.0}}, {"type": "Feature", "geometry": {"type": "Point", "coordinates": [-74.521235947, 5.381501399]}, "properties": {"fecha": "2015-03-11", "municipio": "CAPARRAPI", "departamento": "CUNDINAMARCA", "muertos": 0.0, "heridos": 0.0, "viv_destruidas": 0.0, "viv_averiadas": 0.0}}, {"type": "Feature", "geometry": {"type": "Point", "coordinates": [-73.94482435, 4.402259457]}, "properties": {"fecha": "1917-08-30", "municipio": "CAQUEZA", "departamento": "CUNDINAMARCA", "muertos": 0.0, "heridos": 0.0, "viv_destruidas": 3.0, "viv_averiadas": 0.0}}, {"type": "Feature", "geometry": {"type": "Point", "coordinates": [-73.94482435, 4.402259457]}, "properties": {"fecha": "1917-09-01", "municipio": "CAQUEZA", "departamento": "CUNDINAMARCA", "muertos": 0.0, "heridos": 0.0, "viv_destruidas": 3.0, "viv_averiadas": 0.0}}, {"type": "Feature", "geometry": {"type": "Point", "coordinates": [-73.94482435, 4.402259457]}, "properties": {"fecha": "2008-05-25", "municipio": "CAQUEZA", "departamento": "CUNDINAMARCA", "muertos": 0.0, "heridos": 0.0, "viv_destruidas": 45.0, "viv_averiadas": 30.0}}, {"type": "Feature", "geometry": {"type": "Point", "coordinates": [-74.038095385, 4.857823671]}, "properties": {"fecha": "2020-03-29", "municipio": "CHIA", "departamento": "CUNDINAMARCA", "muertos": 0.0, "heridos": 0.0, "viv_destruidas": 0.0, "viv_averiadas": 0.0}}, {"type": "Feature", "geometry": {"type": "Point", "coordinates": [-74.04605246, 4.463746629]}, "properties": {"fecha": "2008-05-25", "municipio": "CHIPAQUE", "departamento": "CUNDINAMARCA", "muertos": 0.0, "heridos": 0.0, "viv_destruidas": 0.0, "viv_averiadas": 0.0}}, {"type": "Feature", "geometry": {"type": "Point", "coordinates": [-73.952900544, 4.578183896]}, "properties": {"fecha": "2008-05-25", "municipio": "CHOACHI", "departamento": "CUNDINAMARCA", "muertos": 0.0, "heridos": 0.0, "viv_destruidas": 8.0, "viv_averiadas": 25.0}}, {"type": "Feature", "geometry": {"type": "Point", "coordinates": [-73.797052666, 4.528568462]}, "properties": {"fecha": "2008-05-25", "municipio": "FOMEQUE", "departamento": "CUNDINAMARCA", "muertos": 0.0, "heridos": 0.0, "viv_destruidas": 152.0, "viv_averiadas": 98.0}}, {"type": "Feature", "geometry": {"type": "Point", "coordinates": [-73.797052666, 4.528568462]}, "properties": {"fecha": "2009-03-04", "municipio": "FOMEQUE", "departamento": "CUNDINAMARCA", "muertos": 0.0, "heridos": 0.0, "viv_destruidas": 0.0, "viv_averiadas": 0.0}}, {"type": "Feature", "geometry": {"type": "Point", "coordinates": [-73.952867838, 4.316280072]}, "properties": {"fecha": "1917-09-01", "municipio": "FOSCA", "departamento": "CUNDINAMARCA", "muertos": 0.0, "heridos": 0.0, "viv_destruidas": 0.0, "viv_averiadas": 0.0}}, {"type": "Feature", "geometry": {"type": "Point", "coordinates": [-73.952867838, 4.316280072]}, "properties": {"fecha": "2008-05-25", "municipio": "FOSCA", "departamento": "CUNDINAMARCA", "muertos": 0.0, "heridos": 0.0, "viv_destruidas": 7.0, "viv_averiadas": 186.0}}, {"type": "Feature", "geometry": {"type": "Point", "coordinates": [-73.952867838, 4.316280072]}, "properties": {"fecha": "2009-03-04", "municipio": "FOSCA", "departamento": "CUNDINAMARCA", "muertos": 0.0, "heridos": 0.0, "viv_destruidas": 0.0, "viv_averiadas": 0.0}}, {"type": "Feature", "geometry": {"type": "Point", "coordinates": [-74.388591139, 4.323534028]}, "properties": {"fecha": "2015-03-11", "municipio": "FUSAGASUGA", "departamento": "CUNDINAMARCA", "muertos": 0.0, "heridos": 0.0, "viv_destruidas": 0.0, "viv_averiadas": 0.0}}, {"type": "Feature", "geometry": {"type": "Point", "coordinates": [-73.510553814, 4.65495513]}, "properties": {"fecha": "1923-12-23", "municipio": "GACHALA", "departamento": "CUNDINAMARCA", "muertos": 8.0, "heridos": 1.0, "viv_destruidas": 28.0, "viv_averiadas": 0.0}}, {"type": "Feature", "geometry": {"type": "Point", "coordinates": [-73.510553814, 4.65495513]}, "properties": {"fecha": "1923-12-27", "municipio": "GACHALA", "departamento": "CUNDINAMARCA", "muertos": 0.0, "heridos": 0.0, "viv_destruidas": 4.0, "viv_averiadas": 0.0}}, {"type": "Feature", "geometry": {"type": "Point", "coordinates": [-73.510553814, 4.65495513]}, "properties": {"fecha": "1924-01-04", "municipio": "GACHALA", "departamento": "CUNDINAMARCA", "muertos": 0.0, "heridos": 0.0, "viv_destruidas": 0.0, "viv_averiadas": 0.0}}, {"type": "Feature", "geometry": {"type": "Point", "coordinates": [-73.617732872, 4.867551134]}, "properties": {"fecha": "1923-12-23", "municipio": "GACHETA", "departamento": "CUNDINAMARCA", "muertos": 2.0, "heridos": 2.0, "viv_destruidas": 25.0, "viv_averiadas": 95.0}}, {"type": "Feature", "geometry": {"type": "Point", "coordinates": [-74.811439221, 4.338154518]}, "properties": {"fecha": "1942-05-03", "municipio": "GIRARDOT", "departamento": "CUNDINAMARCA", "muertos": 1.0, "heridos": 5.0, "viv_destruidas": 1.0, "viv_averiadas": 0.0}}, {"type": "Feature", "geometry": {"type": "Point", "coordinates": [-74.811439221, 4.338154518]}, "properties": {"fecha": "1973-08-31", "municipio": "GIRARDOT", "departamento": "CUNDINAMARCA", "muertos": 0.0, "heridos": 0.0, "viv_destruidas": 0.0, "viv_averiadas": 0.0}}, {"type": "Feature", "geometry": {"type": "Point", "coordinates": [-74.811439221, 4.338154518]}, "properties": {"fecha": "1979-09-12", "municipio": "GIRARDOT", "departamento": "CUNDINAMARCA", "muertos": 0.0, "heridos": 0.0, "viv_destruidas": 0.0, "viv_averiadas": 0.0}}, {"type": "Feature", "geometry": {"type": "Point", "coordinates": [-73.693282341, 5.387291542]}, "properties": {"fecha": "1917-09-01", "municipio": "GUACHETA", "departamento": "CUNDINAMARCA", "muertos": 0.0, "heridos": 0.0, "viv_destruidas": 0.0, "viv_averiadas": 0.0}}, {"type": "Feature", "geometry": {"type": "Point", "coordinates": [-73.846434852, 4.801276832]}, "properties": {"fecha": "1923-12-23", "municipio": "GUASCA", "departamento": "CUNDINAMARCA", "muertos": 0.0, "heridos": 0.0, "viv_destruidas": 0.0, "viv_averiadas": 0.0}}, {"type": "Feature", "geometry": {"type": "Point", "coordinates": [-73.492915945, 4.09166877]}, "properties": {"fecha": "2023-08-18", "municipio": "VILLAVICENCIO", "departamento": "META", "muertos": 0.0, "heridos": 0.0, "viv_destruidas": 0.0, "viv_averiadas": 90.0}}, {"type": "Feature", "geometry": {"type": "Point", "coordinates": [-75.724899852, 4.499501128]}, "properties": {"fecha": "2023-08-18", "municipio": "ARMENIA", "departamento": "QUINDIO", "muertos": 0.0, "heridos": 0.0, "viv_destruidas": 0.0, "viv_averiadas": 2.0}}, {"type": "Feature", "geometry": {"type": "Point", "coordinates": [-73.510553814, 4.65495513]}, "properties": {"fecha": "2023-08-18", "municipio": "GACHALA", "departamento": "CUNDINAMARCA", "muertos": 0.0, "heridos": 0.0, "viv_destruidas": 39.0, "viv_averiadas": 361.0}}, {"type": "Feature", "geometry": {"type": "Point", "coordinates": [-73.94482435, 4.402259457]}, "properties": {"fecha": "2023-08-18", "municipio": "CAQUEZA", "departamento": "CUNDINAMARCA", "muertos": 0.0, "heridos": 0.0, "viv_destruidas": 0.0, "viv_averiadas": 3.0}}, {"type": "Feature", "geometry": {"type": "Point", "coordinates": [-74.648644062, 4.452072974]}, "properties": {"fecha": "2023-08-18", "municipio": "TOCAIMA", "departamento": "CUNDINAMARCA", "muertos": 0.0, "heridos": 0.0, "viv_destruidas": 0.0, "viv_averiadas": 1.0}}, {"type": "Feature", "geometry": {"type": "Point", "coordinates": [-73.797052666, 4.528568462]}, "properties": {"fecha": "2023-08-18", "municipio": "FOMEQUE", "departamento": "CUNDINAMARCA", "muertos": 0.0, "heridos": 0.0, "viv_destruidas": 0.0, "viv_averiadas": 1.0}}, {"type": "Feature", "geometry": {"type": "Point", "coordinates": [-73.85264561, 4.334589044]}, "properties": {"fecha": "2023-08-18", "municipio": "QUETAME", "departamento": "CUNDINAMARCA", "muertos": 0.0, "heridos": 0.0, "viv_destruidas": 0.0, "viv_averiadas": 4.0}}, {"type": "Feature", "geometry": {"type": "Point", "coordinates": [-73.253775062, 4.823002556]}, "properties": {"fecha": "2023-08-18", "municipio": "SANTA MARIA", "departamento": "BOYACA", "muertos": 0.0, "heridos": 0.0, "viv_destruidas": 0.0, "viv_averiadas": 1.0}}, {"type": "Feature", "geometry": {"type": "Point", "coordinates": [-73.340480736, 5.202971639]}, "properties": {"fecha": "2023-08-18", "municipio": "CHINAVITA", "departamento": "BOYACA", "muertos": 0.0, "heridos": 0.0, "viv_destruidas": 0.0, "viv_averiadas": 0.0}}, {"type": "Feature", "geometry": {"type": "Point", "coordinates": [-72.991727804, 5.892950301]}, "properties": {"fecha": "2023-08-18", "municipio": "SANTA ROSA DE VITERBO", "departamento": "BOYACA", "muertos": 0.0, "heridos": 0.0, "viv_destruidas": 0.0, "viv_averiadas": 0.0}}, {"type": "Feature", "geometry": {"type": "Point", "coordinates": [-73.835439807, 4.231875945]}, "properties": {"fecha": "2008-05-25", "municipio": "GUAYABETAL", "departamento": "CUNDINAMARCA", "muertos": 1.0, "heridos": 0.0, "viv_destruidas": 209.0, "viv_averiadas": 200.0}}, {"type": "Feature", "geometry": {"type": "Point", "coordinates": [-73.835439807, 4.231875945]}, "properties": {"fecha": "2009-03-11", "municipio": "GUAYABETAL", "departamento": "CUNDINAMARCA", "muertos": 0.0, "heridos": 0.0, "viv_destruidas": 0.0, "viv_averiadas": 0.0}}, {"type": "Feature", "geometry": {"type": "Point", "coordinates": [-73.160696902, 5.580254287]}, "properties": {"fecha": "2023-08-18", "municipio": "TOCA", "departamento": "BOYACA", "muertos": 0.0, "heridos": 0.0, "viv_destruidas": 0.0, "viv_averiadas": 0.0}}, {"type": "Feature", "geometry": {"type": "Point", "coordinates": [-73.835439807, 4.231875945]}, "properties": {"fecha": "2023-08-18", "municipio": "GUAYABETAL", "departamento": "CUNDINAMARCA", "muertos": 0.0, "heridos": 0.0, "viv_destruidas": 1.0, "viv_averiadas": 4.0}}, {"type": "Feature", "geometry": {"type": "Point", "coordinates": [-73.952867838, 4.316280072]}, "properties": {"fecha": "2023-08-18", "municipio": "FOSCA", "departamento": "CUNDINAMARCA", "muertos": 0.0, "heridos": 0.0, "viv_destruidas": 4.0, "viv_averiadas": 22.0}}, {"type": "Feature", "geometry": {"type": "Point", "coordinates": [-73.405984868, 4.484437919]}, "properties": {"fecha": "2023-08-18", "municipio": "MEDINA", "departamento": "CUNDINAMARCA", "muertos": 0.0, "heridos": 0.0, "viv_destruidas": 0.0, "viv_averiadas": 0.0}}, {"type": "Feature", "geometry": {"type": "Point", "coordinates": [-74.811439221, 4.338154518]}, "properties": {"fecha": "2023-08-18", "municipio": "GIRARDOT", "departamento": "CUNDINAMARCA", "muertos": 0.0, "heridos": 0.0, "viv_destruidas": 0.0, "viv_averiadas": 0.0}}, {"type": "Feature", "geometry": {"type": "Point", "coordinates": [-73.617732872, 4.867551134]}, "properties": {"fecha": "2023-08-18", "municipio": "GACHETA", "departamento": "CUNDINAMARCA", "muertos": 0.0, "heridos": 0.0, "viv_destruidas": 0.0, "viv_averiadas": 21.0}}, {"type": "Feature", "geometry": {"type": "Point", "coordinates": [-73.660413554, 4.471346322]}, "properties": {"fecha": "2023-08-18", "municipio": "SAN JUANITO", "departamento": "META", "muertos": 0.0, "heridos": 0.0, "viv_destruidas": 28.0, "viv_averiadas": 141.0}}, {"type": "Feature", "geometry": {"type": "Point", "coordinates": [-74.27396924, 4.293733611]}, "properties": {"fecha": "2023-08-18", "municipio": "PASCA", "departamento": "CUNDINAMARCA", "muertos": 0.0, "heridos": 0.0, "viv_destruidas": 0.0, "viv_averiadas": 4.0}}, {"type": "Feature", "geometry": {"type": "Point", "coordinates": [-74.024652702, 4.166089563]}, "properties": {"fecha": "1917-09-01", "municipio": "GUTIERREZ", "departamento": "CUNDINAMARCA", "muertos": 0.0, "heridos": 0.0, "viv_destruidas": 0.0, "viv_averiadas": 0.0}}, {"type": "Feature", "geometry": {"type": "Point", "coordinates": [-74.024652702, 4.166089563]}, "properties": {"fecha": "2008-05-25", "municipio": "GUTIERREZ", "departamento": "CUNDINAMARCA", "muertos": 0.0, "heridos": 0.0, "viv_destruidas": 35.0, "viv_averiadas": 20.0}}, {"type": "Feature", "geometry": {"type": "Point", "coordinates": [-74.263289627, 4.465970004]}, "properties": {"fecha": "2023-08-18", "municipio": "SIBATE", "departamento": "CUNDINAMARCA", "muertos": 0.0, "heridos": 0.0, "viv_destruidas": 0.0, "viv_averiadas": 0.0}}, {"type": "Feature", "geometry": {"type": "Point", "coordinates": [-73.47654604, 4.803805182]}, "properties": {"fecha": "2023-08-18", "municipio": "UBALA", "departamento": "CUNDINAMARCA", "muertos": 0.0, "heridos": 0.0, "viv_destruidas": 0.0, "viv_averiadas": 413.0}}, {"type": "Feature", "geometry": {"type": "Point", "coordinates": [-73.428787852, 4.970974064]}, "properties": {"fecha": "2023-08-18", "municipio": "SOMONDOCO", "departamento": "BOYACA", "muertos": 0.0, "heridos": 0.0, "viv_destruidas": 0.0, "viv_averiadas": 0.0}}, {"type": "Feature", "geometry": {"type": "Point", "coordinates": [-73.692478732, 4.705170789]}, "properties": {"fecha": "1995-01-20", "municipio": "JUNIN", "departamento": "CUNDINAMARCA", "muertos": 0.0, "heridos": 0.0, "viv_destruidas": 0.0, "viv_averiadas": 15.0}}, {"type": "Feature", "geometry": {"type": "Point", "coordinates": [-73.571351617, 3.943383008]}, "properties": {"fecha": "2023-08-18", "municipio": "ACACIAS", "departamento": "META", "muertos": 0.0, "heridos": 1.0, "viv_destruidas": 0.0, "viv_averiadas": 4.0}}, {"type": "Feature", "geometry": {"type": "Point", "coordinates": [-75.669936549, 4.842021144]}, "properties": {"fecha": "2023-08-18", "municipio": "DOSQUEBRADAS", "departamento": "RISARALDA", "muertos": 0.0, "heridos": 0.0, "viv_destruidas": 0.0, "viv_averiadas": 1.0}}, {"type": "Feature", "geometry": {"type": "Point", "coordinates": [-73.714416844, 4.353769888]}, "properties": {"fecha": "2023-08-18", "municipio": "EL CALVARIO", "departamento": "META", "muertos": 0.0, "heridos": 0.0, "viv_destruidas": 12.0, "viv_averiadas": 201.0}}, {"type": "Feature", "geometry": {"type": "Point", "coordinates": [-73.563137406, 4.976881151]}, "properties": {"fecha": "1995-01-20", "municipio": "MANTA", "departamento": "CUNDINAMARCA", "muertos": 0.0, "heridos": 0.0, "viv_destruidas": 0.0, "viv_averiadas": 0.0}}, {"type": "Feature", "geometry": {"type": "Point", "coordinates": [-76.995930752, 5.110392243]}, "properties": {"fecha": "2023-08-28", "municipio": "MEDIO BAUDO", "departamento": "CHOCO", "muertos": 0.0, "heridos": 0.0, "viv_destruidas": 2.0, "viv_averiadas": 98.0}}, {"type": "Feature", "geometry": {"type": "Point", "coordinates": [-73.405984868, 4.484437919]}, "properties": {"fecha": "1923-12-23", "municipio": "MEDINA", "departamento": "CUNDINAMARCA", "muertos": 0.0, "heridos": 0.0, "viv_destruidas": 0.0, "viv_averiadas": 0.0}}, {"type": "Feature", "geometry": {"type": "Point", "coordinates": [-73.85264561, 4.334589044]}, "properties": {"fecha": "2008-05-25", "municipio": "QUETAME", "departamento": "CUNDINAMARCA", "muertos": 7.0, "heridos": 29.0, "viv_destruidas": 305.0, "viv_averiadas": 839.0}}, {"type": "Feature", "geometry": {"type": "Point", "coordinates": [-74.37050903, 4.436967141]}, "properties": {"fecha": "2015-03-11", "municipio": "SILVANIA", "departamento": "CUNDINAMARCA", "muertos": 0.0, "heridos": 0.0, "viv_destruidas": 0.0, "viv_averiadas": 0.0}}, {"type": "Feature", "geometry": {"type": "Point", "coordinates": [-74.240296958, 4.581866267]}, "properties": {"fecha": "1917-09-01", "municipio": "SOACHA", "departamento": "CUNDINAMARCA", "muertos": 0.0, "heridos": 0.0, "viv_destruidas": 0.0, "viv_averiadas": 0.0}}, {"type": "Feature", "geometry": {"type": "Point", "coordinates": [-73.513625457, 5.084102682]}, "properties": {"fecha": "1928-11-02", "municipio": "TIBIRITA", "departamento": "CUNDINAMARCA", "muertos": 0.0, "heridos": 0.0, "viv_destruidas": 0.0, "viv_averiadas": 0.0}}, {"type": "Feature", "geometry": {"type": "Point", "coordinates": [-73.513625457, 5.084102682]}, "properties": {"fecha": "1995-01-20", "municipio": "TIBIRITA", "departamento": "CUNDINAMARCA", "muertos": 0.0, "heridos": 0.0, "viv_destruidas": 0.0, "viv_averiadas": 3.0}}, {"type": "Feature", "geometry": {"type": "Point", "coordinates": [-73.47654604, 4.803805182]}, "properties": {"fecha": "1923-12-23", "municipio": "UBALA", "departamento": "CUNDINAMARCA", "muertos": 3.0, "heridos": 0.0, "viv_destruidas": 20.0, "viv_averiadas": 0.0}}, {"type": "Feature", "geometry": {"type": "Point", "coordinates": [-76.772556244, 5.359661967]}, "properties": {"fecha": "2023-09-15", "municipio": "EL CANTON DEL SAN PABLO", "departamento": "CHOCO", "muertos": 0.0, "heridos": 0.0, "viv_destruidas": 0.0, "viv_averiadas": 465.0}}, {"type": "Feature", "geometry": {"type": "Point", "coordinates": [-73.975645447, 4.500754182]}, "properties": {"fecha": "1917-09-01", "municipio": "UBAQUE", "departamento": "CUNDINAMARCA", "muertos": 0.0, "heridos": 0.0, "viv_destruidas": 0.0, "viv_averiadas": 0.0}}, {"type": "Feature", "geometry": {"type": "Point", "coordinates": [-73.975645447, 4.500754182]}, "properties": {"fecha": "2008-05-25", "municipio": "UBAQUE", "departamento": "CUNDINAMARCA", "muertos": 0.0, "heridos": 0.0, "viv_destruidas": 354.0, "viv_averiadas": 639.0}}, {"type": "Feature", "geometry": {"type": "Point", "coordinates": [-74.11187304, 4.244611163]}, "properties": {"fecha": "2008-05-25", "municipio": "UNE", "departamento": "CUNDINAMARCA", "muertos": 0.0, "heridos": 0.0, "viv_destruidas": 110.0, "viv_averiadas": 89.0}}, {"type": "Feature", "geometry": {"type": "Point", "coordinates": [-74.11187304, 4.244611163]}, "properties": {"fecha": "2018-11-09", "municipio": "UNE", "departamento": "CUNDINAMARCA", "muertos": 0.0, "heridos": 1.0, "viv_destruidas": 0.0, "viv_averiadas": 0.0}}, {"type": "Feature", "geometry": {"type": "Point", "coordinates": [-74.477800029, 5.192795708]}, "properties": {"fecha": "2019-07-27", "municipio": "UTICA", "departamento": "CUNDINAMARCA", "muertos": 0.0, "heridos": 0.0, "viv_destruidas": 0.0, "viv_averiadas": 0.0}}, {"type": "Feature", "geometry": {"type": "Point", "coordinates": [-74.190743751, 5.270694636]}, "properties": {"fecha": "2015-03-11", "municipio": "VILLAGOMEZ", "departamento": "CUNDINAMARCA", "muertos": 0.0, "heridos": 0.0, "viv_destruidas": 0.0, "viv_averiadas": 6.0}}, {"type": "Feature", "geometry": {"type": "Point", "coordinates": [-76.65015147, 5.7543229]}, "properties": {"fecha": "1962-07-16", "municipio": "QUIBDO", "departamento": "CHOCO", "muertos": 0.0, "heridos": 0.0, "viv_destruidas": 6.0, "viv_averiadas": 0.0}}, {"type": "Feature", "geometry": {"type": "Point", "coordinates": [-76.65015147, 5.7543229]}, "properties": {"fecha": "1973-02-16", "municipio": "QUIBDO", "departamento": "CHOCO", "muertos": 0.0, "heridos": 0.0, "viv_destruidas": 0.0, "viv_averiadas": 0.0}}, {"type": "Feature", "geometry": {"type": "Point", "coordinates": [-76.65015147, 5.7543229]}, "properties": {"fecha": "1974-06-04", "municipio": "QUIBDO", "departamento": "CHOCO", "muertos": 7.0, "heridos": 0.0, "viv_destruidas": 0.0, "viv_averiadas": 0.0}}, {"type": "Feature", "geometry": {"type": "Point", "coordinates": [-76.65015147, 5.7543229]}, "properties": {"fecha": "1979-11-24", "municipio": "QUIBDO", "departamento": "CHOCO", "muertos": 0.0, "heridos": 0.0, "viv_destruidas": 0.0, "viv_averiadas": 0.0}}, {"type": "Feature", "geometry": {"type": "Point", "coordinates": [-76.65015147, 5.7543229]}, "properties": {"fecha": "1992-10-18", "municipio": "QUIBDO", "departamento": "CHOCO", "muertos": 0.0, "heridos": 0.0, "viv_destruidas": 0.0, "viv_averiadas": 1000.0}}, {"type": "Feature", "geometry": {"type": "Point", "coordinates": [-76.65015147, 5.7543229]}, "properties": {"fecha": "1992-10-19", "municipio": "QUIBDO", "departamento": "CHOCO", "muertos": 0.0, "heridos": 0.0, "viv_destruidas": 3.0, "viv_averiadas": 0.0}}, {"type": "Feature", "geometry": {"type": "Point", "coordinates": [-76.65015147, 5.7543229]}, "properties": {"fecha": "1995-02-09", "municipio": "QUIBDO", "departamento": "CHOCO", "muertos": 0.0, "heridos": 0.0, "viv_destruidas": 0.0, "viv_averiadas": 5.0}}, {"type": "Feature", "geometry": {"type": "Point", "coordinates": [-76.65015147, 5.7543229]}, "properties": {"fecha": "1995-08-20", "municipio": "QUIBDO", "departamento": "CHOCO", "muertos": 0.0, "heridos": 0.0, "viv_destruidas": 0.0, "viv_averiadas": 2.0}}, {"type": "Feature", "geometry": {"type": "Point", "coordinates": [-76.65015147, 5.7543229]}, "properties": {"fecha": "2020-12-08", "municipio": "QUIBDO", "departamento": "CHOCO", "muertos": 0.0, "heridos": 0.0, "viv_destruidas": 0.0, "viv_averiadas": 0.0}}, {"type": "Feature", "geometry": {"type": "Point", "coordinates": [-77.265602561, 8.383938499]}, "properties": {"fecha": "2012-10-01", "municipio": "ACANDI", "departamento": "CHOCO", "muertos": 0.0, "heridos": 0.0, "viv_destruidas": 0.0, "viv_averiadas": 0.0}}, {"type": "Feature", "geometry": {"type": "Point", "coordinates": [-77.265602561, 8.383938499]}, "properties": {"fecha": "2012-10-04", "municipio": "ACANDI", "departamento": "CHOCO", "muertos": 0.0, "heridos": 0.0, "viv_destruidas": 0.0, "viv_averiadas": 0.0}}, {"type": "Feature", "geometry": {"type": "Point", "coordinates": [-77.416535344, 6.162762775]}, "properties": {"fecha": "1970-09-27", "municipio": "BAHIA SOLANO", "departamento": "CHOCO", "muertos": 0.0, "heridos": 2.0, "viv_destruidas": 112.0, "viv_averiadas": 130.0}}, {"type": "Feature", "geometry": {"type": "Point", "coordinates": [-77.416535344, 6.162762775]}, "properties": {"fecha": "2003-01-09", "municipio": "BAHIA SOLANO", "departamento": "CHOCO", "muertos": 0.0, "heridos": 0.0, "viv_destruidas": 0.0, "viv_averiadas": 0.0}}, {"type": "Feature", "geometry": {"type": "Point", "coordinates": [-77.416535344, 6.162762775]}, "properties": {"fecha": "2003-03-05", "municipio": "BAHIA SOLANO", "departamento": "CHOCO", "muertos": 0.0, "heridos": 0.0, "viv_destruidas": 0.0, "viv_averiadas": 0.0}}, {"type": "Feature", "geometry": {"type": "Point", "coordinates": [-77.416535344, 6.162762775]}, "properties": {"fecha": "2010-01-29", "municipio": "BAHIA SOLANO", "departamento": "CHOCO", "muertos": 0.0, "heridos": 0.0, "viv_destruidas": 0.0, "viv_averiadas": 0.0}}, {"type": "Feature", "geometry": {"type": "Point", "coordinates": [-77.082713524, 4.492865435]}, "properties": {"fecha": "1991-11-20", "municipio": "BAJO BAUDO", "departamento": "CHOCO", "muertos": 0.0, "heridos": 0.0, "viv_destruidas": 48.0, "viv_averiadas": 0.0}}, {"type": "Feature", "geometry": {"type": "Point", "coordinates": [-77.082713524, 4.492865435]}, "properties": {"fecha": "2004-11-16", "municipio": "BAJO BAUDO", "departamento": "CHOCO", "muertos": 0.0, "heridos": 6.0, "viv_destruidas": 101.0, "viv_averiadas": 437.0}}, {"type": "Feature", "geometry": {"type": "Point", "coordinates": [-77.09933025, 6.474666885]}, "properties": {"fecha": "1992-10-18", "municipio": "BOJAYA", "departamento": "CHOCO", "muertos": 0.0, "heridos": 0.0, "viv_destruidas": 0.0, "viv_averiadas": 0.0}}, {"type": "Feature", "geometry": {"type": "Point", "coordinates": [-77.09933025, 6.474666885]}, "properties": {"fecha": "1992-10-19", "municipio": "BOJAYA", "departamento": "CHOCO", "muertos": 0.0, "heridos": 57.0, "viv_destruidas": 6.0, "viv_averiadas": 0.0}}, {"type": "Feature", "geometry": {"type": "Point", "coordinates": [-76.50701751, 5.070586101]}, "properties": {"fecha": "1995-02-09", "municipio": "CONDOTO", "departamento": "CHOCO", "muertos": 0.0, "heridos": 0.0, "viv_destruidas": 11.0, "viv_averiadas": 7.0}}, {"type": "Feature", "geometry": {"type": "Point", "coordinates": [-76.191894424, 5.810938364]}, "properties": {"fecha": "1995-02-09", "municipio": "EL CARMEN DE ATRATO", "departamento": "CHOCO", "muertos": 0.0, "heridos": 0.0, "viv_destruidas": 0.0, "viv_averiadas": 0.0}}, {"type": "Feature", "geometry": {"type": "Point", "coordinates": [-76.987858279, 4.272940191]}, "properties": {"fecha": "1991-11-20", "municipio": "EL LITORAL DEL SAN JUAN", "departamento": "CHOCO", "muertos": 0.0, "heridos": 3.0, "viv_destruidas": 150.0, "viv_averiadas": 400.0}}, {"type": "Feature", "geometry": {"type": "Point", "coordinates": [-76.987858279, 4.272940191]}, "properties": {"fecha": "2004-11-16", "municipio": "EL LITORAL DEL SAN JUAN", "departamento": "CHOCO", "muertos": 0.0, "heridos": 0.0, "viv_destruidas": 84.0, "viv_averiadas": 170.0}}, {"type": "Feature", "geometry": {"type": "Point", "coordinates": [-76.987858279, 4.272940191]}, "properties": {"fecha": "2022-05-13", "municipio": "EL LITORAL DEL SAN JUAN", "departamento": "CHOCO", "muertos": 0.0, "heridos": 0.0, "viv_destruidas": 0.0, "viv_averiadas": 0.0}}, {"type": "Feature", "geometry": {"type": "Point", "coordinates": [-77.679736621, 7.103338868]}, "properties": {"fecha": "1976-07-12", "municipio": "JURADO", "departamento": "CHOCO", "muertos": 0.0, "heridos": 0.0, "viv_destruidas": 0.0, "viv_averiadas": 2.0}}, {"type": "Feature", "geometry": {"type": "Point", "coordinates": [-77.679736621, 7.103338868]}, "properties": {"fecha": "2000-11-09", "municipio": "JURADO", "departamento": "CHOCO", "muertos": 0.0, "heridos": 0.0, "viv_destruidas": 0.0, "viv_averiadas": 97.0}}, {"type": "Feature", "geometry": {"type": "Point", "coordinates": [-77.679736621, 7.103338868]}, "properties": {"fecha": "2017-12-31", "municipio": "JURADO", "departamento": "CHOCO", "muertos": 0.0, "heridos": 0.0, "viv_destruidas": 0.0, "viv_averiadas": 0.0}}, {"type": "Feature", "geometry": {"type": "Point", "coordinates": [-77.679736621, 7.103338868]}, "properties": {"fecha": "2019-05-25", "municipio": "JURADO", "departamento": "CHOCO", "muertos": 0.0, "heridos": 0.0, "viv_destruidas": 0.0, "viv_averiadas": 0.0}}, {"type": "Feature", "geometry": {"type": "Point", "coordinates": [-76.995930752, 5.110392243]}, "properties": {"fecha": "2004-11-16", "municipio": "MEDIO BAUDO", "departamento": "CHOCO", "muertos": 0.0, "heridos": 0.0, "viv_destruidas": 72.0, "viv_averiadas": 249.0}}, {"type": "Feature", "geometry": {"type": "Point", "coordinates": [-76.618236685, 4.853386627]}, "properties": {"fecha": "1995-02-09", "municipio": "NOVITA", "departamento": "CHOCO", "muertos": 0.0, "heridos": 0.0, "viv_destruidas": 0.0, "viv_averiadas": 60.0}}, {"type": "Feature", "geometry": {"type": "Point", "coordinates": [-77.330574386, 5.591359844]}, "properties": {"fecha": "2000-03-20", "municipio": "NUQUI", "departamento": "CHOCO", "muertos": 0.0, "heridos": 0.0, "viv_destruidas": 0.0, "viv_averiadas": 17.0}}, {"type": "Feature", "geometry": {"type": "Point", "coordinates": [-77.330574386, 5.591359844]}, "properties": {"fecha": "2000-04-13", "municipio": "NUQUI", "departamento": "CHOCO", "muertos": 0.0, "heridos": 0.0, "viv_destruidas": 0.0, "viv_averiadas": 0.0}}, {"type": "Feature", "geometry": {"type": "Point", "coordinates": [-77.240674833, 7.389887937]}, "properties": {"fecha": "1974-07-13", "municipio": "RIOSUCIO", "departamento": "CHOCO", "muertos": 7.0, "heridos": 0.0, "viv_destruidas": 15.0, "viv_averiadas": 0.0}}, {"type": "Feature", "geometry": {"type": "Point", "coordinates": [-77.240674833, 7.389887937]}, "properties": {"fecha": "1976-07-12", "municipio": "RIOSUCIO", "departamento": "CHOCO", "muertos": 0.0, "heridos": 0.0, "viv_destruidas": 0.0, "viv_averiadas": 0.0}}, {"type": "Feature", "geometry": {"type": "Point", "coordinates": [-77.240674833, 7.389887937]}, "properties": {"fecha": "1992-10-18", "municipio": "RIOSUCIO", "departamento": "CHOCO", "muertos": 0.0, "heridos": 0.0, "viv_destruidas": 0.0, "viv_averiadas": 0.0}}, {"type": "Feature", "geometry": {"type": "Point", "coordinates": [-77.240674833, 7.389887937]}, "properties": {"fecha": "1992-10-19", "municipio": "RIOSUCIO", "departamento": "CHOCO", "muertos": 0.0, "heridos": 0.0, "viv_destruidas": 0.0, "viv_averiadas": 0.0}}, {"type": "Feature", "geometry": {"type": "Point", "coordinates": [-77.240674833, 7.389887937]}, "properties": {"fecha": "2020-12-04", "municipio": "RIOSUCIO", "departamento": "CHOCO", "muertos": 0.0, "heridos": 0.0, "viv_destruidas": 0.0, "viv_averiadas": 0.0}}, {"type": "Feature", "geometry": {"type": "Point", "coordinates": [-76.280023606, 4.958741345]}, "properties": {"fecha": "1995-02-09", "municipio": "SAN JOSE DEL PALMAR", "departamento": "CHOCO", "muertos": 0.0, "heridos": 0.0, "viv_destruidas": 44.0, "viv_averiadas": 102.0}}, {"type": "Feature", "geometry": {"type": "Point", "coordinates": [-76.541944593, 4.594415157]}, "properties": {"fecha": "1995-02-09", "municipio": "SIPI", "departamento": "CHOCO", "muertos": 0.0, "heridos": 0.0, "viv_destruidas": 0.0, "viv_averiadas": 3.0}}, {"type": "Feature", "geometry": {"type": "Point", "coordinates": [-76.541944593, 4.594415157]}, "properties": {"fecha": "2009-07-24", "municipio": "SIPI", "departamento": "CHOCO", "muertos": 0.0, "heridos": 0.0, "viv_destruidas": 0.0, "viv_averiadas": 15.0}}, {"type": "Feature", "geometry": {"type": "Point", "coordinates": [-76.541944593, 4.594415157]}, "properties": {"fecha": "2012-03-01", "municipio": "SIPI", "departamento": "CHOCO", "muertos": 0.0, "heridos": 0.0, "viv_destruidas": 0.0, "viv_averiadas": 0.0}}, {"type": "Feature", "geometry": {"type": "Point", "coordinates": [-76.541944593, 4.594415157]}, "properties": {"fecha": "2014-01-05", "municipio": "SIPI", "departamento": "CHOCO", "muertos": 0.0, "heridos": 0.0, "viv_destruidas": 0.0, "viv_averiadas": 20.0}}, {"type": "Feature", "geometry": {"type": "Point", "coordinates": [-77.10372723, 8.117281079]}, "properties": {"fecha": "1974-07-13", "municipio": "UNGUIA", "departamento": "CHOCO", "muertos": 0.0, "heridos": 0.0, "viv_destruidas": 6.0, "viv_averiadas": 0.0}}, {"type": "Feature", "geometry": {"type": "Point", "coordinates": [-77.10372723, 8.117281079]}, "properties": {"fecha": "1976-07-12", "municipio": "UNGUIA", "departamento": "CHOCO", "muertos": 0.0, "heridos": 0.0, "viv_destruidas": 0.0, "viv_averiadas": 0.0}}, {"type": "Feature", "geometry": {"type": "Point", "coordinates": [-77.10372723, 8.117281079]}, "properties": {"fecha": "2015-07-29", "municipio": "UNGUIA", "departamento": "CHOCO", "muertos": 0.0, "heridos": 0.0, "viv_destruidas": 10.0, "viv_averiadas": 20.0}}, {"type": "Feature", "geometry": {"type": "Point", "coordinates": [-75.272362322, 2.993360046]}, "properties": {"fecha": "1967-02-16", "municipio": "NEIVA", "departamento": "HUILA", "muertos": 58.0, "heridos": 0.0, "viv_destruidas": 0.0, "viv_averiadas": 0.0}}, {"type": "Feature", "geometry": {"type": "Point", "coordinates": [-75.272362322, 2.993360046]}, "properties": {"fecha": "1967-07-30", "municipio": "NEIVA", "departamento": "HUILA", "muertos": 0.0, "heridos": 0.0, "viv_destruidas": 0.0, "viv_averiadas": 0.0}}, {"type": "Feature", "geometry": {"type": "Point", "coordinates": [-75.272362322, 2.993360046]}, "properties": {"fecha": "1973-04-16", "municipio": "NEIVA", "departamento": "HUILA", "muertos": 0.0, "heridos": 0.0, "viv_destruidas": 0.0, "viv_averiadas": 0.0}}, {"type": "Feature", "geometry": {"type": "Point", "coordinates": [-75.272362322, 2.993360046]}, "properties": {"fecha": "1982-06-09", "municipio": "NEIVA", "departamento": "HUILA", "muertos": 0.0, "heridos": 0.0, "viv_destruidas": 0.0, "viv_averiadas": 0.0}}, {"type": "Feature", "geometry": {"type": "Point", "coordinates": [-75.272362322, 2.993360046]}, "properties": {"fecha": "1995-02-09", "municipio": "NEIVA", "departamento": "HUILA", "muertos": 1.0, "heridos": 0.0, "viv_destruidas": 0.0, "viv_averiadas": 0.0}}, {"type": "Feature", "geometry": {"type": "Point", "coordinates": [-75.272362322, 2.993360046]}, "properties": {"fecha": "2014-01-10", "municipio": "NEIVA", "departamento": "HUILA", "muertos": 0.0, "heridos": 0.0, "viv_destruidas": 0.0, "viv_averiadas": 0.0}}, {"type": "Feature", "geometry": {"type": "Point", "coordinates": [-75.272362322, 2.993360046]}, "properties": {"fecha": "2016-10-31", "municipio": "NEIVA", "departamento": "HUILA", "muertos": 0.0, "heridos": 0.0, "viv_destruidas": 0.0, "viv_averiadas": 3.0}}, {"type": "Feature", "geometry": {"type": "Point", "coordinates": [-75.272362322, 2.993360046]}, "properties": {"fecha": "2017-02-07", "municipio": "NEIVA", "departamento": "HUILA", "muertos": 0.0, "heridos": 1.0, "viv_destruidas": 0.0, "viv_averiadas": 0.0}}, {"type": "Feature", "geometry": {"type": "Point", "coordinates": [-75.716322355, 2.26975042]}, "properties": {"fecha": "2016-10-31", "municipio": "AGRADO", "departamento": "HUILA", "muertos": 0.0, "heridos": 0.0, "viv_destruidas": 0.0, "viv_averiadas": 1.0}}, {"type": "Feature", "geometry": {"type": "Point", "coordinates": [-75.276706552, 3.243441923]}, "properties": {"fecha": "2016-10-31", "municipio": "AIPE", "departamento": "HUILA", "muertos": 0.0, "heridos": 0.0, "viv_destruidas": 0.0, "viv_averiadas": 5.0}}, {"type": "Feature", "geometry": {"type": "Point", "coordinates": [-75.291349457, 2.49785068]}, "properties": {"fecha": "1972-11-23", "municipio": "ALGECIRAS", "departamento": "HUILA", "muertos": 0.0, "heridos": 0.0, "viv_destruidas": 1.0, "viv_averiadas": 42.0}}, {"type": "Feature", "geometry": {"type": "Point", "coordinates": [-74.957977964, 3.135423634]}, "properties": {"fecha": "1967-02-04", "municipio": "BARAYA", "departamento": "HUILA", "muertos": 2.0, "heridos": 1.0, "viv_destruidas": 2.0, "viv_averiadas": 0.0}}, {"type": "Feature", "geometry": {"type": "Point", "coordinates": [-74.957977964, 3.135423634]}, "properties": {"fecha": "2016-10-31", "municipio": "BARAYA", "departamento": "HUILA", "muertos": 0.0, "heridos": 0.0, "viv_destruidas": 1.0, "viv_averiadas": 26.0}}, {"type": "Feature", "geometry": {"type": "Point", "coordinates": [-74.957977964, 3.135423634]}, "properties": {"fecha": "2017-02-07", "municipio": "BARAYA", "departamento": "HUILA", "muertos": 0.0, "heridos": 0.0, "viv_destruidas": 0.0, "viv_averiadas": 40.0}}, {"type": "Feature", "geometry": {"type": "Point", "coordinates": [-75.329438026, 2.658666675]}, "properties": {"fecha": "1967-02-16", "municipio": "CAMPOALEGRE", "departamento": "HUILA", "muertos": 19.0, "heridos": 24.0, "viv_destruidas": 0.0, "viv_averiadas": 0.0}}, {"type": "Feature", "geometry": {"type": "Point", "coordinates": [-74.785161172, 3.262763564]}, "properties": {"fecha": "2003-01-23", "municipio": "COLOMBIA", "departamento": "HUILA", "muertos": 0.0, "heridos": 0.0, "viv_destruidas": 0.0, "viv_averiadas": 0.0}}, {"type": "Feature", "geometry": {"type": "Point", "coordinates": [-74.785161172, 3.262763564]}, "properties": {"fecha": "2016-10-31", "municipio": "COLOMBIA", "departamento": "HUILA", "muertos": 0.0, "heridos": 0.0, "viv_destruidas": 0.0, "viv_averiadas": 302.0}}, {"type": "Feature", "geometry": {"type": "Point", "coordinates": [-74.785161172, 3.262763564]}, "properties": {"fecha": "2017-02-07", "municipio": "COLOMBIA", "departamento": "HUILA", "muertos": 0.0, "heridos": 0.0, "viv_destruidas": 0.0, "viv_averiadas": 8.0}}, {"type": "Feature", "geometry": {"type": "Point", "coordinates": [-74.785161172, 3.262763564]}, "properties": {"fecha": "2018-07-20", "municipio": "COLOMBIA", "departamento": "HUILA", "muertos": 0.0, "heridos": 0.0, "viv_destruidas": 0.0, "viv_averiadas": 5.0}}, {"type": "Feature", "geometry": {"type": "Point", "coordinates": [-74.785161172, 3.262763564]}, "properties": {"fecha": "2020-12-11", "municipio": "COLOMBIA", "departamento": "HUILA", "muertos": 0.0, "heridos": 0.0, "viv_destruidas": 0.0, "viv_averiadas": 0.0}}, {"type": "Feature", "geometry": {"type": "Point", "coordinates": [-75.571312425, 2.172441496]}, "properties": {"fecha": "1967-02-16", "municipio": "GARZON", "departamento": "HUILA", "muertos": 1.0, "heridos": 0.0, "viv_destruidas": 0.0, "viv_averiadas": 0.0}}, {"type": "Feature", "geometry": {"type": "Point", "coordinates": [-75.571312425, 2.172441496]}, "properties": {"fecha": "1972-11-23", "municipio": "GARZON", "departamento": "HUILA", "muertos": 0.0, "heridos": 0.0, "viv_destruidas": 0.0, "viv_averiadas": 1.0}}, {"type": "Feature", "geometry": {"type": "Point", "coordinates": [-75.516997536, 2.371781539]}, "properties": {"fecha": "1967-02-16", "municipio": "GIGANTE", "departamento": "HUILA", "muertos": 2.0, "heridos": 0.0, "viv_destruidas": 0.0, "viv_averiadas": 0.0}}, {"type": "Feature", "geometry": {"type": "Point", "coordinates": [-75.516997536, 2.371781539]}, "properties": {"fecha": "1994-06-07", "municipio": "GIGANTE", "departamento": "HUILA", "muertos": 0.0, "heridos": 0.0, "viv_destruidas": 36.0, "viv_averiadas": 0.0}}, {"type": "Feature", "geometry": {"type": "Point", "coordinates": [-75.516997536, 2.371781539]}, "properties": {"fecha": "2020-12-09", "municipio": "GIGANTE", "departamento": "HUILA", "muertos": 0.0, "heridos": 0.0, "viv_destruidas": 0.0, "viv_averiadas": 0.0}}, {"type": "Feature", "geometry": {"type": "Point", "coordinates": [-75.447810831, 2.541654161]}, "properties": {"fecha": "1994-06-14", "municipio": "HOBO", "departamento": "HUILA", "muertos": 0.0, "heridos": 0.0, "viv_destruidas": 0.0, "viv_averiadas": 0.0}}, {"type": "Feature", "geometry": {"type": "Point", "coordinates": [-75.447810831, 2.541654161]}, "properties": {"fecha": "2016-10-31", "municipio": "HOBO", "departamento": "HUILA", "muertos": 0.0, "heridos": 0.0, "viv_destruidas": 0.0, "viv_averiadas": 4.0}}, {"type": "Feature", "geometry": {"type": "Point", "coordinates": [-75.673831406, 2.691517773]}, "properties": {"fecha": "1994-06-07", "municipio": "IQUIRA", "departamento": "HUILA", "muertos": 0.0, "heridos": 4.0, "viv_destruidas": 122.0, "viv_averiadas": 8000.0}}, {"type": "Feature", "geometry": {"type": "Point", "coordinates": [-76.001172988, 2.328076586]}, "properties": {"fecha": "1994-06-07", "municipio": "LA PLATA", "departamento": "HUILA", "muertos": 0.0, "heridos": 0.0, "viv_destruidas": 31.0, "viv_averiadas": 0.0}}, {"type": "Feature", "geometry": {"type": "Point", "coordinates": [-76.001172988, 2.328076586]}, "properties": {"fecha": "2017-02-07", "municipio": "LA PLATA", "departamento": "HUILA", "muertos": 0.0, "heridos": 0.0, "viv_destruidas": 0.0, "viv_averiadas": 1.0}}, {"type": "Feature", "geometry": {"type": "Point", "coordinates": [-75.786937574, 2.576066285]}, "properties": {"fecha": "1994-06-07", "municipio": "NATAGA", "departamento": "HUILA", "muertos": 0.0, "heridos": 0.0, "viv_destruidas": 133.0, "viv_averiadas": 0.0}}, {"type": "Feature", "geometry": {"type": "Point", "coordinates": [-75.786937574, 2.576066285]}, "properties": {"fecha": "2016-10-31", "municipio": "NATAGA", "departamento": "HUILA", "muertos": 0.0, "heridos": 0.0, "viv_destruidas": 0.0, "viv_averiadas": 1.0}}, {"type": "Feature", "geometry": {"type": "Point", "coordinates": [-76.04110289, 2.061191362]}, "properties": {"fecha": "2016-10-31", "municipio": "OPORAPA", "departamento": "HUILA", "muertos": 0.0, "heridos": 0.0, "viv_destruidas": 0.0, "viv_averiadas": 1.0}}, {"type": "Feature", "geometry": {"type": "Point", "coordinates": [-75.72803027, 2.40689827]}, "properties": {"fecha": "1994-06-07", "municipio": "PAICOL", "departamento": "HUILA", "muertos": 0.0, "heridos": 0.0, "viv_destruidas": 76.0, "viv_averiadas": 0.0}}, {"type": "Feature", "geometry": {"type": "Point", "coordinates": [-75.72803027, 2.40689827]}, "properties": {"fecha": "2016-10-31", "municipio": "PAICOL", "departamento": "HUILA", "muertos": 0.0, "heridos": 0.0, "viv_destruidas": 0.0, "viv_averiadas": 4.0}}, {"type": "Feature", "geometry": {"type": "Point", "coordinates": [-75.440661177, 2.914491967]}, "properties": {"fecha": "1994-06-07", "municipio": "PALERMO", "departamento": "HUILA", "muertos": 0.0, "heridos": 2.0, "viv_destruidas": 2.0, "viv_averiadas": 0.0}}, {"type": "Feature", "geometry": {"type": "Point", "coordinates": [-75.440661177, 2.914491967]}, "properties": {"fecha": "2016-10-31", "municipio": "PALERMO", "departamento": "HUILA", "muertos": 0.0, "heridos": 0.0, "viv_destruidas": 0.0, "viv_averiadas": 8.0}}, {"type": "Feature", "geometry": {"type": "Point", "coordinates": [-75.831951604, 2.259601773]}, "properties": {"fecha": "1967-02-16", "municipio": "PITAL", "departamento": "HUILA", "muertos": 8.0, "heridos": 0.0, "viv_destruidas": 0.0, "viv_averiadas": 0.0}}, {"type": "Feature", "geometry": {"type": "Point", "coordinates": [-75.235368675, 2.79286115]}, "properties": {"fecha": "2004-09-19", "municipio": "RIVERA", "departamento": "HUILA", "muertos": 0.0, "heridos": 0.0, "viv_destruidas": 0.0, "viv_averiadas": 2.0}}, {"type": "Feature", "geometry": {"type": "Point", "coordinates": [-75.235368675, 2.79286115]}, "properties": {"fecha": "2016-10-31", "municipio": "RIVERA", "departamento": "HUILA", "muertos": 0.0, "heridos": 0.0, "viv_destruidas": 0.0, "viv_averiadas": 0.0}}, {"type": "Feature", "geometry": {"type": "Point", "coordinates": [-75.633597855, 2.926265937]}, "properties": {"fecha": "1994-06-07", "municipio": "SANTA MARIA", "departamento": "HUILA", "muertos": 0.0, "heridos": 0.0, "viv_destruidas": 2.0, "viv_averiadas": 0.0}}, {"type": "Feature", "geometry": {"type": "Point", "coordinates": [-75.68259642, 2.526855132]}, "properties": {"fecha": "1994-06-07", "municipio": "TESALIA", "departamento": "HUILA", "muertos": 0.0, "heridos": 0.0, "viv_destruidas": 1.0, "viv_averiadas": 0.0}}, {"type": "Feature", "geometry": {"type": "Point", "coordinates": [-75.08536553, 3.030611777]}, "properties": {"fecha": "2016-10-31", "municipio": "TELLO", "departamento": "HUILA", "muertos": 0.0, "heridos": 0.0, "viv_destruidas": 0.0, "viv_averiadas": 9.0}}, {"type": "Feature", "geometry": {"type": "Point", "coordinates": [-75.08536553, 3.030611777]}, "properties": {"fecha": "2017-02-07", "municipio": "TELLO", "departamento": "HUILA", "muertos": 0.0, "heridos": 0.0, "viv_destruidas": 0.0, "viv_averiadas": 11.0}}, {"type": "Feature", "geometry": {"type": "Point", "coordinates": [-75.759889336, 2.851852692]}, "properties": {"fecha": "2016-10-31", "municipio": "TERUEL", "departamento": "HUILA", "muertos": 0.0, "heridos": 0.0, "viv_destruidas": 0.0, "viv_averiadas": 5.0}}, {"type": "Feature", "geometry": {"type": "Point", "coordinates": [-75.13838292, 3.287057875]}, "properties": {"fecha": "2016-10-31", "municipio": "VILLAVIEJA", "departamento": "HUILA", "muertos": 0.0, "heridos": 0.0, "viv_destruidas": 0.0, "viv_averiadas": 11.0}}, {"type": "Feature", "geometry": {"type": "Point", "coordinates": [-75.13838292, 3.287057875]}, "properties": {"fecha": "2017-02-07", "municipio": "VILLAVIEJA", "departamento": "HUILA", "muertos": 0.0, "heridos": 0.0, "viv_destruidas": 0.0, "viv_averiadas": 3.0}}, {"type": "Feature", "geometry": {"type": "Point", "coordinates": [-75.515926448, 2.646563339]}, "properties": {"fecha": "1994-06-07", "municipio": "YAGUARA", "departamento": "HUILA", "muertos": 0.0, "heridos": 0.0, "viv_destruidas": 0.0, "viv_averiadas": 0.0}}, {"type": "Feature", "geometry": {"type": "Point", "coordinates": [-75.515926448, 2.646563339]}, "properties": {"fecha": "2016-10-31", "municipio": "YAGUARA", "departamento": "HUILA", "muertos": 0.0, "heridos": 0.0, "viv_destruidas": 0.0, "viv_averiadas": 1.0}}, {"type": "Feature", "geometry": {"type": "Point", "coordinates": [-75.515926448, 2.646563339]}, "properties": {"fecha": "2017-02-07", "municipio": "YAGUARA", "departamento": "HUILA", "muertos": 0.0, "heridos": 0.0, "viv_destruidas": 0.0, "viv_averiadas": 18.0}}, {"type": "Feature", "geometry": {"type": "Point", "coordinates": [-72.696968794, 10.948716767]}, "properties": {"fecha": "2002-05-07", "municipio": "BARRANCAS", "departamento": "LA GUAJIRA", "muertos": 0.0, "heridos": 0.0, "viv_destruidas": 0.0, "viv_averiadas": 0.0}}, {"type": "Feature", "geometry": {"type": "Point", "coordinates": [-73.107850857, 6.812162934]}, "properties": {"fecha": "2023-11-18", "municipio": "LOS SANTOS", "departamento": "SANTANDER", "muertos": 0.0, "heridos": 0.0, "viv_destruidas": 0.0, "viv_averiadas": 0.0}}, {"type": "Feature", "geometry": {"type": "Point", "coordinates": [-72.571603922, 11.605542633]}, "properties": {"fecha": "2010-01-28", "municipio": "MANAURE", "departamento": "LA GUAJIRA", "muertos": 0.0, "heridos": 0.0, "viv_destruidas": 0.0, "viv_averiadas": 0.0}}, {"type": "Feature", "geometry": {"type": "Point", "coordinates": [-76.314263284, 6.992243782]}, "properties": {"fecha": "2023-11-19", "municipio": "DABEIBA", "departamento": "ANTIOQUIA", "muertos": 0.0, "heridos": 0.0, "viv_destruidas": 0.0, "viv_averiadas": 0.0}}, {"type": "Feature", "geometry": {"type": "Point", "coordinates": [-78.615409629, 1.574550638]}, "properties": {"fecha": "2023-11-19", "municipio": "SAN ANDRES DE TUMACO", "departamento": "NARIÑO", "muertos": 0.0, "heridos": 0.0, "viv_destruidas": 0.0, "viv_averiadas": 0.0}}, {"type": "Feature", "geometry": {"type": "Point", "coordinates": [-73.885278551, 11.121894357]}, "properties": {"fecha": "1975-04-16", "municipio": "SANTA MARTA", "departamento": "MAGDALENA", "muertos": 0.0, "heridos": 0.0, "viv_destruidas": 10.0, "viv_averiadas": 0.0}}, {"type": "Feature", "geometry": {"type": "Point", "coordinates": [-73.885278551, 11.121894357]}, "properties": {"fecha": "1980-02-16", "municipio": "SANTA MARTA", "departamento": "MAGDALENA", "muertos": 0.0, "heridos": 0.0, "viv_destruidas": 10.0, "viv_averiadas": 0.0}}, {"type": "Feature", "geometry": {"type": "Point", "coordinates": [-73.885278551, 11.121894357]}, "properties": {"fecha": "1983-07-12", "municipio": "SANTA MARTA", "departamento": "MAGDALENA", "muertos": 0.0, "heridos": 0.0, "viv_destruidas": 0.0, "viv_averiadas": 0.0}}, {"type": "Feature", "geometry": {"type": "Point", "coordinates": [-75.854811025, 3.468077548]}, "properties": {"fecha": "2023-11-24", "municipio": "RIOBLANCO", "departamento": "TOLIMA", "muertos": 0.0, "heridos": 0.0, "viv_destruidas": 0.0, "viv_averiadas": 0.0}}, {"type": "Feature", "geometry": {"type": "Point", "coordinates": [-73.107850857, 6.812162934]}, "properties": {"fecha": "2023-11-24", "municipio": "LOS SANTOS", "departamento": "SANTANDER", "muertos": 0.0, "heridos": 0.0, "viv_destruidas": 0.0, "viv_averiadas": 0.0}}, {"type": "Feature", "geometry": {"type": "Point", "coordinates": [-76.050653363, 4.35359875]}, "properties": {"fecha": "2023-11-27", "municipio": "ZARZAL", "departamento": "VALLE DEL CAUCA", "muertos": 0.0, "heridos": 0.0, "viv_destruidas": 0.0, "viv_averiadas": 0.0}}, {"type": "Feature", "geometry": {"type": "Point", "coordinates": [-76.314263284, 6.992243782]}, "properties": {"fecha": "2023-11-27", "municipio": "DABEIBA", "departamento": "ANTIOQUIA", "muertos": 0.0, "heridos": 0.0, "viv_destruidas": 0.0, "viv_averiadas": 0.0}}, {"type": "Feature", "geometry": {"type": "Point", "coordinates": [-74.430661339, 3.047726858]}, "properties": {"fecha": "2023-11-27", "municipio": "URIBE", "departamento": "META", "muertos": 0.0, "heridos": 0.0, "viv_destruidas": 0.0, "viv_averiadas": 0.0}}, {"type": "Feature", "geometry": {"type": "Point", "coordinates": [-76.314263284, 6.992243782]}, "properties": {"fecha": "2023-11-30", "municipio": "DABEIBA", "departamento": "ANTIOQUIA", "muertos": 0.0, "heridos": 0.0, "viv_destruidas": 0.0, "viv_averiadas": 0.0}}, {"type": "Feature", "geometry": {"type": "Point", "coordinates": [-73.981054905, 9.114930635]}, "properties": {"fecha": "2020-04-16", "municipio": "EL BANCO", "departamento": "MAGDALENA", "muertos": 0.0, "heridos": 0.0, "viv_destruidas": 0.0, "viv_averiadas": 5.0}}, {"type": "Feature", "geometry": {"type": "Point", "coordinates": [-73.107850857, 6.812162934]}, "properties": {"fecha": "2023-12-16", "municipio": "LOS SANTOS", "departamento": "SANTANDER", "muertos": 0.0, "heridos": 0.0, "viv_destruidas": 0.0, "viv_averiadas": 0.0}}, {"type": "Feature", "geometry": {"type": "Point", "coordinates": [-77.240674833, 7.389887937]}, "properties": {"fecha": "2023-12-16", "municipio": "RIOSUCIO", "departamento": "CHOCO", "muertos": 0.0, "heridos": 0.0, "viv_destruidas": 0.0, "viv_averiadas": 0.0}}, {"type": "Feature", "geometry": {"type": "Point", "coordinates": [-75.360274217, 9.165188649]}, "properties": {"fecha": "2023-12-16", "municipio": "SAMPUES", "departamento": "SUCRE", "muertos": 0.0, "heridos": 0.0, "viv_destruidas": 0.0, "viv_averiadas": 0.0}}, {"type": "Feature", "geometry": {"type": "Point", "coordinates": [-74.358516443, 9.306869548]}, "properties": {"fecha": "2020-04-16", "municipio": "SAN ZENON", "departamento": "MAGDALENA", "muertos": 0.0, "heridos": 0.0, "viv_destruidas": 0.0, "viv_averiadas": 7.0}}, {"type": "Feature", "geometry": {"type": "Point", "coordinates": [-73.107850857, 6.812162934]}, "properties": {"fecha": "2023-12-17", "municipio": "LOS SANTOS", "departamento": "SANTANDER", "muertos": 0.0, "heridos": 0.0, "viv_destruidas": 0.0, "viv_averiadas": 0.0}}, {"type": "Feature", "geometry": {"type": "Point", "coordinates": [-73.492915945, 4.09166877]}, "properties": {"fecha": "1917-09-01", "municipio": "VILLAVICENCIO", "departamento": "META", "muertos": 0.0, "heridos": 17.0, "viv_destruidas": 0.0, "viv_averiadas": 0.0}}, {"type": "Feature", "geometry": {"type": "Point", "coordinates": [-73.492915945, 4.09166877]}, "properties": {"fecha": "1923-12-23", "municipio": "VILLAVICENCIO", "departamento": "META", "muertos": 0.0, "heridos": 0.0, "viv_destruidas": 0.0, "viv_averiadas": 0.0}}, {"type": "Feature", "geometry": {"type": "Point", "coordinates": [-75.435440137, 4.940211591]}, "properties": {"fecha": "2023-12-25", "municipio": "VILLAMARIA", "departamento": "CALDAS", "muertos": 0.0, "heridos": 0.0, "viv_destruidas": 0.0, "viv_averiadas": 0.0}}, {"type": "Feature", "geometry": {"type": "Point", "coordinates": [-75.435440137, 4.940211591]}, "properties": {"fecha": "2023-12-25", "municipio": "VILLAMARIA", "departamento": "CALDAS", "muertos": 0.0, "heridos": 0.0, "viv_destruidas": 0.0, "viv_averiadas": 0.0}}, {"type": "Feature", "geometry": {"type": "Point", "coordinates": [-75.435440137, 4.940211591]}, "properties": {"fecha": "2023-12-26", "municipio": "VILLAMARIA", "departamento": "CALDAS", "muertos": 0.0, "heridos": 0.0, "viv_destruidas": 0.0, "viv_averiadas": 0.0}}, {"type": "Feature", "geometry": {"type": "Point", "coordinates": [-75.155929691, 4.965753461]}, "properties": {"fecha": "2023-12-26", "municipio": "VILLAHERMOSA", "departamento": "TOLIMA", "muertos": 0.0, "heridos": 0.0, "viv_destruidas": 0.0, "viv_averiadas": 0.0}}, {"type": "Feature", "geometry": {"type": "Point", "coordinates": [-75.549501744, 4.833789828]}, "properties": {"fecha": "2023-12-26", "municipio": "SANTA ROSA DE CABAL", "departamento": "RISARALDA", "muertos": 0.0, "heridos": 0.0, "viv_destruidas": 0.0, "viv_averiadas": 0.0}}, {"type": "Feature", "geometry": {"type": "Point", "coordinates": [-77.959584455, 0.944223274]}, "properties": {"fecha": "2023-12-28", "municipio": "CUMBAL", "departamento": "NARIÑO", "muertos": 0.0, "heridos": 0.0, "viv_destruidas": 0.0, "viv_averiadas": 0.0}}, {"type": "Feature", "geometry": {"type": "Point", "coordinates": [-73.714416844, 4.353769888]}, "properties": {"fecha": "2008-05-25", "municipio": "EL CALVARIO", "departamento": "META", "muertos": 0.0, "heridos": 0.0, "viv_destruidas": 0.0, "viv_averiadas": 100.0}}, {"type": "Feature", "geometry": {"type": "Point", "coordinates": [-73.714416844, 4.353769888]}, "properties": {"fecha": "2021-12-09", "municipio": "EL CALVARIO", "departamento": "META", "muertos": 0.0, "heridos": 0.0, "viv_destruidas": 0.0, "viv_averiadas": 66.0}}, {"type": "Feature", "geometry": {"type": "Point", "coordinates": [-73.761154704, 3.441051399]}, "properties": {"fecha": "1995-01-20", "municipio": "GRANADA", "departamento": "META", "muertos": 0.0, "heridos": 0.0, "viv_destruidas": 0.0, "viv_averiadas": 0.0}}, {"type": "Feature", "geometry": {"type": "Point", "coordinates": [-74.124548242, 3.154771201]}, "properties": {"fecha": "2019-12-25", "municipio": "MESETAS", "departamento": "META", "muertos": 0.0, "heridos": 0.0, "viv_destruidas": 0.0, "viv_averiadas": 0.0}}, {"type": "Feature", "geometry": {"type": "Point", "coordinates": [-73.660413554, 4.471346322]}, "properties": {"fecha": "2008-05-25", "municipio": "SAN JUANITO", "departamento": "META", "muertos": 0.0, "heridos": 0.0, "viv_destruidas": 9.0, "viv_averiadas": 90.0}}, {"type": "Feature", "geometry": {"type": "Point", "coordinates": [-73.660413554, 4.471346322]}, "properties": {"fecha": "2009-03-04", "municipio": "SAN JUANITO", "departamento": "META", "muertos": 0.0, "heridos": 0.0, "viv_destruidas": 0.0, "viv_averiadas": 0.0}}, {"type": "Feature", "geometry": {"type": "Point", "coordinates": [-77.206100743, 1.083605497]}, "properties": {"fecha": "1935-08-05", "municipio": "PASTO", "departamento": "NARIÑO", "muertos": 0.0, "heridos": 0.0, "viv_destruidas": 0.0, "viv_averiadas": 0.0}}, {"type": "Feature", "geometry": {"type": "Point", "coordinates": [-77.206100743, 1.083605497]}, "properties": {"fecha": "1935-10-29", "municipio": "PASTO", "departamento": "NARIÑO", "muertos": 17.0, "heridos": 0.0, "viv_destruidas": 1.0, "viv_averiadas": 0.0}}, {"type": "Feature", "geometry": {"type": "Point", "coordinates": [-77.206100743, 1.083605497]}, "properties": {"fecha": "1947-07-05", "municipio": "PASTO", "departamento": "NARIÑO", "muertos": 0.0, "heridos": 0.0, "viv_destruidas": 10.0, "viv_averiadas": 0.0}}, {"type": "Feature", "geometry": {"type": "Point", "coordinates": [-77.206100743, 1.083605497]}, "properties": {"fecha": "1949-09-10", "municipio": "PASTO", "departamento": "NARIÑO", "muertos": 0.0, "heridos": 0.0, "viv_destruidas": 1.0, "viv_averiadas": 0.0}}, {"type": "Feature", "geometry": {"type": "Point", "coordinates": [-77.206100743, 1.083605497]}, "properties": {"fecha": "1953-12-24", "municipio": "PASTO", "departamento": "NARIÑO", "muertos": 0.0, "heridos": 0.0, "viv_destruidas": 0.0, "viv_averiadas": 0.0}}, {"type": "Feature", "geometry": {"type": "Point", "coordinates": [-77.206100743, 1.083605497]}, "properties": {"fecha": "1978-06-30", "municipio": "PASTO", "departamento": "NARIÑO", "muertos": 0.0, "heridos": 0.0, "viv_destruidas": 0.0, "viv_averiadas": 0.0}}, {"type": "Feature", "geometry": {"type": "Point", "coordinates": [-77.206100743, 1.083605497]}, "properties": {"fecha": "1979-12-13", "municipio": "PASTO", "departamento": "NARIÑO", "muertos": 0.0, "heridos": 0.0, "viv_destruidas": 4.0, "viv_averiadas": 0.0}}, {"type": "Feature", "geometry": {"type": "Point", "coordinates": [-77.206100743, 1.083605497]}, "properties": {"fecha": "1987-03-07", "municipio": "PASTO", "departamento": "NARIÑO", "muertos": 0.0, "heridos": 0.0, "viv_destruidas": 0.0, "viv_averiadas": 0.0}}, {"type": "Feature", "geometry": {"type": "Point", "coordinates": [-77.206100743, 1.083605497]}, "properties": {"fecha": "1995-03-05", "municipio": "PASTO", "departamento": "NARIÑO", "muertos": 6.0, "heridos": 1.0, "viv_destruidas": 108.0, "viv_averiadas": 343.0}}, {"type": "Feature", "geometry": {"type": "Point", "coordinates": [-77.206100743, 1.083605497]}, "properties": {"fecha": "2013-02-10", "municipio": "PASTO", "departamento": "NARIÑO", "muertos": 0.0, "heridos": 0.0, "viv_destruidas": 1.0, "viv_averiadas": 18.0}}, {"type": "Feature", "geometry": {"type": "Point", "coordinates": [-77.206100743, 1.083605497]}, "properties": {"fecha": "2018-06-13", "municipio": "PASTO", "departamento": "NARIÑO", "muertos": 2.0, "heridos": 7.0, "viv_destruidas": 1.0, "viv_averiadas": 115.0}}, {"type": "Feature", "geometry": {"type": "Point", "coordinates": [-77.068809472, 1.469854084]}, "properties": {"fecha": "1936-01-16", "municipio": "ALBAN", "departamento": "NARIÑO", "muertos": 0.0, "heridos": 0.0, "viv_destruidas": 10.0, "viv_averiadas": 0.0}}, {"type": "Feature", "geometry": {"type": "Point", "coordinates": [-77.695387307, 0.913431916]}, "properties": {"fecha": "1936-07-07", "municipio": "ALDANA", "departamento": "NARIÑO", "muertos": 1.0, "heridos": 0.0, "viv_destruidas": 1.0, "viv_averiadas": 0.0}}, {"type": "Feature", "geometry": {"type": "Point", "coordinates": [-76.029630488, 4.795927292]}, "properties": {"fecha": "2024-01-20", "municipio": "ANSERMANUEVO", "departamento": "VALLE DEL CAUCA", "muertos": 0.0, "heridos": 1.0, "viv_destruidas": 0.0, "viv_averiadas": 0.0}}, {"type": "Feature", "geometry": {"type": "Point", "coordinates": [-77.53115777, 1.245254077]}, "properties": {"fecha": "1936-07-08", "municipio": "ANCUYA", "departamento": "NARIÑO", "muertos": 0.0, "heridos": 0.0, "viv_destruidas": 1.0, "viv_averiadas": 0.0}}, {"type": "Feature", "geometry": {"type": "Point", "coordinates": [-77.53115777, 1.245254077]}, "properties": {"fecha": "1979-12-13", "municipio": "ANCUYA", "departamento": "NARIÑO", "muertos": 0.0, "heridos": 0.0, "viv_destruidas": 0.0, "viv_averiadas": 0.0}}, {"type": "Feature", "geometry": {"type": "Point", "coordinates": [-76.066010008, 4.917562873]}, "properties": {"fecha": "2024-01-20", "municipio": "EL AGUILA", "departamento": "VALLE DEL CAUCA", "muertos": 1.0, "heridos": 0.0, "viv_destruidas": 0.0, "viv_averiadas": 103.0}}, {"type": "Feature", "geometry": {"type": "Point", "coordinates": [-76.141649985, 4.704287864]}, "properties": {"fecha": "2024-01-20", "municipio": "ARGELIA", "departamento": "VALLE DEL CAUCA", "muertos": 0.0, "heridos": 0.0, "viv_destruidas": 0.0, "viv_averiadas": 1.0}}, {"type": "Feature", "geometry": {"type": "Point", "coordinates": [-76.349820385, 4.393118861]}, "properties": {"fecha": "2024-01-20", "municipio": "BOLIVAR", "departamento": "VALLE DEL CAUCA", "muertos": 0.0, "heridos": 0.0, "viv_destruidas": 0.0, "viv_averiadas": 1.0}}, {"type": "Feature", "geometry": {"type": "Point", "coordinates": [-76.103289827, 4.537937391]}, "properties": {"fecha": "2024-01-20", "municipio": "LA UNION", "departamento": "VALLE DEL CAUCA", "muertos": 0.0, "heridos": 0.0, "viv_destruidas": 0.0, "viv_averiadas": 1.0}}, {"type": "Feature", "geometry": {"type": "Point", "coordinates": [-75.917908459, 4.70684716]}, "properties": {"fecha": "2024-01-20", "municipio": "CARTAGO", "departamento": "VALLE DEL CAUCA", "muertos": 0.0, "heridos": 0.0, "viv_destruidas": 0.0, "viv_averiadas": 0.0}}, {"type": "Feature", "geometry": {"type": "Point", "coordinates": [-76.050653363, 4.35359875]}, "properties": {"fecha": "2024-01-20", "municipio": "ZARZAL", "departamento": "VALLE DEL CAUCA", "muertos": 0.0, "heridos": 0.0, "viv_destruidas": 0.0, "viv_averiadas": 0.0}}, {"type": "Feature", "geometry": {"type": "Point", "coordinates": [-75.50727881, 5.08343301]}, "properties": {"fecha": "2024-01-20", "municipio": "MANIZALES", "departamento": "CALDAS", "muertos": 0.0, "heridos": 0.0, "viv_destruidas": 0.0, "viv_averiadas": 3.0}}, {"type": "Feature", "geometry": {"type": "Point", "coordinates": [-75.852081623, 4.904704187]}, "properties": {"fecha": "2024-01-20", "municipio": "LA VIRGINIA", "departamento": "RISARALDA", "muertos": 0.0, "heridos": 0.0, "viv_destruidas": 0.0, "viv_averiadas": 7.0}}, {"type": "Feature", "geometry": {"type": "Point", "coordinates": [-75.953538705, 5.139635357]}, "properties": {"fecha": "2024-01-20", "municipio": "APIA", "departamento": "RISARALDA", "muertos": 0.0, "heridos": 0.0, "viv_destruidas": 0.0, "viv_averiadas": 14.0}}, {"type": "Feature", "geometry": {"type": "Point", "coordinates": [-75.942753858, 4.918349676]}, "properties": {"fecha": "2024-01-20", "municipio": "BALBOA", "departamento": "RISARALDA", "muertos": 0.0, "heridos": 0.0, "viv_destruidas": 0.0, "viv_averiadas": 16.0}}, {"type": "Feature", "geometry": {"type": "Point", "coordinates": [-75.867938933, 5.200398696]}, "properties": {"fecha": "2024-01-20", "municipio": "BELEN DE UMBRIA", "departamento": "RISARALDA", "muertos": 0.0, "heridos": 0.0, "viv_destruidas": 0.0, "viv_averiadas": 15.0}}, {"type": "Feature", "geometry": {"type": "Point", "coordinates": [-77.129850006, 1.480051172]}, "properties": {"fecha": "2013-02-10", "municipio": "ARBOLEDA", "departamento": "NARIÑO", "muertos": 0.0, "heridos": 0.0, "viv_destruidas": 0.0, "viv_averiadas": 8.0}}, {"type": "Feature", "geometry": {"type": "Point", "coordinates": [-76.008226782, 4.988127679]}, "properties": {"fecha": "2024-01-20", "municipio": "LA CELIA", "departamento": "RISARALDA", "muertos": 0.0, "heridos": 0.0, "viv_destruidas": 0.0, "viv_averiadas": 16.0}}, {"type": "Feature", "geometry": {"type": "Point", "coordinates": [-75.795790934, 4.803662773]}, "properties": {"fecha": "2024-01-20", "municipio": "PEREIRA", "departamento": "RISARALDA", "muertos": 0.0, "heridos": 0.0, "viv_destruidas": 0.0, "viv_averiadas": 19.0}}, {"type": "Feature", "geometry": {"type": "Point", "coordinates": [-75.549501744, 4.833789828]}, "properties": {"fecha": "2024-01-20", "municipio": "SANTA ROSA DE CABAL", "departamento": "RISARALDA", "muertos": 0.0, "heridos": 0.0, "viv_destruidas": 0.0, "viv_averiadas": 9.0}}, {"type": "Feature", "geometry": {"type": "Point", "coordinates": [-75.669936549, 4.842021144]}, "properties": {"fecha": "2024-01-20", "municipio": "DOSQUEBRADAS", "departamento": "RISARALDA", "muertos": 0.0, "heridos": 0.0, "viv_destruidas": 0.0, "viv_averiadas": 15.0}}, {"type": "Feature", "geometry": {"type": "Point", "coordinates": [-78.156210724, 1.44563774]}, "properties": {"fecha": "1936-07-16", "municipio": "BARBACOAS", "departamento": "NARIÑO", "muertos": 0.0, "heridos": 0.0, "viv_destruidas": 1.0, "viv_averiadas": 0.0}}, {"type": "Feature", "geometry": {"type": "Point", "coordinates": [-75.724899852, 4.499501128]}, "properties": {"fecha": "2024-01-20", "municipio": "ARMENIA", "departamento": "QUINDIO", "muertos": 0.0, "heridos": 0.0, "viv_destruidas": 0.0, "viv_averiadas": 12.0}}, {"type": "Feature", "geometry": {"type": "Point", "coordinates": [-75.666884494, 4.604845344]}, "properties": {"fecha": "2024-01-20", "municipio": "CIRCASIA", "departamento": "QUINDIO", "muertos": 0.0, "heridos": 0.0, "viv_destruidas": 0.0, "viv_averiadas": 2.0}}, {"type": "Feature", "geometry": {"type": "Point", "coordinates": [-75.818065942, 4.521890945]}, "properties": {"fecha": "2024-01-20", "municipio": "MONTENEGRO", "departamento": "QUINDIO", "muertos": 0.0, "heridos": 0.0, "viv_destruidas": 0.0, "viv_averiadas": 1.0}}, {"type": "Feature", "geometry": {"type": "Point", "coordinates": [-75.530921122, 4.611314654]}, "properties": {"fecha": "2024-01-20", "municipio": "SALENTO", "departamento": "QUINDIO", "muertos": 0.0, "heridos": 0.0, "viv_destruidas": 0.0, "viv_averiadas": 0.0}}, {"type": "Feature", "geometry": {"type": "Point", "coordinates": [-75.760566947, 4.180107773]}, "properties": {"fecha": "2024-01-20", "municipio": "GENOVA", "departamento": "QUINDIO", "muertos": 0.0, "heridos": 0.0, "viv_destruidas": 0.0, "viv_averiadas": 1.0}}, {"type": "Feature", "geometry": {"type": "Point", "coordinates": [-75.435440137, 4.940211591]}, "properties": {"fecha": "2024-01-20", "municipio": "VILLAMARIA", "departamento": "CALDAS", "muertos": 0.0, "heridos": 0.0, "viv_destruidas": 0.0, "viv_averiadas": 1.0}}, {"type": "Feature", "geometry": {"type": "Point", "coordinates": [-75.506929774, 5.183358589]}, "properties": {"fecha": "2024-01-20", "municipio": "NEIRA", "departamento": "CALDAS", "muertos": 0.0, "heridos": 0.0, "viv_destruidas": 0.0, "viv_averiadas": 1.0}}, {"type": "Feature", "geometry": {"type": "Point", "coordinates": [-77.019993659, 1.593645287]}, "properties": {"fecha": "2013-02-10", "municipio": "BELEN", "departamento": "NARIÑO", "muertos": 0.0, "heridos": 0.0, "viv_destruidas": 1.0, "viv_averiadas": 5.0}}, {"type": "Feature", "geometry": {"type": "Point", "coordinates": [-75.589866342, 3.743693084]}, "properties": {"fecha": "2024-01-20", "municipio": "CHAPARRAL", "departamento": "TOLIMA", "muertos": 0.0, "heridos": 0.0, "viv_destruidas": 0.0, "viv_averiadas": 3.0}}, {"type": "Feature", "geometry": {"type": "Point", "coordinates": [-77.116366395, 1.315215636]}, "properties": {"fecha": "1936-01-16", "municipio": "BUESACO", "departamento": "NARIÑO", "muertos": 0.0, "heridos": 0.0, "viv_destruidas": 1.0, "viv_averiadas": 0.0}}, {"type": "Feature", "geometry": {"type": "Point", "coordinates": [-77.116366395, 1.315215636]}, "properties": {"fecha": "1995-03-05", "municipio": "BUESACO", "departamento": "NARIÑO", "muertos": 0.0, "heridos": 0.0, "viv_destruidas": 0.0, "viv_averiadas": 12.0}}, {"type": "Feature", "geometry": {"type": "Point", "coordinates": [-75.659546861, 4.974340569]}, "properties": {"fecha": "2024-01-20", "municipio": "CHINCHINA", "departamento": "CALDAS", "muertos": 0.0, "heridos": 0.0, "viv_destruidas": 0.0, "viv_averiadas": 14.0}}, {"type": "Feature", "geometry": {"type": "Point", "coordinates": [-75.753213896, 4.942936185]}, "properties": {"fecha": "2024-01-20", "municipio": "MARSELLA", "departamento": "RISARALDA", "muertos": 0.0, "heridos": 0.0, "viv_destruidas": 0.0, "viv_averiadas": 1.0}}, {"type": "Feature", "geometry": {"type": "Point", "coordinates": [-76.02286946, 5.076100313]}, "properties": {"fecha": "2024-01-20", "municipio": "SANTUARIO", "departamento": "RISARALDA", "muertos": 0.0, "heridos": 0.0, "viv_destruidas": 0.0, "viv_averiadas": 2.0}}, {"type": "Feature", "geometry": {"type": "Point", "coordinates": [-75.804366589, 5.320295966]}, "properties": {"fecha": "2024-01-20", "municipio": "GUATICA", "departamento": "RISARALDA", "muertos": 0.0, "heridos": 0.0, "viv_destruidas": 0.0, "viv_averiadas": 0.0}}, {"type": "Feature", "geometry": {"type": "Point", "coordinates": [-77.368059034, 0.78274688]}, "properties": {"fecha": "1987-03-07", "municipio": "CORDOBA", "departamento": "NARIÑO", "muertos": 0.0, "heridos": 0.0, "viv_destruidas": 0.0, "viv_averiadas": 0.0}}, {"type": "Feature", "geometry": {"type": "Point", "coordinates": [-77.735916005, 0.875426999]}, "properties": {"fecha": "1987-03-07", "municipio": "CUASPUD CARLOSAMA", "departamento": "NARIÑO", "muertos": 0.0, "heridos": 0.0, "viv_destruidas": 0.0, "viv_averiadas": 0.0}}, {"type": "Feature", "geometry": {"type": "Point", "coordinates": [-77.735916005, 0.875426999]}, "properties": {"fecha": "2013-02-10", "municipio": "CUASPUD CARLOSAMA", "departamento": "NARIÑO", "muertos": 0.0, "heridos": 0.0, "viv_destruidas": 0.0, "viv_averiadas": 10.0}}, {"type": "Feature", "geometry": {"type": "Point", "coordinates": [-77.959584455, 0.944223274]}, "properties": {"fecha": "1979-12-13", "municipio": "CUMBAL", "departamento": "NARIÑO", "muertos": 0.0, "heridos": 0.0, "viv_destruidas": 120.0, "viv_averiadas": 18.0}}, {"type": "Feature", "geometry": {"type": "Point", "coordinates": [-77.959584455, 0.944223274]}, "properties": {"fecha": "2013-02-10", "municipio": "CUMBAL", "departamento": "NARIÑO", "muertos": 0.0, "heridos": 0.0, "viv_destruidas": 0.0, "viv_averiadas": 10.0}}, {"type": "Feature", "geometry": {"type": "Point", "coordinates": [-77.959584455, 0.944223274]}, "properties": {"fecha": "2014-10-21", "municipio": "CUMBAL", "departamento": "NARIÑO", "muertos": 0.0, "heridos": 0.0, "viv_destruidas": 0.0, "viv_averiadas": 280.0}}, {"type": "Feature", "geometry": {"type": "Point", "coordinates": [-77.592816372, 1.72559011]}, "properties": {"fecha": "1936-07-09", "municipio": "CUMBITARA", "departamento": "NARIÑO", "muertos": 1.0, "heridos": 1.0, "viv_destruidas": 1.0, "viv_averiadas": 0.0}}, {"type": "Feature", "geometry": {"type": "Point", "coordinates": [-77.592816372, 1.72559011]}, "properties": {"fecha": "2013-02-10", "municipio": "CUMBITARA", "departamento": "NARIÑO", "muertos": 0.0, "heridos": 0.0, "viv_destruidas": 0.0, "viv_averiadas": 2.0}}, {"type": "Feature", "geometry": {"type": "Point", "coordinates": [-77.995332339, 2.216382295]}, "properties": {"fecha": "2007-09-10", "municipio": "EL CHARCO", "departamento": "NARIÑO", "muertos": 0.0, "heridos": 2.0, "viv_destruidas": 99.0, "viv_averiadas": 904.0}}, {"type": "Feature", "geometry": {"type": "Point", "coordinates": [-77.995332339, 2.216382295]}, "properties": {"fecha": "2007-11-10", "municipio": "EL CHARCO", "departamento": "NARIÑO", "muertos": 0.0, "heridos": 0.0, "viv_destruidas": 0.0, "viv_averiadas": 0.0}}, {"type": "Feature", "geometry": {"type": "Point", "coordinates": [-77.995332339, 2.216382295]}, "properties": {"fecha": "2013-02-10", "municipio": "EL CHARCO", "departamento": "NARIÑO", "muertos": 0.0, "heridos": 14.0, "viv_destruidas": 194.0, "viv_averiadas": 819.0}}, {"type": "Feature", "geometry": {"type": "Point", "coordinates": [-77.430509342, 1.512283967]}, "properties": {"fecha": "2013-02-10", "municipio": "EL PEÑOL", "departamento": "NARIÑO", "muertos": 0.0, "heridos": 0.0, "viv_destruidas": 0.0, "viv_averiadas": 12.0}}, {"type": "Feature", "geometry": {"type": "Point", "coordinates": [-77.383115973, 1.43026376]}, "properties": {"fecha": "1936-01-16", "municipio": "EL TAMBO", "departamento": "NARIÑO", "muertos": 0.0, "heridos": 0.0, "viv_destruidas": 1.0, "viv_averiadas": 0.0}}, {"type": "Feature", "geometry": {"type": "Point", "coordinates": [-77.383115973, 1.43026376]}, "properties": {"fecha": "1936-07-16", "municipio": "EL TAMBO", "departamento": "NARIÑO", "muertos": 0.0, "heridos": 0.0, "viv_destruidas": 1.0, "viv_averiadas": 0.0}}, {"type": "Feature", "geometry": {"type": "Point", "coordinates": [-77.383115973, 1.43026376]}, "properties": {"fecha": "2013-02-10", "municipio": "EL TAMBO", "departamento": "NARIÑO", "muertos": 0.0, "heridos": 0.0, "viv_destruidas": 0.0, "viv_averiadas": 8.0}}, {"type": "Feature", "geometry": {"type": "Point", "coordinates": [-77.395327805, 0.957786429]}, "properties": {"fecha": "1936-07-16", "municipio": "FUNES", "departamento": "NARIÑO", "muertos": 0.0, "heridos": 0.0, "viv_destruidas": 1.0, "viv_averiadas": 0.0}}, {"type": "Feature", "geometry": {"type": "Point", "coordinates": [-77.395327805, 0.957786429]}, "properties": {"fecha": "2013-02-10", "municipio": "FUNES", "departamento": "NARIÑO", "muertos": 0.0, "heridos": 0.0, "viv_destruidas": 0.0, "viv_averiadas": 21.0}}, {"type": "Feature", "geometry": {"type": "Point", "coordinates": [-77.737589414, 0.975037904]}, "properties": {"fecha": "1936-07-07", "municipio": "GUACHUCAL", "departamento": "NARIÑO", "muertos": 1.0, "heridos": 0.0, "viv_destruidas": 1.0, "viv_averiadas": 0.0}}, {"type": "Feature", "geometry": {"type": "Point", "coordinates": [-77.737589414, 0.975037904]}, "properties": {"fecha": "1979-12-13", "municipio": "GUACHUCAL", "departamento": "NARIÑO", "muertos": 3.0, "heridos": 6.0, "viv_destruidas": 0.0, "viv_averiadas": 150.0}}, {"type": "Feature", "geometry": {"type": "Point", "coordinates": [-77.737589414, 0.975037904]}, "properties": {"fecha": "2013-02-10", "municipio": "GUACHUCAL", "departamento": "NARIÑO", "muertos": 0.0, "heridos": 0.0, "viv_destruidas": 0.0, "viv_averiadas": 5.0}}, {"type": "Feature", "geometry": {"type": "Point", "coordinates": [-77.530113362, 1.151366658]}, "properties": {"fecha": "1953-12-24", "municipio": "GUAITARILLA", "departamento": "NARIÑO", "muertos": 0.0, "heridos": 0.0, "viv_destruidas": 0.0, "viv_averiadas": 0.0}}, {"type": "Feature", "geometry": {"type": "Point", "coordinates": [-77.530113362, 1.151366658]}, "properties": {"fecha": "2013-02-10", "municipio": "GUAITARILLA", "departamento": "NARIÑO", "muertos": 0.0, "heridos": 0.0, "viv_destruidas": 5.0, "viv_averiadas": 3.0}}, {"type": "Feature", "geometry": {"type": "Point", "coordinates": [-77.582618827, 0.928642623]}, "properties": {"fecha": "1987-03-07", "municipio": "GUALMATAN", "departamento": "NARIÑO", "muertos": 0.0, "heridos": 0.0, "viv_destruidas": 0.0, "viv_averiadas": 0.0}}, {"type": "Feature", "geometry": {"type": "Point", "coordinates": [-77.518657295, 0.980534037]}, "properties": {"fecha": "1936-07-16", "municipio": "ILES", "departamento": "NARIÑO", "muertos": 0.0, "heridos": 0.0, "viv_destruidas": 1.0, "viv_averiadas": 0.0}}, {"type": "Feature", "geometry": {"type": "Point", "coordinates": [-77.501508644, 1.07287697]}, "properties": {"fecha": "1936-01-16", "municipio": "IMUES", "departamento": "NARIÑO", "muertos": 9.0, "heridos": 0.0, "viv_destruidas": 1.0, "viv_averiadas": 0.0}}, {"type": "Feature", "geometry": {"type": "Point", "coordinates": [-77.501508644, 1.07287697]}, "properties": {"fecha": "1953-12-24", "municipio": "IMUES", "departamento": "NARIÑO", "muertos": 0.0, "heridos": 0.0, "viv_destruidas": 0.0, "viv_averiadas": 0.0}}, {"type": "Feature", "geometry": {"type": "Point", "coordinates": [-77.501508644, 1.07287697]}, "properties": {"fecha": "2013-02-10", "municipio": "IMUES", "departamento": "NARIÑO", "muertos": 0.0, "heridos": 0.0, "viv_destruidas": 5.0, "viv_averiadas": 5.0}}, {"type": "Feature", "geometry": {"type": "Point", "coordinates": [-77.240476252, 0.497708465]}, "properties": {"fecha": "1924-01-06", "municipio": "IPIALES", "departamento": "NARIÑO", "muertos": 0.0, "heridos": 0.0, "viv_destruidas": 1.0, "viv_averiadas": 0.0}}, {"type": "Feature", "geometry": {"type": "Point", "coordinates": [-77.240476252, 0.497708465]}, "properties": {"fecha": "1979-12-13", "municipio": "IPIALES", "departamento": "NARIÑO", "muertos": 3.0, "heridos": 0.0, "viv_destruidas": 0.0, "viv_averiadas": 0.0}}, {"type": "Feature", "geometry": {"type": "Point", "coordinates": [-77.240476252, 0.497708465]}, "properties": {"fecha": "1987-03-07", "municipio": "IPIALES", "departamento": "NARIÑO", "muertos": 0.0, "heridos": 0.0, "viv_destruidas": 2.0, "viv_averiadas": 0.0}}, {"type": "Feature", "geometry": {"type": "Point", "coordinates": [-76.923352621, 1.584175998]}, "properties": {"fecha": "2013-02-10", "municipio": "LA CRUZ", "departamento": "NARIÑO", "muertos": 0.0, "heridos": 0.0, "viv_destruidas": 0.0, "viv_averiadas": 3.0}}, {"type": "Feature", "geometry": {"type": "Point", "coordinates": [-77.422930412, 1.338034371]}, "properties": {"fecha": "1936-07-08", "municipio": "LA FLORIDA", "departamento": "NARIÑO", "muertos": 0.0, "heridos": 0.0, "viv_destruidas": 1.0, "viv_averiadas": 0.0}}, {"type": "Feature", "geometry": {"type": "Point", "coordinates": [-77.422930412, 1.338034371]}, "properties": {"fecha": "1936-07-16", "municipio": "LA FLORIDA", "departamento": "NARIÑO", "muertos": 0.0, "heridos": 0.0, "viv_destruidas": 1.0, "viv_averiadas": 0.0}}, {"type": "Feature", "geometry": {"type": "Point", "coordinates": [-77.422930412, 1.338034371]}, "properties": {"fecha": "1995-03-05", "municipio": "LA FLORIDA", "departamento": "NARIÑO", "muertos": 0.0, "heridos": 0.0, "viv_destruidas": 0.0, "viv_averiadas": 340.0}}, {"type": "Feature", "geometry": {"type": "Point", "coordinates": [-78.235066941, 2.56027333]}, "properties": {"fecha": "2007-09-10", "municipio": "LA TOLA", "departamento": "NARIÑO", "muertos": 0.0, "heridos": 1.0, "viv_destruidas": 86.0, "viv_averiadas": 0.0}}, {"type": "Feature", "geometry": {"type": "Point", "coordinates": [-77.520937738, 1.395173084]}, "properties": {"fecha": "1936-07-08", "municipio": "LINARES", "departamento": "NARIÑO", "muertos": 0.0, "heridos": 0.0, "viv_destruidas": 1.0, "viv_averiadas": 0.0}}, {"type": "Feature", "geometry": {"type": "Point", "coordinates": [-77.520937738, 1.395173084]}, "properties": {"fecha": "1979-12-13", "municipio": "LINARES", "departamento": "NARIÑO", "muertos": 0.0, "heridos": 0.0, "viv_destruidas": 15.0, "viv_averiadas": 60.0}}, {"type": "Feature", "geometry": {"type": "Point", "coordinates": [-77.710544487, 1.672601269]}, "properties": {"fecha": "1936-07-09", "municipio": "LOS ANDES", "departamento": "NARIÑO", "muertos": 1.0, "heridos": 1.0, "viv_destruidas": 1.0, "viv_averiadas": 0.0}}, {"type": "Feature", "geometry": {"type": "Point", "coordinates": [-77.710544487, 1.672601269]}, "properties": {"fecha": "1979-12-13", "municipio": "LOS ANDES", "departamento": "NARIÑO", "muertos": 4.0, "heridos": 0.0, "viv_destruidas": 0.0, "viv_averiadas": 190.0}}, {"type": "Feature", "geometry": {"type": "Point", "coordinates": [-77.710544487, 1.672601269]}, "properties": {"fecha": "2013-02-10", "municipio": "LOS ANDES", "departamento": "NARIÑO", "muertos": 0.0, "heridos": 0.0, "viv_destruidas": 0.0, "viv_averiadas": 15.0}}, {"type": "Feature", "geometry": {"type": "Point", "coordinates": [-78.438827004, 2.442493698]}, "properties": {"fecha": "2007-09-10", "municipio": "MOSQUERA", "departamento": "NARIÑO", "muertos": 0.0, "heridos": 2.0, "viv_destruidas": 60.0, "viv_averiadas": 680.0}}, {"type": "Feature", "geometry": {"type": "Point", "coordinates": [-77.352203665, 1.286775273]}, "properties": {"fecha": "2013-02-10", "municipio": "NARIÑO", "departamento": "NARIÑO", "muertos": 0.0, "heridos": 0.0, "viv_destruidas": 0.0, "viv_averiadas": 2.0}}, {"type": "Feature", "geometry": {"type": "Point", "coordinates": [-77.352203665, 1.286775273]}, "properties": {"fecha": "2020-12-09", "municipio": "NARIÑO", "departamento": "NARIÑO", "muertos": 0.0, "heridos": 0.0, "viv_destruidas": 0.0, "viv_averiadas": 0.0}}, {"type": "Feature", "geometry": {"type": "Point", "coordinates": [-78.31219024, 2.287856547]}, "properties": {"fecha": "1979-12-13", "municipio": "OLAYA HERRERA", "departamento": "NARIÑO", "muertos": 4.0, "heridos": 2.0, "viv_destruidas": 175.0, "viv_averiadas": 10.0}}, {"type": "Feature", "geometry": {"type": "Point", "coordinates": [-78.31219024, 2.287856547]}, "properties": {"fecha": "2007-09-10", "municipio": "OLAYA HERRERA", "departamento": "NARIÑO", "muertos": 0.0, "heridos": 2.0, "viv_destruidas": 16.0, "viv_averiadas": 44.0}}, {"type": "Feature", "geometry": {"type": "Point", "coordinates": [-78.31219024, 2.287856547]}, "properties": {"fecha": "2013-02-10", "municipio": "OLAYA HERRERA", "departamento": "NARIÑO", "muertos": 0.0, "heridos": 17.0, "viv_destruidas": 0.0, "viv_averiadas": 0.0}}, {"type": "Feature", "geometry": {"type": "Point", "coordinates": [-77.552349435, 1.029815854]}, "properties": {"fecha": "1936-01-16", "municipio": "OSPINA", "departamento": "NARIÑO", "muertos": 1.0, "heridos": 0.0, "viv_destruidas": 1.0, "viv_averiadas": 0.0}}, {"type": "Feature", "geometry": {"type": "Point", "coordinates": [-77.552349435, 1.029815854]}, "properties": {"fecha": "1979-12-13", "municipio": "OSPINA", "departamento": "NARIÑO", "muertos": 0.0, "heridos": 10.0, "viv_destruidas": 15.0, "viv_averiadas": 60.0}}, {"type": "Feature", "geometry": {"type": "Point", "coordinates": [-77.552349435, 1.029815854]}, "properties": {"fecha": "2013-02-10", "municipio": "OSPINA", "departamento": "NARIÑO", "muertos": 0.0, "heridos": 0.0, "viv_destruidas": 0.0, "viv_averiadas": 30.0}}, {"type": "Feature", "geometry": {"type": "Point", "coordinates": [-77.350325234, 0.854351651]}, "properties": {"fecha": "1936-07-07", "municipio": "PUERRES", "departamento": "NARIÑO", "muertos": 1.0, "heridos": 0.0, "viv_destruidas": 1.0, "viv_averiadas": 0.0}}, {"type": "Feature", "geometry": {"type": "Point", "coordinates": [-77.633369537, 0.916769831]}, "properties": {"fecha": "1987-03-07", "municipio": "PUPIALES", "departamento": "NARIÑO", "muertos": 0.0, "heridos": 0.0, "viv_destruidas": 0.0, "viv_averiadas": 0.0}}, {"type": "Feature", "geometry": {"type": "Point", "coordinates": [-78.05811118, 1.147671848]}, "properties": {"fecha": "1936-07-16", "municipio": "RICAURTE", "departamento": "NARIÑO", "muertos": 0.0, "heridos": 0.0, "viv_destruidas": 1.0, "viv_averiadas": 0.0}}, {"type": "Feature", "geometry": {"type": "Point", "coordinates": [-78.3811163, 1.897581156]}, "properties": {"fecha": "2013-02-10", "municipio": "ROBERTO PAYAN", "departamento": "NARIÑO", "muertos": 0.0, "heridos": 0.0, "viv_destruidas": 0.0, "viv_averiadas": 5.0}}, {"type": "Feature", "geometry": {"type": "Point", "coordinates": [-77.691795591, 1.430555262]}, "properties": {"fecha": "1936-07-08", "municipio": "SAMANIEGO", "departamento": "NARIÑO", "muertos": 0.0, "heridos": 0.0, "viv_destruidas": 1.0, "viv_averiadas": 0.0}}, {"type": "Feature", "geometry": {"type": "Point", "coordinates": [-77.691795591, 1.430555262]}, "properties": {"fecha": "2013-02-10", "municipio": "SAMANIEGO", "departamento": "NARIÑO", "muertos": 0.0, "heridos": 0.0, "viv_destruidas": 1.0, "viv_averiadas": 6.0}}, {"type": "Feature", "geometry": {"type": "Point", "coordinates": [-77.456700683, 1.288105409]}, "properties": {"fecha": "1936-01-16", "municipio": "SANDONA", "departamento": "NARIÑO", "muertos": 0.0, "heridos": 0.0, "viv_destruidas": 1.0, "viv_averiadas": 0.0}}, {"type": "Feature", "geometry": {"type": "Point", "coordinates": [-77.456700683, 1.288105409]}, "properties": {"fecha": "1936-07-16", "municipio": "SANDONA", "departamento": "NARIÑO", "muertos": 0.0, "heridos": 0.0, "viv_destruidas": 1.0, "viv_averiadas": 0.0}}, {"type": "Feature", "geometry": {"type": "Point", "coordinates": [-77.456700683, 1.288105409]}, "properties": {"fecha": "1979-12-13", "municipio": "SANDONA", "departamento": "NARIÑO", "muertos": 0.0, "heridos": 0.0, "viv_destruidas": 3.0, "viv_averiadas": 0.0}}, {"type": "Feature", "geometry": {"type": "Point", "coordinates": [-76.975279793, 1.681576627]}, "properties": {"fecha": "1936-07-08", "municipio": "SAN PABLO", "departamento": "NARIÑO", "muertos": 0.0, "heridos": 0.0, "viv_destruidas": 1.0, "viv_averiadas": 0.0}}, {"type": "Feature", "geometry": {"type": "Point", "coordinates": [-77.101403249, 1.536823494]}, "properties": {"fecha": "2013-02-10", "municipio": "SAN PEDRO DE CARTAGO", "departamento": "NARIÑO", "muertos": 0.0, "heridos": 0.0, "viv_destruidas": 0.0, "viv_averiadas": 1.0}}, {"type": "Feature", "geometry": {"type": "Point", "coordinates": [-77.982564611, 2.494420411]}, "properties": {"fecha": "1979-12-13", "municipio": "SANTA BARBARA", "departamento": "NARIÑO", "muertos": 5.0, "heridos": 0.0, "viv_destruidas": 1.0, "viv_averiadas": 40.0}}, {"type": "Feature", "geometry": {"type": "Point", "coordinates": [-77.982564611, 2.494420411]}, "properties": {"fecha": "2007-09-10", "municipio": "SANTA BARBARA", "departamento": "NARIÑO", "muertos": 0.0, "heridos": 0.0, "viv_destruidas": 121.0, "viv_averiadas": 108.0}}, {"type": "Feature", "geometry": {"type": "Point", "coordinates": [-77.982564611, 2.494420411]}, "properties": {"fecha": "2013-02-10", "municipio": "SANTA BARBARA", "departamento": "NARIÑO", "muertos": 0.0, "heridos": 14.0, "viv_destruidas": 230.0, "viv_averiadas": 0.0}}, {"type": "Feature", "geometry": {"type": "Point", "coordinates": [-77.71810954, 1.045287475]}, "properties": {"fecha": "1936-01-16", "municipio": "SAPUYES", "departamento": "NARIÑO", "muertos": 3.0, "heridos": 1.0, "viv_destruidas": 1.0, "viv_averiadas": 0.0}}, {"type": "Feature", "geometry": {"type": "Point", "coordinates": [-77.71810954, 1.045287475]}, "properties": {"fecha": "1936-07-08", "municipio": "SAPUYES", "departamento": "NARIÑO", "muertos": 0.0, "heridos": 0.0, "viv_destruidas": 1.0, "viv_averiadas": 0.0}}, {"type": "Feature", "geometry": {"type": "Point", "coordinates": [-77.71810954, 1.045287475]}, "properties": {"fecha": "1953-12-24", "municipio": "SAPUYES", "departamento": "NARIÑO", "muertos": 0.0, "heridos": 0.0, "viv_destruidas": 0.0, "viv_averiadas": 0.0}}, {"type": "Feature", "geometry": {"type": "Point", "coordinates": [-77.71810954, 1.045287475]}, "properties": {"fecha": "2013-02-10", "municipio": "SAPUYES", "departamento": "NARIÑO", "muertos": 0.0, "heridos": 0.0, "viv_destruidas": 1.0, "viv_averiadas": 10.0}}, {"type": "Feature", "geometry": {"type": "Point", "coordinates": [-77.325253155, 1.591661392]}, "properties": {"fecha": "1995-03-05", "municipio": "TAMINANGO", "departamento": "NARIÑO", "muertos": 0.0, "heridos": 0.0, "viv_destruidas": 0.0, "viv_averiadas": 1.0}}, {"type": "Feature", "geometry": {"type": "Point", "coordinates": [-77.350634907, 1.064078111]}, "properties": {"fecha": "1936-07-16", "municipio": "TANGUA", "departamento": "NARIÑO", "muertos": 0.0, "heridos": 0.0, "viv_destruidas": 1.0, "viv_averiadas": 0.0}}, {"type": "Feature", "geometry": {"type": "Point", "coordinates": [-77.350634907, 1.064078111]}, "properties": {"fecha": "2013-02-10", "municipio": "TANGUA", "departamento": "NARIÑO", "muertos": 0.0, "heridos": 0.0, "viv_destruidas": 3.0, "viv_averiadas": 5.0}}, {"type": "Feature", "geometry": {"type": "Point", "coordinates": [-78.615409629, 1.574550638]}, "properties": {"fecha": "1958-01-03", "municipio": "SAN ANDRES DE TUMACO", "departamento": "NARIÑO", "muertos": 0.0, "heridos": 0.0, "viv_destruidas": 1.0, "viv_averiadas": 0.0}}, {"type": "Feature", "geometry": {"type": "Point", "coordinates": [-78.615409629, 1.574550638]}, "properties": {"fecha": "1958-01-10", "municipio": "SAN ANDRES DE TUMACO", "departamento": "NARIÑO", "muertos": 0.0, "heridos": 0.0, "viv_destruidas": 0.0, "viv_averiadas": 0.0}}, {"type": "Feature", "geometry": {"type": "Point", "coordinates": [-78.615409629, 1.574550638]}, "properties": {"fecha": "1958-02-16", "municipio": "SAN ANDRES DE TUMACO", "departamento": "NARIÑO", "muertos": 0.0, "heridos": 0.0, "viv_destruidas": 5.0, "viv_averiadas": 0.0}}, {"type": "Feature", "geometry": {"type": "Point", "coordinates": [-78.615409629, 1.574550638]}, "properties": {"fecha": "1976-08-10", "municipio": "SAN ANDRES DE TUMACO", "departamento": "NARIÑO", "muertos": 0.0, "heridos": 0.0, "viv_destruidas": 0.0, "viv_averiadas": 0.0}}, {"type": "Feature", "geometry": {"type": "Point", "coordinates": [-78.615409629, 1.574550638]}, "properties": {"fecha": "2013-02-10", "municipio": "SAN ANDRES DE TUMACO", "departamento": "NARIÑO", "muertos": 0.0, "heridos": 0.0, "viv_destruidas": 1.0, "viv_averiadas": 24.0}}, {"type": "Feature", "geometry": {"type": "Point", "coordinates": [-77.63073238, 1.134440523]}, "properties": {"fecha": "1936-01-16", "municipio": "TUQUERRES", "departamento": "NARIÑO", "muertos": 0.0, "heridos": 0.0, "viv_destruidas": 1.0, "viv_averiadas": 0.0}}, {"type": "Feature", "geometry": {"type": "Point", "coordinates": [-77.63073238, 1.134440523]}, "properties": {"fecha": "1936-01-16", "municipio": "TUQUERRES", "departamento": "NARIÑO", "muertos": 500.0, "heridos": 0.0, "viv_destruidas": 20.0, "viv_averiadas": 0.0}}, {"type": "Feature", "geometry": {"type": "Point", "coordinates": [-77.63073238, 1.134440523]}, "properties": {"fecha": "1936-07-07", "municipio": "TUQUERRES", "departamento": "NARIÑO", "muertos": 2.0, "heridos": 0.0, "viv_destruidas": 2.0, "viv_averiadas": 0.0}}, {"type": "Feature", "geometry": {"type": "Point", "coordinates": [-77.63073238, 1.134440523]}, "properties": {"fecha": "1936-07-08", "municipio": "TUQUERRES", "departamento": "NARIÑO", "muertos": 1.0, "heridos": 1.0, "viv_destruidas": 1.0, "viv_averiadas": 0.0}}, {"type": "Feature", "geometry": {"type": "Point", "coordinates": [-77.63073238, 1.134440523]}, "properties": {"fecha": "1936-07-09", "municipio": "TUQUERRES", "departamento": "NARIÑO", "muertos": 0.0, "heridos": 0.0, "viv_destruidas": 10.0, "viv_averiadas": 0.0}}, {"type": "Feature", "geometry": {"type": "Point", "coordinates": [-77.63073238, 1.134440523]}, "properties": {"fecha": "1936-07-16", "municipio": "TUQUERRES", "departamento": "NARIÑO", "muertos": 0.0, "heridos": 0.0, "viv_destruidas": 1.0, "viv_averiadas": 0.0}}, {"type": "Feature", "geometry": {"type": "Point", "coordinates": [-77.63073238, 1.134440523]}, "properties": {"fecha": "1953-12-24", "municipio": "TUQUERRES", "departamento": "NARIÑO", "muertos": 0.0, "heridos": 0.0, "viv_destruidas": 0.0, "viv_averiadas": 0.0}}, {"type": "Feature", "geometry": {"type": "Point", "coordinates": [-77.63073238, 1.134440523]}, "properties": {"fecha": "2022-07-26", "municipio": "TUQUERRES", "departamento": "NARIÑO", "muertos": 0.0, "heridos": 0.0, "viv_destruidas": 6.0, "viv_averiadas": 0.0}}, {"type": "Feature", "geometry": {"type": "Point", "coordinates": [-77.424675688, 1.125547916]}, "properties": {"fecha": "1936-07-16", "municipio": "YACUANQUER", "departamento": "NARIÑO", "muertos": 0.0, "heridos": 0.0, "viv_destruidas": 1.0, "viv_averiadas": 0.0}}, {"type": "Feature", "geometry": {"type": "Point", "coordinates": [-77.424675688, 1.125547916]}, "properties": {"fecha": "1953-12-24", "municipio": "YACUANQUER", "departamento": "NARIÑO", "muertos": 0.0, "heridos": 0.0, "viv_destruidas": 0.0, "viv_averiadas": 0.0}}, {"type": "Feature", "geometry": {"type": "Point", "coordinates": [-77.424675688, 1.125547916]}, "properties": {"fecha": "2013-02-10", "municipio": "YACUANQUER", "departamento": "NARIÑO", "muertos": 0.0, "heridos": 0.0, "viv_destruidas": 1.0, "viv_averiadas": 1.0}}, {"type": "Feature", "geometry": {"type": "Point", "coordinates": [-72.488626408, 8.112041811]}, "properties": {"fecha": "1950-07-16", "municipio": "SAN JOSE DE CUCUTA", "departamento": "NORTE DE SANTANDER", "muertos": 40.0, "heridos": 50.0, "viv_destruidas": 283.0, "viv_averiadas": 0.0}}, {"type": "Feature", "geometry": {"type": "Point", "coordinates": [-72.488626408, 8.112041811]}, "properties": {"fecha": "1963-07-06", "municipio": "SAN JOSE DE CUCUTA", "departamento": "NORTE DE SANTANDER", "muertos": 0.0, "heridos": 0.0, "viv_destruidas": 10.0, "viv_averiadas": 0.0}}, {"type": "Feature", "geometry": {"type": "Point", "coordinates": [-72.488626408, 8.112041811]}, "properties": {"fecha": "1973-08-31", "municipio": "SAN JOSE DE CUCUTA", "departamento": "NORTE DE SANTANDER", "muertos": 0.0, "heridos": 0.0, "viv_destruidas": 0.0, "viv_averiadas": 0.0}}, {"type": "Feature", "geometry": {"type": "Point", "coordinates": [-72.488626408, 8.112041811]}, "properties": {"fecha": "1979-03-12", "municipio": "SAN JOSE DE CUCUTA", "departamento": "NORTE DE SANTANDER", "muertos": 0.0, "heridos": 0.0, "viv_destruidas": 0.0, "viv_averiadas": 0.0}}, {"type": "Feature", "geometry": {"type": "Point", "coordinates": [-72.488626408, 8.112041811]}, "properties": {"fecha": "1980-11-27", "municipio": "SAN JOSE DE CUCUTA", "departamento": "NORTE DE SANTANDER", "muertos": 0.0, "heridos": 30.0, "viv_destruidas": 10.0, "viv_averiadas": 0.0}}, {"type": "Feature", "geometry": {"type": "Point", "coordinates": [-72.488626408, 8.112041811]}, "properties": {"fecha": "1981-04-18", "municipio": "SAN JOSE DE CUCUTA", "departamento": "NORTE DE SANTANDER", "muertos": 3.0, "heridos": 0.0, "viv_destruidas": 0.0, "viv_averiadas": 0.0}}, {"type": "Feature", "geometry": {"type": "Point", "coordinates": [-72.488626408, 8.112041811]}, "properties": {"fecha": "1981-10-18", "municipio": "SAN JOSE DE CUCUTA", "departamento": "NORTE DE SANTANDER", "muertos": 4.0, "heridos": 43.0, "viv_destruidas": 29.0, "viv_averiadas": 42.0}}, {"type": "Feature", "geometry": {"type": "Point", "coordinates": [-72.488626408, 8.112041811]}, "properties": {"fecha": "2015-03-11", "municipio": "SAN JOSE DE CUCUTA", "departamento": "NORTE DE SANTANDER", "muertos": 0.0, "heridos": 0.0, "viv_destruidas": 0.0, "viv_averiadas": 0.0}}, {"type": "Feature", "geometry": {"type": "Point", "coordinates": [-73.158504846, 8.019834481]}, "properties": {"fecha": "2015-03-11", "municipio": "ABREGO", "departamento": "NORTE DE SANTANDER", "muertos": 0.0, "heridos": 0.0, "viv_destruidas": 0.0, "viv_averiadas": 162.0}}, {"type": "Feature", "geometry": {"type": "Point", "coordinates": [-72.917053152, 7.586048164]}, "properties": {"fecha": "1950-07-16", "municipio": "ARBOLEDAS", "departamento": "NORTE DE SANTANDER", "muertos": 0.0, "heridos": 0.0, "viv_destruidas": 0.0, "viv_averiadas": 0.0}}, {"type": "Feature", "geometry": {"type": "Point", "coordinates": [-72.917053152, 7.586048164]}, "properties": {"fecha": "2015-03-11", "municipio": "ARBOLEDAS", "departamento": "NORTE DE SANTANDER", "muertos": 0.0, "heridos": 0.0, "viv_destruidas": 0.0, "viv_averiadas": 2.0}}, {"type": "Feature", "geometry": {"type": "Point", "coordinates": [-72.659519092, 7.608509339]}, "properties": {"fecha": "2015-03-11", "municipio": "BOCHALEMA", "departamento": "NORTE DE SANTANDER", "muertos": 0.0, "heridos": 0.0, "viv_destruidas": 0.0, "viv_averiadas": 1.0}}, {"type": "Feature", "geometry": {"type": "Point", "coordinates": [-72.929199255, 8.079802239]}, "properties": {"fecha": "1964-09-16", "municipio": "BUCARASICA", "departamento": "NORTE DE SANTANDER", "muertos": 0.0, "heridos": 7.0, "viv_destruidas": 1.0, "viv_averiadas": 0.0}}, {"type": "Feature", "geometry": {"type": "Point", "coordinates": [-72.929199255, 8.079802239]}, "properties": {"fecha": "1973-08-31", "municipio": "BUCARASICA", "departamento": "NORTE DE SANTANDER", "muertos": 0.0, "heridos": 0.0, "viv_destruidas": 0.0, "viv_averiadas": 15.0}}, {"type": "Feature", "geometry": {"type": "Point", "coordinates": [-72.929199255, 8.079802239]}, "properties": {"fecha": "2015-03-11", "municipio": "BUCARASICA", "departamento": "NORTE DE SANTANDER", "muertos": 0.0, "heridos": 0.0, "viv_destruidas": 27.0, "viv_averiadas": 53.0}}, {"type": "Feature", "geometry": {"type": "Point", "coordinates": [-73.129394812, 7.684188896]}, "properties": {"fecha": "2015-03-11", "municipio": "CACHIRA", "departamento": "NORTE DE SANTANDER", "muertos": 0.0, "heridos": 0.0, "viv_destruidas": 101.0, "viv_averiadas": 341.0}}, {"type": "Feature", "geometry": {"type": "Point", "coordinates": [-72.583909779, 7.583353136]}, "properties": {"fecha": "2015-03-11", "municipio": "CHINACOTA", "departamento": "NORTE DE SANTANDER", "muertos": 0.0, "heridos": 0.0, "viv_destruidas": 0.0, "viv_averiadas": 2.0}}, {"type": "Feature", "geometry": {"type": "Point", "coordinates": [-72.525447458, 7.05161677]}, "properties": {"fecha": "2015-03-11", "municipio": "CHITAGA", "departamento": "NORTE DE SANTANDER", "muertos": 0.0, "heridos": 0.0, "viv_destruidas": 0.0, "viv_averiadas": 0.0}}, {"type": "Feature", "geometry": {"type": "Point", "coordinates": [-73.200077686, 8.873159895]}, "properties": {"fecha": "1973-08-31", "municipio": "CONVENCION", "departamento": "NORTE DE SANTANDER", "muertos": 0.0, "heridos": 0.0, "viv_destruidas": 30.0, "viv_averiadas": 500.0}}, {"type": "Feature", "geometry": {"type": "Point", "coordinates": [-72.797034471, 7.502182366]}, "properties": {"fecha": "2015-03-11", "municipio": "CUCUTILLA", "departamento": "NORTE DE SANTANDER", "muertos": 0.0, "heridos": 0.0, "viv_destruidas": 2.0, "viv_averiadas": 8.0}}, {"type": "Feature", "geometry": {"type": "Point", "coordinates": [-72.672080719, 7.746993206]}, "properties": {"fecha": "1950-07-16", "municipio": "DURANIA", "departamento": "NORTE DE SANTANDER", "muertos": 0.0, "heridos": 0.0, "viv_destruidas": 0.0, "viv_averiadas": 0.0}}, {"type": "Feature", "geometry": {"type": "Point", "coordinates": [-72.672080719, 7.746993206]}, "properties": {"fecha": "2015-03-11", "municipio": "DURANIA", "departamento": "NORTE DE SANTANDER", "muertos": 0.0, "heridos": 0.0, "viv_destruidas": 0.0, "viv_averiadas": 8.0}}, {"type": "Feature", "geometry": {"type": "Point", "coordinates": [-73.345859216, 8.867990035]}, "properties": {"fecha": "2015-03-11", "municipio": "EL CARMEN", "departamento": "NORTE DE SANTANDER", "muertos": 0.0, "heridos": 0.0, "viv_destruidas": 0.0, "viv_averiadas": 0.0}}, {"type": "Feature", "geometry": {"type": "Point", "coordinates": [-72.631521176, 8.081200092]}, "properties": {"fecha": "1981-10-18", "municipio": "EL ZULIA", "departamento": "NORTE DE SANTANDER", "muertos": 0.0, "heridos": 0.0, "viv_destruidas": 0.0, "viv_averiadas": 13.0}}, {"type": "Feature", "geometry": {"type": "Point", "coordinates": [-73.078263298, 8.361831987]}, "properties": {"fecha": "1981-10-18", "municipio": "HACARI", "departamento": "NORTE DE SANTANDER", "muertos": 0.0, "heridos": 0.0, "viv_destruidas": 0.0, "viv_averiadas": 0.0}}, {"type": "Feature", "geometry": {"type": "Point", "coordinates": [-73.078263298, 8.361831987]}, "properties": {"fecha": "2015-03-11", "municipio": "HACARI", "departamento": "NORTE DE SANTANDER", "muertos": 0.0, "heridos": 0.0, "viv_destruidas": 0.0, "viv_averiadas": 10.0}}, {"type": "Feature", "geometry": {"type": "Point", "coordinates": [-73.078263298, 8.361831987]}, "properties": {"fecha": "2020-12-12", "municipio": "HACARI", "departamento": "NORTE DE SANTANDER", "muertos": 0.0, "heridos": 0.0, "viv_destruidas": 0.0, "viv_averiadas": 0.0}}, {"type": "Feature", "geometry": {"type": "Point", "coordinates": [-72.492699981, 7.493955781]}, "properties": {"fecha": "1981-10-18", "municipio": "HERRAN", "departamento": "NORTE DE SANTANDER", "muertos": 0.0, "heridos": 0.0, "viv_destruidas": 0.0, "viv_averiadas": 3.0}}, {"type": "Feature", "geometry": {"type": "Point", "coordinates": [-72.482815141, 7.218372474]}, "properties": {"fecha": "1981-10-18", "municipio": "LABATECA", "departamento": "NORTE DE SANTANDER", "muertos": 0.0, "heridos": 0.0, "viv_destruidas": 3.0, "viv_averiadas": 10.0}}, {"type": "Feature", "geometry": {"type": "Point", "coordinates": [-72.482815141, 7.218372474]}, "properties": {"fecha": "2015-03-11", "municipio": "LABATECA", "departamento": "NORTE DE SANTANDER", "muertos": 0.0, "heridos": 0.0, "viv_destruidas": 0.0, "viv_averiadas": 3.0}}, {"type": "Feature", "geometry": {"type": "Point", "coordinates": [-73.361396723, 7.695233593]}, "properties": {"fecha": "2015-03-11", "municipio": "LA ESPERANZA", "departamento": "NORTE DE SANTANDER", "muertos": 0.0, "heridos": 0.0, "viv_destruidas": 5.0, "viv_averiadas": 181.0}}, {"type": "Feature", "geometry": {"type": "Point", "coordinates": [-73.187893266, 8.256757875]}, "properties": {"fecha": "2015-03-11", "municipio": "LA PLAYA", "departamento": "NORTE DE SANTANDER", "muertos": 0.0, "heridos": 0.0, "viv_destruidas": 0.0, "viv_averiadas": 13.0}}, {"type": "Feature", "geometry": {"type": "Point", "coordinates": [-72.846702903, 7.963712759]}, "properties": {"fecha": "1981-10-18", "municipio": "LOURDES", "departamento": "NORTE DE SANTANDER", "muertos": 0.0, "heridos": 15.0, "viv_destruidas": 3.0, "viv_averiadas": 49.0}}, {"type": "Feature", "geometry": {"type": "Point", "coordinates": [-72.768345835, 7.31694997]}, "properties": {"fecha": "1950-07-16", "municipio": "MUTISCUA", "departamento": "NORTE DE SANTANDER", "muertos": 0.0, "heridos": 0.0, "viv_destruidas": 0.0, "viv_averiadas": 0.0}}, {"type": "Feature", "geometry": {"type": "Point", "coordinates": [-73.337650332, 8.206637527]}, "properties": {"fecha": "1973-08-31", "municipio": "OCAÑA", "departamento": "NORTE DE SANTANDER", "muertos": 0.0, "heridos": 0.0, "viv_destruidas": 0.0, "viv_averiadas": 3.0}}, {"type": "Feature", "geometry": {"type": "Point", "coordinates": [-73.337650332, 8.206637527]}, "properties": {"fecha": "1981-10-18", "municipio": "OCAÑA", "departamento": "NORTE DE SANTANDER", "muertos": 0.0, "heridos": 0.0, "viv_destruidas": 0.0, "viv_averiadas": 0.0}}, {"type": "Feature", "geometry": {"type": "Point", "coordinates": [-73.337650332, 8.206637527]}, "properties": {"fecha": "2015-03-11", "municipio": "OCAÑA", "departamento": "NORTE DE SANTANDER", "muertos": 0.0, "heridos": 0.0, "viv_destruidas": 0.0, "viv_averiadas": 38.0}}, {"type": "Feature", "geometry": {"type": "Point", "coordinates": [-72.675903475, 7.379057623]}, "properties": {"fecha": "2015-03-11", "municipio": "PAMPLONA", "departamento": "NORTE DE SANTANDER", "muertos": 0.0, "heridos": 0.0, "viv_destruidas": 0.0, "viv_averiadas": 1.0}}, {"type": "Feature", "geometry": {"type": "Point", "coordinates": [-72.635154009, 7.48287886]}, "properties": {"fecha": "2015-03-11", "municipio": "PAMPLONITA", "departamento": "NORTE DE SANTANDER", "muertos": 0.0, "heridos": 0.0, "viv_destruidas": 0.0, "viv_averiadas": 2.0}}, {"type": "Feature", "geometry": {"type": "Point", "coordinates": [-72.867699587, 7.772747824]}, "properties": {"fecha": "1950-07-16", "municipio": "SALAZAR", "departamento": "NORTE DE SANTANDER", "muertos": 6.0, "heridos": 0.0, "viv_destruidas": 0.0, "viv_averiadas": 0.0}}, {"type": "Feature", "geometry": {"type": "Point", "coordinates": [-72.867699587, 7.772747824]}, "properties": {"fecha": "1973-08-31", "municipio": "SALAZAR", "departamento": "NORTE DE SANTANDER", "muertos": 0.0, "heridos": 0.0, "viv_destruidas": 0.0, "viv_averiadas": 3.0}}, {"type": "Feature", "geometry": {"type": "Point", "coordinates": [-72.867699587, 7.772747824]}, "properties": {"fecha": "1981-10-18", "municipio": "SALAZAR", "departamento": "NORTE DE SANTANDER", "muertos": 0.0, "heridos": 0.0, "viv_destruidas": 0.0, "viv_averiadas": 0.0}}, {"type": "Feature", "geometry": {"type": "Point", "coordinates": [-72.867699587, 7.772747824]}, "properties": {"fecha": "2015-03-11", "municipio": "SALAZAR", "departamento": "NORTE DE SANTANDER", "muertos": 0.0, "heridos": 0.0, "viv_destruidas": 0.0, "viv_averiadas": 4.0}}, {"type": "Feature", "geometry": {"type": "Point", "coordinates": [-72.718254104, 7.889234454]}, "properties": {"fecha": "1981-10-18", "municipio": "SANTIAGO", "departamento": "NORTE DE SANTANDER", "muertos": 0.0, "heridos": 0.0, "viv_destruidas": 0.0, "viv_averiadas": 9.0}}, {"type": "Feature", "geometry": {"type": "Point", "coordinates": [-72.795809609, 8.215080767]}, "properties": {"fecha": "1981-10-18", "municipio": "SARDINATA", "departamento": "NORTE DE SANTANDER", "muertos": 0.0, "heridos": 0.0, "viv_destruidas": 0.0, "viv_averiadas": 0.0}}, {"type": "Feature", "geometry": {"type": "Point", "coordinates": [-72.795809609, 8.215080767]}, "properties": {"fecha": "2015-03-11", "municipio": "SARDINATA", "departamento": "NORTE DE SANTANDER", "muertos": 0.0, "heridos": 0.0, "viv_destruidas": 0.0, "viv_averiadas": 0.0}}, {"type": "Feature", "geometry": {"type": "Point", "coordinates": [-72.786178841, 7.180991879]}, "properties": {"fecha": "2015-03-11", "municipio": "SILOS", "departamento": "NORTE DE SANTANDER", "muertos": 0.0, "heridos": 0.0, "viv_destruidas": 0.0, "viv_averiadas": 3.0}}, {"type": "Feature", "geometry": {"type": "Point", "coordinates": [-73.157140966, 8.760013794]}, "properties": {"fecha": "1973-08-31", "municipio": "TEORAMA", "departamento": "NORTE DE SANTANDER", "muertos": 0.0, "heridos": 0.0, "viv_destruidas": 7.0, "viv_averiadas": 30.0}}, {"type": "Feature", "geometry": {"type": "Point", "coordinates": [-73.157140966, 8.760013794]}, "properties": {"fecha": "2015-03-11", "municipio": "TEORAMA", "departamento": "NORTE DE SANTANDER", "muertos": 0.0, "heridos": 0.0, "viv_destruidas": 2.0, "viv_averiadas": 29.0}}, {"type": "Feature", "geometry": {"type": "Point", "coordinates": [-72.305934177, 7.225864961]}, "properties": {"fecha": "2007-06-21", "municipio": "TOLEDO", "departamento": "NORTE DE SANTANDER", "muertos": 0.0, "heridos": 0.0, "viv_destruidas": 4.0, "viv_averiadas": 3.0}}, {"type": "Feature", "geometry": {"type": "Point", "coordinates": [-72.987594182, 7.936293173]}, "properties": {"fecha": "2015-03-11", "municipio": "VILLA CARO", "departamento": "NORTE DE SANTANDER", "muertos": 0.0, "heridos": 0.0, "viv_destruidas": 0.0, "viv_averiadas": 6.0}}, {"type": "Feature", "geometry": {"type": "Point", "coordinates": [-75.724899852, 4.499501128]}, "properties": {"fecha": "1938-02-05", "municipio": "ARMENIA", "departamento": "QUINDIO", "muertos": 0.0, "heridos": 0.0, "viv_destruidas": 6.0, "viv_averiadas": 0.0}}, {"type": "Feature", "geometry": {"type": "Point", "coordinates": [-75.724899852, 4.499501128]}, "properties": {"fecha": "1962-07-16", "municipio": "ARMENIA", "departamento": "QUINDIO", "muertos": 1.0, "heridos": 3.0, "viv_destruidas": 56.0, "viv_averiadas": 0.0}}, {"type": "Feature", "geometry": {"type": "Point", "coordinates": [-75.724899852, 4.499501128]}, "properties": {"fecha": "1968-12-13", "municipio": "ARMENIA", "departamento": "QUINDIO", "muertos": 0.0, "heridos": 0.0, "viv_destruidas": 3.0, "viv_averiadas": 0.0}}, {"type": "Feature", "geometry": {"type": "Point", "coordinates": [-75.724899852, 4.499501128]}, "properties": {"fecha": "1973-04-16", "municipio": "ARMENIA", "departamento": "QUINDIO", "muertos": 0.0, "heridos": 0.0, "viv_destruidas": 1.0, "viv_averiadas": 0.0}}, {"type": "Feature", "geometry": {"type": "Point", "coordinates": [-75.724899852, 4.499501128]}, "properties": {"fecha": "1976-05-20", "municipio": "ARMENIA", "departamento": "QUINDIO", "muertos": 0.0, "heridos": 0.0, "viv_destruidas": 0.0, "viv_averiadas": 0.0}}, {"type": "Feature", "geometry": {"type": "Point", "coordinates": [-75.724899852, 4.499501128]}, "properties": {"fecha": "1979-11-24", "municipio": "ARMENIA", "departamento": "QUINDIO", "muertos": 1.0, "heridos": 20.0, "viv_destruidas": 1.0, "viv_averiadas": 2.0}}, {"type": "Feature", "geometry": {"type": "Point", "coordinates": [-75.724899852, 4.499501128]}, "properties": {"fecha": "1990-11-23", "municipio": "ARMENIA", "departamento": "QUINDIO", "muertos": 0.0, "heridos": 0.0, "viv_destruidas": 0.0, "viv_averiadas": 4.0}}, {"type": "Feature", "geometry": {"type": "Point", "coordinates": [-75.724899852, 4.499501128]}, "properties": {"fecha": "1992-10-19", "municipio": "ARMENIA", "departamento": "QUINDIO", "muertos": 0.0, "heridos": 0.0, "viv_destruidas": 0.0, "viv_averiadas": 0.0}}, {"type": "Feature", "geometry": {"type": "Point", "coordinates": [-75.724899852, 4.499501128]}, "properties": {"fecha": "1995-02-09", "municipio": "ARMENIA", "departamento": "QUINDIO", "muertos": 1.0, "heridos": 20.0, "viv_destruidas": 3.0, "viv_averiadas": 20.0}}, {"type": "Feature", "geometry": {"type": "Point", "coordinates": [-75.724899852, 4.499501128]}, "properties": {"fecha": "1999-01-26", "municipio": "ARMENIA", "departamento": "QUINDIO", "muertos": 930.0, "heridos": 115.0, "viv_destruidas": 21810.0, "viv_averiadas": 20129.0}}, {"type": "Feature", "geometry": {"type": "Point", "coordinates": [-75.724899852, 4.499501128]}, "properties": {"fecha": "1999-06-29", "municipio": "ARMENIA", "departamento": "QUINDIO", "muertos": 1.0, "heridos": 0.0, "viv_destruidas": 0.0, "viv_averiadas": 0.0}}, {"type": "Feature", "geometry": {"type": "Point", "coordinates": [-75.724899852, 4.499501128]}, "properties": {"fecha": "2005-03-09", "municipio": "ARMENIA", "departamento": "QUINDIO", "muertos": 0.0, "heridos": 4.0, "viv_destruidas": 0.0, "viv_averiadas": 0.0}}, {"type": "Feature", "geometry": {"type": "Point", "coordinates": [-75.74403734, 4.366632382]}, "properties": {"fecha": "1995-02-09", "municipio": "BUENAVISTA", "departamento": "QUINDIO", "muertos": 0.0, "heridos": 0.0, "viv_destruidas": 1.0, "viv_averiadas": 3.0}}, {"type": "Feature", "geometry": {"type": "Point", "coordinates": [-75.74403734, 4.366632382]}, "properties": {"fecha": "1999-01-26", "municipio": "BUENAVISTA", "departamento": "QUINDIO", "muertos": 2.0, "heridos": 0.0, "viv_destruidas": 93.0, "viv_averiadas": 111.0}}, {"type": "Feature", "geometry": {"type": "Point", "coordinates": [-75.65674719, 4.467879428]}, "properties": {"fecha": "1961-12-21", "municipio": "CALARCA", "departamento": "QUINDIO", "muertos": 1.0, "heridos": 1.0, "viv_destruidas": 1.0, "viv_averiadas": 0.0}}, {"type": "Feature", "geometry": {"type": "Point", "coordinates": [-75.65674719, 4.467879428]}, "properties": {"fecha": "1979-11-24", "municipio": "CALARCA", "departamento": "QUINDIO", "muertos": 2.0, "heridos": 60.0, "viv_destruidas": 0.0, "viv_averiadas": 0.0}}, {"type": "Feature", "geometry": {"type": "Point", "coordinates": [-75.65674719, 4.467879428]}, "properties": {"fecha": "1995-02-09", "municipio": "CALARCA", "departamento": "QUINDIO", "muertos": 0.0, "heridos": 6.0, "viv_destruidas": 20.0, "viv_averiadas": 24.0}}, {"type": "Feature", "geometry": {"type": "Point", "coordinates": [-75.65674719, 4.467879428]}, "properties": {"fecha": "1999-01-26", "municipio": "CALARCA", "departamento": "QUINDIO", "muertos": 84.0, "heridos": 0.0, "viv_destruidas": 4741.0, "viv_averiadas": 4812.0}}, {"type": "Feature", "geometry": {"type": "Point", "coordinates": [-75.666884494, 4.604845344]}, "properties": {"fecha": "1999-01-26", "municipio": "CIRCASIA", "departamento": "QUINDIO", "muertos": 8.0, "heridos": 0.0, "viv_destruidas": 523.0, "viv_averiadas": 759.0}}, {"type": "Feature", "geometry": {"type": "Point", "coordinates": [-75.651323077, 4.395975176]}, "properties": {"fecha": "1995-02-09", "municipio": "CORDOBA", "departamento": "QUINDIO", "muertos": 0.0, "heridos": 0.0, "viv_destruidas": 1.0, "viv_averiadas": 4.0}}, {"type": "Feature", "geometry": {"type": "Point", "coordinates": [-75.651323077, 4.395975176]}, "properties": {"fecha": "1999-01-26", "municipio": "CORDOBA", "departamento": "QUINDIO", "muertos": 2.0, "heridos": 0.0, "viv_destruidas": 330.0, "viv_averiadas": 216.0}}, {"type": "Feature", "geometry": {"type": "Point", "coordinates": [-75.671469407, 4.669325347]}, "properties": {"fecha": "1999-01-26", "municipio": "FILANDIA", "departamento": "QUINDIO", "muertos": 0.0, "heridos": 0.0, "viv_destruidas": 111.0, "viv_averiadas": 417.0}}, {"type": "Feature", "geometry": {"type": "Point", "coordinates": [-75.760566947, 4.180107773]}, "properties": {"fecha": "1999-01-26", "municipio": "GENOVA", "departamento": "QUINDIO", "muertos": 4.0, "heridos": 0.0, "viv_destruidas": 2.0, "viv_averiadas": 103.0}}, {"type": "Feature", "geometry": {"type": "Point", "coordinates": [-75.760566947, 4.180107773]}, "properties": {"fecha": "2015-09-18", "municipio": "GENOVA", "departamento": "QUINDIO", "muertos": 0.0, "heridos": 0.0, "viv_destruidas": 0.0, "viv_averiadas": 1.0}}, {"type": "Feature", "geometry": {"type": "Point", "coordinates": [-75.819273353, 4.426884849]}, "properties": {"fecha": "1999-01-26", "municipio": "LA TEBAIDA", "departamento": "QUINDIO", "muertos": 59.0, "heridos": 0.0, "viv_destruidas": 2482.0, "viv_averiadas": 1848.0}}, {"type": "Feature", "geometry": {"type": "Point", "coordinates": [-75.818065942, 4.521890945]}, "properties": {"fecha": "1961-12-21", "municipio": "MONTENEGRO", "departamento": "QUINDIO", "muertos": 1.0, "heridos": 1.0, "viv_destruidas": 0.0, "viv_averiadas": 0.0}}, {"type": "Feature", "geometry": {"type": "Point", "coordinates": [-75.818065942, 4.521890945]}, "properties": {"fecha": "1979-11-24", "municipio": "MONTENEGRO", "departamento": "QUINDIO", "muertos": 0.0, "heridos": 0.0, "viv_destruidas": 0.0, "viv_averiadas": 0.0}}, {"type": "Feature", "geometry": {"type": "Point", "coordinates": [-75.818065942, 4.521890945]}, "properties": {"fecha": "1999-01-26", "municipio": "MONTENEGRO", "departamento": "QUINDIO", "muertos": 11.0, "heridos": 0.0, "viv_destruidas": 1035.0, "viv_averiadas": 1236.0}}, {"type": "Feature", "geometry": {"type": "Point", "coordinates": [-75.818065942, 4.521890945]}, "properties": {"fecha": "2013-02-10", "municipio": "MONTENEGRO", "departamento": "QUINDIO", "muertos": 0.0, "heridos": 0.0, "viv_destruidas": 0.0, "viv_averiadas": 1.0}}, {"type": "Feature", "geometry": {"type": "Point", "coordinates": [-75.683304171, 4.30397934]}, "properties": {"fecha": "1999-01-26", "municipio": "PIJAO", "departamento": "QUINDIO", "muertos": 4.0, "heridos": 0.0, "viv_destruidas": 541.0, "viv_averiadas": 573.0}}, {"type": "Feature", "geometry": {"type": "Point", "coordinates": [-75.792050869, 4.610273497]}, "properties": {"fecha": "1960-12-21", "municipio": "QUIMBAYA", "departamento": "QUINDIO", "muertos": 1.0, "heridos": 1.0, "viv_destruidas": 1.0, "viv_averiadas": 0.0}}, {"type": "Feature", "geometry": {"type": "Point", "coordinates": [-75.792050869, 4.610273497]}, "properties": {"fecha": "1999-01-26", "municipio": "QUIMBAYA", "departamento": "QUINDIO", "muertos": 7.0, "heridos": 0.0, "viv_destruidas": 504.0, "viv_averiadas": 1339.0}}, {"type": "Feature", "geometry": {"type": "Point", "coordinates": [-75.530921122, 4.611314654]}, "properties": {"fecha": "1917-09-01", "municipio": "SALENTO", "departamento": "QUINDIO", "muertos": 0.0, "heridos": 0.0, "viv_destruidas": 0.0, "viv_averiadas": 0.0}}, {"type": "Feature", "geometry": {"type": "Point", "coordinates": [-75.530921122, 4.611314654]}, "properties": {"fecha": "1973-04-04", "municipio": "SALENTO", "departamento": "QUINDIO", "muertos": 0.0, "heridos": 0.0, "viv_destruidas": 0.0, "viv_averiadas": 0.0}}, {"type": "Feature", "geometry": {"type": "Point", "coordinates": [-75.530921122, 4.611314654]}, "properties": {"fecha": "1999-01-26", "municipio": "SALENTO", "departamento": "QUINDIO", "muertos": 0.0, "heridos": 0.0, "viv_destruidas": 72.0, "viv_averiadas": 200.0}}, {"type": "Feature", "geometry": {"type": "Point", "coordinates": [-75.795790934, 4.803662773]}, "properties": {"fecha": "1961-12-21", "municipio": "PEREIRA", "departamento": "RISARALDA", "muertos": 4.0, "heridos": 48.0, "viv_destruidas": 1.0, "viv_averiadas": 0.0}}, {"type": "Feature", "geometry": {"type": "Point", "coordinates": [-75.795790934, 4.803662773]}, "properties": {"fecha": "1962-07-16", "municipio": "PEREIRA", "departamento": "RISARALDA", "muertos": 26.0, "heridos": 130.0, "viv_destruidas": 100.0, "viv_averiadas": 0.0}}, {"type": "Feature", "geometry": {"type": "Point", "coordinates": [-75.795790934, 4.803662773]}, "properties": {"fecha": "1976-05-20", "municipio": "PEREIRA", "departamento": "RISARALDA", "muertos": 0.0, "heridos": 0.0, "viv_destruidas": 0.0, "viv_averiadas": 0.0}}, {"type": "Feature", "geometry": {"type": "Point", "coordinates": [-75.795790934, 4.803662773]}, "properties": {"fecha": "1979-11-24", "municipio": "PEREIRA", "departamento": "RISARALDA", "muertos": 10.0, "heridos": 118.0, "viv_destruidas": 36.0, "viv_averiadas": 0.0}}, {"type": "Feature", "geometry": {"type": "Point", "coordinates": [-75.795790934, 4.803662773]}, "properties": {"fecha": "1980-06-26", "municipio": "PEREIRA", "departamento": "RISARALDA", "muertos": 0.0, "heridos": 13.0, "viv_destruidas": 0.0, "viv_averiadas": 0.0}}, {"type": "Feature", "geometry": {"type": "Point", "coordinates": [-75.795790934, 4.803662773]}, "properties": {"fecha": "1990-11-23", "municipio": "PEREIRA", "departamento": "RISARALDA", "muertos": 0.0, "heridos": 0.0, "viv_destruidas": 4.0, "viv_averiadas": 0.0}}, {"type": "Feature", "geometry": {"type": "Point", "coordinates": [-75.795790934, 4.803662773]}, "properties": {"fecha": "1995-02-09", "municipio": "PEREIRA", "departamento": "RISARALDA", "muertos": 29.0, "heridos": 240.0, "viv_destruidas": 80.0, "viv_averiadas": 823.0}}, {"type": "Feature", "geometry": {"type": "Point", "coordinates": [-75.795790934, 4.803662773]}, "properties": {"fecha": "1995-08-20", "municipio": "PEREIRA", "departamento": "RISARALDA", "muertos": 0.0, "heridos": 0.0, "viv_destruidas": 0.0, "viv_averiadas": 0.0}}, {"type": "Feature", "geometry": {"type": "Point", "coordinates": [-75.795790934, 4.803662773]}, "properties": {"fecha": "1997-09-03", "municipio": "PEREIRA", "departamento": "RISARALDA", "muertos": 0.0, "heridos": 0.0, "viv_destruidas": 0.0, "viv_averiadas": 0.0}}, {"type": "Feature", "geometry": {"type": "Point", "coordinates": [-75.795790934, 4.803662773]}, "properties": {"fecha": "1999-01-26", "municipio": "PEREIRA", "departamento": "RISARALDA", "muertos": 60.0, "heridos": 0.0, "viv_destruidas": 2453.0, "viv_averiadas": 6308.0}}, {"type": "Feature", "geometry": {"type": "Point", "coordinates": [-75.795790934, 4.803662773]}, "properties": {"fecha": "2002-07-03", "municipio": "PEREIRA", "departamento": "RISARALDA", "muertos": 0.0, "heridos": 3.0, "viv_destruidas": 0.0, "viv_averiadas": 0.0}}, {"type": "Feature", "geometry": {"type": "Point", "coordinates": [-73.144670302, 5.006862536]}, "properties": {"fecha": "2024-02-08", "municipio": "CAMPOHERMOSO", "departamento": "BOYACA", "muertos": 0.0, "heridos": 0.0, "viv_destruidas": 0.0, "viv_averiadas": 0.0}}, {"type": "Feature", "geometry": {"type": "Point", "coordinates": [-76.029630488, 4.795927292]}, "properties": {"fecha": "2024-02-11", "municipio": "ANSERMANUEVO", "departamento": "VALLE DEL CAUCA", "muertos": 0.0, "heridos": 0.0, "viv_destruidas": 0.0, "viv_averiadas": 0.0}}, {"type": "Feature", "geometry": {"type": "Point", "coordinates": [-75.953538705, 5.139635357]}, "properties": {"fecha": "1961-12-21", "municipio": "APIA", "departamento": "RISARALDA", "muertos": 0.0, "heridos": 0.0, "viv_destruidas": 1.0, "viv_averiadas": 0.0}}, {"type": "Feature", "geometry": {"type": "Point", "coordinates": [-75.953538705, 5.139635357]}, "properties": {"fecha": "1979-11-24", "municipio": "APIA", "departamento": "RISARALDA", "muertos": 0.0, "heridos": 5.0, "viv_destruidas": 0.0, "viv_averiadas": 0.0}}, {"type": "Feature", "geometry": {"type": "Point", "coordinates": [-75.953538705, 5.139635357]}, "properties": {"fecha": "1995-02-09", "municipio": "APIA", "departamento": "RISARALDA", "muertos": 0.0, "heridos": 0.0, "viv_destruidas": 0.0, "viv_averiadas": 15.0}}, {"type": "Feature", "geometry": {"type": "Point", "coordinates": [-75.953538705, 5.139635357]}, "properties": {"fecha": "2013-02-10", "municipio": "APIA", "departamento": "RISARALDA", "muertos": 0.0, "heridos": 0.0, "viv_destruidas": 0.0, "viv_averiadas": 1.0}}, {"type": "Feature", "geometry": {"type": "Point", "coordinates": [-75.953538705, 5.139635357]}, "properties": {"fecha": "2015-03-11", "municipio": "APIA", "departamento": "RISARALDA", "muertos": 0.0, "heridos": 0.0, "viv_destruidas": 0.0, "viv_averiadas": 6.0}}, {"type": "Feature", "geometry": {"type": "Point", "coordinates": [-75.942753858, 4.918349676]}, "properties": {"fecha": "1995-02-09", "municipio": "BALBOA", "departamento": "RISARALDA", "muertos": 0.0, "heridos": 0.0, "viv_destruidas": 8.0, "viv_averiadas": 10.0}}, {"type": "Feature", "geometry": {"type": "Point", "coordinates": [-75.867938933, 5.200398696]}, "properties": {"fecha": "1962-07-16", "municipio": "BELEN DE UMBRIA", "departamento": "RISARALDA", "muertos": 0.0, "heridos": 0.0, "viv_destruidas": 15.0, "viv_averiadas": 0.0}}, {"type": "Feature", "geometry": {"type": "Point", "coordinates": [-75.669936549, 4.842021144]}, "properties": {"fecha": "1979-11-24", "municipio": "DOSQUEBRADAS", "departamento": "RISARALDA", "muertos": 3.0, "heridos": 0.0, "viv_destruidas": 0.0, "viv_averiadas": 0.0}}, {"type": "Feature", "geometry": {"type": "Point", "coordinates": [-75.611031065, 6.257590259]}, "properties": {"fecha": "1938-02-05", "municipio": "MEDELLIN", "departamento": "ANTIOQUIA", "muertos": 0.0, "heridos": 3.0, "viv_destruidas": 6.0, "viv_averiadas": 0.0}}, {"type": "Feature", "geometry": {"type": "Point", "coordinates": [-75.669936549, 4.842021144]}, "properties": {"fecha": "1995-02-09", "municipio": "DOSQUEBRADAS", "departamento": "RISARALDA", "muertos": 1.0, "heridos": 37.0, "viv_destruidas": 0.0, "viv_averiadas": 47.0}}, {"type": "Feature", "geometry": {"type": "Point", "coordinates": [-75.669936549, 4.842021144]}, "properties": {"fecha": "1999-01-26", "municipio": "DOSQUEBRADAS", "departamento": "RISARALDA", "muertos": 6.0, "heridos": 0.0, "viv_destruidas": 242.0, "viv_averiadas": 701.0}}, {"type": "Feature", "geometry": {"type": "Point", "coordinates": [-75.669936549, 4.842021144]}, "properties": {"fecha": "2004-11-16", "municipio": "DOSQUEBRADAS", "departamento": "RISARALDA", "muertos": 0.0, "heridos": 0.0, "viv_destruidas": 0.0, "viv_averiadas": 9.0}}, {"type": "Feature", "geometry": {"type": "Point", "coordinates": [-75.611031065, 6.257590259]}, "properties": {"fecha": "1942-12-29", "municipio": "MEDELLIN", "departamento": "ANTIOQUIA", "muertos": 0.0, "heridos": 0.0, "viv_destruidas": 8.0, "viv_averiadas": 0.0}}, {"type": "Feature", "geometry": {"type": "Point", "coordinates": [-75.611031065, 6.257590259]}, "properties": {"fecha": "1948-08-16", "municipio": "MEDELLIN", "departamento": "ANTIOQUIA", "muertos": 0.0, "heridos": 0.0, "viv_destruidas": 0.0, "viv_averiadas": 0.0}}, {"type": "Feature", "geometry": {"type": "Point", "coordinates": [-75.611031065, 6.257590259]}, "properties": {"fecha": "1952-02-05", "municipio": "MEDELLIN", "departamento": "ANTIOQUIA", "muertos": 0.0, "heridos": 0.0, "viv_destruidas": 0.0, "viv_averiadas": 0.0}}, {"type": "Feature", "geometry": {"type": "Point", "coordinates": [-75.804366589, 5.320295966]}, "properties": {"fecha": "1976-05-20", "municipio": "GUATICA", "departamento": "RISARALDA", "muertos": 0.0, "heridos": 0.0, "viv_destruidas": 0.0, "viv_averiadas": 0.0}}, {"type": "Feature", "geometry": {"type": "Point", "coordinates": [-75.611031065, 6.257590259]}, "properties": {"fecha": "1962-02-09", "municipio": "MEDELLIN", "departamento": "ANTIOQUIA", "muertos": 0.0, "heridos": 0.0, "viv_destruidas": 0.0, "viv_averiadas": 0.0}}, {"type": "Feature", "geometry": {"type": "Point", "coordinates": [-75.804366589, 5.320295966]}, "properties": {"fecha": "2013-02-10", "municipio": "GUATICA", "departamento": "RISARALDA", "muertos": 0.0, "heridos": 0.0, "viv_destruidas": 0.0, "viv_averiadas": 0.0}}, {"type": "Feature", "geometry": {"type": "Point", "coordinates": [-75.611031065, 6.257590259]}, "properties": {"fecha": "1962-07-16", "municipio": "MEDELLIN", "departamento": "ANTIOQUIA", "muertos": 0.0, "heridos": 0.0, "viv_destruidas": 0.0, "viv_averiadas": 0.0}}, {"type": "Feature", "geometry": {"type": "Point", "coordinates": [-75.611031065, 6.257590259]}, "properties": {"fecha": "1967-04-16", "municipio": "MEDELLIN", "departamento": "ANTIOQUIA", "muertos": 2.0, "heridos": 6.0, "viv_destruidas": 0.0, "viv_averiadas": 0.0}}, {"type": "Feature", "geometry": {"type": "Point", "coordinates": [-76.008226782, 4.988127679]}, "properties": {"fecha": "1979-11-24", "municipio": "LA CELIA", "departamento": "RISARALDA", "muertos": 0.0, "heridos": 2.0, "viv_destruidas": 0.0, "viv_averiadas": 0.0}}, {"type": "Feature", "geometry": {"type": "Point", "coordinates": [-76.008226782, 4.988127679]}, "properties": {"fecha": "1995-02-09", "municipio": "LA CELIA", "departamento": "RISARALDA", "muertos": 0.0, "heridos": 0.0, "viv_destruidas": 0.0, "viv_averiadas": 0.0}}, {"type": "Feature", "geometry": {"type": "Point", "coordinates": [-75.611031065, 6.257590259]}, "properties": {"fecha": "1967-07-30", "municipio": "MEDELLIN", "departamento": "ANTIOQUIA", "muertos": 0.0, "heridos": 0.0, "viv_destruidas": 100.0, "viv_averiadas": 0.0}}, {"type": "Feature", "geometry": {"type": "Point", "coordinates": [-75.852081623, 4.904704187]}, "properties": {"fecha": "1962-07-16", "municipio": "LA VIRGINIA", "departamento": "RISARALDA", "muertos": 1.0, "heridos": 5.0, "viv_destruidas": 4.0, "viv_averiadas": 0.0}}, {"type": "Feature", "geometry": {"type": "Point", "coordinates": [-75.852081623, 4.904704187]}, "properties": {"fecha": "1976-05-20", "municipio": "LA VIRGINIA", "departamento": "RISARALDA", "muertos": 0.0, "heridos": 0.0, "viv_destruidas": 0.0, "viv_averiadas": 0.0}}, {"type": "Feature", "geometry": {"type": "Point", "coordinates": [-75.852081623, 4.904704187]}, "properties": {"fecha": "1979-11-24", "municipio": "LA VIRGINIA", "departamento": "RISARALDA", "muertos": 4.0, "heridos": 14.0, "viv_destruidas": 3.0, "viv_averiadas": 0.0}}, {"type": "Feature", "geometry": {"type": "Point", "coordinates": [-75.852081623, 4.904704187]}, "properties": {"fecha": "1995-02-09", "municipio": "LA VIRGINIA", "departamento": "RISARALDA", "muertos": 0.0, "heridos": 1.0, "viv_destruidas": 3.0, "viv_averiadas": 15.0}}, {"type": "Feature", "geometry": {"type": "Point", "coordinates": [-75.852081623, 4.904704187]}, "properties": {"fecha": "1995-08-20", "municipio": "LA VIRGINIA", "departamento": "RISARALDA", "muertos": 0.0, "heridos": 0.0, "viv_destruidas": 0.0, "viv_averiadas": 0.0}}, {"type": "Feature", "geometry": {"type": "Point", "coordinates": [-75.852081623, 4.904704187]}, "properties": {"fecha": "2013-02-10", "municipio": "LA VIRGINIA", "departamento": "RISARALDA", "muertos": 0.0, "heridos": 0.0, "viv_destruidas": 0.0, "viv_averiadas": 0.0}}, {"type": "Feature", "geometry": {"type": "Point", "coordinates": [-75.753213896, 4.942936185]}, "properties": {"fecha": "1962-07-16", "municipio": "MARSELLA", "departamento": "RISARALDA", "muertos": 4.0, "heridos": 10.0, "viv_destruidas": 0.0, "viv_averiadas": 0.0}}, {"type": "Feature", "geometry": {"type": "Point", "coordinates": [-75.753213896, 4.942936185]}, "properties": {"fecha": "1976-05-20", "municipio": "MARSELLA", "departamento": "RISARALDA", "muertos": 0.0, "heridos": 1.0, "viv_destruidas": 0.0, "viv_averiadas": 0.0}}, {"type": "Feature", "geometry": {"type": "Point", "coordinates": [-75.753213896, 4.942936185]}, "properties": {"fecha": "1995-02-09", "municipio": "MARSELLA", "departamento": "RISARALDA", "muertos": 0.0, "heridos": 0.0, "viv_destruidas": 0.0, "viv_averiadas": 120.0}}, {"type": "Feature", "geometry": {"type": "Point", "coordinates": [-75.753213896, 4.942936185]}, "properties": {"fecha": "1999-01-26", "municipio": "MARSELLA", "departamento": "RISARALDA", "muertos": 0.0, "heridos": 0.0, "viv_destruidas": 32.0, "viv_averiadas": 173.0}}, {"type": "Feature", "geometry": {"type": "Point", "coordinates": [-75.961353866, 5.414078141]}, "properties": {"fecha": "2013-02-10", "municipio": "MISTRATO", "departamento": "RISARALDA", "muertos": 0.0, "heridos": 0.0, "viv_destruidas": 0.0, "viv_averiadas": 0.0}}, {"type": "Feature", "geometry": {"type": "Point", "coordinates": [-76.073594212, 5.286295408]}, "properties": {"fecha": "1976-05-20", "municipio": "PUEBLO RICO", "departamento": "RISARALDA", "muertos": 0.0, "heridos": 0.0, "viv_destruidas": 1.0, "viv_averiadas": 0.0}}, {"type": "Feature", "geometry": {"type": "Point", "coordinates": [-76.073594212, 5.286295408]}, "properties": {"fecha": "1979-11-24", "municipio": "PUEBLO RICO", "departamento": "RISARALDA", "muertos": 1.0, "heridos": 0.0, "viv_destruidas": 0.0, "viv_averiadas": 0.0}}, {"type": "Feature", "geometry": {"type": "Point", "coordinates": [-76.073594212, 5.286295408]}, "properties": {"fecha": "1995-02-09", "municipio": "PUEBLO RICO", "departamento": "RISARALDA", "muertos": 0.0, "heridos": 0.0, "viv_destruidas": 0.0, "viv_averiadas": 7.0}}, {"type": "Feature", "geometry": {"type": "Point", "coordinates": [-76.073594212, 5.286295408]}, "properties": {"fecha": "1999-06-10", "municipio": "PUEBLO RICO", "departamento": "RISARALDA", "muertos": 0.0, "heridos": 0.0, "viv_destruidas": 15.0, "viv_averiadas": 0.0}}, {"type": "Feature", "geometry": {"type": "Point", "coordinates": [-75.713396832, 5.323906864]}, "properties": {"fecha": "1962-07-16", "municipio": "QUINCHIA", "departamento": "RISARALDA", "muertos": 0.0, "heridos": 0.0, "viv_destruidas": 1.0, "viv_averiadas": 0.0}}, {"type": "Feature", "geometry": {"type": "Point", "coordinates": [-75.713396832, 5.323906864]}, "properties": {"fecha": "1995-08-20", "municipio": "QUINCHIA", "departamento": "RISARALDA", "muertos": 0.0, "heridos": 0.0, "viv_destruidas": 0.0, "viv_averiadas": 20.0}}, {"type": "Feature", "geometry": {"type": "Point", "coordinates": [-75.713396832, 5.323906864]}, "properties": {"fecha": "2013-02-10", "municipio": "QUINCHIA", "departamento": "RISARALDA", "muertos": 0.0, "heridos": 0.0, "viv_destruidas": 0.0, "viv_averiadas": 0.0}}, {"type": "Feature", "geometry": {"type": "Point", "coordinates": [-75.713396832, 5.323906864]}, "properties": {"fecha": "2015-03-11", "municipio": "QUINCHIA", "departamento": "RISARALDA", "muertos": 0.0, "heridos": 0.0, "viv_destruidas": 0.0, "viv_averiadas": 0.0}}, {"type": "Feature", "geometry": {"type": "Point", "coordinates": [-75.549501744, 4.833789828]}, "properties": {"fecha": "1938-02-05", "municipio": "SANTA ROSA DE CABAL", "departamento": "RISARALDA", "muertos": 0.0, "heridos": 0.0, "viv_destruidas": 1.0, "viv_averiadas": 0.0}}, {"type": "Feature", "geometry": {"type": "Point", "coordinates": [-75.549501744, 4.833789828]}, "properties": {"fecha": "1979-11-24", "municipio": "SANTA ROSA DE CABAL", "departamento": "RISARALDA", "muertos": 2.0, "heridos": 5.0, "viv_destruidas": 4.0, "viv_averiadas": 0.0}}, {"type": "Feature", "geometry": {"type": "Point", "coordinates": [-75.611031065, 6.257590259]}, "properties": {"fecha": "1973-04-04", "municipio": "MEDELLIN", "departamento": "ANTIOQUIA", "muertos": 1.0, "heridos": 0.0, "viv_destruidas": 0.0, "viv_averiadas": 0.0}}, {"type": "Feature", "geometry": {"type": "Point", "coordinates": [-75.549501744, 4.833789828]}, "properties": {"fecha": "1999-01-26", "municipio": "SANTA ROSA DE CABAL", "departamento": "RISARALDA", "muertos": 1.0, "heridos": 0.0, "viv_destruidas": 63.0, "viv_averiadas": 209.0}}, {"type": "Feature", "geometry": {"type": "Point", "coordinates": [-75.549501744, 4.833789828]}, "properties": {"fecha": "2005-10-14", "municipio": "SANTA ROSA DE CABAL", "departamento": "RISARALDA", "muertos": 0.0, "heridos": 0.0, "viv_destruidas": 0.0, "viv_averiadas": 0.0}}, {"type": "Feature", "geometry": {"type": "Point", "coordinates": [-75.549501744, 4.833789828]}, "properties": {"fecha": "2013-02-10", "municipio": "SANTA ROSA DE CABAL", "departamento": "RISARALDA", "muertos": 0.0, "heridos": 0.0, "viv_destruidas": 0.0, "viv_averiadas": 17.0}}, {"type": "Feature", "geometry": {"type": "Point", "coordinates": [-75.549501744, 4.833789828]}, "properties": {"fecha": "2018-11-09", "municipio": "SANTA ROSA DE CABAL", "departamento": "RISARALDA", "muertos": 0.0, "heridos": 0.0, "viv_destruidas": 0.0, "viv_averiadas": 2.0}}, {"type": "Feature", "geometry": {"type": "Point", "coordinates": [-76.02286946, 5.076100313]}, "properties": {"fecha": "1979-11-24", "municipio": "SANTUARIO", "departamento": "RISARALDA", "muertos": 0.0, "heridos": 2.0, "viv_destruidas": 0.0, "viv_averiadas": 0.0}}, {"type": "Feature", "geometry": {"type": "Point", "coordinates": [-76.02286946, 5.076100313]}, "properties": {"fecha": "1995-02-09", "municipio": "SANTUARIO", "departamento": "RISARALDA", "muertos": 0.0, "heridos": 0.0, "viv_destruidas": 0.0, "viv_averiadas": 35.0}}, {"type": "Feature", "geometry": {"type": "Point", "coordinates": [-76.02286946, 5.076100313]}, "properties": {"fecha": "2013-02-10", "municipio": "SANTUARIO", "departamento": "RISARALDA", "muertos": 0.0, "heridos": 0.0, "viv_destruidas": 0.0, "viv_averiadas": 0.0}}, {"type": "Feature", "geometry": {"type": "Point", "coordinates": [-75.611031065, 6.257590259]}, "properties": {"fecha": "1974-09-16", "municipio": "MEDELLIN", "departamento": "ANTIOQUIA", "muertos": 4.0, "heridos": 3.0, "viv_destruidas": 2.0, "viv_averiadas": 0.0}}, {"type": "Feature", "geometry": {"type": "Point", "coordinates": [-73.111569971, 7.155833544]}, "properties": {"fecha": "1928-11-02", "municipio": "BUCARAMANGA", "departamento": "SANTANDER", "muertos": 0.0, "heridos": 0.0, "viv_destruidas": 0.0, "viv_averiadas": 0.0}}, {"type": "Feature", "geometry": {"type": "Point", "coordinates": [-73.111569971, 7.155833544]}, "properties": {"fecha": "1932-12-15", "municipio": "BUCARAMANGA", "departamento": "SANTANDER", "muertos": 0.0, "heridos": 0.0, "viv_destruidas": 1.0, "viv_averiadas": 0.0}}, {"type": "Feature", "geometry": {"type": "Point", "coordinates": [-73.111569971, 7.155833544]}, "properties": {"fecha": "1944-01-05", "municipio": "BUCARAMANGA", "departamento": "SANTANDER", "muertos": 0.0, "heridos": 0.0, "viv_destruidas": 1.0, "viv_averiadas": 0.0}}, {"type": "Feature", "geometry": {"type": "Point", "coordinates": [-73.111569971, 7.155833544]}, "properties": {"fecha": "1962-07-16", "municipio": "BUCARAMANGA", "departamento": "SANTANDER", "muertos": 1.0, "heridos": 0.0, "viv_destruidas": 0.0, "viv_averiadas": 0.0}}, {"type": "Feature", "geometry": {"type": "Point", "coordinates": [-73.111569971, 7.155833544]}, "properties": {"fecha": "1963-03-03", "municipio": "BUCARAMANGA", "departamento": "SANTANDER", "muertos": 0.0, "heridos": 0.0, "viv_destruidas": 1.0, "viv_averiadas": 0.0}}, {"type": "Feature", "geometry": {"type": "Point", "coordinates": [-73.111569971, 7.155833544]}, "properties": {"fecha": "1968-05-16", "municipio": "BUCARAMANGA", "departamento": "SANTANDER", "muertos": 0.0, "heridos": 0.0, "viv_destruidas": 1.0, "viv_averiadas": 0.0}}, {"type": "Feature", "geometry": {"type": "Point", "coordinates": [-73.111569971, 7.155833544]}, "properties": {"fecha": "1973-03-03", "municipio": "BUCARAMANGA", "departamento": "SANTANDER", "muertos": 0.0, "heridos": 0.0, "viv_destruidas": 0.0, "viv_averiadas": 0.0}}, {"type": "Feature", "geometry": {"type": "Point", "coordinates": [-73.111569971, 7.155833544]}, "properties": {"fecha": "1973-08-31", "municipio": "BUCARAMANGA", "departamento": "SANTANDER", "muertos": 0.0, "heridos": 0.0, "viv_destruidas": 1.0, "viv_averiadas": 0.0}}, {"type": "Feature", "geometry": {"type": "Point", "coordinates": [-73.111569971, 7.155833544]}, "properties": {"fecha": "1974-04-19", "municipio": "BUCARAMANGA", "departamento": "SANTANDER", "muertos": 0.0, "heridos": 0.0, "viv_destruidas": 4.0, "viv_averiadas": 0.0}}, {"type": "Feature", "geometry": {"type": "Point", "coordinates": [-73.111569971, 7.155833544]}, "properties": {"fecha": "1979-11-24", "municipio": "BUCARAMANGA", "departamento": "SANTANDER", "muertos": 1.0, "heridos": 0.0, "viv_destruidas": 1.0, "viv_averiadas": 0.0}}, {"type": "Feature", "geometry": {"type": "Point", "coordinates": [-73.111569971, 7.155833544]}, "properties": {"fecha": "1981-10-20", "municipio": "BUCARAMANGA", "departamento": "SANTANDER", "muertos": 5.0, "heridos": 0.0, "viv_destruidas": 1.0, "viv_averiadas": 0.0}}, {"type": "Feature", "geometry": {"type": "Point", "coordinates": [-73.111569971, 7.155833544]}, "properties": {"fecha": "1986-06-16", "municipio": "BUCARAMANGA", "departamento": "SANTANDER", "muertos": 0.0, "heridos": 0.0, "viv_destruidas": 0.0, "viv_averiadas": 0.0}}, {"type": "Feature", "geometry": {"type": "Point", "coordinates": [-73.111569971, 7.155833544]}, "properties": {"fecha": "2012-02-25", "municipio": "BUCARAMANGA", "departamento": "SANTANDER", "muertos": 0.0, "heridos": 0.0, "viv_destruidas": 0.0, "viv_averiadas": 0.0}}, {"type": "Feature", "geometry": {"type": "Point", "coordinates": [-75.611031065, 6.257590259]}, "properties": {"fecha": "1977-08-16", "municipio": "MEDELLIN", "departamento": "ANTIOQUIA", "muertos": 0.0, "heridos": 70.0, "viv_destruidas": 0.0, "viv_averiadas": 0.0}}, {"type": "Feature", "geometry": {"type": "Point", "coordinates": [-73.111569971, 7.155833544]}, "properties": {"fecha": "2015-03-11", "municipio": "BUCARAMANGA", "departamento": "SANTANDER", "muertos": 0.0, "heridos": 0.0, "viv_destruidas": 0.0, "viv_averiadas": 0.0}}, {"type": "Feature", "geometry": {"type": "Point", "coordinates": [-73.111569971, 7.155833544]}, "properties": {"fecha": "2015-03-11", "municipio": "BUCARAMANGA", "departamento": "SANTANDER", "muertos": 0.0, "heridos": 0.0, "viv_destruidas": 0.0, "viv_averiadas": 0.0}}, {"type": "Feature", "geometry": {"type": "Point", "coordinates": [-73.530385409, 6.182208476]}, "properties": {"fecha": "2015-03-11", "municipio": "AGUADA", "departamento": "SANTANDER", "muertos": 0.0, "heridos": 0.0, "viv_destruidas": 0.0, "viv_averiadas": 0.0}}, {"type": "Feature", "geometry": {"type": "Point", "coordinates": [-73.623452292, 5.955617327]}, "properties": {"fecha": "1973-08-31", "municipio": "BARBOSA", "departamento": "SANTANDER", "muertos": 0.0, "heridos": 0.0, "viv_destruidas": 0.0, "viv_averiadas": 0.0}}, {"type": "Feature", "geometry": {"type": "Point", "coordinates": [-73.215184663, 6.647062543]}, "properties": {"fecha": "2015-03-11", "municipio": "BARICHARA", "departamento": "SANTANDER", "muertos": 0.0, "heridos": 0.0, "viv_destruidas": 0.0, "viv_averiadas": 0.0}}, {"type": "Feature", "geometry": {"type": "Point", "coordinates": [-73.782116461, 7.054074558]}, "properties": {"fecha": "1977-08-31", "municipio": "BARRANCABERMEJA", "departamento": "SANTANDER", "muertos": 0.0, "heridos": 0.0, "viv_destruidas": 0.0, "viv_averiadas": 0.0}}, {"type": "Feature", "geometry": {"type": "Point", "coordinates": [-75.611031065, 6.257590259]}, "properties": {"fecha": "1979-11-24", "municipio": "MEDELLIN", "departamento": "ANTIOQUIA", "muertos": 0.0, "heridos": 0.0, "viv_destruidas": 2.0, "viv_averiadas": 0.0}}, {"type": "Feature", "geometry": {"type": "Point", "coordinates": [-75.611031065, 6.257590259]}, "properties": {"fecha": "1980-04-16", "municipio": "MEDELLIN", "departamento": "ANTIOQUIA", "muertos": 0.0, "heridos": 0.0, "viv_destruidas": 0.0, "viv_averiadas": 0.0}}, {"type": "Feature", "geometry": {"type": "Point", "coordinates": [-73.782116461, 7.054074558]}, "properties": {"fecha": "2015-03-11", "municipio": "BARRANCABERMEJA", "departamento": "SANTANDER", "muertos": 0.0, "heridos": 0.0, "viv_destruidas": 0.0, "viv_averiadas": 243.0}}, {"type": "Feature", "geometry": {"type": "Point", "coordinates": [-73.378723879, 7.033255886]}, "properties": {"fecha": "1967-07-30", "municipio": "BETULIA", "departamento": "SANTANDER", "muertos": 4.0, "heridos": 0.0, "viv_destruidas": 0.0, "viv_averiadas": 0.0}}, {"type": "Feature", "geometry": {"type": "Point", "coordinates": [-73.378723879, 7.033255886]}, "properties": {"fecha": "1973-08-31", "municipio": "BETULIA", "departamento": "SANTANDER", "muertos": 0.0, "heridos": 0.0, "viv_destruidas": 5.0, "viv_averiadas": 0.0}}, {"type": "Feature", "geometry": {"type": "Point", "coordinates": [-73.378723879, 7.033255886]}, "properties": {"fecha": "2014-02-08", "municipio": "BETULIA", "departamento": "SANTANDER", "muertos": 0.0, "heridos": 0.0, "viv_destruidas": 0.0, "viv_averiadas": 0.0}}, {"type": "Feature", "geometry": {"type": "Point", "coordinates": [-73.378723879, 7.033255886]}, "properties": {"fecha": "2015-03-11", "municipio": "BETULIA", "departamento": "SANTANDER", "muertos": 0.0, "heridos": 4.0, "viv_destruidas": 92.0, "viv_averiadas": 265.0}}, {"type": "Feature", "geometry": {"type": "Point", "coordinates": [-72.92924629, 6.752465533]}, "properties": {"fecha": "1974-04-19", "municipio": "CEPITA", "departamento": "SANTANDER", "muertos": 1.0, "heridos": 2.0, "viv_destruidas": 60.0, "viv_averiadas": 0.0}}, {"type": "Feature", "geometry": {"type": "Point", "coordinates": [-72.92924629, 6.752465533]}, "properties": {"fecha": "2015-03-11", "municipio": "CEPITA", "departamento": "SANTANDER", "muertos": 0.0, "heridos": 0.0, "viv_destruidas": 0.0, "viv_averiadas": 2.0}}, {"type": "Feature", "geometry": {"type": "Point", "coordinates": [-72.978290565, 7.282973001]}, "properties": {"fecha": "2015-03-11", "municipio": "CHARTA", "departamento": "SANTANDER", "muertos": 0.0, "heridos": 0.0, "viv_destruidas": 0.0, "viv_averiadas": 100.0}}, {"type": "Feature", "geometry": {"type": "Point", "coordinates": [-73.632391317, 6.067944658]}, "properties": {"fecha": "1967-07-30", "municipio": "CHIPATA", "departamento": "SANTANDER", "muertos": 0.0, "heridos": 0.0, "viv_destruidas": 0.0, "viv_averiadas": 0.0}}, {"type": "Feature", "geometry": {"type": "Point", "coordinates": [-72.618157347, 6.76062337]}, "properties": {"fecha": "1967-07-30", "municipio": "CONCEPCION", "departamento": "SANTANDER", "muertos": 0.0, "heridos": 0.0, "viv_destruidas": 0.0, "viv_averiadas": 0.0}}, {"type": "Feature", "geometry": {"type": "Point", "coordinates": [-72.618157347, 6.76062337]}, "properties": {"fecha": "2015-03-11", "municipio": "CONCEPCION", "departamento": "SANTANDER", "muertos": 0.0, "heridos": 0.0, "viv_destruidas": 0.0, "viv_averiadas": 0.0}}, {"type": "Feature", "geometry": {"type": "Point", "coordinates": [-73.181581916, 7.524284721]}, "properties": {"fecha": "2015-03-11", "municipio": "EL PLAYON", "departamento": "SANTANDER", "muertos": 0.0, "heridos": 0.0, "viv_destruidas": 63.0, "viv_averiadas": 304.0}}, {"type": "Feature", "geometry": {"type": "Point", "coordinates": [-73.181581916, 7.524284721]}, "properties": {"fecha": "2016-08-29", "municipio": "EL PLAYON", "departamento": "SANTANDER", "muertos": 0.0, "heridos": 0.0, "viv_destruidas": 0.0, "viv_averiadas": 100.0}}, {"type": "Feature", "geometry": {"type": "Point", "coordinates": [-72.680279389, 6.65824115]}, "properties": {"fecha": "2015-03-11", "municipio": "ENCISO", "departamento": "SANTANDER", "muertos": 0.0, "heridos": 0.0, "viv_destruidas": 0.0, "viv_averiadas": 0.0}}, {"type": "Feature", "geometry": {"type": "Point", "coordinates": [-73.067992503, 7.079704598]}, "properties": {"fecha": "1973-08-31", "municipio": "FLORIDABLANCA", "departamento": "SANTANDER", "muertos": 0.0, "heridos": 0.0, "viv_destruidas": 0.0, "viv_averiadas": 0.0}}, {"type": "Feature", "geometry": {"type": "Point", "coordinates": [-73.067992503, 7.079704598]}, "properties": {"fecha": "2015-03-11", "municipio": "FLORIDABLANCA", "departamento": "SANTANDER", "muertos": 0.0, "heridos": 0.0, "viv_destruidas": 0.0, "viv_averiadas": 0.0}}, {"type": "Feature", "geometry": {"type": "Point", "coordinates": [-73.324671243, 6.671810994]}, "properties": {"fecha": "2012-02-25", "municipio": "GALAN", "departamento": "SANTANDER", "muertos": 0.0, "heridos": 0.0, "viv_destruidas": 0.0, "viv_averiadas": 5.0}}, {"type": "Feature", "geometry": {"type": "Point", "coordinates": [-73.324671243, 6.671810994]}, "properties": {"fecha": "2014-02-08", "municipio": "GALAN", "departamento": "SANTANDER", "muertos": 0.0, "heridos": 0.0, "viv_destruidas": 0.0, "viv_averiadas": 0.0}}, {"type": "Feature", "geometry": {"type": "Point", "coordinates": [-73.319399336, 5.924383558]}, "properties": {"fecha": "1967-07-30", "municipio": "GAMBITA", "departamento": "SANTANDER", "muertos": 0.0, "heridos": 0.0, "viv_destruidas": 0.0, "viv_averiadas": 0.0}}, {"type": "Feature", "geometry": {"type": "Point", "coordinates": [-73.319399336, 5.924383558]}, "properties": {"fecha": "2015-03-11", "municipio": "GAMBITA", "departamento": "SANTANDER", "muertos": 0.0, "heridos": 0.0, "viv_destruidas": 0.0, "viv_averiadas": 0.0}}, {"type": "Feature", "geometry": {"type": "Point", "coordinates": [-73.205267004, 6.976734127]}, "properties": {"fecha": "1973-08-31", "municipio": "GIRON", "departamento": "SANTANDER", "muertos": 0.0, "heridos": 0.0, "viv_destruidas": 0.0, "viv_averiadas": 0.0}}, {"type": "Feature", "geometry": {"type": "Point", "coordinates": [-73.205267004, 6.976734127]}, "properties": {"fecha": "2014-11-27", "municipio": "GIRON", "departamento": "SANTANDER", "muertos": 0.0, "heridos": 0.0, "viv_destruidas": 0.0, "viv_averiadas": 3.0}}, {"type": "Feature", "geometry": {"type": "Point", "coordinates": [-73.205267004, 6.976734127]}, "properties": {"fecha": "2015-03-11", "municipio": "GIRON", "departamento": "SANTANDER", "muertos": 0.0, "heridos": 0.0, "viv_destruidas": 0.0, "viv_averiadas": 5.0}}, {"type": "Feature", "geometry": {"type": "Point", "coordinates": [-72.823698733, 6.9434341]}, "properties": {"fecha": "1974-04-19", "municipio": "GUACA", "departamento": "SANTANDER", "muertos": 0.0, "heridos": 0.0, "viv_destruidas": 0.0, "viv_averiadas": 0.0}}, {"type": "Feature", "geometry": {"type": "Point", "coordinates": [-73.409774453, 6.233278248]}, "properties": {"fecha": "1967-07-30", "municipio": "GUADALUPE", "departamento": "SANTANDER", "muertos": 0.0, "heridos": 0.0, "viv_destruidas": 0.0, "viv_averiadas": 0.0}}, {"type": "Feature", "geometry": {"type": "Point", "coordinates": [-73.578478539, 6.04656148]}, "properties": {"fecha": "1967-07-30", "municipio": "GÜEPSA", "departamento": "SANTANDER", "muertos": 0.0, "heridos": 0.0, "viv_destruidas": 0.0, "viv_averiadas": 0.0}}, {"type": "Feature", "geometry": {"type": "Point", "coordinates": [-73.361788405, 6.559878299]}, "properties": {"fecha": "2003-07-15", "municipio": "HATO", "departamento": "SANTANDER", "muertos": 0.0, "heridos": 0.0, "viv_destruidas": 0.0, "viv_averiadas": 0.0}}, {"type": "Feature", "geometry": {"type": "Point", "coordinates": [-73.121123602, 6.710814846]}, "properties": {"fecha": "2012-10-04", "municipio": "JORDAN", "departamento": "SANTANDER", "muertos": 0.0, "heridos": 0.0, "viv_destruidas": 0.0, "viv_averiadas": 0.0}}, {"type": "Feature", "geometry": {"type": "Point", "coordinates": [-73.629771951, 6.21737437]}, "properties": {"fecha": "1967-07-30", "municipio": "LA PAZ", "departamento": "SANTANDER", "muertos": 0.0, "heridos": 0.0, "viv_destruidas": 0.0, "viv_averiadas": 0.0}}, {"type": "Feature", "geometry": {"type": "Point", "coordinates": [-73.291380974, 7.204060063]}, "properties": {"fecha": "1979-03-12", "municipio": "LEBRIJA", "departamento": "SANTANDER", "muertos": 0.0, "heridos": 0.0, "viv_destruidas": 0.0, "viv_averiadas": 0.0}}, {"type": "Feature", "geometry": {"type": "Point", "coordinates": [-73.291380974, 7.204060063]}, "properties": {"fecha": "2015-03-11", "municipio": "LEBRIJA", "departamento": "SANTANDER", "muertos": 0.0, "heridos": 0.0, "viv_destruidas": 0.0, "viv_averiadas": 1.0}}, {"type": "Feature", "geometry": {"type": "Point", "coordinates": [-73.107850857, 6.812162934]}, "properties": {"fecha": "2004-01-20", "municipio": "LOS SANTOS", "departamento": "SANTANDER", "muertos": 0.0, "heridos": 0.0, "viv_destruidas": 0.0, "viv_averiadas": 0.0}}, {"type": "Feature", "geometry": {"type": "Point", "coordinates": [-73.107850857, 6.812162934]}, "properties": {"fecha": "2010-01-29", "municipio": "LOS SANTOS", "departamento": "SANTANDER", "muertos": 0.0, "heridos": 0.0, "viv_destruidas": 0.0, "viv_averiadas": 0.0}}, {"type": "Feature", "geometry": {"type": "Point", "coordinates": [-73.107850857, 6.812162934]}, "properties": {"fecha": "2012-02-25", "municipio": "LOS SANTOS", "departamento": "SANTANDER", "muertos": 0.0, "heridos": 0.0, "viv_destruidas": 0.0, "viv_averiadas": 0.0}}, {"type": "Feature", "geometry": {"type": "Point", "coordinates": [-73.107850857, 6.812162934]}, "properties": {"fecha": "2012-02-27", "municipio": "LOS SANTOS", "departamento": "SANTANDER", "muertos": 0.0, "heridos": 0.0, "viv_destruidas": 0.0, "viv_averiadas": 0.0}}, {"type": "Feature", "geometry": {"type": "Point", "coordinates": [-73.107850857, 6.812162934]}, "properties": {"fecha": "2012-10-23", "municipio": "LOS SANTOS", "departamento": "SANTANDER", "muertos": 0.0, "heridos": 0.0, "viv_destruidas": 0.0, "viv_averiadas": 0.0}}, {"type": "Feature", "geometry": {"type": "Point", "coordinates": [-73.107850857, 6.812162934]}, "properties": {"fecha": "2015-03-11", "municipio": "LOS SANTOS", "departamento": "SANTANDER", "muertos": 0.0, "heridos": 1.0, "viv_destruidas": 23.0, "viv_averiadas": 180.0}}, {"type": "Feature", "geometry": {"type": "Point", "coordinates": [-73.107850857, 6.812162934]}, "properties": {"fecha": "2017-12-31", "municipio": "LOS SANTOS", "departamento": "SANTANDER", "muertos": 0.0, "heridos": 0.0, "viv_destruidas": 0.0, "viv_averiadas": 0.0}}, {"type": "Feature", "geometry": {"type": "Point", "coordinates": [-73.107850857, 6.812162934]}, "properties": {"fecha": "2020-12-12", "municipio": "LOS SANTOS", "departamento": "SANTANDER", "muertos": 0.0, "heridos": 0.0, "viv_destruidas": 0.0, "viv_averiadas": 0.0}}, {"type": "Feature", "geometry": {"type": "Point", "coordinates": [-72.738410914, 6.720222349]}, "properties": {"fecha": "1974-04-19", "municipio": "MALAGA", "departamento": "SANTANDER", "muertos": 0.0, "heridos": 0.0, "viv_destruidas": 0.0, "viv_averiadas": 0.0}}, {"type": "Feature", "geometry": {"type": "Point", "coordinates": [-72.738410914, 6.720222349]}, "properties": {"fecha": "2012-07-10", "municipio": "MALAGA", "departamento": "SANTANDER", "muertos": 0.0, "heridos": 0.0, "viv_destruidas": 0.0, "viv_averiadas": 0.0}}, {"type": "Feature", "geometry": {"type": "Point", "coordinates": [-72.738410914, 6.720222349]}, "properties": {"fecha": "2015-03-11", "municipio": "MALAGA", "departamento": "SANTANDER", "muertos": 0.0, "heridos": 0.0, "viv_destruidas": 0.0, "viv_averiadas": 0.0}}, {"type": "Feature", "geometry": {"type": "Point", "coordinates": [-73.054389973, 7.348778319]}, "properties": {"fecha": "1973-08-31", "municipio": "MATANZA", "departamento": "SANTANDER", "muertos": 0.0, "heridos": 0.0, "viv_destruidas": 0.0, "viv_averiadas": 2.0}}, {"type": "Feature", "geometry": {"type": "Point", "coordinates": [-73.054389973, 7.348778319]}, "properties": {"fecha": "2015-03-11", "municipio": "MATANZA", "departamento": "SANTANDER", "muertos": 0.0, "heridos": 0.0, "viv_destruidas": 142.0, "viv_averiadas": 611.0}}, {"type": "Feature", "geometry": {"type": "Point", "coordinates": [-73.054389973, 7.348778319]}, "properties": {"fecha": "2016-08-29", "municipio": "MATANZA", "departamento": "SANTANDER", "muertos": 0.0, "heridos": 0.0, "viv_destruidas": 0.0, "viv_averiadas": 2.0}}, {"type": "Feature", "geometry": {"type": "Point", "coordinates": [-72.819162739, 6.643290559]}, "properties": {"fecha": "2012-02-25", "municipio": "MOLAGAVITA", "departamento": "SANTANDER", "muertos": 0.0, "heridos": 0.0, "viv_destruidas": 0.0, "viv_averiadas": 0.0}}, {"type": "Feature", "geometry": {"type": "Point", "coordinates": [-73.122118331, 6.355368858]}, "properties": {"fecha": "1967-07-30", "municipio": "OCAMONTE", "departamento": "SANTANDER", "muertos": 0.0, "heridos": 0.0, "viv_destruidas": 0.0, "viv_averiadas": 0.0}}, {"type": "Feature", "geometry": {"type": "Point", "coordinates": [-75.611031065, 6.257590259]}, "properties": {"fecha": "1992-10-19", "municipio": "MEDELLIN", "departamento": "ANTIOQUIA", "muertos": 0.0, "heridos": 50.0, "viv_destruidas": 0.0, "viv_averiadas": 75.0}}, {"type": "Feature", "geometry": {"type": "Point", "coordinates": [-73.279615153, 6.225596216]}, "properties": {"fecha": "1967-07-30", "municipio": "OIBA", "departamento": "SANTANDER", "muertos": 0.0, "heridos": 0.0, "viv_destruidas": 0.0, "viv_averiadas": 0.0}}, {"type": "Feature", "geometry": {"type": "Point", "coordinates": [-72.812058376, 6.335194548]}, "properties": {"fecha": "2015-03-11", "municipio": "ONZAGA", "departamento": "SANTANDER", "muertos": 0.0, "heridos": 0.0, "viv_destruidas": 1.0, "viv_averiadas": 97.0}}, {"type": "Feature", "geometry": {"type": "Point", "coordinates": [-73.282473371, 6.525876964]}, "properties": {"fecha": "1967-07-30", "municipio": "PALMAR", "departamento": "SANTANDER", "muertos": 0.0, "heridos": 0.0, "viv_destruidas": 0.0, "viv_averiadas": 0.0}}, {"type": "Feature", "geometry": {"type": "Point", "coordinates": [-73.282731743, 6.391750107]}, "properties": {"fecha": "2015-04-12", "municipio": "PALMAS DEL SOCORRO", "departamento": "SANTANDER", "muertos": 0.0, "heridos": 0.0, "viv_destruidas": 1.0, "viv_averiadas": 52.0}}, {"type": "Feature", "geometry": {"type": "Point", "coordinates": [-73.014811964, 6.97082104]}, "properties": {"fecha": "1967-07-30", "municipio": "PIEDECUESTA", "departamento": "SANTANDER", "muertos": 0.0, "heridos": 0.0, "viv_destruidas": 0.0, "viv_averiadas": 0.0}}, {"type": "Feature", "geometry": {"type": "Point", "coordinates": [-73.014811964, 6.97082104]}, "properties": {"fecha": "1973-08-31", "municipio": "PIEDECUESTA", "departamento": "SANTANDER", "muertos": 0.0, "heridos": 0.0, "viv_destruidas": 0.0, "viv_averiadas": 0.0}}, {"type": "Feature", "geometry": {"type": "Point", "coordinates": [-73.175709863, 6.513892626]}, "properties": {"fecha": "1973-08-31", "municipio": "PINCHOTE", "departamento": "SANTANDER", "muertos": 0.0, "heridos": 0.0, "viv_destruidas": 0.0, "viv_averiadas": 0.0}}, {"type": "Feature", "geometry": {"type": "Point", "coordinates": [-73.678418153, 5.831129906]}, "properties": {"fecha": "1917-09-01", "municipio": "PUENTE NACIONAL", "departamento": "SANTANDER", "muertos": 0.0, "heridos": 0.0, "viv_destruidas": 0.0, "viv_averiadas": 0.0}}, {"type": "Feature", "geometry": {"type": "Point", "coordinates": [-73.678418153, 5.831129906]}, "properties": {"fecha": "1967-07-30", "municipio": "PUENTE NACIONAL", "departamento": "SANTANDER", "muertos": 0.0, "heridos": 0.0, "viv_destruidas": 0.0, "viv_averiadas": 0.0}}, {"type": "Feature", "geometry": {"type": "Point", "coordinates": [-73.372464172, 7.474226085]}, "properties": {"fecha": "2015-03-11", "municipio": "RIONEGRO", "departamento": "SANTANDER", "muertos": 0.0, "heridos": 0.0, "viv_destruidas": 215.0, "viv_averiadas": 446.0}}, {"type": "Feature", "geometry": {"type": "Point", "coordinates": [-73.372464172, 7.474226085]}, "properties": {"fecha": "2016-08-29", "municipio": "RIONEGRO", "departamento": "SANTANDER", "muertos": 0.0, "heridos": 0.0, "viv_destruidas": 0.0, "viv_averiadas": 2.0}}, {"type": "Feature", "geometry": {"type": "Point", "coordinates": [-72.816132023, 6.796483063]}, "properties": {"fecha": "1974-04-19", "municipio": "SAN ANDRES", "departamento": "SANTANDER", "muertos": 2.0, "heridos": 0.0, "viv_destruidas": 0.0, "viv_averiadas": 0.0}}, {"type": "Feature", "geometry": {"type": "Point", "coordinates": [-73.552953018, 6.076525355]}, "properties": {"fecha": "1974-04-19", "municipio": "SAN BENITO", "departamento": "SANTANDER", "muertos": 0.0, "heridos": 0.0, "viv_destruidas": 0.0, "viv_averiadas": 30.0}}, {"type": "Feature", "geometry": {"type": "Point", "coordinates": [-73.552953018, 6.076525355]}, "properties": {"fecha": "1994-06-21", "municipio": "SAN BENITO", "departamento": "SANTANDER", "muertos": 0.0, "heridos": 0.0, "viv_destruidas": 0.0, "viv_averiadas": 10.0}}, {"type": "Feature", "geometry": {"type": "Point", "coordinates": [-73.118879111, 6.550778765]}, "properties": {"fecha": "1965-09-09", "municipio": "SAN GIL", "departamento": "SANTANDER", "muertos": 0.0, "heridos": 0.0, "viv_destruidas": 1.0, "viv_averiadas": 0.0}}, {"type": "Feature", "geometry": {"type": "Point", "coordinates": [-73.118879111, 6.550778765]}, "properties": {"fecha": "1973-01-16", "municipio": "SAN GIL", "departamento": "SANTANDER", "muertos": 0.0, "heridos": 0.0, "viv_destruidas": 1.0, "viv_averiadas": 0.0}}, {"type": "Feature", "geometry": {"type": "Point", "coordinates": [-73.118879111, 6.550778765]}, "properties": {"fecha": "1974-04-19", "municipio": "SAN GIL", "departamento": "SANTANDER", "muertos": 0.0, "heridos": 0.0, "viv_destruidas": 0.0, "viv_averiadas": 0.0}}, {"type": "Feature", "geometry": {"type": "Point", "coordinates": [-73.118879111, 6.550778765]}, "properties": {"fecha": "1986-06-16", "municipio": "SAN GIL", "departamento": "SANTANDER", "muertos": 0.0, "heridos": 0.0, "viv_destruidas": 0.0, "viv_averiadas": 0.0}}, {"type": "Feature", "geometry": {"type": "Point", "coordinates": [-72.85471883, 6.459879823]}, "properties": {"fecha": "2015-03-11", "municipio": "SAN JOAQUIN", "departamento": "SANTANDER", "muertos": 0.0, "heridos": 0.0, "viv_destruidas": 0.0, "viv_averiadas": 4.0}}, {"type": "Feature", "geometry": {"type": "Point", "coordinates": [-73.459109916, 6.494231551]}, "properties": {"fecha": "1973-08-31", "municipio": "SIMACOTA", "departamento": "SANTANDER", "muertos": 0.0, "heridos": 1.0, "viv_destruidas": 0.0, "viv_averiadas": 0.0}}, {"type": "Feature", "geometry": {"type": "Point", "coordinates": [-73.459109916, 6.494231551]}, "properties": {"fecha": "2018-01-01", "municipio": "SIMACOTA", "departamento": "SANTANDER", "muertos": 0.0, "heridos": 0.0, "viv_destruidas": 0.0, "viv_averiadas": 0.0}}, {"type": "Feature", "geometry": {"type": "Point", "coordinates": [-73.244360009, 6.462088241]}, "properties": {"fecha": "2015-03-11", "municipio": "SOCORRO", "departamento": "SANTANDER", "muertos": 0.0, "heridos": 0.0, "viv_destruidas": 0.0, "viv_averiadas": 0.0}}, {"type": "Feature", "geometry": {"type": "Point", "coordinates": [-73.362257946, 6.101499739]}, "properties": {"fecha": "1967-07-30", "municipio": "SUAITA", "departamento": "SANTANDER", "muertos": 0.0, "heridos": 0.0, "viv_destruidas": 0.0, "viv_averiadas": 0.0}}, {"type": "Feature", "geometry": {"type": "Point", "coordinates": [-72.987799659, 7.475402063]}, "properties": {"fecha": "2015-03-11", "municipio": "SURATA", "departamento": "SANTANDER", "muertos": 0.0, "heridos": 0.0, "viv_destruidas": 15.0, "viv_averiadas": 191.0}}, {"type": "Feature", "geometry": {"type": "Point", "coordinates": [-73.10997171, 6.434578919]}, "properties": {"fecha": "1967-07-30", "municipio": "VALLE DE SAN JOSE", "departamento": "SANTANDER", "muertos": 0.0, "heridos": 0.0, "viv_destruidas": 0.0, "viv_averiadas": 0.0}}, {"type": "Feature", "geometry": {"type": "Point", "coordinates": [-73.690572558, 6.00741043]}, "properties": {"fecha": "1967-07-30", "municipio": "VELEZ", "departamento": "SANTANDER", "muertos": 0.0, "heridos": 0.0, "viv_destruidas": 0.0, "viv_averiadas": 0.0}}, {"type": "Feature", "geometry": {"type": "Point", "coordinates": [-73.690572558, 6.00741043]}, "properties": {"fecha": "2015-03-11", "municipio": "VELEZ", "departamento": "SANTANDER", "muertos": 0.0, "heridos": 0.0, "viv_destruidas": 0.0, "viv_averiadas": 0.0}}, {"type": "Feature", "geometry": {"type": "Point", "coordinates": [-72.881569005, 7.322219563]}, "properties": {"fecha": "2012-07-10", "municipio": "VETAS", "departamento": "SANTANDER", "muertos": 0.0, "heridos": 0.0, "viv_destruidas": 0.0, "viv_averiadas": 0.0}}, {"type": "Feature", "geometry": {"type": "Point", "coordinates": [-73.309750443, 6.813725566]}, "properties": {"fecha": "2015-03-11", "municipio": "ZAPATOCA", "departamento": "SANTANDER", "muertos": 0.0, "heridos": 0.0, "viv_destruidas": 0.0, "viv_averiadas": 12.0}}, {"type": "Feature", "geometry": {"type": "Point", "coordinates": [-73.309750443, 6.813725566]}, "properties": {"fecha": "2020-05-06", "municipio": "ZAPATOCA", "departamento": "SANTANDER", "muertos": 0.0, "heridos": 0.0, "viv_destruidas": 0.0, "viv_averiadas": 0.0}}, {"type": "Feature", "geometry": {"type": "Point", "coordinates": [-73.309750443, 6.813725566]}, "properties": {"fecha": "2020-07-09", "municipio": "ZAPATOCA", "departamento": "SANTANDER", "muertos": 0.0, "heridos": 0.0, "viv_destruidas": 0.0, "viv_averiadas": 0.0}}, {"type": "Feature", "geometry": {"type": "Point", "coordinates": [-75.238581777, 9.160624283]}, "properties": {"fecha": "1942-12-27", "municipio": "COROZAL", "departamento": "SUCRE", "muertos": 0.0, "heridos": 0.0, "viv_destruidas": 1.0, "viv_averiadas": 0.0}}, {"type": "Feature", "geometry": {"type": "Point", "coordinates": [-74.747531312, 8.814333477]}, "properties": {"fecha": "2020-04-16", "municipio": "SUCRE", "departamento": "SUCRE", "muertos": 0.0, "heridos": 0.0, "viv_destruidas": 0.0, "viv_averiadas": 10.0}}, {"type": "Feature", "geometry": {"type": "Point", "coordinates": [-75.252590995, 4.451921427]}, "properties": {"fecha": "1917-09-01", "municipio": "IBAGUE", "departamento": "TOLIMA", "muertos": 0.0, "heridos": 0.0, "viv_destruidas": 0.0, "viv_averiadas": 0.0}}, {"type": "Feature", "geometry": {"type": "Point", "coordinates": [-75.252590995, 4.451921427]}, "properties": {"fecha": "1942-05-02", "municipio": "IBAGUE", "departamento": "TOLIMA", "muertos": 0.0, "heridos": 1.0, "viv_destruidas": 1.0, "viv_averiadas": 0.0}}, {"type": "Feature", "geometry": {"type": "Point", "coordinates": [-75.252590995, 4.451921427]}, "properties": {"fecha": "1962-07-16", "municipio": "IBAGUE", "departamento": "TOLIMA", "muertos": 0.0, "heridos": 2.0, "viv_destruidas": 0.0, "viv_averiadas": 0.0}}, {"type": "Feature", "geometry": {"type": "Point", "coordinates": [-75.252590995, 4.451921427]}, "properties": {"fecha": "1979-11-24", "municipio": "IBAGUE", "departamento": "TOLIMA", "muertos": 0.0, "heridos": 0.0, "viv_destruidas": 0.0, "viv_averiadas": 0.0}}, {"type": "Feature", "geometry": {"type": "Point", "coordinates": [-75.252590995, 4.451921427]}, "properties": {"fecha": "1980-06-26", "municipio": "IBAGUE", "departamento": "TOLIMA", "muertos": 0.0, "heridos": 0.0, "viv_destruidas": 0.0, "viv_averiadas": 3.0}}, {"type": "Feature", "geometry": {"type": "Point", "coordinates": [-75.252590995, 4.451921427]}, "properties": {"fecha": "2008-11-10", "municipio": "IBAGUE", "departamento": "TOLIMA", "muertos": 0.0, "heridos": 0.0, "viv_destruidas": 0.0, "viv_averiadas": 20.0}}, {"type": "Feature", "geometry": {"type": "Point", "coordinates": [-75.252590995, 4.451921427]}, "properties": {"fecha": "2015-03-11", "municipio": "IBAGUE", "departamento": "TOLIMA", "muertos": 0.0, "heridos": 0.0, "viv_destruidas": 0.0, "viv_averiadas": 0.0}}, {"type": "Feature", "geometry": {"type": "Point", "coordinates": [-75.201654227, 4.623390454]}, "properties": {"fecha": "1979-11-24", "municipio": "ANZOATEGUI", "departamento": "TOLIMA", "muertos": 0.0, "heridos": 0.0, "viv_destruidas": 1.0, "viv_averiadas": 0.0}}, {"type": "Feature", "geometry": {"type": "Point", "coordinates": [-75.201654227, 4.623390454]}, "properties": {"fecha": "1999-01-26", "municipio": "ANZOATEGUI", "departamento": "TOLIMA", "muertos": 0.0, "heridos": 0.0, "viv_destruidas": 0.0, "viv_averiadas": 0.0}}, {"type": "Feature", "geometry": {"type": "Point", "coordinates": [-75.497459183, 4.406971283]}, "properties": {"fecha": "1979-11-24", "municipio": "CAJAMARCA", "departamento": "TOLIMA", "muertos": 0.0, "heridos": 0.0, "viv_destruidas": 0.0, "viv_averiadas": 0.0}}, {"type": "Feature", "geometry": {"type": "Point", "coordinates": [-75.497459183, 4.406971283]}, "properties": {"fecha": "1999-01-26", "municipio": "CAJAMARCA", "departamento": "TOLIMA", "muertos": 3.0, "heridos": 0.0, "viv_destruidas": 295.0, "viv_averiadas": 1048.0}}, {"type": "Feature", "geometry": {"type": "Point", "coordinates": [-75.589866342, 3.743693084]}, "properties": {"fecha": "1979-11-24", "municipio": "CHAPARRAL", "departamento": "TOLIMA", "muertos": 0.0, "heridos": 0.0, "viv_destruidas": 0.0, "viv_averiadas": 0.0}}, {"type": "Feature", "geometry": {"type": "Point", "coordinates": [-75.589866342, 3.743693084]}, "properties": {"fecha": "1997-09-03", "municipio": "CHAPARRAL", "departamento": "TOLIMA", "muertos": 0.0, "heridos": 14.0, "viv_destruidas": 6.0, "viv_averiadas": 23.0}}, {"type": "Feature", "geometry": {"type": "Point", "coordinates": [-75.589866342, 3.743693084]}, "properties": {"fecha": "2007-05-28", "municipio": "CHAPARRAL", "departamento": "TOLIMA", "muertos": 0.0, "heridos": 0.0, "viv_destruidas": 0.0, "viv_averiadas": 0.0}}, {"type": "Feature", "geometry": {"type": "Point", "coordinates": [-75.589866342, 3.743693084]}, "properties": {"fecha": "2020-03-20", "municipio": "CHAPARRAL", "departamento": "TOLIMA", "muertos": 0.0, "heridos": 0.0, "viv_destruidas": 0.0, "viv_averiadas": 0.0}}, {"type": "Feature", "geometry": {"type": "Point", "coordinates": [-75.147202131, 3.775490271]}, "properties": {"fecha": "2010-07-30", "municipio": "COYAIMA", "departamento": "TOLIMA", "muertos": 0.0, "heridos": 0.0, "viv_destruidas": 0.0, "viv_averiadas": 0.0}}, {"type": "Feature", "geometry": {"type": "Point", "coordinates": [-75.438473525, 5.803728154]}, "properties": {"fecha": "1962-07-16", "municipio": "ABEJORRAL", "departamento": "ANTIOQUIA", "muertos": 0.0, "heridos": 0.0, "viv_destruidas": 8.0, "viv_averiadas": 0.0}}, {"type": "Feature", "geometry": {"type": "Point", "coordinates": [-75.438473525, 5.803728154]}, "properties": {"fecha": "1976-05-20", "municipio": "ABEJORRAL", "departamento": "ANTIOQUIA", "muertos": 0.0, "heridos": 0.0, "viv_destruidas": 0.0, "viv_averiadas": 0.0}}, {"type": "Feature", "geometry": {"type": "Point", "coordinates": [-75.438473525, 5.803728154]}, "properties": {"fecha": "1992-10-19", "municipio": "ABEJORRAL", "departamento": "ANTIOQUIA", "muertos": 0.0, "heridos": 0.0, "viv_destruidas": 0.0, "viv_averiadas": 0.0}}, {"type": "Feature", "geometry": {"type": "Point", "coordinates": [-74.893529408, 4.166476969]}, "properties": {"fecha": "1917-09-01", "municipio": "ESPINAL", "departamento": "TOLIMA", "muertos": 0.0, "heridos": 0.0, "viv_destruidas": 0.0, "viv_averiadas": 0.0}}, {"type": "Feature", "geometry": {"type": "Point", "coordinates": [-74.957033717, 5.079256598]}, "properties": {"fecha": "1979-11-24", "municipio": "FALAN", "departamento": "TOLIMA", "muertos": 0.0, "heridos": 0.0, "viv_destruidas": 1.0, "viv_averiadas": 0.0}}, {"type": "Feature", "geometry": {"type": "Point", "coordinates": [-76.085977561, 6.627569378]}, "properties": {"fecha": "1992-10-19", "municipio": "ABRIAQUI", "departamento": "ANTIOQUIA", "muertos": 0.0, "heridos": 2.0, "viv_destruidas": 0.0, "viv_averiadas": 0.0}}, {"type": "Feature", "geometry": {"type": "Point", "coordinates": [-75.052289947, 5.186694812]}, "properties": {"fecha": "1979-11-24", "municipio": "FRESNO", "departamento": "TOLIMA", "muertos": 0.0, "heridos": 0.0, "viv_destruidas": 0.0, "viv_averiadas": 0.0}}, {"type": "Feature", "geometry": {"type": "Point", "coordinates": [-75.708003098, 6.032921994]}, "properties": {"fecha": "1938-02-05", "municipio": "AMAGA", "departamento": "ANTIOQUIA", "muertos": 1.0, "heridos": 0.0, "viv_destruidas": 1.0, "viv_averiadas": 0.0}}, {"type": "Feature", "geometry": {"type": "Point", "coordinates": [-74.97657287, 4.076501341]}, "properties": {"fecha": "2010-07-30", "municipio": "GUAMO", "departamento": "TOLIMA", "muertos": 0.0, "heridos": 1.0, "viv_destruidas": 0.0, "viv_averiadas": 0.0}}, {"type": "Feature", "geometry": {"type": "Point", "coordinates": [-75.243229587, 5.068553783]}, "properties": {"fecha": "1992-10-19", "municipio": "HERVEO", "departamento": "TOLIMA", "muertos": 0.0, "heridos": 0.0, "viv_destruidas": 0.0, "viv_averiadas": 0.0}}, {"type": "Feature", "geometry": {"type": "Point", "coordinates": [-74.783030938, 5.179416561]}, "properties": {"fecha": "2015-03-11", "municipio": "HONDA", "departamento": "TOLIMA", "muertos": 0.0, "heridos": 0.0, "viv_destruidas": 0.0, "viv_averiadas": 0.0}}, {"type": "Feature", "geometry": {"type": "Point", "coordinates": [-75.047630757, 4.877936755]}, "properties": {"fecha": "1967-07-30", "municipio": "LIBANO", "departamento": "TOLIMA", "muertos": 2.0, "heridos": 0.0, "viv_destruidas": 0.0, "viv_averiadas": 0.0}}, {"type": "Feature", "geometry": {"type": "Point", "coordinates": [-75.278243144, 3.937793962]}, "properties": {"fecha": "1979-11-24", "municipio": "ORTEGA", "departamento": "TOLIMA", "muertos": 0.0, "heridos": 0.0, "viv_destruidas": 0.0, "viv_averiadas": 0.0}}, {"type": "Feature", "geometry": {"type": "Point", "coordinates": [-75.81684413, 3.09897343]}, "properties": {"fecha": "1967-02-16", "municipio": "PLANADAS", "departamento": "TOLIMA", "muertos": 3.0, "heridos": 0.0, "viv_destruidas": 0.0, "viv_averiadas": 0.0}}, {"type": "Feature", "geometry": {"type": "Point", "coordinates": [-75.941283908, 5.604993248]}, "properties": {"fecha": "1979-11-24", "municipio": "ANDES", "departamento": "ANTIOQUIA", "muertos": 0.0, "heridos": 0.0, "viv_destruidas": 1.0, "viv_averiadas": 0.0}}, {"type": "Feature", "geometry": {"type": "Point", "coordinates": [-75.941283908, 5.604993248]}, "properties": {"fecha": "1992-10-19", "municipio": "ANDES", "departamento": "ANTIOQUIA", "muertos": 0.0, "heridos": 0.0, "viv_destruidas": 0.0, "viv_averiadas": 0.0}}, {"type": "Feature", "geometry": {"type": "Point", "coordinates": [-75.941283908, 5.604993248]}, "properties": {"fecha": "1995-08-20", "municipio": "ANDES", "departamento": "ANTIOQUIA", "muertos": 0.0, "heridos": 0.0, "viv_destruidas": 11.0, "viv_averiadas": 20.0}}, {"type": "Feature", "geometry": {"type": "Point", "coordinates": [-75.854811025, 3.468077548]}, "properties": {"fecha": "1972-11-23", "municipio": "RIOBLANCO", "departamento": "TOLIMA", "muertos": 0.0, "heridos": 1.0, "viv_destruidas": 20.0, "viv_averiadas": 0.0}}, {"type": "Feature", "geometry": {"type": "Point", "coordinates": [-75.941283908, 5.604993248]}, "properties": {"fecha": "2007-04-25", "municipio": "ANDES", "departamento": "ANTIOQUIA", "muertos": 0.0, "heridos": 1.0, "viv_destruidas": 2.0, "viv_averiadas": 15.0}}, {"type": "Feature", "geometry": {"type": "Point", "coordinates": [-75.854811025, 3.468077548]}, "properties": {"fecha": "2010-10-01", "municipio": "RIOBLANCO", "departamento": "TOLIMA", "muertos": 0.0, "heridos": 0.0, "viv_destruidas": 0.0, "viv_averiadas": 0.0}}, {"type": "Feature", "geometry": {"type": "Point", "coordinates": [-75.594280268, 4.097861181]}, "properties": {"fecha": "1999-01-26", "municipio": "RONCESVALLES", "departamento": "TOLIMA", "muertos": 0.0, "heridos": 0.0, "viv_destruidas": 7.0, "viv_averiadas": 49.0}}, {"type": "Feature", "geometry": {"type": "Point", "coordinates": [-75.347583635, 4.216730954]}, "properties": {"fecha": "1979-11-24", "municipio": "ROVIRA", "departamento": "TOLIMA", "muertos": 0.0, "heridos": 0.0, "viv_destruidas": 0.0, "viv_averiadas": 0.0}}, {"type": "Feature", "geometry": {"type": "Point", "coordinates": [-75.347583635, 4.216730954]}, "properties": {"fecha": "1999-01-26", "municipio": "ROVIRA", "departamento": "TOLIMA", "muertos": 0.0, "heridos": 0.0, "viv_destruidas": 0.0, "viv_averiadas": 0.0}}, {"type": "Feature", "geometry": {"type": "Point", "coordinates": [-75.509910041, 3.926088268]}, "properties": {"fecha": "1999-01-26", "municipio": "SAN ANTONIO", "departamento": "TOLIMA", "muertos": 0.0, "heridos": 0.0, "viv_destruidas": 0.0, "viv_averiadas": 0.0}}, {"type": "Feature", "geometry": {"type": "Point", "coordinates": [-75.200699463, 4.740827622]}, "properties": {"fecha": "1979-11-24", "municipio": "SANTA ISABEL", "departamento": "TOLIMA", "muertos": 0.0, "heridos": 0.0, "viv_destruidas": 0.0, "viv_averiadas": 3.0}}, {"type": "Feature", "geometry": {"type": "Point", "coordinates": [-75.155929691, 4.965753461]}, "properties": {"fecha": "1999-01-26", "municipio": "VILLAHERMOSA", "departamento": "TOLIMA", "muertos": 0.0, "heridos": 0.0, "viv_destruidas": 0.0, "viv_averiadas": 0.0}}, {"type": "Feature", "geometry": {"type": "Point", "coordinates": [-76.576492589, 3.399043723]}, "properties": {"fecha": "1962-07-16", "municipio": "CALI", "departamento": "VALLE DEL CAUCA", "muertos": 6.0, "heridos": 16.0, "viv_destruidas": 0.0, "viv_averiadas": 0.0}}, {"type": "Feature", "geometry": {"type": "Point", "coordinates": [-76.576492589, 3.399043723]}, "properties": {"fecha": "1965-04-02", "municipio": "CALI", "departamento": "VALLE DEL CAUCA", "muertos": 1.0, "heridos": 0.0, "viv_destruidas": 0.0, "viv_averiadas": 0.0}}, {"type": "Feature", "geometry": {"type": "Point", "coordinates": [-76.576492589, 3.399043723]}, "properties": {"fecha": "1968-07-16", "municipio": "CALI", "departamento": "VALLE DEL CAUCA", "muertos": 0.0, "heridos": 0.0, "viv_destruidas": 1.0, "viv_averiadas": 0.0}}, {"type": "Feature", "geometry": {"type": "Point", "coordinates": [-75.108489539, 7.193110778]}, "properties": {"fecha": "1992-10-19", "municipio": "ANORI", "departamento": "ANTIOQUIA", "muertos": 0.0, "heridos": 0.0, "viv_destruidas": 0.0, "viv_averiadas": 0.0}}, {"type": "Feature", "geometry": {"type": "Point", "coordinates": [-76.576492589, 3.399043723]}, "properties": {"fecha": "1979-11-24", "municipio": "CALI", "departamento": "VALLE DEL CAUCA", "muertos": 1.0, "heridos": 37.0, "viv_destruidas": 0.0, "viv_averiadas": 0.0}}, {"type": "Feature", "geometry": {"type": "Point", "coordinates": [-76.576492589, 3.399043723]}, "properties": {"fecha": "1979-12-13", "municipio": "CALI", "departamento": "VALLE DEL CAUCA", "muertos": 2.0, "heridos": 40.0, "viv_destruidas": 35.0, "viv_averiadas": 0.0}}, {"type": "Feature", "geometry": {"type": "Point", "coordinates": [-76.576492589, 3.399043723]}, "properties": {"fecha": "1991-11-20", "municipio": "CALI", "departamento": "VALLE DEL CAUCA", "muertos": 0.0, "heridos": 3.0, "viv_destruidas": 0.0, "viv_averiadas": 0.0}}, {"type": "Feature", "geometry": {"type": "Point", "coordinates": [-76.576492589, 3.399043723]}, "properties": {"fecha": "1992-10-19", "municipio": "CALI", "departamento": "VALLE DEL CAUCA", "muertos": 0.0, "heridos": 0.0, "viv_destruidas": 0.0, "viv_averiadas": 0.0}}, {"type": "Feature", "geometry": {"type": "Point", "coordinates": [-76.576492589, 3.399043723]}, "properties": {"fecha": "1994-06-07", "municipio": "CALI", "departamento": "VALLE DEL CAUCA", "muertos": 0.0, "heridos": 0.0, "viv_destruidas": 0.0, "viv_averiadas": 0.0}}, {"type": "Feature", "geometry": {"type": "Point", "coordinates": [-76.576492589, 3.399043723]}, "properties": {"fecha": "1995-02-09", "municipio": "CALI", "departamento": "VALLE DEL CAUCA", "muertos": 0.0, "heridos": 37.0, "viv_destruidas": 0.0, "viv_averiadas": 28.0}}, {"type": "Feature", "geometry": {"type": "Point", "coordinates": [-75.904266579, 6.535711576]}, "properties": {"fecha": "1952-02-05", "municipio": "SANTA FE DE ANTIOQUIA", "departamento": "ANTIOQUIA", "muertos": 0.0, "heridos": 0.0, "viv_destruidas": 0.0, "viv_averiadas": 0.0}}, {"type": "Feature", "geometry": {"type": "Point", "coordinates": [-76.576492589, 3.399043723]}, "properties": {"fecha": "1999-05-15", "municipio": "CALI", "departamento": "VALLE DEL CAUCA", "muertos": 0.0, "heridos": 0.0, "viv_destruidas": 0.0, "viv_averiadas": 0.0}}, {"type": "Feature", "geometry": {"type": "Point", "coordinates": [-75.904266579, 6.535711576]}, "properties": {"fecha": "1979-11-24", "municipio": "SANTA FE DE ANTIOQUIA", "departamento": "ANTIOQUIA", "muertos": 0.0, "heridos": 0.0, "viv_destruidas": 0.0, "viv_averiadas": 0.0}}, {"type": "Feature", "geometry": {"type": "Point", "coordinates": [-76.576492589, 3.399043723]}, "properties": {"fecha": "2004-11-16", "municipio": "CALI", "departamento": "VALLE DEL CAUCA", "muertos": 0.0, "heridos": 0.0, "viv_destruidas": 0.0, "viv_averiadas": 1014.0}}, {"type": "Feature", "geometry": {"type": "Point", "coordinates": [-75.904266579, 6.535711576]}, "properties": {"fecha": "1992-10-19", "municipio": "SANTA FE DE ANTIOQUIA", "departamento": "ANTIOQUIA", "muertos": 0.0, "heridos": 0.0, "viv_destruidas": 0.0, "viv_averiadas": 0.0}}, {"type": "Feature", "geometry": {"type": "Point", "coordinates": [-76.576492589, 3.399043723]}, "properties": {"fecha": "2012-10-01", "municipio": "CALI", "departamento": "VALLE DEL CAUCA", "muertos": 0.0, "heridos": 0.0, "viv_destruidas": 0.0, "viv_averiadas": 0.0}}, {"type": "Feature", "geometry": {"type": "Point", "coordinates": [-76.576492589, 3.399043723]}, "properties": {"fecha": "2013-02-10", "municipio": "CALI", "departamento": "VALLE DEL CAUCA", "muertos": 0.0, "heridos": 0.0, "viv_destruidas": 0.0, "viv_averiadas": 0.0}}, {"type": "Feature", "geometry": {"type": "Point", "coordinates": [-76.576492589, 3.399043723]}, "properties": {"fecha": "2015-03-11", "municipio": "CALI", "departamento": "VALLE DEL CAUCA", "muertos": 0.0, "heridos": 0.0, "viv_destruidas": 0.0, "viv_averiadas": 0.0}}, {"type": "Feature", "geometry": {"type": "Point", "coordinates": [-76.576492589, 3.399043723]}, "properties": {"fecha": "2018-06-25", "municipio": "CALI", "departamento": "VALLE DEL CAUCA", "muertos": 0.0, "heridos": 0.0, "viv_destruidas": 0.0, "viv_averiadas": 1.0}}, {"type": "Feature", "geometry": {"type": "Point", "coordinates": [-75.917369269, 6.293546613]}, "properties": {"fecha": "1992-10-19", "municipio": "ANZA", "departamento": "ANTIOQUIA", "muertos": 0.0, "heridos": 0.0, "viv_destruidas": 0.0, "viv_averiadas": 0.0}}, {"type": "Feature", "geometry": {"type": "Point", "coordinates": [-75.782979317, 4.6788971]}, "properties": {"fecha": "1995-02-09", "municipio": "ALCALA", "departamento": "VALLE DEL CAUCA", "muertos": 0.0, "heridos": 0.0, "viv_destruidas": 10.0, "viv_averiadas": 200.0}}, {"type": "Feature", "geometry": {"type": "Point", "coordinates": [-75.782979317, 4.6788971]}, "properties": {"fecha": "1999-01-26", "municipio": "ALCALA", "departamento": "VALLE DEL CAUCA", "muertos": 0.0, "heridos": 0.0, "viv_destruidas": 40.0, "viv_averiadas": 334.0}}, {"type": "Feature", "geometry": {"type": "Point", "coordinates": [-75.782979317, 4.6788971]}, "properties": {"fecha": "2012-10-01", "municipio": "ALCALA", "departamento": "VALLE DEL CAUCA", "muertos": 0.0, "heridos": 0.0, "viv_destruidas": 0.0, "viv_averiadas": 4.0}}, {"type": "Feature", "geometry": {"type": "Point", "coordinates": [-76.160633411, 4.153314228]}, "properties": {"fecha": "1979-11-24", "municipio": "ANDALUCIA", "departamento": "VALLE DEL CAUCA", "muertos": 0.0, "heridos": 9.0, "viv_destruidas": 0.0, "viv_averiadas": 0.0}}, {"type": "Feature", "geometry": {"type": "Point", "coordinates": [-76.160633411, 4.153314228]}, "properties": {"fecha": "1995-02-09", "municipio": "ANDALUCIA", "departamento": "VALLE DEL CAUCA", "muertos": 0.0, "heridos": 0.0, "viv_destruidas": 1.0, "viv_averiadas": 0.0}}, {"type": "Feature", "geometry": {"type": "Point", "coordinates": [-76.029630488, 4.795927292]}, "properties": {"fecha": "1979-11-24", "municipio": "ANSERMANUEVO", "departamento": "VALLE DEL CAUCA", "muertos": 2.0, "heridos": 0.0, "viv_destruidas": 100.0, "viv_averiadas": 0.0}}, {"type": "Feature", "geometry": {"type": "Point", "coordinates": [-76.029630488, 4.795927292]}, "properties": {"fecha": "1994-06-07", "municipio": "ANSERMANUEVO", "departamento": "VALLE DEL CAUCA", "muertos": 0.0, "heridos": 0.0, "viv_destruidas": 12.0, "viv_averiadas": 0.0}}, {"type": "Feature", "geometry": {"type": "Point", "coordinates": [-76.029630488, 4.795927292]}, "properties": {"fecha": "1995-02-09", "municipio": "ANSERMANUEVO", "departamento": "VALLE DEL CAUCA", "muertos": 0.0, "heridos": 0.0, "viv_destruidas": 27.0, "viv_averiadas": 229.0}}, {"type": "Feature", "geometry": {"type": "Point", "coordinates": [-76.029630488, 4.795927292]}, "properties": {"fecha": "2012-10-01", "municipio": "ANSERMANUEVO", "departamento": "VALLE DEL CAUCA", "muertos": 0.0, "heridos": 0.0, "viv_destruidas": 0.0, "viv_averiadas": 28.0}}, {"type": "Feature", "geometry": {"type": "Point", "coordinates": [-76.029630488, 4.795927292]}, "properties": {"fecha": "2013-02-10", "municipio": "ANSERMANUEVO", "departamento": "VALLE DEL CAUCA", "muertos": 0.0, "heridos": 0.0, "viv_destruidas": 0.0, "viv_averiadas": 40.0}}, {"type": "Feature", "geometry": {"type": "Point", "coordinates": [-76.141649985, 4.704287864]}, "properties": {"fecha": "1995-02-09", "municipio": "ARGELIA", "departamento": "VALLE DEL CAUCA", "muertos": 0.0, "heridos": 0.0, "viv_destruidas": 27.0, "viv_averiadas": 250.0}}, {"type": "Feature", "geometry": {"type": "Point", "coordinates": [-76.141649985, 4.704287864]}, "properties": {"fecha": "1999-01-26", "municipio": "ARGELIA", "departamento": "VALLE DEL CAUCA", "muertos": 0.0, "heridos": 0.0, "viv_destruidas": 21.0, "viv_averiadas": 51.0}}, {"type": "Feature", "geometry": {"type": "Point", "coordinates": [-76.141649985, 4.704287864]}, "properties": {"fecha": "2010-01-30", "municipio": "ARGELIA", "departamento": "VALLE DEL CAUCA", "muertos": 0.0, "heridos": 0.0, "viv_destruidas": 0.0, "viv_averiadas": 0.0}}, {"type": "Feature", "geometry": {"type": "Point", "coordinates": [-76.349820385, 4.393118861]}, "properties": {"fecha": "1995-02-09", "municipio": "BOLIVAR", "departamento": "VALLE DEL CAUCA", "muertos": 0.0, "heridos": 6.0, "viv_destruidas": 0.0, "viv_averiadas": 40.0}}, {"type": "Feature", "geometry": {"type": "Point", "coordinates": [-76.349820385, 4.393118861]}, "properties": {"fecha": "1999-01-26", "municipio": "BOLIVAR", "departamento": "VALLE DEL CAUCA", "muertos": 0.0, "heridos": 0.0, "viv_destruidas": 4.0, "viv_averiadas": 79.0}}, {"type": "Feature", "geometry": {"type": "Point", "coordinates": [-76.349820385, 4.393118861]}, "properties": {"fecha": "2004-01-15", "municipio": "BOLIVAR", "departamento": "VALLE DEL CAUCA", "muertos": 0.0, "heridos": 0.0, "viv_destruidas": 0.0, "viv_averiadas": 0.0}}, {"type": "Feature", "geometry": {"type": "Point", "coordinates": [-76.349820385, 4.393118861]}, "properties": {"fecha": "2011-10-26", "municipio": "BOLIVAR", "departamento": "VALLE DEL CAUCA", "muertos": 0.0, "heridos": 0.0, "viv_destruidas": 0.0, "viv_averiadas": 3.0}}, {"type": "Feature", "geometry": {"type": "Point", "coordinates": [-76.349820385, 4.393118861]}, "properties": {"fecha": "2012-10-01", "municipio": "BOLIVAR", "departamento": "VALLE DEL CAUCA", "muertos": 0.0, "heridos": 0.0, "viv_destruidas": 0.0, "viv_averiadas": 16.0}}, {"type": "Feature", "geometry": {"type": "Point", "coordinates": [-76.349820385, 4.393118861]}, "properties": {"fecha": "2013-02-10", "municipio": "BOLIVAR", "departamento": "VALLE DEL CAUCA", "muertos": 0.0, "heridos": 0.0, "viv_destruidas": 0.0, "viv_averiadas": 33.0}}, {"type": "Feature", "geometry": {"type": "Point", "coordinates": [-77.118728315, 3.493340766]}, "properties": {"fecha": "1957-05-04", "municipio": "BUENAVENTURA", "departamento": "VALLE DEL CAUCA", "muertos": 2.0, "heridos": 2.0, "viv_destruidas": 75.0, "viv_averiadas": 0.0}}, {"type": "Feature", "geometry": {"type": "Point", "coordinates": [-77.118728315, 3.493340766]}, "properties": {"fecha": "1965-04-03", "municipio": "BUENAVENTURA", "departamento": "VALLE DEL CAUCA", "muertos": 1.0, "heridos": 0.0, "viv_destruidas": 0.0, "viv_averiadas": 0.0}}, {"type": "Feature", "geometry": {"type": "Point", "coordinates": [-77.118728315, 3.493340766]}, "properties": {"fecha": "1979-11-24", "municipio": "BUENAVENTURA", "departamento": "VALLE DEL CAUCA", "muertos": 0.0, "heridos": 2.0, "viv_destruidas": 4.0, "viv_averiadas": 0.0}}, {"type": "Feature", "geometry": {"type": "Point", "coordinates": [-77.118728315, 3.493340766]}, "properties": {"fecha": "1979-12-13", "municipio": "BUENAVENTURA", "departamento": "VALLE DEL CAUCA", "muertos": 0.0, "heridos": 0.0, "viv_destruidas": 0.0, "viv_averiadas": 0.0}}, {"type": "Feature", "geometry": {"type": "Point", "coordinates": [-76.582362643, 7.86047815]}, "properties": {"fecha": "1977-08-31", "municipio": "APARTADO", "departamento": "ANTIOQUIA", "muertos": 1.0, "heridos": 18.0, "viv_destruidas": 0.0, "viv_averiadas": 12.0}}, {"type": "Feature", "geometry": {"type": "Point", "coordinates": [-76.582362643, 7.86047815]}, "properties": {"fecha": "1977-09-16", "municipio": "APARTADO", "departamento": "ANTIOQUIA", "muertos": 2.0, "heridos": 23.0, "viv_destruidas": 0.0, "viv_averiadas": 0.0}}, {"type": "Feature", "geometry": {"type": "Point", "coordinates": [-77.118728315, 3.493340766]}, "properties": {"fecha": "1991-11-20", "municipio": "BUENAVENTURA", "departamento": "VALLE DEL CAUCA", "muertos": 0.0, "heridos": 0.0, "viv_destruidas": 3.0, "viv_averiadas": 0.0}}, {"type": "Feature", "geometry": {"type": "Point", "coordinates": [-77.118728315, 3.493340766]}, "properties": {"fecha": "1992-10-19", "municipio": "BUENAVENTURA", "departamento": "VALLE DEL CAUCA", "muertos": 0.0, "heridos": 0.0, "viv_destruidas": 0.0, "viv_averiadas": 0.0}}, {"type": "Feature", "geometry": {"type": "Point", "coordinates": [-77.118728315, 3.493340766]}, "properties": {"fecha": "1995-02-09", "municipio": "BUENAVENTURA", "departamento": "VALLE DEL CAUCA", "muertos": 0.0, "heridos": 27.0, "viv_destruidas": 22.0, "viv_averiadas": 100.0}}, {"type": "Feature", "geometry": {"type": "Point", "coordinates": [-76.582362643, 7.86047815]}, "properties": {"fecha": "1992-10-19", "municipio": "APARTADO", "departamento": "ANTIOQUIA", "muertos": 0.0, "heridos": 0.0, "viv_destruidas": 0.0, "viv_averiadas": 0.0}}, {"type": "Feature", "geometry": {"type": "Point", "coordinates": [-77.118728315, 3.493340766]}, "properties": {"fecha": "2004-11-16", "municipio": "BUENAVENTURA", "departamento": "VALLE DEL CAUCA", "muertos": 0.0, "heridos": 7.0, "viv_destruidas": 37.0, "viv_averiadas": 91.0}}, {"type": "Feature", "geometry": {"type": "Point", "coordinates": [-77.118728315, 3.493340766]}, "properties": {"fecha": "2005-03-10", "municipio": "BUENAVENTURA", "departamento": "VALLE DEL CAUCA", "muertos": 0.0, "heridos": 0.0, "viv_destruidas": 0.0, "viv_averiadas": 0.0}}, {"type": "Feature", "geometry": {"type": "Point", "coordinates": [-77.118728315, 3.493340766]}, "properties": {"fecha": "2012-10-02", "municipio": "BUENAVENTURA", "departamento": "VALLE DEL CAUCA", "muertos": 0.0, "heridos": 0.0, "viv_destruidas": 1.0, "viv_averiadas": 1.0}}, {"type": "Feature", "geometry": {"type": "Point", "coordinates": [-77.118728315, 3.493340766]}, "properties": {"fecha": "2013-02-10", "municipio": "BUENAVENTURA", "departamento": "VALLE DEL CAUCA", "muertos": 0.0, "heridos": 0.0, "viv_destruidas": 0.0, "viv_averiadas": 4.0}}, {"type": "Feature", "geometry": {"type": "Point", "coordinates": [-75.983124185, 3.819854318]}, "properties": {"fecha": "1995-02-09", "municipio": "GUADALAJARA DE BUGA", "departamento": "VALLE DEL CAUCA", "muertos": 0.0, "heridos": 4.0, "viv_destruidas": 3.0, "viv_averiadas": 10.0}}, {"type": "Feature", "geometry": {"type": "Point", "coordinates": [-75.983124185, 3.819854318]}, "properties": {"fecha": "1999-01-26", "municipio": "GUADALAJARA DE BUGA", "departamento": "VALLE DEL CAUCA", "muertos": 0.0, "heridos": 0.0, "viv_destruidas": 0.0, "viv_averiadas": 1.0}}, {"type": "Feature", "geometry": {"type": "Point", "coordinates": [-76.089610303, 4.196852991]}, "properties": {"fecha": "1995-02-09", "municipio": "BUGALAGRANDE", "departamento": "VALLE DEL CAUCA", "muertos": 0.0, "heridos": 1.0, "viv_destruidas": 0.0, "viv_averiadas": 0.0}}, {"type": "Feature", "geometry": {"type": "Point", "coordinates": [-76.089610303, 4.196852991]}, "properties": {"fecha": "2004-11-16", "municipio": "BUGALAGRANDE", "departamento": "VALLE DEL CAUCA", "muertos": 0.0, "heridos": 0.0, "viv_destruidas": 0.0, "viv_averiadas": 0.0}}, {"type": "Feature", "geometry": {"type": "Point", "coordinates": [-76.089610303, 4.196852991]}, "properties": {"fecha": "2013-02-10", "municipio": "BUGALAGRANDE", "departamento": "VALLE DEL CAUCA", "muertos": 0.0, "heridos": 0.0, "viv_destruidas": 0.0, "viv_averiadas": 36.0}}, {"type": "Feature", "geometry": {"type": "Point", "coordinates": [-75.836725668, 4.308997973]}, "properties": {"fecha": "1946-02-16", "municipio": "CAICEDONIA", "departamento": "VALLE DEL CAUCA", "muertos": 0.0, "heridos": 0.0, "viv_destruidas": 2.0, "viv_averiadas": 0.0}}, {"type": "Feature", "geometry": {"type": "Point", "coordinates": [-75.836725668, 4.308997973]}, "properties": {"fecha": "1962-07-16", "municipio": "CAICEDONIA", "departamento": "VALLE DEL CAUCA", "muertos": 0.0, "heridos": 0.0, "viv_destruidas": 0.0, "viv_averiadas": 0.0}}, {"type": "Feature", "geometry": {"type": "Point", "coordinates": [-75.836725668, 4.308997973]}, "properties": {"fecha": "1980-06-26", "municipio": "CAICEDONIA", "departamento": "VALLE DEL CAUCA", "muertos": 0.0, "heridos": 0.0, "viv_destruidas": 3.0, "viv_averiadas": 0.0}}, {"type": "Feature", "geometry": {"type": "Point", "coordinates": [-75.836725668, 4.308997973]}, "properties": {"fecha": "1995-02-09", "municipio": "CAICEDONIA", "departamento": "VALLE DEL CAUCA", "muertos": 0.0, "heridos": 0.0, "viv_destruidas": 8.0, "viv_averiadas": 35.0}}, {"type": "Feature", "geometry": {"type": "Point", "coordinates": [-75.836725668, 4.308997973]}, "properties": {"fecha": "1999-01-26", "municipio": "CAICEDONIA", "departamento": "VALLE DEL CAUCA", "muertos": 2.0, "heridos": 0.0, "viv_destruidas": 276.0, "viv_averiadas": 976.0}}, {"type": "Feature", "geometry": {"type": "Point", "coordinates": [-76.642604838, 3.923271619]}, "properties": {"fecha": "1995-02-09", "municipio": "CALIMA", "departamento": "VALLE DEL CAUCA", "muertos": 0.0, "heridos": 2.0, "viv_destruidas": 27.0, "viv_averiadas": 78.0}}, {"type": "Feature", "geometry": {"type": "Point", "coordinates": [-76.642604838, 3.923271619]}, "properties": {"fecha": "2012-10-01", "municipio": "CALIMA", "departamento": "VALLE DEL CAUCA", "muertos": 0.0, "heridos": 0.0, "viv_destruidas": 0.0, "viv_averiadas": 14.0}}, {"type": "Feature", "geometry": {"type": "Point", "coordinates": [-76.642604838, 3.923271619]}, "properties": {"fecha": "2017-12-31", "municipio": "CALIMA", "departamento": "VALLE DEL CAUCA", "muertos": 0.0, "heridos": 0.0, "viv_destruidas": 0.0, "viv_averiadas": 0.0}}, {"type": "Feature", "geometry": {"type": "Point", "coordinates": [-76.383176631, 3.382091564]}, "properties": {"fecha": "1995-02-09", "municipio": "CANDELARIA", "departamento": "VALLE DEL CAUCA", "muertos": 0.0, "heridos": 0.0, "viv_destruidas": 0.0, "viv_averiadas": 3.0}}, {"type": "Feature", "geometry": {"type": "Point", "coordinates": [-76.383176631, 3.382091564]}, "properties": {"fecha": "2012-10-01", "municipio": "CANDELARIA", "departamento": "VALLE DEL CAUCA", "muertos": 0.0, "heridos": 0.0, "viv_destruidas": 0.0, "viv_averiadas": 1.0}}, {"type": "Feature", "geometry": {"type": "Point", "coordinates": [-75.917908459, 4.70684716]}, "properties": {"fecha": "1962-07-16", "municipio": "CARTAGO", "departamento": "VALLE DEL CAUCA", "muertos": 0.0, "heridos": 4.0, "viv_destruidas": 2.0, "viv_averiadas": 0.0}}, {"type": "Feature", "geometry": {"type": "Point", "coordinates": [-75.917908459, 4.70684716]}, "properties": {"fecha": "1979-11-24", "municipio": "CARTAGO", "departamento": "VALLE DEL CAUCA", "muertos": 3.0, "heridos": 8.0, "viv_destruidas": 1.0, "viv_averiadas": 3.0}}, {"type": "Feature", "geometry": {"type": "Point", "coordinates": [-75.917908459, 4.70684716]}, "properties": {"fecha": "1995-02-09", "municipio": "CARTAGO", "departamento": "VALLE DEL CAUCA", "muertos": 1.0, "heridos": 0.0, "viv_destruidas": 1.0, "viv_averiadas": 6.0}}, {"type": "Feature", "geometry": {"type": "Point", "coordinates": [-75.917908459, 4.70684716]}, "properties": {"fecha": "1995-08-20", "municipio": "CARTAGO", "departamento": "VALLE DEL CAUCA", "muertos": 0.0, "heridos": 0.0, "viv_destruidas": 1.0, "viv_averiadas": 0.0}}, {"type": "Feature", "geometry": {"type": "Point", "coordinates": [-76.720393465, 3.649822218]}, "properties": {"fecha": "1995-02-09", "municipio": "DAGUA", "departamento": "VALLE DEL CAUCA", "muertos": 2.0, "heridos": 12.0, "viv_destruidas": 0.0, "viv_averiadas": 14.0}}, {"type": "Feature", "geometry": {"type": "Point", "coordinates": [-76.720393465, 3.649822218]}, "properties": {"fecha": "2012-10-02", "municipio": "DAGUA", "departamento": "VALLE DEL CAUCA", "muertos": 0.0, "heridos": 0.0, "viv_destruidas": 0.0, "viv_averiadas": 0.0}}, {"type": "Feature", "geometry": {"type": "Point", "coordinates": [-76.720393465, 3.649822218]}, "properties": {"fecha": "2013-02-10", "municipio": "DAGUA", "departamento": "VALLE DEL CAUCA", "muertos": 0.0, "heridos": 0.0, "viv_destruidas": 0.0, "viv_averiadas": 11.0}}, {"type": "Feature", "geometry": {"type": "Point", "coordinates": [-76.066010008, 4.917562873]}, "properties": {"fecha": "1962-07-16", "municipio": "EL AGUILA", "departamento": "VALLE DEL CAUCA", "muertos": 0.0, "heridos": 0.0, "viv_destruidas": 31.0, "viv_averiadas": 0.0}}, {"type": "Feature", "geometry": {"type": "Point", "coordinates": [-76.066010008, 4.917562873]}, "properties": {"fecha": "1995-02-09", "municipio": "EL AGUILA", "departamento": "VALLE DEL CAUCA", "muertos": 0.0, "heridos": 0.0, "viv_destruidas": 10.0, "viv_averiadas": 154.0}}, {"type": "Feature", "geometry": {"type": "Point", "coordinates": [-76.066010008, 4.917562873]}, "properties": {"fecha": "2005-03-09", "municipio": "EL AGUILA", "departamento": "VALLE DEL CAUCA", "muertos": 0.0, "heridos": 0.0, "viv_destruidas": 0.0, "viv_averiadas": 30.0}}, {"type": "Feature", "geometry": {"type": "Point", "coordinates": [-76.066010008, 4.917562873]}, "properties": {"fecha": "2013-02-10", "municipio": "EL AGUILA", "departamento": "VALLE DEL CAUCA", "muertos": 0.0, "heridos": 0.0, "viv_destruidas": 0.0, "viv_averiadas": 6.0}}, {"type": "Feature", "geometry": {"type": "Point", "coordinates": [-76.215028258, 4.756063701]}, "properties": {"fecha": "1962-07-16", "municipio": "EL CAIRO", "departamento": "VALLE DEL CAUCA", "muertos": 0.0, "heridos": 2.0, "viv_destruidas": 3.0, "viv_averiadas": 0.0}}, {"type": "Feature", "geometry": {"type": "Point", "coordinates": [-76.215028258, 4.756063701]}, "properties": {"fecha": "1994-06-07", "municipio": "EL CAIRO", "departamento": "VALLE DEL CAUCA", "muertos": 0.0, "heridos": 0.0, "viv_destruidas": 9.0, "viv_averiadas": 22.0}}, {"type": "Feature", "geometry": {"type": "Point", "coordinates": [-76.215028258, 4.756063701]}, "properties": {"fecha": "1995-02-09", "municipio": "EL CAIRO", "departamento": "VALLE DEL CAUCA", "muertos": 0.0, "heridos": 8.0, "viv_destruidas": 16.0, "viv_averiadas": 548.0}}, {"type": "Feature", "geometry": {"type": "Point", "coordinates": [-76.215028258, 4.756063701]}, "properties": {"fecha": "2005-03-09", "municipio": "EL CAIRO", "departamento": "VALLE DEL CAUCA", "muertos": 0.0, "heridos": 1.0, "viv_destruidas": 0.0, "viv_averiadas": 0.0}}, {"type": "Feature", "geometry": {"type": "Point", "coordinates": [-76.215028258, 4.756063701]}, "properties": {"fecha": "2013-02-10", "municipio": "EL CAIRO", "departamento": "VALLE DEL CAUCA", "muertos": 0.0, "heridos": 0.0, "viv_destruidas": 0.0, "viv_averiadas": 12.0}}, {"type": "Feature", "geometry": {"type": "Point", "coordinates": [-76.308417837, 3.656072873]}, "properties": {"fecha": "2004-11-16", "municipio": "EL CERRITO", "departamento": "VALLE DEL CAUCA", "muertos": 0.0, "heridos": 1.0, "viv_destruidas": 0.0, "viv_averiadas": 2.0}}, {"type": "Feature", "geometry": {"type": "Point", "coordinates": [-76.287627013, 4.539979729]}, "properties": {"fecha": "1994-06-07", "municipio": "EL DOVIO", "departamento": "VALLE DEL CAUCA", "muertos": 0.0, "heridos": 0.0, "viv_destruidas": 0.0, "viv_averiadas": 30.0}}, {"type": "Feature", "geometry": {"type": "Point", "coordinates": [-76.287627013, 4.539979729]}, "properties": {"fecha": "1995-02-09", "municipio": "EL DOVIO", "departamento": "VALLE DEL CAUCA", "muertos": 0.0, "heridos": 0.0, "viv_destruidas": 10.0, "viv_averiadas": 210.0}}, {"type": "Feature", "geometry": {"type": "Point", "coordinates": [-76.287627013, 4.539979729]}, "properties": {"fecha": "2013-02-10", "municipio": "EL DOVIO", "departamento": "VALLE DEL CAUCA", "muertos": 0.0, "heridos": 0.0, "viv_destruidas": 0.0, "viv_averiadas": 19.0}}, {"type": "Feature", "geometry": {"type": "Point", "coordinates": [-76.287627013, 4.539979729]}, "properties": {"fecha": "2013-04-19", "municipio": "EL DOVIO", "departamento": "VALLE DEL CAUCA", "muertos": 0.0, "heridos": 0.0, "viv_destruidas": 0.0, "viv_averiadas": 27.0}}, {"type": "Feature", "geometry": {"type": "Point", "coordinates": [-76.164773067, 3.304104295]}, "properties": {"fecha": "1980-06-26", "municipio": "FLORIDA", "departamento": "VALLE DEL CAUCA", "muertos": 0.0, "heridos": 0.0, "viv_destruidas": 0.0, "viv_averiadas": 0.0}}, {"type": "Feature", "geometry": {"type": "Point", "coordinates": [-76.164773067, 3.304104295]}, "properties": {"fecha": "2012-10-01", "municipio": "FLORIDA", "departamento": "VALLE DEL CAUCA", "muertos": 0.0, "heridos": 0.0, "viv_destruidas": 0.0, "viv_averiadas": 27.0}}, {"type": "Feature", "geometry": {"type": "Point", "coordinates": [-76.164773067, 3.304104295]}, "properties": {"fecha": "2013-02-10", "municipio": "FLORIDA", "departamento": "VALLE DEL CAUCA", "muertos": 0.0, "heridos": 0.0, "viv_destruidas": 0.0, "viv_averiadas": 3.0}}, {"type": "Feature", "geometry": {"type": "Point", "coordinates": [-76.345182773, 3.759414991]}, "properties": {"fecha": "1995-02-09", "municipio": "GUACARI", "departamento": "VALLE DEL CAUCA", "muertos": 0.0, "heridos": 0.0, "viv_destruidas": 1.0, "viv_averiadas": 12.0}}, {"type": "Feature", "geometry": {"type": "Point", "coordinates": [-76.345182773, 3.759414991]}, "properties": {"fecha": "2012-10-01", "municipio": "GUACARI", "departamento": "VALLE DEL CAUCA", "muertos": 0.0, "heridos": 0.0, "viv_destruidas": 0.0, "viv_averiadas": 10.0}}, {"type": "Feature", "geometry": {"type": "Point", "coordinates": [-76.345182773, 3.759414991]}, "properties": {"fecha": "2013-02-10", "municipio": "GUACARI", "departamento": "VALLE DEL CAUCA", "muertos": 0.0, "heridos": 0.0, "viv_destruidas": 0.0, "viv_averiadas": 5.0}}, {"type": "Feature", "geometry": {"type": "Point", "coordinates": [-76.627604178, 3.213892389]}, "properties": {"fecha": "1980-06-26", "municipio": "JAMUNDI", "departamento": "VALLE DEL CAUCA", "muertos": 0.0, "heridos": 3.0, "viv_destruidas": 0.0, "viv_averiadas": 0.0}}, {"type": "Feature", "geometry": {"type": "Point", "coordinates": [-76.627604178, 3.213892389]}, "properties": {"fecha": "2013-02-10", "municipio": "JAMUNDI", "departamento": "VALLE DEL CAUCA", "muertos": 0.0, "heridos": 0.0, "viv_destruidas": 0.0, "viv_averiadas": 11.0}}, {"type": "Feature", "geometry": {"type": "Point", "coordinates": [-76.589899052, 3.694303106]}, "properties": {"fecha": "1995-02-09", "municipio": "LA CUMBRE", "departamento": "VALLE DEL CAUCA", "muertos": 0.0, "heridos": 0.0, "viv_destruidas": 0.0, "viv_averiadas": 0.0}}, {"type": "Feature", "geometry": {"type": "Point", "coordinates": [-76.103289827, 4.537937391]}, "properties": {"fecha": "1995-02-09", "municipio": "LA UNION", "departamento": "VALLE DEL CAUCA", "muertos": 0.0, "heridos": 9.0, "viv_destruidas": 40.0, "viv_averiadas": 110.0}}, {"type": "Feature", "geometry": {"type": "Point", "coordinates": [-76.103289827, 4.537937391]}, "properties": {"fecha": "2012-10-01", "municipio": "LA UNION", "departamento": "VALLE DEL CAUCA", "muertos": 0.0, "heridos": 0.0, "viv_destruidas": 0.0, "viv_averiadas": 5.0}}, {"type": "Feature", "geometry": {"type": "Point", "coordinates": [-76.103289827, 4.537937391]}, "properties": {"fecha": "2013-02-10", "municipio": "LA UNION", "departamento": "VALLE DEL CAUCA", "muertos": 0.0, "heridos": 0.0, "viv_destruidas": 0.0, "viv_averiadas": 10.0}}, {"type": "Feature", "geometry": {"type": "Point", "coordinates": [-76.103289827, 4.537937391]}, "properties": {"fecha": "2015-02-23", "municipio": "LA UNION", "departamento": "VALLE DEL CAUCA", "muertos": 0.0, "heridos": 0.0, "viv_destruidas": 0.0, "viv_averiadas": 0.0}}, {"type": "Feature", "geometry": {"type": "Point", "coordinates": [-75.966773027, 4.483511142]}, "properties": {"fecha": "1979-11-24", "municipio": "LA VICTORIA", "departamento": "VALLE DEL CAUCA", "muertos": 0.0, "heridos": 2.0, "viv_destruidas": 80.0, "viv_averiadas": 39.0}}, {"type": "Feature", "geometry": {"type": "Point", "coordinates": [-75.966773027, 4.483511142]}, "properties": {"fecha": "1995-02-09", "municipio": "LA VICTORIA", "departamento": "VALLE DEL CAUCA", "muertos": 0.0, "heridos": 2.0, "viv_destruidas": 9.0, "viv_averiadas": 116.0}}, {"type": "Feature", "geometry": {"type": "Point", "coordinates": [-75.966773027, 4.483511142]}, "properties": {"fecha": "1999-01-26", "municipio": "LA VICTORIA", "departamento": "VALLE DEL CAUCA", "muertos": 0.0, "heridos": 0.0, "viv_destruidas": 55.0, "viv_averiadas": 214.0}}, {"type": "Feature", "geometry": {"type": "Point", "coordinates": [-75.966773027, 4.483511142]}, "properties": {"fecha": "2005-03-09", "municipio": "LA VICTORIA", "departamento": "VALLE DEL CAUCA", "muertos": 0.0, "heridos": 0.0, "viv_destruidas": 0.0, "viv_averiadas": 37.0}}, {"type": "Feature", "geometry": {"type": "Point", "coordinates": [-75.966773027, 4.483511142]}, "properties": {"fecha": "2012-10-01", "municipio": "LA VICTORIA", "departamento": "VALLE DEL CAUCA", "muertos": 0.0, "heridos": 0.0, "viv_destruidas": 0.0, "viv_averiadas": 24.0}}, {"type": "Feature", "geometry": {"type": "Point", "coordinates": [-75.966773027, 4.483511142]}, "properties": {"fecha": "2013-02-10", "municipio": "LA VICTORIA", "departamento": "VALLE DEL CAUCA", "muertos": 0.0, "heridos": 0.0, "viv_destruidas": 0.0, "viv_averiadas": 29.0}}, {"type": "Feature", "geometry": {"type": "Point", "coordinates": [-75.949199698, 4.597588666]}, "properties": {"fecha": "1995-02-09", "municipio": "OBANDO", "departamento": "VALLE DEL CAUCA", "muertos": 0.0, "heridos": 0.0, "viv_destruidas": 3.0, "viv_averiadas": 4.0}}, {"type": "Feature", "geometry": {"type": "Point", "coordinates": [-75.949199698, 4.597588666]}, "properties": {"fecha": "1999-01-26", "municipio": "OBANDO", "departamento": "VALLE DEL CAUCA", "muertos": 0.0, "heridos": 0.0, "viv_destruidas": 20.0, "viv_averiadas": 392.0}}, {"type": "Feature", "geometry": {"type": "Point", "coordinates": [-75.329240854, 6.443417935]}, "properties": {"fecha": "2015-03-11", "municipio": "BARBOSA", "departamento": "ANTIOQUIA", "muertos": 0.0, "heridos": 0.0, "viv_destruidas": 0.0, "viv_averiadas": 2.0}}, {"type": "Feature", "geometry": {"type": "Point", "coordinates": [-75.949199698, 4.597588666]}, "properties": {"fecha": "2008-04-01", "municipio": "OBANDO", "departamento": "VALLE DEL CAUCA", "muertos": 0.0, "heridos": 0.0, "viv_destruidas": 15.0, "viv_averiadas": 124.0}}, {"type": "Feature", "geometry": {"type": "Point", "coordinates": [-75.949199698, 4.597588666]}, "properties": {"fecha": "2012-10-01", "municipio": "OBANDO", "departamento": "VALLE DEL CAUCA", "muertos": 0.0, "heridos": 0.0, "viv_destruidas": 0.0, "viv_averiadas": 18.0}}, {"type": "Feature", "geometry": {"type": "Point", "coordinates": [-75.949199698, 4.597588666]}, "properties": {"fecha": "2013-02-10", "municipio": "OBANDO", "departamento": "VALLE DEL CAUCA", "muertos": 0.0, "heridos": 0.0, "viv_destruidas": 0.0, "viv_averiadas": 9.0}}, {"type": "Feature", "geometry": {"type": "Point", "coordinates": [-76.227799721, 3.558392876]}, "properties": {"fecha": "1973-04-04", "municipio": "PALMIRA", "departamento": "VALLE DEL CAUCA", "muertos": 0.0, "heridos": 0.0, "viv_destruidas": 0.0, "viv_averiadas": 0.0}}, {"type": "Feature", "geometry": {"type": "Point", "coordinates": [-76.227799721, 3.558392876]}, "properties": {"fecha": "1979-11-24", "municipio": "PALMIRA", "departamento": "VALLE DEL CAUCA", "muertos": 0.0, "heridos": 8.0, "viv_destruidas": 0.0, "viv_averiadas": 0.0}}, {"type": "Feature", "geometry": {"type": "Point", "coordinates": [-76.534898533, 3.806494973]}, "properties": {"fecha": "1979-11-24", "municipio": "RESTREPO", "departamento": "VALLE DEL CAUCA", "muertos": 0.0, "heridos": 2.0, "viv_destruidas": 0.0, "viv_averiadas": 4.0}}, {"type": "Feature", "geometry": {"type": "Point", "coordinates": [-76.534898533, 3.806494973]}, "properties": {"fecha": "1995-02-09", "municipio": "RESTREPO", "departamento": "VALLE DEL CAUCA", "muertos": 0.0, "heridos": 0.0, "viv_destruidas": 3.0, "viv_averiadas": 33.0}}, {"type": "Feature", "geometry": {"type": "Point", "coordinates": [-76.534898533, 3.806494973]}, "properties": {"fecha": "2004-11-16", "municipio": "RESTREPO", "departamento": "VALLE DEL CAUCA", "muertos": 0.0, "heridos": 0.0, "viv_destruidas": 0.0, "viv_averiadas": 1.0}}, {"type": "Feature", "geometry": {"type": "Point", "coordinates": [-76.534898533, 3.806494973]}, "properties": {"fecha": "2012-10-01", "municipio": "RESTREPO", "departamento": "VALLE DEL CAUCA", "muertos": 0.0, "heridos": 0.0, "viv_destruidas": 0.0, "viv_averiadas": 15.0}}, {"type": "Feature", "geometry": {"type": "Point", "coordinates": [-76.371054433, 4.109500298]}, "properties": {"fecha": "1994-06-07", "municipio": "RIOFRIO", "departamento": "VALLE DEL CAUCA", "muertos": 0.0, "heridos": 0.0, "viv_destruidas": 0.0, "viv_averiadas": 60.0}}, {"type": "Feature", "geometry": {"type": "Point", "coordinates": [-76.371054433, 4.109500298]}, "properties": {"fecha": "1995-02-09", "municipio": "RIOFRIO", "departamento": "VALLE DEL CAUCA", "muertos": 2.0, "heridos": 0.0, "viv_destruidas": 0.0, "viv_averiadas": 42.0}}, {"type": "Feature", "geometry": {"type": "Point", "coordinates": [-76.371054433, 4.109500298]}, "properties": {"fecha": "2008-10-22", "municipio": "RIOFRIO", "departamento": "VALLE DEL CAUCA", "muertos": 0.0, "heridos": 0.0, "viv_destruidas": 2.0, "viv_averiadas": 17.0}}, {"type": "Feature", "geometry": {"type": "Point", "coordinates": [-76.371054433, 4.109500298]}, "properties": {"fecha": "2013-02-10", "municipio": "RIOFRIO", "departamento": "VALLE DEL CAUCA", "muertos": 0.0, "heridos": 0.0, "viv_destruidas": 0.0, "viv_averiadas": 11.0}}, {"type": "Feature", "geometry": {"type": "Point", "coordinates": [-76.168242493, 4.443571848]}, "properties": {"fecha": "1979-11-24", "municipio": "ROLDANILLO", "departamento": "VALLE DEL CAUCA", "muertos": 0.0, "heridos": 4.0, "viv_destruidas": 0.0, "viv_averiadas": 0.0}}, {"type": "Feature", "geometry": {"type": "Point", "coordinates": [-76.168242493, 4.443571848]}, "properties": {"fecha": "1994-06-07", "municipio": "ROLDANILLO", "departamento": "VALLE DEL CAUCA", "muertos": 0.0, "heridos": 0.0, "viv_destruidas": 0.0, "viv_averiadas": 0.0}}, {"type": "Feature", "geometry": {"type": "Point", "coordinates": [-76.168242493, 4.443571848]}, "properties": {"fecha": "1995-02-09", "municipio": "ROLDANILLO", "departamento": "VALLE DEL CAUCA", "muertos": 0.0, "heridos": 13.0, "viv_destruidas": 0.0, "viv_averiadas": 30.0}}, {"type": "Feature", "geometry": {"type": "Point", "coordinates": [-76.168242493, 4.443571848]}, "properties": {"fecha": "2004-01-10", "municipio": "ROLDANILLO", "departamento": "VALLE DEL CAUCA", "muertos": 0.0, "heridos": 0.0, "viv_destruidas": 0.0, "viv_averiadas": 0.0}}, {"type": "Feature", "geometry": {"type": "Point", "coordinates": [-75.589735878, 6.358841086]}, "properties": {"fecha": "1979-11-24", "municipio": "BELLO", "departamento": "ANTIOQUIA", "muertos": 0.0, "heridos": 0.0, "viv_destruidas": 0.0, "viv_averiadas": 0.0}}, {"type": "Feature", "geometry": {"type": "Point", "coordinates": [-76.168242493, 4.443571848]}, "properties": {"fecha": "2012-10-01", "municipio": "ROLDANILLO", "departamento": "VALLE DEL CAUCA", "muertos": 0.0, "heridos": 0.0, "viv_destruidas": 0.0, "viv_averiadas": 5.0}}, {"type": "Feature", "geometry": {"type": "Point", "coordinates": [-76.168242493, 4.443571848]}, "properties": {"fecha": "2013-02-10", "municipio": "ROLDANILLO", "departamento": "VALLE DEL CAUCA", "muertos": 0.0, "heridos": 0.0, "viv_destruidas": 0.0, "viv_averiadas": 3.0}}, {"type": "Feature", "geometry": {"type": "Point", "coordinates": [-76.208361678, 3.98143244]}, "properties": {"fecha": "1995-02-09", "municipio": "SAN PEDRO", "departamento": "VALLE DEL CAUCA", "muertos": 0.0, "heridos": 0.0, "viv_destruidas": 0.0, "viv_averiadas": 10.0}}, {"type": "Feature", "geometry": {"type": "Point", "coordinates": [-76.208361678, 3.98143244]}, "properties": {"fecha": "2013-02-10", "municipio": "SAN PEDRO", "departamento": "VALLE DEL CAUCA", "muertos": 0.0, "heridos": 0.0, "viv_destruidas": 0.0, "viv_averiadas": 6.0}}, {"type": "Feature", "geometry": {"type": "Point", "coordinates": [-75.589735878, 6.358841086]}, "properties": {"fecha": "1992-10-19", "municipio": "BELLO", "departamento": "ANTIOQUIA", "muertos": 0.0, "heridos": 4.0, "viv_destruidas": 0.0, "viv_averiadas": 0.0}}, {"type": "Feature", "geometry": {"type": "Point", "coordinates": [-75.888181633, 4.193411919]}, "properties": {"fecha": "1962-07-16", "municipio": "SEVILLA", "departamento": "VALLE DEL CAUCA", "muertos": 0.0, "heridos": 0.0, "viv_destruidas": 0.0, "viv_averiadas": 0.0}}, {"type": "Feature", "geometry": {"type": "Point", "coordinates": [-75.888181633, 4.193411919]}, "properties": {"fecha": "1979-11-24", "municipio": "SEVILLA", "departamento": "VALLE DEL CAUCA", "muertos": 1.0, "heridos": 12.0, "viv_destruidas": 0.0, "viv_averiadas": 8.0}}, {"type": "Feature", "geometry": {"type": "Point", "coordinates": [-75.888181633, 4.193411919]}, "properties": {"fecha": "1980-06-26", "municipio": "SEVILLA", "departamento": "VALLE DEL CAUCA", "muertos": 0.0, "heridos": 0.0, "viv_destruidas": 3.0, "viv_averiadas": 0.0}}, {"type": "Feature", "geometry": {"type": "Point", "coordinates": [-75.888181633, 4.193411919]}, "properties": {"fecha": "1995-02-09", "municipio": "SEVILLA", "departamento": "VALLE DEL CAUCA", "muertos": 0.0, "heridos": 8.0, "viv_destruidas": 0.0, "viv_averiadas": 18.0}}, {"type": "Feature", "geometry": {"type": "Point", "coordinates": [-75.888181633, 4.193411919]}, "properties": {"fecha": "1997-09-03", "municipio": "SEVILLA", "departamento": "VALLE DEL CAUCA", "muertos": 0.0, "heridos": 0.0, "viv_destruidas": 0.0, "viv_averiadas": 0.0}}, {"type": "Feature", "geometry": {"type": "Point", "coordinates": [-75.888181633, 4.193411919]}, "properties": {"fecha": "1999-01-26", "municipio": "SEVILLA", "departamento": "VALLE DEL CAUCA", "muertos": 1.0, "heridos": 0.0, "viv_destruidas": 103.0, "viv_averiadas": 712.0}}, {"type": "Feature", "geometry": {"type": "Point", "coordinates": [-76.081061761, 4.638421279]}, "properties": {"fecha": "1962-07-16", "municipio": "TORO", "departamento": "VALLE DEL CAUCA", "muertos": 1.0, "heridos": 0.0, "viv_destruidas": 0.0, "viv_averiadas": 0.0}}, {"type": "Feature", "geometry": {"type": "Point", "coordinates": [-76.081061761, 4.638421279]}, "properties": {"fecha": "1979-11-24", "municipio": "TORO", "departamento": "VALLE DEL CAUCA", "muertos": 0.0, "heridos": 7.0, "viv_destruidas": 0.0, "viv_averiadas": 89.0}}, {"type": "Feature", "geometry": {"type": "Point", "coordinates": [-76.081061761, 4.638421279]}, "properties": {"fecha": "1995-02-09", "municipio": "TORO", "departamento": "VALLE DEL CAUCA", "muertos": 0.0, "heridos": 10.0, "viv_destruidas": 31.0, "viv_averiadas": 78.0}}, {"type": "Feature", "geometry": {"type": "Point", "coordinates": [-76.081061761, 4.638421279]}, "properties": {"fecha": "2010-01-30", "municipio": "TORO", "departamento": "VALLE DEL CAUCA", "muertos": 0.0, "heridos": 0.0, "viv_destruidas": 0.0, "viv_averiadas": 0.0}}, {"type": "Feature", "geometry": {"type": "Point", "coordinates": [-76.081061761, 4.638421279]}, "properties": {"fecha": "2012-10-01", "municipio": "TORO", "departamento": "VALLE DEL CAUCA", "muertos": 0.0, "heridos": 0.0, "viv_destruidas": 0.0, "viv_averiadas": 18.0}}, {"type": "Feature", "geometry": {"type": "Point", "coordinates": [-76.081061761, 4.638421279]}, "properties": {"fecha": "2013-02-10", "municipio": "TORO", "departamento": "VALLE DEL CAUCA", "muertos": 0.0, "heridos": 0.0, "viv_destruidas": 0.0, "viv_averiadas": 17.0}}, {"type": "Feature", "geometry": {"type": "Point", "coordinates": [-76.081061761, 4.638421279]}, "properties": {"fecha": "2013-04-20", "municipio": "TORO", "departamento": "VALLE DEL CAUCA", "muertos": 0.0, "heridos": 0.0, "viv_destruidas": 0.0, "viv_averiadas": 7.0}}, {"type": "Feature", "geometry": {"type": "Point", "coordinates": [-76.342926988, 4.233268116]}, "properties": {"fecha": "1962-07-16", "municipio": "TRUJILLO", "departamento": "VALLE DEL CAUCA", "muertos": 0.0, "heridos": 6.0, "viv_destruidas": 2.0, "viv_averiadas": 0.0}}, {"type": "Feature", "geometry": {"type": "Point", "coordinates": [-76.342926988, 4.233268116]}, "properties": {"fecha": "1979-11-24", "municipio": "TRUJILLO", "departamento": "VALLE DEL CAUCA", "muertos": 1.0, "heridos": 5.0, "viv_destruidas": 0.0, "viv_averiadas": 0.0}}, {"type": "Feature", "geometry": {"type": "Point", "coordinates": [-76.342926988, 4.233268116]}, "properties": {"fecha": "1980-06-26", "municipio": "TRUJILLO", "departamento": "VALLE DEL CAUCA", "muertos": 0.0, "heridos": 0.0, "viv_destruidas": 1.0, "viv_averiadas": 0.0}}, {"type": "Feature", "geometry": {"type": "Point", "coordinates": [-76.342926988, 4.233268116]}, "properties": {"fecha": "1994-06-07", "municipio": "TRUJILLO", "departamento": "VALLE DEL CAUCA", "muertos": 0.0, "heridos": 0.0, "viv_destruidas": 0.0, "viv_averiadas": 160.0}}, {"type": "Feature", "geometry": {"type": "Point", "coordinates": [-76.342926988, 4.233268116]}, "properties": {"fecha": "1995-02-09", "municipio": "TRUJILLO", "departamento": "VALLE DEL CAUCA", "muertos": 1.0, "heridos": 6.0, "viv_destruidas": 48.0, "viv_averiadas": 166.0}}, {"type": "Feature", "geometry": {"type": "Point", "coordinates": [-76.342926988, 4.233268116]}, "properties": {"fecha": "2012-10-01", "municipio": "TRUJILLO", "departamento": "VALLE DEL CAUCA", "muertos": 0.0, "heridos": 0.0, "viv_destruidas": 0.0, "viv_averiadas": 4.0}}, {"type": "Feature", "geometry": {"type": "Point", "coordinates": [-76.342926988, 4.233268116]}, "properties": {"fecha": "2013-02-10", "municipio": "TRUJILLO", "departamento": "VALLE DEL CAUCA", "muertos": 0.0, "heridos": 0.0, "viv_destruidas": 0.0, "viv_averiadas": 2.0}}, {"type": "Feature", "geometry": {"type": "Point", "coordinates": [-76.032503793, 4.02840797]}, "properties": {"fecha": "1979-11-24", "municipio": "TULUA", "departamento": "VALLE DEL CAUCA", "muertos": 0.0, "heridos": 11.0, "viv_destruidas": 0.0, "viv_averiadas": 0.0}}, {"type": "Feature", "geometry": {"type": "Point", "coordinates": [-76.032503793, 4.02840797]}, "properties": {"fecha": "1995-02-09", "municipio": "TULUA", "departamento": "VALLE DEL CAUCA", "muertos": 0.0, "heridos": 0.0, "viv_destruidas": 0.0, "viv_averiadas": 0.0}}, {"type": "Feature", "geometry": {"type": "Point", "coordinates": [-75.778359026, 4.707718947]}, "properties": {"fecha": "1995-02-09", "municipio": "ULLOA", "departamento": "VALLE DEL CAUCA", "muertos": 1.0, "heridos": 0.0, "viv_destruidas": 4.0, "viv_averiadas": 84.0}}, {"type": "Feature", "geometry": {"type": "Point", "coordinates": [-75.778359026, 4.707718947]}, "properties": {"fecha": "1999-01-26", "municipio": "ULLOA", "departamento": "VALLE DEL CAUCA", "muertos": 0.0, "heridos": 0.0, "viv_destruidas": 49.0, "viv_averiadas": 278.0}}, {"type": "Feature", "geometry": {"type": "Point", "coordinates": [-76.259244825, 4.644242641]}, "properties": {"fecha": "1995-02-09", "municipio": "VERSALLES", "departamento": "VALLE DEL CAUCA", "muertos": 0.0, "heridos": 2.0, "viv_destruidas": 7.0, "viv_averiadas": 134.0}}, {"type": "Feature", "geometry": {"type": "Point", "coordinates": [-76.259244825, 4.644242641]}, "properties": {"fecha": "2012-10-01", "municipio": "VERSALLES", "departamento": "VALLE DEL CAUCA", "muertos": 0.0, "heridos": 0.0, "viv_destruidas": 0.0, "viv_averiadas": 37.0}}, {"type": "Feature", "geometry": {"type": "Point", "coordinates": [-76.259244825, 4.644242641]}, "properties": {"fecha": "2013-02-10", "municipio": "VERSALLES", "departamento": "VALLE DEL CAUCA", "muertos": 0.0, "heridos": 0.0, "viv_destruidas": 0.0, "viv_averiadas": 23.0}}, {"type": "Feature", "geometry": {"type": "Point", "coordinates": [-76.470647175, 3.74365889]}, "properties": {"fecha": "1995-02-09", "municipio": "VIJES", "departamento": "VALLE DEL CAUCA", "muertos": 0.0, "heridos": 0.0, "viv_destruidas": 0.0, "viv_averiadas": 38.0}}, {"type": "Feature", "geometry": {"type": "Point", "coordinates": [-76.470647175, 3.74365889]}, "properties": {"fecha": "2004-11-16", "municipio": "VIJES", "departamento": "VALLE DEL CAUCA", "muertos": 0.0, "heridos": 0.0, "viv_destruidas": 2.0, "viv_averiadas": 6.0}}, {"type": "Feature", "geometry": {"type": "Point", "coordinates": [-76.470647175, 3.74365889]}, "properties": {"fecha": "2012-10-01", "municipio": "VIJES", "departamento": "VALLE DEL CAUCA", "muertos": 0.0, "heridos": 0.0, "viv_destruidas": 0.0, "viv_averiadas": 4.0}}, {"type": "Feature", "geometry": {"type": "Point", "coordinates": [-76.470647175, 3.74365889]}, "properties": {"fecha": "2013-02-10", "municipio": "VIJES", "departamento": "VALLE DEL CAUCA", "muertos": 0.0, "heridos": 0.0, "viv_destruidas": 0.0, "viv_averiadas": 40.0}}, {"type": "Feature", "geometry": {"type": "Point", "coordinates": [-76.390804349, 3.904130354]}, "properties": {"fecha": "1995-02-09", "municipio": "YOTOCO", "departamento": "VALLE DEL CAUCA", "muertos": 0.0, "heridos": 3.0, "viv_destruidas": 8.0, "viv_averiadas": 48.0}}, {"type": "Feature", "geometry": {"type": "Point", "coordinates": [-76.5109879, 3.595913669]}, "properties": {"fecha": "1991-11-20", "municipio": "YUMBO", "departamento": "VALLE DEL CAUCA", "muertos": 0.0, "heridos": 0.0, "viv_destruidas": 0.0, "viv_averiadas": 0.0}}, {"type": "Feature", "geometry": {"type": "Point", "coordinates": [-76.5109879, 3.595913669]}, "properties": {"fecha": "1995-02-09", "municipio": "YUMBO", "departamento": "VALLE DEL CAUCA", "muertos": 0.0, "heridos": 0.0, "viv_destruidas": 1.0, "viv_averiadas": 6.0}}, {"type": "Feature", "geometry": {"type": "Point", "coordinates": [-76.050653363, 4.35359875]}, "properties": {"fecha": "1995-02-09", "municipio": "ZARZAL", "departamento": "VALLE DEL CAUCA", "muertos": 0.0, "heridos": 0.0, "viv_destruidas": 21.0, "viv_averiadas": 47.0}}, {"type": "Feature", "geometry": {"type": "Point", "coordinates": [-76.050653363, 4.35359875]}, "properties": {"fecha": "2013-08-28", "municipio": "ZARZAL", "departamento": "VALLE DEL CAUCA", "muertos": 0.0, "heridos": 0.0, "viv_destruidas": 0.0, "viv_averiadas": 4.0}}, {"type": "Feature", "geometry": {"type": "Point", "coordinates": [-70.509211529, 6.796280825]}, "properties": {"fecha": "2007-07-17", "municipio": "ARAUCA", "departamento": "ARAUCA", "muertos": 0.0, "heridos": 0.0, "viv_destruidas": 0.0, "viv_averiadas": 0.0}}, {"type": "Feature", "geometry": {"type": "Point", "coordinates": [-70.966789642, 6.411761829]}, "properties": {"fecha": "1993-07-22", "municipio": "PUERTO RONDON", "departamento": "ARAUCA", "muertos": 0.0, "heridos": 60.0, "viv_destruidas": 433.0, "viv_averiadas": 0.0}}, {"type": "Feature", "geometry": {"type": "Point", "coordinates": [-72.25802857, 5.242744761]}, "properties": {"fecha": "2015-03-11", "municipio": "YOPAL", "departamento": "CASANARE", "muertos": 0.0, "heridos": 0.0, "viv_destruidas": 0.0, "viv_averiadas": 0.0}}, {"type": "Feature", "geometry": {"type": "Point", "coordinates": [-75.986891074, 5.727081285]}, "properties": {"fecha": "2007-04-25", "municipio": "BETANIA", "departamento": "ANTIOQUIA", "muertos": 0.0, "heridos": 0.0, "viv_destruidas": 0.0, "viv_averiadas": 0.0}}, {"type": "Feature", "geometry": {"type": "Point", "coordinates": [-75.986891074, 5.727081285]}, "properties": {"fecha": "2015-03-11", "municipio": "BETANIA", "departamento": "ANTIOQUIA", "muertos": 0.0, "heridos": 0.0, "viv_destruidas": 0.0, "viv_averiadas": 12.0}}, {"type": "Feature", "geometry": {"type": "Point", "coordinates": [-75.986891074, 5.727081285]}, "properties": {"fecha": "2015-09-05", "municipio": "BETANIA", "departamento": "ANTIOQUIA", "muertos": 0.0, "heridos": 0.0, "viv_destruidas": 0.0, "viv_averiadas": 1.0}}, {"type": "Feature", "geometry": {"type": "Point", "coordinates": [-72.864968036, 5.228453404]}, "properties": {"fecha": "1995-01-20", "municipio": "CHAMEZA", "departamento": "CASANARE", "muertos": 0.0, "heridos": 0.0, "viv_destruidas": 0.0, "viv_averiadas": 0.0}}, {"type": "Feature", "geometry": {"type": "Point", "coordinates": [-71.524457518, 6.03948032]}, "properties": {"fecha": "1993-07-22", "municipio": "HATO COROZAL", "departamento": "CASANARE", "muertos": 0.0, "heridos": 5.0, "viv_destruidas": 78.0, "viv_averiadas": 0.0}}, {"type": "Feature", "geometry": {"type": "Point", "coordinates": [-72.847343398, 4.841308642]}, "properties": {"fecha": "1995-01-20", "municipio": "MONTERREY", "departamento": "CASANARE", "muertos": 0.0, "heridos": 0.0, "viv_destruidas": 22.0, "viv_averiadas": 56.0}}, {"type": "Feature", "geometry": {"type": "Point", "coordinates": [-75.956492463, 6.185783612]}, "properties": {"fecha": "1979-11-24", "municipio": "BETULIA", "departamento": "ANTIOQUIA", "muertos": 0.0, "heridos": 0.0, "viv_destruidas": 0.0, "viv_averiadas": 0.0}}, {"type": "Feature", "geometry": {"type": "Point", "coordinates": [-71.598739657, 4.915139133]}, "properties": {"fecha": "1995-01-20", "municipio": "OROCUE", "departamento": "CASANARE", "muertos": 0.0, "heridos": 0.0, "viv_destruidas": 0.0, "viv_averiadas": 7.0}}, {"type": "Feature", "geometry": {"type": "Point", "coordinates": [-75.956492463, 6.185783612]}, "properties": {"fecha": "1992-10-19", "municipio": "BETULIA", "departamento": "ANTIOQUIA", "muertos": 0.0, "heridos": 0.0, "viv_destruidas": 0.0, "viv_averiadas": 0.0}}, {"type": "Feature", "geometry": {"type": "Point", "coordinates": [-75.956492463, 6.185783612]}, "properties": {"fecha": "2021-03-02", "municipio": "BETULIA", "departamento": "ANTIOQUIA", "muertos": 0.0, "heridos": 1.0, "viv_destruidas": 0.0, "viv_averiadas": 4.0}}, {"type": "Feature", "geometry": {"type": "Point", "coordinates": [-72.99580655, 4.81119011]}, "properties": {"fecha": "1995-01-20", "municipio": "SABANALARGA", "departamento": "CASANARE", "muertos": 0.0, "heridos": 9.0, "viv_destruidas": 93.0, "viv_averiadas": 23.0}}, {"type": "Feature", "geometry": {"type": "Point", "coordinates": [-72.629224357, 4.697463691]}, "properties": {"fecha": "1995-01-20", "municipio": "TAURAMENA", "departamento": "CASANARE", "muertos": 0.0, "heridos": 30.0, "viv_destruidas": 0.0, "viv_averiadas": 4.0}}, {"type": "Feature", "geometry": {"type": "Point", "coordinates": [-72.629224357, 4.697463691]}, "properties": {"fecha": "1997-03-11", "municipio": "TAURAMENA", "departamento": "CASANARE", "muertos": 0.0, "heridos": 1.0, "viv_destruidas": 29.0, "viv_averiadas": 0.0}}, {"type": "Feature", "geometry": {"type": "Point", "coordinates": [-76.521582034, 0.433884539]}, "properties": {"fecha": "2020-12-06", "municipio": "PUERTO ASIS", "departamento": "PUTUMAYO", "muertos": 0.0, "heridos": 0.0, "viv_destruidas": 0.0, "viv_averiadas": 0.0}}, {"type": "Feature", "geometry": {"type": "Point", "coordinates": [-75.912065947, 6.80906489]}, "properties": {"fecha": "1992-10-19", "municipio": "BURITICA", "departamento": "ANTIOQUIA", "muertos": 0.0, "heridos": 0.0, "viv_destruidas": 0.0, "viv_averiadas": 0.0}}, {"type": "Feature", "geometry": {"type": "Point", "coordinates": [-75.99351498, 6.423463639]}, "properties": {"fecha": "1992-10-19", "municipio": "CAICEDO", "departamento": "ANTIOQUIA", "muertos": 0.0, "heridos": 0.0, "viv_destruidas": 0.0, "viv_averiadas": 0.0}}, {"type": "Feature", "geometry": {"type": "Point", "coordinates": [-75.626426743, 6.054446841]}, "properties": {"fecha": "1995-08-20", "municipio": "CALDAS", "departamento": "ANTIOQUIA", "muertos": 0.0, "heridos": 0.0, "viv_destruidas": 0.0, "viv_averiadas": 0.0}}, {"type": "Feature", "geometry": {"type": "Point", "coordinates": [-75.287661778, 7.036017478]}, "properties": {"fecha": "1962-02-09", "municipio": "CAMPAMENTO", "departamento": "ANTIOQUIA", "muertos": 0.0, "heridos": 0.0, "viv_destruidas": 3.0, "viv_averiadas": 0.0}}, {"type": "Feature", "geometry": {"type": "Point", "coordinates": [-76.02689632, 6.814950023]}, "properties": {"fecha": "1967-07-30", "municipio": "CAÑASGORDAS", "departamento": "ANTIOQUIA", "muertos": 0.0, "heridos": 0.0, "viv_destruidas": 0.0, "viv_averiadas": 0.0}}, {"type": "Feature", "geometry": {"type": "Point", "coordinates": [-76.02689632, 6.814950023]}, "properties": {"fecha": "1992-10-19", "municipio": "CAÑASGORDAS", "departamento": "ANTIOQUIA", "muertos": 0.0, "heridos": 0.0, "viv_destruidas": 0.0, "viv_averiadas": 0.0}}, {"type": "Feature", "geometry": {"type": "Point", "coordinates": [-75.630820964, 5.555275296]}, "properties": {"fecha": "1979-11-24", "municipio": "CARAMANTA", "departamento": "ANTIOQUIA", "muertos": 0.0, "heridos": 0.0, "viv_destruidas": 0.0, "viv_averiadas": 0.0}}, {"type": "Feature", "geometry": {"type": "Point", "coordinates": [-75.630820964, 5.555275296]}, "properties": {"fecha": "1992-10-19", "municipio": "CARAMANTA", "departamento": "ANTIOQUIA", "muertos": 0.0, "heridos": 0.0, "viv_destruidas": 0.0, "viv_averiadas": 0.0}}, {"type": "Feature", "geometry": {"type": "Point", "coordinates": [-75.630820964, 5.555275296]}, "properties": {"fecha": "1995-08-20", "municipio": "CARAMANTA", "departamento": "ANTIOQUIA", "muertos": 0.0, "heridos": 0.0, "viv_destruidas": 0.0, "viv_averiadas": 0.0}}, {"type": "Feature", "geometry": {"type": "Point", "coordinates": [-76.643746573, 7.757967437]}, "properties": {"fecha": "1992-10-19", "municipio": "CAREPA", "departamento": "ANTIOQUIA", "muertos": 0.0, "heridos": 0.0, "viv_destruidas": 0.0, "viv_averiadas": 0.0}}, {"type": "Feature", "geometry": {"type": "Point", "coordinates": [-75.305906539, 6.754821442]}, "properties": {"fecha": "1992-10-19", "municipio": "CAROLINA", "departamento": "ANTIOQUIA", "muertos": 0.0, "heridos": 0.0, "viv_destruidas": 0.0, "viv_averiadas": 0.0}}, {"type": "Feature", "geometry": {"type": "Point", "coordinates": [-76.639642127, 7.631665644]}, "properties": {"fecha": "1977-08-31", "municipio": "CHIGORODO", "departamento": "ANTIOQUIA", "muertos": 0.0, "heridos": 0.0, "viv_destruidas": 0.0, "viv_averiadas": 0.0}}, {"type": "Feature", "geometry": {"type": "Point", "coordinates": [-76.639642127, 7.631665644]}, "properties": {"fecha": "1992-10-19", "municipio": "CHIGORODO", "departamento": "ANTIOQUIA", "muertos": 0.0, "heridos": 0.0, "viv_destruidas": 0.0, "viv_averiadas": 0.0}}, {"type": "Feature", "geometry": {"type": "Point", "coordinates": [-75.160154033, 6.005593074]}, "properties": {"fecha": "1967-05-16", "municipio": "COCORNA", "departamento": "ANTIOQUIA", "muertos": 2.0, "heridos": 0.0, "viv_destruidas": 0.0, "viv_averiadas": 0.0}}, {"type": "Feature", "geometry": {"type": "Point", "coordinates": [-75.900146783, 6.057468678]}, "properties": {"fecha": "1992-10-19", "municipio": "CONCORDIA", "departamento": "ANTIOQUIA", "muertos": 0.0, "heridos": 0.0, "viv_destruidas": 0.0, "viv_averiadas": 0.0}}, {"type": "Feature", "geometry": {"type": "Point", "coordinates": [-76.314263284, 6.992243782]}, "properties": {"fecha": "1977-08-16", "municipio": "DABEIBA", "departamento": "ANTIOQUIA", "muertos": 0.0, "heridos": 3.0, "viv_destruidas": 0.0, "viv_averiadas": 0.0}}, {"type": "Feature", "geometry": {"type": "Point", "coordinates": [-76.314263284, 6.992243782]}, "properties": {"fecha": "1977-08-31", "municipio": "DABEIBA", "departamento": "ANTIOQUIA", "muertos": 3.0, "heridos": 0.0, "viv_destruidas": 0.0, "viv_averiadas": 0.0}}, {"type": "Feature", "geometry": {"type": "Point", "coordinates": [-76.314263284, 6.992243782]}, "properties": {"fecha": "1992-10-19", "municipio": "DABEIBA", "departamento": "ANTIOQUIA", "muertos": 0.0, "heridos": 0.0, "viv_destruidas": 0.0, "viv_averiadas": 0.0}}, {"type": "Feature", "geometry": {"type": "Point", "coordinates": [-75.422276872, 6.492403905]}, "properties": {"fecha": "2020-04-16", "municipio": "DONMATIAS", "departamento": "ANTIOQUIA", "muertos": 0.0, "heridos": 0.0, "viv_destruidas": 0.0, "viv_averiadas": 1.0}}, {"type": "Feature", "geometry": {"type": "Point", "coordinates": [-75.559130833, 6.594656004]}, "properties": {"fecha": "1962-07-16", "municipio": "ENTRERRIOS", "departamento": "ANTIOQUIA", "muertos": 0.0, "heridos": 0.0, "viv_destruidas": 10.0, "viv_averiadas": 0.0}}, {"type": "Feature", "geometry": {"type": "Point", "coordinates": [-75.559130833, 6.594656004]}, "properties": {"fecha": "1962-07-16", "municipio": "ENTRERRIOS", "departamento": "ANTIOQUIA", "muertos": 0.0, "heridos": 0.0, "viv_destruidas": 10.0, "viv_averiadas": 0.0}}, {"type": "Feature", "geometry": {"type": "Point", "coordinates": [-75.546867788, 6.154394922]}, "properties": {"fecha": "1979-11-24", "municipio": "ENVIGADO", "departamento": "ANTIOQUIA", "muertos": 0.0, "heridos": 0.0, "viv_destruidas": 0.0, "viv_averiadas": 0.0}}, {"type": "Feature", "geometry": {"type": "Point", "coordinates": [-75.679262419, 5.887702934]}, "properties": {"fecha": "1938-02-05", "municipio": "FREDONIA", "departamento": "ANTIOQUIA", "muertos": 0.0, "heridos": 0.0, "viv_destruidas": 0.0, "viv_averiadas": 0.0}}, {"type": "Feature", "geometry": {"type": "Point", "coordinates": [-75.679262419, 5.887702934]}, "properties": {"fecha": "1962-07-16", "municipio": "FREDONIA", "departamento": "ANTIOQUIA", "muertos": 1.0, "heridos": 0.0, "viv_destruidas": 0.0, "viv_averiadas": 0.0}}, {"type": "Feature", "geometry": {"type": "Point", "coordinates": [-76.33199656, 6.691364773]}, "properties": {"fecha": "1992-10-19", "municipio": "FRONTINO", "departamento": "ANTIOQUIA", "muertos": 0.0, "heridos": 0.0, "viv_destruidas": 0.0, "viv_averiadas": 1677.0}}, {"type": "Feature", "geometry": {"type": "Point", "coordinates": [-75.948046628, 6.663095863]}, "properties": {"fecha": "1952-02-05", "municipio": "GIRALDO", "departamento": "ANTIOQUIA", "muertos": 0.0, "heridos": 0.0, "viv_destruidas": 0.0, "viv_averiadas": 0.0}}, {"type": "Feature", "geometry": {"type": "Point", "coordinates": [-75.948046628, 6.663095863]}, "properties": {"fecha": "1992-10-19", "municipio": "GIRALDO", "departamento": "ANTIOQUIA", "muertos": 0.0, "heridos": 0.0, "viv_destruidas": 0.0, "viv_averiadas": 0.0}}, {"type": "Feature", "geometry": {"type": "Point", "coordinates": [-75.447957442, 6.379745895]}, "properties": {"fecha": "1979-11-24", "municipio": "GIRARDOTA", "departamento": "ANTIOQUIA", "muertos": 0.0, "heridos": 0.0, "viv_destruidas": 0.0, "viv_averiadas": 4.0}}, {"type": "Feature", "geometry": {"type": "Point", "coordinates": [-75.614203699, 6.179279438]}, "properties": {"fecha": "1992-10-19", "municipio": "ITAGÜI", "departamento": "ANTIOQUIA", "muertos": 0.0, "heridos": 0.0, "viv_destruidas": 0.0, "viv_averiadas": 0.0}}]}