{"type": "FeatureCollection", "features": [{"type": "Feature", "geometry": {"type": "Point", "coordinates": [-75.77879185799992, 5.2495694390000835]}, "properties": {"municipio": "Anserma", "departamento": "Caldas", "dano": "Damage", "dano_agrupado": "Damaged Buildings", "sensor": "Pleiades", "sensor_date": "20260812", "confianza": "To Be Evaluated", "validacion_campo": "Not yet field validated", "event_code": "EQ20260810COL", "productos": "4250,4251,4252,4253,4254,4255", "capa": "PHR_20260812_BuildingDamageAsessment_Anserma"}}, {"type": "Feature", "geometry": {"type": "Point", "coordinates": [-75.77875344199992, 5.249641172000054]}, "properties": {"municipio": "Anserma", "departamento": "Caldas", "dano": "Possible Damage", "dano_agrupado": "Damaged Buildings", "sensor": "Pleiades", "sensor_date": "20260812", "confianza": "To Be Evaluated", "validacion_campo": "Not yet field validated", "event_code": "EQ20260810COL", "productos": "4250,4251,4252,4253,4254,4255", "capa": "PHR_20260812_BuildingDamageAsessment_Anserma"}}, {"type": "Feature", "geometry": {"type": "Point", "coordinates": [-75.7791815249999, 5.248857616000066]}, "properties": {"municipio": "Anserma", "departamento": "Caldas", "dano": "Possible Damage", "dano_agrupado": "Damaged Buildings", "sensor": "Pleiades", "sensor_date": "20260812", "confianza": "To Be Evaluated", "validacion_campo": "Not yet field validated", "event_code": "EQ20260810COL", "productos": "4250,4251,4252,4253,4254,4255", "capa": "PHR_20260812_BuildingDamageAsessment_Anserma"}}, {"type": "Feature", "geometry": {"type": "Point", "coordinates": [-75.77924208699994, 5.248901654000065]}, "properties": {"municipio": "Anserma", "departamento": "Caldas", "dano": "Possible Damage", "dano_agrupado": "Damaged Buildings", "sensor": "Pleiades", "sensor_date": "20260812", "confianza": "To Be Evaluated", "validacion_campo": "Not yet field validated", "event_code": "EQ20260810COL", "productos": "4250,4251,4252,4253,4254,4255", "capa": "PHR_20260812_BuildingDamageAsessment_Anserma"}}, {"type": "Feature", "geometry": {"type": "Point", "coordinates": [-75.77891272699992, 5.249450732000071]}, "properties": {"municipio": "Anserma", "departamento": "Caldas", "dano": "Possible Damage", "dano_agrupado": "Damaged Buildings", "sensor": "Pleiades", "sensor_date": "20260812", "confianza": "To Be Evaluated", "validacion_campo": "Not yet field validated", "event_code": "EQ20260810COL", "productos": "4250,4251,4252,4253,4254,4255", "capa": "PHR_20260812_BuildingDamageAsessment_Anserma"}}, {"type": "Feature", "geometry": {"type": "Point", "coordinates": [-75.77906074899994, 5.2490507650000495]}, "properties": {"municipio": "Anserma", "departamento": "Caldas", "dano": "Possible Damage", "dano_agrupado": "Damaged Buildings", "sensor": "Pleiades", "sensor_date": "20260812", "confianza": "To Be Evaluated", "validacion_campo": "Not yet field validated", "event_code": "EQ20260810COL", "productos": "4250,4251,4252,4253,4254,4255", "capa": "PHR_20260812_BuildingDamageAsessment_Anserma"}}, {"type": "Feature", "geometry": {"type": "Point", "coordinates": [-75.78066483299995, 5.248758732000056]}, "properties": {"municipio": "Anserma", "departamento": "Caldas", "dano": "Possible Damage", "dano_agrupado": "Damaged Buildings", "sensor": "Pleiades", "sensor_date": "20260812", "confianza": "To Be Evaluated", "validacion_campo": "Not yet field validated", "event_code": "EQ20260810COL", "productos": "4250,4251,4252,4253,4254,4255", "capa": "PHR_20260812_BuildingDamageAsessment_Anserma"}}, {"type": "Feature", "geometry": {"type": "Point", "coordinates": [-75.78078515899995, 5.248204400000077]}, "properties": {"municipio": "Anserma", "departamento": "Caldas", "dano": "Damage", "dano_agrupado": "Damaged Buildings", "sensor": "Pleiades", "sensor_date": "20260812", "confianza": "To Be Evaluated", "validacion_campo": "Not yet field validated", "event_code": "EQ20260810COL", "productos": "4250,4251,4252,4253,4254,4255", "capa": "PHR_20260812_BuildingDamageAsessment_Anserma"}}, {"type": "Feature", "geometry": {"type": "Point", "coordinates": [-75.78052385299992, 5.248185427000067]}, "properties": {"municipio": "Anserma", "departamento": "Caldas", "dano": "Possible Damage", "dano_agrupado": "Damaged Buildings", "sensor": "Pleiades", "sensor_date": "20260812", "confianza": "To Be Evaluated", "validacion_campo": "Not yet field validated", "event_code": "EQ20260810COL", "productos": "4250,4251,4252,4253,4254,4255", "capa": "PHR_20260812_BuildingDamageAsessment_Anserma"}}, {"type": "Feature", "geometry": {"type": "Point", "coordinates": [-75.78056798799992, 5.248290142000087]}, "properties": {"municipio": "Anserma", "departamento": "Caldas", "dano": "Possible Damage", "dano_agrupado": "Damaged Buildings", "sensor": "Pleiades", "sensor_date": "20260812", "confianza": "To Be Evaluated", "validacion_campo": "Not yet field validated", "event_code": "EQ20260810COL", "productos": "4250,4251,4252,4253,4254,4255", "capa": "PHR_20260812_BuildingDamageAsessment_Anserma"}}, {"type": "Feature", "geometry": {"type": "Point", "coordinates": [-75.77979228599992, 5.248205640000037]}, "properties": {"municipio": "Anserma", "departamento": "Caldas", "dano": "Possible Damage", "dano_agrupado": "Damaged Buildings", "sensor": "Pleiades", "sensor_date": "20260812", "confianza": "To Be Evaluated", "validacion_campo": "Not yet field validated", "event_code": "EQ20260810COL", "productos": "4250,4251,4252,4253,4254,4255", "capa": "PHR_20260812_BuildingDamageAsessment_Anserma"}}, {"type": "Feature", "geometry": {"type": "Point", "coordinates": [-75.77968523399994, 5.248376715000063]}, "properties": {"municipio": "Anserma", "departamento": "Caldas", "dano": "Possible Damage", "dano_agrupado": "Damaged Buildings", "sensor": "Pleiades", "sensor_date": "20260812", "confianza": "To Be Evaluated", "validacion_campo": "Not yet field validated", "event_code": "EQ20260810COL", "productos": "4250,4251,4252,4253,4254,4255", "capa": "PHR_20260812_BuildingDamageAsessment_Anserma"}}, {"type": "Feature", "geometry": {"type": "Point", "coordinates": [-75.7809670659999, 5.2485129700000925]}, "properties": {"municipio": "Anserma", "departamento": "Caldas", "dano": "Possible Damage", "dano_agrupado": "Damaged Buildings", "sensor": "Pleiades", "sensor_date": "20260812", "confianza": "To Be Evaluated", "validacion_campo": "Not yet field validated", "event_code": "EQ20260810COL", "productos": "4250,4251,4252,4253,4254,4255", "capa": "PHR_20260812_BuildingDamageAsessment_Anserma"}}, {"type": "Feature", "geometry": {"type": "Point", "coordinates": [-75.78128181799991, 5.247277387000054]}, "properties": {"municipio": "Anserma", "departamento": "Caldas", "dano": "Possible Damage", "dano_agrupado": "Damaged Buildings", "sensor": "Pleiades", "sensor_date": "20260812", "confianza": "To Be Evaluated", "validacion_campo": "Not yet field validated", "event_code": "EQ20260810COL", "productos": "4250,4251,4252,4253,4254,4255", "capa": "PHR_20260812_BuildingDamageAsessment_Anserma"}}, {"type": "Feature", "geometry": {"type": "Point", "coordinates": [-75.77993085399993, 5.246837935000087]}, "properties": {"municipio": "Anserma", "departamento": "Caldas", "dano": "Possible Damage", "dano_agrupado": "Damaged Buildings", "sensor": "Pleiades", "sensor_date": "20260812", "confianza": "To Be Evaluated", "validacion_campo": "Not yet field validated", "event_code": "EQ20260810COL", "productos": "4250,4251,4252,4253,4254,4255", "capa": "PHR_20260812_BuildingDamageAsessment_Anserma"}}, {"type": "Feature", "geometry": {"type": "Point", "coordinates": [-75.77833324699992, 5.247705776000089]}, "properties": {"municipio": "Anserma", "departamento": "Caldas", "dano": "Possible Damage", "dano_agrupado": "Damaged Buildings", "sensor": "Pleiades", "sensor_date": "20260812", "confianza": "To Be Evaluated", "validacion_campo": "Not yet field validated", "event_code": "EQ20260810COL", "productos": "4250,4251,4252,4253,4254,4255", "capa": "PHR_20260812_BuildingDamageAsessment_Anserma"}}, {"type": "Feature", "geometry": {"type": "Point", "coordinates": [-75.78100069599992, 5.242971229000091]}, "properties": {"municipio": "Anserma", "departamento": "Caldas", "dano": "Damage", "dano_agrupado": "Damaged Buildings", "sensor": "Pleiades", "sensor_date": "20260812", "confianza": "To Be Evaluated", "validacion_campo": "Not yet field validated", "event_code": "EQ20260810COL", "productos": "4250,4251,4252,4253,4254,4255", "capa": "PHR_20260812_BuildingDamageAsessment_Anserma"}}, {"type": "Feature", "geometry": {"type": "Point", "coordinates": [-75.78092103599994, 5.243051285000092]}, "properties": {"municipio": "Anserma", "departamento": "Caldas", "dano": "Damage", "dano_agrupado": "Damaged Buildings", "sensor": "Pleiades", "sensor_date": "20260812", "confianza": "To Be Evaluated", "validacion_campo": "Not yet field validated", "event_code": "EQ20260810COL", "productos": "4250,4251,4252,4253,4254,4255", "capa": "PHR_20260812_BuildingDamageAsessment_Anserma"}}, {"type": "Feature", "geometry": {"type": "Point", "coordinates": [-75.77898137699992, 5.246938489000058]}, "properties": {"municipio": "Anserma", "departamento": "Caldas", "dano": "Damage", "dano_agrupado": "Damaged Buildings", "sensor": "Pleiades", "sensor_date": "20260812", "confianza": "To Be Evaluated", "validacion_campo": "Not yet field validated", "event_code": "EQ20260810COL", "productos": "4250,4251,4252,4253,4254,4255", "capa": "PHR_20260812_BuildingDamageAsessment_Anserma"}}, {"type": "Feature", "geometry": {"type": "Point", "coordinates": [-75.7809601589999, 5.247382560000062]}, "properties": {"municipio": "Anserma", "departamento": "Caldas", "dano": "Possible Damage", "dano_agrupado": "Damaged Buildings", "sensor": "Pleiades", "sensor_date": "20260812", "confianza": "To Be Evaluated", "validacion_campo": "Not yet field validated", "event_code": "EQ20260810COL", "productos": "4250,4251,4252,4253,4254,4255", "capa": "PHR_20260812_BuildingDamageAsessment_Anserma"}}, {"type": "Feature", "geometry": {"type": "Point", "coordinates": [-75.78238122599993, 5.248105499000076]}, "properties": {"municipio": "Anserma", "departamento": "Caldas", "dano": "Possible Damage", "dano_agrupado": "Damaged Buildings", "sensor": "Pleiades", "sensor_date": "20260812", "confianza": "To Be Evaluated", "validacion_campo": "Not yet field validated", "event_code": "EQ20260810COL", "productos": "4250,4251,4252,4253,4254,4255", "capa": "PHR_20260812_BuildingDamageAsessment_Anserma"}}, {"type": "Feature", "geometry": {"type": "Point", "coordinates": [-75.7792251539999, 5.246130348000065]}, "properties": {"municipio": "Anserma", "departamento": "Caldas", "dano": "Possible Damage", "dano_agrupado": "Damaged Buildings", "sensor": "Pleiades", "sensor_date": "20260812", "confianza": "To Be Evaluated", "validacion_campo": "Not yet field validated", "event_code": "EQ20260810COL", "productos": "4250,4251,4252,4253,4254,4255", "capa": "PHR_20260812_BuildingDamageAsessment_Anserma"}}, {"type": "Feature", "geometry": {"type": "Point", "coordinates": [-75.78102680099994, 5.24621139900006]}, "properties": {"municipio": "Anserma", "departamento": "Caldas", "dano": "Possible Damage", "dano_agrupado": "Damaged Buildings", "sensor": "Pleiades", "sensor_date": "20260812", "confianza": "To Be Evaluated", "validacion_campo": "Not yet field validated", "event_code": "EQ20260810COL", "productos": "4250,4251,4252,4253,4254,4255", "capa": "PHR_20260812_BuildingDamageAsessment_Anserma"}}, {"type": "Feature", "geometry": {"type": "Point", "coordinates": [-75.77908848599992, 5.2468142850000845]}, "properties": {"municipio": "Anserma", "departamento": "Caldas", "dano": "Damage", "dano_agrupado": "Damaged Buildings", "sensor": "Pleiades", "sensor_date": "20260812", "confianza": "To Be Evaluated", "validacion_campo": "Not yet field validated", "event_code": "EQ20260810COL", "productos": "4250,4251,4252,4253,4254,4255", "capa": "PHR_20260812_BuildingDamageAsessment_Anserma"}}, {"type": "Feature", "geometry": {"type": "Point", "coordinates": [-75.78053124099995, 5.245809479000059]}, "properties": {"municipio": "Anserma", "departamento": "Caldas", "dano": "Possible Damage", "dano_agrupado": "Damaged Buildings", "sensor": "Pleiades", "sensor_date": "20260812", "confianza": "To Be Evaluated", "validacion_campo": "Not yet field validated", "event_code": "EQ20260810COL", "productos": "4250,4251,4252,4253,4254,4255", "capa": "PHR_20260812_BuildingDamageAsessment_Anserma"}}, {"type": "Feature", "geometry": {"type": "Point", "coordinates": [-75.77981275399992, 5.2461130730000605]}, "properties": {"municipio": "Anserma", "departamento": "Caldas", "dano": "Possible Damage", "dano_agrupado": "Damaged Buildings", "sensor": "Pleiades", "sensor_date": "20260812", "confianza": "To Be Evaluated", "validacion_campo": "Not yet field validated", "event_code": "EQ20260810COL", "productos": "4250,4251,4252,4253,4254,4255", "capa": "PHR_20260812_BuildingDamageAsessment_Anserma"}}, {"type": "Feature", "geometry": {"type": "Point", "coordinates": [-75.78312266199993, 5.244148623000058]}, "properties": {"municipio": "Anserma", "departamento": "Caldas", "dano": "Possible Damage", "dano_agrupado": "Damaged Buildings", "sensor": "Pleiades", "sensor_date": "20260812", "confianza": "To Be Evaluated", "validacion_campo": "Not yet field validated", "event_code": "EQ20260810COL", "productos": "4250,4251,4252,4253,4254,4255", "capa": "PHR_20260812_BuildingDamageAsessment_Anserma"}}, {"type": "Feature", "geometry": {"type": "Point", "coordinates": [-75.78328457399994, 5.243861680000066]}, "properties": {"municipio": "Anserma", "departamento": "Caldas", "dano": "Possible Damage", "dano_agrupado": "Damaged Buildings", "sensor": "Pleiades", "sensor_date": "20260812", "confianza": "To Be Evaluated", "validacion_campo": "Not yet field validated", "event_code": "EQ20260810COL", "productos": "4250,4251,4252,4253,4254,4255", "capa": "PHR_20260812_BuildingDamageAsessment_Anserma"}}, {"type": "Feature", "geometry": {"type": "Point", "coordinates": [-75.78323525299993, 5.24401062600009]}, "properties": {"municipio": "Anserma", "departamento": "Caldas", "dano": "Possible Damage", "dano_agrupado": "Damaged Buildings", "sensor": "Pleiades", "sensor_date": "20260812", "confianza": "To Be Evaluated", "validacion_campo": "Not yet field validated", "event_code": "EQ20260810COL", "productos": "4250,4251,4252,4253,4254,4255", "capa": "PHR_20260812_BuildingDamageAsessment_Anserma"}}, {"type": "Feature", "geometry": {"type": "Point", "coordinates": [-75.7824202839999, 5.242394095000066]}, "properties": {"municipio": "Anserma", "departamento": "Caldas", "dano": "Possible Damage", "dano_agrupado": "Damaged Buildings", "sensor": "Pleiades", "sensor_date": "20260812", "confianza": "To Be Evaluated", "validacion_campo": "Not yet field validated", "event_code": "EQ20260810COL", "productos": "4250,4251,4252,4253,4254,4255", "capa": "PHR_20260812_BuildingDamageAsessment_Anserma"}}, {"type": "Feature", "geometry": {"type": "Point", "coordinates": [-75.7825082359999, 5.24234711400004]}, "properties": {"municipio": "Anserma", "departamento": "Caldas", "dano": "Possible Damage", "dano_agrupado": "Damaged Buildings", "sensor": "Pleiades", "sensor_date": "20260812", "confianza": "To Be Evaluated", "validacion_campo": "Not yet field validated", "event_code": "EQ20260810COL", "productos": "4250,4251,4252,4253,4254,4255", "capa": "PHR_20260812_BuildingDamageAsessment_Anserma"}}, {"type": "Feature", "geometry": {"type": "Point", "coordinates": [-75.78155663199993, 5.240466220000087]}, "properties": {"municipio": "Anserma", "departamento": "Caldas", "dano": "Possible Damage", "dano_agrupado": "Damaged Buildings", "sensor": "Pleiades", "sensor_date": "20260812", "confianza": "To Be Evaluated", "validacion_campo": "Not yet field validated", "event_code": "EQ20260810COL", "productos": "4250,4251,4252,4253,4254,4255", "capa": "PHR_20260812_BuildingDamageAsessment_Anserma"}}, {"type": "Feature", "geometry": {"type": "Point", "coordinates": [-75.7816473229999, 5.2404109650000805]}, "properties": {"municipio": "Anserma", "departamento": "Caldas", "dano": "Possible Damage", "dano_agrupado": "Damaged Buildings", "sensor": "Pleiades", "sensor_date": "20260812", "confianza": "To Be Evaluated", "validacion_campo": "Not yet field validated", "event_code": "EQ20260810COL", "productos": "4250,4251,4252,4253,4254,4255", "capa": "PHR_20260812_BuildingDamageAsessment_Anserma"}}, {"type": "Feature", "geometry": {"type": "Point", "coordinates": [-75.78141094799992, 5.240532573000053]}, "properties": {"municipio": "Anserma", "departamento": "Caldas", "dano": "Possible Damage", "dano_agrupado": "Damaged Buildings", "sensor": "Pleiades", "sensor_date": "20260812", "confianza": "To Be Evaluated", "validacion_campo": "Not yet field validated", "event_code": "EQ20260810COL", "productos": "4250,4251,4252,4253,4254,4255", "capa": "PHR_20260812_BuildingDamageAsessment_Anserma"}}, {"type": "Feature", "geometry": {"type": "Point", "coordinates": [-75.7796412969999, 5.247756644000049]}, "properties": {"municipio": "Anserma", "departamento": "Caldas", "dano": "Possible Damage", "dano_agrupado": "Damaged Buildings", "sensor": "Pleiades", "sensor_date": "20260812", "confianza": "To Be Evaluated", "validacion_campo": "Not yet field validated", "event_code": "EQ20260810COL", "productos": "4250,4251,4252,4253,4254,4255", "capa": "PHR_20260812_BuildingDamageAsessment_Anserma"}}, {"type": "Feature", "geometry": {"type": "Point", "coordinates": [-75.77987600199992, 5.247939761000055]}, "properties": {"municipio": "Anserma", "departamento": "Caldas", "dano": "Possible Damage", "dano_agrupado": "Damaged Buildings", "sensor": "Pleiades", "sensor_date": "20260812", "confianza": "To Be Evaluated", "validacion_campo": "Not yet field validated", "event_code": "EQ20260810COL", "productos": "4250,4251,4252,4253,4254,4255", "capa": "PHR_20260812_BuildingDamageAsessment_Anserma"}}, {"type": "Feature", "geometry": {"type": "Point", "coordinates": [-75.77818000799994, 5.247485850000089]}, "properties": {"municipio": "Anserma", "departamento": "Caldas", "dano": "Possible Damage", "dano_agrupado": "Damaged Buildings", "sensor": "Pleiades", "sensor_date": "20260812", "confianza": "To Be Evaluated", "validacion_campo": "Not yet field validated", "event_code": "EQ20260810COL", "productos": "4250,4251,4252,4253,4254,4255", "capa": "PHR_20260812_BuildingDamageAsessment_Anserma"}}, {"type": "Feature", "geometry": {"type": "Point", "coordinates": [-75.77840753999993, 5.2477327380000816]}, "properties": {"municipio": "Anserma", "departamento": "Caldas", "dano": "Possible Damage", "dano_agrupado": "Damaged Buildings", "sensor": "Pleiades", "sensor_date": "20260812", "confianza": "To Be Evaluated", "validacion_campo": "Not yet field validated", "event_code": "EQ20260810COL", "productos": "4250,4251,4252,4253,4254,4255", "capa": "PHR_20260812_BuildingDamageAsessment_Anserma"}}, {"type": "Feature", "geometry": {"type": "Point", "coordinates": [-75.77915323799994, 5.246728583000049]}, "properties": {"municipio": "Anserma", "departamento": "Caldas", "dano": "Possible Damage", "dano_agrupado": "Damaged Buildings", "sensor": "Pleiades", "sensor_date": "20260812", "confianza": "To Be Evaluated", "validacion_campo": "Not yet field validated", "event_code": "EQ20260810COL", "productos": "4250,4251,4252,4253,4254,4255", "capa": "PHR_20260812_BuildingDamageAsessment_Anserma"}}, {"type": "Feature", "geometry": {"type": "Point", "coordinates": [-75.77916766999994, 5.246670407000067]}, "properties": {"municipio": "Anserma", "departamento": "Caldas", "dano": "Possible Damage", "dano_agrupado": "Damaged Buildings", "sensor": "Pleiades", "sensor_date": "20260812", "confianza": "To Be Evaluated", "validacion_campo": "Not yet field validated", "event_code": "EQ20260810COL", "productos": "4250,4251,4252,4253,4254,4255", "capa": "PHR_20260812_BuildingDamageAsessment_Anserma"}}, {"type": "Feature", "geometry": {"type": "Point", "coordinates": [-75.77838759499991, 5.247243266000055]}, "properties": {"municipio": "Anserma", "departamento": "Caldas", "dano": "Possible Damage", "dano_agrupado": "Damaged Buildings", "sensor": "Pleiades", "sensor_date": "20260812", "confianza": "To Be Evaluated", "validacion_campo": "Not yet field validated", "event_code": "EQ20260810COL", "productos": "4250,4251,4252,4253,4254,4255", "capa": "PHR_20260812_BuildingDamageAsessment_Anserma"}}, {"type": "Feature", "geometry": {"type": "Point", "coordinates": [-75.77899093999991, 5.246454958000072]}, "properties": {"municipio": "Anserma", "departamento": "Caldas", "dano": "Possible Damage", "dano_agrupado": "Damaged Buildings", "sensor": "Pleiades", "sensor_date": "20260812", "confianza": "To Be Evaluated", "validacion_campo": "Not yet field validated", "event_code": "EQ20260810COL", "productos": "4250,4251,4252,4253,4254,4255", "capa": "PHR_20260812_BuildingDamageAsessment_Anserma"}}, {"type": "Feature", "geometry": {"type": "Point", "coordinates": [-75.77969041299991, 5.246308690000092]}, "properties": {"municipio": "Anserma", "departamento": "Caldas", "dano": "Possible Damage", "dano_agrupado": "Damaged Buildings", "sensor": "Pleiades", "sensor_date": "20260812", "confianza": "To Be Evaluated", "validacion_campo": "Not yet field validated", "event_code": "EQ20260810COL", "productos": "4250,4251,4252,4253,4254,4255", "capa": "PHR_20260812_BuildingDamageAsessment_Anserma"}}, {"type": "Feature", "geometry": {"type": "Point", "coordinates": [-75.77965668899992, 5.246403239000074]}, "properties": {"municipio": "Anserma", "departamento": "Caldas", "dano": "Possible Damage", "dano_agrupado": "Damaged Buildings", "sensor": "Pleiades", "sensor_date": "20260812", "confianza": "To Be Evaluated", "validacion_campo": "Not yet field validated", "event_code": "EQ20260810COL", "productos": "4250,4251,4252,4253,4254,4255", "capa": "PHR_20260812_BuildingDamageAsessment_Anserma"}}, {"type": "Feature", "geometry": {"type": "Point", "coordinates": [-75.78154582099995, 5.247511940000038]}, "properties": {"municipio": "Anserma", "departamento": "Caldas", "dano": "Possible Damage", "dano_agrupado": "Damaged Buildings", "sensor": "Pleiades", "sensor_date": "20260812", "confianza": "To Be Evaluated", "validacion_campo": "Not yet field validated", "event_code": "EQ20260810COL", "productos": "4250,4251,4252,4253,4254,4255", "capa": "PHR_20260812_BuildingDamageAsessment_Anserma"}}, {"type": "Feature", "geometry": {"type": "Point", "coordinates": [-75.78164728299993, 5.247460925000041]}, "properties": {"municipio": "Anserma", "departamento": "Caldas", "dano": "Possible Damage", "dano_agrupado": "Damaged Buildings", "sensor": "Pleiades", "sensor_date": "20260812", "confianza": "To Be Evaluated", "validacion_campo": "Not yet field validated", "event_code": "EQ20260810COL", "productos": "4250,4251,4252,4253,4254,4255", "capa": "PHR_20260812_BuildingDamageAsessment_Anserma"}}, {"type": "Feature", "geometry": {"type": "Point", "coordinates": [-75.78171011499995, 5.247446307000075]}, "properties": {"municipio": "Anserma", "departamento": "Caldas", "dano": "Damage", "dano_agrupado": "Damaged Buildings", "sensor": "Pleiades", "sensor_date": "20260812", "confianza": "To Be Evaluated", "validacion_campo": "Not yet field validated", "event_code": "EQ20260810COL", "productos": "4250,4251,4252,4253,4254,4255", "capa": "PHR_20260812_BuildingDamageAsessment_Anserma"}}, {"type": "Feature", "geometry": {"type": "Point", "coordinates": [-75.78127350499994, 5.245028147000085]}, "properties": {"municipio": "Anserma", "departamento": "Caldas", "dano": "Possible Damage", "dano_agrupado": "Damaged Buildings", "sensor": "Pleiades", "sensor_date": "20260812", "confianza": "To Be Evaluated", "validacion_campo": "Not yet field validated", "event_code": "EQ20260810COL", "productos": "4250,4251,4252,4253,4254,4255", "capa": "PHR_20260812_BuildingDamageAsessment_Anserma"}}, {"type": "Feature", "geometry": {"type": "Point", "coordinates": [-75.78087949199994, 5.243086706000042]}, "properties": {"municipio": "Anserma", "departamento": "Caldas", "dano": "Possible Damage", "dano_agrupado": "Damaged Buildings", "sensor": "Pleiades", "sensor_date": "20260812", "confianza": "To Be Evaluated", "validacion_campo": "Not yet field validated", "event_code": "EQ20260810COL", "productos": "4250,4251,4252,4253,4254,4255", "capa": "PHR_20260812_BuildingDamageAsessment_Anserma"}}, {"type": "Feature", "geometry": {"type": "Point", "coordinates": [-75.78055366299992, 5.2434917960000575]}, "properties": {"municipio": "Anserma", "departamento": "Caldas", "dano": "Possible Damage", "dano_agrupado": "Damaged Buildings", "sensor": "Pleiades", "sensor_date": "20260812", "confianza": "To Be Evaluated", "validacion_campo": "Not yet field validated", "event_code": "EQ20260810COL", "productos": "4250,4251,4252,4253,4254,4255", "capa": "PHR_20260812_BuildingDamageAsessment_Anserma"}}, {"type": "Feature", "geometry": {"type": "Point", "coordinates": [-75.78217835599992, 5.241654305000054]}, "properties": {"municipio": "Anserma", "departamento": "Caldas", "dano": "Possible Damage", "dano_agrupado": "Damaged Buildings", "sensor": "Pleiades", "sensor_date": "20260812", "confianza": "To Be Evaluated", "validacion_campo": "Not yet field validated", "event_code": "EQ20260810COL", "productos": "4250,4251,4252,4253,4254,4255", "capa": "PHR_20260812_BuildingDamageAsessment_Anserma"}}, {"type": "Feature", "geometry": {"type": "Point", "coordinates": [-75.7828313679999, 5.241934585000081]}, "properties": {"municipio": "Anserma", "departamento": "Caldas", "dano": "Possible Damage", "dano_agrupado": "Damaged Buildings", "sensor": "Pleiades", "sensor_date": "20260812", "confianza": "To Be Evaluated", "validacion_campo": "Not yet field validated", "event_code": "EQ20260810COL", "productos": "4250,4251,4252,4253,4254,4255", "capa": "PHR_20260812_BuildingDamageAsessment_Anserma"}}, {"type": "Feature", "geometry": {"type": "Point", "coordinates": [-75.78278554499991, 5.242019456000094]}, "properties": {"municipio": "Anserma", "departamento": "Caldas", "dano": "Possible Damage", "dano_agrupado": "Damaged Buildings", "sensor": "Pleiades", "sensor_date": "20260812", "confianza": "To Be Evaluated", "validacion_campo": "Not yet field validated", "event_code": "EQ20260810COL", "productos": "4250,4251,4252,4253,4254,4255", "capa": "PHR_20260812_BuildingDamageAsessment_Anserma"}}, {"type": "Feature", "geometry": {"type": "Point", "coordinates": [-75.78273727499993, 5.242080098000088]}, "properties": {"municipio": "Anserma", "departamento": "Caldas", "dano": "Possible Damage", "dano_agrupado": "Damaged Buildings", "sensor": "Pleiades", "sensor_date": "20260812", "confianza": "To Be Evaluated", "validacion_campo": "Not yet field validated", "event_code": "EQ20260810COL", "productos": "4250,4251,4252,4253,4254,4255", "capa": "PHR_20260812_BuildingDamageAsessment_Anserma"}}, {"type": "Feature", "geometry": {"type": "Point", "coordinates": [-75.78340349599995, 5.2407142180000506]}, "properties": {"municipio": "Anserma", "departamento": "Caldas", "dano": "Possible Damage", "dano_agrupado": "Damaged Buildings", "sensor": "Pleiades", "sensor_date": "20260812", "confianza": "To Be Evaluated", "validacion_campo": "Not yet field validated", "event_code": "EQ20260810COL", "productos": "4250,4251,4252,4253,4254,4255", "capa": "PHR_20260812_BuildingDamageAsessment_Anserma"}}, {"type": "Feature", "geometry": {"type": "Point", "coordinates": [-75.78335986699994, 5.240619766000066]}, "properties": {"municipio": "Anserma", "departamento": "Caldas", "dano": "Possible Damage", "dano_agrupado": "Damaged Buildings", "sensor": "Pleiades", "sensor_date": "20260812", "confianza": "To Be Evaluated", "validacion_campo": "Not yet field validated", "event_code": "EQ20260810COL", "productos": "4250,4251,4252,4253,4254,4255", "capa": "PHR_20260812_BuildingDamageAsessment_Anserma"}}, {"type": "Feature", "geometry": {"type": "Point", "coordinates": [-75.78531310499994, 5.243350135000071]}, "properties": {"municipio": "Anserma", "departamento": "Caldas", "dano": "Damage", "dano_agrupado": "Damaged Buildings", "sensor": "Pleiades", "sensor_date": "20260812", "confianza": "To Be Evaluated", "validacion_campo": "Not yet field validated", "event_code": "EQ20260810COL", "productos": "4250,4251,4252,4253,4254,4255", "capa": "PHR_20260812_BuildingDamageAsessment_Anserma"}}, {"type": "Feature", "geometry": {"type": "Point", "coordinates": [-75.78515579499992, 5.2432000910000625]}, "properties": {"municipio": "Anserma", "departamento": "Caldas", "dano": "Possible Damage", "dano_agrupado": "Damaged Buildings", "sensor": "Pleiades", "sensor_date": "20260812", "confianza": "To Be Evaluated", "validacion_campo": "Not yet field validated", "event_code": "EQ20260810COL", "productos": "4250,4251,4252,4253,4254,4255", "capa": "PHR_20260812_BuildingDamageAsessment_Anserma"}}, {"type": "Feature", "geometry": {"type": "Point", "coordinates": [-75.78522092499992, 5.243090963000043]}, "properties": {"municipio": "Anserma", "departamento": "Caldas", "dano": "Possible Damage", "dano_agrupado": "Damaged Buildings", "sensor": "Pleiades", "sensor_date": "20260812", "confianza": "To Be Evaluated", "validacion_campo": "Not yet field validated", "event_code": "EQ20260810COL", "productos": "4250,4251,4252,4253,4254,4255", "capa": "PHR_20260812_BuildingDamageAsessment_Anserma"}}, {"type": "Feature", "geometry": {"type": "Point", "coordinates": [-75.78527399899991, 5.243006083000068]}, "properties": {"municipio": "Anserma", "departamento": "Caldas", "dano": "Possible Damage", "dano_agrupado": "Damaged Buildings", "sensor": "Pleiades", "sensor_date": "20260812", "confianza": "To Be Evaluated", "validacion_campo": "Not yet field validated", "event_code": "EQ20260810COL", "productos": "4250,4251,4252,4253,4254,4255", "capa": "PHR_20260812_BuildingDamageAsessment_Anserma"}}, {"type": "Feature", "geometry": {"type": "Point", "coordinates": [-75.7855584859999, 5.240471009000089]}, "properties": {"municipio": "Anserma", "departamento": "Caldas", "dano": "Possible Damage", "dano_agrupado": "Damaged Buildings", "sensor": "Pleiades", "sensor_date": "20260812", "confianza": "To Be Evaluated", "validacion_campo": "Not yet field validated", "event_code": "EQ20260810COL", "productos": "4250,4251,4252,4253,4254,4255", "capa": "PHR_20260812_BuildingDamageAsessment_Anserma"}}, {"type": "Feature", "geometry": {"type": "Point", "coordinates": [-75.78381323199994, 5.2408435000000395]}, "properties": {"municipio": "Anserma", "departamento": "Caldas", "dano": "Damage", "dano_agrupado": "Damaged Buildings", "sensor": "Pleiades", "sensor_date": "20260812", "confianza": "To Be Evaluated", "validacion_campo": "Not yet field validated", "event_code": "EQ20260810COL", "productos": "4250,4251,4252,4253,4254,4255", "capa": "PHR_20260812_BuildingDamageAsessment_Anserma"}}, {"type": "Feature", "geometry": {"type": "Point", "coordinates": [-75.78448687199995, 5.240219881000087]}, "properties": {"municipio": "Anserma", "departamento": "Caldas", "dano": "Possible Damage", "dano_agrupado": "Damaged Buildings", "sensor": "Pleiades", "sensor_date": "20260812", "confianza": "To Be Evaluated", "validacion_campo": "Not yet field validated", "event_code": "EQ20260810COL", "productos": "4250,4251,4252,4253,4254,4255", "capa": "PHR_20260812_BuildingDamageAsessment_Anserma"}}, {"type": "Feature", "geometry": {"type": "Point", "coordinates": [-75.78321433399992, 5.2402198090000525]}, "properties": {"municipio": "Anserma", "departamento": "Caldas", "dano": "Damage", "dano_agrupado": "Damaged Buildings", "sensor": "Pleiades", "sensor_date": "20260812", "confianza": "To Be Evaluated", "validacion_campo": "Not yet field validated", "event_code": "EQ20260810COL", "productos": "4250,4251,4252,4253,4254,4255", "capa": "PHR_20260812_BuildingDamageAsessment_Anserma"}}, {"type": "Feature", "geometry": {"type": "Point", "coordinates": [-75.78360609799995, 5.23962759200009]}, "properties": {"municipio": "Anserma", "departamento": "Caldas", "dano": "Damage", "dano_agrupado": "Damaged Buildings", "sensor": "Pleiades", "sensor_date": "20260812", "confianza": "To Be Evaluated", "validacion_campo": "Not yet field validated", "event_code": "EQ20260810COL", "productos": "4250,4251,4252,4253,4254,4255", "capa": "PHR_20260812_BuildingDamageAsessment_Anserma"}}, {"type": "Feature", "geometry": {"type": "Point", "coordinates": [-75.7829106499999, 5.238994327000057]}, "properties": {"municipio": "Anserma", "departamento": "Caldas", "dano": "Possible Damage", "dano_agrupado": "Damaged Buildings", "sensor": "Pleiades", "sensor_date": "20260812", "confianza": "To Be Evaluated", "validacion_campo": "Not yet field validated", "event_code": "EQ20260810COL", "productos": "4250,4251,4252,4253,4254,4255", "capa": "PHR_20260812_BuildingDamageAsessment_Anserma"}}, {"type": "Feature", "geometry": {"type": "Point", "coordinates": [-75.78040760499994, 5.238652444000081]}, "properties": {"municipio": "Anserma", "departamento": "Caldas", "dano": "Damage", "dano_agrupado": "Damaged Buildings", "sensor": "Pleiades", "sensor_date": "20260812", "confianza": "To Be Evaluated", "validacion_campo": "Not yet field validated", "event_code": "EQ20260810COL", "productos": "4250,4251,4252,4253,4254,4255", "capa": "PHR_20260812_BuildingDamageAsessment_Anserma"}}, {"type": "Feature", "geometry": {"type": "Point", "coordinates": [-75.78019008199993, 5.2386769470000445]}, "properties": {"municipio": "Anserma", "departamento": "Caldas", "dano": "Possible Damage", "dano_agrupado": "Damaged Buildings", "sensor": "Pleiades", "sensor_date": "20260812", "confianza": "To Be Evaluated", "validacion_campo": "Not yet field validated", "event_code": "EQ20260810COL", "productos": "4250,4251,4252,4253,4254,4255", "capa": "PHR_20260812_BuildingDamageAsessment_Anserma"}}, {"type": "Feature", "geometry": {"type": "Point", "coordinates": [-75.78050455399995, 5.238860722000084]}, "properties": {"municipio": "Anserma", "departamento": "Caldas", "dano": "Possible Damage", "dano_agrupado": "Damaged Buildings", "sensor": "Pleiades", "sensor_date": "20260812", "confianza": "To Be Evaluated", "validacion_campo": "Not yet field validated", "event_code": "EQ20260810COL", "productos": "4250,4251,4252,4253,4254,4255", "capa": "PHR_20260812_BuildingDamageAsessment_Anserma"}}, {"type": "Feature", "geometry": {"type": "Point", "coordinates": [-75.78228002999992, 5.236429046000069]}, "properties": {"municipio": "Anserma", "departamento": "Caldas", "dano": "Damage", "dano_agrupado": "Damaged Buildings", "sensor": "Pleiades", "sensor_date": "20260812", "confianza": "To Be Evaluated", "validacion_campo": "Not yet field validated", "event_code": "EQ20260810COL", "productos": "4250,4251,4252,4253,4254,4255", "capa": "PHR_20260812_BuildingDamageAsessment_Anserma"}}, {"type": "Feature", "geometry": {"type": "Point", "coordinates": [-75.78249275999991, 5.236438473000078]}, "properties": {"municipio": "Anserma", "departamento": "Caldas", "dano": "Possible Damage", "dano_agrupado": "Damaged Buildings", "sensor": "Pleiades", "sensor_date": "20260812", "confianza": "To Be Evaluated", "validacion_campo": "Not yet field validated", "event_code": "EQ20260810COL", "productos": "4250,4251,4252,4253,4254,4255", "capa": "PHR_20260812_BuildingDamageAsessment_Anserma"}}, {"type": "Feature", "geometry": {"type": "Point", "coordinates": [-75.7825548909999, 5.2358616620000475]}, "properties": {"municipio": "Anserma", "departamento": "Caldas", "dano": "Possible Damage", "dano_agrupado": "Damaged Buildings", "sensor": "Pleiades", "sensor_date": "20260812", "confianza": "To Be Evaluated", "validacion_campo": "Not yet field validated", "event_code": "EQ20260810COL", "productos": "4250,4251,4252,4253,4254,4255", "capa": "PHR_20260812_BuildingDamageAsessment_Anserma"}}, {"type": "Feature", "geometry": {"type": "Point", "coordinates": [-75.78258163499993, 5.2359852140000385]}, "properties": {"municipio": "Anserma", "departamento": "Caldas", "dano": "Possible Damage", "dano_agrupado": "Damaged Buildings", "sensor": "Pleiades", "sensor_date": "20260812", "confianza": "To Be Evaluated", "validacion_campo": "Not yet field validated", "event_code": "EQ20260810COL", "productos": "4250,4251,4252,4253,4254,4255", "capa": "PHR_20260812_BuildingDamageAsessment_Anserma"}}, {"type": "Feature", "geometry": {"type": "Point", "coordinates": [-75.78301851099991, 5.23498038300005]}, "properties": {"municipio": "Anserma", "departamento": "Caldas", "dano": "Possible Damage", "dano_agrupado": "Damaged Buildings", "sensor": "Pleiades", "sensor_date": "20260812", "confianza": "To Be Evaluated", "validacion_campo": "Not yet field validated", "event_code": "EQ20260810COL", "productos": "4250,4251,4252,4253,4254,4255", "capa": "PHR_20260812_BuildingDamageAsessment_Anserma"}}, {"type": "Feature", "geometry": {"type": "Point", "coordinates": [-75.78685290199991, 5.233440752000092]}, "properties": {"municipio": "Anserma", "departamento": "Caldas", "dano": "Possible Damage", "dano_agrupado": "Damaged Buildings", "sensor": "Pleiades", "sensor_date": "20260812", "confianza": "To Be Evaluated", "validacion_campo": "Not yet field validated", "event_code": "EQ20260810COL", "productos": "4250,4251,4252,4253,4254,4255", "capa": "PHR_20260812_BuildingDamageAsessment_Anserma"}}, {"type": "Feature", "geometry": {"type": "Point", "coordinates": [-75.78258272799991, 5.230210154000076]}, "properties": {"municipio": "Anserma", "departamento": "Caldas", "dano": "Possible Damage", "dano_agrupado": "Damaged Buildings", "sensor": "Pleiades", "sensor_date": "20260812", "confianza": "To Be Evaluated", "validacion_campo": "Not yet field validated", "event_code": "EQ20260810COL", "productos": "4250,4251,4252,4253,4254,4255", "capa": "PHR_20260812_BuildingDamageAsessment_Anserma"}}, {"type": "Feature", "geometry": {"type": "Point", "coordinates": [-75.7824086249999, 5.2301594830000795]}, "properties": {"municipio": "Anserma", "departamento": "Caldas", "dano": "Possible Damage", "dano_agrupado": "Damaged Buildings", "sensor": "Pleiades", "sensor_date": "20260812", "confianza": "To Be Evaluated", "validacion_campo": "Not yet field validated", "event_code": "EQ20260810COL", "productos": "4250,4251,4252,4253,4254,4255", "capa": "PHR_20260812_BuildingDamageAsessment_Anserma"}}, {"type": "Feature", "geometry": {"type": "Point", "coordinates": [-75.7822756509999, 5.230137839000065]}, "properties": {"municipio": "Anserma", "departamento": "Caldas", "dano": "Possible Damage", "dano_agrupado": "Damaged Buildings", "sensor": "Pleiades", "sensor_date": "20260812", "confianza": "To Be Evaluated", "validacion_campo": "Not yet field validated", "event_code": "EQ20260810COL", "productos": "4250,4251,4252,4253,4254,4255", "capa": "PHR_20260812_BuildingDamageAsessment_Anserma"}}, {"type": "Feature", "geometry": {"type": "Point", "coordinates": [-75.7886326169999, 5.2320130400000835]}, "properties": {"municipio": "Anserma", "departamento": "Caldas", "dano": "Damage", "dano_agrupado": "Damaged Buildings", "sensor": "Pleiades", "sensor_date": "20260812", "confianza": "To Be Evaluated", "validacion_campo": "Not yet field validated", "event_code": "EQ20260810COL", "productos": "4250,4251,4252,4253,4254,4255", "capa": "PHR_20260812_BuildingDamageAsessment_Anserma"}}, {"type": "Feature", "geometry": {"type": "Point", "coordinates": [-75.78891849799993, 5.230117550000045]}, "properties": {"municipio": "Anserma", "departamento": "Caldas", "dano": "Possible Damage", "dano_agrupado": "Damaged Buildings", "sensor": "Pleiades", "sensor_date": "20260812", "confianza": "To Be Evaluated", "validacion_campo": "Not yet field validated", "event_code": "EQ20260810COL", "productos": "4250,4251,4252,4253,4254,4255", "capa": "PHR_20260812_BuildingDamageAsessment_Anserma"}}, {"type": "Feature", "geometry": {"type": "Point", "coordinates": [-75.78897123699994, 5.230007680000085]}, "properties": {"municipio": "Anserma", "departamento": "Caldas", "dano": "Possible Damage", "dano_agrupado": "Damaged Buildings", "sensor": "Pleiades", "sensor_date": "20260812", "confianza": "To Be Evaluated", "validacion_campo": "Not yet field validated", "event_code": "EQ20260810COL", "productos": "4250,4251,4252,4253,4254,4255", "capa": "PHR_20260812_BuildingDamageAsessment_Anserma"}}, {"type": "Feature", "geometry": {"type": "Point", "coordinates": [-75.78884285599992, 5.230034346000082]}, "properties": {"municipio": "Anserma", "departamento": "Caldas", "dano": "Possible Damage", "dano_agrupado": "Damaged Buildings", "sensor": "Pleiades", "sensor_date": "20260812", "confianza": "To Be Evaluated", "validacion_campo": "Not yet field validated", "event_code": "EQ20260810COL", "productos": "4250,4251,4252,4253,4254,4255", "capa": "PHR_20260812_BuildingDamageAsessment_Anserma"}}, {"type": "Feature", "geometry": {"type": "Point", "coordinates": [-75.78903428799993, 5.229083738000043]}, "properties": {"municipio": "Anserma", "departamento": "Caldas", "dano": "Possible Damage", "dano_agrupado": "Damaged Buildings", "sensor": "Pleiades", "sensor_date": "20260812", "confianza": "To Be Evaluated", "validacion_campo": "Not yet field validated", "event_code": "EQ20260810COL", "productos": "4250,4251,4252,4253,4254,4255", "capa": "PHR_20260812_BuildingDamageAsessment_Anserma"}}, {"type": "Feature", "geometry": {"type": "Point", "coordinates": [-75.78591717499995, 5.2281486440000435]}, "properties": {"municipio": "Anserma", "departamento": "Caldas", "dano": "Possible Damage", "dano_agrupado": "Damaged Buildings", "sensor": "Pleiades", "sensor_date": "20260812", "confianza": "To Be Evaluated", "validacion_campo": "Not yet field validated", "event_code": "EQ20260810COL", "productos": "4250,4251,4252,4253,4254,4255", "capa": "PHR_20260812_BuildingDamageAsessment_Anserma"}}, {"type": "Feature", "geometry": {"type": "Point", "coordinates": [-75.78699971999993, 5.227006088000053]}, "properties": {"municipio": "Anserma", "departamento": "Caldas", "dano": "Damage", "dano_agrupado": "Damaged Buildings", "sensor": "Pleiades", "sensor_date": "20260812", "confianza": "To Be Evaluated", "validacion_campo": "Not yet field validated", "event_code": "EQ20260810COL", "productos": "4250,4251,4252,4253,4254,4255", "capa": "PHR_20260812_BuildingDamageAsessment_Anserma"}}, {"type": "Feature", "geometry": {"type": "Point", "coordinates": [-75.78709650499991, 5.227083510000057]}, "properties": {"municipio": "Anserma", "departamento": "Caldas", "dano": "Damage", "dano_agrupado": "Damaged Buildings", "sensor": "Pleiades", "sensor_date": "20260812", "confianza": "To Be Evaluated", "validacion_campo": "Not yet field validated", "event_code": "EQ20260810COL", "productos": "4250,4251,4252,4253,4254,4255", "capa": "PHR_20260812_BuildingDamageAsessment_Anserma"}}, {"type": "Feature", "geometry": {"type": "Point", "coordinates": [-75.78691069399991, 5.227335761000063]}, "properties": {"municipio": "Anserma", "departamento": "Caldas", "dano": "Damage", "dano_agrupado": "Damaged Buildings", "sensor": "Pleiades", "sensor_date": "20260812", "confianza": "To Be Evaluated", "validacion_campo": "Not yet field validated", "event_code": "EQ20260810COL", "productos": "4250,4251,4252,4253,4254,4255", "capa": "PHR_20260812_BuildingDamageAsessment_Anserma"}}, {"type": "Feature", "geometry": {"type": "Point", "coordinates": [-75.78694677699991, 5.227195168000037]}, "properties": {"municipio": "Anserma", "departamento": "Caldas", "dano": "Damage", "dano_agrupado": "Damaged Buildings", "sensor": "Pleiades", "sensor_date": "20260812", "confianza": "To Be Evaluated", "validacion_campo": "Not yet field validated", "event_code": "EQ20260810COL", "productos": "4250,4251,4252,4253,4254,4255", "capa": "PHR_20260812_BuildingDamageAsessment_Anserma"}}, {"type": "Feature", "geometry": {"type": "Point", "coordinates": [-75.7869856669999, 5.227367169000047]}, "properties": {"municipio": "Anserma", "departamento": "Caldas", "dano": "Possible Damage", "dano_agrupado": "Damaged Buildings", "sensor": "Pleiades", "sensor_date": "20260812", "confianza": "To Be Evaluated", "validacion_campo": "Not yet field validated", "event_code": "EQ20260810COL", "productos": "4250,4251,4252,4253,4254,4255", "capa": "PHR_20260812_BuildingDamageAsessment_Anserma"}}, {"type": "Feature", "geometry": {"type": "Point", "coordinates": [-75.78705803799994, 5.227250763000086]}, "properties": {"municipio": "Anserma", "departamento": "Caldas", "dano": "Possible Damage", "dano_agrupado": "Damaged Buildings", "sensor": "Pleiades", "sensor_date": "20260812", "confianza": "To Be Evaluated", "validacion_campo": "Not yet field validated", "event_code": "EQ20260810COL", "productos": "4250,4251,4252,4253,4254,4255", "capa": "PHR_20260812_BuildingDamageAsessment_Anserma"}}, {"type": "Feature", "geometry": {"type": "Point", "coordinates": [-75.7869877519999, 5.227100610000093]}, "properties": {"municipio": "Anserma", "departamento": "Caldas", "dano": "Damage", "dano_agrupado": "Damaged Buildings", "sensor": "Pleiades", "sensor_date": "20260812", "confianza": "To Be Evaluated", "validacion_campo": "Not yet field validated", "event_code": "EQ20260810COL", "productos": "4250,4251,4252,4253,4254,4255", "capa": "PHR_20260812_BuildingDamageAsessment_Anserma"}}, {"type": "Feature", "geometry": {"type": "Point", "coordinates": [-75.78708695699993, 5.227180452000084]}, "properties": {"municipio": "Anserma", "departamento": "Caldas", "dano": "Possible Damage", "dano_agrupado": "Damaged Buildings", "sensor": "Pleiades", "sensor_date": "20260812", "confianza": "To Be Evaluated", "validacion_campo": "Not yet field validated", "event_code": "EQ20260810COL", "productos": "4250,4251,4252,4253,4254,4255", "capa": "PHR_20260812_BuildingDamageAsessment_Anserma"}}, {"type": "Feature", "geometry": {"type": "Point", "coordinates": [-75.7902471779999, 5.228040063000037]}, "properties": {"municipio": "Anserma", "departamento": "Caldas", "dano": "Damage", "dano_agrupado": "Damaged Buildings", "sensor": "Pleiades", "sensor_date": "20260812", "confianza": "To Be Evaluated", "validacion_campo": "Not yet field validated", "event_code": "EQ20260810COL", "productos": "4250,4251,4252,4253,4254,4255", "capa": "PHR_20260812_BuildingDamageAsessment_Anserma"}}, {"type": "Feature", "geometry": {"type": "Point", "coordinates": [-75.78789382199994, 5.226430656000048]}, "properties": {"municipio": "Anserma", "departamento": "Caldas", "dano": "Damage", "dano_agrupado": "Damaged Buildings", "sensor": "Pleiades", "sensor_date": "20260812", "confianza": "To Be Evaluated", "validacion_campo": "Not yet field validated", "event_code": "EQ20260810COL", "productos": "4250,4251,4252,4253,4254,4255", "capa": "PHR_20260812_BuildingDamageAsessment_Anserma"}}, {"type": "Feature", "geometry": {"type": "Point", "coordinates": [-75.78794924499994, 5.226292461000071]}, "properties": {"municipio": "Anserma", "departamento": "Caldas", "dano": "Possible Damage", "dano_agrupado": "Damaged Buildings", "sensor": "Pleiades", "sensor_date": "20260812", "confianza": "To Be Evaluated", "validacion_campo": "Not yet field validated", "event_code": "EQ20260810COL", "productos": "4250,4251,4252,4253,4254,4255", "capa": "PHR_20260812_BuildingDamageAsessment_Anserma"}}, {"type": "Feature", "geometry": {"type": "Point", "coordinates": [-75.78783111999991, 5.226547051000068]}, "properties": {"municipio": "Anserma", "departamento": "Caldas", "dano": "Possible Damage", "dano_agrupado": "Damaged Buildings", "sensor": "Pleiades", "sensor_date": "20260812", "confianza": "To Be Evaluated", "validacion_campo": "Not yet field validated", "event_code": "EQ20260810COL", "productos": "4250,4251,4252,4253,4254,4255", "capa": "PHR_20260812_BuildingDamageAsessment_Anserma"}}, {"type": "Feature", "geometry": {"type": "Point", "coordinates": [-75.78755046399993, 5.226339004000067]}, "properties": {"municipio": "Anserma", "departamento": "Caldas", "dano": "Possible Damage", "dano_agrupado": "Damaged Buildings", "sensor": "Pleiades", "sensor_date": "20260812", "confianza": "To Be Evaluated", "validacion_campo": "Not yet field validated", "event_code": "EQ20260810COL", "productos": "4250,4251,4252,4253,4254,4255", "capa": "PHR_20260812_BuildingDamageAsessment_Anserma"}}, {"type": "Feature", "geometry": {"type": "Point", "coordinates": [-75.79016122099995, 5.227200365000044]}, "properties": {"municipio": "Anserma", "departamento": "Caldas", "dano": "Possible Damage", "dano_agrupado": "Damaged Buildings", "sensor": "Pleiades", "sensor_date": "20260812", "confianza": "To Be Evaluated", "validacion_campo": "Not yet field validated", "event_code": "EQ20260810COL", "productos": "4250,4251,4252,4253,4254,4255", "capa": "PHR_20260812_BuildingDamageAsessment_Anserma"}}, {"type": "Feature", "geometry": {"type": "Point", "coordinates": [-75.7900839859999, 5.227292546000058]}, "properties": {"municipio": "Anserma", "departamento": "Caldas", "dano": "Possible Damage", "dano_agrupado": "Damaged Buildings", "sensor": "Pleiades", "sensor_date": "20260812", "confianza": "To Be Evaluated", "validacion_campo": "Not yet field validated", "event_code": "EQ20260810COL", "productos": "4250,4251,4252,4253,4254,4255", "capa": "PHR_20260812_BuildingDamageAsessment_Anserma"}}, {"type": "Feature", "geometry": {"type": "Point", "coordinates": [-75.78901665699993, 5.226222814000039]}, "properties": {"municipio": "Anserma", "departamento": "Caldas", "dano": "Possible Damage", "dano_agrupado": "Damaged Buildings", "sensor": "Pleiades", "sensor_date": "20260812", "confianza": "To Be Evaluated", "validacion_campo": "Not yet field validated", "event_code": "EQ20260810COL", "productos": "4250,4251,4252,4253,4254,4255", "capa": "PHR_20260812_BuildingDamageAsessment_Anserma"}}, {"type": "Feature", "geometry": {"type": "Point", "coordinates": [-75.78898532699992, 5.22629797400009]}, "properties": {"municipio": "Anserma", "departamento": "Caldas", "dano": "Possible Damage", "dano_agrupado": "Damaged Buildings", "sensor": "Pleiades", "sensor_date": "20260812", "confianza": "To Be Evaluated", "validacion_campo": "Not yet field validated", "event_code": "EQ20260810COL", "productos": "4250,4251,4252,4253,4254,4255", "capa": "PHR_20260812_BuildingDamageAsessment_Anserma"}}, {"type": "Feature", "geometry": {"type": "Point", "coordinates": [-75.78881873099994, 5.22645084800007]}, "properties": {"municipio": "Anserma", "departamento": "Caldas", "dano": "Possible Damage", "dano_agrupado": "Damaged Buildings", "sensor": "Pleiades", "sensor_date": "20260812", "confianza": "To Be Evaluated", "validacion_campo": "Not yet field validated", "event_code": "EQ20260810COL", "productos": "4250,4251,4252,4253,4254,4255", "capa": "PHR_20260812_BuildingDamageAsessment_Anserma"}}, {"type": "Feature", "geometry": {"type": "Point", "coordinates": [-75.78957300499991, 5.226534714000081]}, "properties": {"municipio": "Anserma", "departamento": "Caldas", "dano": "Possible Damage", "dano_agrupado": "Damaged Buildings", "sensor": "Pleiades", "sensor_date": "20260812", "confianza": "To Be Evaluated", "validacion_campo": "Not yet field validated", "event_code": "EQ20260810COL", "productos": "4250,4251,4252,4253,4254,4255", "capa": "PHR_20260812_BuildingDamageAsessment_Anserma"}}, {"type": "Feature", "geometry": {"type": "Point", "coordinates": [-75.78961156799994, 5.226445005000073]}, "properties": {"municipio": "Anserma", "departamento": "Caldas", "dano": "Possible Damage", "dano_agrupado": "Damaged Buildings", "sensor": "Pleiades", "sensor_date": "20260812", "confianza": "To Be Evaluated", "validacion_campo": "Not yet field validated", "event_code": "EQ20260810COL", "productos": "4250,4251,4252,4253,4254,4255", "capa": "PHR_20260812_BuildingDamageAsessment_Anserma"}}, {"type": "Feature", "geometry": {"type": "Point", "coordinates": [-75.5250867979999, 5.07792472400007]}, "properties": {"municipio": "Manizales", "departamento": "Caldas", "dano": "Possible Damage", "dano_agrupado": "Damaged Buildings", "sensor": "Pleiades NEO", "sensor_date": "20260811", "confianza": "To Be Evaluated", "validacion_campo": "Not yet field validated", "event_code": "EQ20260822COL", "productos": "4250,4251,4252,4253,4254,4255", "capa": "PNEO3_STD_20260811_BuildingDamageAsessment_Manizales"}}, {"type": "Feature", "geometry": {"type": "Point", "coordinates": [-75.51638753899994, 5.071562517000075]}, "properties": {"municipio": "Manizales", "departamento": "Caldas", "dano": "Possible Damage", "dano_agrupado": "Damaged Buildings", "sensor": "Pleiades NEO", "sensor_date": "20260811", "confianza": "To Be Evaluated", "validacion_campo": "Not yet field validated", "event_code": "EQ20260822COL", "productos": "4250,4251,4252,4253,4254,4255", "capa": "PNEO3_STD_20260811_BuildingDamageAsessment_Manizales"}}, {"type": "Feature", "geometry": {"type": "Point", "coordinates": [-75.51966129599992, 5.0709746410000776]}, "properties": {"municipio": "Manizales", "departamento": "Caldas", "dano": "Possible Damage", "dano_agrupado": "Damaged Buildings", "sensor": "Pleiades NEO", "sensor_date": "20260811", "confianza": "To Be Evaluated", "validacion_campo": "Not yet field validated", "event_code": "EQ20260822COL", "productos": "4250,4251,4252,4253,4254,4255", "capa": "PNEO3_STD_20260811_BuildingDamageAsessment_Manizales"}}, {"type": "Feature", "geometry": {"type": "Point", "coordinates": [-75.51772542399993, 5.071720897000091]}, "properties": {"municipio": "Manizales", "departamento": "Caldas", "dano": "Possible Damage", "dano_agrupado": "Damaged Buildings", "sensor": "Pleiades NEO", "sensor_date": "20260811", "confianza": "To Be Evaluated", "validacion_campo": "Not yet field validated", "event_code": "EQ20260822COL", "productos": "4250,4251,4252,4253,4254,4255", "capa": "PNEO3_STD_20260811_BuildingDamageAsessment_Manizales"}}, {"type": "Feature", "geometry": {"type": "Point", "coordinates": [-75.51760833999992, 5.072183033000044]}, "properties": {"municipio": "Manizales", "departamento": "Caldas", "dano": "Possible Damage", "dano_agrupado": "Damaged Buildings", "sensor": "Pleiades NEO", "sensor_date": "20260811", "confianza": "To Be Evaluated", "validacion_campo": "Not yet field validated", "event_code": "EQ20260822COL", "productos": "4250,4251,4252,4253,4254,4255", "capa": "PNEO3_STD_20260811_BuildingDamageAsessment_Manizales"}}, {"type": "Feature", "geometry": {"type": "Point", "coordinates": [-75.5154228049999, 5.073316632000058]}, "properties": {"municipio": "Manizales", "departamento": "Caldas", "dano": "Damaged", "dano_agrupado": "Damaged Buildings", "sensor": "Pleiades NEO", "sensor_date": "20260811", "confianza": "To Be Evaluated", "validacion_campo": "Not yet field validated", "event_code": "EQ20260822COL", "productos": "4250,4251,4252,4253,4254,4255", "capa": "PNEO3_STD_20260811_BuildingDamageAsessment_Manizales"}}, {"type": "Feature", "geometry": {"type": "Point", "coordinates": [-75.5259756239999, 5.088028442000052]}, "properties": {"municipio": "Manizales", "departamento": "Caldas", "dano": "Possible Damage", "dano_agrupado": "Damaged Buildings", "sensor": "Pleiades NEO", "sensor_date": "20260811", "confianza": "To Be Evaluated", "validacion_campo": "Not yet field validated", "event_code": "EQ20260822COL", "productos": "4250,4251,4252,4253,4254,4255", "capa": "PNEO3_STD_20260811_BuildingDamageAsessment_Manizales"}}, {"type": "Feature", "geometry": {"type": "Point", "coordinates": [-75.52625984699995, 5.079317382000056]}, "properties": {"municipio": "Manizales", "departamento": "Caldas", "dano": "Possible Damage", "dano_agrupado": "Damaged Buildings", "sensor": "Pleiades NEO", "sensor_date": "20260811", "confianza": "To Be Evaluated", "validacion_campo": "Not yet field validated", "event_code": "EQ20260822COL", "productos": "4250,4251,4252,4253,4254,4255", "capa": "PNEO3_STD_20260811_BuildingDamageAsessment_Manizales"}}, {"type": "Feature", "geometry": {"type": "Point", "coordinates": [-75.5044375139999, 5.064650265000068]}, "properties": {"municipio": "Manizales", "departamento": "Caldas", "dano": "Possible Damage", "dano_agrupado": "Damaged Buildings", "sensor": "Pleiades NEO", "sensor_date": "20260811", "confianza": "To Be Evaluated", "validacion_campo": "Not yet field validated", "event_code": "EQ20260810COL", "productos": "4250,4251,4252,4253,4254,4255", "capa": "PNEO3_STD_20260811_BuildingDamageAsessment_Manizales"}}, {"type": "Feature", "geometry": {"type": "Point", "coordinates": [-75.50247917899992, 5.06464647100006]}, "properties": {"municipio": "Manizales", "departamento": "Caldas", "dano": "Possible Damage", "dano_agrupado": "Damaged Buildings", "sensor": "Pleiades NEO", "sensor_date": "20260811", "confianza": "To Be Evaluated", "validacion_campo": "Not yet field validated", "event_code": "EQ20260810COL", "productos": "4250,4251,4252,4253,4254,4255", "capa": "PNEO3_STD_20260811_BuildingDamageAsessment_Manizales"}}, {"type": "Feature", "geometry": {"type": "Point", "coordinates": [-75.50121691299995, 5.064246905000061]}, "properties": {"municipio": "Manizales", "departamento": "Caldas", "dano": "Possible Damage", "dano_agrupado": "Damaged Buildings", "sensor": "Pleiades NEO", "sensor_date": "20260811", "confianza": "To Be Evaluated", "validacion_campo": "Not yet field validated", "event_code": "EQ20260810COL", "productos": "4250,4251,4252,4253,4254,4255", "capa": "PNEO3_STD_20260811_BuildingDamageAsessment_Manizales"}}, {"type": "Feature", "geometry": {"type": "Point", "coordinates": [-75.49781769399993, 5.063701881000043]}, "properties": {"municipio": "Manizales", "departamento": "Caldas", "dano": "Damaged", "dano_agrupado": "Damaged Buildings", "sensor": "Pleiades NEO", "sensor_date": "20260811", "confianza": "To Be Evaluated", "validacion_campo": "Not yet field validated", "event_code": "EQ20260810COL", "productos": "4250,4251,4252,4253,4254,4255", "capa": "PNEO3_STD_20260811_BuildingDamageAsessment_Manizales"}}, {"type": "Feature", "geometry": {"type": "Point", "coordinates": [-75.49770303899993, 5.064001492000045]}, "properties": {"municipio": "Manizales", "departamento": "Caldas", "dano": "Possible Damage", "dano_agrupado": "Damaged Buildings", "sensor": "Pleiades NEO", "sensor_date": "20260811", "confianza": "To Be Evaluated", "validacion_campo": "Not yet field validated", "event_code": "EQ20260810COL", "productos": "4250,4251,4252,4253,4254,4255", "capa": "PNEO3_STD_20260811_BuildingDamageAsessment_Manizales"}}, {"type": "Feature", "geometry": {"type": "Point", "coordinates": [-75.49743764899995, 5.063645459000043]}, "properties": {"municipio": "Manizales", "departamento": "Caldas", "dano": "Damaged", "dano_agrupado": "Damaged Buildings", "sensor": "Pleiades NEO", "sensor_date": "20260811", "confianza": "To Be Evaluated", "validacion_campo": "Not yet field validated", "event_code": "EQ20260810COL", "productos": "4250,4251,4252,4253,4254,4255", "capa": "PNEO3_STD_20260811_BuildingDamageAsessment_Manizales"}}, {"type": "Feature", "geometry": {"type": "Point", "coordinates": [-75.49742355199993, 5.06370041200006]}, "properties": {"municipio": "Manizales", "departamento": "Caldas", "dano": "Possible Damage", "dano_agrupado": "Damaged Buildings", "sensor": "Pleiades NEO", "sensor_date": "20260811", "confianza": "To Be Evaluated", "validacion_campo": "Not yet field validated", "event_code": "EQ20260810COL", "productos": "4250,4251,4252,4253,4254,4255", "capa": "PNEO3_STD_20260811_BuildingDamageAsessment_Manizales"}}, {"type": "Feature", "geometry": {"type": "Point", "coordinates": [-75.49649160599995, 5.06536002100006]}, "properties": {"municipio": "Manizales", "departamento": "Caldas", "dano": "Damaged", "dano_agrupado": "Damaged Buildings", "sensor": "Pleiades NEO", "sensor_date": "20260811", "confianza": "To Be Evaluated", "validacion_campo": "Not yet field validated", "event_code": "EQ20260810COL", "productos": "4250,4251,4252,4253,4254,4255", "capa": "PNEO3_STD_20260811_BuildingDamageAsessment_Manizales"}}, {"type": "Feature", "geometry": {"type": "Point", "coordinates": [-75.49629706899992, 5.065205978000051]}, "properties": {"municipio": "Manizales", "departamento": "Caldas", "dano": "Possible Damage", "dano_agrupado": "Damaged Buildings", "sensor": "Pleiades NEO", "sensor_date": "20260811", "confianza": "To Be Evaluated", "validacion_campo": "Not yet field validated", "event_code": "EQ20260810COL", "productos": "4250,4251,4252,4253,4254,4255", "capa": "PNEO3_STD_20260811_BuildingDamageAsessment_Manizales"}}, {"type": "Feature", "geometry": {"type": "Point", "coordinates": [-75.49890728199995, 5.067103900000063]}, "properties": {"municipio": "Manizales", "departamento": "Caldas", "dano": "Possible Damage", "dano_agrupado": "Damaged Buildings", "sensor": "Pleiades NEO", "sensor_date": "20260811", "confianza": "To Be Evaluated", "validacion_campo": "Not yet field validated", "event_code": "EQ20260810COL", "productos": "4250,4251,4252,4253,4254,4255", "capa": "PNEO3_STD_20260811_BuildingDamageAsessment_Manizales"}}, {"type": "Feature", "geometry": {"type": "Point", "coordinates": [-75.49881010299993, 5.067144738000081]}, "properties": {"municipio": "Manizales", "departamento": "Caldas", "dano": "Possible Damage", "dano_agrupado": "Damaged Buildings", "sensor": "Pleiades NEO", "sensor_date": "20260811", "confianza": "To Be Evaluated", "validacion_campo": "Not yet field validated", "event_code": "EQ20260810COL", "productos": "4250,4251,4252,4253,4254,4255", "capa": "PNEO3_STD_20260811_BuildingDamageAsessment_Manizales"}}, {"type": "Feature", "geometry": {"type": "Point", "coordinates": [-75.49925181299994, 5.066944125000077]}, "properties": {"municipio": "Manizales", "departamento": "Caldas", "dano": "Possible Damage", "dano_agrupado": "Damaged Buildings", "sensor": "Pleiades NEO", "sensor_date": "20260811", "confianza": "To Be Evaluated", "validacion_campo": "Not yet field validated", "event_code": "EQ20260810COL", "productos": "4250,4251,4252,4253,4254,4255", "capa": "PNEO3_STD_20260811_BuildingDamageAsessment_Manizales"}}, {"type": "Feature", "geometry": {"type": "Point", "coordinates": [-75.49928887899995, 5.066878520000046]}, "properties": {"municipio": "Manizales", "departamento": "Caldas", "dano": "Possible Damage", "dano_agrupado": "Damaged Buildings", "sensor": "Pleiades NEO", "sensor_date": "20260811", "confianza": "To Be Evaluated", "validacion_campo": "Not yet field validated", "event_code": "EQ20260810COL", "productos": "4250,4251,4252,4253,4254,4255", "capa": "PNEO3_STD_20260811_BuildingDamageAsessment_Manizales"}}, {"type": "Feature", "geometry": {"type": "Point", "coordinates": [-75.49935950799994, 5.066788077000069]}, "properties": {"municipio": "Manizales", "departamento": "Caldas", "dano": "Possible Damage", "dano_agrupado": "Damaged Buildings", "sensor": "Pleiades NEO", "sensor_date": "20260811", "confianza": "To Be Evaluated", "validacion_campo": "Not yet field validated", "event_code": "EQ20260810COL", "productos": "4250,4251,4252,4253,4254,4255", "capa": "PNEO3_STD_20260811_BuildingDamageAsessment_Manizales"}}, {"type": "Feature", "geometry": {"type": "Point", "coordinates": [-75.50030494599991, 5.066592392000075]}, "properties": {"municipio": "Manizales", "departamento": "Caldas", "dano": "Possible Damage", "dano_agrupado": "Damaged Buildings", "sensor": "Pleiades NEO", "sensor_date": "20260811", "confianza": "To Be Evaluated", "validacion_campo": "Not yet field validated", "event_code": "EQ20260810COL", "productos": "4250,4251,4252,4253,4254,4255", "capa": "PNEO3_STD_20260811_BuildingDamageAsessment_Manizales"}}, {"type": "Feature", "geometry": {"type": "Point", "coordinates": [-75.49980291599991, 5.06649707400004]}, "properties": {"municipio": "Manizales", "departamento": "Caldas", "dano": "Possible Damage", "dano_agrupado": "Damaged Buildings", "sensor": "Pleiades NEO", "sensor_date": "20260811", "confianza": "To Be Evaluated", "validacion_campo": "Not yet field validated", "event_code": "EQ20260810COL", "productos": "4250,4251,4252,4253,4254,4255", "capa": "PNEO3_STD_20260811_BuildingDamageAsessment_Manizales"}}, {"type": "Feature", "geometry": {"type": "Point", "coordinates": [-75.49969866499993, 5.066534374000071]}, "properties": {"municipio": "Manizales", "departamento": "Caldas", "dano": "Possible Damage", "dano_agrupado": "Damaged Buildings", "sensor": "Pleiades NEO", "sensor_date": "20260811", "confianza": "To Be Evaluated", "validacion_campo": "Not yet field validated", "event_code": "EQ20260810COL", "productos": "4250,4251,4252,4253,4254,4255", "capa": "PNEO3_STD_20260811_BuildingDamageAsessment_Manizales"}}, {"type": "Feature", "geometry": {"type": "Point", "coordinates": [-75.49304383599991, 5.064282454000079]}, "properties": {"municipio": "Manizales", "departamento": "Caldas", "dano": "Damaged", "dano_agrupado": "Damaged Buildings", "sensor": "Pleiades NEO", "sensor_date": "20260811", "confianza": "To Be Evaluated", "validacion_campo": "Not yet field validated", "event_code": "EQ20260810COL", "productos": "4250,4251,4252,4253,4254,4255", "capa": "PNEO3_STD_20260811_BuildingDamageAsessment_Manizales"}}, {"type": "Feature", "geometry": {"type": "Point", "coordinates": [-75.49383323699993, 5.064627663000067]}, "properties": {"municipio": "Manizales", "departamento": "Caldas", "dano": "Possible Damage", "dano_agrupado": "Damaged Buildings", "sensor": "Pleiades NEO", "sensor_date": "20260811", "confianza": "To Be Evaluated", "validacion_campo": "Not yet field validated", "event_code": "EQ20260810COL", "productos": "4250,4251,4252,4253,4254,4255", "capa": "PNEO3_STD_20260811_BuildingDamageAsessment_Manizales"}}, {"type": "Feature", "geometry": {"type": "Point", "coordinates": [-75.49469886399993, 5.065114563000066]}, "properties": {"municipio": "Manizales", "departamento": "Caldas", "dano": "Damaged", "dano_agrupado": "Damaged Buildings", "sensor": "Pleiades NEO", "sensor_date": "20260811", "confianza": "To Be Evaluated", "validacion_campo": "Not yet field validated", "event_code": "EQ20260810COL", "productos": "4250,4251,4252,4253,4254,4255", "capa": "PNEO3_STD_20260811_BuildingDamageAsessment_Manizales"}}, {"type": "Feature", "geometry": {"type": "Point", "coordinates": [-75.4947750039999, 5.065144101000044]}, "properties": {"municipio": "Manizales", "departamento": "Caldas", "dano": "Damaged", "dano_agrupado": "Damaged Buildings", "sensor": "Pleiades NEO", "sensor_date": "20260811", "confianza": "To Be Evaluated", "validacion_campo": "Not yet field validated", "event_code": "EQ20260810COL", "productos": "4250,4251,4252,4253,4254,4255", "capa": "PNEO3_STD_20260811_BuildingDamageAsessment_Manizales"}}, {"type": "Feature", "geometry": {"type": "Point", "coordinates": [-75.49354111799994, 5.066576575000056]}, "properties": {"municipio": "Manizales", "departamento": "Caldas", "dano": "Damaged", "dano_agrupado": "Damaged Buildings", "sensor": "Pleiades NEO", "sensor_date": "20260811", "confianza": "To Be Evaluated", "validacion_campo": "Not yet field validated", "event_code": "EQ20260810COL", "productos": "4250,4251,4252,4253,4254,4255", "capa": "PNEO3_STD_20260811_BuildingDamageAsessment_Manizales"}}, {"type": "Feature", "geometry": {"type": "Point", "coordinates": [-75.4934851939999, 5.066575060000048]}, "properties": {"municipio": "Manizales", "departamento": "Caldas", "dano": "Damaged", "dano_agrupado": "Damaged Buildings", "sensor": "Pleiades NEO", "sensor_date": "20260811", "confianza": "To Be Evaluated", "validacion_campo": "Not yet field validated", "event_code": "EQ20260810COL", "productos": "4250,4251,4252,4253,4254,4255", "capa": "PNEO3_STD_20260811_BuildingDamageAsessment_Manizales"}}, {"type": "Feature", "geometry": {"type": "Point", "coordinates": [-75.4938578199999, 5.066316197000049]}, "properties": {"municipio": "Manizales", "departamento": "Caldas", "dano": "Possible Damage", "dano_agrupado": "Damaged Buildings", "sensor": "Pleiades NEO", "sensor_date": "20260811", "confianza": "To Be Evaluated", "validacion_campo": "Not yet field validated", "event_code": "EQ20260810COL", "productos": "4250,4251,4252,4253,4254,4255", "capa": "PNEO3_STD_20260811_BuildingDamageAsessment_Manizales"}}, {"type": "Feature", "geometry": {"type": "Point", "coordinates": [-75.49327077799995, 5.066519146000076]}, "properties": {"municipio": "Manizales", "departamento": "Caldas", "dano": "Possible Damage", "dano_agrupado": "Damaged Buildings", "sensor": "Pleiades NEO", "sensor_date": "20260811", "confianza": "To Be Evaluated", "validacion_campo": "Not yet field validated", "event_code": "EQ20260810COL", "productos": "4250,4251,4252,4253,4254,4255", "capa": "PNEO3_STD_20260811_BuildingDamageAsessment_Manizales"}}, {"type": "Feature", "geometry": {"type": "Point", "coordinates": [-75.49587088599992, 5.066213503000085]}, "properties": {"municipio": "Manizales", "departamento": "Caldas", "dano": "Damaged", "dano_agrupado": "Damaged Buildings", "sensor": "Pleiades NEO", "sensor_date": "20260811", "confianza": "To Be Evaluated", "validacion_campo": "Not yet field validated", "event_code": "EQ20260810COL", "productos": "4250,4251,4252,4253,4254,4255", "capa": "PNEO3_STD_20260811_BuildingDamageAsessment_Manizales"}}, {"type": "Feature", "geometry": {"type": "Point", "coordinates": [-75.49593632999995, 5.066094191000047]}, "properties": {"municipio": "Manizales", "departamento": "Caldas", "dano": "Possible Damage", "dano_agrupado": "Damaged Buildings", "sensor": "Pleiades NEO", "sensor_date": "20260811", "confianza": "To Be Evaluated", "validacion_campo": "Not yet field validated", "event_code": "EQ20260810COL", "productos": "4250,4251,4252,4253,4254,4255", "capa": "PNEO3_STD_20260811_BuildingDamageAsessment_Manizales"}}, {"type": "Feature", "geometry": {"type": "Point", "coordinates": [-75.49495266199995, 5.065252810000061]}, "properties": {"municipio": "Manizales", "departamento": "Caldas", "dano": "Possible Damage", "dano_agrupado": "Damaged Buildings", "sensor": "Pleiades NEO", "sensor_date": "20260811", "confianza": "To Be Evaluated", "validacion_campo": "Not yet field validated", "event_code": "EQ20260810COL", "productos": "4250,4251,4252,4253,4254,4255", "capa": "PNEO3_STD_20260811_BuildingDamageAsessment_Manizales"}}, {"type": "Feature", "geometry": {"type": "Point", "coordinates": [-75.49512262699994, 5.065330566000057]}, "properties": {"municipio": "Manizales", "departamento": "Caldas", "dano": "Possible Damage", "dano_agrupado": "Damaged Buildings", "sensor": "Pleiades NEO", "sensor_date": "20260811", "confianza": "To Be Evaluated", "validacion_campo": "Not yet field validated", "event_code": "EQ20260810COL", "productos": "4250,4251,4252,4253,4254,4255", "capa": "PNEO3_STD_20260811_BuildingDamageAsessment_Manizales"}}, {"type": "Feature", "geometry": {"type": "Point", "coordinates": [-75.49521732099993, 5.065371870000092]}, "properties": {"municipio": "Manizales", "departamento": "Caldas", "dano": "Possible Damage", "dano_agrupado": "Damaged Buildings", "sensor": "Pleiades NEO", "sensor_date": "20260811", "confianza": "To Be Evaluated", "validacion_campo": "Not yet field validated", "event_code": "EQ20260810COL", "productos": "4250,4251,4252,4253,4254,4255", "capa": "PNEO3_STD_20260811_BuildingDamageAsessment_Manizales"}}, {"type": "Feature", "geometry": {"type": "Point", "coordinates": [-75.49711420299991, 5.066840207000041]}, "properties": {"municipio": "Manizales", "departamento": "Caldas", "dano": "Possible Damage", "dano_agrupado": "Damaged Buildings", "sensor": "Pleiades NEO", "sensor_date": "20260811", "confianza": "To Be Evaluated", "validacion_campo": "Not yet field validated", "event_code": "EQ20260810COL", "productos": "4250,4251,4252,4253,4254,4255", "capa": "PNEO3_STD_20260811_BuildingDamageAsessment_Manizales"}}, {"type": "Feature", "geometry": {"type": "Point", "coordinates": [-75.4969682439999, 5.066922877000081]}, "properties": {"municipio": "Manizales", "departamento": "Caldas", "dano": "Possible Damage", "dano_agrupado": "Damaged Buildings", "sensor": "Pleiades NEO", "sensor_date": "20260811", "confianza": "To Be Evaluated", "validacion_campo": "Not yet field validated", "event_code": "EQ20260810COL", "productos": "4250,4251,4252,4253,4254,4255", "capa": "PNEO3_STD_20260811_BuildingDamageAsessment_Manizales"}}, {"type": "Feature", "geometry": {"type": "Point", "coordinates": [-75.49690300499992, 5.06692915800005]}, "properties": {"municipio": "Manizales", "departamento": "Caldas", "dano": "Possible Damage", "dano_agrupado": "Damaged Buildings", "sensor": "Pleiades NEO", "sensor_date": "20260811", "confianza": "To Be Evaluated", "validacion_campo": "Not yet field validated", "event_code": "EQ20260810COL", "productos": "4250,4251,4252,4253,4254,4255", "capa": "PNEO3_STD_20260811_BuildingDamageAsessment_Manizales"}}, {"type": "Feature", "geometry": {"type": "Point", "coordinates": [-75.49776654399994, 5.066710416000092]}, "properties": {"municipio": "Manizales", "departamento": "Caldas", "dano": "Possible Damage", "dano_agrupado": "Damaged Buildings", "sensor": "Pleiades NEO", "sensor_date": "20260811", "confianza": "To Be Evaluated", "validacion_campo": "Not yet field validated", "event_code": "EQ20260810COL", "productos": "4250,4251,4252,4253,4254,4255", "capa": "PNEO3_STD_20260811_BuildingDamageAsessment_Manizales"}}, {"type": "Feature", "geometry": {"type": "Point", "coordinates": [-75.49769978799992, 5.066764987000056]}, "properties": {"municipio": "Manizales", "departamento": "Caldas", "dano": "Possible Damage", "dano_agrupado": "Damaged Buildings", "sensor": "Pleiades NEO", "sensor_date": "20260811", "confianza": "To Be Evaluated", "validacion_campo": "Not yet field validated", "event_code": "EQ20260810COL", "productos": "4250,4251,4252,4253,4254,4255", "capa": "PNEO3_STD_20260811_BuildingDamageAsessment_Manizales"}}, {"type": "Feature", "geometry": {"type": "Point", "coordinates": [-75.49024108599991, 5.063784559000055]}, "properties": {"municipio": "Manizales", "departamento": "Caldas", "dano": "Possible Damage", "dano_agrupado": "Damaged Buildings", "sensor": "Pleiades NEO", "sensor_date": "20260811", "confianza": "To Be Evaluated", "validacion_campo": "Not yet field validated", "event_code": "EQ20260810COL", "productos": "4250,4251,4252,4253,4254,4255", "capa": "PNEO3_STD_20260811_BuildingDamageAsessment_Manizales"}}, {"type": "Feature", "geometry": {"type": "Point", "coordinates": [-75.49052625699994, 5.0649713150000935]}, "properties": {"municipio": "Manizales", "departamento": "Caldas", "dano": "Possible Damage", "dano_agrupado": "Damaged Buildings", "sensor": "Pleiades NEO", "sensor_date": "20260811", "confianza": "To Be Evaluated", "validacion_campo": "Not yet field validated", "event_code": "EQ20260810COL", "productos": "4250,4251,4252,4253,4254,4255", "capa": "PNEO3_STD_20260811_BuildingDamageAsessment_Manizales"}}, {"type": "Feature", "geometry": {"type": "Point", "coordinates": [-75.49050144299991, 5.065025854000055]}, "properties": {"municipio": "Manizales", "departamento": "Caldas", "dano": "Possible Damage", "dano_agrupado": "Damaged Buildings", "sensor": "Pleiades NEO", "sensor_date": "20260811", "confianza": "To Be Evaluated", "validacion_campo": "Not yet field validated", "event_code": "EQ20260810COL", "productos": "4250,4251,4252,4253,4254,4255", "capa": "PNEO3_STD_20260811_BuildingDamageAsessment_Manizales"}}, {"type": "Feature", "geometry": {"type": "Point", "coordinates": [-75.49031991099992, 5.065315724000072]}, "properties": {"municipio": "Manizales", "departamento": "Caldas", "dano": "Damaged", "dano_agrupado": "Damaged Buildings", "sensor": "Pleiades NEO", "sensor_date": "20260811", "confianza": "To Be Evaluated", "validacion_campo": "Not yet field validated", "event_code": "EQ20260810COL", "productos": "4250,4251,4252,4253,4254,4255", "capa": "PNEO3_STD_20260811_BuildingDamageAsessment_Manizales"}}, {"type": "Feature", "geometry": {"type": "Point", "coordinates": [-75.49440261599995, 5.067759773000091]}, "properties": {"municipio": "Manizales", "departamento": "Caldas", "dano": "Possible Damage", "dano_agrupado": "Damaged Buildings", "sensor": "Pleiades NEO", "sensor_date": "20260811", "confianza": "To Be Evaluated", "validacion_campo": "Not yet field validated", "event_code": "EQ20260810COL", "productos": "4250,4251,4252,4253,4254,4255", "capa": "PNEO3_STD_20260811_BuildingDamageAsessment_Manizales"}}, {"type": "Feature", "geometry": {"type": "Point", "coordinates": [-75.49444475399991, 5.06801676200007]}, "properties": {"municipio": "Manizales", "departamento": "Caldas", "dano": "Possible Damage", "dano_agrupado": "Damaged Buildings", "sensor": "Pleiades NEO", "sensor_date": "20260811", "confianza": "To Be Evaluated", "validacion_campo": "Not yet field validated", "event_code": "EQ20260810COL", "productos": "4250,4251,4252,4253,4254,4255", "capa": "PNEO3_STD_20260811_BuildingDamageAsessment_Manizales"}}, {"type": "Feature", "geometry": {"type": "Point", "coordinates": [-75.47893621999992, 5.066394201000094]}, "properties": {"municipio": "Manizales", "departamento": "Caldas", "dano": "Possible Damage", "dano_agrupado": "Damaged Buildings", "sensor": "Pleiades NEO", "sensor_date": "20260811", "confianza": "To Be Evaluated", "validacion_campo": "Not yet field validated", "event_code": "EQ20260810COL", "productos": "4250,4251,4252,4253,4254,4255", "capa": "PNEO3_STD_20260811_BuildingDamageAsessment_Manizales"}}, {"type": "Feature", "geometry": {"type": "Point", "coordinates": [-75.47888041099992, 5.06641858100005]}, "properties": {"municipio": "Manizales", "departamento": "Caldas", "dano": "Possible Damage", "dano_agrupado": "Damaged Buildings", "sensor": "Pleiades NEO", "sensor_date": "20260811", "confianza": "To Be Evaluated", "validacion_campo": "Not yet field validated", "event_code": "EQ20260810COL", "productos": "4250,4251,4252,4253,4254,4255", "capa": "PNEO3_STD_20260811_BuildingDamageAsessment_Manizales"}}, {"type": "Feature", "geometry": {"type": "Point", "coordinates": [-75.47901386099994, 5.066352767000069]}, "properties": {"municipio": "Manizales", "departamento": "Caldas", "dano": "Possible Damage", "dano_agrupado": "Damaged Buildings", "sensor": "Pleiades NEO", "sensor_date": "20260811", "confianza": "To Be Evaluated", "validacion_campo": "Not yet field validated", "event_code": "EQ20260810COL", "productos": "4250,4251,4252,4253,4254,4255", "capa": "PNEO3_STD_20260811_BuildingDamageAsessment_Manizales"}}, {"type": "Feature", "geometry": {"type": "Point", "coordinates": [-75.47905753999993, 5.066338131000066]}, "properties": {"municipio": "Manizales", "departamento": "Caldas", "dano": "Possible Damage", "dano_agrupado": "Damaged Buildings", "sensor": "Pleiades NEO", "sensor_date": "20260811", "confianza": "To Be Evaluated", "validacion_campo": "Not yet field validated", "event_code": "EQ20260810COL", "productos": "4250,4251,4252,4253,4254,4255", "capa": "PNEO3_STD_20260811_BuildingDamageAsessment_Manizales"}}, {"type": "Feature", "geometry": {"type": "Point", "coordinates": [-75.47870747299993, 5.065596044000074]}, "properties": {"municipio": "Manizales", "departamento": "Caldas", "dano": "Possible Damage", "dano_agrupado": "Damaged Buildings", "sensor": "Pleiades NEO", "sensor_date": "20260811", "confianza": "To Be Evaluated", "validacion_campo": "Not yet field validated", "event_code": "EQ20260810COL", "productos": "4250,4251,4252,4253,4254,4255", "capa": "PNEO3_STD_20260811_BuildingDamageAsessment_Manizales"}}, {"type": "Feature", "geometry": {"type": "Point", "coordinates": [-75.47861525699994, 5.065622886000085]}, "properties": {"municipio": "Manizales", "departamento": "Caldas", "dano": "Possible Damage", "dano_agrupado": "Damaged Buildings", "sensor": "Pleiades NEO", "sensor_date": "20260811", "confianza": "To Be Evaluated", "validacion_campo": "Not yet field validated", "event_code": "EQ20260810COL", "productos": "4250,4251,4252,4253,4254,4255", "capa": "PNEO3_STD_20260811_BuildingDamageAsessment_Manizales"}}, {"type": "Feature", "geometry": {"type": "Point", "coordinates": [-75.47572383999994, 5.064826691000064]}, "properties": {"municipio": "Manizales", "departamento": "Caldas", "dano": "Possible Damage", "dano_agrupado": "Damaged Buildings", "sensor": "Pleiades NEO", "sensor_date": "20260811", "confianza": "To Be Evaluated", "validacion_campo": "Not yet field validated", "event_code": "EQ20260810COL", "productos": "4250,4251,4252,4253,4254,4255", "capa": "PNEO3_STD_20260811_BuildingDamageAsessment_Manizales"}}, {"type": "Feature", "geometry": {"type": "Point", "coordinates": [-75.47520191099994, 5.065256905000069]}, "properties": {"municipio": "Manizales", "departamento": "Caldas", "dano": "Possible Damage", "dano_agrupado": "Damaged Buildings", "sensor": "Pleiades NEO", "sensor_date": "20260811", "confianza": "To Be Evaluated", "validacion_campo": "Not yet field validated", "event_code": "EQ20260810COL", "productos": "4250,4251,4252,4253,4254,4255", "capa": "PNEO3_STD_20260811_BuildingDamageAsessment_Manizales"}}, {"type": "Feature", "geometry": {"type": "Point", "coordinates": [-75.47410648699991, 5.067036614000074]}, "properties": {"municipio": "Manizales", "departamento": "Caldas", "dano": "Possible Damage", "dano_agrupado": "Damaged Buildings", "sensor": "Pleiades NEO", "sensor_date": "20260811", "confianza": "To Be Evaluated", "validacion_campo": "Not yet field validated", "event_code": "EQ20260810COL", "productos": "4250,4251,4252,4253,4254,4255", "capa": "PNEO3_STD_20260811_BuildingDamageAsessment_Manizales"}}, {"type": "Feature", "geometry": {"type": "Point", "coordinates": [-75.4741126699999, 5.06699455100005]}, "properties": {"municipio": "Manizales", "departamento": "Caldas", "dano": "Possible Damage", "dano_agrupado": "Damaged Buildings", "sensor": "Pleiades NEO", "sensor_date": "20260811", "confianza": "To Be Evaluated", "validacion_campo": "Not yet field validated", "event_code": "EQ20260810COL", "productos": "4250,4251,4252,4253,4254,4255", "capa": "PNEO3_STD_20260811_BuildingDamageAsessment_Manizales"}}, {"type": "Feature", "geometry": {"type": "Point", "coordinates": [-75.47332332099995, 5.068847246000075]}, "properties": {"municipio": "Manizales", "departamento": "Caldas", "dano": "Possible Damage", "dano_agrupado": "Damaged Buildings", "sensor": "Pleiades NEO", "sensor_date": "20260811", "confianza": "To Be Evaluated", "validacion_campo": "Not yet field validated", "event_code": "EQ20260810COL", "productos": "4250,4251,4252,4253,4254,4255", "capa": "PNEO3_STD_20260811_BuildingDamageAsessment_Manizales"}}, {"type": "Feature", "geometry": {"type": "Point", "coordinates": [-75.47134270599992, 5.068873616000076]}, "properties": {"municipio": "Manizales", "departamento": "Caldas", "dano": "Damaged", "dano_agrupado": "Damaged Buildings", "sensor": "Pleiades NEO", "sensor_date": "20260811", "confianza": "To Be Evaluated", "validacion_campo": "Not yet field validated", "event_code": "EQ20260810COL", "productos": "4250,4251,4252,4253,4254,4255", "capa": "PNEO3_STD_20260811_BuildingDamageAsessment_Manizales"}}, {"type": "Feature", "geometry": {"type": "Point", "coordinates": [-75.47154151199993, 5.068826740000077]}, "properties": {"municipio": "Manizales", "departamento": "Caldas", "dano": "Possible Damage", "dano_agrupado": "Damaged Buildings", "sensor": "Pleiades NEO", "sensor_date": "20260811", "confianza": "To Be Evaluated", "validacion_campo": "Not yet field validated", "event_code": "EQ20260810COL", "productos": "4250,4251,4252,4253,4254,4255", "capa": "PNEO3_STD_20260811_BuildingDamageAsessment_Manizales"}}, {"type": "Feature", "geometry": {"type": "Point", "coordinates": [-75.47299088299991, 5.0688443740000935]}, "properties": {"municipio": "Manizales", "departamento": "Caldas", "dano": "Possible Damage", "dano_agrupado": "Damaged Buildings", "sensor": "Pleiades NEO", "sensor_date": "20260811", "confianza": "To Be Evaluated", "validacion_campo": "Not yet field validated", "event_code": "EQ20260810COL", "productos": "4250,4251,4252,4253,4254,4255", "capa": "PNEO3_STD_20260811_BuildingDamageAsessment_Manizales"}}, {"type": "Feature", "geometry": {"type": "Point", "coordinates": [-75.47295362699992, 5.068880229000058]}, "properties": {"municipio": "Manizales", "departamento": "Caldas", "dano": "Possible Damage", "dano_agrupado": "Damaged Buildings", "sensor": "Pleiades NEO", "sensor_date": "20260811", "confianza": "To Be Evaluated", "validacion_campo": "Not yet field validated", "event_code": "EQ20260810COL", "productos": "4250,4251,4252,4253,4254,4255", "capa": "PNEO3_STD_20260811_BuildingDamageAsessment_Manizales"}}, {"type": "Feature", "geometry": {"type": "Point", "coordinates": [-75.47331871499995, 5.068922020000059]}, "properties": {"municipio": "Manizales", "departamento": "Caldas", "dano": "Possible Damage", "dano_agrupado": "Damaged Buildings", "sensor": "Pleiades NEO", "sensor_date": "20260811", "confianza": "To Be Evaluated", "validacion_campo": "Not yet field validated", "event_code": "EQ20260810COL", "productos": "4250,4251,4252,4253,4254,4255", "capa": "PNEO3_STD_20260811_BuildingDamageAsessment_Manizales"}}, {"type": "Feature", "geometry": {"type": "Point", "coordinates": [-75.47263984799991, 5.068902266000066]}, "properties": {"municipio": "Manizales", "departamento": "Caldas", "dano": "Possible Damage", "dano_agrupado": "Damaged Buildings", "sensor": "Pleiades NEO", "sensor_date": "20260811", "confianza": "To Be Evaluated", "validacion_campo": "Not yet field validated", "event_code": "EQ20260810COL", "productos": "4250,4251,4252,4253,4254,4255", "capa": "PNEO3_STD_20260811_BuildingDamageAsessment_Manizales"}}, {"type": "Feature", "geometry": {"type": "Point", "coordinates": [-75.47261657799993, 5.068945899000084]}, "properties": {"municipio": "Manizales", "departamento": "Caldas", "dano": "Possible Damage", "dano_agrupado": "Damaged Buildings", "sensor": "Pleiades NEO", "sensor_date": "20260811", "confianza": "To Be Evaluated", "validacion_campo": "Not yet field validated", "event_code": "EQ20260810COL", "productos": "4250,4251,4252,4253,4254,4255", "capa": "PNEO3_STD_20260811_BuildingDamageAsessment_Manizales"}}, {"type": "Feature", "geometry": {"type": "Point", "coordinates": [-75.4725808849999, 5.068995772000051]}, "properties": {"municipio": "Manizales", "departamento": "Caldas", "dano": "Possible Damage", "dano_agrupado": "Damaged Buildings", "sensor": "Pleiades NEO", "sensor_date": "20260811", "confianza": "To Be Evaluated", "validacion_campo": "Not yet field validated", "event_code": "EQ20260810COL", "productos": "4250,4251,4252,4253,4254,4255", "capa": "PNEO3_STD_20260811_BuildingDamageAsessment_Manizales"}}, {"type": "Feature", "geometry": {"type": "Point", "coordinates": [-75.47253585399994, 5.069020728000055]}, "properties": {"municipio": "Manizales", "departamento": "Caldas", "dano": "Possible Damage", "dano_agrupado": "Damaged Buildings", "sensor": "Pleiades NEO", "sensor_date": "20260811", "confianza": "To Be Evaluated", "validacion_campo": "Not yet field validated", "event_code": "EQ20260810COL", "productos": "4250,4251,4252,4253,4254,4255", "capa": "PNEO3_STD_20260811_BuildingDamageAsessment_Manizales"}}, {"type": "Feature", "geometry": {"type": "Point", "coordinates": [-75.47368052899992, 5.070865777000051]}, "properties": {"municipio": "Manizales", "departamento": "Caldas", "dano": "Possible Damage", "dano_agrupado": "Damaged Buildings", "sensor": "Pleiades NEO", "sensor_date": "20260811", "confianza": "To Be Evaluated", "validacion_campo": "Not yet field validated", "event_code": "EQ20260810COL", "productos": "4250,4251,4252,4253,4254,4255", "capa": "PNEO3_STD_20260811_BuildingDamageAsessment_Manizales"}}, {"type": "Feature", "geometry": {"type": "Point", "coordinates": [-75.47369300499992, 5.070932749000065]}, "properties": {"municipio": "Manizales", "departamento": "Caldas", "dano": "Possible Damage", "dano_agrupado": "Damaged Buildings", "sensor": "Pleiades NEO", "sensor_date": "20260811", "confianza": "To Be Evaluated", "validacion_campo": "Not yet field validated", "event_code": "EQ20260810COL", "productos": "4250,4251,4252,4253,4254,4255", "capa": "PNEO3_STD_20260811_BuildingDamageAsessment_Manizales"}}, {"type": "Feature", "geometry": {"type": "Point", "coordinates": [-75.47381310999992, 5.070805805000077]}, "properties": {"municipio": "Manizales", "departamento": "Caldas", "dano": "Possible Damage", "dano_agrupado": "Damaged Buildings", "sensor": "Pleiades NEO", "sensor_date": "20260811", "confianza": "To Be Evaluated", "validacion_campo": "Not yet field validated", "event_code": "EQ20260810COL", "productos": "4250,4251,4252,4253,4254,4255", "capa": "PNEO3_STD_20260811_BuildingDamageAsessment_Manizales"}}, {"type": "Feature", "geometry": {"type": "Point", "coordinates": [-75.47407766299995, 5.07078127200009]}, "properties": {"municipio": "Manizales", "departamento": "Caldas", "dano": "Possible Damage", "dano_agrupado": "Damaged Buildings", "sensor": "Pleiades NEO", "sensor_date": "20260811", "confianza": "To Be Evaluated", "validacion_campo": "Not yet field validated", "event_code": "EQ20260810COL", "productos": "4250,4251,4252,4253,4254,4255", "capa": "PNEO3_STD_20260811_BuildingDamageAsessment_Manizales"}}, {"type": "Feature", "geometry": {"type": "Point", "coordinates": [-75.47865894199992, 5.065615551000064]}, "properties": {"municipio": "Manizales", "departamento": "Caldas", "dano": "Possible Damage", "dano_agrupado": "Damaged Buildings", "sensor": "Pleiades NEO", "sensor_date": "20260811", "confianza": "To Be Evaluated", "validacion_campo": "Not yet field validated", "event_code": "EQ20260810COL", "productos": "4250,4251,4252,4253,4254,4255", "capa": "PNEO3_STD_20260811_BuildingDamageAsessment_Manizales"}}, {"type": "Feature", "geometry": {"type": "Point", "coordinates": [-75.47899399799991, 5.065484651000077]}, "properties": {"municipio": "Manizales", "departamento": "Caldas", "dano": "Possible Damage", "dano_agrupado": "Damaged Buildings", "sensor": "Pleiades NEO", "sensor_date": "20260811", "confianza": "To Be Evaluated", "validacion_campo": "Not yet field validated", "event_code": "EQ20260810COL", "productos": "4250,4251,4252,4253,4254,4255", "capa": "PNEO3_STD_20260811_BuildingDamageAsessment_Manizales"}}, {"type": "Feature", "geometry": {"type": "Point", "coordinates": [-75.47903592099993, 5.065458139000043]}, "properties": {"municipio": "Manizales", "departamento": "Caldas", "dano": "Possible Damage", "dano_agrupado": "Damaged Buildings", "sensor": "Pleiades NEO", "sensor_date": "20260811", "confianza": "To Be Evaluated", "validacion_campo": "Not yet field validated", "event_code": "EQ20260810COL", "productos": "4250,4251,4252,4253,4254,4255", "capa": "PNEO3_STD_20260811_BuildingDamageAsessment_Manizales"}}, {"type": "Feature", "geometry": {"type": "Point", "coordinates": [-75.47911511399991, 5.065414464000071]}, "properties": {"municipio": "Manizales", "departamento": "Caldas", "dano": "Possible Damage", "dano_agrupado": "Damaged Buildings", "sensor": "Pleiades NEO", "sensor_date": "20260811", "confianza": "To Be Evaluated", "validacion_campo": "Not yet field validated", "event_code": "EQ20260810COL", "productos": "4250,4251,4252,4253,4254,4255", "capa": "PNEO3_STD_20260811_BuildingDamageAsessment_Manizales"}}, {"type": "Feature", "geometry": {"type": "Point", "coordinates": [-75.4870152499999, 5.066692118000049]}, "properties": {"municipio": "Manizales", "departamento": "Caldas", "dano": "Possible Damage", "dano_agrupado": "Damaged Buildings", "sensor": "Pleiades NEO", "sensor_date": "20260811", "confianza": "To Be Evaluated", "validacion_campo": "Not yet field validated", "event_code": "EQ20260810COL", "productos": "4250,4251,4252,4253,4254,4255", "capa": "PNEO3_STD_20260811_BuildingDamageAsessment_Manizales"}}, {"type": "Feature", "geometry": {"type": "Point", "coordinates": [-75.48644730599995, 5.065432360000045]}, "properties": {"municipio": "Manizales", "departamento": "Caldas", "dano": "Possible Damage", "dano_agrupado": "Damaged Buildings", "sensor": "Pleiades NEO", "sensor_date": "20260811", "confianza": "To Be Evaluated", "validacion_campo": "Not yet field validated", "event_code": "EQ20260810COL", "productos": "4250,4251,4252,4253,4254,4255", "capa": "PNEO3_STD_20260811_BuildingDamageAsessment_Manizales"}}, {"type": "Feature", "geometry": {"type": "Point", "coordinates": [-75.48637739399993, 5.065421508000043]}, "properties": {"municipio": "Manizales", "departamento": "Caldas", "dano": "Possible Damage", "dano_agrupado": "Damaged Buildings", "sensor": "Pleiades NEO", "sensor_date": "20260811", "confianza": "To Be Evaluated", "validacion_campo": "Not yet field validated", "event_code": "EQ20260810COL", "productos": "4250,4251,4252,4253,4254,4255", "capa": "PNEO3_STD_20260811_BuildingDamageAsessment_Manizales"}}, {"type": "Feature", "geometry": {"type": "Point", "coordinates": [-75.48619329899992, 5.066441945000065]}, "properties": {"municipio": "Manizales", "departamento": "Caldas", "dano": "Damaged", "dano_agrupado": "Damaged Buildings", "sensor": "Pleiades NEO", "sensor_date": "20260811", "confianza": "To Be Evaluated", "validacion_campo": "Not yet field validated", "event_code": "EQ20260810COL", "productos": "4250,4251,4252,4253,4254,4255", "capa": "PNEO3_STD_20260811_BuildingDamageAsessment_Manizales"}}, {"type": "Feature", "geometry": {"type": "Point", "coordinates": [-75.48966590499992, 5.067361488000074]}, "properties": {"municipio": "Manizales", "departamento": "Caldas", "dano": "Possible Damage", "dano_agrupado": "Damaged Buildings", "sensor": "Pleiades NEO", "sensor_date": "20260811", "confianza": "To Be Evaluated", "validacion_campo": "Not yet field validated", "event_code": "EQ20260810COL", "productos": "4250,4251,4252,4253,4254,4255", "capa": "PNEO3_STD_20260811_BuildingDamageAsessment_Manizales"}}, {"type": "Feature", "geometry": {"type": "Point", "coordinates": [-75.48961622799993, 5.067405142000041]}, "properties": {"municipio": "Manizales", "departamento": "Caldas", "dano": "Possible Damage", "dano_agrupado": "Damaged Buildings", "sensor": "Pleiades NEO", "sensor_date": "20260811", "confianza": "To Be Evaluated", "validacion_campo": "Not yet field validated", "event_code": "EQ20260810COL", "productos": "4250,4251,4252,4253,4254,4255", "capa": "PNEO3_STD_20260811_BuildingDamageAsessment_Manizales"}}, {"type": "Feature", "geometry": {"type": "Point", "coordinates": [-75.48702216799995, 5.0676329670000655]}, "properties": {"municipio": "Manizales", "departamento": "Caldas", "dano": "Damaged", "dano_agrupado": "Damaged Buildings", "sensor": "Pleiades NEO", "sensor_date": "20260811", "confianza": "To Be Evaluated", "validacion_campo": "Not yet field validated", "event_code": "EQ20260810COL", "productos": "4250,4251,4252,4253,4254,4255", "capa": "PNEO3_STD_20260811_BuildingDamageAsessment_Manizales"}}, {"type": "Feature", "geometry": {"type": "Point", "coordinates": [-75.48857133999991, 5.0681660920000695]}, "properties": {"municipio": "Manizales", "departamento": "Caldas", "dano": "Possible Damage", "dano_agrupado": "Damaged Buildings", "sensor": "Pleiades NEO", "sensor_date": "20260811", "confianza": "To Be Evaluated", "validacion_campo": "Not yet field validated", "event_code": "EQ20260810COL", "productos": "4250,4251,4252,4253,4254,4255", "capa": "PNEO3_STD_20260811_BuildingDamageAsessment_Manizales"}}, {"type": "Feature", "geometry": {"type": "Point", "coordinates": [-75.49313264499995, 5.068729636000057]}, "properties": {"municipio": "Manizales", "departamento": "Caldas", "dano": "Damaged", "dano_agrupado": "Damaged Buildings", "sensor": "Pleiades NEO", "sensor_date": "20260811", "confianza": "To Be Evaluated", "validacion_campo": "Not yet field validated", "event_code": "EQ20260810COL", "productos": "4250,4251,4252,4253,4254,4255", "capa": "PNEO3_STD_20260811_BuildingDamageAsessment_Manizales"}}, {"type": "Feature", "geometry": {"type": "Point", "coordinates": [-75.49301361699992, 5.068600935000063]}, "properties": {"municipio": "Manizales", "departamento": "Caldas", "dano": "Possible Damage", "dano_agrupado": "Damaged Buildings", "sensor": "Pleiades NEO", "sensor_date": "20260811", "confianza": "To Be Evaluated", "validacion_campo": "Not yet field validated", "event_code": "EQ20260810COL", "productos": "4250,4251,4252,4253,4254,4255", "capa": "PNEO3_STD_20260811_BuildingDamageAsessment_Manizales"}}, {"type": "Feature", "geometry": {"type": "Point", "coordinates": [-75.49323579399993, 5.069548910000037]}, "properties": {"municipio": "Manizales", "departamento": "Caldas", "dano": "Possible Damage", "dano_agrupado": "Damaged Buildings", "sensor": "Pleiades NEO", "sensor_date": "20260811", "confianza": "To Be Evaluated", "validacion_campo": "Not yet field validated", "event_code": "EQ20260810COL", "productos": "4250,4251,4252,4253,4254,4255", "capa": "PNEO3_STD_20260811_BuildingDamageAsessment_Manizales"}}, {"type": "Feature", "geometry": {"type": "Point", "coordinates": [-75.49237371099991, 5.0696461450000925]}, "properties": {"municipio": "Manizales", "departamento": "Caldas", "dano": "Possible Damage", "dano_agrupado": "Damaged Buildings", "sensor": "Pleiades NEO", "sensor_date": "20260811", "confianza": "To Be Evaluated", "validacion_campo": "Not yet field validated", "event_code": "EQ20260810COL", "productos": "4250,4251,4252,4253,4254,4255", "capa": "PNEO3_STD_20260811_BuildingDamageAsessment_Manizales"}}, {"type": "Feature", "geometry": {"type": "Point", "coordinates": [-75.49229293799993, 5.069653995000067]}, "properties": {"municipio": "Manizales", "departamento": "Caldas", "dano": "Possible Damage", "dano_agrupado": "Damaged Buildings", "sensor": "Pleiades NEO", "sensor_date": "20260811", "confianza": "To Be Evaluated", "validacion_campo": "Not yet field validated", "event_code": "EQ20260810COL", "productos": "4250,4251,4252,4253,4254,4255", "capa": "PNEO3_STD_20260811_BuildingDamageAsessment_Manizales"}}, {"type": "Feature", "geometry": {"type": "Point", "coordinates": [-75.49219662299993, 5.069650953000064]}, "properties": {"municipio": "Manizales", "departamento": "Caldas", "dano": "Possible Damage", "dano_agrupado": "Damaged Buildings", "sensor": "Pleiades NEO", "sensor_date": "20260811", "confianza": "To Be Evaluated", "validacion_campo": "Not yet field validated", "event_code": "EQ20260810COL", "productos": "4250,4251,4252,4253,4254,4255", "capa": "PNEO3_STD_20260811_BuildingDamageAsessment_Manizales"}}, {"type": "Feature", "geometry": {"type": "Point", "coordinates": [-75.4925967339999, 5.069130743000073]}, "properties": {"municipio": "Manizales", "departamento": "Caldas", "dano": "Possible Damage", "dano_agrupado": "Damaged Buildings", "sensor": "Pleiades NEO", "sensor_date": "20260811", "confianza": "To Be Evaluated", "validacion_campo": "Not yet field validated", "event_code": "EQ20260810COL", "productos": "4250,4251,4252,4253,4254,4255", "capa": "PNEO3_STD_20260811_BuildingDamageAsessment_Manizales"}}, {"type": "Feature", "geometry": {"type": "Point", "coordinates": [-75.49255856699995, 5.069144171000062]}, "properties": {"municipio": "Manizales", "departamento": "Caldas", "dano": "Possible Damage", "dano_agrupado": "Damaged Buildings", "sensor": "Pleiades NEO", "sensor_date": "20260811", "confianza": "To Be Evaluated", "validacion_campo": "Not yet field validated", "event_code": "EQ20260810COL", "productos": "4250,4251,4252,4253,4254,4255", "capa": "PNEO3_STD_20260811_BuildingDamageAsessment_Manizales"}}, {"type": "Feature", "geometry": {"type": "Point", "coordinates": [-75.49164724399992, 5.06945834000004]}, "properties": {"municipio": "Manizales", "departamento": "Caldas", "dano": "Possible Damage", "dano_agrupado": "Damaged Buildings", "sensor": "Pleiades NEO", "sensor_date": "20260811", "confianza": "To Be Evaluated", "validacion_campo": "Not yet field validated", "event_code": "EQ20260810COL", "productos": "4250,4251,4252,4253,4254,4255", "capa": "PNEO3_STD_20260811_BuildingDamageAsessment_Manizales"}}, {"type": "Feature", "geometry": {"type": "Point", "coordinates": [-75.49172180599993, 5.069454295000071]}, "properties": {"municipio": "Manizales", "departamento": "Caldas", "dano": "Possible Damage", "dano_agrupado": "Damaged Buildings", "sensor": "Pleiades NEO", "sensor_date": "20260811", "confianza": "To Be Evaluated", "validacion_campo": "Not yet field validated", "event_code": "EQ20260810COL", "productos": "4250,4251,4252,4253,4254,4255", "capa": "PNEO3_STD_20260811_BuildingDamageAsessment_Manizales"}}, {"type": "Feature", "geometry": {"type": "Point", "coordinates": [-75.49177349899992, 5.069447278000041]}, "properties": {"municipio": "Manizales", "departamento": "Caldas", "dano": "Possible Damage", "dano_agrupado": "Damaged Buildings", "sensor": "Pleiades NEO", "sensor_date": "20260811", "confianza": "To Be Evaluated", "validacion_campo": "Not yet field validated", "event_code": "EQ20260810COL", "productos": "4250,4251,4252,4253,4254,4255", "capa": "PNEO3_STD_20260811_BuildingDamageAsessment_Manizales"}}, {"type": "Feature", "geometry": {"type": "Point", "coordinates": [-75.49183314499993, 5.069439257000056]}, "properties": {"municipio": "Manizales", "departamento": "Caldas", "dano": "Possible Damage", "dano_agrupado": "Damaged Buildings", "sensor": "Pleiades NEO", "sensor_date": "20260811", "confianza": "To Be Evaluated", "validacion_campo": "Not yet field validated", "event_code": "EQ20260810COL", "productos": "4250,4251,4252,4253,4254,4255", "capa": "PNEO3_STD_20260811_BuildingDamageAsessment_Manizales"}}, {"type": "Feature", "geometry": {"type": "Point", "coordinates": [-75.49189676799995, 5.069432230000075]}, "properties": {"municipio": "Manizales", "departamento": "Caldas", "dano": "Possible Damage", "dano_agrupado": "Damaged Buildings", "sensor": "Pleiades NEO", "sensor_date": "20260811", "confianza": "To Be Evaluated", "validacion_campo": "Not yet field validated", "event_code": "EQ20260810COL", "productos": "4250,4251,4252,4253,4254,4255", "capa": "PNEO3_STD_20260811_BuildingDamageAsessment_Manizales"}}, {"type": "Feature", "geometry": {"type": "Point", "coordinates": [-75.49199320199995, 5.069427172000076]}, "properties": {"municipio": "Manizales", "departamento": "Caldas", "dano": "Possible Damage", "dano_agrupado": "Damaged Buildings", "sensor": "Pleiades NEO", "sensor_date": "20260811", "confianza": "To Be Evaluated", "validacion_campo": "Not yet field validated", "event_code": "EQ20260810COL", "productos": "4250,4251,4252,4253,4254,4255", "capa": "PNEO3_STD_20260811_BuildingDamageAsessment_Manizales"}}, {"type": "Feature", "geometry": {"type": "Point", "coordinates": [-75.49208168199993, 5.069423117000042]}, "properties": {"municipio": "Manizales", "departamento": "Caldas", "dano": "Possible Damage", "dano_agrupado": "Damaged Buildings", "sensor": "Pleiades NEO", "sensor_date": "20260811", "confianza": "To Be Evaluated", "validacion_campo": "Not yet field validated", "event_code": "EQ20260810COL", "productos": "4250,4251,4252,4253,4254,4255", "capa": "PNEO3_STD_20260811_BuildingDamageAsessment_Manizales"}}, {"type": "Feature", "geometry": {"type": "Point", "coordinates": [-75.49158380499995, 5.06970861800005]}, "properties": {"municipio": "Manizales", "departamento": "Caldas", "dano": "Possible Damage", "dano_agrupado": "Damaged Buildings", "sensor": "Pleiades NEO", "sensor_date": "20260811", "confianza": "To Be Evaluated", "validacion_campo": "Not yet field validated", "event_code": "EQ20260810COL", "productos": "4250,4251,4252,4253,4254,4255", "capa": "PNEO3_STD_20260811_BuildingDamageAsessment_Manizales"}}, {"type": "Feature", "geometry": {"type": "Point", "coordinates": [-75.49166731799994, 5.069709551000074]}, "properties": {"municipio": "Manizales", "departamento": "Caldas", "dano": "Possible Damage", "dano_agrupado": "Damaged Buildings", "sensor": "Pleiades NEO", "sensor_date": "20260811", "confianza": "To Be Evaluated", "validacion_campo": "Not yet field validated", "event_code": "EQ20260810COL", "productos": "4250,4251,4252,4253,4254,4255", "capa": "PNEO3_STD_20260811_BuildingDamageAsessment_Manizales"}}, {"type": "Feature", "geometry": {"type": "Point", "coordinates": [-75.49176375299993, 5.069706487000076]}, "properties": {"municipio": "Manizales", "departamento": "Caldas", "dano": "Possible Damage", "dano_agrupado": "Damaged Buildings", "sensor": "Pleiades NEO", "sensor_date": "20260811", "confianza": "To Be Evaluated", "validacion_campo": "Not yet field validated", "event_code": "EQ20260810COL", "productos": "4250,4251,4252,4253,4254,4255", "capa": "PNEO3_STD_20260811_BuildingDamageAsessment_Manizales"}}, {"type": "Feature", "geometry": {"type": "Point", "coordinates": [-75.49184130099991, 5.0697064280000745]}, "properties": {"municipio": "Manizales", "departamento": "Caldas", "dano": "Possible Damage", "dano_agrupado": "Damaged Buildings", "sensor": "Pleiades NEO", "sensor_date": "20260811", "confianza": "To Be Evaluated", "validacion_campo": "Not yet field validated", "event_code": "EQ20260810COL", "productos": "4250,4251,4252,4253,4254,4255", "capa": "PNEO3_STD_20260811_BuildingDamageAsessment_Manizales"}}, {"type": "Feature", "geometry": {"type": "Point", "coordinates": [-75.49192083199995, 5.069700386000079]}, "properties": {"municipio": "Manizales", "departamento": "Caldas", "dano": "Possible Damage", "dano_agrupado": "Damaged Buildings", "sensor": "Pleiades NEO", "sensor_date": "20260811", "confianza": "To Be Evaluated", "validacion_campo": "Not yet field validated", "event_code": "EQ20260810COL", "productos": "4250,4251,4252,4253,4254,4255", "capa": "PNEO3_STD_20260811_BuildingDamageAsessment_Manizales"}}, {"type": "Feature", "geometry": {"type": "Point", "coordinates": [-75.49206558999992, 5.069177884000055]}, "properties": {"municipio": "Manizales", "departamento": "Caldas", "dano": "Possible Damage", "dano_agrupado": "Damaged Buildings", "sensor": "Pleiades NEO", "sensor_date": "20260811", "confianza": "To Be Evaluated", "validacion_campo": "Not yet field validated", "event_code": "EQ20260810COL", "productos": "4250,4251,4252,4253,4254,4255", "capa": "PNEO3_STD_20260811_BuildingDamageAsessment_Manizales"}}, {"type": "Feature", "geometry": {"type": "Point", "coordinates": [-75.49196716699993, 5.0691819460000715]}, "properties": {"municipio": "Manizales", "departamento": "Caldas", "dano": "Possible Damage", "dano_agrupado": "Damaged Buildings", "sensor": "Pleiades NEO", "sensor_date": "20260811", "confianza": "To Be Evaluated", "validacion_campo": "Not yet field validated", "event_code": "EQ20260810COL", "productos": "4250,4251,4252,4253,4254,4255", "capa": "PNEO3_STD_20260811_BuildingDamageAsessment_Manizales"}}, {"type": "Feature", "geometry": {"type": "Point", "coordinates": [-75.49187868899992, 5.069188992000079]}, "properties": {"municipio": "Manizales", "departamento": "Caldas", "dano": "Possible Damage", "dano_agrupado": "Damaged Buildings", "sensor": "Pleiades NEO", "sensor_date": "20260811", "confianza": "To Be Evaluated", "validacion_campo": "Not yet field validated", "event_code": "EQ20260810COL", "productos": "4250,4251,4252,4253,4254,4255", "capa": "PNEO3_STD_20260811_BuildingDamageAsessment_Manizales"}}, {"type": "Feature", "geometry": {"type": "Point", "coordinates": [-75.49213212099994, 5.071529139000063]}, "properties": {"municipio": "Manizales", "departamento": "Caldas", "dano": "Possible Damage", "dano_agrupado": "Damaged Buildings", "sensor": "Pleiades NEO", "sensor_date": "20260811", "confianza": "To Be Evaluated", "validacion_campo": "Not yet field validated", "event_code": "EQ20260810COL", "productos": "4250,4251,4252,4253,4254,4255", "capa": "PNEO3_STD_20260811_BuildingDamageAsessment_Manizales"}}, {"type": "Feature", "geometry": {"type": "Point", "coordinates": [-75.49220584599993, 5.071526344000063]}, "properties": {"municipio": "Manizales", "departamento": "Caldas", "dano": "Possible Damage", "dano_agrupado": "Damaged Buildings", "sensor": "Pleiades NEO", "sensor_date": "20260811", "confianza": "To Be Evaluated", "validacion_campo": "Not yet field validated", "event_code": "EQ20260810COL", "productos": "4250,4251,4252,4253,4254,4255", "capa": "PNEO3_STD_20260811_BuildingDamageAsessment_Manizales"}}, {"type": "Feature", "geometry": {"type": "Point", "coordinates": [-75.49227137299994, 5.071513973000037]}, "properties": {"municipio": "Manizales", "departamento": "Caldas", "dano": "Possible Damage", "dano_agrupado": "Damaged Buildings", "sensor": "Pleiades NEO", "sensor_date": "20260811", "confianza": "To Be Evaluated", "validacion_campo": "Not yet field validated", "event_code": "EQ20260810COL", "productos": "4250,4251,4252,4253,4254,4255", "capa": "PNEO3_STD_20260811_BuildingDamageAsessment_Manizales"}}, {"type": "Feature", "geometry": {"type": "Point", "coordinates": [-75.4924788909999, 5.07149875500005]}, "properties": {"municipio": "Manizales", "departamento": "Caldas", "dano": "Possible Damage", "dano_agrupado": "Damaged Buildings", "sensor": "Pleiades NEO", "sensor_date": "20260811", "confianza": "To Be Evaluated", "validacion_campo": "Not yet field validated", "event_code": "EQ20260810COL", "productos": "4250,4251,4252,4253,4254,4255", "capa": "PNEO3_STD_20260811_BuildingDamageAsessment_Manizales"}}, {"type": "Feature", "geometry": {"type": "Point", "coordinates": [-75.49130026499995, 5.071038273000056]}, "properties": {"municipio": "Manizales", "departamento": "Caldas", "dano": "Possible Damage", "dano_agrupado": "Damaged Buildings", "sensor": "Pleiades NEO", "sensor_date": "20260811", "confianza": "To Be Evaluated", "validacion_campo": "Not yet field validated", "event_code": "EQ20260810COL", "productos": "4250,4251,4252,4253,4254,4255", "capa": "PNEO3_STD_20260811_BuildingDamageAsessment_Manizales"}}, {"type": "Feature", "geometry": {"type": "Point", "coordinates": [-75.48906291599991, 5.071601291000093]}, "properties": {"municipio": "Manizales", "departamento": "Caldas", "dano": "Possible Damage", "dano_agrupado": "Damaged Buildings", "sensor": "Pleiades NEO", "sensor_date": "20260811", "confianza": "To Be Evaluated", "validacion_campo": "Not yet field validated", "event_code": "EQ20260810COL", "productos": "4250,4251,4252,4253,4254,4255", "capa": "PNEO3_STD_20260811_BuildingDamageAsessment_Manizales"}}, {"type": "Feature", "geometry": {"type": "Point", "coordinates": [-75.48980064099993, 5.072194912000043]}, "properties": {"municipio": "Manizales", "departamento": "Caldas", "dano": "Damaged", "dano_agrupado": "Damaged Buildings", "sensor": "Pleiades NEO", "sensor_date": "20260811", "confianza": "To Be Evaluated", "validacion_campo": "Not yet field validated", "event_code": "EQ20260810COL", "productos": "4250,4251,4252,4253,4254,4255", "capa": "PNEO3_STD_20260811_BuildingDamageAsessment_Manizales"}}, {"type": "Feature", "geometry": {"type": "Point", "coordinates": [-75.48974021499993, 5.0717281020000655]}, "properties": {"municipio": "Manizales", "departamento": "Caldas", "dano": "Possible Damage", "dano_agrupado": "Damaged Buildings", "sensor": "Pleiades NEO", "sensor_date": "20260811", "confianza": "To Be Evaluated", "validacion_campo": "Not yet field validated", "event_code": "EQ20260810COL", "productos": "4250,4251,4252,4253,4254,4255", "capa": "PNEO3_STD_20260811_BuildingDamageAsessment_Manizales"}}, {"type": "Feature", "geometry": {"type": "Point", "coordinates": [-75.48907838699995, 5.070388276000074]}, "properties": {"municipio": "Manizales", "departamento": "Caldas", "dano": "Damaged", "dano_agrupado": "Damaged Buildings", "sensor": "Pleiades NEO", "sensor_date": "20260811", "confianza": "To Be Evaluated", "validacion_campo": "Not yet field validated", "event_code": "EQ20260810COL", "productos": "4250,4251,4252,4253,4254,4255", "capa": "PNEO3_STD_20260811_BuildingDamageAsessment_Manizales"}}, {"type": "Feature", "geometry": {"type": "Point", "coordinates": [-75.48911663599995, 5.070414260000064]}, "properties": {"municipio": "Manizales", "departamento": "Caldas", "dano": "Possible Damage", "dano_agrupado": "Damaged Buildings", "sensor": "Pleiades NEO", "sensor_date": "20260811", "confianza": "To Be Evaluated", "validacion_campo": "Not yet field validated", "event_code": "EQ20260810COL", "productos": "4250,4251,4252,4253,4254,4255", "capa": "PNEO3_STD_20260811_BuildingDamageAsessment_Manizales"}}, {"type": "Feature", "geometry": {"type": "Point", "coordinates": [-75.48922225299992, 5.072874413000079]}, "properties": {"municipio": "Manizales", "departamento": "Caldas", "dano": "Possible Damage", "dano_agrupado": "Damaged Buildings", "sensor": "Pleiades NEO", "sensor_date": "20260811", "confianza": "To Be Evaluated", "validacion_campo": "Not yet field validated", "event_code": "EQ20260810COL", "productos": "4250,4251,4252,4253,4254,4255", "capa": "PNEO3_STD_20260811_BuildingDamageAsessment_Manizales"}}, {"type": "Feature", "geometry": {"type": "Point", "coordinates": [-75.48642929199991, 5.072240721000071]}, "properties": {"municipio": "Manizales", "departamento": "Caldas", "dano": "Possible Damage", "dano_agrupado": "Damaged Buildings", "sensor": "Pleiades NEO", "sensor_date": "20260811", "confianza": "To Be Evaluated", "validacion_campo": "Not yet field validated", "event_code": "EQ20260810COL", "productos": "4250,4251,4252,4253,4254,4255", "capa": "PNEO3_STD_20260811_BuildingDamageAsessment_Manizales"}}, {"type": "Feature", "geometry": {"type": "Point", "coordinates": [-75.48663769599995, 5.072896901000092]}, "properties": {"municipio": "Manizales", "departamento": "Caldas", "dano": "Possible Damage", "dano_agrupado": "Damaged Buildings", "sensor": "Pleiades NEO", "sensor_date": "20260811", "confianza": "To Be Evaluated", "validacion_campo": "Not yet field validated", "event_code": "EQ20260810COL", "productos": "4250,4251,4252,4253,4254,4255", "capa": "PNEO3_STD_20260811_BuildingDamageAsessment_Manizales"}}, {"type": "Feature", "geometry": {"type": "Point", "coordinates": [-75.48735151799991, 5.072567784000057]}, "properties": {"municipio": "Manizales", "departamento": "Caldas", "dano": "Possible Damage", "dano_agrupado": "Damaged Buildings", "sensor": "Pleiades NEO", "sensor_date": "20260811", "confianza": "To Be Evaluated", "validacion_campo": "Not yet field validated", "event_code": "EQ20260810COL", "productos": "4250,4251,4252,4253,4254,4255", "capa": "PNEO3_STD_20260811_BuildingDamageAsessment_Manizales"}}, {"type": "Feature", "geometry": {"type": "Point", "coordinates": [-75.48865260399992, 5.072468228000048]}, "properties": {"municipio": "Manizales", "departamento": "Caldas", "dano": "Possible Damage", "dano_agrupado": "Damaged Buildings", "sensor": "Pleiades NEO", "sensor_date": "20260811", "confianza": "To Be Evaluated", "validacion_campo": "Not yet field validated", "event_code": "EQ20260810COL", "productos": "4250,4251,4252,4253,4254,4255", "capa": "PNEO3_STD_20260811_BuildingDamageAsessment_Manizales"}}, {"type": "Feature", "geometry": {"type": "Point", "coordinates": [-75.48777061299995, 5.0743034590000775]}, "properties": {"municipio": "Manizales", "departamento": "Caldas", "dano": "Damaged", "dano_agrupado": "Damaged Buildings", "sensor": "Pleiades NEO", "sensor_date": "20260811", "confianza": "To Be Evaluated", "validacion_campo": "Not yet field validated", "event_code": "EQ20260810COL", "productos": "4250,4251,4252,4253,4254,4255", "capa": "PNEO3_STD_20260811_BuildingDamageAsessment_Manizales"}}, {"type": "Feature", "geometry": {"type": "Point", "coordinates": [-75.48767095599993, 5.07431996300005]}, "properties": {"municipio": "Manizales", "departamento": "Caldas", "dano": "Damaged", "dano_agrupado": "Damaged Buildings", "sensor": "Pleiades NEO", "sensor_date": "20260811", "confianza": "To Be Evaluated", "validacion_campo": "Not yet field validated", "event_code": "EQ20260810COL", "productos": "4250,4251,4252,4253,4254,4255", "capa": "PNEO3_STD_20260811_BuildingDamageAsessment_Manizales"}}, {"type": "Feature", "geometry": {"type": "Point", "coordinates": [-75.48764904899991, 5.074237835000076]}, "properties": {"municipio": "Manizales", "departamento": "Caldas", "dano": "Damaged", "dano_agrupado": "Damaged Buildings", "sensor": "Pleiades NEO", "sensor_date": "20260811", "confianza": "To Be Evaluated", "validacion_campo": "Not yet field validated", "event_code": "EQ20260810COL", "productos": "4250,4251,4252,4253,4254,4255", "capa": "PNEO3_STD_20260811_BuildingDamageAsessment_Manizales"}}, {"type": "Feature", "geometry": {"type": "Point", "coordinates": [-75.48783165299994, 5.073770841000055]}, "properties": {"municipio": "Manizales", "departamento": "Caldas", "dano": "Possible Damage", "dano_agrupado": "Damaged Buildings", "sensor": "Pleiades NEO", "sensor_date": "20260811", "confianza": "To Be Evaluated", "validacion_campo": "Not yet field validated", "event_code": "EQ20260810COL", "productos": "4250,4251,4252,4253,4254,4255", "capa": "PNEO3_STD_20260811_BuildingDamageAsessment_Manizales"}}, {"type": "Feature", "geometry": {"type": "Point", "coordinates": [-75.48776479799994, 5.073832500000037]}, "properties": {"municipio": "Manizales", "departamento": "Caldas", "dano": "Possible Damage", "dano_agrupado": "Damaged Buildings", "sensor": "Pleiades NEO", "sensor_date": "20260811", "confianza": "To Be Evaluated", "validacion_campo": "Not yet field validated", "event_code": "EQ20260810COL", "productos": "4250,4251,4252,4253,4254,4255", "capa": "PNEO3_STD_20260811_BuildingDamageAsessment_Manizales"}}, {"type": "Feature", "geometry": {"type": "Point", "coordinates": [-75.4874738769999, 5.073693074000062]}, "properties": {"municipio": "Manizales", "departamento": "Caldas", "dano": "Possible Damage", "dano_agrupado": "Damaged Buildings", "sensor": "Pleiades NEO", "sensor_date": "20260811", "confianza": "To Be Evaluated", "validacion_campo": "Not yet field validated", "event_code": "EQ20260810COL", "productos": "4250,4251,4252,4253,4254,4255", "capa": "PNEO3_STD_20260811_BuildingDamageAsessment_Manizales"}}, {"type": "Feature", "geometry": {"type": "Point", "coordinates": [-75.48754757899991, 5.073658791000071]}, "properties": {"municipio": "Manizales", "departamento": "Caldas", "dano": "Possible Damage", "dano_agrupado": "Damaged Buildings", "sensor": "Pleiades NEO", "sensor_date": "20260811", "confianza": "To Be Evaluated", "validacion_campo": "Not yet field validated", "event_code": "EQ20260810COL", "productos": "4250,4251,4252,4253,4254,4255", "capa": "PNEO3_STD_20260811_BuildingDamageAsessment_Manizales"}}, {"type": "Feature", "geometry": {"type": "Point", "coordinates": [-75.48770670699992, 5.072838593000085]}, "properties": {"municipio": "Manizales", "departamento": "Caldas", "dano": "Possible Damage", "dano_agrupado": "Damaged Buildings", "sensor": "Pleiades NEO", "sensor_date": "20260811", "confianza": "To Be Evaluated", "validacion_campo": "Not yet field validated", "event_code": "EQ20260810COL", "productos": "4250,4251,4252,4253,4254,4255", "capa": "PNEO3_STD_20260811_BuildingDamageAsessment_Manizales"}}, {"type": "Feature", "geometry": {"type": "Point", "coordinates": [-75.4902617969999, 5.073573224000086]}, "properties": {"municipio": "Manizales", "departamento": "Caldas", "dano": "Possible Damage", "dano_agrupado": "Damaged Buildings", "sensor": "Pleiades NEO", "sensor_date": "20260811", "confianza": "To Be Evaluated", "validacion_campo": "Not yet field validated", "event_code": "EQ20260810COL", "productos": "4250,4251,4252,4253,4254,4255", "capa": "PNEO3_STD_20260811_BuildingDamageAsessment_Manizales"}}, {"type": "Feature", "geometry": {"type": "Point", "coordinates": [-75.49067251699995, 5.073392358000092]}, "properties": {"municipio": "Manizales", "departamento": "Caldas", "dano": "Possible Damage", "dano_agrupado": "Damaged Buildings", "sensor": "Pleiades NEO", "sensor_date": "20260811", "confianza": "To Be Evaluated", "validacion_campo": "Not yet field validated", "event_code": "EQ20260810COL", "productos": "4250,4251,4252,4253,4254,4255", "capa": "PNEO3_STD_20260811_BuildingDamageAsessment_Manizales"}}, {"type": "Feature", "geometry": {"type": "Point", "coordinates": [-75.4917159929999, 5.073726824000062]}, "properties": {"municipio": "Manizales", "departamento": "Caldas", "dano": "Damaged", "dano_agrupado": "Damaged Buildings", "sensor": "Pleiades NEO", "sensor_date": "20260811", "confianza": "To Be Evaluated", "validacion_campo": "Not yet field validated", "event_code": "EQ20260810COL", "productos": "4250,4251,4252,4253,4254,4255", "capa": "PNEO3_STD_20260811_BuildingDamageAsessment_Manizales"}}, {"type": "Feature", "geometry": {"type": "Point", "coordinates": [-75.49421764399995, 5.0724064950000525]}, "properties": {"municipio": "Manizales", "departamento": "Caldas", "dano": "Possible Damage", "dano_agrupado": "Damaged Buildings", "sensor": "Pleiades NEO", "sensor_date": "20260811", "confianza": "To Be Evaluated", "validacion_campo": "Not yet field validated", "event_code": "EQ20260810COL", "productos": "4250,4251,4252,4253,4254,4255", "capa": "PNEO3_STD_20260811_BuildingDamageAsessment_Manizales"}}, {"type": "Feature", "geometry": {"type": "Point", "coordinates": [-75.87824582399992, 5.068365676000042]}, "properties": {"municipio": "Viterbo", "departamento": "Caldas", "dano": "Possible Damage", "dano_agrupado": "Damaged Buildings", "sensor": "Pleiades", "sensor_date": "20260812", "confianza": "To Be Evaluated", "validacion_campo": "Not yet field validated", "event_code": "EQ20260810COL", "productos": "4250,4251,4252,4253,4254,4255", "capa": "Pleiades_20260812_BuildingDamageAsessment_Viterbo"}}, {"type": "Feature", "geometry": {"type": "Point", "coordinates": [-75.87736164799992, 5.067592010000055]}, "properties": {"municipio": "Viterbo", "departamento": "Caldas", "dano": "Damage", "dano_agrupado": "Damaged Buildings", "sensor": "Pleiades", "sensor_date": "20260812", "confianza": "To Be Evaluated", "validacion_campo": "Not yet field validated", "event_code": "EQ20260810COL", "productos": "4250,4251,4252,4253,4254,4255", "capa": "Pleiades_20260812_BuildingDamageAsessment_Viterbo"}}, {"type": "Feature", "geometry": {"type": "Point", "coordinates": [-75.87770396099995, 5.067666265000071]}, "properties": {"municipio": "Viterbo", "departamento": "Caldas", "dano": "Possible Damage", "dano_agrupado": "Damaged Buildings", "sensor": "Pleiades", "sensor_date": "20260812", "confianza": "To Be Evaluated", "validacion_campo": "Not yet field validated", "event_code": "EQ20260810COL", "productos": "4250,4251,4252,4253,4254,4255", "capa": "Pleiades_20260812_BuildingDamageAsessment_Viterbo"}}, {"type": "Feature", "geometry": {"type": "Point", "coordinates": [-75.87775935499991, 5.06781286100005]}, "properties": {"municipio": "Viterbo", "departamento": "Caldas", "dano": "Possible Damage", "dano_agrupado": "Damaged Buildings", "sensor": "Pleiades", "sensor_date": "20260812", "confianza": "To Be Evaluated", "validacion_campo": "Not yet field validated", "event_code": "EQ20260810COL", "productos": "4250,4251,4252,4253,4254,4255", "capa": "Pleiades_20260812_BuildingDamageAsessment_Viterbo"}}, {"type": "Feature", "geometry": {"type": "Point", "coordinates": [-75.8780526239999, 5.068354869000075]}, "properties": {"municipio": "Viterbo", "departamento": "Caldas", "dano": "Damage", "dano_agrupado": "Damaged Buildings", "sensor": "Pleiades", "sensor_date": "20260812", "confianza": "To Be Evaluated", "validacion_campo": "Not yet field validated", "event_code": "EQ20260810COL", "productos": "4250,4251,4252,4253,4254,4255", "capa": "Pleiades_20260812_BuildingDamageAsessment_Viterbo"}}, {"type": "Feature", "geometry": {"type": "Point", "coordinates": [-75.87799732399992, 5.068277457000079]}, "properties": {"municipio": "Viterbo", "departamento": "Caldas", "dano": "Possible Damage", "dano_agrupado": "Damaged Buildings", "sensor": "Pleiades", "sensor_date": "20260812", "confianza": "To Be Evaluated", "validacion_campo": "Not yet field validated", "event_code": "EQ20260810COL", "productos": "4250,4251,4252,4253,4254,4255", "capa": "Pleiades_20260812_BuildingDamageAsessment_Viterbo"}}, {"type": "Feature", "geometry": {"type": "Point", "coordinates": [-75.87818213599991, 5.0682080220000785]}, "properties": {"municipio": "Viterbo", "departamento": "Caldas", "dano": "Possible Damage", "dano_agrupado": "Damaged Buildings", "sensor": "Pleiades", "sensor_date": "20260812", "confianza": "To Be Evaluated", "validacion_campo": "Not yet field validated", "event_code": "EQ20260810COL", "productos": "4250,4251,4252,4253,4254,4255", "capa": "Pleiades_20260812_BuildingDamageAsessment_Viterbo"}}, {"type": "Feature", "geometry": {"type": "Point", "coordinates": [-75.87366079499992, 5.06349576000008]}, "properties": {"municipio": "Viterbo", "departamento": "Caldas", "dano": "Possible Damage", "dano_agrupado": "Damaged Buildings", "sensor": "Pleiades", "sensor_date": "20260812", "confianza": "To Be Evaluated", "validacion_campo": "Not yet field validated", "event_code": "EQ20260810COL", "productos": "4250,4251,4252,4253,4254,4255", "capa": "Pleiades_20260812_BuildingDamageAsessment_Viterbo"}}, {"type": "Feature", "geometry": {"type": "Point", "coordinates": [-75.87788923999994, 5.067942751000089]}, "properties": {"municipio": "Viterbo", "departamento": "Caldas", "dano": "Damage", "dano_agrupado": "Damaged Buildings", "sensor": "Pleiades", "sensor_date": "20260812", "confianza": "To Be Evaluated", "validacion_campo": "Not yet field validated", "event_code": "EQ20260810COL", "productos": "4250,4251,4252,4253,4254,4255", "capa": "Pleiades_20260812_BuildingDamageAsessment_Viterbo"}}, {"type": "Feature", "geometry": {"type": "Point", "coordinates": [-75.87728699199994, 5.067486951000092]}, "properties": {"municipio": "Viterbo", "departamento": "Caldas", "dano": "Possible Damage", "dano_agrupado": "Damaged Buildings", "sensor": "Pleiades", "sensor_date": "20260812", "confianza": "To Be Evaluated", "validacion_campo": "Not yet field validated", "event_code": "EQ20260810COL", "productos": "4250,4251,4252,4253,4254,4255", "capa": "Pleiades_20260812_BuildingDamageAsessment_Viterbo"}}, {"type": "Feature", "geometry": {"type": "Point", "coordinates": [-75.87756420499994, 5.067747705000045]}, "properties": {"municipio": "Viterbo", "departamento": "Caldas", "dano": "Possible Damage", "dano_agrupado": "Damaged Buildings", "sensor": "Pleiades", "sensor_date": "20260812", "confianza": "To Be Evaluated", "validacion_campo": "Not yet field validated", "event_code": "EQ20260810COL", "productos": "4250,4251,4252,4253,4254,4255", "capa": "Pleiades_20260812_BuildingDamageAsessment_Viterbo"}}, {"type": "Feature", "geometry": {"type": "Point", "coordinates": [-75.87747225699991, 5.067671671000085]}, "properties": {"municipio": "Viterbo", "departamento": "Caldas", "dano": "Possible Damage", "dano_agrupado": "Damaged Buildings", "sensor": "Pleiades", "sensor_date": "20260812", "confianza": "To Be Evaluated", "validacion_campo": "Not yet field validated", "event_code": "EQ20260810COL", "productos": "4250,4251,4252,4253,4254,4255", "capa": "Pleiades_20260812_BuildingDamageAsessment_Viterbo"}}, {"type": "Feature", "geometry": {"type": "Point", "coordinates": [-75.87672928299992, 5.066822540000089]}, "properties": {"municipio": "Viterbo", "departamento": "Caldas", "dano": "Possible Damage", "dano_agrupado": "Damaged Buildings", "sensor": "Pleiades", "sensor_date": "20260812", "confianza": "To Be Evaluated", "validacion_campo": "Not yet field validated", "event_code": "EQ20260810COL", "productos": "4250,4251,4252,4253,4254,4255", "capa": "Pleiades_20260812_BuildingDamageAsessment_Viterbo"}}, {"type": "Feature", "geometry": {"type": "Point", "coordinates": [-75.87466659599994, 5.064421917000061]}, "properties": {"municipio": "Viterbo", "departamento": "Caldas", "dano": "Damage", "dano_agrupado": "Damaged Buildings", "sensor": "Pleiades", "sensor_date": "20260812", "confianza": "To Be Evaluated", "validacion_campo": "Not yet field validated", "event_code": "EQ20260810COL", "productos": "4250,4251,4252,4253,4254,4255", "capa": "Pleiades_20260812_BuildingDamageAsessment_Viterbo"}}, {"type": "Feature", "geometry": {"type": "Point", "coordinates": [-75.87634773499991, 5.066796490000058]}, "properties": {"municipio": "Viterbo", "departamento": "Caldas", "dano": "Possible Damage", "dano_agrupado": "Damaged Buildings", "sensor": "Pleiades", "sensor_date": "20260812", "confianza": "To Be Evaluated", "validacion_campo": "Not yet field validated", "event_code": "EQ20260810COL", "productos": "4250,4251,4252,4253,4254,4255", "capa": "Pleiades_20260812_BuildingDamageAsessment_Viterbo"}}, {"type": "Feature", "geometry": {"type": "Point", "coordinates": [-75.87561135199991, 5.066905525000038]}, "properties": {"municipio": "Viterbo", "departamento": "Caldas", "dano": "Damage", "dano_agrupado": "Damaged Buildings", "sensor": "Pleiades", "sensor_date": "20260812", "confianza": "To Be Evaluated", "validacion_campo": "Not yet field validated", "event_code": "EQ20260810COL", "productos": "4250,4251,4252,4253,4254,4255", "capa": "Pleiades_20260812_BuildingDamageAsessment_Viterbo"}}, {"type": "Feature", "geometry": {"type": "Point", "coordinates": [-75.87558995599994, 5.066756780000048]}, "properties": {"municipio": "Viterbo", "departamento": "Caldas", "dano": "Damage", "dano_agrupado": "Damaged Buildings", "sensor": "Pleiades", "sensor_date": "20260812", "confianza": "To Be Evaluated", "validacion_campo": "Not yet field validated", "event_code": "EQ20260810COL", "productos": "4250,4251,4252,4253,4254,4255", "capa": "Pleiades_20260812_BuildingDamageAsessment_Viterbo"}}, {"type": "Feature", "geometry": {"type": "Point", "coordinates": [-75.87583554699995, 5.066816666000079]}, "properties": {"municipio": "Viterbo", "departamento": "Caldas", "dano": "Possible Damage", "dano_agrupado": "Damaged Buildings", "sensor": "Pleiades", "sensor_date": "20260812", "confianza": "To Be Evaluated", "validacion_campo": "Not yet field validated", "event_code": "EQ20260810COL", "productos": "4250,4251,4252,4253,4254,4255", "capa": "Pleiades_20260812_BuildingDamageAsessment_Viterbo"}}, {"type": "Feature", "geometry": {"type": "Point", "coordinates": [-75.87647639099993, 5.0652766920000545]}, "properties": {"municipio": "Viterbo", "departamento": "Caldas", "dano": "Possible Damage", "dano_agrupado": "Damaged Buildings", "sensor": "Pleiades", "sensor_date": "20260812", "confianza": "To Be Evaluated", "validacion_campo": "Not yet field validated", "event_code": "EQ20260810COL", "productos": "4250,4251,4252,4253,4254,4255", "capa": "Pleiades_20260812_BuildingDamageAsessment_Viterbo"}}, {"type": "Feature", "geometry": {"type": "Point", "coordinates": [-75.87651383799994, 5.06554053900004]}, "properties": {"municipio": "Viterbo", "departamento": "Caldas", "dano": "Damage", "dano_agrupado": "Damaged Buildings", "sensor": "Pleiades", "sensor_date": "20260812", "confianza": "To Be Evaluated", "validacion_campo": "Not yet field validated", "event_code": "EQ20260810COL", "productos": "4250,4251,4252,4253,4254,4255", "capa": "Pleiades_20260812_BuildingDamageAsessment_Viterbo"}}, {"type": "Feature", "geometry": {"type": "Point", "coordinates": [-75.87657018399995, 5.065411170000061]}, "properties": {"municipio": "Viterbo", "departamento": "Caldas", "dano": "Damage", "dano_agrupado": "Damaged Buildings", "sensor": "Pleiades", "sensor_date": "20260812", "confianza": "To Be Evaluated", "validacion_campo": "Not yet field validated", "event_code": "EQ20260810COL", "productos": "4250,4251,4252,4253,4254,4255", "capa": "Pleiades_20260812_BuildingDamageAsessment_Viterbo"}}, {"type": "Feature", "geometry": {"type": "Point", "coordinates": [-75.87473893399994, 5.0656775460000745]}, "properties": {"municipio": "Viterbo", "departamento": "Caldas", "dano": "Damage", "dano_agrupado": "Damaged Buildings", "sensor": "Pleiades", "sensor_date": "20260812", "confianza": "To Be Evaluated", "validacion_campo": "Not yet field validated", "event_code": "EQ20260810COL", "productos": "4250,4251,4252,4253,4254,4255", "capa": "Pleiades_20260812_BuildingDamageAsessment_Viterbo"}}, {"type": "Feature", "geometry": {"type": "Point", "coordinates": [-75.87575132199993, 5.065917049000063]}, "properties": {"municipio": "Viterbo", "departamento": "Caldas", "dano": "Possible Damage", "dano_agrupado": "Damaged Buildings", "sensor": "Pleiades", "sensor_date": "20260812", "confianza": "To Be Evaluated", "validacion_campo": "Not yet field validated", "event_code": "EQ20260810COL", "productos": "4250,4251,4252,4253,4254,4255", "capa": "Pleiades_20260812_BuildingDamageAsessment_Viterbo"}}, {"type": "Feature", "geometry": {"type": "Point", "coordinates": [-75.87556006999995, 5.0655489140000896]}, "properties": {"municipio": "Viterbo", "departamento": "Caldas", "dano": "Possible Damage", "dano_agrupado": "Damaged Buildings", "sensor": "Pleiades", "sensor_date": "20260812", "confianza": "To Be Evaluated", "validacion_campo": "Not yet field validated", "event_code": "EQ20260810COL", "productos": "4250,4251,4252,4253,4254,4255", "capa": "Pleiades_20260812_BuildingDamageAsessment_Viterbo"}}, {"type": "Feature", "geometry": {"type": "Point", "coordinates": [-75.87461540299995, 5.065757413000085]}, "properties": {"municipio": "Viterbo", "departamento": "Caldas", "dano": "Possible Damage", "dano_agrupado": "Damaged Buildings", "sensor": "Pleiades", "sensor_date": "20260812", "confianza": "To Be Evaluated", "validacion_campo": "Not yet field validated", "event_code": "EQ20260810COL", "productos": "4250,4251,4252,4253,4254,4255", "capa": "Pleiades_20260812_BuildingDamageAsessment_Viterbo"}}, {"type": "Feature", "geometry": {"type": "Point", "coordinates": [-75.87459961899992, 5.065840678000086]}, "properties": {"municipio": "Viterbo", "departamento": "Caldas", "dano": "Possible Damage", "dano_agrupado": "Damaged Buildings", "sensor": "Pleiades", "sensor_date": "20260812", "confianza": "To Be Evaluated", "validacion_campo": "Not yet field validated", "event_code": "EQ20260810COL", "productos": "4250,4251,4252,4253,4254,4255", "capa": "Pleiades_20260812_BuildingDamageAsessment_Viterbo"}}, {"type": "Feature", "geometry": {"type": "Point", "coordinates": [-75.87383459799992, 5.065504644000043]}, "properties": {"municipio": "Viterbo", "departamento": "Caldas", "dano": "Possible Damage", "dano_agrupado": "Damaged Buildings", "sensor": "Pleiades", "sensor_date": "20260812", "confianza": "To Be Evaluated", "validacion_campo": "Not yet field validated", "event_code": "EQ20260810COL", "productos": "4250,4251,4252,4253,4254,4255", "capa": "Pleiades_20260812_BuildingDamageAsessment_Viterbo"}}, {"type": "Feature", "geometry": {"type": "Point", "coordinates": [-75.87385371599993, 5.06535518000004]}, "properties": {"municipio": "Viterbo", "departamento": "Caldas", "dano": "Possible Damage", "dano_agrupado": "Damaged Buildings", "sensor": "Pleiades", "sensor_date": "20260812", "confianza": "To Be Evaluated", "validacion_campo": "Not yet field validated", "event_code": "EQ20260810COL", "productos": "4250,4251,4252,4253,4254,4255", "capa": "Pleiades_20260812_BuildingDamageAsessment_Viterbo"}}, {"type": "Feature", "geometry": {"type": "Point", "coordinates": [-75.87198746399991, 5.064876173000073]}, "properties": {"municipio": "Viterbo", "departamento": "Caldas", "dano": "Damage", "dano_agrupado": "Damaged Buildings", "sensor": "Pleiades", "sensor_date": "20260812", "confianza": "To Be Evaluated", "validacion_campo": "Not yet field validated", "event_code": "EQ20260810COL", "productos": "4250,4251,4252,4253,4254,4255", "capa": "Pleiades_20260812_BuildingDamageAsessment_Viterbo"}}, {"type": "Feature", "geometry": {"type": "Point", "coordinates": [-75.87036960799992, 5.064407895000045]}, "properties": {"municipio": "Viterbo", "departamento": "Caldas", "dano": "Possible Damage", "dano_agrupado": "Damaged Buildings", "sensor": "Pleiades", "sensor_date": "20260812", "confianza": "To Be Evaluated", "validacion_campo": "Not yet field validated", "event_code": "EQ20260810COL", "productos": "4250,4251,4252,4253,4254,4255", "capa": "Pleiades_20260812_BuildingDamageAsessment_Viterbo"}}, {"type": "Feature", "geometry": {"type": "Point", "coordinates": [-75.8687436969999, 5.064105667000092]}, "properties": {"municipio": "Viterbo", "departamento": "Caldas", "dano": "Possible Damage", "dano_agrupado": "Damaged Buildings", "sensor": "Pleiades", "sensor_date": "20260812", "confianza": "To Be Evaluated", "validacion_campo": "Not yet field validated", "event_code": "EQ20260810COL", "productos": "4250,4251,4252,4253,4254,4255", "capa": "Pleiades_20260812_BuildingDamageAsessment_Viterbo"}}, {"type": "Feature", "geometry": {"type": "Point", "coordinates": [-75.86888182599995, 5.064210642000091]}, "properties": {"municipio": "Viterbo", "departamento": "Caldas", "dano": "Damage", "dano_agrupado": "Damaged Buildings", "sensor": "Pleiades", "sensor_date": "20260812", "confianza": "To Be Evaluated", "validacion_campo": "Not yet field validated", "event_code": "EQ20260810COL", "productos": "4250,4251,4252,4253,4254,4255", "capa": "Pleiades_20260812_BuildingDamageAsessment_Viterbo"}}, {"type": "Feature", "geometry": {"type": "Point", "coordinates": [-75.86999843099994, 5.065779578000047]}, "properties": {"municipio": "Viterbo", "departamento": "Caldas", "dano": "Damage", "dano_agrupado": "Damaged Buildings", "sensor": "Pleiades", "sensor_date": "20260812", "confianza": "To Be Evaluated", "validacion_campo": "Not yet field validated", "event_code": "EQ20260810COL", "productos": "4250,4251,4252,4253,4254,4255", "capa": "Pleiades_20260812_BuildingDamageAsessment_Viterbo"}}, {"type": "Feature", "geometry": {"type": "Point", "coordinates": [-75.8704723539999, 5.066202239000063]}, "properties": {"municipio": "Viterbo", "departamento": "Caldas", "dano": "Damage", "dano_agrupado": "Damaged Buildings", "sensor": "Pleiades", "sensor_date": "20260812", "confianza": "To Be Evaluated", "validacion_campo": "Not yet field validated", "event_code": "EQ20260810COL", "productos": "4250,4251,4252,4253,4254,4255", "capa": "Pleiades_20260812_BuildingDamageAsessment_Viterbo"}}, {"type": "Feature", "geometry": {"type": "Point", "coordinates": [-75.86942396599994, 5.064651744000059]}, "properties": {"municipio": "Viterbo", "departamento": "Caldas", "dano": "Possible Damage", "dano_agrupado": "Damaged Buildings", "sensor": "Pleiades", "sensor_date": "20260812", "confianza": "To Be Evaluated", "validacion_campo": "Not yet field validated", "event_code": "EQ20260810COL", "productos": "4250,4251,4252,4253,4254,4255", "capa": "Pleiades_20260812_BuildingDamageAsessment_Viterbo"}}, {"type": "Feature", "geometry": {"type": "Point", "coordinates": [-75.86890295699993, 5.064451781000059]}, "properties": {"municipio": "Viterbo", "departamento": "Caldas", "dano": "Possible Damage", "dano_agrupado": "Damaged Buildings", "sensor": "Pleiades", "sensor_date": "20260812", "confianza": "To Be Evaluated", "validacion_campo": "Not yet field validated", "event_code": "EQ20260810COL", "productos": "4250,4251,4252,4253,4254,4255", "capa": "Pleiades_20260812_BuildingDamageAsessment_Viterbo"}}, {"type": "Feature", "geometry": {"type": "Point", "coordinates": [-75.86903034199992, 5.0644835340000895]}, "properties": {"municipio": "Viterbo", "departamento": "Caldas", "dano": "Possible Damage", "dano_agrupado": "Damaged Buildings", "sensor": "Pleiades", "sensor_date": "20260812", "confianza": "To Be Evaluated", "validacion_campo": "Not yet field validated", "event_code": "EQ20260810COL", "productos": "4250,4251,4252,4253,4254,4255", "capa": "Pleiades_20260812_BuildingDamageAsessment_Viterbo"}}, {"type": "Feature", "geometry": {"type": "Point", "coordinates": [-75.86785963999995, 5.06478381800008]}, "properties": {"municipio": "Viterbo", "departamento": "Caldas", "dano": "Possible Damage", "dano_agrupado": "Damaged Buildings", "sensor": "Pleiades", "sensor_date": "20260812", "confianza": "To Be Evaluated", "validacion_campo": "Not yet field validated", "event_code": "EQ20260810COL", "productos": "4250,4251,4252,4253,4254,4255", "capa": "Pleiades_20260812_BuildingDamageAsessment_Viterbo"}}, {"type": "Feature", "geometry": {"type": "Point", "coordinates": [-75.86775900999993, 5.064352985000085]}, "properties": {"municipio": "Viterbo", "departamento": "Caldas", "dano": "Possible Damage", "dano_agrupado": "Damaged Buildings", "sensor": "Pleiades", "sensor_date": "20260812", "confianza": "To Be Evaluated", "validacion_campo": "Not yet field validated", "event_code": "EQ20260810COL", "productos": "4250,4251,4252,4253,4254,4255", "capa": "Pleiades_20260812_BuildingDamageAsessment_Viterbo"}}, {"type": "Feature", "geometry": {"type": "Point", "coordinates": [-75.86686125699993, 5.064707627000075]}, "properties": {"municipio": "Viterbo", "departamento": "Caldas", "dano": "Damage", "dano_agrupado": "Damaged Buildings", "sensor": "Pleiades", "sensor_date": "20260812", "confianza": "To Be Evaluated", "validacion_campo": "Not yet field validated", "event_code": "EQ20260810COL", "productos": "4250,4251,4252,4253,4254,4255", "capa": "Pleiades_20260812_BuildingDamageAsessment_Viterbo"}}, {"type": "Feature", "geometry": {"type": "Point", "coordinates": [-75.86598085199995, 5.064428335000059]}, "properties": {"municipio": "Viterbo", "departamento": "Caldas", "dano": "Possible Damage", "dano_agrupado": "Damaged Buildings", "sensor": "Pleiades", "sensor_date": "20260812", "confianza": "To Be Evaluated", "validacion_campo": "Not yet field validated", "event_code": "EQ20260810COL", "productos": "4250,4251,4252,4253,4254,4255", "capa": "Pleiades_20260812_BuildingDamageAsessment_Viterbo"}}, {"type": "Feature", "geometry": {"type": "Point", "coordinates": [-75.86570168299994, 5.064827753000088]}, "properties": {"municipio": "Viterbo", "departamento": "Caldas", "dano": "Possible Damage", "dano_agrupado": "Damaged Buildings", "sensor": "Pleiades", "sensor_date": "20260812", "confianza": "To Be Evaluated", "validacion_campo": "Not yet field validated", "event_code": "EQ20260810COL", "productos": "4250,4251,4252,4253,4254,4255", "capa": "Pleiades_20260812_BuildingDamageAsessment_Viterbo"}}, {"type": "Feature", "geometry": {"type": "Point", "coordinates": [-75.86567005299992, 5.0649828530000605]}, "properties": {"municipio": "Viterbo", "departamento": "Caldas", "dano": "Possible Damage", "dano_agrupado": "Damaged Buildings", "sensor": "Pleiades", "sensor_date": "20260812", "confianza": "To Be Evaluated", "validacion_campo": "Not yet field validated", "event_code": "EQ20260810COL", "productos": "4250,4251,4252,4253,4254,4255", "capa": "Pleiades_20260812_BuildingDamageAsessment_Viterbo"}}, {"type": "Feature", "geometry": {"type": "Point", "coordinates": [-75.86756899499994, 5.065103444000044]}, "properties": {"municipio": "Viterbo", "departamento": "Caldas", "dano": "Damage", "dano_agrupado": "Damaged Buildings", "sensor": "Pleiades", "sensor_date": "20260812", "confianza": "To Be Evaluated", "validacion_campo": "Not yet field validated", "event_code": "EQ20260810COL", "productos": "4250,4251,4252,4253,4254,4255", "capa": "Pleiades_20260812_BuildingDamageAsessment_Viterbo"}}, {"type": "Feature", "geometry": {"type": "Point", "coordinates": [-75.86781051799994, 5.065463400000056]}, "properties": {"municipio": "Viterbo", "departamento": "Caldas", "dano": "Damage", "dano_agrupado": "Damaged Buildings", "sensor": "Pleiades", "sensor_date": "20260812", "confianza": "To Be Evaluated", "validacion_campo": "Not yet field validated", "event_code": "EQ20260810COL", "productos": "4250,4251,4252,4253,4254,4255", "capa": "Pleiades_20260812_BuildingDamageAsessment_Viterbo"}}, {"type": "Feature", "geometry": {"type": "Point", "coordinates": [-75.86783540099992, 5.0653653160000545]}, "properties": {"municipio": "Viterbo", "departamento": "Caldas", "dano": "Damage", "dano_agrupado": "Damaged Buildings", "sensor": "Pleiades", "sensor_date": "20260812", "confianza": "To Be Evaluated", "validacion_campo": "Not yet field validated", "event_code": "EQ20260810COL", "productos": "4250,4251,4252,4253,4254,4255", "capa": "Pleiades_20260812_BuildingDamageAsessment_Viterbo"}}, {"type": "Feature", "geometry": {"type": "Point", "coordinates": [-75.8677193979999, 5.065342669000074]}, "properties": {"municipio": "Viterbo", "departamento": "Caldas", "dano": "Possible Damage", "dano_agrupado": "Damaged Buildings", "sensor": "Pleiades", "sensor_date": "20260812", "confianza": "To Be Evaluated", "validacion_campo": "Not yet field validated", "event_code": "EQ20260810COL", "productos": "4250,4251,4252,4253,4254,4255", "capa": "Pleiades_20260812_BuildingDamageAsessment_Viterbo"}}, {"type": "Feature", "geometry": {"type": "Point", "coordinates": [-75.86784171499994, 5.064984505000041]}, "properties": {"municipio": "Viterbo", "departamento": "Caldas", "dano": "Possible Damage", "dano_agrupado": "Damaged Buildings", "sensor": "Pleiades", "sensor_date": "20260812", "confianza": "To Be Evaluated", "validacion_campo": "Not yet field validated", "event_code": "EQ20260810COL", "productos": "4250,4251,4252,4253,4254,4255", "capa": "Pleiades_20260812_BuildingDamageAsessment_Viterbo"}}, {"type": "Feature", "geometry": {"type": "Point", "coordinates": [-75.86761309499991, 5.065773780000086]}, "properties": {"municipio": "Viterbo", "departamento": "Caldas", "dano": "Possible Damage", "dano_agrupado": "Damaged Buildings", "sensor": "Pleiades", "sensor_date": "20260812", "confianza": "To Be Evaluated", "validacion_campo": "Not yet field validated", "event_code": "EQ20260810COL", "productos": "4250,4251,4252,4253,4254,4255", "capa": "Pleiades_20260812_BuildingDamageAsessment_Viterbo"}}, {"type": "Feature", "geometry": {"type": "Point", "coordinates": [-75.86755427199995, 5.065999604000069]}, "properties": {"municipio": "Viterbo", "departamento": "Caldas", "dano": "Possible Damage", "dano_agrupado": "Damaged Buildings", "sensor": "Pleiades", "sensor_date": "20260812", "confianza": "To Be Evaluated", "validacion_campo": "Not yet field validated", "event_code": "EQ20260810COL", "productos": "4250,4251,4252,4253,4254,4255", "capa": "Pleiades_20260812_BuildingDamageAsessment_Viterbo"}}, {"type": "Feature", "geometry": {"type": "Point", "coordinates": [-75.86771803599993, 5.06602674700008]}, "properties": {"municipio": "Viterbo", "departamento": "Caldas", "dano": "Possible Damage", "dano_agrupado": "Damaged Buildings", "sensor": "Pleiades", "sensor_date": "20260812", "confianza": "To Be Evaluated", "validacion_campo": "Not yet field validated", "event_code": "EQ20260810COL", "productos": "4250,4251,4252,4253,4254,4255", "capa": "Pleiades_20260812_BuildingDamageAsessment_Viterbo"}}, {"type": "Feature", "geometry": {"type": "Point", "coordinates": [-75.86817954299994, 5.065941759000054]}, "properties": {"municipio": "Viterbo", "departamento": "Caldas", "dano": "Possible Damage", "dano_agrupado": "Damaged Buildings", "sensor": "Pleiades", "sensor_date": "20260812", "confianza": "To Be Evaluated", "validacion_campo": "Not yet field validated", "event_code": "EQ20260810COL", "productos": "4250,4251,4252,4253,4254,4255", "capa": "Pleiades_20260812_BuildingDamageAsessment_Viterbo"}}, {"type": "Feature", "geometry": {"type": "Point", "coordinates": [-75.8674069519999, 5.066366923000089]}, "properties": {"municipio": "Viterbo", "departamento": "Caldas", "dano": "Damage", "dano_agrupado": "Damaged Buildings", "sensor": "Pleiades", "sensor_date": "20260812", "confianza": "To Be Evaluated", "validacion_campo": "Not yet field validated", "event_code": "EQ20260810COL", "productos": "4250,4251,4252,4253,4254,4255", "capa": "Pleiades_20260812_BuildingDamageAsessment_Viterbo"}}, {"type": "Feature", "geometry": {"type": "Point", "coordinates": [-75.86790263599994, 5.066332054000043]}, "properties": {"municipio": "Viterbo", "departamento": "Caldas", "dano": "Damage", "dano_agrupado": "Damaged Buildings", "sensor": "Pleiades", "sensor_date": "20260812", "confianza": "To Be Evaluated", "validacion_campo": "Not yet field validated", "event_code": "EQ20260810COL", "productos": "4250,4251,4252,4253,4254,4255", "capa": "Pleiades_20260812_BuildingDamageAsessment_Viterbo"}}, {"type": "Feature", "geometry": {"type": "Point", "coordinates": [-75.86690417299991, 5.066196577000085]}, "properties": {"municipio": "Viterbo", "departamento": "Caldas", "dano": "Possible Damage", "dano_agrupado": "Damaged Buildings", "sensor": "Pleiades", "sensor_date": "20260812", "confianza": "To Be Evaluated", "validacion_campo": "Not yet field validated", "event_code": "EQ20260810COL", "productos": "4250,4251,4252,4253,4254,4255", "capa": "Pleiades_20260812_BuildingDamageAsessment_Viterbo"}}, {"type": "Feature", "geometry": {"type": "Point", "coordinates": [-75.86725216299993, 5.066248557000051]}, "properties": {"municipio": "Viterbo", "departamento": "Caldas", "dano": "Possible Damage", "dano_agrupado": "Damaged Buildings", "sensor": "Pleiades", "sensor_date": "20260812", "confianza": "To Be Evaluated", "validacion_campo": "Not yet field validated", "event_code": "EQ20260810COL", "productos": "4250,4251,4252,4253,4254,4255", "capa": "Pleiades_20260812_BuildingDamageAsessment_Viterbo"}}, {"type": "Feature", "geometry": {"type": "Point", "coordinates": [-75.8673133019999, 5.066054653000037]}, "properties": {"municipio": "Viterbo", "departamento": "Caldas", "dano": "Possible Damage", "dano_agrupado": "Damaged Buildings", "sensor": "Pleiades", "sensor_date": "20260812", "confianza": "To Be Evaluated", "validacion_campo": "Not yet field validated", "event_code": "EQ20260810COL", "productos": "4250,4251,4252,4253,4254,4255", "capa": "Pleiades_20260812_BuildingDamageAsessment_Viterbo"}}, {"type": "Feature", "geometry": {"type": "Point", "coordinates": [-75.86683173299991, 5.066442942000037]}, "properties": {"municipio": "Viterbo", "departamento": "Caldas", "dano": "Possible Damage", "dano_agrupado": "Damaged Buildings", "sensor": "Pleiades", "sensor_date": "20260812", "confianza": "To Be Evaluated", "validacion_campo": "Not yet field validated", "event_code": "EQ20260810COL", "productos": "4250,4251,4252,4253,4254,4255", "capa": "Pleiades_20260812_BuildingDamageAsessment_Viterbo"}}, {"type": "Feature", "geometry": {"type": "Point", "coordinates": [-75.86653610899992, 5.066438778000077]}, "properties": {"municipio": "Viterbo", "departamento": "Caldas", "dano": "Damage", "dano_agrupado": "Damaged Buildings", "sensor": "Pleiades", "sensor_date": "20260812", "confianza": "To Be Evaluated", "validacion_campo": "Not yet field validated", "event_code": "EQ20260810COL", "productos": "4250,4251,4252,4253,4254,4255", "capa": "Pleiades_20260812_BuildingDamageAsessment_Viterbo"}}, {"type": "Feature", "geometry": {"type": "Point", "coordinates": [-75.86574354599992, 5.065527736000092]}, "properties": {"municipio": "Viterbo", "departamento": "Caldas", "dano": "Damage", "dano_agrupado": "Damaged Buildings", "sensor": "Pleiades", "sensor_date": "20260812", "confianza": "To Be Evaluated", "validacion_campo": "Not yet field validated", "event_code": "EQ20260810COL", "productos": "4250,4251,4252,4253,4254,4255", "capa": "Pleiades_20260812_BuildingDamageAsessment_Viterbo"}}, {"type": "Feature", "geometry": {"type": "Point", "coordinates": [-75.86380977199991, 5.064864485000044]}, "properties": {"municipio": "Viterbo", "departamento": "Caldas", "dano": "Possible Damage", "dano_agrupado": "Damaged Buildings", "sensor": "Pleiades", "sensor_date": "20260812", "confianza": "To Be Evaluated", "validacion_campo": "Not yet field validated", "event_code": "EQ20260810COL", "productos": "4250,4251,4252,4253,4254,4255", "capa": "Pleiades_20260812_BuildingDamageAsessment_Viterbo"}}, {"type": "Feature", "geometry": {"type": "Point", "coordinates": [-75.86680301899992, 5.067079172000092]}, "properties": {"municipio": "Viterbo", "departamento": "Caldas", "dano": "Possible Damage", "dano_agrupado": "Damaged Buildings", "sensor": "Pleiades", "sensor_date": "20260812", "confianza": "To Be Evaluated", "validacion_campo": "Not yet field validated", "event_code": "EQ20260810COL", "productos": "4250,4251,4252,4253,4254,4255", "capa": "Pleiades_20260812_BuildingDamageAsessment_Viterbo"}}, {"type": "Feature", "geometry": {"type": "Point", "coordinates": [-75.86660129299992, 5.067574258000093]}, "properties": {"municipio": "Viterbo", "departamento": "Caldas", "dano": "Possible Damage", "dano_agrupado": "Damaged Buildings", "sensor": "Pleiades", "sensor_date": "20260812", "confianza": "To Be Evaluated", "validacion_campo": "Not yet field validated", "event_code": "EQ20260810COL", "productos": "4250,4251,4252,4253,4254,4255", "capa": "Pleiades_20260812_BuildingDamageAsessment_Viterbo"}}, {"type": "Feature", "geometry": {"type": "Point", "coordinates": [-75.86464119999994, 5.0676452890000405]}, "properties": {"municipio": "Viterbo", "departamento": "Caldas", "dano": "Damage", "dano_agrupado": "Damaged Buildings", "sensor": "Pleiades", "sensor_date": "20260812", "confianza": "To Be Evaluated", "validacion_campo": "Not yet field validated", "event_code": "EQ20260810COL", "productos": "4250,4251,4252,4253,4254,4255", "capa": "Pleiades_20260812_BuildingDamageAsessment_Viterbo"}}, {"type": "Feature", "geometry": {"type": "Point", "coordinates": [-75.86449566199991, 5.067643203000046]}, "properties": {"municipio": "Viterbo", "departamento": "Caldas", "dano": "Damage", "dano_agrupado": "Damaged Buildings", "sensor": "Pleiades", "sensor_date": "20260812", "confianza": "To Be Evaluated", "validacion_campo": "Not yet field validated", "event_code": "EQ20260810COL", "productos": "4250,4251,4252,4253,4254,4255", "capa": "Pleiades_20260812_BuildingDamageAsessment_Viterbo"}}, {"type": "Feature", "geometry": {"type": "Point", "coordinates": [-75.8633646859999, 5.068755200000055]}, "properties": {"municipio": "Viterbo", "departamento": "Caldas", "dano": "Possible Damage", "dano_agrupado": "Damaged Buildings", "sensor": "Pleiades", "sensor_date": "20260812", "confianza": "To Be Evaluated", "validacion_campo": "Not yet field validated", "event_code": "EQ20260810COL", "productos": "4250,4251,4252,4253,4254,4255", "capa": "Pleiades_20260812_BuildingDamageAsessment_Viterbo"}}, {"type": "Feature", "geometry": {"type": "Point", "coordinates": [-75.8640621429999, 5.068257172000074]}, "properties": {"municipio": "Viterbo", "departamento": "Caldas", "dano": "Damage", "dano_agrupado": "Damaged Buildings", "sensor": "Pleiades", "sensor_date": "20260812", "confianza": "To Be Evaluated", "validacion_campo": "Not yet field validated", "event_code": "EQ20260810COL", "productos": "4250,4251,4252,4253,4254,4255", "capa": "Pleiades_20260812_BuildingDamageAsessment_Viterbo"}}, {"type": "Feature", "geometry": {"type": "Point", "coordinates": [-75.86405735299991, 5.06807475800008]}, "properties": {"municipio": "Viterbo", "departamento": "Caldas", "dano": "Possible Damage", "dano_agrupado": "Damaged Buildings", "sensor": "Pleiades", "sensor_date": "20260812", "confianza": "To Be Evaluated", "validacion_campo": "Not yet field validated", "event_code": "EQ20260810COL", "productos": "4250,4251,4252,4253,4254,4255", "capa": "Pleiades_20260812_BuildingDamageAsessment_Viterbo"}}, {"type": "Feature", "geometry": {"type": "Point", "coordinates": [-75.86478524199993, 5.066520929000092]}, "properties": {"municipio": "Viterbo", "departamento": "Caldas", "dano": "Possible Damage", "dano_agrupado": "Damaged Buildings", "sensor": "Pleiades", "sensor_date": "20260812", "confianza": "To Be Evaluated", "validacion_campo": "Not yet field validated", "event_code": "EQ20260810COL", "productos": "4250,4251,4252,4253,4254,4255", "capa": "Pleiades_20260812_BuildingDamageAsessment_Viterbo"}}, {"type": "Feature", "geometry": {"type": "Point", "coordinates": [-75.8646104259999, 5.066733227000043]}, "properties": {"municipio": "Viterbo", "departamento": "Caldas", "dano": "Possible Damage", "dano_agrupado": "Damaged Buildings", "sensor": "Pleiades", "sensor_date": "20260812", "confianza": "To Be Evaluated", "validacion_campo": "Not yet field validated", "event_code": "EQ20260810COL", "productos": "4250,4251,4252,4253,4254,4255", "capa": "Pleiades_20260812_BuildingDamageAsessment_Viterbo"}}, {"type": "Feature", "geometry": {"type": "Point", "coordinates": [-75.86431943399992, 5.066792903000078]}, "properties": {"municipio": "Viterbo", "departamento": "Caldas", "dano": "Damage", "dano_agrupado": "Damaged Buildings", "sensor": "Pleiades", "sensor_date": "20260812", "confianza": "To Be Evaluated", "validacion_campo": "Not yet field validated", "event_code": "EQ20260810COL", "productos": "4250,4251,4252,4253,4254,4255", "capa": "Pleiades_20260812_BuildingDamageAsessment_Viterbo"}}, {"type": "Feature", "geometry": {"type": "Point", "coordinates": [-75.86468779899991, 5.066776449000088]}, "properties": {"municipio": "Viterbo", "departamento": "Caldas", "dano": "Damage", "dano_agrupado": "Damaged Buildings", "sensor": "Pleiades", "sensor_date": "20260812", "confianza": "To Be Evaluated", "validacion_campo": "Not yet field validated", "event_code": "EQ20260810COL", "productos": "4250,4251,4252,4253,4254,4255", "capa": "Pleiades_20260812_BuildingDamageAsessment_Viterbo"}}, {"type": "Feature", "geometry": {"type": "Point", "coordinates": [-75.87584400599991, 5.065083176000087]}, "properties": {"municipio": "Viterbo", "departamento": "Caldas", "dano": "Damage", "dano_agrupado": "Damaged Buildings", "sensor": "Pleiades", "sensor_date": "20260812", "confianza": "To Be Evaluated", "validacion_campo": "Not yet field validated", "event_code": "EQ20260810COL", "productos": "4250,4251,4252,4253,4254,4255", "capa": "Pleiades_20260812_BuildingDamageAsessment_Viterbo"}}, {"type": "Feature", "geometry": {"type": "Point", "coordinates": [-75.87617572999994, 5.064877504000037]}, "properties": {"municipio": "Viterbo", "departamento": "Caldas", "dano": "Possible Damage", "dano_agrupado": "Damaged Buildings", "sensor": "Pleiades", "sensor_date": "20260812", "confianza": "To Be Evaluated", "validacion_campo": "Not yet field validated", "event_code": "EQ20260810COL", "productos": "4250,4251,4252,4253,4254,4255", "capa": "Pleiades_20260812_BuildingDamageAsessment_Viterbo"}}, {"type": "Feature", "geometry": {"type": "Point", "coordinates": [-75.87372285899994, 5.063747535000061]}, "properties": {"municipio": "Viterbo", "departamento": "Caldas", "dano": "Possible Damage", "dano_agrupado": "Damaged Buildings", "sensor": "Pleiades", "sensor_date": "20260812", "confianza": "To Be Evaluated", "validacion_campo": "Not yet field validated", "event_code": "EQ20260810COL", "productos": "4250,4251,4252,4253,4254,4255", "capa": "Pleiades_20260812_BuildingDamageAsessment_Viterbo"}}, {"type": "Feature", "geometry": {"type": "Point", "coordinates": [-75.87171235999995, 5.0635245010000745]}, "properties": {"municipio": "Viterbo", "departamento": "Caldas", "dano": "Damage", "dano_agrupado": "Damaged Buildings", "sensor": "Pleiades", "sensor_date": "20260812", "confianza": "To Be Evaluated", "validacion_campo": "Not yet field validated", "event_code": "EQ20260810COL", "productos": "4250,4251,4252,4253,4254,4255", "capa": "Pleiades_20260812_BuildingDamageAsessment_Viterbo"}}, {"type": "Feature", "geometry": {"type": "Point", "coordinates": [-75.86969765899994, 5.063559134000059]}, "properties": {"municipio": "Viterbo", "departamento": "Caldas", "dano": "Damage", "dano_agrupado": "Damaged Buildings", "sensor": "Pleiades", "sensor_date": "20260812", "confianza": "To Be Evaluated", "validacion_campo": "Not yet field validated", "event_code": "EQ20260810COL", "productos": "4250,4251,4252,4253,4254,4255", "capa": "Pleiades_20260812_BuildingDamageAsessment_Viterbo"}}, {"type": "Feature", "geometry": {"type": "Point", "coordinates": [-75.86948836099992, 5.063491008000085]}, "properties": {"municipio": "Viterbo", "departamento": "Caldas", "dano": "Possible Damage", "dano_agrupado": "Damaged Buildings", "sensor": "Pleiades", "sensor_date": "20260812", "confianza": "To Be Evaluated", "validacion_campo": "Not yet field validated", "event_code": "EQ20260810COL", "productos": "4250,4251,4252,4253,4254,4255", "capa": "Pleiades_20260812_BuildingDamageAsessment_Viterbo"}}, {"type": "Feature", "geometry": {"type": "Point", "coordinates": [-75.86951596499995, 5.062024767000082]}, "properties": {"municipio": "Viterbo", "departamento": "Caldas", "dano": "Possible Damage", "dano_agrupado": "Damaged Buildings", "sensor": "Pleiades", "sensor_date": "20260812", "confianza": "To Be Evaluated", "validacion_campo": "Not yet field validated", "event_code": "EQ20260810COL", "productos": "4250,4251,4252,4253,4254,4255", "capa": "Pleiades_20260812_BuildingDamageAsessment_Viterbo"}}, {"type": "Feature", "geometry": {"type": "Point", "coordinates": [-75.87536545299992, 5.06263711400004]}, "properties": {"municipio": "Viterbo", "departamento": "Caldas", "dano": "Possible Damage", "dano_agrupado": "Damaged Buildings", "sensor": "Pleiades", "sensor_date": "20260812", "confianza": "To Be Evaluated", "validacion_campo": "Not yet field validated", "event_code": "EQ20260810COL", "productos": "4250,4251,4252,4253,4254,4255", "capa": "Pleiades_20260812_BuildingDamageAsessment_Viterbo"}}, {"type": "Feature", "geometry": {"type": "Point", "coordinates": [-75.87556563299995, 5.062689289000048]}, "properties": {"municipio": "Viterbo", "departamento": "Caldas", "dano": "Possible Damage", "dano_agrupado": "Damaged Buildings", "sensor": "Pleiades", "sensor_date": "20260812", "confianza": "To Be Evaluated", "validacion_campo": "Not yet field validated", "event_code": "EQ20260810COL", "productos": "4250,4251,4252,4253,4254,4255", "capa": "Pleiades_20260812_BuildingDamageAsessment_Viterbo"}}, {"type": "Feature", "geometry": {"type": "Point", "coordinates": [-75.87552727899993, 5.062915086000089]}, "properties": {"municipio": "Viterbo", "departamento": "Caldas", "dano": "Possible Damage", "dano_agrupado": "Damaged Buildings", "sensor": "Pleiades", "sensor_date": "20260812", "confianza": "To Be Evaluated", "validacion_campo": "Not yet field validated", "event_code": "EQ20260810COL", "productos": "4250,4251,4252,4253,4254,4255", "capa": "Pleiades_20260812_BuildingDamageAsessment_Viterbo"}}, {"type": "Feature", "geometry": {"type": "Point", "coordinates": [-75.87542974099995, 5.063095357000066]}, "properties": {"municipio": "Viterbo", "departamento": "Caldas", "dano": "Possible Damage", "dano_agrupado": "Damaged Buildings", "sensor": "Pleiades", "sensor_date": "20260812", "confianza": "To Be Evaluated", "validacion_campo": "Not yet field validated", "event_code": "EQ20260810COL", "productos": "4250,4251,4252,4253,4254,4255", "capa": "Pleiades_20260812_BuildingDamageAsessment_Viterbo"}}, {"type": "Feature", "geometry": {"type": "Point", "coordinates": [-75.87539122399994, 5.063200301000052]}, "properties": {"municipio": "Viterbo", "departamento": "Caldas", "dano": "Damage", "dano_agrupado": "Damaged Buildings", "sensor": "Pleiades", "sensor_date": "20260812", "confianza": "To Be Evaluated", "validacion_campo": "Not yet field validated", "event_code": "EQ20260810COL", "productos": "4250,4251,4252,4253,4254,4255", "capa": "Pleiades_20260812_BuildingDamageAsessment_Viterbo"}}, {"type": "Feature", "geometry": {"type": "Point", "coordinates": [-75.8718888649999, 5.061180162000085]}, "properties": {"municipio": "Viterbo", "departamento": "Caldas", "dano": "Damage", "dano_agrupado": "Damaged Buildings", "sensor": "Pleiades", "sensor_date": "20260812", "confianza": "To Be Evaluated", "validacion_campo": "Not yet field validated", "event_code": "EQ20260810COL", "productos": "4250,4251,4252,4253,4254,4255", "capa": "Pleiades_20260812_BuildingDamageAsessment_Viterbo"}}, {"type": "Feature", "geometry": {"type": "Point", "coordinates": [-75.87047545899992, 5.061932267000088]}, "properties": {"municipio": "Viterbo", "departamento": "Caldas", "dano": "Possible Damage", "dano_agrupado": "Damaged Buildings", "sensor": "Pleiades", "sensor_date": "20260812", "confianza": "To Be Evaluated", "validacion_campo": "Not yet field validated", "event_code": "EQ20260810COL", "productos": "4250,4251,4252,4253,4254,4255", "capa": "Pleiades_20260812_BuildingDamageAsessment_Viterbo"}}, {"type": "Feature", "geometry": {"type": "Point", "coordinates": [-75.87064085899993, 5.061482835000049]}, "properties": {"municipio": "Viterbo", "departamento": "Caldas", "dano": "Possible Damage", "dano_agrupado": "Damaged Buildings", "sensor": "Pleiades", "sensor_date": "20260812", "confianza": "To Be Evaluated", "validacion_campo": "Not yet field validated", "event_code": "EQ20260810COL", "productos": "4250,4251,4252,4253,4254,4255", "capa": "Pleiades_20260812_BuildingDamageAsessment_Viterbo"}}, {"type": "Feature", "geometry": {"type": "Point", "coordinates": [-75.86813767899991, 5.060127163000061]}, "properties": {"municipio": "Viterbo", "departamento": "Caldas", "dano": "Possible Damage", "dano_agrupado": "Damaged Buildings", "sensor": "Pleiades", "sensor_date": "20260812", "confianza": "To Be Evaluated", "validacion_campo": "Not yet field validated", "event_code": "EQ20260810COL", "productos": "4250,4251,4252,4253,4254,4255", "capa": "Pleiades_20260812_BuildingDamageAsessment_Viterbo"}}, {"type": "Feature", "geometry": {"type": "Point", "coordinates": [-75.86796684799992, 5.059915328000045]}, "properties": {"municipio": "Viterbo", "departamento": "Caldas", "dano": "Damage", "dano_agrupado": "Damaged Buildings", "sensor": "Pleiades", "sensor_date": "20260812", "confianza": "To Be Evaluated", "validacion_campo": "Not yet field validated", "event_code": "EQ20260810COL", "productos": "4250,4251,4252,4253,4254,4255", "capa": "Pleiades_20260812_BuildingDamageAsessment_Viterbo"}}, {"type": "Feature", "geometry": {"type": "Point", "coordinates": [-75.86730526399992, 5.060021106000079]}, "properties": {"municipio": "Viterbo", "departamento": "Caldas", "dano": "Damage", "dano_agrupado": "Damaged Buildings", "sensor": "Pleiades", "sensor_date": "20260812", "confianza": "To Be Evaluated", "validacion_campo": "Not yet field validated", "event_code": "EQ20260810COL", "productos": "4250,4251,4252,4253,4254,4255", "capa": "Pleiades_20260812_BuildingDamageAsessment_Viterbo"}}, {"type": "Feature", "geometry": {"type": "Point", "coordinates": [-75.86603874199994, 5.060082087000069]}, "properties": {"municipio": "Viterbo", "departamento": "Caldas", "dano": "Damage", "dano_agrupado": "Damaged Buildings", "sensor": "Pleiades", "sensor_date": "20260812", "confianza": "To Be Evaluated", "validacion_campo": "Not yet field validated", "event_code": "EQ20260810COL", "productos": "4250,4251,4252,4253,4254,4255", "capa": "Pleiades_20260812_BuildingDamageAsessment_Viterbo"}}, {"type": "Feature", "geometry": {"type": "Point", "coordinates": [-75.8711990459999, 5.058878034000088]}, "properties": {"municipio": "Viterbo", "departamento": "Caldas", "dano": "Damage", "dano_agrupado": "Damaged Buildings", "sensor": "Pleiades", "sensor_date": "20260812", "confianza": "To Be Evaluated", "validacion_campo": "Not yet field validated", "event_code": "EQ20260810COL", "productos": "4250,4251,4252,4253,4254,4255", "capa": "Pleiades_20260812_BuildingDamageAsessment_Viterbo"}}, {"type": "Feature", "geometry": {"type": "Point", "coordinates": [-75.87157631499991, 5.060421258000076]}, "properties": {"municipio": "Viterbo", "departamento": "Caldas", "dano": "Damage", "dano_agrupado": "Damaged Buildings", "sensor": "Pleiades", "sensor_date": "20260812", "confianza": "To Be Evaluated", "validacion_campo": "Not yet field validated", "event_code": "EQ20260810COL", "productos": "4250,4251,4252,4253,4254,4255", "capa": "Pleiades_20260812_BuildingDamageAsessment_Viterbo"}}, {"type": "Feature", "geometry": {"type": "Point", "coordinates": [-75.87302122199992, 5.05942284200006]}, "properties": {"municipio": "Viterbo", "departamento": "Caldas", "dano": "Damage", "dano_agrupado": "Damaged Buildings", "sensor": "Pleiades", "sensor_date": "20260812", "confianza": "To Be Evaluated", "validacion_campo": "Not yet field validated", "event_code": "EQ20260810COL", "productos": "4250,4251,4252,4253,4254,4255", "capa": "Pleiades_20260812_BuildingDamageAsessment_Viterbo"}}, {"type": "Feature", "geometry": {"type": "Point", "coordinates": [-75.87325415399994, 5.060159050000038]}, "properties": {"municipio": "Viterbo", "departamento": "Caldas", "dano": "Damage", "dano_agrupado": "Damaged Buildings", "sensor": "Pleiades", "sensor_date": "20260812", "confianza": "To Be Evaluated", "validacion_campo": "Not yet field validated", "event_code": "EQ20260810COL", "productos": "4250,4251,4252,4253,4254,4255", "capa": "Pleiades_20260812_BuildingDamageAsessment_Viterbo"}}, {"type": "Feature", "geometry": {"type": "Point", "coordinates": [-75.87403335199991, 5.061277603000065]}, "properties": {"municipio": "Viterbo", "departamento": "Caldas", "dano": "Possible Damage", "dano_agrupado": "Damaged Buildings", "sensor": "Pleiades", "sensor_date": "20260812", "confianza": "To Be Evaluated", "validacion_campo": "Not yet field validated", "event_code": "EQ20260810COL", "productos": "4250,4251,4252,4253,4254,4255", "capa": "Pleiades_20260812_BuildingDamageAsessment_Viterbo"}}, {"type": "Feature", "geometry": {"type": "Point", "coordinates": [-75.87376787699992, 5.060014701000057]}, "properties": {"municipio": "Viterbo", "departamento": "Caldas", "dano": "Possible Damage", "dano_agrupado": "Damaged Buildings", "sensor": "Pleiades", "sensor_date": "20260812", "confianza": "To Be Evaluated", "validacion_campo": "Not yet field validated", "event_code": "EQ20260810COL", "productos": "4250,4251,4252,4253,4254,4255", "capa": "Pleiades_20260812_BuildingDamageAsessment_Viterbo"}}, {"type": "Feature", "geometry": {"type": "Point", "coordinates": [-75.87485791099994, 5.060612936000041]}, "properties": {"municipio": "Viterbo", "departamento": "Caldas", "dano": "Damage", "dano_agrupado": "Damaged Buildings", "sensor": "Pleiades", "sensor_date": "20260812", "confianza": "To Be Evaluated", "validacion_campo": "Not yet field validated", "event_code": "EQ20260810COL", "productos": "4250,4251,4252,4253,4254,4255", "capa": "Pleiades_20260812_BuildingDamageAsessment_Viterbo"}}, {"type": "Feature", "geometry": {"type": "Point", "coordinates": [-75.87448259899992, 5.06053363400008]}, "properties": {"municipio": "Viterbo", "departamento": "Caldas", "dano": "Damage", "dano_agrupado": "Damaged Buildings", "sensor": "Pleiades", "sensor_date": "20260812", "confianza": "To Be Evaluated", "validacion_campo": "Not yet field validated", "event_code": "EQ20260810COL", "productos": "4250,4251,4252,4253,4254,4255", "capa": "Pleiades_20260812_BuildingDamageAsessment_Viterbo"}}, {"type": "Feature", "geometry": {"type": "Point", "coordinates": [-75.87463500699994, 5.060572193000041]}, "properties": {"municipio": "Viterbo", "departamento": "Caldas", "dano": "Possible Damage", "dano_agrupado": "Damaged Buildings", "sensor": "Pleiades", "sensor_date": "20260812", "confianza": "To Be Evaluated", "validacion_campo": "Not yet field validated", "event_code": "EQ20260810COL", "productos": "4250,4251,4252,4253,4254,4255", "capa": "Pleiades_20260812_BuildingDamageAsessment_Viterbo"}}, {"type": "Feature", "geometry": {"type": "Point", "coordinates": [-75.87427674599991, 5.061336561000076]}, "properties": {"municipio": "Viterbo", "departamento": "Caldas", "dano": "Damage", "dano_agrupado": "Damaged Buildings", "sensor": "Pleiades", "sensor_date": "20260812", "confianza": "To Be Evaluated", "validacion_campo": "Not yet field validated", "event_code": "EQ20260810COL", "productos": "4250,4251,4252,4253,4254,4255", "capa": "Pleiades_20260812_BuildingDamageAsessment_Viterbo"}}, {"type": "Feature", "geometry": {"type": "Point", "coordinates": [-75.87910796199992, 5.062301407000064]}, "properties": {"municipio": "Viterbo", "departamento": "Caldas", "dano": "Possible Damage", "dano_agrupado": "Damaged Buildings", "sensor": "Pleiades", "sensor_date": "20260812", "confianza": "To Be Evaluated", "validacion_campo": "Not yet field validated", "event_code": "EQ20260810COL", "productos": "4250,4251,4252,4253,4254,4255", "capa": "Pleiades_20260812_BuildingDamageAsessment_Viterbo"}}, {"type": "Feature", "geometry": {"type": "Point", "coordinates": [-75.87218759699994, 5.058411532000093]}, "properties": {"municipio": "Viterbo", "departamento": "Caldas", "dano": "Possible Damage", "dano_agrupado": "Damaged Buildings", "sensor": "Pleiades", "sensor_date": "20260812", "confianza": "To Be Evaluated", "validacion_campo": "Not yet field validated", "event_code": "EQ20260810COL", "productos": "4250,4251,4252,4253,4254,4255", "capa": "Pleiades_20260812_BuildingDamageAsessment_Viterbo"}}, {"type": "Feature", "geometry": {"type": "Point", "coordinates": [-75.87395958699994, 5.06222856800008]}, "properties": {"municipio": "Viterbo", "departamento": "Caldas", "dano": "Possible Damage", "dano_agrupado": "Damaged Buildings", "sensor": "Pleiades", "sensor_date": "20260812", "confianza": "To Be Evaluated", "validacion_campo": "Not yet field validated", "event_code": "EQ20260810COL", "productos": "4250,4251,4252,4253,4254,4255", "capa": "Pleiades_20260812_BuildingDamageAsessment_Viterbo"}}, {"type": "Feature", "geometry": {"type": "Point", "coordinates": [-75.86307465999994, 5.067762033000065]}, "properties": {"municipio": "Viterbo", "departamento": "Caldas", "dano": "Damage", "dano_agrupado": "Damaged Buildings", "sensor": "Pleiades", "sensor_date": "20260812", "confianza": "To Be Evaluated", "validacion_campo": "Not yet field validated", "event_code": "EQ20260810COL", "productos": "4250,4251,4252,4253,4254,4255", "capa": "Pleiades_20260812_BuildingDamageAsessment_Viterbo"}}, {"type": "Feature", "geometry": {"type": "Point", "coordinates": [-75.87699090899991, 5.065688169000055]}, "properties": {"municipio": "Viterbo", "departamento": "Caldas", "dano": "Possible Damage", "dano_agrupado": "Damaged Buildings", "sensor": "Pleiades", "sensor_date": "20260812", "confianza": "To Be Evaluated", "validacion_campo": "Not yet field validated", "event_code": "EQ20260810COL", "productos": "4250,4251,4252,4253,4254,4255", "capa": "Pleiades_20260812_BuildingDamageAsessment_Viterbo"}}, {"type": "Feature", "geometry": {"type": "Point", "coordinates": [-75.87571541099993, 5.065234941000085]}, "properties": {"municipio": "Viterbo", "departamento": "Caldas", "dano": "Possible Damage", "dano_agrupado": "Damaged Buildings", "sensor": "Pleiades", "sensor_date": "20260812", "confianza": "To Be Evaluated", "validacion_campo": "Not yet field validated", "event_code": "EQ20260810COL", "productos": "4250,4251,4252,4253,4254,4255", "capa": "Pleiades_20260812_BuildingDamageAsessment_Viterbo"}}, {"type": "Feature", "geometry": {"type": "Point", "coordinates": [-75.87562951399991, 5.065211708000049]}, "properties": {"municipio": "Viterbo", "departamento": "Caldas", "dano": "Possible Damage", "dano_agrupado": "Damaged Buildings", "sensor": "Pleiades", "sensor_date": "20260812", "confianza": "To Be Evaluated", "validacion_campo": "Not yet field validated", "event_code": "EQ20260810COL", "productos": "4250,4251,4252,4253,4254,4255", "capa": "Pleiades_20260812_BuildingDamageAsessment_Viterbo"}}, {"type": "Feature", "geometry": {"type": "Point", "coordinates": [-76.0759113659999, 4.40304646900006]}, "properties": {"municipio": "Zarzal", "departamento": "Valle del Cauca", "dano": "Possible Damage", "dano_agrupado": "Damaged Buildings", "sensor": "Pleiades", "sensor_date": "20260813", "confianza": "Uncertain", "validacion_campo": "Not yet field validated", "event_code": "EQ20260822COL", "productos": "4250,4251,4252,4253,4254,4255", "capa": "Pleiades_20260813_BuildingDamageAsessment_Zarzal"}}, {"type": "Feature", "geometry": {"type": "Point", "coordinates": [-76.07629007399993, 4.4038022250000495]}, "properties": {"municipio": "Zarzal", "departamento": "Valle del Cauca", "dano": "Possible Damage", "dano_agrupado": "Damaged Buildings", "sensor": "Pleiades", "sensor_date": "20260813", "confianza": "Uncertain", "validacion_campo": "Not yet field validated", "event_code": "EQ20260822COL", "productos": "4250,4251,4252,4253,4254,4255", "capa": "Pleiades_20260813_BuildingDamageAsessment_Zarzal"}}, {"type": "Feature", "geometry": {"type": "Point", "coordinates": [-76.07642517799991, 4.404142454000066]}, "properties": {"municipio": "Zarzal", "departamento": "Valle del Cauca", "dano": "Possible Damage", "dano_agrupado": "Damaged Buildings", "sensor": "Pleiades", "sensor_date": "20260813", "confianza": "Uncertain", "validacion_campo": "Not yet field validated", "event_code": "EQ20260822COL", "productos": "4250,4251,4252,4253,4254,4255", "capa": "Pleiades_20260813_BuildingDamageAsessment_Zarzal"}}, {"type": "Feature", "geometry": {"type": "Point", "coordinates": [-76.0761847199999, 4.403483010000059]}, "properties": {"municipio": "Zarzal", "departamento": "Valle del Cauca", "dano": "Possible Damage", "dano_agrupado": "Damaged Buildings", "sensor": "Pleiades", "sensor_date": "20260813", "confianza": "Uncertain", "validacion_campo": "Not yet field validated", "event_code": "EQ20260822COL", "productos": "4250,4251,4252,4253,4254,4255", "capa": "Pleiades_20260813_BuildingDamageAsessment_Zarzal"}}, {"type": "Feature", "geometry": {"type": "Point", "coordinates": [-76.0761098179999, 4.403672634000088]}, "properties": {"municipio": "Zarzal", "departamento": "Valle del Cauca", "dano": "Possible Damage", "dano_agrupado": "Damaged Buildings", "sensor": "Pleiades", "sensor_date": "20260813", "confianza": "Uncertain", "validacion_campo": "Not yet field validated", "event_code": "EQ20260822COL", "productos": "4250,4251,4252,4253,4254,4255", "capa": "Pleiades_20260813_BuildingDamageAsessment_Zarzal"}}, {"type": "Feature", "geometry": {"type": "Point", "coordinates": [-76.07671257699991, 4.403403282000056]}, "properties": {"municipio": "Zarzal", "departamento": "Valle del Cauca", "dano": "Possible Damage", "dano_agrupado": "Damaged Buildings", "sensor": "Pleiades", "sensor_date": "20260813", "confianza": "Uncertain", "validacion_campo": "Not yet field validated", "event_code": "EQ20260822COL", "productos": "4250,4251,4252,4253,4254,4255", "capa": "Pleiades_20260813_BuildingDamageAsessment_Zarzal"}}, {"type": "Feature", "geometry": {"type": "Point", "coordinates": [-76.0759017819999, 4.403676444000041]}, "properties": {"municipio": "Zarzal", "departamento": "Valle del Cauca", "dano": "Possible Damage", "dano_agrupado": "Damaged Buildings", "sensor": "Pleiades", "sensor_date": "20260813", "confianza": "Uncertain", "validacion_campo": "Not yet field validated", "event_code": "EQ20260822COL", "productos": "4250,4251,4252,4253,4254,4255", "capa": "Pleiades_20260813_BuildingDamageAsessment_Zarzal"}}, {"type": "Feature", "geometry": {"type": "Point", "coordinates": [-76.07550939399994, 4.403133034000064]}, "properties": {"municipio": "Zarzal", "departamento": "Valle del Cauca", "dano": "Possible Damage", "dano_agrupado": "Damaged Buildings", "sensor": "Pleiades", "sensor_date": "20260813", "confianza": "Uncertain", "validacion_campo": "Not yet field validated", "event_code": "EQ20260822COL", "productos": "4250,4251,4252,4253,4254,4255", "capa": "Pleiades_20260813_BuildingDamageAsessment_Zarzal"}}, {"type": "Feature", "geometry": {"type": "Point", "coordinates": [-76.07561763899992, 4.403031101000067]}, "properties": {"municipio": "Zarzal", "departamento": "Valle del Cauca", "dano": "Possible Damage", "dano_agrupado": "Damaged Buildings", "sensor": "Pleiades", "sensor_date": "20260813", "confianza": "Uncertain", "validacion_campo": "Not yet field validated", "event_code": "EQ20260822COL", "productos": "4250,4251,4252,4253,4254,4255", "capa": "Pleiades_20260813_BuildingDamageAsessment_Zarzal"}}, {"type": "Feature", "geometry": {"type": "Point", "coordinates": [-76.0761506639999, 4.402898723000078]}, "properties": {"municipio": "Zarzal", "departamento": "Valle del Cauca", "dano": "Damage", "dano_agrupado": "Damaged Buildings", "sensor": "Pleiades", "sensor_date": "20260813", "confianza": "Medium", "validacion_campo": "Not yet field validated", "event_code": "EQ20260822COL", "notas": "Destroyed", "productos": "4250,4251,4252,4253,4254,4255", "capa": "Pleiades_20260813_BuildingDamageAsessment_Zarzal"}}, {"type": "Feature", "geometry": {"type": "Point", "coordinates": [-76.07611390299991, 4.402865435000081]}, "properties": {"municipio": "Zarzal", "departamento": "Valle del Cauca", "dano": "Damage", "dano_agrupado": "Damaged Buildings", "sensor": "Pleiades", "sensor_date": "20260813", "confianza": "Medium", "validacion_campo": "Not yet field validated", "event_code": "EQ20260822COL", "notas": "Destroyed", "productos": "4250,4251,4252,4253,4254,4255", "capa": "Pleiades_20260813_BuildingDamageAsessment_Zarzal"}}, {"type": "Feature", "geometry": {"type": "Point", "coordinates": [-76.07618918599991, 4.402940781000041]}, "properties": {"municipio": "Zarzal", "departamento": "Valle del Cauca", "dano": "Damage", "dano_agrupado": "Damaged Buildings", "sensor": "Pleiades", "sensor_date": "20260813", "confianza": "Medium", "validacion_campo": "Not yet field validated", "event_code": "EQ20260822COL", "notas": "Destroyed", "productos": "4250,4251,4252,4253,4254,4255", "capa": "Pleiades_20260813_BuildingDamageAsessment_Zarzal"}}, {"type": "Feature", "geometry": {"type": "Point", "coordinates": [-76.07622563699994, 4.402758233000043]}, "properties": {"municipio": "Zarzal", "departamento": "Valle del Cauca", "dano": "Possible Damage", "dano_agrupado": "Damaged Buildings", "sensor": "Pleiades", "sensor_date": "20260813", "confianza": "Uncertain", "validacion_campo": "Not yet field validated", "event_code": "EQ20260822COL", "productos": "4250,4251,4252,4253,4254,4255", "capa": "Pleiades_20260813_BuildingDamageAsessment_Zarzal"}}, {"type": "Feature", "geometry": {"type": "Point", "coordinates": [-76.07619237199992, 4.402724940000041]}, "properties": {"municipio": "Zarzal", "departamento": "Valle del Cauca", "dano": "Possible Damage", "dano_agrupado": "Damaged Buildings", "sensor": "Pleiades", "sensor_date": "20260813", "confianza": "Uncertain", "validacion_campo": "Not yet field validated", "event_code": "EQ20260822COL", "productos": "4250,4251,4252,4253,4254,4255", "capa": "Pleiades_20260813_BuildingDamageAsessment_Zarzal"}}, {"type": "Feature", "geometry": {"type": "Point", "coordinates": [-76.07611529299993, 4.402616256000044]}, "properties": {"municipio": "Zarzal", "departamento": "Valle del Cauca", "dano": "Possible Damage", "dano_agrupado": "Damaged Buildings", "sensor": "Pleiades", "sensor_date": "20260813", "confianza": "Uncertain", "validacion_campo": "Not yet field validated", "event_code": "EQ20260822COL", "productos": "4250,4251,4252,4253,4254,4255", "capa": "Pleiades_20260813_BuildingDamageAsessment_Zarzal"}}, {"type": "Feature", "geometry": {"type": "Point", "coordinates": [-76.07597354899991, 4.402521704000037]}, "properties": {"municipio": "Zarzal", "departamento": "Valle del Cauca", "dano": "Possible Damage", "dano_agrupado": "Damaged Buildings", "sensor": "Pleiades", "sensor_date": "20260813", "confianza": "Uncertain", "validacion_campo": "Not yet field validated", "event_code": "EQ20260822COL", "productos": "4250,4251,4252,4253,4254,4255", "capa": "Pleiades_20260813_BuildingDamageAsessment_Zarzal"}}, {"type": "Feature", "geometry": {"type": "Point", "coordinates": [-76.07628652299991, 4.402547573000049]}, "properties": {"municipio": "Zarzal", "departamento": "Valle del Cauca", "dano": "Possible Damage", "dano_agrupado": "Damaged Buildings", "sensor": "Pleiades", "sensor_date": "20260813", "confianza": "Uncertain", "validacion_campo": "Not yet field validated", "event_code": "EQ20260822COL", "productos": "4250,4251,4252,4253,4254,4255", "capa": "Pleiades_20260813_BuildingDamageAsessment_Zarzal"}}, {"type": "Feature", "geometry": {"type": "Point", "coordinates": [-76.07620426199992, 4.402482765000059]}, "properties": {"municipio": "Zarzal", "departamento": "Valle del Cauca", "dano": "Possible Damage", "dano_agrupado": "Damaged Buildings", "sensor": "Pleiades", "sensor_date": "20260813", "confianza": "Uncertain", "validacion_campo": "Not yet field validated", "event_code": "EQ20260822COL", "productos": "4250,4251,4252,4253,4254,4255", "capa": "Pleiades_20260813_BuildingDamageAsessment_Zarzal"}}, {"type": "Feature", "geometry": {"type": "Point", "coordinates": [-76.07622325099993, 4.402314280000041]}, "properties": {"municipio": "Zarzal", "departamento": "Valle del Cauca", "dano": "Possible Damage", "dano_agrupado": "Damaged Buildings", "sensor": "Pleiades", "sensor_date": "20260813", "confianza": "Uncertain", "validacion_campo": "Not yet field validated", "event_code": "EQ20260822COL", "productos": "4250,4251,4252,4253,4254,4255", "capa": "Pleiades_20260813_BuildingDamageAsessment_Zarzal"}}, {"type": "Feature", "geometry": {"type": "Point", "coordinates": [-76.07631567099992, 4.402149199000064]}, "properties": {"municipio": "Zarzal", "departamento": "Valle del Cauca", "dano": "Possible Damage", "dano_agrupado": "Damaged Buildings", "sensor": "Pleiades", "sensor_date": "20260813", "confianza": "Uncertain", "validacion_campo": "Not yet field validated", "event_code": "EQ20260822COL", "productos": "4250,4251,4252,4253,4254,4255", "capa": "Pleiades_20260813_BuildingDamageAsessment_Zarzal"}}, {"type": "Feature", "geometry": {"type": "Point", "coordinates": [-76.07637867299991, 4.4021947310000655]}, "properties": {"municipio": "Zarzal", "departamento": "Valle del Cauca", "dano": "Possible Damage", "dano_agrupado": "Damaged Buildings", "sensor": "Pleiades", "sensor_date": "20260813", "confianza": "Uncertain", "validacion_campo": "Not yet field validated", "event_code": "EQ20260822COL", "productos": "4250,4251,4252,4253,4254,4255", "capa": "Pleiades_20260813_BuildingDamageAsessment_Zarzal"}}, {"type": "Feature", "geometry": {"type": "Point", "coordinates": [-76.07664997799992, 4.402422458000046]}, "properties": {"municipio": "Zarzal", "departamento": "Valle del Cauca", "dano": "Possible Damage", "dano_agrupado": "Damaged Buildings", "sensor": "Pleiades", "sensor_date": "20260813", "confianza": "Uncertain", "validacion_campo": "Not yet field validated", "event_code": "EQ20260822COL", "productos": "4250,4251,4252,4253,4254,4255", "capa": "Pleiades_20260813_BuildingDamageAsessment_Zarzal"}}, {"type": "Feature", "geometry": {"type": "Point", "coordinates": [-76.07563670799993, 4.401700961000074]}, "properties": {"municipio": "Zarzal", "departamento": "Valle del Cauca", "dano": "Possible Damage", "dano_agrupado": "Damaged Buildings", "sensor": "Pleiades", "sensor_date": "20260813", "confianza": "Uncertain", "validacion_campo": "Not yet field validated", "event_code": "EQ20260822COL", "productos": "4250,4251,4252,4253,4254,4255", "capa": "Pleiades_20260813_BuildingDamageAsessment_Zarzal"}}, {"type": "Feature", "geometry": {"type": "Point", "coordinates": [-76.07603736199991, 4.401914463000082]}, "properties": {"municipio": "Zarzal", "departamento": "Valle del Cauca", "dano": "Possible Damage", "dano_agrupado": "Damaged Buildings", "sensor": "Pleiades", "sensor_date": "20260813", "confianza": "Uncertain", "validacion_campo": "Not yet field validated", "event_code": "EQ20260822COL", "productos": "4250,4251,4252,4253,4254,4255", "capa": "Pleiades_20260813_BuildingDamageAsessment_Zarzal"}}, {"type": "Feature", "geometry": {"type": "Point", "coordinates": [-76.07616340999994, 4.402035359000081]}, "properties": {"municipio": "Zarzal", "departamento": "Valle del Cauca", "dano": "Possible Damage", "dano_agrupado": "Damaged Buildings", "sensor": "Pleiades", "sensor_date": "20260813", "confianza": "Uncertain", "validacion_campo": "Not yet field validated", "event_code": "EQ20260822COL", "productos": "4250,4251,4252,4253,4254,4255", "capa": "Pleiades_20260813_BuildingDamageAsessment_Zarzal"}}, {"type": "Feature", "geometry": {"type": "Point", "coordinates": [-76.0768346509999, 4.403192533000038]}, "properties": {"municipio": "Zarzal", "departamento": "Valle del Cauca", "dano": "Possible Damage", "dano_agrupado": "Damaged Buildings", "sensor": "Pleiades", "sensor_date": "20260813", "confianza": "Uncertain", "validacion_campo": "Not yet field validated", "event_code": "EQ20260822COL", "productos": "4250,4251,4252,4253,4254,4255", "capa": "Pleiades_20260813_BuildingDamageAsessment_Zarzal"}}, {"type": "Feature", "geometry": {"type": "Point", "coordinates": [-76.07689039499991, 4.403053826000075]}, "properties": {"municipio": "Zarzal", "departamento": "Valle del Cauca", "dano": "Possible Damage", "dano_agrupado": "Damaged Buildings", "sensor": "Pleiades", "sensor_date": "20260813", "confianza": "Uncertain", "validacion_campo": "Not yet field validated", "event_code": "EQ20260822COL", "productos": "4250,4251,4252,4253,4254,4255", "capa": "Pleiades_20260813_BuildingDamageAsessment_Zarzal"}}, {"type": "Feature", "geometry": {"type": "Point", "coordinates": [-76.0754200369999, 4.40177848400009]}, "properties": {"municipio": "Zarzal", "departamento": "Valle del Cauca", "dano": "Possible Damage", "dano_agrupado": "Damaged Buildings", "sensor": "Pleiades", "sensor_date": "20260813", "confianza": "Uncertain", "validacion_campo": "Not yet field validated", "event_code": "EQ20260822COL", "productos": "4250,4251,4252,4253,4254,4255", "capa": "Pleiades_20260813_BuildingDamageAsessment_Zarzal"}}, {"type": "Feature", "geometry": {"type": "Point", "coordinates": [-76.07533166699994, 4.402329608000059]}, "properties": {"municipio": "Zarzal", "departamento": "Valle del Cauca", "dano": "Possible Damage", "dano_agrupado": "Damaged Buildings", "sensor": "Pleiades", "sensor_date": "20260813", "confianza": "Uncertain", "validacion_campo": "Not yet field validated", "event_code": "EQ20260822COL", "productos": "4250,4251,4252,4253,4254,4255", "capa": "Pleiades_20260813_BuildingDamageAsessment_Zarzal"}}, {"type": "Feature", "geometry": {"type": "Point", "coordinates": [-76.07521966899992, 4.4022525610000685]}, "properties": {"municipio": "Zarzal", "departamento": "Valle del Cauca", "dano": "Possible Damage", "dano_agrupado": "Damaged Buildings", "sensor": "Pleiades", "sensor_date": "20260813", "confianza": "Uncertain", "validacion_campo": "Not yet field validated", "event_code": "EQ20260822COL", "productos": "4250,4251,4252,4253,4254,4255", "capa": "Pleiades_20260813_BuildingDamageAsessment_Zarzal"}}, {"type": "Feature", "geometry": {"type": "Point", "coordinates": [-76.07512055299992, 4.403842523000037]}, "properties": {"municipio": "Zarzal", "departamento": "Valle del Cauca", "dano": "Damage", "dano_agrupado": "Damaged Buildings", "sensor": "Pleiades", "sensor_date": "20260813", "confianza": "Medium", "validacion_campo": "Not yet field validated", "event_code": "EQ20260822COL", "productos": "4250,4251,4252,4253,4254,4255", "capa": "Pleiades_20260813_BuildingDamageAsessment_Zarzal"}}, {"type": "Feature", "geometry": {"type": "Point", "coordinates": [-76.07437826899991, 4.403127651000091]}, "properties": {"municipio": "Zarzal", "departamento": "Valle del Cauca", "dano": "Possible Damage", "dano_agrupado": "Damaged Buildings", "sensor": "Pleiades", "sensor_date": "20260813", "confianza": "Uncertain", "validacion_campo": "Not yet field validated", "event_code": "EQ20260822COL", "productos": "4250,4251,4252,4253,4254,4255", "capa": "Pleiades_20260813_BuildingDamageAsessment_Zarzal"}}, {"type": "Feature", "geometry": {"type": "Point", "coordinates": [-76.07139918899992, 4.401861497000084]}, "properties": {"municipio": "Zarzal", "departamento": "Valle del Cauca", "dano": "Possible Damage", "dano_agrupado": "Damaged Buildings", "sensor": "Pleiades", "sensor_date": "20260813", "confianza": "Uncertain", "validacion_campo": "Not yet field validated", "event_code": "EQ20260822COL", "productos": "4250,4251,4252,4253,4254,4255", "capa": "Pleiades_20260813_BuildingDamageAsessment_Zarzal"}}, {"type": "Feature", "geometry": {"type": "Point", "coordinates": [-76.07134137399993, 4.401775597000039]}, "properties": {"municipio": "Zarzal", "departamento": "Valle del Cauca", "dano": "Possible Damage", "dano_agrupado": "Damaged Buildings", "sensor": "Pleiades", "sensor_date": "20260813", "confianza": "Uncertain", "validacion_campo": "Not yet field validated", "event_code": "EQ20260822COL", "productos": "4250,4251,4252,4253,4254,4255", "capa": "Pleiades_20260813_BuildingDamageAsessment_Zarzal"}}, {"type": "Feature", "geometry": {"type": "Point", "coordinates": [-76.07128701799991, 4.401663370000051]}, "properties": {"municipio": "Zarzal", "departamento": "Valle del Cauca", "dano": "Possible Damage", "dano_agrupado": "Damaged Buildings", "sensor": "Pleiades", "sensor_date": "20260813", "confianza": "Uncertain", "validacion_campo": "Not yet field validated", "event_code": "EQ20260822COL", "productos": "4250,4251,4252,4253,4254,4255", "capa": "Pleiades_20260813_BuildingDamageAsessment_Zarzal"}}, {"type": "Feature", "geometry": {"type": "Point", "coordinates": [-76.07122742199994, 4.401554660000045]}, "properties": {"municipio": "Zarzal", "departamento": "Valle del Cauca", "dano": "Possible Damage", "dano_agrupado": "Damaged Buildings", "sensor": "Pleiades", "sensor_date": "20260813", "confianza": "Uncertain", "validacion_campo": "Not yet field validated", "event_code": "EQ20260822COL", "productos": "4250,4251,4252,4253,4254,4255", "capa": "Pleiades_20260813_BuildingDamageAsessment_Zarzal"}}, {"type": "Feature", "geometry": {"type": "Point", "coordinates": [-76.07159108199994, 4.401571684000089]}, "properties": {"municipio": "Zarzal", "departamento": "Valle del Cauca", "dano": "Possible Damage", "dano_agrupado": "Damaged Buildings", "sensor": "Pleiades", "sensor_date": "20260813", "confianza": "Uncertain", "validacion_campo": "Not yet field validated", "event_code": "EQ20260822COL", "productos": "4250,4251,4252,4253,4254,4255", "capa": "Pleiades_20260813_BuildingDamageAsessment_Zarzal"}}, {"type": "Feature", "geometry": {"type": "Point", "coordinates": [-76.07162088699994, 4.401631303000045]}, "properties": {"municipio": "Zarzal", "departamento": "Valle del Cauca", "dano": "Possible Damage", "dano_agrupado": "Damaged Buildings", "sensor": "Pleiades", "sensor_date": "20260813", "confianza": "Uncertain", "validacion_campo": "Not yet field validated", "event_code": "EQ20260822COL", "productos": "4250,4251,4252,4253,4254,4255", "capa": "Pleiades_20260813_BuildingDamageAsessment_Zarzal"}}, {"type": "Feature", "geometry": {"type": "Point", "coordinates": [-76.07148806099991, 4.401659571000039]}, "properties": {"municipio": "Zarzal", "departamento": "Valle del Cauca", "dano": "Possible Damage", "dano_agrupado": "Damaged Buildings", "sensor": "Pleiades", "sensor_date": "20260813", "confianza": "Uncertain", "validacion_campo": "Not yet field validated", "event_code": "EQ20260822COL", "productos": "4250,4251,4252,4253,4254,4255", "capa": "Pleiades_20260813_BuildingDamageAsessment_Zarzal"}}, {"type": "Feature", "geometry": {"type": "Point", "coordinates": [-76.07142677199994, 4.401589469000044]}, "properties": {"municipio": "Zarzal", "departamento": "Valle del Cauca", "dano": "Possible Damage", "dano_agrupado": "Damaged Buildings", "sensor": "Pleiades", "sensor_date": "20260813", "confianza": "Uncertain", "validacion_campo": "Not yet field validated", "event_code": "EQ20260822COL", "productos": "4250,4251,4252,4253,4254,4255", "capa": "Pleiades_20260813_BuildingDamageAsessment_Zarzal"}}, {"type": "Feature", "geometry": {"type": "Point", "coordinates": [-76.07152102399994, 4.4014822920000825]}, "properties": {"municipio": "Zarzal", "departamento": "Valle del Cauca", "dano": "Possible Damage", "dano_agrupado": "Damaged Buildings", "sensor": "Pleiades", "sensor_date": "20260813", "confianza": "Uncertain", "validacion_campo": "Not yet field validated", "event_code": "EQ20260822COL", "productos": "4250,4251,4252,4253,4254,4255", "capa": "Pleiades_20260813_BuildingDamageAsessment_Zarzal"}}, {"type": "Feature", "geometry": {"type": "Point", "coordinates": [-76.0714492109999, 4.401387638000074]}, "properties": {"municipio": "Zarzal", "departamento": "Valle del Cauca", "dano": "Possible Damage", "dano_agrupado": "Damaged Buildings", "sensor": "Pleiades", "sensor_date": "20260813", "confianza": "Uncertain", "validacion_campo": "Not yet field validated", "event_code": "EQ20260822COL", "productos": "4250,4251,4252,4253,4254,4255", "capa": "Pleiades_20260813_BuildingDamageAsessment_Zarzal"}}, {"type": "Feature", "geometry": {"type": "Point", "coordinates": [-76.07135642799994, 4.401300033000041]}, "properties": {"municipio": "Zarzal", "departamento": "Valle del Cauca", "dano": "Possible Damage", "dano_agrupado": "Damaged Buildings", "sensor": "Pleiades", "sensor_date": "20260813", "confianza": "Uncertain", "validacion_campo": "Not yet field validated", "event_code": "EQ20260822COL", "productos": "4250,4251,4252,4253,4254,4255", "capa": "Pleiades_20260813_BuildingDamageAsessment_Zarzal"}}, {"type": "Feature", "geometry": {"type": "Point", "coordinates": [-76.07127238999993, 4.40121417000006]}, "properties": {"municipio": "Zarzal", "departamento": "Valle del Cauca", "dano": "Possible Damage", "dano_agrupado": "Damaged Buildings", "sensor": "Pleiades", "sensor_date": "20260813", "confianza": "Uncertain", "validacion_campo": "Not yet field validated", "event_code": "EQ20260822COL", "productos": "4250,4251,4252,4253,4254,4255", "capa": "Pleiades_20260813_BuildingDamageAsessment_Zarzal"}}, {"type": "Feature", "geometry": {"type": "Point", "coordinates": [-76.07125288099991, 4.401019419000079]}, "properties": {"municipio": "Zarzal", "departamento": "Valle del Cauca", "dano": "Damage", "dano_agrupado": "Damaged Buildings", "sensor": "Pleiades", "sensor_date": "20260813", "confianza": "Medium", "validacion_campo": "Not yet field validated", "event_code": "EQ20260822COL", "notas": "Destroyed", "productos": "4250,4251,4252,4253,4254,4255", "capa": "Pleiades_20260813_BuildingDamageAsessment_Zarzal"}}, {"type": "Feature", "geometry": {"type": "Point", "coordinates": [-76.07104997199991, 4.40094074700005]}, "properties": {"municipio": "Zarzal", "departamento": "Valle del Cauca", "dano": "Possible Damage", "dano_agrupado": "Damaged Buildings", "sensor": "Pleiades", "sensor_date": "20260813", "confianza": "Uncertain", "validacion_campo": "Not yet field validated", "event_code": "EQ20260822COL", "productos": "4250,4251,4252,4253,4254,4255", "capa": "Pleiades_20260813_BuildingDamageAsessment_Zarzal"}}, {"type": "Feature", "geometry": {"type": "Point", "coordinates": [-76.0698317479999, 4.4011530720000565]}, "properties": {"municipio": "Zarzal", "departamento": "Valle del Cauca", "dano": "Possible Damage", "dano_agrupado": "Damaged Buildings", "sensor": "Pleiades", "sensor_date": "20260813", "confianza": "Uncertain", "validacion_campo": "Not yet field validated", "event_code": "EQ20260822COL", "productos": "4250,4251,4252,4253,4254,4255", "capa": "Pleiades_20260813_BuildingDamageAsessment_Zarzal"}}, {"type": "Feature", "geometry": {"type": "Point", "coordinates": [-76.0694925979999, 4.401160579000077]}, "properties": {"municipio": "Zarzal", "departamento": "Valle del Cauca", "dano": "Possible Damage", "dano_agrupado": "Damaged Buildings", "sensor": "Pleiades", "sensor_date": "20260813", "confianza": "Uncertain", "validacion_campo": "Not yet field validated", "event_code": "EQ20260822COL", "productos": "4250,4251,4252,4253,4254,4255", "capa": "Pleiades_20260813_BuildingDamageAsessment_Zarzal"}}, {"type": "Feature", "geometry": {"type": "Point", "coordinates": [-76.06971304699994, 4.401279586000044]}, "properties": {"municipio": "Zarzal", "departamento": "Valle del Cauca", "dano": "Possible Damage", "dano_agrupado": "Damaged Buildings", "sensor": "Pleiades", "sensor_date": "20260813", "confianza": "Uncertain", "validacion_campo": "Not yet field validated", "event_code": "EQ20260822COL", "productos": "4250,4251,4252,4253,4254,4255", "capa": "Pleiades_20260813_BuildingDamageAsessment_Zarzal"}}, {"type": "Feature", "geometry": {"type": "Point", "coordinates": [-76.0696147669999, 4.401014758000088]}, "properties": {"municipio": "Zarzal", "departamento": "Valle del Cauca", "dano": "Possible Damage", "dano_agrupado": "Damaged Buildings", "sensor": "Pleiades", "sensor_date": "20260813", "confianza": "Uncertain", "validacion_campo": "Not yet field validated", "event_code": "EQ20260822COL", "productos": "4250,4251,4252,4253,4254,4255", "capa": "Pleiades_20260813_BuildingDamageAsessment_Zarzal"}}, {"type": "Feature", "geometry": {"type": "Point", "coordinates": [-76.07060091699992, 4.401111606000086]}, "properties": {"municipio": "Zarzal", "departamento": "Valle del Cauca", "dano": "Possible Damage", "dano_agrupado": "Damaged Buildings", "sensor": "Pleiades", "sensor_date": "20260813", "confianza": "Uncertain", "validacion_campo": "Not yet field validated", "event_code": "EQ20260822COL", "productos": "4250,4251,4252,4253,4254,4255", "capa": "Pleiades_20260813_BuildingDamageAsessment_Zarzal"}}, {"type": "Feature", "geometry": {"type": "Point", "coordinates": [-76.0706654359999, 4.400995698000088]}, "properties": {"municipio": "Zarzal", "departamento": "Valle del Cauca", "dano": "Possible Damage", "dano_agrupado": "Damaged Buildings", "sensor": "Pleiades", "sensor_date": "20260813", "confianza": "Uncertain", "validacion_campo": "Not yet field validated", "event_code": "EQ20260822COL", "productos": "4250,4251,4252,4253,4254,4255", "capa": "Pleiades_20260813_BuildingDamageAsessment_Zarzal"}}, {"type": "Feature", "geometry": {"type": "Point", "coordinates": [-76.07228773899993, 4.402169056000048]}, "properties": {"municipio": "Zarzal", "departamento": "Valle del Cauca", "dano": "Possible Damage", "dano_agrupado": "Damaged Buildings", "sensor": "Pleiades", "sensor_date": "20260813", "confianza": "Uncertain", "validacion_campo": "Not yet field validated", "event_code": "EQ20260822COL", "productos": "4250,4251,4252,4253,4254,4255", "capa": "Pleiades_20260813_BuildingDamageAsessment_Zarzal"}}, {"type": "Feature", "geometry": {"type": "Point", "coordinates": [-76.07232251799991, 4.402039153000089]}, "properties": {"municipio": "Zarzal", "departamento": "Valle del Cauca", "dano": "Possible Damage", "dano_agrupado": "Damaged Buildings", "sensor": "Pleiades", "sensor_date": "20260813", "confianza": "Uncertain", "validacion_campo": "Not yet field validated", "event_code": "EQ20260822COL", "productos": "4250,4251,4252,4253,4254,4255", "capa": "Pleiades_20260813_BuildingDamageAsessment_Zarzal"}}, {"type": "Feature", "geometry": {"type": "Point", "coordinates": [-76.06871415899991, 4.400831801000038]}, "properties": {"municipio": "Zarzal", "departamento": "Valle del Cauca", "dano": "Possible Damage", "dano_agrupado": "Damaged Buildings", "sensor": "Pleiades", "sensor_date": "20260813", "confianza": "Uncertain", "validacion_campo": "Not yet field validated", "event_code": "EQ20260822COL", "productos": "4250,4251,4252,4253,4254,4255", "capa": "Pleiades_20260813_BuildingDamageAsessment_Zarzal"}}, {"type": "Feature", "geometry": {"type": "Point", "coordinates": [-76.06878569999992, 4.400735186000077]}, "properties": {"municipio": "Zarzal", "departamento": "Valle del Cauca", "dano": "Possible Damage", "dano_agrupado": "Damaged Buildings", "sensor": "Pleiades", "sensor_date": "20260813", "confianza": "Uncertain", "validacion_campo": "Not yet field validated", "event_code": "EQ20260822COL", "productos": "4250,4251,4252,4253,4254,4255", "capa": "Pleiades_20260813_BuildingDamageAsessment_Zarzal"}}, {"type": "Feature", "geometry": {"type": "Point", "coordinates": [-76.06865165599993, 4.401135466000085]}, "properties": {"municipio": "Zarzal", "departamento": "Valle del Cauca", "dano": "Possible Damage", "dano_agrupado": "Damaged Buildings", "sensor": "Pleiades", "sensor_date": "20260813", "confianza": "Uncertain", "validacion_campo": "Not yet field validated", "event_code": "EQ20260822COL", "productos": "4250,4251,4252,4253,4254,4255", "capa": "Pleiades_20260813_BuildingDamageAsessment_Zarzal"}}, {"type": "Feature", "geometry": {"type": "Point", "coordinates": [-76.06858016799993, 4.40126893200005]}, "properties": {"municipio": "Zarzal", "departamento": "Valle del Cauca", "dano": "Possible Damage", "dano_agrupado": "Damaged Buildings", "sensor": "Pleiades", "sensor_date": "20260813", "confianza": "Uncertain", "validacion_campo": "Not yet field validated", "event_code": "EQ20260822COL", "productos": "4250,4251,4252,4253,4254,4255", "capa": "Pleiades_20260813_BuildingDamageAsessment_Zarzal"}}, {"type": "Feature", "geometry": {"type": "Point", "coordinates": [-76.06876374099994, 4.401273932000038]}, "properties": {"municipio": "Zarzal", "departamento": "Valle del Cauca", "dano": "Possible Damage", "dano_agrupado": "Damaged Buildings", "sensor": "Pleiades", "sensor_date": "20260813", "confianza": "Uncertain", "validacion_campo": "Not yet field validated", "event_code": "EQ20260822COL", "productos": "4250,4251,4252,4253,4254,4255", "capa": "Pleiades_20260813_BuildingDamageAsessment_Zarzal"}}, {"type": "Feature", "geometry": {"type": "Point", "coordinates": [-76.07088923599991, 4.401012924000042]}, "properties": {"municipio": "Zarzal", "departamento": "Valle del Cauca", "dano": "Possible Damage", "dano_agrupado": "Damaged Buildings", "sensor": "Pleiades", "sensor_date": "20260813", "confianza": "Uncertain", "validacion_campo": "Not yet field validated", "event_code": "EQ20260822COL", "productos": "4250,4251,4252,4253,4254,4255", "capa": "Pleiades_20260813_BuildingDamageAsessment_Zarzal"}}, {"type": "Feature", "geometry": {"type": "Point", "coordinates": [-76.07081919099994, 4.400932305000083]}, "properties": {"municipio": "Zarzal", "departamento": "Valle del Cauca", "dano": "Possible Damage", "dano_agrupado": "Damaged Buildings", "sensor": "Pleiades", "sensor_date": "20260813", "confianza": "Uncertain", "validacion_campo": "Not yet field validated", "event_code": "EQ20260822COL", "productos": "4250,4251,4252,4253,4254,4255", "capa": "Pleiades_20260813_BuildingDamageAsessment_Zarzal"}}, {"type": "Feature", "geometry": {"type": "Point", "coordinates": [-76.06831023599995, 4.40200281400007]}, "properties": {"municipio": "Zarzal", "departamento": "Valle del Cauca", "dano": "Damage", "dano_agrupado": "Damaged Buildings", "sensor": "Pleiades", "sensor_date": "20260813", "confianza": "Medium", "validacion_campo": "Not yet field validated", "event_code": "EQ20260822COL", "notas": "Destroyed", "productos": "4250,4251,4252,4253,4254,4255", "capa": "Pleiades_20260813_BuildingDamageAsessment_Zarzal"}}, {"type": "Feature", "geometry": {"type": "Point", "coordinates": [-76.06842929399994, 4.402127231000065]}, "properties": {"municipio": "Zarzal", "departamento": "Valle del Cauca", "dano": "Damage", "dano_agrupado": "Damaged Buildings", "sensor": "Pleiades", "sensor_date": "20260813", "confianza": "Medium", "validacion_campo": "Not yet field validated", "event_code": "EQ20260822COL", "productos": "4250,4251,4252,4253,4254,4255", "capa": "Pleiades_20260813_BuildingDamageAsessment_Zarzal"}}, {"type": "Feature", "geometry": {"type": "Point", "coordinates": [-76.06720558799992, 4.400948027000084]}, "properties": {"municipio": "Zarzal", "departamento": "Valle del Cauca", "dano": "Possible Damage", "dano_agrupado": "Damaged Buildings", "sensor": "Pleiades", "sensor_date": "20260813", "confianza": "Uncertain", "validacion_campo": "Not yet field validated", "event_code": "EQ20260822COL", "productos": "4250,4251,4252,4253,4254,4255", "capa": "Pleiades_20260813_BuildingDamageAsessment_Zarzal"}}, {"type": "Feature", "geometry": {"type": "Point", "coordinates": [-76.06704807099993, 4.400825419000057]}, "properties": {"municipio": "Zarzal", "departamento": "Valle del Cauca", "dano": "Possible Damage", "dano_agrupado": "Damaged Buildings", "sensor": "Pleiades", "sensor_date": "20260813", "confianza": "Uncertain", "validacion_campo": "Not yet field validated", "event_code": "EQ20260822COL", "productos": "4250,4251,4252,4253,4254,4255", "capa": "Pleiades_20260813_BuildingDamageAsessment_Zarzal"}}, {"type": "Feature", "geometry": {"type": "Point", "coordinates": [-76.06716153699995, 4.400705932000051]}, "properties": {"municipio": "Zarzal", "departamento": "Valle del Cauca", "dano": "Possible Damage", "dano_agrupado": "Damaged Buildings", "sensor": "Pleiades", "sensor_date": "20260813", "confianza": "Uncertain", "validacion_campo": "Not yet field validated", "event_code": "EQ20260822COL", "productos": "4250,4251,4252,4253,4254,4255", "capa": "Pleiades_20260813_BuildingDamageAsessment_Zarzal"}}, {"type": "Feature", "geometry": {"type": "Point", "coordinates": [-76.06730328999993, 4.400807505000046]}, "properties": {"municipio": "Zarzal", "departamento": "Valle del Cauca", "dano": "Possible Damage", "dano_agrupado": "Damaged Buildings", "sensor": "Pleiades", "sensor_date": "20260813", "confianza": "Uncertain", "validacion_campo": "Not yet field validated", "event_code": "EQ20260822COL", "productos": "4250,4251,4252,4253,4254,4255", "capa": "Pleiades_20260813_BuildingDamageAsessment_Zarzal"}}, {"type": "Feature", "geometry": {"type": "Point", "coordinates": [-76.0692948439999, 4.401018727000064]}, "properties": {"municipio": "Zarzal", "departamento": "Valle del Cauca", "dano": "Possible Damage", "dano_agrupado": "Damaged Buildings", "sensor": "Pleiades", "sensor_date": "20260813", "confianza": "Uncertain", "validacion_campo": "Not yet field validated", "event_code": "EQ20260822COL", "productos": "4250,4251,4252,4253,4254,4255", "capa": "Pleiades_20260813_BuildingDamageAsessment_Zarzal"}}, {"type": "Feature", "geometry": {"type": "Point", "coordinates": [-76.06907264699993, 4.4008997220000765]}, "properties": {"municipio": "Zarzal", "departamento": "Valle del Cauca", "dano": "Possible Damage", "dano_agrupado": "Damaged Buildings", "sensor": "Pleiades", "sensor_date": "20260813", "confianza": "Uncertain", "validacion_campo": "Not yet field validated", "event_code": "EQ20260822COL", "productos": "4250,4251,4252,4253,4254,4255", "capa": "Pleiades_20260813_BuildingDamageAsessment_Zarzal"}}, {"type": "Feature", "geometry": {"type": "Point", "coordinates": [-76.06846411599992, 4.402027159000056]}, "properties": {"municipio": "Zarzal", "departamento": "Valle del Cauca", "dano": "Damage", "dano_agrupado": "Damaged Buildings", "sensor": "Pleiades", "sensor_date": "20260813", "confianza": "Medium", "validacion_campo": "Not yet field validated", "event_code": "EQ20260822COL", "notas": "Destroyed", "productos": "4250,4251,4252,4253,4254,4255", "capa": "Pleiades_20260813_BuildingDamageAsessment_Zarzal"}}, {"type": "Feature", "geometry": {"type": "Point", "coordinates": [-76.06824744399995, 4.402104680000093]}, "properties": {"municipio": "Zarzal", "departamento": "Valle del Cauca", "dano": "Possible Damage", "dano_agrupado": "Damaged Buildings", "sensor": "Pleiades", "sensor_date": "20260813", "confianza": "Uncertain", "validacion_campo": "Not yet field validated", "event_code": "EQ20260822COL", "productos": "4250,4251,4252,4253,4254,4255", "capa": "Pleiades_20260813_BuildingDamageAsessment_Zarzal"}}, {"type": "Feature", "geometry": {"type": "Point", "coordinates": [-76.06685448299993, 4.401153839000074]}, "properties": {"municipio": "Zarzal", "departamento": "Valle del Cauca", "dano": "Possible Damage", "dano_agrupado": "Damaged Buildings", "sensor": "Pleiades", "sensor_date": "20260813", "confianza": "Uncertain", "validacion_campo": "Not yet field validated", "event_code": "EQ20260822COL", "productos": "4250,4251,4252,4253,4254,4255", "capa": "Pleiades_20260813_BuildingDamageAsessment_Zarzal"}}, {"type": "Feature", "geometry": {"type": "Point", "coordinates": [-76.06694892599995, 4.401180025000087]}, "properties": {"municipio": "Zarzal", "departamento": "Valle del Cauca", "dano": "Damage", "dano_agrupado": "Damaged Buildings", "sensor": "Pleiades", "sensor_date": "20260813", "confianza": "Medium", "validacion_campo": "Not yet field validated", "event_code": "EQ20260822COL", "productos": "4250,4251,4252,4253,4254,4255", "capa": "Pleiades_20260813_BuildingDamageAsessment_Zarzal"}}, {"type": "Feature", "geometry": {"type": "Point", "coordinates": [-76.06842692999993, 4.40046897600007]}, "properties": {"municipio": "Zarzal", "departamento": "Valle del Cauca", "dano": "Possible Damage", "dano_agrupado": "Damaged Buildings", "sensor": "Pleiades", "sensor_date": "20260813", "confianza": "Uncertain", "validacion_campo": "Not yet field validated", "event_code": "EQ20260822COL", "productos": "4250,4251,4252,4253,4254,4255", "capa": "Pleiades_20260813_BuildingDamageAsessment_Zarzal"}}, {"type": "Feature", "geometry": {"type": "Point", "coordinates": [-76.06784558299995, 4.399817036000059]}, "properties": {"municipio": "Zarzal", "departamento": "Valle del Cauca", "dano": "Possible Damage", "dano_agrupado": "Damaged Buildings", "sensor": "Pleiades", "sensor_date": "20260813", "confianza": "Uncertain", "validacion_campo": "Not yet field validated", "event_code": "EQ20260822COL", "productos": "4250,4251,4252,4253,4254,4255", "capa": "Pleiades_20260813_BuildingDamageAsessment_Zarzal"}}, {"type": "Feature", "geometry": {"type": "Point", "coordinates": [-76.06831139799993, 4.400365611000041]}, "properties": {"municipio": "Zarzal", "departamento": "Valle del Cauca", "dano": "Possible Damage", "dano_agrupado": "Damaged Buildings", "sensor": "Pleiades", "sensor_date": "20260813", "confianza": "Uncertain", "validacion_campo": "Not yet field validated", "event_code": "EQ20260822COL", "productos": "4250,4251,4252,4253,4254,4255", "capa": "Pleiades_20260813_BuildingDamageAsessment_Zarzal"}}, {"type": "Feature", "geometry": {"type": "Point", "coordinates": [-76.06812287799994, 4.4005694350000795]}, "properties": {"municipio": "Zarzal", "departamento": "Valle del Cauca", "dano": "Possible Damage", "dano_agrupado": "Damaged Buildings", "sensor": "Pleiades", "sensor_date": "20260813", "confianza": "Uncertain", "validacion_campo": "Not yet field validated", "event_code": "EQ20260822COL", "productos": "4250,4251,4252,4253,4254,4255", "capa": "Pleiades_20260813_BuildingDamageAsessment_Zarzal"}}, {"type": "Feature", "geometry": {"type": "Point", "coordinates": [-76.0661308839999, 4.398819275000051]}, "properties": {"municipio": "Zarzal", "departamento": "Valle del Cauca", "dano": "Possible Damage", "dano_agrupado": "Damaged Buildings", "sensor": "Pleiades", "sensor_date": "20260813", "confianza": "Uncertain", "validacion_campo": "Not yet field validated", "event_code": "EQ20260822COL", "productos": "4250,4251,4252,4253,4254,4255", "capa": "Pleiades_20260813_BuildingDamageAsessment_Zarzal"}}, {"type": "Feature", "geometry": {"type": "Point", "coordinates": [-76.06839775999993, 4.400855068000055]}, "properties": {"municipio": "Zarzal", "departamento": "Valle del Cauca", "dano": "Possible Damage", "dano_agrupado": "Damaged Buildings", "sensor": "Pleiades", "sensor_date": "20260813", "confianza": "Uncertain", "validacion_campo": "Not yet field validated", "event_code": "EQ20260822COL", "productos": "4250,4251,4252,4253,4254,4255", "capa": "Pleiades_20260813_BuildingDamageAsessment_Zarzal"}}, {"type": "Feature", "geometry": {"type": "Point", "coordinates": [-76.0702852629999, 4.400432964000061]}, "properties": {"municipio": "Zarzal", "departamento": "Valle del Cauca", "dano": "Possible Damage", "dano_agrupado": "Damaged Buildings", "sensor": "Pleiades", "sensor_date": "20260813", "confianza": "Uncertain", "validacion_campo": "Not yet field validated", "event_code": "EQ20260822COL", "productos": "4250,4251,4252,4253,4254,4255", "capa": "Pleiades_20260813_BuildingDamageAsessment_Zarzal"}}, {"type": "Feature", "geometry": {"type": "Point", "coordinates": [-76.07016621499992, 4.400315566000074]}, "properties": {"municipio": "Zarzal", "departamento": "Valle del Cauca", "dano": "Possible Damage", "dano_agrupado": "Damaged Buildings", "sensor": "Pleiades", "sensor_date": "20260813", "confianza": "Uncertain", "validacion_campo": "Not yet field validated", "event_code": "EQ20260822COL", "productos": "4250,4251,4252,4253,4254,4255", "capa": "Pleiades_20260813_BuildingDamageAsessment_Zarzal"}}, {"type": "Feature", "geometry": {"type": "Point", "coordinates": [-76.07048996299994, 4.40054146500006]}, "properties": {"municipio": "Zarzal", "departamento": "Valle del Cauca", "dano": "Possible Damage", "dano_agrupado": "Damaged Buildings", "sensor": "Pleiades", "sensor_date": "20260813", "confianza": "Uncertain", "validacion_campo": "Not yet field validated", "event_code": "EQ20260822COL", "productos": "4250,4251,4252,4253,4254,4255", "capa": "Pleiades_20260813_BuildingDamageAsessment_Zarzal"}}, {"type": "Feature", "geometry": {"type": "Point", "coordinates": [-76.06906028499992, 4.399587172000054]}, "properties": {"municipio": "Zarzal", "departamento": "Valle del Cauca", "dano": "Possible Damage", "dano_agrupado": "Damaged Buildings", "sensor": "Pleiades", "sensor_date": "20260813", "confianza": "Uncertain", "validacion_campo": "Not yet field validated", "event_code": "EQ20260822COL", "productos": "4250,4251,4252,4253,4254,4255", "capa": "Pleiades_20260813_BuildingDamageAsessment_Zarzal"}}, {"type": "Feature", "geometry": {"type": "Point", "coordinates": [-76.06899929399992, 4.399725886000056]}, "properties": {"municipio": "Zarzal", "departamento": "Valle del Cauca", "dano": "Possible Damage", "dano_agrupado": "Damaged Buildings", "sensor": "Pleiades", "sensor_date": "20260813", "confianza": "Uncertain", "validacion_campo": "Not yet field validated", "event_code": "EQ20260822COL", "productos": "4250,4251,4252,4253,4254,4255", "capa": "Pleiades_20260813_BuildingDamageAsessment_Zarzal"}}, {"type": "Feature", "geometry": {"type": "Point", "coordinates": [-76.06891152499992, 4.399475080000059]}, "properties": {"municipio": "Zarzal", "departamento": "Valle del Cauca", "dano": "Possible Damage", "dano_agrupado": "Damaged Buildings", "sensor": "Pleiades", "sensor_date": "20260813", "confianza": "Uncertain", "validacion_campo": "Not yet field validated", "event_code": "EQ20260822COL", "productos": "4250,4251,4252,4253,4254,4255", "capa": "Pleiades_20260813_BuildingDamageAsessment_Zarzal"}}, {"type": "Feature", "geometry": {"type": "Point", "coordinates": [-76.06815788299991, 4.399370876000091]}, "properties": {"municipio": "Zarzal", "departamento": "Valle del Cauca", "dano": "Possible Damage", "dano_agrupado": "Damaged Buildings", "sensor": "Pleiades", "sensor_date": "20260813", "confianza": "Uncertain", "validacion_campo": "Not yet field validated", "event_code": "EQ20260822COL", "productos": "4250,4251,4252,4253,4254,4255", "capa": "Pleiades_20260813_BuildingDamageAsessment_Zarzal"}}, {"type": "Feature", "geometry": {"type": "Point", "coordinates": [-76.06713663099993, 4.399175807000063]}, "properties": {"municipio": "Zarzal", "departamento": "Valle del Cauca", "dano": "Possible Damage", "dano_agrupado": "Damaged Buildings", "sensor": "Pleiades", "sensor_date": "20260813", "confianza": "Uncertain", "validacion_campo": "Not yet field validated", "event_code": "EQ20260822COL", "productos": "4250,4251,4252,4253,4254,4255", "capa": "Pleiades_20260813_BuildingDamageAsessment_Zarzal"}}, {"type": "Feature", "geometry": {"type": "Point", "coordinates": [-76.06705438699993, 4.397893187000079]}, "properties": {"municipio": "Zarzal", "departamento": "Valle del Cauca", "dano": "Possible Damage", "dano_agrupado": "Damaged Buildings", "sensor": "Pleiades", "sensor_date": "20260813", "confianza": "Uncertain", "validacion_campo": "Not yet field validated", "event_code": "EQ20260822COL", "productos": "4250,4251,4252,4253,4254,4255", "capa": "Pleiades_20260813_BuildingDamageAsessment_Zarzal"}}, {"type": "Feature", "geometry": {"type": "Point", "coordinates": [-76.0668849619999, 4.398002226000074]}, "properties": {"municipio": "Zarzal", "departamento": "Valle del Cauca", "dano": "Possible Damage", "dano_agrupado": "Damaged Buildings", "sensor": "Pleiades", "sensor_date": "20260813", "confianza": "Uncertain", "validacion_campo": "Not yet field validated", "event_code": "EQ20260822COL", "productos": "4250,4251,4252,4253,4254,4255", "capa": "Pleiades_20260813_BuildingDamageAsessment_Zarzal"}}, {"type": "Feature", "geometry": {"type": "Point", "coordinates": [-76.0653619599999, 4.397802608000063]}, "properties": {"municipio": "Zarzal", "departamento": "Valle del Cauca", "dano": "Possible Damage", "dano_agrupado": "Damaged Buildings", "sensor": "Pleiades", "sensor_date": "20260813", "confianza": "Uncertain", "validacion_campo": "Not yet field validated", "event_code": "EQ20260822COL", "productos": "4250,4251,4252,4253,4254,4255", "capa": "Pleiades_20260813_BuildingDamageAsessment_Zarzal"}}, {"type": "Feature", "geometry": {"type": "Point", "coordinates": [-76.06529890899992, 4.397721979000039]}, "properties": {"municipio": "Zarzal", "departamento": "Valle del Cauca", "dano": "Possible Damage", "dano_agrupado": "Damaged Buildings", "sensor": "Pleiades", "sensor_date": "20260813", "confianza": "Uncertain", "validacion_campo": "Not yet field validated", "event_code": "EQ20260822COL", "productos": "4250,4251,4252,4253,4254,4255", "capa": "Pleiades_20260813_BuildingDamageAsessment_Zarzal"}}, {"type": "Feature", "geometry": {"type": "Point", "coordinates": [-76.06509224799993, 4.397462568000037]}, "properties": {"municipio": "Zarzal", "departamento": "Valle del Cauca", "dano": "Possible Damage", "dano_agrupado": "Damaged Buildings", "sensor": "Pleiades", "sensor_date": "20260813", "confianza": "Uncertain", "validacion_campo": "Not yet field validated", "event_code": "EQ20260822COL", "productos": "4250,4251,4252,4253,4254,4255", "capa": "Pleiades_20260813_BuildingDamageAsessment_Zarzal"}}, {"type": "Feature", "geometry": {"type": "Point", "coordinates": [-76.06730566099992, 4.397561175000078]}, "properties": {"municipio": "Zarzal", "departamento": "Valle del Cauca", "dano": "Possible Damage", "dano_agrupado": "Damaged Buildings", "sensor": "Pleiades", "sensor_date": "20260813", "confianza": "Uncertain", "validacion_campo": "Not yet field validated", "event_code": "EQ20260822COL", "productos": "4250,4251,4252,4253,4254,4255", "capa": "Pleiades_20260813_BuildingDamageAsessment_Zarzal"}}, {"type": "Feature", "geometry": {"type": "Point", "coordinates": [-76.06716602199992, 4.397715795000067]}, "properties": {"municipio": "Zarzal", "departamento": "Valle del Cauca", "dano": "Possible Damage", "dano_agrupado": "Damaged Buildings", "sensor": "Pleiades", "sensor_date": "20260813", "confianza": "Uncertain", "validacion_campo": "Not yet field validated", "event_code": "EQ20260822COL", "productos": "4250,4251,4252,4253,4254,4255", "capa": "Pleiades_20260813_BuildingDamageAsessment_Zarzal"}}, {"type": "Feature", "geometry": {"type": "Point", "coordinates": [-76.06602730299994, 4.397283998000091]}, "properties": {"municipio": "Zarzal", "departamento": "Valle del Cauca", "dano": "Possible Damage", "dano_agrupado": "Damaged Buildings", "sensor": "Pleiades", "sensor_date": "20260813", "confianza": "Uncertain", "validacion_campo": "Not yet field validated", "event_code": "EQ20260822COL", "productos": "4250,4251,4252,4253,4254,4255", "capa": "Pleiades_20260813_BuildingDamageAsessment_Zarzal"}}, {"type": "Feature", "geometry": {"type": "Point", "coordinates": [-76.06549520399994, 4.39683729300009]}, "properties": {"municipio": "Zarzal", "departamento": "Valle del Cauca", "dano": "Possible Damage", "dano_agrupado": "Damaged Buildings", "sensor": "Pleiades", "sensor_date": "20260813", "confianza": "Uncertain", "validacion_campo": "Not yet field validated", "event_code": "EQ20260822COL", "productos": "4250,4251,4252,4253,4254,4255", "capa": "Pleiades_20260813_BuildingDamageAsessment_Zarzal"}}, {"type": "Feature", "geometry": {"type": "Point", "coordinates": [-76.06622063899994, 4.396778347000065]}, "properties": {"municipio": "Zarzal", "departamento": "Valle del Cauca", "dano": "Possible Damage", "dano_agrupado": "Damaged Buildings", "sensor": "Pleiades", "sensor_date": "20260813", "confianza": "Uncertain", "validacion_campo": "Not yet field validated", "event_code": "EQ20260822COL", "productos": "4250,4251,4252,4253,4254,4255", "capa": "Pleiades_20260813_BuildingDamageAsessment_Zarzal"}}, {"type": "Feature", "geometry": {"type": "Point", "coordinates": [-76.0662642179999, 4.396688791000088]}, "properties": {"municipio": "Zarzal", "departamento": "Valle del Cauca", "dano": "Possible Damage", "dano_agrupado": "Damaged Buildings", "sensor": "Pleiades", "sensor_date": "20260813", "confianza": "Uncertain", "validacion_campo": "Not yet field validated", "event_code": "EQ20260822COL", "productos": "4250,4251,4252,4253,4254,4255", "capa": "Pleiades_20260813_BuildingDamageAsessment_Zarzal"}}, {"type": "Feature", "geometry": {"type": "Point", "coordinates": [-76.06569210099991, 4.396377261000055]}, "properties": {"municipio": "Zarzal", "departamento": "Valle del Cauca", "dano": "Possible Damage", "dano_agrupado": "Damaged Buildings", "sensor": "Pleiades", "sensor_date": "20260813", "confianza": "Uncertain", "validacion_campo": "Not yet field validated", "event_code": "EQ20260822COL", "productos": "4250,4251,4252,4253,4254,4255", "capa": "Pleiades_20260813_BuildingDamageAsessment_Zarzal"}}, {"type": "Feature", "geometry": {"type": "Point", "coordinates": [-76.06496982099992, 4.396195798000065]}, "properties": {"municipio": "Zarzal", "departamento": "Valle del Cauca", "dano": "Possible Damage", "dano_agrupado": "Damaged Buildings", "sensor": "Pleiades", "sensor_date": "20260813", "confianza": "Uncertain", "validacion_campo": "Not yet field validated", "event_code": "EQ20260822COL", "productos": "4250,4251,4252,4253,4254,4255", "capa": "Pleiades_20260813_BuildingDamageAsessment_Zarzal"}}, {"type": "Feature", "geometry": {"type": "Point", "coordinates": [-76.0650465839999, 4.396083382000086]}, "properties": {"municipio": "Zarzal", "departamento": "Valle del Cauca", "dano": "Possible Damage", "dano_agrupado": "Damaged Buildings", "sensor": "Pleiades", "sensor_date": "20260813", "confianza": "Uncertain", "validacion_campo": "Not yet field validated", "event_code": "EQ20260822COL", "productos": "4250,4251,4252,4253,4254,4255", "capa": "Pleiades_20260813_BuildingDamageAsessment_Zarzal"}}, {"type": "Feature", "geometry": {"type": "Point", "coordinates": [-76.07149025399991, 4.400308045000088]}, "properties": {"municipio": "Zarzal", "departamento": "Valle del Cauca", "dano": "Possible Damage", "dano_agrupado": "Damaged Buildings", "sensor": "Pleiades", "sensor_date": "20260813", "confianza": "Uncertain", "validacion_campo": "Not yet field validated", "event_code": "EQ20260822COL", "productos": "4250,4251,4252,4253,4254,4255", "capa": "Pleiades_20260813_BuildingDamageAsessment_Zarzal"}}, {"type": "Feature", "geometry": {"type": "Point", "coordinates": [-76.07115491299993, 4.399750371000039]}, "properties": {"municipio": "Zarzal", "departamento": "Valle del Cauca", "dano": "Possible Damage", "dano_agrupado": "Damaged Buildings", "sensor": "Pleiades", "sensor_date": "20260813", "confianza": "Uncertain", "validacion_campo": "Not yet field validated", "event_code": "EQ20260822COL", "productos": "4250,4251,4252,4253,4254,4255", "capa": "Pleiades_20260813_BuildingDamageAsessment_Zarzal"}}, {"type": "Feature", "geometry": {"type": "Point", "coordinates": [-76.06981943099993, 4.3992851020000785]}, "properties": {"municipio": "Zarzal", "departamento": "Valle del Cauca", "dano": "Possible Damage", "dano_agrupado": "Damaged Buildings", "sensor": "Pleiades", "sensor_date": "20260813", "confianza": "Uncertain", "validacion_campo": "Not yet field validated", "event_code": "EQ20260822COL", "productos": "4250,4251,4252,4253,4254,4255", "capa": "Pleiades_20260813_BuildingDamageAsessment_Zarzal"}}, {"type": "Feature", "geometry": {"type": "Point", "coordinates": [-76.07007288799991, 4.398915254000087]}, "properties": {"municipio": "Zarzal", "departamento": "Valle del Cauca", "dano": "Possible Damage", "dano_agrupado": "Damaged Buildings", "sensor": "Pleiades", "sensor_date": "20260813", "confianza": "Uncertain", "validacion_campo": "Not yet field validated", "event_code": "EQ20260822COL", "productos": "4250,4251,4252,4253,4254,4255", "capa": "Pleiades_20260813_BuildingDamageAsessment_Zarzal"}}, {"type": "Feature", "geometry": {"type": "Point", "coordinates": [-76.07030778699993, 4.399653884000088]}, "properties": {"municipio": "Zarzal", "departamento": "Valle del Cauca", "dano": "Possible Damage", "dano_agrupado": "Damaged Buildings", "sensor": "Pleiades", "sensor_date": "20260813", "confianza": "Uncertain", "validacion_campo": "Not yet field validated", "event_code": "EQ20260822COL", "productos": "4250,4251,4252,4253,4254,4255", "capa": "Pleiades_20260813_BuildingDamageAsessment_Zarzal"}}, {"type": "Feature", "geometry": {"type": "Point", "coordinates": [-76.06999027699993, 4.399045646000047]}, "properties": {"municipio": "Zarzal", "departamento": "Valle del Cauca", "dano": "Possible Damage", "dano_agrupado": "Damaged Buildings", "sensor": "Pleiades", "sensor_date": "20260813", "confianza": "Uncertain", "validacion_campo": "Not yet field validated", "event_code": "EQ20260822COL", "productos": "4250,4251,4252,4253,4254,4255", "capa": "Pleiades_20260813_BuildingDamageAsessment_Zarzal"}}, {"type": "Feature", "geometry": {"type": "Point", "coordinates": [-76.07205309099993, 4.400337556000068]}, "properties": {"municipio": "Zarzal", "departamento": "Valle del Cauca", "dano": "Possible Damage", "dano_agrupado": "Damaged Buildings", "sensor": "Pleiades", "sensor_date": "20260813", "confianza": "Uncertain", "validacion_campo": "Not yet field validated", "event_code": "EQ20260822COL", "productos": "4250,4251,4252,4253,4254,4255", "capa": "Pleiades_20260813_BuildingDamageAsessment_Zarzal"}}, {"type": "Feature", "geometry": {"type": "Point", "coordinates": [-76.07199163799993, 4.400397167000051]}, "properties": {"municipio": "Zarzal", "departamento": "Valle del Cauca", "dano": "Possible Damage", "dano_agrupado": "Damaged Buildings", "sensor": "Pleiades", "sensor_date": "20260813", "confianza": "Uncertain", "validacion_campo": "Not yet field validated", "event_code": "EQ20260822COL", "productos": "4250,4251,4252,4253,4254,4255", "capa": "Pleiades_20260813_BuildingDamageAsessment_Zarzal"}}, {"type": "Feature", "geometry": {"type": "Point", "coordinates": [-76.07120248899992, 4.3993752030000906]}, "properties": {"municipio": "Zarzal", "departamento": "Valle del Cauca", "dano": "Possible Damage", "dano_agrupado": "Damaged Buildings", "sensor": "Pleiades", "sensor_date": "20260813", "confianza": "Uncertain", "validacion_campo": "Not yet field validated", "event_code": "EQ20260822COL", "productos": "4250,4251,4252,4253,4254,4255", "capa": "Pleiades_20260813_BuildingDamageAsessment_Zarzal"}}, {"type": "Feature", "geometry": {"type": "Point", "coordinates": [-76.07052067199993, 4.399079698000094]}, "properties": {"municipio": "Zarzal", "departamento": "Valle del Cauca", "dano": "Possible Damage", "dano_agrupado": "Damaged Buildings", "sensor": "Pleiades", "sensor_date": "20260813", "confianza": "Uncertain", "validacion_campo": "Not yet field validated", "event_code": "EQ20260822COL", "productos": "4250,4251,4252,4253,4254,4255", "capa": "Pleiades_20260813_BuildingDamageAsessment_Zarzal"}}, {"type": "Feature", "geometry": {"type": "Point", "coordinates": [-76.06704637999991, 4.398163784000076]}, "properties": {"municipio": "Zarzal", "departamento": "Valle del Cauca", "dano": "Possible Damage", "dano_agrupado": "Damaged Buildings", "sensor": "Pleiades", "sensor_date": "20260813", "confianza": "Uncertain", "validacion_campo": "Not yet field validated", "event_code": "EQ20260822COL", "productos": "4250,4251,4252,4253,4254,4255", "capa": "Pleiades_20260813_BuildingDamageAsessment_Zarzal"}}, {"type": "Feature", "geometry": {"type": "Point", "coordinates": [-76.0655288239999, 4.395545872000071]}, "properties": {"municipio": "Zarzal", "departamento": "Valle del Cauca", "dano": "Possible Damage", "dano_agrupado": "Damaged Buildings", "sensor": "Pleiades", "sensor_date": "20260813", "confianza": "Uncertain", "validacion_campo": "Not yet field validated", "event_code": "EQ20260822COL", "productos": "4250,4251,4252,4253,4254,4255", "capa": "Pleiades_20260813_BuildingDamageAsessment_Zarzal"}}, {"type": "Feature", "geometry": {"type": "Point", "coordinates": [-76.06872002199992, 4.397242725000069]}, "properties": {"municipio": "Zarzal", "departamento": "Valle del Cauca", "dano": "Possible Damage", "dano_agrupado": "Damaged Buildings", "sensor": "Pleiades", "sensor_date": "20260813", "confianza": "Uncertain", "validacion_campo": "Not yet field validated", "event_code": "EQ20260822COL", "productos": "4250,4251,4252,4253,4254,4255", "capa": "Pleiades_20260813_BuildingDamageAsessment_Zarzal"}}, {"type": "Feature", "geometry": {"type": "Point", "coordinates": [-76.06994737999992, 4.398779545000082]}, "properties": {"municipio": "Zarzal", "departamento": "Valle del Cauca", "dano": "Possible Damage", "dano_agrupado": "Damaged Buildings", "sensor": "Pleiades", "sensor_date": "20260813", "confianza": "Uncertain", "validacion_campo": "Not yet field validated", "event_code": "EQ20260822COL", "productos": "4250,4251,4252,4253,4254,4255", "capa": "Pleiades_20260813_BuildingDamageAsessment_Zarzal"}}, {"type": "Feature", "geometry": {"type": "Point", "coordinates": [-76.06473285499993, 4.392861787000072]}, "properties": {"municipio": "Zarzal", "departamento": "Valle del Cauca", "dano": "Damage", "dano_agrupado": "Damaged Buildings", "sensor": "Pleiades", "sensor_date": "20260813", "confianza": "Medium", "validacion_campo": "Not yet field validated", "event_code": "EQ20260822COL", "notas": "Destroyed", "productos": "4250,4251,4252,4253,4254,4255", "capa": "Pleiades_20260813_BuildingDamageAsessment_Zarzal"}}, {"type": "Feature", "geometry": {"type": "Point", "coordinates": [-76.06474419599994, 4.39296958400007]}, "properties": {"municipio": "Zarzal", "departamento": "Valle del Cauca", "dano": "Damage", "dano_agrupado": "Damaged Buildings", "sensor": "Pleiades", "sensor_date": "20260813", "confianza": "Medium", "validacion_campo": "Not yet field validated", "event_code": "EQ20260822COL", "notas": "Destroyed", "productos": "4250,4251,4252,4253,4254,4255", "capa": "Pleiades_20260813_BuildingDamageAsessment_Zarzal"}}, {"type": "Feature", "geometry": {"type": "Point", "coordinates": [-76.07237718599993, 4.399290405000045]}, "properties": {"municipio": "Zarzal", "departamento": "Valle del Cauca", "dano": "Possible Damage", "dano_agrupado": "Damaged Buildings", "sensor": "Pleiades", "sensor_date": "20260813", "confianza": "Uncertain", "validacion_campo": "Not yet field validated", "event_code": "EQ20260822COL", "productos": "4250,4251,4252,4253,4254,4255", "capa": "Pleiades_20260813_BuildingDamageAsessment_Zarzal"}}, {"type": "Feature", "geometry": {"type": "Point", "coordinates": [-76.07258742599993, 4.399214857000061]}, "properties": {"municipio": "Zarzal", "departamento": "Valle del Cauca", "dano": "Possible Damage", "dano_agrupado": "Damaged Buildings", "sensor": "Pleiades", "sensor_date": "20260813", "confianza": "Uncertain", "validacion_campo": "Not yet field validated", "event_code": "EQ20260822COL", "productos": "4250,4251,4252,4253,4254,4255", "capa": "Pleiades_20260813_BuildingDamageAsessment_Zarzal"}}, {"type": "Feature", "geometry": {"type": "Point", "coordinates": [-76.07212925999994, 4.398832557000048]}, "properties": {"municipio": "Zarzal", "departamento": "Valle del Cauca", "dano": "Possible Damage", "dano_agrupado": "Damaged Buildings", "sensor": "Pleiades", "sensor_date": "20260813", "confianza": "Uncertain", "validacion_campo": "Not yet field validated", "event_code": "EQ20260822COL", "productos": "4250,4251,4252,4253,4254,4255", "capa": "Pleiades_20260813_BuildingDamageAsessment_Zarzal"}}, {"type": "Feature", "geometry": {"type": "Point", "coordinates": [-76.07204527399995, 4.3987832640000875]}, "properties": {"municipio": "Zarzal", "departamento": "Valle del Cauca", "dano": "Possible Damage", "dano_agrupado": "Damaged Buildings", "sensor": "Pleiades", "sensor_date": "20260813", "confianza": "Uncertain", "validacion_campo": "Not yet field validated", "event_code": "EQ20260822COL", "productos": "4250,4251,4252,4253,4254,4255", "capa": "Pleiades_20260813_BuildingDamageAsessment_Zarzal"}}, {"type": "Feature", "geometry": {"type": "Point", "coordinates": [-76.07041798299991, 4.3984689050000725]}, "properties": {"municipio": "Zarzal", "departamento": "Valle del Cauca", "dano": "Possible Damage", "dano_agrupado": "Damaged Buildings", "sensor": "Pleiades", "sensor_date": "20260813", "confianza": "Uncertain", "validacion_campo": "Not yet field validated", "event_code": "EQ20260822COL", "productos": "4250,4251,4252,4253,4254,4255", "capa": "Pleiades_20260813_BuildingDamageAsessment_Zarzal"}}, {"type": "Feature", "geometry": {"type": "Point", "coordinates": [-76.0704626189999, 4.39838573500009]}, "properties": {"municipio": "Zarzal", "departamento": "Valle del Cauca", "dano": "Possible Damage", "dano_agrupado": "Damaged Buildings", "sensor": "Pleiades", "sensor_date": "20260813", "confianza": "Uncertain", "validacion_campo": "Not yet field validated", "event_code": "EQ20260822COL", "productos": "4250,4251,4252,4253,4254,4255", "capa": "Pleiades_20260813_BuildingDamageAsessment_Zarzal"}}, {"type": "Feature", "geometry": {"type": "Point", "coordinates": [-76.07049721599992, 4.398323918000074]}, "properties": {"municipio": "Zarzal", "departamento": "Valle del Cauca", "dano": "Possible Damage", "dano_agrupado": "Damaged Buildings", "sensor": "Pleiades", "sensor_date": "20260813", "confianza": "Uncertain", "validacion_campo": "Not yet field validated", "event_code": "EQ20260822COL", "productos": "4250,4251,4252,4253,4254,4255", "capa": "Pleiades_20260813_BuildingDamageAsessment_Zarzal"}}, {"type": "Feature", "geometry": {"type": "Point", "coordinates": [-76.06513800999994, 4.3929499290000535]}, "properties": {"municipio": "Zarzal", "departamento": "Valle del Cauca", "dano": "Possible Damage", "dano_agrupado": "Damaged Buildings", "sensor": "Pleiades", "sensor_date": "20260813", "confianza": "Uncertain", "validacion_campo": "Not yet field validated", "event_code": "EQ20260822COL", "productos": "4250,4251,4252,4253,4254,4255", "capa": "Pleiades_20260813_BuildingDamageAsessment_Zarzal"}}, {"type": "Feature", "geometry": {"type": "Point", "coordinates": [-76.06623021399992, 4.393871518000083]}, "properties": {"municipio": "Zarzal", "departamento": "Valle del Cauca", "dano": "Possible Damage", "dano_agrupado": "Damaged Buildings", "sensor": "Pleiades", "sensor_date": "20260813", "confianza": "Uncertain", "validacion_campo": "Not yet field validated", "event_code": "EQ20260822COL", "productos": "4250,4251,4252,4253,4254,4255", "capa": "Pleiades_20260813_BuildingDamageAsessment_Zarzal"}}, {"type": "Feature", "geometry": {"type": "Point", "coordinates": [-76.06651965399993, 4.394414662000088]}, "properties": {"municipio": "Zarzal", "departamento": "Valle del Cauca", "dano": "Possible Damage", "dano_agrupado": "Damaged Buildings", "sensor": "Pleiades", "sensor_date": "20260813", "confianza": "Uncertain", "validacion_campo": "Not yet field validated", "event_code": "EQ20260822COL", "productos": "4250,4251,4252,4253,4254,4255", "capa": "Pleiades_20260813_BuildingDamageAsessment_Zarzal"}}, {"type": "Feature", "geometry": {"type": "Point", "coordinates": [-76.0667130839999, 4.394320048000054]}, "properties": {"municipio": "Zarzal", "departamento": "Valle del Cauca", "dano": "Possible Damage", "dano_agrupado": "Damaged Buildings", "sensor": "Pleiades", "sensor_date": "20260813", "confianza": "Uncertain", "validacion_campo": "Not yet field validated", "event_code": "EQ20260822COL", "productos": "4250,4251,4252,4253,4254,4255", "capa": "Pleiades_20260813_BuildingDamageAsessment_Zarzal"}}, {"type": "Feature", "geometry": {"type": "Point", "coordinates": [-76.0665730899999, 4.394224789000077]}, "properties": {"municipio": "Zarzal", "departamento": "Valle del Cauca", "dano": "Possible Damage", "dano_agrupado": "Damaged Buildings", "sensor": "Pleiades", "sensor_date": "20260813", "confianza": "Uncertain", "validacion_campo": "Not yet field validated", "event_code": "EQ20260822COL", "productos": "4250,4251,4252,4253,4254,4255", "capa": "Pleiades_20260813_BuildingDamageAsessment_Zarzal"}}, {"type": "Feature", "geometry": {"type": "Point", "coordinates": [-76.06868184699994, 4.394007264000038]}, "properties": {"municipio": "Zarzal", "departamento": "Valle del Cauca", "dano": "Possible Damage", "dano_agrupado": "Damaged Buildings", "sensor": "Pleiades", "sensor_date": "20260813", "confianza": "Uncertain", "validacion_campo": "Not yet field validated", "event_code": "EQ20260822COL", "productos": "4250,4251,4252,4253,4254,4255", "capa": "Pleiades_20260813_BuildingDamageAsessment_Zarzal"}}, {"type": "Feature", "geometry": {"type": "Point", "coordinates": [-76.06859000899993, 4.393943381000042]}, "properties": {"municipio": "Zarzal", "departamento": "Valle del Cauca", "dano": "Possible Damage", "dano_agrupado": "Damaged Buildings", "sensor": "Pleiades", "sensor_date": "20260813", "confianza": "Uncertain", "validacion_campo": "Not yet field validated", "event_code": "EQ20260822COL", "productos": "4250,4251,4252,4253,4254,4255", "capa": "Pleiades_20260813_BuildingDamageAsessment_Zarzal"}}, {"type": "Feature", "geometry": {"type": "Point", "coordinates": [-76.06869728399994, 4.393847768000057]}, "properties": {"municipio": "Zarzal", "departamento": "Valle del Cauca", "dano": "Possible Damage", "dano_agrupado": "Damaged Buildings", "sensor": "Pleiades", "sensor_date": "20260813", "confianza": "Uncertain", "validacion_campo": "Not yet field validated", "event_code": "EQ20260822COL", "productos": "4250,4251,4252,4253,4254,4255", "capa": "Pleiades_20260813_BuildingDamageAsessment_Zarzal"}}, {"type": "Feature", "geometry": {"type": "Point", "coordinates": [-76.06714444599993, 4.39395331500009]}, "properties": {"municipio": "Zarzal", "departamento": "Valle del Cauca", "dano": "Possible Damage", "dano_agrupado": "Damaged Buildings", "sensor": "Pleiades", "sensor_date": "20260813", "confianza": "Uncertain", "validacion_campo": "Not yet field validated", "event_code": "EQ20260822COL", "productos": "4250,4251,4252,4253,4254,4255", "capa": "Pleiades_20260813_BuildingDamageAsessment_Zarzal"}}, {"type": "Feature", "geometry": {"type": "Point", "coordinates": [-76.06707074499991, 4.394054495000091]}, "properties": {"municipio": "Zarzal", "departamento": "Valle del Cauca", "dano": "Possible Damage", "dano_agrupado": "Damaged Buildings", "sensor": "Pleiades", "sensor_date": "20260813", "confianza": "Uncertain", "validacion_campo": "Not yet field validated", "event_code": "EQ20260822COL", "productos": "4250,4251,4252,4253,4254,4255", "capa": "Pleiades_20260813_BuildingDamageAsessment_Zarzal"}}, {"type": "Feature", "geometry": {"type": "Point", "coordinates": [-76.0683185229999, 4.3950095480000755]}, "properties": {"municipio": "Zarzal", "departamento": "Valle del Cauca", "dano": "Damage", "dano_agrupado": "Damaged Buildings", "sensor": "Pleiades", "sensor_date": "20260813", "confianza": "Medium", "validacion_campo": "Not yet field validated", "event_code": "EQ20260822COL", "notas": "Destroyed", "productos": "4250,4251,4252,4253,4254,4255", "capa": "Pleiades_20260813_BuildingDamageAsessment_Zarzal"}}, {"type": "Feature", "geometry": {"type": "Point", "coordinates": [-76.0684616129999, 4.39492174500009]}, "properties": {"municipio": "Zarzal", "departamento": "Valle del Cauca", "dano": "Possible Damage", "dano_agrupado": "Damaged Buildings", "sensor": "Pleiades", "sensor_date": "20260813", "confianza": "Uncertain", "validacion_campo": "Not yet field validated", "event_code": "EQ20260822COL", "productos": "4250,4251,4252,4253,4254,4255", "capa": "Pleiades_20260813_BuildingDamageAsessment_Zarzal"}}, {"type": "Feature", "geometry": {"type": "Point", "coordinates": [-76.06838680599992, 4.395031911000046]}, "properties": {"municipio": "Zarzal", "departamento": "Valle del Cauca", "dano": "Possible Damage", "dano_agrupado": "Damaged Buildings", "sensor": "Pleiades", "sensor_date": "20260813", "confianza": "Uncertain", "validacion_campo": "Not yet field validated", "event_code": "EQ20260822COL", "productos": "4250,4251,4252,4253,4254,4255", "capa": "Pleiades_20260813_BuildingDamageAsessment_Zarzal"}}, {"type": "Feature", "geometry": {"type": "Point", "coordinates": [-76.06824456599992, 4.3949310410000635]}, "properties": {"municipio": "Zarzal", "departamento": "Valle del Cauca", "dano": "Possible Damage", "dano_agrupado": "Damaged Buildings", "sensor": "Pleiades", "sensor_date": "20260813", "confianza": "Uncertain", "validacion_campo": "Not yet field validated", "event_code": "EQ20260822COL", "productos": "4250,4251,4252,4253,4254,4255", "capa": "Pleiades_20260813_BuildingDamageAsessment_Zarzal"}}, {"type": "Feature", "geometry": {"type": "Point", "coordinates": [-76.0674319009999, 4.3946739030000685]}, "properties": {"municipio": "Zarzal", "departamento": "Valle del Cauca", "dano": "Possible Damage", "dano_agrupado": "Damaged Buildings", "sensor": "Pleiades", "sensor_date": "20260813", "confianza": "Uncertain", "validacion_campo": "Not yet field validated", "event_code": "EQ20260822COL", "productos": "4250,4251,4252,4253,4254,4255", "capa": "Pleiades_20260813_BuildingDamageAsessment_Zarzal"}}, {"type": "Feature", "geometry": {"type": "Point", "coordinates": [-76.06740064999991, 4.394727855000042]}, "properties": {"municipio": "Zarzal", "departamento": "Valle del Cauca", "dano": "Possible Damage", "dano_agrupado": "Damaged Buildings", "sensor": "Pleiades", "sensor_date": "20260813", "confianza": "Uncertain", "validacion_campo": "Not yet field validated", "event_code": "EQ20260822COL", "productos": "4250,4251,4252,4253,4254,4255", "capa": "Pleiades_20260813_BuildingDamageAsessment_Zarzal"}}, {"type": "Feature", "geometry": {"type": "Point", "coordinates": [-76.06942879099995, 4.3944205980000675]}, "properties": {"municipio": "Zarzal", "departamento": "Valle del Cauca", "dano": "Possible Damage", "dano_agrupado": "Damaged Buildings", "sensor": "Pleiades", "sensor_date": "20260813", "confianza": "Uncertain", "validacion_campo": "Not yet field validated", "event_code": "EQ20260822COL", "productos": "4250,4251,4252,4253,4254,4255", "capa": "Pleiades_20260813_BuildingDamageAsessment_Zarzal"}}, {"type": "Feature", "geometry": {"type": "Point", "coordinates": [-76.06890798499995, 4.396992085000079]}, "properties": {"municipio": "Zarzal", "departamento": "Valle del Cauca", "dano": "Possible Damage", "dano_agrupado": "Damaged Buildings", "sensor": "Pleiades", "sensor_date": "20260813", "confianza": "Uncertain", "validacion_campo": "Not yet field validated", "event_code": "EQ20260822COL", "productos": "4250,4251,4252,4253,4254,4255", "capa": "Pleiades_20260813_BuildingDamageAsessment_Zarzal"}}, {"type": "Feature", "geometry": {"type": "Point", "coordinates": [-76.0690110029999, 4.396902444000091]}, "properties": {"municipio": "Zarzal", "departamento": "Valle del Cauca", "dano": "Possible Damage", "dano_agrupado": "Damaged Buildings", "sensor": "Pleiades", "sensor_date": "20260813", "confianza": "Uncertain", "validacion_campo": "Not yet field validated", "event_code": "EQ20260822COL", "productos": "4250,4251,4252,4253,4254,4255", "capa": "Pleiades_20260813_BuildingDamageAsessment_Zarzal"}}, {"type": "Feature", "geometry": {"type": "Point", "coordinates": [-76.0690001239999, 4.396628715000077]}, "properties": {"municipio": "Zarzal", "departamento": "Valle del Cauca", "dano": "Possible Damage", "dano_agrupado": "Damaged Buildings", "sensor": "Pleiades", "sensor_date": "20260813", "confianza": "Uncertain", "validacion_campo": "Not yet field validated", "event_code": "EQ20260822COL", "productos": "4250,4251,4252,4253,4254,4255", "capa": "Pleiades_20260813_BuildingDamageAsessment_Zarzal"}}, {"type": "Feature", "geometry": {"type": "Point", "coordinates": [-76.06888537799995, 4.397076346000063]}, "properties": {"municipio": "Zarzal", "departamento": "Valle del Cauca", "dano": "Possible Damage", "dano_agrupado": "Damaged Buildings", "sensor": "Pleiades", "sensor_date": "20260813", "confianza": "Uncertain", "validacion_campo": "Not yet field validated", "event_code": "EQ20260822COL", "productos": "4250,4251,4252,4253,4254,4255", "capa": "Pleiades_20260813_BuildingDamageAsessment_Zarzal"}}, {"type": "Feature", "geometry": {"type": "Point", "coordinates": [-76.07121052999992, 4.395849930000054]}, "properties": {"municipio": "Zarzal", "departamento": "Valle del Cauca", "dano": "Damage", "dano_agrupado": "Damaged Buildings", "sensor": "Pleiades", "sensor_date": "20260813", "confianza": "Medium", "validacion_campo": "Not yet field validated", "event_code": "EQ20260822COL", "notas": "Destroyed", "productos": "4250,4251,4252,4253,4254,4255", "capa": "Pleiades_20260813_BuildingDamageAsessment_Zarzal"}}, {"type": "Feature", "geometry": {"type": "Point", "coordinates": [-76.07135763699995, 4.396028705000049]}, "properties": {"municipio": "Zarzal", "departamento": "Valle del Cauca", "dano": "Damage", "dano_agrupado": "Damaged Buildings", "sensor": "Pleiades", "sensor_date": "20260813", "confianza": "Medium", "validacion_campo": "Not yet field validated", "event_code": "EQ20260822COL", "notas": "Destroyed", "productos": "4250,4251,4252,4253,4254,4255", "capa": "Pleiades_20260813_BuildingDamageAsessment_Zarzal"}}, {"type": "Feature", "geometry": {"type": "Point", "coordinates": [-76.07157633599991, 4.396147714000051]}, "properties": {"municipio": "Zarzal", "departamento": "Valle del Cauca", "dano": "Damage", "dano_agrupado": "Damaged Buildings", "sensor": "Pleiades", "sensor_date": "20260813", "confianza": "Medium", "validacion_campo": "Not yet field validated", "event_code": "EQ20260822COL", "productos": "4250,4251,4252,4253,4254,4255", "capa": "Pleiades_20260813_BuildingDamageAsessment_Zarzal"}}, {"type": "Feature", "geometry": {"type": "Point", "coordinates": [-76.07093981999992, 4.396036325000068]}, "properties": {"municipio": "Zarzal", "departamento": "Valle del Cauca", "dano": "Possible Damage", "dano_agrupado": "Damaged Buildings", "sensor": "Pleiades", "sensor_date": "20260813", "confianza": "Uncertain", "validacion_campo": "Not yet field validated", "event_code": "EQ20260822COL", "productos": "4250,4251,4252,4253,4254,4255", "capa": "Pleiades_20260813_BuildingDamageAsessment_Zarzal"}}, {"type": "Feature", "geometry": {"type": "Point", "coordinates": [-76.07091643199993, 4.396797928000069]}, "properties": {"municipio": "Zarzal", "departamento": "Valle del Cauca", "dano": "Possible Damage", "dano_agrupado": "Damaged Buildings", "sensor": "Pleiades", "sensor_date": "20260813", "confianza": "Uncertain", "validacion_campo": "Not yet field validated", "event_code": "EQ20260822COL", "productos": "4250,4251,4252,4253,4254,4255", "capa": "Pleiades_20260813_BuildingDamageAsessment_Zarzal"}}, {"type": "Feature", "geometry": {"type": "Point", "coordinates": [-76.07191062399994, 4.396410449000086]}, "properties": {"municipio": "Zarzal", "departamento": "Valle del Cauca", "dano": "Damage", "dano_agrupado": "Damaged Buildings", "sensor": "Pleiades", "sensor_date": "20260813", "confianza": "Medium", "validacion_campo": "Not yet field validated", "event_code": "EQ20260822COL", "productos": "4250,4251,4252,4253,4254,4255", "capa": "Pleiades_20260813_BuildingDamageAsessment_Zarzal"}}, {"type": "Feature", "geometry": {"type": "Point", "coordinates": [-76.07276598599992, 4.39674262300008]}, "properties": {"municipio": "Zarzal", "departamento": "Valle del Cauca", "dano": "Damage", "dano_agrupado": "Damaged Buildings", "sensor": "Pleiades", "sensor_date": "20260813", "confianza": "Medium", "validacion_campo": "Not yet field validated", "event_code": "EQ20260822COL", "productos": "4250,4251,4252,4253,4254,4255", "capa": "Pleiades_20260813_BuildingDamageAsessment_Zarzal"}}, {"type": "Feature", "geometry": {"type": "Point", "coordinates": [-76.07277194499994, 4.3960196490000385]}, "properties": {"municipio": "Zarzal", "departamento": "Valle del Cauca", "dano": "Possible Damage", "dano_agrupado": "Damaged Buildings", "sensor": "Pleiades", "sensor_date": "20260813", "confianza": "Uncertain", "validacion_campo": "Not yet field validated", "event_code": "EQ20260822COL", "productos": "4250,4251,4252,4253,4254,4255", "capa": "Pleiades_20260813_BuildingDamageAsessment_Zarzal"}}, {"type": "Feature", "geometry": {"type": "Point", "coordinates": [-76.07253424099991, 4.396058597000092]}, "properties": {"municipio": "Zarzal", "departamento": "Valle del Cauca", "dano": "Possible Damage", "dano_agrupado": "Damaged Buildings", "sensor": "Pleiades", "sensor_date": "20260813", "confianza": "Uncertain", "validacion_campo": "Not yet field validated", "event_code": "EQ20260822COL", "productos": "4250,4251,4252,4253,4254,4255", "capa": "Pleiades_20260813_BuildingDamageAsessment_Zarzal"}}, {"type": "Feature", "geometry": {"type": "Point", "coordinates": [-76.07257954699992, 4.395955000000072]}, "properties": {"municipio": "Zarzal", "departamento": "Valle del Cauca", "dano": "Possible Damage", "dano_agrupado": "Damaged Buildings", "sensor": "Pleiades", "sensor_date": "20260813", "confianza": "Uncertain", "validacion_campo": "Not yet field validated", "event_code": "EQ20260822COL", "productos": "4250,4251,4252,4253,4254,4255", "capa": "Pleiades_20260813_BuildingDamageAsessment_Zarzal"}}, {"type": "Feature", "geometry": {"type": "Point", "coordinates": [-76.0733956709999, 4.396966325000051]}, "properties": {"municipio": "Zarzal", "departamento": "Valle del Cauca", "dano": "Possible Damage", "dano_agrupado": "Damaged Buildings", "sensor": "Pleiades", "sensor_date": "20260813", "confianza": "Uncertain", "validacion_campo": "Not yet field validated", "event_code": "EQ20260822COL", "productos": "4250,4251,4252,4253,4254,4255", "capa": "Pleiades_20260813_BuildingDamageAsessment_Zarzal"}}, {"type": "Feature", "geometry": {"type": "Point", "coordinates": [-76.07225748499991, 4.398129622000056]}, "properties": {"municipio": "Zarzal", "departamento": "Valle del Cauca", "dano": "Possible Damage", "dano_agrupado": "Damaged Buildings", "sensor": "Pleiades", "sensor_date": "20260813", "confianza": "Uncertain", "validacion_campo": "Not yet field validated", "event_code": "EQ20260822COL", "productos": "4250,4251,4252,4253,4254,4255", "capa": "Pleiades_20260813_BuildingDamageAsessment_Zarzal"}}, {"type": "Feature", "geometry": {"type": "Point", "coordinates": [-76.07238875799993, 4.398238229000071]}, "properties": {"municipio": "Zarzal", "departamento": "Valle del Cauca", "dano": "Possible Damage", "dano_agrupado": "Damaged Buildings", "sensor": "Pleiades", "sensor_date": "20260813", "confianza": "Uncertain", "validacion_campo": "Not yet field validated", "event_code": "EQ20260822COL", "productos": "4250,4251,4252,4253,4254,4255", "capa": "Pleiades_20260813_BuildingDamageAsessment_Zarzal"}}, {"type": "Feature", "geometry": {"type": "Point", "coordinates": [-76.07198332899992, 4.394681897000055]}, "properties": {"municipio": "Zarzal", "departamento": "Valle del Cauca", "dano": "Possible Damage", "dano_agrupado": "Damaged Buildings", "sensor": "Pleiades", "sensor_date": "20260813", "confianza": "Uncertain", "validacion_campo": "Not yet field validated", "event_code": "EQ20260822COL", "productos": "4250,4251,4252,4253,4254,4255", "capa": "Pleiades_20260813_BuildingDamageAsessment_Zarzal"}}, {"type": "Feature", "geometry": {"type": "Point", "coordinates": [-76.07230413799994, 4.394076039000083]}, "properties": {"municipio": "Zarzal", "departamento": "Valle del Cauca", "dano": "Possible Damage", "dano_agrupado": "Damaged Buildings", "sensor": "Pleiades", "sensor_date": "20260813", "confianza": "Uncertain", "validacion_campo": "Not yet field validated", "event_code": "EQ20260822COL", "productos": "4250,4251,4252,4253,4254,4255", "capa": "Pleiades_20260813_BuildingDamageAsessment_Zarzal"}}, {"type": "Feature", "geometry": {"type": "Point", "coordinates": [-76.07205580899995, 4.394020244000046]}, "properties": {"municipio": "Zarzal", "departamento": "Valle del Cauca", "dano": "Possible Damage", "dano_agrupado": "Damaged Buildings", "sensor": "Pleiades", "sensor_date": "20260813", "confianza": "Uncertain", "validacion_campo": "Not yet field validated", "event_code": "EQ20260822COL", "productos": "4250,4251,4252,4253,4254,4255", "capa": "Pleiades_20260813_BuildingDamageAsessment_Zarzal"}}, {"type": "Feature", "geometry": {"type": "Point", "coordinates": [-76.0717507089999, 4.394608531000074]}, "properties": {"municipio": "Zarzal", "departamento": "Valle del Cauca", "dano": "Possible Damage", "dano_agrupado": "Damaged Buildings", "sensor": "Pleiades", "sensor_date": "20260813", "confianza": "Uncertain", "validacion_campo": "Not yet field validated", "event_code": "EQ20260822COL", "productos": "4250,4251,4252,4253,4254,4255", "capa": "Pleiades_20260813_BuildingDamageAsessment_Zarzal"}}, {"type": "Feature", "geometry": {"type": "Point", "coordinates": [-76.07179182999994, 4.394022379000091]}, "properties": {"municipio": "Zarzal", "departamento": "Valle del Cauca", "dano": "Possible Damage", "dano_agrupado": "Damaged Buildings", "sensor": "Pleiades", "sensor_date": "20260813", "confianza": "Uncertain", "validacion_campo": "Not yet field validated", "event_code": "EQ20260822COL", "productos": "4250,4251,4252,4253,4254,4255", "capa": "Pleiades_20260813_BuildingDamageAsessment_Zarzal"}}, {"type": "Feature", "geometry": {"type": "Point", "coordinates": [-76.07216833599995, 4.393244475000074]}, "properties": {"municipio": "Zarzal", "departamento": "Valle del Cauca", "dano": "Possible Damage", "dano_agrupado": "Damaged Buildings", "sensor": "Pleiades", "sensor_date": "20260813", "confianza": "Uncertain", "validacion_campo": "Not yet field validated", "event_code": "EQ20260822COL", "productos": "4250,4251,4252,4253,4254,4255", "capa": "Pleiades_20260813_BuildingDamageAsessment_Zarzal"}}, {"type": "Feature", "geometry": {"type": "Point", "coordinates": [-76.07146794499994, 4.388797142000044]}, "properties": {"municipio": "Zarzal", "departamento": "Valle del Cauca", "dano": "Possible Damage", "dano_agrupado": "Damaged Buildings", "sensor": "Pleiades", "sensor_date": "20260813", "confianza": "Uncertain", "validacion_campo": "Not yet field validated", "event_code": "EQ20260822COL", "productos": "4250,4251,4252,4253,4254,4255", "capa": "Pleiades_20260813_BuildingDamageAsessment_Zarzal"}}, {"type": "Feature", "geometry": {"type": "Point", "coordinates": [-76.07379202999994, 4.391736545000072]}, "properties": {"municipio": "Zarzal", "departamento": "Valle del Cauca", "dano": "Possible Damage", "dano_agrupado": "Damaged Buildings", "sensor": "Pleiades", "sensor_date": "20260813", "confianza": "Uncertain", "validacion_campo": "Not yet field validated", "event_code": "EQ20260822COL", "productos": "4250,4251,4252,4253,4254,4255", "capa": "Pleiades_20260813_BuildingDamageAsessment_Zarzal"}}, {"type": "Feature", "geometry": {"type": "Point", "coordinates": [-76.07488383799995, 4.393598535000081]}, "properties": {"municipio": "Zarzal", "departamento": "Valle del Cauca", "dano": "Possible Damage", "dano_agrupado": "Damaged Buildings", "sensor": "Pleiades", "sensor_date": "20260813", "confianza": "Uncertain", "validacion_campo": "Not yet field validated", "event_code": "EQ20260822COL", "productos": "4250,4251,4252,4253,4254,4255", "capa": "Pleiades_20260813_BuildingDamageAsessment_Zarzal"}}, {"type": "Feature", "geometry": {"type": "Point", "coordinates": [-76.0747262349999, 4.39341451100006]}, "properties": {"municipio": "Zarzal", "departamento": "Valle del Cauca", "dano": "Possible Damage", "dano_agrupado": "Damaged Buildings", "sensor": "Pleiades", "sensor_date": "20260813", "confianza": "Uncertain", "validacion_campo": "Not yet field validated", "event_code": "EQ20260822COL", "productos": "4250,4251,4252,4253,4254,4255", "capa": "Pleiades_20260813_BuildingDamageAsessment_Zarzal"}}, {"type": "Feature", "geometry": {"type": "Point", "coordinates": [-76.0731150659999, 4.395124223000039]}, "properties": {"municipio": "Zarzal", "departamento": "Valle del Cauca", "dano": "Possible Damage", "dano_agrupado": "Damaged Buildings", "sensor": "Pleiades", "sensor_date": "20260813", "confianza": "Uncertain", "validacion_campo": "Not yet field validated", "event_code": "EQ20260822COL", "productos": "4250,4251,4252,4253,4254,4255", "capa": "Pleiades_20260813_BuildingDamageAsessment_Zarzal"}}, {"type": "Feature", "geometry": {"type": "Point", "coordinates": [-76.07238713899994, 4.3946602580000445]}, "properties": {"municipio": "Zarzal", "departamento": "Valle del Cauca", "dano": "Possible Damage", "dano_agrupado": "Damaged Buildings", "sensor": "Pleiades", "sensor_date": "20260813", "confianza": "Uncertain", "validacion_campo": "Not yet field validated", "event_code": "EQ20260822COL", "productos": "4250,4251,4252,4253,4254,4255", "capa": "Pleiades_20260813_BuildingDamageAsessment_Zarzal"}}, {"type": "Feature", "geometry": {"type": "Point", "coordinates": [-76.07238568899993, 4.394869078000056]}, "properties": {"municipio": "Zarzal", "departamento": "Valle del Cauca", "dano": "Possible Damage", "dano_agrupado": "Damaged Buildings", "sensor": "Pleiades", "sensor_date": "20260813", "confianza": "Uncertain", "validacion_campo": "Not yet field validated", "event_code": "EQ20260822COL", "productos": "4250,4251,4252,4253,4254,4255", "capa": "Pleiades_20260813_BuildingDamageAsessment_Zarzal"}}, {"type": "Feature", "geometry": {"type": "Point", "coordinates": [-76.07226669999994, 4.394792039000038]}, "properties": {"municipio": "Zarzal", "departamento": "Valle del Cauca", "dano": "Possible Damage", "dano_agrupado": "Damaged Buildings", "sensor": "Pleiades", "sensor_date": "20260813", "confianza": "Uncertain", "validacion_campo": "Not yet field validated", "event_code": "EQ20260822COL", "productos": "4250,4251,4252,4253,4254,4255", "capa": "Pleiades_20260813_BuildingDamageAsessment_Zarzal"}}, {"type": "Feature", "geometry": {"type": "Point", "coordinates": [-76.07221176699994, 4.394276216000094]}, "properties": {"municipio": "Zarzal", "departamento": "Valle del Cauca", "dano": "Possible Damage", "dano_agrupado": "Damaged Buildings", "sensor": "Pleiades", "sensor_date": "20260813", "confianza": "Uncertain", "validacion_campo": "Not yet field validated", "event_code": "EQ20260822COL", "productos": "4250,4251,4252,4253,4254,4255", "capa": "Pleiades_20260813_BuildingDamageAsessment_Zarzal"}}, {"type": "Feature", "geometry": {"type": "Point", "coordinates": [-76.07448245299992, 4.394092203000071]}, "properties": {"municipio": "Zarzal", "departamento": "Valle del Cauca", "dano": "Possible Damage", "dano_agrupado": "Damaged Buildings", "sensor": "Pleiades", "sensor_date": "20260813", "confianza": "Uncertain", "validacion_campo": "Not yet field validated", "event_code": "EQ20260822COL", "productos": "4250,4251,4252,4253,4254,4255", "capa": "Pleiades_20260813_BuildingDamageAsessment_Zarzal"}}, {"type": "Feature", "geometry": {"type": "Point", "coordinates": [-76.07403208399995, 4.394563130000051]}, "properties": {"municipio": "Zarzal", "departamento": "Valle del Cauca", "dano": "Possible Damage", "dano_agrupado": "Damaged Buildings", "sensor": "Pleiades", "sensor_date": "20260813", "confianza": "Uncertain", "validacion_campo": "Not yet field validated", "event_code": "EQ20260822COL", "productos": "4250,4251,4252,4253,4254,4255", "capa": "Pleiades_20260813_BuildingDamageAsessment_Zarzal"}}, {"type": "Feature", "geometry": {"type": "Point", "coordinates": [-76.07367091599991, 4.393840687000079]}, "properties": {"municipio": "Zarzal", "departamento": "Valle del Cauca", "dano": "Possible Damage", "dano_agrupado": "Damaged Buildings", "sensor": "Pleiades", "sensor_date": "20260813", "confianza": "Uncertain", "validacion_campo": "Not yet field validated", "event_code": "EQ20260822COL", "productos": "4250,4251,4252,4253,4254,4255", "capa": "Pleiades_20260813_BuildingDamageAsessment_Zarzal"}}, {"type": "Feature", "geometry": {"type": "Point", "coordinates": [-76.07357556799991, 4.39318103100004]}, "properties": {"municipio": "Zarzal", "departamento": "Valle del Cauca", "dano": "Possible Damage", "dano_agrupado": "Damaged Buildings", "sensor": "Pleiades", "sensor_date": "20260813", "confianza": "Uncertain", "validacion_campo": "Not yet field validated", "event_code": "EQ20260822COL", "productos": "4250,4251,4252,4253,4254,4255", "capa": "Pleiades_20260813_BuildingDamageAsessment_Zarzal"}}, {"type": "Feature", "geometry": {"type": "Point", "coordinates": [-76.07367357399994, 4.393254590000083]}, "properties": {"municipio": "Zarzal", "departamento": "Valle del Cauca", "dano": "Possible Damage", "dano_agrupado": "Damaged Buildings", "sensor": "Pleiades", "sensor_date": "20260813", "confianza": "Uncertain", "validacion_campo": "Not yet field validated", "event_code": "EQ20260822COL", "productos": "4250,4251,4252,4253,4254,4255", "capa": "Pleiades_20260813_BuildingDamageAsessment_Zarzal"}}, {"type": "Feature", "geometry": {"type": "Point", "coordinates": [-76.07369812199994, 4.393305443000088]}, "properties": {"municipio": "Zarzal", "departamento": "Valle del Cauca", "dano": "Possible Damage", "dano_agrupado": "Damaged Buildings", "sensor": "Pleiades", "sensor_date": "20260813", "confianza": "Uncertain", "validacion_campo": "Not yet field validated", "event_code": "EQ20260822COL", "productos": "4250,4251,4252,4253,4254,4255", "capa": "Pleiades_20260813_BuildingDamageAsessment_Zarzal"}}, {"type": "Feature", "geometry": {"type": "Point", "coordinates": [-76.06952247999993, 4.389008752000052]}, "properties": {"municipio": "Zarzal", "departamento": "Valle del Cauca", "dano": "Damage", "dano_agrupado": "Damaged Buildings", "sensor": "Pleiades", "sensor_date": "20260813", "confianza": "Medium", "validacion_campo": "Not yet field validated", "event_code": "EQ20260822COL", "productos": "4250,4251,4252,4253,4254,4255", "capa": "Pleiades_20260813_BuildingDamageAsessment_Zarzal"}}, {"type": "Feature", "geometry": {"type": "Point", "coordinates": [-76.07226947499993, 4.388116192000041]}, "properties": {"municipio": "Zarzal", "departamento": "Valle del Cauca", "dano": "Possible Damage", "dano_agrupado": "Damaged Buildings", "sensor": "Pleiades", "sensor_date": "20260813", "confianza": "Uncertain", "validacion_campo": "Not yet field validated", "event_code": "EQ20260822COL", "productos": "4250,4251,4252,4253,4254,4255", "capa": "Pleiades_20260813_BuildingDamageAsessment_Zarzal"}}, {"type": "Feature", "geometry": {"type": "Point", "coordinates": [-76.0740590929999, 4.387728411000069]}, "properties": {"municipio": "Zarzal", "departamento": "Valle del Cauca", "dano": "Possible Damage", "dano_agrupado": "Damaged Buildings", "sensor": "Pleiades", "sensor_date": "20260813", "confianza": "Uncertain", "validacion_campo": "Not yet field validated", "event_code": "EQ20260822COL", "productos": "4250,4251,4252,4253,4254,4255", "capa": "Pleiades_20260813_BuildingDamageAsessment_Zarzal"}}, {"type": "Feature", "geometry": {"type": "Point", "coordinates": [-76.07229026099992, 4.387000971000077]}, "properties": {"municipio": "Zarzal", "departamento": "Valle del Cauca", "dano": "Possible Damage", "dano_agrupado": "Damaged Buildings", "sensor": "Pleiades", "sensor_date": "20260813", "confianza": "Uncertain", "validacion_campo": "Not yet field validated", "event_code": "EQ20260822COL", "productos": "4250,4251,4252,4253,4254,4255", "capa": "Pleiades_20260813_BuildingDamageAsessment_Zarzal"}}, {"type": "Feature", "geometry": {"type": "Point", "coordinates": [-76.07540586099992, 4.378883565000081]}, "properties": {"municipio": "Zarzal", "departamento": "Valle del Cauca", "dano": "Damage", "dano_agrupado": "Damaged Buildings", "sensor": "Pleiades", "sensor_date": "20260813", "confianza": "Medium", "validacion_campo": "Not yet field validated", "event_code": "EQ20260822COL", "productos": "4250,4251,4252,4253,4254,4255", "capa": "Pleiades_20260813_BuildingDamageAsessment_Zarzal"}}, {"type": "Feature", "geometry": {"type": "Point", "coordinates": [-76.06771459799995, 4.3909508000000415]}, "properties": {"municipio": "Zarzal", "departamento": "Valle del Cauca", "dano": "Possible Damage", "dano_agrupado": "Damaged Buildings", "sensor": "Pleiades", "sensor_date": "20260813", "confianza": "Uncertain", "validacion_campo": "Not yet field validated", "event_code": "EQ20260822COL", "productos": "4250,4251,4252,4253,4254,4255", "capa": "Pleiades_20260813_BuildingDamageAsessment_Zarzal"}}, {"type": "Feature", "geometry": {"type": "Point", "coordinates": [-76.06775412699994, 4.390996743000073]}, "properties": {"municipio": "Zarzal", "departamento": "Valle del Cauca", "dano": "Possible Damage", "dano_agrupado": "Damaged Buildings", "sensor": "Pleiades", "sensor_date": "20260813", "confianza": "Uncertain", "validacion_campo": "Not yet field validated", "event_code": "EQ20260822COL", "productos": "4250,4251,4252,4253,4254,4255", "capa": "Pleiades_20260813_BuildingDamageAsessment_Zarzal"}}, {"type": "Feature", "geometry": {"type": "Point", "coordinates": [-76.06778473799994, 4.391037589000064]}, "properties": {"municipio": "Zarzal", "departamento": "Valle del Cauca", "dano": "Possible Damage", "dano_agrupado": "Damaged Buildings", "sensor": "Pleiades", "sensor_date": "20260813", "confianza": "Uncertain", "validacion_campo": "Not yet field validated", "event_code": "EQ20260822COL", "productos": "4250,4251,4252,4253,4254,4255", "capa": "Pleiades_20260813_BuildingDamageAsessment_Zarzal"}}, {"type": "Feature", "geometry": {"type": "Point", "coordinates": [-76.0660268769999, 4.392059778000089]}, "properties": {"municipio": "Zarzal", "departamento": "Valle del Cauca", "dano": "Possible Damage", "dano_agrupado": "Damaged Buildings", "sensor": "Pleiades", "sensor_date": "20260813", "confianza": "Uncertain", "validacion_campo": "Not yet field validated", "event_code": "EQ20260822COL", "productos": "4250,4251,4252,4253,4254,4255", "capa": "Pleiades_20260813_BuildingDamageAsessment_Zarzal"}}, {"type": "Feature", "geometry": {"type": "Point", "coordinates": [-76.06357244299994, 4.399861201000078]}, "properties": {"municipio": "Zarzal", "departamento": "Valle del Cauca", "dano": "Possible Damage", "dano_agrupado": "Damaged Buildings", "sensor": "Pleiades", "sensor_date": "20260813", "confianza": "Uncertain", "validacion_campo": "Not yet field validated", "event_code": "EQ20260822COL", "productos": "4250,4251,4252,4253,4254,4255", "capa": "Pleiades_20260813_BuildingDamageAsessment_Zarzal"}}, {"type": "Feature", "geometry": {"type": "Point", "coordinates": [-76.06329888399995, 4.40026027600004]}, "properties": {"municipio": "Zarzal", "departamento": "Valle del Cauca", "dano": "Possible Damage", "dano_agrupado": "Damaged Buildings", "sensor": "Pleiades", "sensor_date": "20260813", "confianza": "Uncertain", "validacion_campo": "Not yet field validated", "event_code": "EQ20260822COL", "productos": "4250,4251,4252,4253,4254,4255", "capa": "Pleiades_20260813_BuildingDamageAsessment_Zarzal"}}, {"type": "Feature", "geometry": {"type": "Point", "coordinates": [-76.0595823139999, 4.3990108750000445]}, "properties": {"municipio": "Zarzal", "departamento": "Valle del Cauca", "dano": "Possible Damage", "dano_agrupado": "Damaged Buildings", "sensor": "Pleiades", "sensor_date": "20260813", "confianza": "Uncertain", "validacion_campo": "Not yet field validated", "event_code": "EQ20260822COL", "productos": "4250,4251,4252,4253,4254,4255", "capa": "Pleiades_20260813_BuildingDamageAsessment_Zarzal"}}, {"type": "Feature", "geometry": {"type": "Point", "coordinates": [-76.05446611399992, 4.388967518000072]}, "properties": {"municipio": "Zarzal", "departamento": "Valle del Cauca", "dano": "Damage", "dano_agrupado": "Damaged Buildings", "sensor": "Pleiades", "sensor_date": "20260813", "confianza": "Medium", "validacion_campo": "Not yet field validated", "event_code": "EQ20260822COL", "productos": "4250,4251,4252,4253,4254,4255", "capa": "Pleiades_20260813_BuildingDamageAsessment_Zarzal"}}, {"type": "Feature", "geometry": {"type": "Point", "coordinates": [-76.07303633099991, 4.400217310000073]}, "properties": {"municipio": "Zarzal", "departamento": "Valle del Cauca", "dano": "Damage", "dano_agrupado": "Damaged Buildings", "sensor": "Pleiades", "sensor_date": "20260813", "confianza": "Medium", "validacion_campo": "Not yet field validated", "event_code": "EQ20260822COL", "productos": "4250,4251,4252,4253,4254,4255", "capa": "Pleiades_20260813_BuildingDamageAsessment_Zarzal"}}, {"type": "Feature", "geometry": {"type": "Point", "coordinates": [-76.0728623469999, 4.399622114000067]}, "properties": {"municipio": "Zarzal", "departamento": "Valle del Cauca", "dano": "Possible Damage", "dano_agrupado": "Damaged Buildings", "sensor": "Pleiades", "sensor_date": "20260813", "confianza": "Uncertain", "validacion_campo": "Not yet field validated", "event_code": "EQ20260822COL", "productos": "4250,4251,4252,4253,4254,4255", "capa": "Pleiades_20260813_BuildingDamageAsessment_Zarzal"}}, {"type": "Feature", "geometry": {"type": "Point", "coordinates": [-76.07292233499993, 4.39973063900004]}, "properties": {"municipio": "Zarzal", "departamento": "Valle del Cauca", "dano": "Possible Damage", "dano_agrupado": "Damaged Buildings", "sensor": "Pleiades", "sensor_date": "20260813", "confianza": "Uncertain", "validacion_campo": "Not yet field validated", "event_code": "EQ20260822COL", "productos": "4250,4251,4252,4253,4254,4255", "capa": "Pleiades_20260813_BuildingDamageAsessment_Zarzal"}}, {"type": "Feature", "geometry": {"type": "Point", "coordinates": [-76.0729705839999, 4.39964240200004]}, "properties": {"municipio": "Zarzal", "departamento": "Valle del Cauca", "dano": "Possible Damage", "dano_agrupado": "Damaged Buildings", "sensor": "Pleiades", "sensor_date": "20260813", "confianza": "Uncertain", "validacion_campo": "Not yet field validated", "event_code": "EQ20260822COL", "productos": "4250,4251,4252,4253,4254,4255", "capa": "Pleiades_20260813_BuildingDamageAsessment_Zarzal"}}, {"type": "Feature", "geometry": {"type": "Point", "coordinates": [-76.07300083599995, 4.398543465000046]}, "properties": {"municipio": "Zarzal", "departamento": "Valle del Cauca", "dano": "Possible Damage", "dano_agrupado": "Damaged Buildings", "sensor": "Pleiades", "sensor_date": "20260813", "confianza": "Uncertain", "validacion_campo": "Not yet field validated", "event_code": "EQ20260822COL", "productos": "4250,4251,4252,4253,4254,4255", "capa": "Pleiades_20260813_BuildingDamageAsessment_Zarzal"}}, {"type": "Feature", "geometry": {"type": "Point", "coordinates": [-76.07482110899991, 4.395768050000072]}, "properties": {"municipio": "Zarzal", "departamento": "Valle del Cauca", "dano": "Possible Damage", "dano_agrupado": "Damaged Buildings", "sensor": "Pleiades", "sensor_date": "20260813", "confianza": "Uncertain", "validacion_campo": "Not yet field validated", "event_code": "EQ20260822COL", "productos": "4250,4251,4252,4253,4254,4255", "capa": "Pleiades_20260813_BuildingDamageAsessment_Zarzal"}}, {"type": "Feature", "geometry": {"type": "Point", "coordinates": [-76.07543245199992, 4.395971613000086]}, "properties": {"municipio": "Zarzal", "departamento": "Valle del Cauca", "dano": "Possible Damage", "dano_agrupado": "Damaged Buildings", "sensor": "Pleiades", "sensor_date": "20260813", "confianza": "Uncertain", "validacion_campo": "Not yet field validated", "event_code": "EQ20260822COL", "productos": "4250,4251,4252,4253,4254,4255", "capa": "Pleiades_20260813_BuildingDamageAsessment_Zarzal"}}, {"type": "Feature", "geometry": {"type": "Point", "coordinates": [-76.07513888299991, 4.394543476000081]}, "properties": {"municipio": "Zarzal", "departamento": "Valle del Cauca", "dano": "Possible Damage", "dano_agrupado": "Damaged Buildings", "sensor": "Pleiades", "sensor_date": "20260813", "confianza": "Uncertain", "validacion_campo": "Not yet field validated", "event_code": "EQ20260822COL", "productos": "4250,4251,4252,4253,4254,4255", "capa": "Pleiades_20260813_BuildingDamageAsessment_Zarzal"}}, {"type": "Feature", "geometry": {"type": "Point", "coordinates": [-76.09114410899991, 4.400123387000065]}, "properties": {"municipio": "Zarzal", "departamento": "Valle del Cauca", "dano": "Possible Damage", "dano_agrupado": "Damaged Buildings", "sensor": "Pleiades", "sensor_date": "20260813", "confianza": "Uncertain", "validacion_campo": "Not yet field validated", "event_code": "EQ20260822COL", "productos": "4250,4251,4252,4253,4254,4255", "capa": "Pleiades_20260813_BuildingDamageAsessment_Zarzal"}}]}